# Blender v2.82 (sub 7) OBJ File: ''
# www.blender.org
mtllib Diablo Hitbox.mtl
o Cube_Cube.065
v -0.756103 0.020919 0.734665
v -0.756103 0.047924 0.734665
v -0.756103 0.020919 -0.734665
v -0.756103 0.047924 -0.734665
v 0.756103 0.020919 0.734665
v 0.756103 0.047924 0.734665
v 0.756103 0.020919 -0.734665
v 0.756103 0.047924 -0.734665
vt 0.375000 0.000000
vt 0.625000 0.000000
vt 0.625000 0.250000
vt 0.375000 0.250000
vt 0.625000 0.500000
vt 0.375000 0.500000
vt 0.625000 0.750000
vt 0.375000 0.750000
vt 0.625000 1.000000
vt 0.375000 1.000000
vt 0.125000 0.500000
vt 0.125000 0.750000
vt 0.875000 0.500000
vt 0.875000 0.750000
vn -1.0000 0.0000 0.0000
vn 0.0000 0.0000 -1.0000
vn 1.0000 0.0000 0.0000
vn 0.0000 0.0000 1.0000
vn 0.0000 -1.0000 0.0000
vn 0.0000 1.0000 0.0000
usemtl None
s off
f 1/1/1 2/2/1 4/3/1 3/4/1
f 3/4/2 4/3/2 8/5/2 7/6/2
f 7/6/3 8/5/3 6/7/3 5/8/3
f 5/8/4 6/7/4 2/9/4 1/10/4
f 3/11/5 7/6/5 5/8/5 1/12/5
f 8/5/6 4/13/6 2/14/6 6/7/6
o Mesh_0014.rip_Mesh_0014.rip_mesh0000.028
v -0.221406 0.945940 -0.255937
v -0.205156 1.309534 -0.119844
v -0.111719 1.344065 -0.195000
v 0.247812 1.069846 0.065000
v 0.308750 0.945940 -0.067031
v 0.237656 1.287190 0.000000
v 0.205156 1.309534 -0.119844
v 0.221406 0.945940 -0.255937
v 0.111719 1.344065 -0.195000
v 0.249844 0.817971 0.227500
v 0.154375 0.856565 0.341250
v 0.154375 0.817971 0.396094
v 0.205156 1.134846 0.142188
v 0.247812 1.069846 0.065000
v 0.229531 1.142971 0.150313
v 0.249844 0.817971 0.227500
v 0.316875 0.817971 0.223438
v 0.211250 1.126721 0.166563
v -0.276250 0.817971 0.166563
v -0.205156 1.134846 0.142188
v -0.247812 1.069846 0.065000
v -0.168594 1.088128 0.302656
v -0.154375 1.080003 0.280313
v -0.101562 1.057659 0.385938
v -0.211250 1.126721 0.166563
v -0.229531 1.142971 0.150313
v -0.205156 1.134846 0.142188
v -0.107656 1.287190 0.260000
v -0.168594 1.088128 0.302656
v -0.101562 1.057659 0.385938
v -0.205156 1.134846 0.142188
v -0.229531 1.142971 0.150313
v -0.247812 1.069846 0.065000
v -0.046719 0.897190 0.333125
v -0.154375 0.923596 0.260000
v -0.154375 0.817971 0.306719
v 0.075156 1.010940 0.341250
v 0.077187 1.010940 0.353438
v 0.056875 0.968284 0.345313
v -0.615469 0.817971 -0.355469
v -0.686562 0.817971 0.182813
v -0.615469 0.817971 0.355469
v -0.075156 1.010940 0.341250
v -0.056875 0.968284 0.345313
v -0.077187 1.010940 0.353438
v 0.351406 0.817971 -0.065000
v 0.308750 0.945940 -0.067031
v 0.396094 0.945940 -0.065000
v -0.351406 0.817971 -0.065000
v -0.396094 0.945940 -0.065000
v -0.308750 0.945940 -0.067031
v 0.615469 0.817971 -0.355469
v 0.615469 0.817971 0.355469
v 0.686562 0.817971 0.182813
v 0.410312 0.982503 -0.091406
v 0.396094 0.945940 -0.065000
v 0.410312 0.982503 0.091406
v 0.396094 0.945940 0.065000
v 0.351406 0.817971 -0.065000
v 0.396094 0.945940 -0.065000
v 0.351406 0.817971 -0.091406
v 0.410312 0.982503 -0.091406
v 0.668281 0.982503 -0.056875
v 0.668281 0.982503 0.056875
v 0.708906 0.817971 -0.056875
v 0.708906 0.817971 0.056875
v 0.284375 0.945940 0.065000
v 0.396094 0.945940 0.065000
v 0.308750 0.945940 -0.067031
v 0.396094 0.945940 -0.065000
v 0.613437 0.982503 0.056875
v 0.613437 0.982503 0.091406
v 0.613437 0.817971 0.056875
v 0.613437 0.817971 0.091406
v 0.613437 0.982503 -0.056875
v 0.668281 0.982503 -0.056875
v 0.613437 0.817971 -0.056875
v 0.708906 0.817971 -0.056875
v 0.613437 0.982503 0.056875
v 0.613437 0.817971 0.056875
v 0.668281 0.982503 0.056875
v 0.708906 0.817971 0.056875
v 0.613437 0.982503 -0.056875
v 0.613437 0.817971 -0.056875
v 0.613437 0.982503 -0.091406
v 0.613437 0.817971 -0.091406
v 0.668281 0.982503 0.056875
v 0.668281 0.982503 -0.056875
v 0.613437 0.982503 0.056875
v 0.613437 0.982503 -0.056875
v 0.396094 0.945940 0.065000
v 0.284375 0.945940 0.065000
v 0.351406 0.817971 0.065000
v 0.310781 0.817971 0.065000
v 0.000000 0.017659 0.000000
v 0.000000 0.042034 -0.184844
v 0.130000 0.042034 -0.130000
v 0.136094 0.115159 -0.327031
v 0.000000 0.017659 0.000000
v 0.130000 0.042034 0.130000
v 0.000000 0.042034 0.184844
v 0.136094 0.115159 0.327031
v 0.000000 0.017659 0.000000
v 0.184844 0.042034 0.000000
v 0.130000 0.042034 0.130000
v 0.327031 0.115159 0.136094
v 0.000000 0.017659 0.000000
v 0.130000 0.042034 -0.130000
v 0.184844 0.042034 0.000000
v 0.327031 0.115159 -0.136094
v 0.251875 0.115159 -0.251875
v 0.438750 0.228909 -0.251875
v 0.327031 0.115159 -0.136094
v 0.489531 0.228909 -0.130000
v 0.136094 0.115159 0.327031
v 0.130000 0.228909 0.489531
v 0.000000 0.115159 0.357500
v 0.000000 0.228909 0.505781
v 0.251875 0.115159 0.251875
v 0.251875 0.228909 0.438750
v 0.136094 0.115159 0.327031
v 0.130000 0.228909 0.489531
v 0.327031 0.115159 -0.136094
v 0.489531 0.228909 -0.130000
v 0.357500 0.115159 0.000000
v 0.505781 0.228909 0.000000
v 0.182812 0.817971 -0.686562
v 0.184844 0.651409 -0.690625
v 0.000000 0.817971 -0.710938
v 0.000000 0.651409 -0.715000
v 0.710938 0.817971 0.000000
v 0.686562 0.817971 -0.182812
v 0.686562 0.817971 0.182813
v 0.615469 0.817971 -0.355469
v 0.355469 0.817971 -0.615469
v 0.357500 0.651409 -0.617500
v 0.182812 0.817971 -0.686562
v 0.184844 0.651409 -0.690625
v -0.136094 0.115159 -0.327031
v 0.000000 0.115159 -0.357500
v 0.000000 0.042034 -0.184844
v 0.136094 0.115159 -0.327031
v 0.327031 0.115159 -0.136094
v 0.130000 0.042034 -0.130000
v 0.251875 0.115159 -0.251875
v 0.136094 0.115159 -0.327031
v 0.327031 0.115159 0.136094
v 0.184844 0.042034 0.000000
v 0.357500 0.115159 0.000000
v 0.327031 0.115159 -0.136094
v 0.136094 0.115159 0.327031
v 0.130000 0.042034 0.130000
v 0.251875 0.115159 0.251875
v 0.327031 0.115159 0.136094
v -0.136094 0.115159 0.327031
v 0.000000 0.042034 0.184844
v 0.000000 0.115159 0.357500
v 0.136094 0.115159 0.327031
v 0.000000 0.017659 0.000000
v -0.130000 0.042034 -0.130000
v 0.000000 0.042034 -0.184844
v -0.136094 0.115159 -0.327031
v 0.000000 0.017659 0.000000
v 0.000000 0.042034 0.184844
v -0.130000 0.042034 0.130000
v -0.136094 0.115159 0.327031
v 0.000000 0.017659 0.000000
v -0.130000 0.042034 0.130000
v -0.184844 0.042034 0.000000
v -0.327031 0.115159 0.136094
v 0.000000 0.017659 0.000000
v -0.184844 0.042034 0.000000
v -0.130000 0.042034 -0.130000
v -0.327031 0.115159 -0.136094
v 0.000000 0.228909 0.505781
v -0.130000 0.228909 0.489531
v 0.000000 0.115159 0.357500
v -0.136094 0.115159 0.327031
v -0.505781 0.228909 0.000000
v -0.489531 0.228909 -0.130000
v -0.357500 0.115159 0.000000
v -0.327031 0.115159 -0.136094
v -0.690625 0.651409 -0.184844
v -0.686562 0.817971 -0.182812
v -0.617500 0.651409 -0.357500
v -0.615469 0.817971 -0.355469
v -0.617500 0.651409 -0.357500
v -0.615469 0.817971 -0.355469
v -0.503750 0.651409 -0.503750
v -0.501719 0.817971 -0.501719
v -0.503750 0.651409 -0.503750
v -0.501719 0.817971 -0.501719
v -0.357500 0.651409 -0.617500
v -0.355469 0.817971 -0.615469
v 0.000000 0.651409 0.715000
v 0.000000 0.817971 0.710938
v -0.184844 0.651409 0.690625
v -0.182812 0.817971 0.686562
v -0.184844 0.651409 0.690625
v -0.182812 0.817971 0.686562
v -0.357500 0.651409 0.617500
v -0.355469 0.817971 0.615469
v -0.357500 0.651409 0.617500
v -0.355469 0.817971 0.615469
v -0.503750 0.651409 0.503750
v -0.501719 0.817971 0.501719
v -0.503750 0.651409 0.503750
v -0.501719 0.817971 0.501719
v -0.617500 0.651409 0.357500
v -0.615469 0.817971 0.355469
v -0.617500 0.651409 0.357500
v -0.615469 0.817971 0.355469
v -0.690625 0.651409 0.184844
v -0.686562 0.817971 0.182813
v -0.690625 0.651409 0.184844
v -0.686562 0.817971 0.182813
v -0.715000 0.651409 0.000000
v -0.710938 0.817971 0.000000
v 0.351406 0.817971 0.091406
v 0.613437 0.817971 0.091406
v 0.410312 0.982503 0.091406
v 0.613437 0.982503 0.091406
v 0.351406 0.817971 -0.091406
v 0.410312 0.982503 -0.091406
v 0.613437 0.817971 -0.091406
v 0.613437 0.982503 -0.091406
v -0.355469 0.817971 -0.615469
v -0.355469 0.817971 0.615469
v -0.182812 0.817971 -0.686562
v -0.182812 0.817971 0.686562
v -0.355469 0.817971 0.615469
v -0.355469 0.817971 -0.615469
v -0.501719 0.817971 0.501719
v -0.501719 0.817971 -0.501719
v -0.501719 0.817971 0.501719
v -0.501719 0.817971 -0.501719
v -0.615469 0.817971 0.355469
v -0.615469 0.817971 -0.355469
v -0.710938 0.817971 0.000000
v -0.686562 0.817971 0.182813
v -0.686562 0.817971 -0.182812
v -0.615469 0.817971 -0.355469
v -0.327031 0.115159 -0.136094
v -0.251875 0.115159 -0.251875
v -0.130000 0.042034 -0.130000
v -0.136094 0.115159 -0.327031
v -0.327031 0.115159 0.136094
v -0.357500 0.115159 0.000000
v -0.184844 0.042034 0.000000
v -0.327031 0.115159 -0.136094
v -0.136094 0.115159 0.327031
v -0.251875 0.115159 0.251875
v -0.130000 0.042034 0.130000
v -0.327031 0.115159 0.136094
v 0.089375 1.075940 0.363594
v 0.077187 1.010940 0.353438
v 0.089375 1.075940 0.343281
v 0.075156 1.010940 0.341250
v 0.056875 1.010940 0.355469
v 0.056875 0.968284 0.345313
v 0.067031 1.010940 0.359531
v 0.077187 1.010940 0.353438
v -0.056875 1.010940 0.355469
v -0.056875 1.075940 0.365625
v -0.067031 1.010940 0.359531
v -0.075156 1.075940 0.373750
v -0.089375 1.075940 0.343281
v -0.054844 1.075940 0.347344
v -0.075156 1.010940 0.341250
v -0.056875 1.012971 0.343281
v -0.075156 1.010940 0.341250
v -0.077187 1.010940 0.353438
v -0.089375 1.075940 0.343281
v -0.089375 1.075940 0.363594
v -0.154375 1.098284 0.237656
v -0.154375 0.923596 0.260000
v -0.050781 1.055628 0.347344
v -0.046719 0.897190 0.333125
v -0.207187 1.275003 0.130000
v -0.237656 1.287190 0.000000
v -0.229531 1.142971 0.150313
v -0.247812 1.069846 0.065000
v -0.150312 1.407034 -0.085312
v -0.205156 1.309534 -0.119844
v -0.172656 1.405003 0.000000
v -0.237656 1.287190 0.000000
v -0.229531 1.142971 0.150313
v -0.211250 1.126721 0.166563
v -0.168594 1.088128 0.302656
v -0.154375 1.080003 0.280313
v -0.050781 1.055628 0.347344
v 0.000000 1.045471 0.375781
v -0.101562 1.057659 0.385938
v 0.000000 1.029221 0.465156
v -0.101562 1.057659 0.385938
v -0.154375 1.080003 0.280313
v -0.050781 1.055628 0.347344
v -0.154375 1.098284 0.237656
v 0.000000 1.045471 0.375781
v -0.050781 1.055628 0.347344
v 0.000000 0.931721 0.373750
v -0.046719 0.897190 0.333125
v 0.046719 0.897190 0.333125
v 0.000000 0.931721 0.373750
v 0.000000 0.907346 0.331094
v -0.046719 0.897190 0.333125
v 0.046719 0.897190 0.333125
v 0.000000 0.907346 0.331094
v 0.000000 0.885003 0.369688
v -0.046719 0.897190 0.333125
v -0.154375 0.856565 0.341250
v -0.154375 0.923596 0.260000
v -0.154375 1.080003 0.280313
v -0.154375 1.098284 0.237656
v -0.154375 0.923596 0.260000
v -0.154375 0.856565 0.341250
v -0.154375 0.817971 0.306719
v -0.154375 0.817971 0.396094
v -0.154375 1.080003 0.280313
v -0.249844 0.817971 0.227500
v -0.154375 0.856565 0.341250
v -0.154375 0.817971 0.396094
v -0.316875 0.817971 0.223438
v -0.249844 0.817971 0.227500
v -0.211250 1.126721 0.166563
v -0.154375 1.080003 0.280313
v -0.211250 1.126721 0.166563
v -0.205156 1.134846 0.142188
v -0.316875 0.817971 0.223438
v -0.276250 0.817971 0.166563
v 0.247812 0.817971 -0.298594
v 0.221406 0.945940 -0.255937
v 0.351406 0.817971 -0.065000
v 0.308750 0.945940 -0.067031
v 0.000000 0.817971 -0.385937
v 0.000000 0.945940 -0.347344
v 0.247812 0.817971 -0.298594
v 0.221406 0.945940 -0.255937
v 0.154375 1.098284 0.237656
v 0.050781 1.055628 0.347344
v 0.154375 0.923596 0.260000
v 0.046719 0.897190 0.333125
v 0.351406 0.817971 -0.065000
v 0.308750 0.945940 -0.067031
v 0.351406 0.817971 0.065000
v 0.247812 1.069846 0.065000
v 0.237656 1.287190 0.000000
v 0.308750 0.945940 -0.067031
v 0.205156 1.309534 -0.119844
v 0.221406 0.945940 -0.255937
v 0.000000 1.354221 -0.217344
v 0.111719 1.344065 -0.195000
v 0.000000 0.945940 -0.347344
v 0.221406 0.945940 -0.255937
v 0.207187 1.275003 0.130000
v 0.107656 1.287190 0.260000
v 0.229531 1.142971 0.150313
v 0.168594 1.088128 0.302656
v 0.247812 1.069846 0.065000
v 0.237656 1.287190 0.000000
v 0.229531 1.142971 0.150313
v 0.207187 1.275003 0.130000
v 0.000000 1.415159 -0.164531
v 0.000000 1.443596 0.000000
v 0.085313 1.407034 -0.150312
v 0.150312 1.407034 -0.085312
v 0.144219 1.407034 0.083281
v 0.000000 1.443596 0.000000
v 0.081250 1.407034 0.164531
v 0.000000 1.398909 0.201094
v 0.150312 1.407034 -0.085312
v 0.000000 1.443596 0.000000
v 0.172656 1.405003 0.000000
v 0.144219 1.407034 0.083281
v 0.050781 1.055628 0.347344
v 0.101562 1.057659 0.385938
v 0.000000 1.045471 0.375781
v 0.000000 1.029221 0.465156
v 0.046719 0.897190 0.333125
v 0.050781 1.055628 0.347344
v 0.000000 0.931721 0.373750
v 0.000000 1.045471 0.375781
v 0.154375 0.923596 0.260000
v 0.046719 0.897190 0.333125
v 0.154375 0.817971 0.306719
v 0.000000 0.817971 0.398125
v 0.154375 0.856565 0.341250
v 0.249844 0.817971 0.227500
v 0.154375 1.080003 0.280313
v 0.211250 1.126721 0.166563
v 0.211250 1.126721 0.166563
v 0.316875 0.817971 0.223438
v 0.205156 1.134846 0.142188
v 0.276250 0.817971 0.166563
v -0.613437 0.982503 -0.091406
v -0.613437 0.982503 -0.056875
v -0.410312 0.982503 -0.091406
v -0.613437 0.982503 0.056875
v 0.410312 0.982503 0.091406
v 0.396094 0.945940 0.065000
v 0.351406 0.817971 0.091406
v 0.351406 0.817971 0.065000
v -0.396094 0.945940 0.065000
v -0.351406 0.817971 0.065000
v -0.284375 0.945940 0.065000
v -0.310781 0.817971 0.065000
v -0.613437 0.982503 0.056875
v -0.668281 0.982503 0.056875
v -0.613437 0.817971 0.056875
v -0.708906 0.817971 0.056875
v -0.668281 0.982503 0.056875
v -0.613437 0.982503 0.056875
v -0.668281 0.982503 -0.056875
v -0.613437 0.982503 -0.056875
v -0.613437 0.982503 -0.056875
v -0.613437 0.982503 -0.091406
v -0.613437 0.817971 -0.056875
v -0.613437 0.817971 -0.091406
v -0.284375 0.945940 0.065000
v -0.308750 0.945940 -0.067031
v -0.396094 0.945940 0.065000
v -0.396094 0.945940 -0.065000
v -0.613437 0.982503 -0.056875
v -0.613437 0.817971 -0.056875
v -0.668281 0.982503 -0.056875
v -0.708906 0.817971 -0.056875
v -0.613437 0.982503 0.056875
v -0.613437 0.817971 0.056875
v -0.613437 0.982503 0.091406
v -0.613437 0.817971 0.091406
v -0.351406 0.817971 -0.091406
v -0.613437 0.817971 -0.091406
v -0.410312 0.982503 -0.091406
v -0.613437 0.982503 -0.091406
v -0.668281 0.982503 -0.056875
v -0.708906 0.817971 -0.056875
v -0.668281 0.982503 0.056875
v -0.708906 0.817971 0.056875
v -0.351406 0.817971 -0.065000
v -0.351406 0.817971 -0.091406
v -0.396094 0.945940 -0.065000
v -0.410312 0.982503 -0.091406
v -0.351406 0.817971 0.091406
v -0.410312 0.982503 0.091406
v -0.613437 0.817971 0.091406
v -0.613437 0.982503 0.091406
v -0.410312 0.982503 -0.091406
v -0.613437 0.982503 0.056875
v -0.410312 0.982503 0.091406
v -0.613437 0.982503 0.091406
v -0.410312 0.982503 -0.091406
v -0.410312 0.982503 0.091406
v -0.396094 0.945940 -0.065000
v -0.396094 0.945940 0.065000
v -0.715000 0.651409 0.000000
v -0.710938 0.817971 0.000000
v -0.690625 0.651409 -0.184844
v -0.686562 0.817971 -0.182812
v -0.182812 0.817971 -0.686562
v -0.182812 0.817971 0.686562
v 0.000000 0.817971 -0.710938
v 0.000000 0.817971 0.710938
v -0.410312 0.982503 0.091406
v -0.351406 0.817971 0.091406
v -0.396094 0.945940 0.065000
v -0.351406 0.817971 0.065000
v -0.505781 0.228909 0.000000
v -0.619531 0.377190 0.000000
v -0.489531 0.228909 -0.130000
v -0.599219 0.377190 -0.160469
v -0.692656 0.549846 0.000000
v -0.668281 0.549846 -0.178750
v -0.715000 0.651409 0.000000
v -0.690625 0.651409 -0.184844
v 0.438750 0.228909 -0.251875
v 0.251875 0.115159 -0.251875
v 0.357500 0.228909 -0.357500
v 0.251875 0.228909 -0.438750
v 0.136094 0.115159 -0.327031
v 0.130000 0.228909 -0.489531
v 0.000000 0.115159 -0.357500
v 0.000000 0.228909 -0.505781
v 0.251875 0.228909 0.438750
v 0.251875 0.115159 0.251875
v 0.357500 0.228909 0.357500
v 0.438750 0.228909 0.251875
v 0.327031 0.115159 0.136094
v 0.489531 0.228909 0.130000
v 0.357500 0.115159 0.000000
v 0.505781 0.228909 0.000000
v 0.000000 0.228909 0.505781
v 0.130000 0.228909 0.489531
v 0.000000 0.377190 0.619531
v 0.160469 0.377190 0.599219
v 0.251875 0.228909 0.438750
v 0.308750 0.377190 0.536250
v 0.357500 0.228909 0.357500
v 0.438750 0.377190 0.438750
v 0.438750 0.228909 0.251875
v 0.536250 0.377190 0.308750
v 0.489531 0.228909 0.130000
v 0.599219 0.377190 0.160469
v 0.505781 0.228909 0.000000
v 0.619531 0.377190 0.000000
v 0.489531 0.228909 -0.130000
v 0.599219 0.377190 -0.160469
v 0.438750 0.228909 -0.251875
v 0.536250 0.377190 -0.308750
v 0.357500 0.228909 -0.357500
v 0.438750 0.377190 -0.438750
v 0.251875 0.228909 -0.438750
v 0.308750 0.377190 -0.536250
v 0.130000 0.228909 -0.489531
v 0.160469 0.377190 -0.599219
v 0.000000 0.228909 -0.505781
v 0.000000 0.377190 -0.619531
v 0.000000 0.377190 0.619531
v 0.160469 0.377190 0.599219
v 0.000000 0.549846 0.692656
v 0.178750 0.549846 0.668281
v 0.308750 0.377190 0.536250
v 0.345312 0.549846 0.599219
v 0.438750 0.377190 0.438750
v 0.489531 0.549846 0.489531
v 0.536250 0.377190 0.308750
v 0.599219 0.549846 0.345312
v 0.599219 0.377190 0.160469
v 0.668281 0.549846 0.178750
v 0.619531 0.377190 0.000000
v 0.692656 0.549846 0.000000
v 0.599219 0.377190 -0.160469
v 0.668281 0.549846 -0.178750
v 0.536250 0.377190 -0.308750
v 0.599219 0.549846 -0.345313
v 0.438750 0.377190 -0.438750
v 0.489531 0.549846 -0.489531
v 0.308750 0.377190 -0.536250
v 0.345312 0.549846 -0.599219
v 0.160469 0.377190 -0.599219
v 0.178750 0.549846 -0.668281
v 0.000000 0.377190 -0.619531
v 0.000000 0.549847 -0.692656
v 0.000000 0.549846 0.692656
v 0.178750 0.549846 0.668281
v 0.000000 0.651409 0.715000
v 0.184844 0.651409 0.690625
v 0.345312 0.549846 0.599219
v 0.357500 0.651409 0.617500
v 0.489531 0.549846 0.489531
v 0.503750 0.651409 0.503750
v 0.599219 0.549846 0.345312
v 0.617500 0.651409 0.357500
v 0.668281 0.549846 0.178750
v 0.690625 0.651409 0.184844
v 0.692656 0.549846 0.000000
v 0.715000 0.651409 0.000000
v 0.668281 0.549846 -0.178750
v 0.690625 0.651409 -0.184844
v 0.599219 0.549846 -0.345313
v 0.617500 0.651409 -0.357500
v 0.489531 0.549846 -0.489531
v 0.503750 0.651409 -0.503750
v 0.345312 0.549846 -0.599219
v 0.357500 0.651409 -0.617500
v 0.178750 0.549846 -0.668281
v 0.184844 0.651409 -0.690625
v 0.000000 0.549847 -0.692656
v 0.000000 0.651409 -0.715000
v 0.355469 0.817971 -0.615469
v 0.501719 0.817971 -0.501719
v 0.357500 0.651409 -0.617500
v 0.503750 0.651409 -0.503750
v 0.615469 0.817971 -0.355469
v 0.617500 0.651409 -0.357500
v 0.686562 0.817971 -0.182812
v 0.690625 0.651409 -0.184844
v 0.710938 0.817971 0.000000
v 0.715000 0.651409 0.000000
v 0.686562 0.817971 0.182813
v 0.690625 0.651409 0.184844
v 0.615469 0.817971 0.355469
v 0.617500 0.651409 0.357500
v 0.501719 0.817971 0.501719
v 0.503750 0.651409 0.503750
v 0.355469 0.817971 0.615469
v 0.357500 0.651409 0.617500
v 0.182812 0.817971 0.686562
v 0.184844 0.651409 0.690625
v 0.000000 0.817971 0.710938
v 0.000000 0.651409 0.715000
v 0.000000 0.817971 0.710938
v 0.182812 0.817971 0.686562
v 0.000000 0.817971 -0.710938
v 0.182812 0.817971 -0.686562
v 0.355469 0.817971 0.615469
v 0.355469 0.817971 -0.615469
v 0.615469 0.817971 -0.355469
v 0.501719 0.817971 -0.501719
v 0.615469 0.817971 0.355469
v 0.501719 0.817971 0.501719
v 0.355469 0.817971 -0.615469
v 0.355469 0.817971 0.615469
v -0.489531 0.228909 -0.130000
v -0.438750 0.228909 -0.251875
v -0.327031 0.115159 -0.136094
v -0.251875 0.115159 -0.251875
v -0.357500 0.228909 -0.357500
v -0.251875 0.228909 -0.438750
v -0.438750 0.377190 -0.438750
v -0.308750 0.377190 -0.536250
v -0.489531 0.549846 -0.489531
v -0.345312 0.549846 -0.599219
v -0.503750 0.651409 -0.503750
v -0.357500 0.651409 -0.617500
v -0.251875 0.115159 -0.251875
v -0.251875 0.228909 -0.438750
v -0.136094 0.115159 -0.327031
v -0.130000 0.228909 -0.489531
v -0.308750 0.377190 -0.536250
v -0.160469 0.377190 -0.599219
v -0.345312 0.549846 -0.599219
v -0.178750 0.549846 -0.668281
v -0.357500 0.651409 -0.617500
v -0.184844 0.651409 -0.690625
v -0.136094 0.115159 -0.327031
v -0.130000 0.228909 -0.489531
v 0.000000 0.115159 -0.357500
v 0.000000 0.228909 -0.505781
v -0.160469 0.377190 -0.599219
v 0.000000 0.377190 -0.619531
v -0.178750 0.549846 -0.668281
v 0.000000 0.549847 -0.692656
v -0.184844 0.651409 -0.690625
v 0.000000 0.651409 -0.715000
v -0.130000 0.228909 0.489531
v -0.251875 0.228909 0.438750
v -0.136094 0.115159 0.327031
v -0.251875 0.115159 0.251875
v -0.357500 0.228909 0.357500
v -0.438750 0.228909 0.251875
v -0.438750 0.377190 0.438750
v -0.536250 0.377190 0.308750
v -0.489531 0.549846 0.489531
v -0.599219 0.549846 0.345312
v -0.503750 0.651409 0.503750
v -0.617500 0.651409 0.357500
v -0.251875 0.115159 0.251875
v -0.438750 0.228909 0.251875
v -0.327031 0.115159 0.136094
v -0.489531 0.228909 0.130000
v -0.536250 0.377190 0.308750
v -0.599219 0.377190 0.160469
v -0.599219 0.549846 0.345312
v -0.668281 0.549846 0.178750
v -0.617500 0.651409 0.357500
v -0.690625 0.651409 0.184844
v -0.327031 0.115159 0.136094
v -0.489531 0.228909 0.130000
v -0.357500 0.115159 0.000000
v -0.505781 0.228909 0.000000
v -0.599219 0.377190 0.160469
v -0.619531 0.377190 0.000000
v -0.668281 0.549846 0.178750
v -0.692656 0.549846 0.000000
v -0.690625 0.651409 0.184844
v -0.715000 0.651409 0.000000
v -0.489531 0.228909 -0.130000
v -0.599219 0.377190 -0.160469
v -0.438750 0.228909 -0.251875
v -0.536250 0.377190 -0.308750
v -0.668281 0.549846 -0.178750
v -0.599219 0.549846 -0.345313
v -0.690625 0.651409 -0.184844
v -0.617500 0.651409 -0.357500
v -0.438750 0.228909 -0.251875
v -0.536250 0.377190 -0.308750
v -0.357500 0.228909 -0.357500
v -0.438750 0.377190 -0.438750
v -0.599219 0.549846 -0.345313
v -0.489531 0.549846 -0.489531
v -0.617500 0.651409 -0.357500
v -0.503750 0.651409 -0.503750
v 0.000000 0.228909 0.505781
v 0.000000 0.377190 0.619531
v -0.130000 0.228909 0.489531
v -0.160469 0.377190 0.599219
v 0.000000 0.549846 0.692656
v -0.178750 0.549846 0.668281
v 0.000000 0.651409 0.715000
v -0.184844 0.651409 0.690625
v -0.130000 0.228909 0.489531
v -0.160469 0.377190 0.599219
v -0.251875 0.228909 0.438750
v -0.308750 0.377190 0.536250
v -0.178750 0.549846 0.668281
v -0.345312 0.549846 0.599219
v -0.184844 0.651409 0.690625
v -0.357500 0.651409 0.617500
v -0.251875 0.228909 0.438750
v -0.308750 0.377190 0.536250
v -0.357500 0.228909 0.357500
v -0.438750 0.377190 0.438750
v -0.345312 0.549846 0.599219
v -0.489531 0.549846 0.489531
v -0.357500 0.651409 0.617500
v -0.503750 0.651409 0.503750
v 0.613437 0.982503 0.091406
v 0.613437 0.982503 0.056875
v 0.410312 0.982503 0.091406
v 0.410312 0.982503 -0.091406
v 0.613437 0.982503 -0.056875
v 0.613437 0.982503 -0.091406
v 0.000000 0.651409 -0.715000
v -0.184844 0.651409 -0.690625
v 0.000000 0.817971 -0.710938
v -0.182812 0.817971 -0.686562
v -0.357500 0.651409 -0.617500
v -0.355469 0.817971 -0.615469
v 0.089375 1.075940 0.363594
v 0.075156 1.075940 0.373750
v 0.077187 1.010940 0.353438
v 0.067031 1.010940 0.359531
v 0.056875 1.075940 0.365625
v 0.056875 1.010940 0.355469
v 0.054844 1.075940 0.347344
v 0.056875 1.012971 0.343281
v 0.056875 1.010940 0.355469
v 0.056875 1.012971 0.343281
v 0.056875 0.968284 0.345313
v 0.075156 1.010940 0.341250
v 0.054844 1.075940 0.347344
v 0.089375 1.075940 0.343281
v -0.089375 1.075940 0.363594
v -0.077187 1.010940 0.353438
v -0.075156 1.075940 0.373750
v -0.067031 1.010940 0.359531
v -0.056875 0.968284 0.345313
v -0.056875 1.010940 0.355469
v -0.056875 1.075940 0.365625
v -0.056875 1.010940 0.355469
v -0.054844 1.075940 0.347344
v -0.056875 1.012971 0.343281
v -0.056875 0.968284 0.345313
v -0.075156 1.010940 0.341250
v 0.000000 0.817971 -0.385937
v -0.247812 0.817971 -0.298594
v 0.000000 0.945940 -0.347344
v -0.221406 0.945940 -0.255937
v -0.351406 0.817971 -0.065000
v -0.308750 0.945940 -0.067031
v -0.351406 0.817971 0.065000
v -0.247812 1.069846 0.065000
v -0.296562 0.817971 0.095469
v -0.276250 0.817971 0.166563
v -0.221406 0.945940 -0.255937
v -0.308750 0.945940 -0.067031
v -0.205156 1.309534 -0.119844
v -0.237656 1.287190 0.000000
v -0.247812 1.069846 0.065000
v -0.221406 0.945940 -0.255937
v -0.111719 1.344065 -0.195000
v 0.000000 0.945940 -0.347344
v 0.000000 1.354221 -0.217344
v -0.085313 1.407034 -0.150312
v 0.000000 1.415159 -0.164531
v 0.000000 1.029221 0.465156
v 0.000000 1.293284 0.318906
v -0.101562 1.057659 0.385938
v -0.107656 1.287190 0.260000
v 0.000000 1.398909 0.201094
v -0.081250 1.407034 0.164531
v 0.000000 1.443596 0.000000
v -0.144219 1.407034 0.083281
v -0.168594 1.088128 0.302656
v -0.107656 1.287190 0.260000
v -0.229531 1.142971 0.150313
v -0.207187 1.275003 0.130000
v -0.081250 1.407034 0.164531
v -0.144219 1.407034 0.083281
v -0.205156 1.309534 -0.119844
v -0.150312 1.407034 -0.085312
v -0.111719 1.344065 -0.195000
v -0.085313 1.407034 -0.150312
v 0.000000 1.443596 0.000000
v 0.000000 1.415159 -0.164531
v -0.207187 1.275003 0.130000
v -0.144219 1.407034 0.083281
v -0.237656 1.287190 0.000000
v -0.172656 1.405003 0.000000
v 0.000000 1.443596 0.000000
v -0.150312 1.407034 -0.085312
v -0.154375 0.817971 0.306719
v 0.000000 0.817971 0.398125
v -0.046719 0.897190 0.333125
v 0.000000 0.885003 0.369688
v 0.046719 0.897190 0.333125
v 0.000000 1.029221 0.465156
v 0.101562 1.057659 0.385938
v 0.000000 1.293284 0.318906
v 0.107656 1.287190 0.260000
v 0.168594 1.088128 0.302656
v 0.000000 1.293284 0.318906
v 0.107656 1.287190 0.260000
v 0.000000 1.398909 0.201094
v 0.081250 1.407034 0.164531
v 0.207187 1.275003 0.130000
v 0.144219 1.407034 0.083281
v 0.237656 1.287190 0.000000
v 0.172656 1.405003 0.000000
v 0.205156 1.309534 -0.119844
v 0.150312 1.407034 -0.085312
v 0.111719 1.344065 -0.195000
v 0.085313 1.407034 -0.150312
v 0.000000 1.354221 -0.217344
v 0.000000 1.415159 -0.164531
v 0.154375 1.080003 0.280313
v 0.211250 1.126721 0.166563
v 0.168594 1.088128 0.302656
v 0.229531 1.142971 0.150313
v 0.205156 1.134846 0.142188
v 0.154375 1.098284 0.237656
v 0.154375 1.080003 0.280313
v 0.050781 1.055628 0.347344
v 0.101562 1.057659 0.385938
v 0.168594 1.088128 0.302656
v 0.154375 1.098284 0.237656
v 0.154375 0.923596 0.260000
v 0.154375 1.080003 0.280313
v 0.154375 0.856565 0.341250
v 0.154375 0.817971 0.306719
v 0.154375 0.817971 0.396094
v 0.351406 0.817971 0.065000
v 0.247812 1.069846 0.065000
v 0.296562 0.817971 0.095469
v 0.276250 0.817971 0.166563
v 0.205156 1.134846 0.142188
v 0.638059 0.849149 -0.091406
v 0.696966 0.855242 -0.091406
v 0.662434 0.910086 -0.091406
v 0.705091 0.914149 0.091406
v 0.597434 0.877586 0.091406
v 0.619778 0.903992 0.091406
v 0.918372 1.050242 0.182813
v 0.928528 1.092899 0.253906
v 0.977278 1.068524 0.000000
v 1.050403 1.655555 -0.450937
v 1.076810 1.533680 -0.430625
v 1.019935 1.533680 -0.505781
v 1.076809 1.533680 0.432656
v 1.050403 1.411805 0.450938
v 1.123528 1.438211 0.357500
v 1.019934 1.044149 0.130000
v 0.948841 1.007586 0.182813
v 0.871653 0.942586 0.182813
v 0.918372 2.017117 -0.182812
v 0.910247 1.986649 -0.260000
v 0.928528 1.974461 -0.253906
v 1.034153 1.533680 0.400156
v 1.074778 1.444305 0.329063
v 1.005716 1.413836 0.416406
v 1.019934 1.279774 0.438750
v 0.989466 1.157899 0.373750
v 1.019934 1.174149 0.357500
v 0.761966 0.924305 0.000000
v 0.761966 0.932430 0.091406
v 0.841184 0.995399 0.182813
v 1.101184 1.387430 0.253906
v 0.979309 1.302117 0.400156
v 1.074778 1.444305 0.329063
v 1.005716 1.413836 0.416406
v 0.979310 1.765242 -0.400156
v 0.952903 1.878992 -0.345312
v 0.869622 1.809930 -0.477344
v 0.891966 1.913524 -0.377812
v 0.891966 1.913524 -0.377812
v 0.952903 1.878992 -0.345312
v 0.910247 1.986649 -0.260000
v 0.928528 1.974461 -0.253906
v 0.977278 1.068524 0.000000
v 0.928528 1.092899 0.253906
v 1.121497 1.336649 0.148281
v 0.952903 1.188367 0.345313
v 0.871653 0.932430 -0.160469
v 0.871653 0.912117 0.000000
v 0.759934 0.879617 -0.091406
v 0.759934 0.869461 0.000000
v 0.963059 1.056336 0.274219
v 0.948841 1.007586 0.182813
v 1.019934 1.094930 0.251875
v 1.019934 1.044149 0.130000
v 0.759934 0.869461 0.000000
v 0.871653 0.912117 0.000000
v 0.759934 0.879617 0.091406
v 0.871653 0.942586 0.182813
v 1.133684 1.279774 0.251875
v 1.149934 1.375242 0.274219
v 1.133684 1.354930 0.308750
v 1.123528 1.438211 0.357500
v 1.133684 1.222899 0.178750
v 1.166184 1.334617 0.197031
v 1.133684 1.279774 0.251875
v 1.149934 1.375242 0.274219
v 1.133684 1.186336 0.091406
v 1.180403 1.306180 0.093438
v 1.133684 1.222899 0.178750
v 1.166184 1.334617 0.197031
v 1.133684 1.174149 0.000000
v 1.184466 1.298055 0.000000
v 1.133684 1.186336 0.091406
v 1.180403 1.306180 0.093438
v 1.019935 1.533680 -0.505781
v 1.076810 1.533680 -0.430625
v 1.019935 1.401649 -0.489531
v 1.123528 1.438211 -0.357500
v 0.963059 1.056336 0.274219
v 1.019934 1.094930 0.251875
v 0.989466 1.157899 0.373750
v 1.019934 1.174149 0.357500
v 1.019934 1.279774 0.438750
v 1.133684 1.354930 0.308750
v 1.050403 1.411805 0.450938
v 1.123528 1.438211 0.357500
v 1.019935 1.787586 -0.438750
v 0.900091 1.834305 -0.517969
v 0.989466 1.909461 -0.373750
v 0.924466 1.943992 -0.410312
v 0.597434 0.877586 0.182812
v 0.597434 0.877586 0.091406
v 0.619778 0.855242 0.182812
v 0.619778 0.851180 0.091406
v 0.705091 0.914149 0.091406
v 0.696966 0.855242 0.091406
v 0.597434 0.877586 0.091406
v 0.619778 0.851180 0.091406
v 0.676653 0.983211 -0.316875
v 0.692903 0.932430 -0.345312
v 0.664466 0.922274 -0.182812
v 0.676653 0.863367 -0.182813
v 0.703059 1.088836 -0.444844
v 0.719310 1.050242 -0.483437
v 0.676653 0.983211 -0.316875
v 0.692903 0.932430 -0.345312
v 0.733528 1.224930 -0.536250
v 0.751810 1.198524 -0.578906
v 0.703059 1.088836 -0.444844
v 0.719310 1.050242 -0.483437
v 1.121497 1.336649 0.148281
v 0.952903 1.188367 0.345313
v 1.101184 1.387430 0.253906
v 0.979309 1.302117 0.400156
v 0.839153 1.681961 -0.550469
v 1.005716 1.653524 -0.416406
v 0.869622 1.809930 -0.477344
v 0.979310 1.765242 -0.400156
v 0.761966 0.932430 0.091406
v 0.759934 0.879617 0.091406
v 0.705091 0.914149 0.091406
v 0.696966 0.855242 0.091406
v 0.761966 0.932430 -0.091406
v 0.759934 0.879617 -0.091406
v 0.761966 0.924305 0.000000
v 0.759934 0.869461 0.000000
v 0.761966 0.932430 0.091406
v 0.761966 0.924305 0.000000
v 0.759934 0.879617 0.091406
v 0.759934 0.869461 0.000000
v 0.638059 0.849149 -0.091406
v 0.662434 0.910086 -0.091406
v 0.597434 0.877586 -0.091406
v 0.619778 0.903992 -0.091406
v 0.662434 0.910086 -0.091406
v 0.696966 0.855242 -0.091406
v 0.761966 0.932430 -0.091406
v 0.759934 0.879617 -0.091406
v 1.166184 1.336649 -0.197031
v 1.127591 1.326492 -0.103594
v 1.180403 1.306180 -0.093437
v 1.133684 1.314305 0.000000
v 1.149934 1.375242 -0.274219
v 1.109309 1.367117 -0.219375
v 1.166184 1.336649 -0.197031
v 1.127591 1.326492 -0.103594
v 1.109309 1.367117 -0.219375
v 1.149934 1.375242 -0.274219
v 1.072747 1.448367 -0.331094
v 1.123528 1.438211 -0.357500
v 0.804622 1.533680 -0.587031
v 0.839153 1.681961 -0.550469
v 0.828997 1.533680 -0.637812
v 0.867591 1.694149 -0.601250
v 0.869622 1.809930 -0.477344
v 0.900091 1.834305 -0.517969
v 0.839153 1.681961 -0.550469
v 0.867591 1.694149 -0.601250
v 0.928528 1.092899 0.253906
v 0.918372 1.050242 0.182813
v 0.963059 1.056336 0.274219
v 0.948841 1.007586 0.182813
v 0.928528 1.092899 0.253906
v 0.963059 1.056336 0.274219
v 0.952903 1.188367 0.345313
v 0.989466 1.157899 0.373750
v 0.952903 1.188367 0.345313
v 0.989466 1.157899 0.373750
v 0.979309 1.302117 0.400156
v 1.019934 1.279774 0.438750
v 0.979309 1.302117 0.400156
v 1.019934 1.279774 0.438750
v 1.005716 1.413836 0.416406
v 1.050403 1.411805 0.450938
v 1.005716 1.413836 0.416406
v 1.050403 1.411805 0.450938
v 1.034153 1.533680 0.400156
v 1.076809 1.533680 0.432656
v 1.034153 1.533680 0.400156
v 1.076809 1.533680 0.432656
v 1.074778 1.444305 0.329063
v 1.123528 1.438211 0.357500
v 0.891966 1.913524 -0.377812
v 0.924466 1.943992 -0.410312
v 0.869622 1.809930 -0.477344
v 0.900091 1.834305 -0.517969
v 0.910247 1.986649 -0.260000
v 0.942747 2.025242 -0.282344
v 0.891966 1.913524 -0.377812
v 0.924466 1.943992 -0.410312
v 0.928528 1.974461 -0.253906
v 0.963060 2.011024 -0.274219
v 0.918372 2.017117 -0.182812
v 0.948841 2.059774 -0.182812
v 0.910247 1.986649 -0.260000
v 0.918372 2.017117 -0.182812
v 0.942747 2.025242 -0.282344
v 0.948841 2.059774 -0.182812
v 0.619778 0.910086 0.182812
v 0.619778 0.903992 0.091406
v 0.597434 0.877586 0.182812
v 0.597434 0.877586 0.091406
v 0.662434 0.910086 -0.091406
v 0.761966 0.932430 -0.091406
v 0.664466 0.922274 -0.182812
v 0.969153 1.094930 -0.176719
v 0.841184 0.995399 0.182813
v 0.761966 0.932430 0.091406
v 0.705091 0.934461 0.182812
v 0.705091 0.914149 0.091406
v 0.761966 0.924305 0.000000
v 0.841184 0.995399 0.182813
v 0.977278 1.068524 0.000000
v 0.918372 1.050242 0.182813
v 0.969153 1.094930 -0.176719
v 0.761966 0.932430 -0.091406
v 0.977278 1.068524 0.000000
v 0.761966 0.924305 0.000000
v 0.934622 1.226961 -0.398125
v 0.676653 0.983211 -0.316875
v 0.969153 1.094930 -0.176719
v 0.664466 0.922274 -0.182812
v 0.934622 1.468680 -0.497656
v 0.768060 1.377274 -0.585000
v 0.934622 1.226961 -0.398125
v 0.733528 1.224930 -0.536250
v 0.733528 1.224930 -0.536250
v 0.703059 1.088836 -0.444844
v 0.934622 1.226961 -0.398125
v 0.676653 0.983211 -0.316875
v 0.768060 1.377274 -0.585000
v 0.788372 1.363055 -0.631719
v 0.733528 1.224930 -0.536250
v 0.751810 1.198524 -0.578906
v 0.804622 1.533680 -0.587031
v 0.828997 1.533680 -0.637812
v 0.768060 1.377274 -0.585000
v 0.788372 1.363055 -0.631719
v 0.705091 0.934461 0.182812
v 0.705091 0.914149 0.091406
v 0.619778 0.910086 0.182812
v 0.619778 0.903992 0.091406
v 1.019934 1.279774 0.438750
v 1.019934 1.174149 0.357500
v 1.133684 1.354930 0.308750
v 1.133684 1.279774 0.251875
v 1.019934 1.094930 0.251875
v 1.133684 1.222899 0.178750
v 1.019934 1.044149 0.130000
v 1.133684 1.186336 0.091406
v 1.019934 1.025867 0.000000
v 1.133684 1.174149 0.000000
v 1.019934 1.044149 -0.130000
v 1.133684 1.186336 -0.091406
v 1.019934 1.094930 -0.251875
v 1.133684 1.222899 -0.178750
v 1.019935 1.174149 -0.357500
v 1.133684 1.279774 -0.251875
v 1.019935 1.279774 -0.438750
v 1.133685 1.354930 -0.308750
v 0.597434 0.877586 -0.091406
v 0.619778 0.903992 -0.091406
v 0.597434 0.877586 -0.182813
v 0.619778 0.908055 -0.182813
v 0.662434 0.910086 -0.091406
v 0.664466 0.922274 -0.182812
v 0.934622 1.226961 -0.398125
v 0.969153 1.094930 -0.176719
v 1.109309 1.367117 -0.219375
v 1.127591 1.326492 -0.103594
v 0.977278 1.068524 0.000000
v 1.133684 1.314305 0.000000
v 1.121497 1.336649 0.148281
v 1.109309 1.367117 -0.219375
v 1.072747 1.448367 -0.331094
v 0.934622 1.226961 -0.398125
v 0.934622 1.468680 -0.497656
v 1.034153 1.533680 -0.400156
v 1.005716 1.653524 -0.416406
v 0.871653 0.942586 0.182813
v 0.696966 0.867430 0.182812
v 0.759934 0.879617 0.091406
v 0.696966 0.855242 0.091406
v 0.619778 0.855242 0.182812
v 0.619778 0.851180 0.091406
v 0.871653 0.995399 -0.308750
v 0.871653 0.932430 -0.160469
v 0.692903 0.932430 -0.345312
v 0.676653 0.863367 -0.182813
v 0.759934 0.879617 -0.091406
v 0.696966 0.855242 -0.091406
v 0.692903 0.932430 -0.345312
v 0.719310 1.050242 -0.483437
v 0.871653 0.995399 -0.308750
v 0.871653 1.094930 -0.438750
v 0.751810 1.198524 -0.578906
v 0.871653 1.222899 -0.536250
v 0.788372 1.363055 -0.631719
v 0.871653 1.373211 -0.599219
v 0.828997 1.533680 -0.637812
v 0.871653 1.533680 -0.619531
v 0.867591 1.694149 -0.601250
v 1.019935 1.665711 -0.489531
v 0.900091 1.834305 -0.517969
v 1.019935 1.787586 -0.438750
v 0.871653 0.942586 0.182813
v 0.871653 0.912117 0.000000
v 1.019934 1.044149 0.130000
v 1.019934 1.025867 0.000000
v 0.871653 0.932430 -0.160469
v 1.019934 1.044149 -0.130000
v 0.871653 0.995399 -0.308750
v 1.019934 1.094930 -0.251875
v 0.871653 1.094930 -0.438750
v 1.019935 1.174149 -0.357500
v 0.871653 1.222899 -0.536250
v 1.019935 1.279774 -0.438750
v 0.871653 1.373211 -0.599219
v 1.019935 1.401649 -0.489531
v 0.871653 1.533680 -0.619531
v 1.019935 1.533680 -0.505781
v 1.019935 1.665711 -0.489531
v 1.050403 1.655555 -0.450937
v 1.019935 1.787586 -0.438750
v 0.768060 1.377274 -0.585000
v 0.934622 1.468680 -0.497656
v 0.804622 1.533680 -0.587031
v 0.839153 1.681961 -0.550469
v 1.005716 1.653524 -0.416406
v 0.696966 0.855242 -0.091406
v 0.638059 0.849149 -0.091406
v 0.676653 0.863367 -0.182813
v 0.638059 0.853211 -0.182813
v 0.597434 0.877586 -0.091406
v 0.597434 0.877586 -0.182813
v 1.133684 1.174149 0.000000
v 1.133684 1.186336 -0.091406
v 1.184466 1.298055 0.000000
v 1.180403 1.306180 -0.093437
v 1.133684 1.222899 -0.178750
v 1.166184 1.336649 -0.197031
v 1.133684 1.279774 -0.251875
v 1.149934 1.375242 -0.274219
v 1.133685 1.354930 -0.308750
v 1.123528 1.438211 -0.357500
v 1.019935 1.279774 -0.438750
v 1.019935 1.401649 -0.489531
v 0.924466 1.943992 -0.410312
v 0.942747 2.025242 -0.282344
v 0.989466 1.909461 -0.373750
v 0.963060 2.011024 -0.274219
v 0.948841 2.059774 -0.182812
v 0.619778 0.910086 0.182812
v 0.597434 0.877586 0.182812
v 0.705091 0.934461 0.182812
v 0.696966 0.867430 0.182812
v 0.619778 0.855242 0.182812
v 0.696966 0.867430 0.182812
v 0.871653 0.942586 0.182813
v 0.705091 0.934461 0.182812
v 0.841184 0.995399 0.182813
v 0.948841 1.007586 0.182813
v 0.918372 1.050242 0.182813
v 0.619778 0.908055 -0.182813
v 0.664466 0.922274 -0.182812
v 0.597434 0.877586 -0.182813
v 0.638059 0.853211 -0.182813
v 0.676653 0.863367 -0.182813
v 1.123528 1.438211 0.357500
v 1.149934 1.375242 0.274219
v 1.074778 1.444305 0.329063
v 1.101184 1.387430 0.253906
v 1.166184 1.334617 0.197031
v 1.121497 1.336649 0.148281
v 1.180403 1.306180 0.093438
v 1.133684 1.314305 0.000000
v 1.184466 1.298055 0.000000
v 1.180403 1.306180 -0.093437
v 1.123528 1.438211 -0.357500
v 1.076810 1.533680 -0.430625
v 1.072747 1.448367 -0.331094
v 1.034153 1.533680 -0.400156
v 1.050403 1.655555 -0.450937
v 1.005716 1.653524 -0.416406
v 1.019935 1.787586 -0.438750
v 0.979310 1.765242 -0.400156
v 0.989466 1.909461 -0.373750
v 0.952903 1.878992 -0.345312
v 0.963060 2.011024 -0.274219
v 0.928528 1.974461 -0.253906
v -0.638059 0.849149 0.091406
v -0.696966 0.855242 0.091406
v -0.662434 0.910086 0.091406
v -0.705091 0.914149 -0.091406
v -0.597434 0.877586 -0.091406
v -0.619778 0.903992 -0.091406
v -0.918372 1.050242 -0.182812
v -0.928528 1.092899 -0.253906
v -0.977278 1.068524 0.000000
v -1.050403 1.655555 0.450938
v -1.076809 1.533680 0.432656
v -1.019934 1.533680 0.505781
v -1.076810 1.533680 -0.430625
v -1.050403 1.411805 -0.450937
v -1.123528 1.438211 -0.357500
v -1.019934 1.044149 -0.130000
v -0.948841 1.007586 -0.182812
v -0.871653 0.942586 -0.182812
v -0.918372 2.017117 0.182813
v -0.910247 1.986649 0.260000
v -0.928528 1.974461 0.253906
v -1.034153 1.533680 -0.400156
v -1.074778 1.444305 -0.329062
v -1.005716 1.413836 -0.416406
v -1.019935 1.279774 -0.438750
v -0.989466 1.157899 -0.373750
v -1.019935 1.174149 -0.357500
v -0.761966 0.924305 0.000000
v -0.761966 0.932430 -0.091406
v -0.841184 0.995399 -0.182812
v -1.101184 1.387430 -0.253906
v -0.979310 1.302117 -0.400156
v -1.074778 1.444305 -0.329062
v -1.005716 1.413836 -0.416406
v -0.979309 1.765242 0.400156
v -0.952903 1.878992 0.345313
v -0.869622 1.809930 0.477344
v -0.891966 1.913523 0.377813
v -0.891966 1.913523 0.377813
v -0.952903 1.878992 0.345313
v -0.910247 1.986649 0.260000
v -0.928528 1.974461 0.253906
v -0.977278 1.068524 0.000000
v -0.928528 1.092899 -0.253906
v -1.121497 1.336648 -0.148281
v -0.952903 1.188367 -0.345312
v -0.871653 0.932430 0.160469
v -0.871653 0.912117 0.000000
v -0.759934 0.879617 0.091406
v -0.759934 0.869461 0.000000
v -0.963059 1.056336 -0.274219
v -0.948841 1.007586 -0.182812
v -1.019934 1.094930 -0.251875
v -1.019934 1.044149 -0.130000
v -0.759934 0.869461 0.000000
v -0.871653 0.912117 0.000000
v -0.759934 0.879617 -0.091406
v -0.871653 0.942586 -0.182812
v -1.133684 1.279774 -0.251875
v -1.149934 1.375242 -0.274219
v -1.133685 1.354930 -0.308750
v -1.123528 1.438211 -0.357500
v -1.133684 1.222899 -0.178750
v -1.166184 1.334617 -0.197031
v -1.133684 1.279774 -0.251875
v -1.149934 1.375242 -0.274219
v -1.133684 1.186336 -0.091406
v -1.180403 1.306180 -0.093437
v -1.133684 1.222899 -0.178750
v -1.166184 1.334617 -0.197031
v -1.133684 1.174149 0.000000
v -1.184466 1.298055 0.000000
v -1.133684 1.186336 -0.091406
v -1.180403 1.306180 -0.093437
v -1.019934 1.533680 0.505781
v -1.076809 1.533680 0.432656
v -1.019934 1.401649 0.489531
v -1.123528 1.438211 0.357500
v -0.963059 1.056336 -0.274219
v -1.019934 1.094930 -0.251875
v -0.989466 1.157899 -0.373750
v -1.019935 1.174149 -0.357500
v -1.019935 1.279774 -0.438750
v -1.133685 1.354930 -0.308750
v -1.050403 1.411805 -0.450937
v -1.123528 1.438211 -0.357500
v -1.019934 1.787586 0.438750
v -0.900091 1.834305 0.517969
v -0.989466 1.909461 0.373750
v -0.924466 1.943992 0.410313
v -0.597434 0.877586 -0.182813
v -0.597434 0.877586 -0.091406
v -0.619778 0.855242 -0.182813
v -0.619778 0.851180 -0.091406
v -0.705091 0.914149 -0.091406
v -0.696966 0.855242 -0.091406
v -0.597434 0.877586 -0.091406
v -0.619778 0.851180 -0.091406
v -0.676653 0.983211 0.316875
v -0.692903 0.932430 0.345312
v -0.664466 0.922274 0.182812
v -0.676653 0.863367 0.182812
v -0.703059 1.088836 0.444844
v -0.719309 1.050242 0.483437
v -0.676653 0.983211 0.316875
v -0.692903 0.932430 0.345312
v -0.733528 1.224930 0.536250
v -0.751809 1.198524 0.578906
v -0.703059 1.088836 0.444844
v -0.719309 1.050242 0.483437
v -1.121497 1.336648 -0.148281
v -0.952903 1.188367 -0.345312
v -1.101184 1.387430 -0.253906
v -0.979310 1.302117 -0.400156
v -0.839153 1.681961 0.550469
v -1.005716 1.653524 0.416406
v -0.869622 1.809930 0.477344
v -0.979309 1.765242 0.400156
v -0.761966 0.932430 -0.091406
v -0.759934 0.879617 -0.091406
v -0.705091 0.914149 -0.091406
v -0.696966 0.855242 -0.091406
v -0.761966 0.932430 0.091406
v -0.759934 0.879617 0.091406
v -0.761966 0.924305 0.000000
v -0.759934 0.869461 0.000000
v -0.761966 0.932430 -0.091406
v -0.761966 0.924305 0.000000
v -0.759934 0.879617 -0.091406
v -0.759934 0.869461 0.000000
v -0.638059 0.849149 0.091406
v -0.662434 0.910086 0.091406
v -0.597434 0.877586 0.091406
v -0.619778 0.903992 0.091406
v -0.662434 0.910086 0.091406
v -0.696966 0.855242 0.091406
v -0.761966 0.932430 0.091406
v -0.759934 0.879617 0.091406
v -1.166184 1.336649 0.197031
v -1.127591 1.326492 0.103594
v -1.180403 1.306180 0.093438
v -1.133684 1.314305 0.000000
v -1.149934 1.375242 0.274219
v -1.109309 1.367117 0.219375
v -1.166184 1.336649 0.197031
v -1.127591 1.326492 0.103594
v -1.109309 1.367117 0.219375
v -1.149934 1.375242 0.274219
v -1.072747 1.448367 0.331094
v -1.123528 1.438211 0.357500
v -0.804622 1.533680 0.587031
v -0.839153 1.681961 0.550469
v -0.828997 1.533680 0.637813
v -0.867591 1.694149 0.601250
v -0.869622 1.809930 0.477344
v -0.900091 1.834305 0.517969
v -0.839153 1.681961 0.550469
v -0.867591 1.694149 0.601250
v -0.928528 1.092899 -0.253906
v -0.918372 1.050242 -0.182812
v -0.963059 1.056336 -0.274219
v -0.948841 1.007586 -0.182812
v -0.928528 1.092899 -0.253906
v -0.963059 1.056336 -0.274219
v -0.952903 1.188367 -0.345312
v -0.989466 1.157899 -0.373750
v -0.952903 1.188367 -0.345312
v -0.989466 1.157899 -0.373750
v -0.979310 1.302117 -0.400156
v -1.019935 1.279774 -0.438750
v -0.979310 1.302117 -0.400156
v -1.019935 1.279774 -0.438750
v -1.005716 1.413836 -0.416406
v -1.050403 1.411805 -0.450937
v -1.005716 1.413836 -0.416406
v -1.050403 1.411805 -0.450937
v -1.034153 1.533680 -0.400156
v -1.076810 1.533680 -0.430625
v -1.034153 1.533680 -0.400156
v -1.076810 1.533680 -0.430625
v -1.074778 1.444305 -0.329062
v -1.123528 1.438211 -0.357500
v -0.891966 1.913523 0.377813
v -0.924466 1.943992 0.410313
v -0.869622 1.809930 0.477344
v -0.900091 1.834305 0.517969
v -0.910247 1.986649 0.260000
v -0.942747 2.025242 0.282344
v -0.891966 1.913523 0.377813
v -0.924466 1.943992 0.410313
v -0.928528 1.974461 0.253906
v -0.963059 2.011024 0.274219
v -0.918372 2.017117 0.182813
v -0.948841 2.059774 0.182813
v -0.910247 1.986649 0.260000
v -0.918372 2.017117 0.182813
v -0.942747 2.025242 0.282344
v -0.948841 2.059774 0.182813
v -0.619778 0.910086 -0.182813
v -0.619778 0.903992 -0.091406
v -0.597434 0.877586 -0.182813
v -0.597434 0.877586 -0.091406
v -0.662434 0.910086 0.091406
v -0.761966 0.932430 0.091406
v -0.664466 0.922274 0.182812
v -0.969153 1.094930 0.176719
v -0.841184 0.995399 -0.182812
v -0.761966 0.932430 -0.091406
v -0.705091 0.934461 -0.182812
v -0.705091 0.914149 -0.091406
v -0.761966 0.924305 0.000000
v -0.841184 0.995399 -0.182812
v -0.977278 1.068524 0.000000
v -0.918372 1.050242 -0.182812
v -0.969153 1.094930 0.176719
v -0.761966 0.932430 0.091406
v -0.977278 1.068524 0.000000
v -0.761966 0.924305 0.000000
v -0.934622 1.226961 0.398125
v -0.676653 0.983211 0.316875
v -0.969153 1.094930 0.176719
v -0.664466 0.922274 0.182812
v -0.934622 1.468680 0.497656
v -0.768059 1.377274 0.585000
v -0.934622 1.226961 0.398125
v -0.733528 1.224930 0.536250
v -0.733528 1.224930 0.536250
v -0.703059 1.088836 0.444844
v -0.934622 1.226961 0.398125
v -0.676653 0.983211 0.316875
v -0.768059 1.377274 0.585000
v -0.788372 1.363055 0.631719
v -0.733528 1.224930 0.536250
v -0.751809 1.198524 0.578906
v -0.804622 1.533680 0.587031
v -0.828997 1.533680 0.637813
v -0.768059 1.377274 0.585000
v -0.788372 1.363055 0.631719
v -0.705091 0.934461 -0.182812
v -0.705091 0.914149 -0.091406
v -0.619778 0.910086 -0.182813
v -0.619778 0.903992 -0.091406
v -1.019935 1.279774 -0.438750
v -1.019935 1.174149 -0.357500
v -1.133685 1.354930 -0.308750
v -1.133684 1.279774 -0.251875
v -1.019934 1.094930 -0.251875
v -1.133684 1.222899 -0.178750
v -1.019934 1.044149 -0.130000
v -1.133684 1.186336 -0.091406
v -1.019934 1.025867 0.000000
v -1.133684 1.174149 0.000000
v -1.019934 1.044149 0.130000
v -1.133684 1.186336 0.091406
v -1.019934 1.094930 0.251875
v -1.133684 1.222899 0.178750
v -1.019934 1.174149 0.357500
v -1.133684 1.279774 0.251875
v -1.019934 1.279774 0.438750
v -1.133684 1.354930 0.308750
v -0.597434 0.877586 0.091406
v -0.619778 0.903992 0.091406
v -0.597434 0.877586 0.182812
v -0.619778 0.908055 0.182812
v -0.662434 0.910086 0.091406
v -0.664466 0.922274 0.182812
v -0.934622 1.226961 0.398125
v -0.969153 1.094930 0.176719
v -1.109309 1.367117 0.219375
v -1.127591 1.326492 0.103594
v -0.977278 1.068524 0.000000
v -1.133684 1.314305 0.000000
v -1.121497 1.336648 -0.148281
v -1.109309 1.367117 0.219375
v -1.072747 1.448367 0.331094
v -0.934622 1.226961 0.398125
v -0.934622 1.468680 0.497656
v -1.034153 1.533680 0.400156
v -1.005716 1.653524 0.416406
v -0.871653 0.942586 -0.182812
v -0.696966 0.867430 -0.182812
v -0.759934 0.879617 -0.091406
v -0.696966 0.855242 -0.091406
v -0.619778 0.855242 -0.182813
v -0.619778 0.851180 -0.091406
v -0.871653 0.995399 0.308750
v -0.871653 0.932430 0.160469
v -0.692903 0.932430 0.345312
v -0.676653 0.863367 0.182812
v -0.759934 0.879617 0.091406
v -0.696966 0.855242 0.091406
v -0.692903 0.932430 0.345312
v -0.719309 1.050242 0.483437
v -0.871653 0.995399 0.308750
v -0.871653 1.094930 0.438750
v -0.751809 1.198524 0.578906
v -0.871653 1.222899 0.536250
v -0.788372 1.363055 0.631719
v -0.871653 1.373211 0.599219
v -0.828997 1.533680 0.637813
v -0.871653 1.533680 0.619531
v -0.867591 1.694149 0.601250
v -1.019934 1.665711 0.489531
v -0.900091 1.834305 0.517969
v -1.019934 1.787586 0.438750
v -0.871653 0.942586 -0.182812
v -0.871653 0.912117 0.000000
v -1.019934 1.044149 -0.130000
v -1.019934 1.025867 0.000000
v -0.871653 0.932430 0.160469
v -1.019934 1.044149 0.130000
v -0.871653 0.995399 0.308750
v -1.019934 1.094930 0.251875
v -0.871653 1.094930 0.438750
v -1.019934 1.174149 0.357500
v -0.871653 1.222899 0.536250
v -1.019934 1.279774 0.438750
v -0.871653 1.373211 0.599219
v -1.019934 1.401649 0.489531
v -0.871653 1.533680 0.619531
v -1.019934 1.533680 0.505781
v -1.019934 1.665711 0.489531
v -1.050403 1.655555 0.450938
v -1.019934 1.787586 0.438750
v -0.768059 1.377274 0.585000
v -0.934622 1.468680 0.497656
v -0.804622 1.533680 0.587031
v -0.839153 1.681961 0.550469
v -1.005716 1.653524 0.416406
v -0.696966 0.855242 0.091406
v -0.638059 0.849149 0.091406
v -0.676653 0.863367 0.182812
v -0.638059 0.853211 0.182812
v -0.597434 0.877586 0.091406
v -0.597434 0.877586 0.182812
v -1.133684 1.174149 0.000000
v -1.133684 1.186336 0.091406
v -1.184466 1.298055 0.000000
v -1.180403 1.306180 0.093438
v -1.133684 1.222899 0.178750
v -1.166184 1.336649 0.197031
v -1.133684 1.279774 0.251875
v -1.149934 1.375242 0.274219
v -1.133684 1.354930 0.308750
v -1.123528 1.438211 0.357500
v -1.019934 1.279774 0.438750
v -1.019934 1.401649 0.489531
v -0.924466 1.943992 0.410313
v -0.942747 2.025242 0.282344
v -0.989466 1.909461 0.373750
v -0.963059 2.011024 0.274219
v -0.948841 2.059774 0.182813
v -0.619778 0.910086 -0.182813
v -0.597434 0.877586 -0.182813
v -0.705091 0.934461 -0.182812
v -0.696966 0.867430 -0.182812
v -0.619778 0.855242 -0.182813
v -0.696966 0.867430 -0.182812
v -0.871653 0.942586 -0.182812
v -0.705091 0.934461 -0.182812
v -0.841184 0.995399 -0.182812
v -0.948841 1.007586 -0.182812
v -0.918372 1.050242 -0.182812
v -0.619778 0.908055 0.182812
v -0.664466 0.922274 0.182812
v -0.597434 0.877586 0.182812
v -0.638059 0.853211 0.182812
v -0.676653 0.863367 0.182812
v -1.123528 1.438211 -0.357500
v -1.149934 1.375242 -0.274219
v -1.074778 1.444305 -0.329062
v -1.101184 1.387430 -0.253906
v -1.166184 1.334617 -0.197031
v -1.121497 1.336648 -0.148281
v -1.180403 1.306180 -0.093437
v -1.133684 1.314305 0.000000
v -1.184466 1.298055 0.000000
v -1.180403 1.306180 0.093438
v -1.123528 1.438211 0.357500
v -1.076809 1.533680 0.432656
v -1.072747 1.448367 0.331094
v -1.034153 1.533680 0.400156
v -1.050403 1.655555 0.450938
v -1.005716 1.653524 0.416406
v -1.019934 1.787586 0.438750
v -0.979309 1.765242 0.400156
v -0.989466 1.909461 0.373750
v -0.952903 1.878992 0.345313
v -0.963059 2.011024 0.274219
v -0.928528 1.974461 0.253906
v 0.416406 1.421653 0.022981
v 0.424531 1.413036 0.000000
v 0.450937 1.458997 0.000000
v 0.424531 1.413036 0.000000
v 0.416406 1.421653 -0.022981
v 0.450937 1.458997 0.000000
v -0.241719 1.176044 -0.070379
v -0.286406 1.186098 -0.066070
v -0.235625 1.259350 -0.070379
v -0.270156 1.265095 -0.073252
v 0.390000 1.450380 0.000000
v 0.450937 1.458997 0.000000
v 0.398125 1.440325 -0.021545
v 0.416406 1.421653 -0.022981
v -0.235625 1.259350 -0.070379
v -0.270156 1.265095 -0.073252
v -0.237656 1.301003 0.000000
v -0.262031 1.303876 0.000000
v -0.329062 1.316803 -0.053143
v -0.312812 1.344093 0.000000
v -0.359531 1.387182 -0.040217
v -0.345312 1.404418 0.000000
v -0.398125 1.440325 -0.021545
v -0.390000 1.450380 0.000000
v 0.390000 1.450380 0.000000
v 0.345312 1.404418 0.000000
v 0.398125 1.440325 0.021545
v 0.359531 1.387182 0.040217
v 0.312812 1.344093 0.000000
v 0.329062 1.318239 0.060325
v 0.262031 1.303876 0.000000
v 0.270156 1.265095 0.073252
v 0.237656 1.301003 0.000000
v 0.231562 1.259350 0.070379
v 0.390000 1.450380 0.000000
v 0.398125 1.440325 0.021545
v 0.450937 1.458997 0.000000
v 0.416406 1.421653 0.022981
v 0.359531 1.387182 0.040217
v 0.387969 1.354147 0.038780
v 0.329062 1.318239 0.060325
v 0.363594 1.265095 0.058889
v 0.270156 1.265095 0.073252
v 0.286406 1.184662 0.073252
v 0.231562 1.259350 0.070379
v 0.239687 1.176044 0.070379
v 0.416406 1.421653 0.022981
v 0.387969 1.354147 0.038780
v 0.424531 1.413036 0.000000
v 0.402187 1.338347 0.000000
v 0.363594 1.265095 0.058889
v 0.379844 1.237806 0.000000
v 0.286406 1.184662 0.073252
v 0.294531 1.145882 0.000000
v 0.239687 1.176044 0.070379
v 0.247812 1.134391 0.000000
v 0.294531 1.145882 0.000000
v 0.286406 1.186098 -0.066070
v 0.379844 1.237806 0.000000
v 0.363594 1.266532 -0.057452
v 0.270156 1.265095 -0.073252
v 0.329062 1.316803 -0.053143
v 0.262031 1.303876 0.000000
v 0.312812 1.344093 0.000000
v 0.379844 1.237806 0.000000
v 0.363594 1.266532 -0.057452
v 0.402187 1.338347 0.000000
v 0.387969 1.354147 -0.038780
v 0.329062 1.316803 -0.053143
v 0.359531 1.387182 -0.040217
v 0.312812 1.344093 0.000000
v 0.345312 1.404418 0.000000
v 0.402187 1.338347 0.000000
v 0.387969 1.354147 -0.038780
v 0.424531 1.413036 0.000000
v 0.416406 1.421653 -0.022981
v 0.359531 1.387182 -0.040217
v 0.398125 1.440325 -0.021545
v 0.345312 1.404418 0.000000
v 0.390000 1.450380 0.000000
v 0.247812 1.134391 0.000000
v 0.241719 1.176044 -0.070379
v 0.294531 1.145882 0.000000
v 0.286406 1.186098 -0.066070
v 0.235625 1.259350 -0.070379
v 0.270156 1.265095 -0.073252
v 0.237656 1.301003 0.000000
v 0.262031 1.303876 0.000000
v -0.247812 1.134391 0.000000
v -0.239687 1.176044 0.070379
v -0.294531 1.145882 0.000000
v -0.286406 1.184662 0.073252
v -0.231562 1.259350 0.070379
v -0.270156 1.265095 0.073252
v -0.237656 1.301003 0.000000
v -0.262031 1.303876 0.000000
v -0.247812 1.134391 0.000000
v -0.294531 1.145882 0.000000
v -0.241719 1.176044 -0.070379
v -0.286406 1.186098 -0.066070
v -0.379844 1.237806 0.000000
v -0.363594 1.266532 -0.057452
v -0.402187 1.338347 0.000000
v -0.387969 1.354147 -0.038780
v -0.424531 1.413036 0.000000
v -0.416406 1.421653 -0.022981
v -0.450937 1.458997 0.000000
v -0.286406 1.186098 -0.066070
v -0.363594 1.266532 -0.057452
v -0.270156 1.265095 -0.073252
v -0.329062 1.316803 -0.053143
v -0.387969 1.354147 -0.038780
v -0.359531 1.387182 -0.040217
v -0.416406 1.421653 -0.022981
v -0.398125 1.440325 -0.021545
v -0.450937 1.458997 0.000000
v -0.390000 1.450380 0.000000
v -0.294531 1.145882 0.000000
v -0.286406 1.184662 0.073252
v -0.379844 1.237806 0.000000
v -0.363594 1.265095 0.058889
v -0.270156 1.265095 0.073252
v -0.329062 1.318239 0.060325
v -0.262031 1.303876 0.000000
v -0.312812 1.344093 0.000000
v -0.379844 1.237806 0.000000
v -0.363594 1.265095 0.058889
v -0.402187 1.338347 0.000000
v -0.387969 1.354147 0.038780
v -0.329062 1.318239 0.060325
v -0.359531 1.387182 0.040217
v -0.312812 1.344093 0.000000
v -0.345312 1.404418 0.000000
v -0.402187 1.338347 0.000000
v -0.387969 1.354147 0.038780
v -0.424531 1.413036 0.000000
v -0.416406 1.421653 0.022981
v -0.359531 1.387182 0.040217
v -0.398125 1.440325 0.021545
v -0.345312 1.404418 0.000000
v -0.390000 1.450380 0.000000
v -0.390000 1.450380 0.000000
v -0.450937 1.458997 0.000000
v -0.398125 1.440325 0.021545
v -0.416406 1.421653 0.022981
v -0.424531 1.413036 0.000000
v 1.404096 0.920431 0.767440
v 1.395772 0.940743 0.769670
v 1.430769 0.914337 0.944678
v 0.353735 1.078868 0.482345
v 0.399671 1.158087 0.520593
v 0.454641 1.164181 0.453820
v 1.404096 0.920431 0.767440
v 1.421760 0.820900 0.761220
v 1.336818 0.920431 0.599595
v 1.350964 0.820900 0.591344
v 1.365921 0.818868 0.797000
v 1.300143 0.818868 0.801242
v 1.347241 0.920431 0.804979
v 1.268134 0.940743 0.803871
v 1.381349 0.818868 1.009965
v 1.315572 0.818868 1.014207
v 1.365921 0.818868 0.797000
v 1.300143 0.818868 0.801242
v 1.347241 0.920431 0.804979
v 1.372553 0.891993 1.004887
v 1.365921 0.818868 0.797000
v 1.381349 0.818868 1.009965
v 1.281736 1.064650 0.804687
v 1.295405 1.064650 1.016636
v 1.347241 0.920431 0.804979
v 1.372553 0.891993 1.004887
v 1.185980 1.188556 0.808040
v 1.200393 1.188556 1.022764
v 1.281736 1.064650 0.804687
v 1.295405 1.064650 1.016636
v 1.283563 0.940743 1.016836
v 1.268134 0.940743 0.803871
v 1.315572 0.818868 1.014207
v 1.300143 0.818868 0.801242
v 1.222319 1.064650 1.021350
v 1.207906 1.064650 0.806626
v 1.283563 0.940743 1.016836
v 1.268134 0.940743 0.803871
v 1.131841 1.188556 1.027750
v 1.118444 1.188556 0.811267
v 1.222319 1.064650 1.021350
v 1.207906 1.064650 0.806626
v 1.062415 0.818868 0.380186
v 1.028900 1.030118 0.438237
v 0.905237 0.818868 0.315239
v 0.882475 1.062618 0.391226
v 0.905237 0.818868 0.315239
v 0.882475 1.062618 0.391226
v 0.735526 0.818868 0.292312
v 0.735089 1.086993 0.390570
v 0.735526 0.818868 0.292312
v 0.735089 1.086993 0.390570
v 0.565125 0.820900 0.311206
v 0.596352 1.111368 0.427745
v 0.565125 0.820900 0.311206
v 0.596352 1.111368 0.427745
v 0.410138 0.820900 0.376526
v 0.475133 1.131681 0.491452
v 0.304606 0.904181 0.482126
v 0.475133 1.131681 0.491452
v 0.364416 1.062618 0.516657
v 0.410153 1.139806 0.543064
v 1.370629 0.818868 1.097595
v 1.358315 0.887931 1.090486
v 1.381349 0.818868 1.009965
v 1.372553 0.891993 1.004887
v 1.028900 1.030118 0.438237
v 1.062415 0.818868 0.380186
v 1.162320 0.989493 0.519958
v 1.197250 0.818868 0.483833
v 1.162320 0.989493 0.519958
v 1.197250 0.818868 0.483833
v 1.270895 0.952931 0.636590
v 1.301961 0.818868 0.619344
v 1.270895 0.952931 0.636590
v 1.301961 0.818868 0.619344
v 1.347241 0.920431 0.804979
v 1.365921 0.818868 0.797000
v 1.347241 0.920431 0.804979
v 1.365921 0.818868 0.797000
v 1.372553 0.891993 1.004887
v 1.381349 0.818868 1.009965
v 0.575806 1.093087 0.345518
v 0.735035 1.121525 0.345975
v 0.735380 1.093087 0.325065
v 0.897039 1.091056 0.345689
v 0.427384 1.093087 0.407592
v 0.585199 1.145900 0.386123
v 0.575806 1.093087 0.345518
v 0.735035 1.121525 0.345975
v 1.225343 0.920431 0.455488
v 1.238745 0.820900 0.444462
v 1.081712 0.920431 0.346763
v 1.090853 0.820900 0.330931
v 1.281736 1.064650 0.804687
v 1.207906 1.064650 0.806626
v 1.185980 1.188556 0.808040
v 1.118444 1.188556 0.811267
v 1.347241 0.920431 0.804979
v 1.268134 0.940743 0.803871
v 1.281736 1.064650 0.804687
v 1.207906 1.064650 0.806626
v 0.905237 0.818868 0.315239
v 0.918586 0.820900 0.259618
v 1.062415 0.818868 0.380186
v 1.090853 0.820900 0.330931
v 0.735526 0.818868 0.292312
v 0.735274 0.820900 0.235875
v 0.905237 0.818868 0.315239
v 0.918586 0.820900 0.259618
v 0.565125 0.820900 0.311206
v 0.552758 0.820900 0.259501
v 0.735526 0.818868 0.292312
v 0.735274 0.820900 0.235875
v 0.410138 0.820900 0.376526
v 0.382882 0.820900 0.330298
v 0.565125 0.820900 0.311206
v 0.552758 0.820900 0.259501
v 0.288774 0.818868 0.472985
v 0.286218 0.818868 0.424600
v 0.410138 0.820900 0.376526
v 0.382882 0.820900 0.330298
v 0.304606 0.904181 0.482126
v 0.299275 0.906212 0.434484
v 0.288774 0.818868 0.472985
v 0.286218 0.818868 0.424600
v 1.028900 1.030118 0.438237
v 1.055306 1.052462 0.392500
v 0.882475 1.062618 0.391226
v 0.897039 1.091056 0.345689
v 0.364416 1.062618 0.516657
v 0.353735 1.078868 0.482345
v 0.304606 0.904181 0.482126
v 0.299275 0.906212 0.434484
v 0.735089 1.086993 0.390570
v 0.882475 1.062618 0.391226
v 0.735035 1.121525 0.345975
v 0.897039 1.091056 0.345689
v 0.735089 1.086993 0.390570
v 0.735035 1.121525 0.345975
v 0.596352 1.111368 0.427745
v 0.585199 1.145900 0.386123
v 0.596352 1.111368 0.427745
v 0.585199 1.145900 0.386123
v 0.475133 1.131681 0.491452
v 0.454641 1.164181 0.453820
v 0.410153 1.139806 0.543064
v 0.399671 1.158087 0.520593
v 0.364416 1.062618 0.516657
v 0.353735 1.078868 0.482345
v 0.410153 1.139806 0.543064
v 0.475133 1.131681 0.491452
v 0.399671 1.158087 0.520593
v 0.454641 1.164181 0.453820
v 1.062415 0.818868 0.380186
v 1.090853 0.820900 0.330931
v 1.197250 0.818868 0.483833
v 1.238745 0.820900 0.444462
v 1.197250 0.818868 0.483833
v 1.238745 0.820900 0.444462
v 1.301961 0.818868 0.619344
v 1.350964 0.820900 0.591344
v 1.358315 0.887931 1.090486
v 1.411088 0.898087 1.120954
v 1.372553 0.891993 1.004887
v 1.430769 0.914337 0.944678
v 1.358315 0.887931 1.090486
v 1.370629 0.818868 1.097595
v 1.411088 0.898087 1.120954
v 1.423402 0.820900 1.128064
v 1.162320 0.989493 0.519958
v 1.198266 1.011837 0.482074
v 1.028900 1.030118 0.438237
v 1.055306 1.052462 0.392500
v 1.270895 0.952931 0.636590
v 1.316107 0.973243 0.611092
v 1.162320 0.989493 0.519958
v 1.198266 1.011837 0.482074
v 1.347241 0.920431 0.804979
v 1.395772 0.940743 0.769670
v 1.270895 0.952931 0.636590
v 1.316107 0.973243 0.611092
v 1.372553 0.891993 1.004887
v 1.430769 0.914337 0.944678
v 1.347241 0.920431 0.804979
v 1.395772 0.940743 0.769670
v 0.288774 0.818868 0.472985
v 0.410138 0.820900 0.376526
v 0.304606 0.904181 0.482126
v 0.475133 1.131681 0.491452
v 1.336818 0.920431 0.599595
v 1.350964 0.820900 0.591344
v 1.225343 0.920431 0.455488
v 1.238745 0.820900 0.444462
v 1.185980 1.188556 0.808040
v 1.118444 1.188556 0.811267
v 1.200393 1.188556 1.022764
v 1.131841 1.188556 1.027750
v 1.090853 0.820900 0.330931
v 0.918586 0.820900 0.259618
v 1.081712 0.920431 0.346763
v 0.915738 0.920431 0.276738
v 0.735274 0.820900 0.235875
v 0.735201 0.920431 0.252251
v 0.552758 0.820900 0.259501
v 0.556203 0.920431 0.277909
v 0.382882 0.820900 0.330298
v 0.391133 0.920431 0.344444
v 0.585199 1.145900 0.386123
v 0.427384 1.093087 0.407592
v 0.454641 1.164181 0.453820
v 0.353735 1.078868 0.482345
v 0.391133 0.920431 0.344444
v 0.299275 0.906212 0.434484
v 0.382882 0.820900 0.330298
v 0.286218 0.818868 0.424600
v 1.404096 0.920431 0.767440
v 1.336818 0.920431 0.599595
v 1.395772 0.940743 0.769670
v 1.316107 0.973243 0.611092
v 1.225343 0.920431 0.455488
v 1.198266 1.011837 0.482074
v 1.081712 0.920431 0.346763
v 1.055306 1.052462 0.392500
v 0.915738 0.920431 0.276738
v 0.897039 1.091056 0.345689
v 0.735201 0.920431 0.252251
v 0.735380 1.093087 0.325065
v 0.556203 0.920431 0.277909
v 0.575806 1.093087 0.345518
v 0.391133 0.920431 0.344444
v 0.427384 1.093087 0.407592
v 1.423402 0.820900 1.128064
v 1.447146 0.820900 0.944751
v 1.411088 0.898087 1.120954
v 1.430769 0.914337 0.944678
v 1.421760 0.820900 0.761220
v 1.404096 0.920431 0.767440
v 1.350964 0.820900 0.591344
v 1.421760 0.820900 0.761220
v 1.301961 0.818868 0.619344
v 1.365921 0.818868 0.797000
v 1.447146 0.820900 0.944751
v 1.381349 0.818868 1.009965
v 1.423402 0.820900 1.128064
v 1.370629 0.818868 1.097595
v 1.131841 1.188556 1.027750
v 1.222319 1.064650 1.021350
v 1.200393 1.188556 1.022764
v 1.295405 1.064650 1.016636
v 1.283563 0.940743 1.016836
v 1.372553 0.891993 1.004887
v 1.315572 0.818868 1.014207
v 1.381349 0.818868 1.009965
v -1.404096 0.920431 -0.767440
v -1.395772 0.940743 -0.769670
v -1.430769 0.914337 -0.944678
v -0.353735 1.078868 -0.482345
v -0.399671 1.158087 -0.520594
v -0.454641 1.164181 -0.453820
v -1.404096 0.920431 -0.767440
v -1.421760 0.820900 -0.761220
v -1.336818 0.920431 -0.599595
v -1.350964 0.820900 -0.591344
v -1.365921 0.818868 -0.797000
v -1.300143 0.818868 -0.801242
v -1.347241 0.920431 -0.804979
v -1.268134 0.940743 -0.803871
v -1.381349 0.818868 -1.009965
v -1.315572 0.818868 -1.014207
v -1.365921 0.818868 -0.797000
v -1.300143 0.818868 -0.801242
v -1.347241 0.920431 -0.804979
v -1.372553 0.891993 -1.004887
v -1.365921 0.818868 -0.797000
v -1.381349 0.818868 -1.009965
v -1.281736 1.064650 -0.804687
v -1.295405 1.064650 -1.016637
v -1.347241 0.920431 -0.804979
v -1.372553 0.891993 -1.004887
v -1.185980 1.188556 -0.808040
v -1.200393 1.188556 -1.022764
v -1.281736 1.064650 -0.804687
v -1.295405 1.064650 -1.016637
v -1.283563 0.940743 -1.016836
v -1.268134 0.940743 -0.803871
v -1.315572 0.818868 -1.014207
v -1.300143 0.818868 -0.801242
v -1.222319 1.064650 -1.021350
v -1.207906 1.064650 -0.806626
v -1.283563 0.940743 -1.016836
v -1.268134 0.940743 -0.803871
v -1.131841 1.188556 -1.027750
v -1.118444 1.188556 -0.811267
v -1.222319 1.064650 -1.021350
v -1.207906 1.064650 -0.806626
v -1.062415 0.818868 -0.380186
v -1.028900 1.030118 -0.438237
v -0.905237 0.818868 -0.315240
v -0.882475 1.062618 -0.391226
v -0.905237 0.818868 -0.315240
v -0.882475 1.062618 -0.391226
v -0.735526 0.818868 -0.292312
v -0.735089 1.086993 -0.390570
v -0.735526 0.818868 -0.292312
v -0.735089 1.086993 -0.390570
v -0.565125 0.820900 -0.311206
v -0.596352 1.111368 -0.427745
v -0.565125 0.820900 -0.311206
v -0.596352 1.111368 -0.427745
v -0.410138 0.820900 -0.376526
v -0.475133 1.131681 -0.491452
v -0.304606 0.904181 -0.482126
v -0.475133 1.131681 -0.491452
v -0.364416 1.062618 -0.516657
v -0.410153 1.139806 -0.543064
v -1.370629 0.818868 -1.097595
v -1.358315 0.887931 -1.090486
v -1.381349 0.818868 -1.009965
v -1.372553 0.891993 -1.004887
v -1.028900 1.030118 -0.438237
v -1.062415 0.818868 -0.380186
v -1.162320 0.989493 -0.519958
v -1.197250 0.818868 -0.483833
v -1.162320 0.989493 -0.519958
v -1.197250 0.818868 -0.483833
v -1.270895 0.952931 -0.636590
v -1.301961 0.818868 -0.619344
v -1.270895 0.952931 -0.636590
v -1.301961 0.818868 -0.619344
v -1.347241 0.920431 -0.804979
v -1.365921 0.818868 -0.797000
v -1.347241 0.920431 -0.804979
v -1.365921 0.818868 -0.797000
v -1.372553 0.891993 -1.004887
v -1.381349 0.818868 -1.009965
v -0.575806 1.093087 -0.345518
v -0.735035 1.121525 -0.345975
v -0.735380 1.093087 -0.325065
v -0.897039 1.091056 -0.345689
v -0.427384 1.093087 -0.407592
v -0.585199 1.145900 -0.386124
v -0.575806 1.093087 -0.345518
v -0.735035 1.121525 -0.345975
v -1.225343 0.920431 -0.455488
v -1.238745 0.820900 -0.444462
v -1.081712 0.920431 -0.346763
v -1.090853 0.820900 -0.330931
v -1.281736 1.064650 -0.804687
v -1.207906 1.064650 -0.806626
v -1.185980 1.188556 -0.808040
v -1.118444 1.188556 -0.811267
v -1.347241 0.920431 -0.804979
v -1.268134 0.940743 -0.803871
v -1.281736 1.064650 -0.804687
v -1.207906 1.064650 -0.806626
v -0.905237 0.818868 -0.315240
v -0.918586 0.820900 -0.259618
v -1.062415 0.818868 -0.380186
v -1.090853 0.820900 -0.330931
v -0.735526 0.818868 -0.292312
v -0.735274 0.820900 -0.235875
v -0.905237 0.818868 -0.315240
v -0.918586 0.820900 -0.259618
v -0.565125 0.820900 -0.311206
v -0.552758 0.820900 -0.259501
v -0.735526 0.818868 -0.292312
v -0.735274 0.820900 -0.235875
v -0.410138 0.820900 -0.376526
v -0.382882 0.820900 -0.330298
v -0.565125 0.820900 -0.311206
v -0.552758 0.820900 -0.259501
v -0.288774 0.818868 -0.472985
v -0.286218 0.818868 -0.424600
v -0.410138 0.820900 -0.376526
v -0.382882 0.820900 -0.330298
v -0.304606 0.904181 -0.482126
v -0.299275 0.906212 -0.434484
v -0.288774 0.818868 -0.472985
v -0.286218 0.818868 -0.424600
v -1.028900 1.030118 -0.438237
v -1.055306 1.052462 -0.392500
v -0.882475 1.062618 -0.391226
v -0.897039 1.091056 -0.345689
v -0.364416 1.062618 -0.516657
v -0.353735 1.078868 -0.482345
v -0.304606 0.904181 -0.482126
v -0.299275 0.906212 -0.434484
v -0.735089 1.086993 -0.390570
v -0.882475 1.062618 -0.391226
v -0.735035 1.121525 -0.345975
v -0.897039 1.091056 -0.345689
v -0.735089 1.086993 -0.390570
v -0.735035 1.121525 -0.345975
v -0.596352 1.111368 -0.427745
v -0.585199 1.145900 -0.386124
v -0.596352 1.111368 -0.427745
v -0.585199 1.145900 -0.386124
v -0.475133 1.131681 -0.491452
v -0.454641 1.164181 -0.453820
v -0.410153 1.139806 -0.543064
v -0.399671 1.158087 -0.520594
v -0.364416 1.062618 -0.516657
v -0.353735 1.078868 -0.482345
v -0.410153 1.139806 -0.543064
v -0.475133 1.131681 -0.491452
v -0.399671 1.158087 -0.520594
v -0.454641 1.164181 -0.453820
v -1.062415 0.818868 -0.380186
v -1.090853 0.820900 -0.330931
v -1.197250 0.818868 -0.483833
v -1.238745 0.820900 -0.444462
v -1.197250 0.818868 -0.483833
v -1.238745 0.820900 -0.444462
v -1.301961 0.818868 -0.619344
v -1.350964 0.820900 -0.591344
v -1.358315 0.887931 -1.090486
v -1.411088 0.898087 -1.120954
v -1.372553 0.891993 -1.004887
v -1.430769 0.914337 -0.944678
v -1.358315 0.887931 -1.090486
v -1.370629 0.818868 -1.097595
v -1.411088 0.898087 -1.120954
v -1.423402 0.820900 -1.128064
v -1.162320 0.989493 -0.519958
v -1.198266 1.011837 -0.482074
v -1.028900 1.030118 -0.438237
v -1.055306 1.052462 -0.392500
v -1.270895 0.952931 -0.636590
v -1.316107 0.973243 -0.611092
v -1.162320 0.989493 -0.519958
v -1.198266 1.011837 -0.482074
v -1.347241 0.920431 -0.804979
v -1.395772 0.940743 -0.769670
v -1.270895 0.952931 -0.636590
v -1.316107 0.973243 -0.611092
v -1.372553 0.891993 -1.004887
v -1.430769 0.914337 -0.944678
v -1.347241 0.920431 -0.804979
v -1.395772 0.940743 -0.769670
v -0.288774 0.818868 -0.472985
v -0.410138 0.820900 -0.376526
v -0.304606 0.904181 -0.482126
v -0.475133 1.131681 -0.491452
v -1.336818 0.920431 -0.599595
v -1.350964 0.820900 -0.591344
v -1.225343 0.920431 -0.455488
v -1.238745 0.820900 -0.444462
v -1.185980 1.188556 -0.808040
v -1.118444 1.188556 -0.811267
v -1.200393 1.188556 -1.022764
v -1.131841 1.188556 -1.027750
v -1.090853 0.820900 -0.330931
v -0.918586 0.820900 -0.259618
v -1.081712 0.920431 -0.346763
v -0.915738 0.920431 -0.276738
v -0.735274 0.820900 -0.235875
v -0.735201 0.920431 -0.252251
v -0.552758 0.820900 -0.259501
v -0.556203 0.920431 -0.277909
v -0.382882 0.820900 -0.330298
v -0.391133 0.920431 -0.344444
v -0.585199 1.145900 -0.386124
v -0.427384 1.093087 -0.407592
v -0.454641 1.164181 -0.453820
v -0.353735 1.078868 -0.482345
v -0.391133 0.920431 -0.344444
v -0.299275 0.906212 -0.434484
v -0.382882 0.820900 -0.330298
v -0.286218 0.818868 -0.424600
v -1.404096 0.920431 -0.767440
v -1.336818 0.920431 -0.599595
v -1.395772 0.940743 -0.769670
v -1.316107 0.973243 -0.611092
v -1.225343 0.920431 -0.455488
v -1.198266 1.011837 -0.482074
v -1.081712 0.920431 -0.346763
v -1.055306 1.052462 -0.392500
v -0.915738 0.920431 -0.276738
v -0.897039 1.091056 -0.345689
v -0.735201 0.920431 -0.252251
v -0.735380 1.093087 -0.325065
v -0.556203 0.920431 -0.277909
v -0.575806 1.093087 -0.345518
v -0.391133 0.920431 -0.344444
v -0.427384 1.093087 -0.407592
v -1.423402 0.820900 -1.128064
v -1.447146 0.820900 -0.944751
v -1.411088 0.898087 -1.120954
v -1.430769 0.914337 -0.944678
v -1.421760 0.820900 -0.761220
v -1.404096 0.920431 -0.767440
v -1.350964 0.820900 -0.591344
v -1.421760 0.820900 -0.761220
v -1.301961 0.818868 -0.619344
v -1.365921 0.818868 -0.797000
v -1.447146 0.820900 -0.944751
v -1.381349 0.818868 -1.009965
v -1.423402 0.820900 -1.128064
v -1.370629 0.818868 -1.097595
v -1.131841 1.188556 -1.027750
v -1.222319 1.064650 -1.021350
v -1.200393 1.188556 -1.022764
v -1.295405 1.064650 -1.016637
v -1.283563 0.940743 -1.016836
v -1.372553 0.891993 -1.004887
v -1.315572 0.818868 -1.014207
v -1.381349 0.818868 -1.009965
vt 0.342346 1.731689
vt 0.198608 1.715637
vt 0.197388 1.671753
vt 0.237122 1.824097
vt 0.309631 1.805298
vt 0.182556 1.756775
vt 0.198608 1.715637
vt 0.342346 1.731689
vt 0.197388 1.671753
vt 0.285095 1.487671
vt 0.333923 1.503113
vt 0.345398 1.478638
vt 0.499146 1.433167
vt 0.453613 1.422607
vt 0.497803 1.444397
vt 0.285095 1.487671
vt 0.262329 1.484375
vt 0.283447 1.595947
vt 0.241272 1.495544
vt 0.276123 1.602051
vt 0.240845 1.590149
vt 0.571899 1.449097
vt 0.567139 1.438354
vt 0.618530 1.441162
vt 0.509094 1.439575
vt 0.497803 1.444397
vt 0.499146 1.433167
vt 0.094849 1.825012
vt 0.142639 1.910217
vt 0.101929 1.947571
vt 0.499146 1.433167
vt 0.497803 1.444397
vt 0.453613 1.422607
vt 0.044495 1.190369
vt 0.106995 1.172852
vt 0.099487 1.226746
vt 0.406677 1.597046
vt 0.400635 1.600098
vt 0.414795 1.625000
vt 0.147217 1.325623
vt 0.160339 1.425415
vt 0.147217 1.457092
vt 0.406677 1.597046
vt 0.414795 1.625000
vt 0.400635 1.600098
vt 0.776733 1.718994
vt 0.747192 1.724487
vt 0.756836 1.741638
vt 0.776733 1.718994
vt 0.756836 1.741638
vt 0.747192 1.724487
vt 0.147217 1.325623
vt 0.147217 1.457092
vt 0.160339 1.425415
vt 0.717834 1.351501
vt 0.725708 1.363037
vt 0.771423 1.351501
vt 0.763550 1.363037
vt 0.725708 1.401978
vt 0.725708 1.363037
vt 0.717834 1.401978
vt 0.717834 1.351501
vt 0.062683 1.048950
vt 0.038086 1.048950
vt 0.062683 1.085571
vt 0.038086 1.085571
vt 0.718750 1.734924
vt 0.731689 1.756653
vt 0.747192 1.724487
vt 0.756836 1.741638
vt 0.026917 1.046204
vt 0.019409 1.044373
vt 0.018433 1.080750
vt 0.010986 1.078918
vt 0.073853 1.046204
vt 0.062683 1.048950
vt 0.082275 1.080750
vt 0.062683 1.085571
vt 0.026917 1.046204
vt 0.018433 1.080750
vt 0.038086 1.048950
vt 0.038086 1.085571
vt 0.073853 1.046204
vt 0.082275 1.080750
vt 0.081299 1.044373
vt 0.089783 1.078918
vt 0.729919 1.094666
vt 0.751709 1.094666
vt 0.729919 1.084473
vt 0.751709 1.084473
vt 0.731689 1.756653
vt 0.718750 1.734924
vt 0.702148 1.762573
vt 0.697388 1.754578
vt 0.480591 1.398682
vt 0.553589 1.389954
vt 0.527466 1.344543
vt 0.601807 1.326233
vt 0.480591 1.398682
vt 0.433472 1.343994
vt 0.406921 1.388062
vt 0.359314 1.326233
vt 0.480591 1.398682
vt 0.480530 1.327881
vt 0.433472 1.343994
vt 0.435974 1.273193
vt 0.480591 1.398682
vt 0.527466 1.344543
vt 0.480530 1.327881
vt 0.525208 1.273193
vt 0.566956 1.292664
vt 0.562195 1.221497
vt 0.525208 1.273193
vt 0.521973 1.209839
vt 0.359314 1.326233
vt 0.294678 1.299988
vt 0.334229 1.369385
vt 0.269531 1.339172
vt 0.394165 1.292664
vt 0.325867 1.266785
vt 0.359314 1.326233
vt 0.294678 1.299988
vt 0.525208 1.273193
vt 0.521973 1.209839
vt 0.480591 1.265503
vt 0.480591 1.205750
vt 0.915894 1.903687
vt 0.915955 1.961304
vt 0.978943 1.903687
vt 0.978943 1.961304
vt 0.164795 1.391357
vt 0.160339 1.357361
vt 0.160339 1.425415
vt 0.147217 1.325623
vt 0.851990 1.903687
vt 0.852051 1.961304
vt 0.915894 1.903687
vt 0.915955 1.961304
vt 0.601807 1.326233
vt 0.625122 1.370117
vt 0.553589 1.389954
vt 0.601807 1.326233
vt 0.525208 1.273193
vt 0.527466 1.344543
vt 0.566956 1.292664
vt 0.601807 1.326233
vt 0.435974 1.273193
vt 0.480530 1.327881
vt 0.480591 1.265503
vt 0.525208 1.273193
vt 0.359314 1.326233
vt 0.433472 1.343994
vt 0.394165 1.292664
vt 0.435974 1.273193
vt 0.359314 1.326233
vt 0.406921 1.388062
vt 0.334229 1.369385
vt 0.359314 1.326233
vt 0.480591 1.398682
vt 0.527466 1.344543
vt 0.553589 1.389954
vt 0.601807 1.326233
vt 0.480591 1.398682
vt 0.406921 1.388062
vt 0.433472 1.343994
vt 0.359314 1.326233
vt 0.480591 1.398682
vt 0.433472 1.343994
vt 0.480530 1.327881
vt 0.435974 1.273193
vt 0.480591 1.398682
vt 0.480530 1.327881
vt 0.527466 1.344543
vt 0.525208 1.273193
vt 0.269531 1.339172
vt 0.294678 1.299988
vt 0.334229 1.369385
vt 0.359314 1.326233
vt 0.480591 1.205750
vt 0.521973 1.209839
vt 0.480591 1.265503
vt 0.525208 1.273193
vt 0.660278 1.961304
vt 0.660278 1.903687
vt 0.724182 1.961304
vt 0.724182 1.903687
vt 0.724182 1.961304
vt 0.724182 1.903687
vt 0.788086 1.961304
vt 0.788086 1.903687
vt 0.788086 1.961304
vt 0.788086 1.903687
vt 0.852051 1.961304
vt 0.851990 1.903687
vt 0.213257 1.961304
vt 0.213257 1.903687
vt 0.276794 1.961304
vt 0.276855 1.903687
vt 0.276794 1.961304
vt 0.276855 1.903687
vt 0.340698 1.961304
vt 0.340698 1.903687
vt 0.340698 1.961304
vt 0.340698 1.903687
vt 0.404663 1.961304
vt 0.404602 1.903687
vt 0.404663 1.961304
vt 0.404602 1.903687
vt 0.468567 1.961304
vt 0.468567 1.903687
vt 0.468567 1.961304
vt 0.468567 1.903687
vt 0.532471 1.961304
vt 0.532471 1.903687
vt 0.532471 1.961304
vt 0.532471 1.903687
vt 0.596375 1.961304
vt 0.596375 1.903687
vt 0.691589 1.034546
vt 0.691589 1.084473
vt 0.723083 1.045654
vt 0.723083 1.084473
vt 0.790039 1.034546
vt 0.758545 1.045654
vt 0.790039 1.084473
vt 0.758545 1.084473
vt 0.099060 1.277466
vt 0.099060 1.505249
vt 0.067383 1.264343
vt 0.067383 1.518372
vt 0.099060 1.505249
vt 0.099060 1.277466
vt 0.126282 1.484375
vt 0.126282 1.298401
vt 0.126282 1.484375
vt 0.126282 1.298401
vt 0.147217 1.457092
vt 0.147217 1.325623
vt 0.164795 1.391357
vt 0.160339 1.425415
vt 0.160339 1.357361
vt 0.147217 1.325623
vt 0.525208 1.273193
vt 0.566956 1.292664
vt 0.527466 1.344543
vt 0.601807 1.326233
vt 0.435974 1.273193
vt 0.480591 1.265503
vt 0.480530 1.327881
vt 0.525208 1.273193
vt 0.359314 1.326233
vt 0.394165 1.292664
vt 0.433472 1.343994
vt 0.435974 1.273193
vt 0.375061 1.571411
vt 0.400635 1.600098
vt 0.384827 1.565247
vt 0.406677 1.597046
vt 0.392822 1.610535
vt 0.414795 1.625000
vt 0.395996 1.604797
vt 0.400635 1.600098
vt 0.392822 1.610535
vt 0.361450 1.589783
vt 0.395996 1.604797
vt 0.367188 1.579834
vt 0.348511 1.618408
vt 0.356812 1.600342
vt 0.385742 1.627625
vt 0.390198 1.616638
vt 0.406677 1.597046
vt 0.400635 1.600098
vt 0.384827 1.565247
vt 0.375061 1.571411
vt 0.116028 1.090210
vt 0.106995 1.172852
vt 0.044617 1.109741
vt 0.044495 1.190369
vt 0.153076 1.794434
vt 0.182556 1.756775
vt 0.189636 1.839417
vt 0.237122 1.824097
vt 0.162903 1.701111
vt 0.198608 1.715637
vt 0.147827 1.726746
vt 0.182556 1.756775
vt 0.497803 1.444397
vt 0.509094 1.439575
vt 0.571899 1.449097
vt 0.567139 1.438354
vt 0.615540 1.414062
vt 0.637024 1.400818
vt 0.618530 1.441162
vt 0.671326 1.420105
vt 0.618530 1.441162
vt 0.567139 1.438354
vt 0.615540 1.414062
vt 0.549255 1.428528
vt 0.019531 1.112610
vt 0.044617 1.109741
vt 0.019531 1.172485
vt 0.044495 1.190369
vt 0.044495 1.190369
vt 0.019531 1.172485
vt 0.019531 1.190918
vt 0.044495 1.190369
vt 0.044495 1.190369
vt 0.019531 1.190918
vt 0.019531 1.203796
vt 0.044495 1.190369
vt 0.333923 1.503113
vt 0.350708 1.528381
vt 0.324585 1.575134
vt 0.336121 1.586182
vt 0.350708 1.528381
vt 0.333923 1.503113
vt 0.350403 1.496155
vt 0.345398 1.478638
vt 0.324585 1.575134
vt 0.285095 1.487671
vt 0.333923 1.503113
vt 0.345398 1.478638
vt 0.262329 1.484375
vt 0.285095 1.487671
vt 0.283447 1.595947
vt 0.324585 1.575134
vt 0.283447 1.595947
vt 0.276123 1.602051
vt 0.262329 1.484375
vt 0.241272 1.495544
vt 0.073181 1.584473
vt 0.111694 1.619446
vt 0.151550 1.526672
vt 0.175537 1.572144
vt 0.012207 1.663452
vt 0.055298 1.690552
vt 0.073181 1.584473
vt 0.111694 1.619446
vt 0.116028 1.090210
vt 0.044617 1.109741
vt 0.106995 1.172852
vt 0.044495 1.190369
vt 0.151550 1.526672
vt 0.175537 1.572144
vt 0.194519 1.506165
vt 0.240845 1.590149
vt 0.182556 1.756775
vt 0.309631 1.805298
vt 0.198608 1.715637
vt 0.342346 1.731689
vt 0.196594 1.636536
vt 0.197388 1.671753
vt 0.357544 1.645386
vt 0.342346 1.731689
vt 0.153076 1.794434
vt 0.094849 1.825012
vt 0.189636 1.839417
vt 0.142639 1.910217
vt 0.237122 1.824097
vt 0.182556 1.756775
vt 0.189636 1.839417
vt 0.153076 1.794434
vt 0.157593 1.635376
vt 0.096252 1.679199
vt 0.168701 1.669006
vt 0.162903 1.701111
vt 0.122681 1.744507
vt 0.096252 1.679199
vt 0.086304 1.759827
vt 0.049927 1.761047
vt 0.162903 1.701111
vt 0.096252 1.679199
vt 0.147827 1.726746
vt 0.122681 1.744507
vt 0.615540 1.414062
vt 0.618530 1.441162
vt 0.637024 1.400818
vt 0.671326 1.420105
vt 0.044495 1.190369
vt 0.044617 1.109741
vt 0.019531 1.172485
vt 0.019531 1.112610
vt 0.106995 1.172852
vt 0.044495 1.190369
vt 0.099487 1.226746
vt 0.019531 1.240295
vt 0.333923 1.503113
vt 0.285095 1.487671
vt 0.324585 1.575134
vt 0.283447 1.595947
vt 0.283447 1.595947
vt 0.262329 1.484375
vt 0.276123 1.602051
vt 0.241272 1.495544
vt 0.758545 1.084473
vt 0.751709 1.084473
vt 0.758545 1.045654
vt 0.729919 1.084473
vt 0.771423 1.351501
vt 0.763550 1.363037
vt 0.771423 1.401978
vt 0.763550 1.401978
vt 0.731689 1.756653
vt 0.702148 1.762573
vt 0.718750 1.734924
vt 0.697388 1.754578
vt 0.026917 1.046204
vt 0.038086 1.048950
vt 0.018433 1.080750
vt 0.038086 1.085571
vt 0.729919 1.094666
vt 0.729919 1.084473
vt 0.751709 1.094666
vt 0.751709 1.084473
vt 0.073853 1.046204
vt 0.081299 1.044373
vt 0.082275 1.080750
vt 0.089783 1.078918
vt 0.718750 1.734924
vt 0.747192 1.724487
vt 0.731689 1.756653
vt 0.756836 1.741638
vt 0.073853 1.046204
vt 0.082275 1.080750
vt 0.062683 1.048950
vt 0.062683 1.085571
vt 0.026917 1.046204
vt 0.018433 1.080750
vt 0.019409 1.044373
vt 0.010986 1.078918
vt 0.790039 1.034546
vt 0.790039 1.084473
vt 0.758545 1.045654
vt 0.758545 1.084473
vt 0.062683 1.048950
vt 0.062683 1.085571
vt 0.038086 1.048950
vt 0.038086 1.085571
vt 0.725708 1.401978
vt 0.717834 1.401978
vt 0.725708 1.363037
vt 0.717834 1.351501
vt 0.691589 1.034546
vt 0.723083 1.045654
vt 0.691589 1.084473
vt 0.723083 1.084473
vt 0.758545 1.045654
vt 0.729919 1.084473
vt 0.723083 1.045654
vt 0.723083 1.084473
vt 0.717834 1.351501
vt 0.771423 1.351501
vt 0.725708 1.363037
vt 0.763550 1.363037
vt 0.596375 1.961304
vt 0.596375 1.903687
vt 0.660278 1.961304
vt 0.660278 1.903687
vt 0.067383 1.264343
vt 0.067383 1.518372
vt 0.040527 1.259888
vt 0.040527 1.522888
vt 0.771423 1.351501
vt 0.771423 1.401978
vt 0.763550 1.363037
vt 0.763550 1.401978
vt 0.480591 1.205750
vt 0.480591 1.146179
vt 0.521973 1.209839
vt 0.532654 1.151062
vt 0.480591 1.083496
vt 0.543579 1.089172
vt 0.480591 1.045959
vt 0.550110 1.052002
vt 0.562195 1.221497
vt 0.566956 1.292664
vt 0.600281 1.240540
vt 0.635315 1.266785
vt 0.601807 1.326233
vt 0.666504 1.299988
vt 0.625122 1.370117
vt 0.690063 1.339783
vt 0.325867 1.266785
vt 0.394165 1.292664
vt 0.360840 1.240540
vt 0.398926 1.221497
vt 0.435974 1.273193
vt 0.439209 1.209839
vt 0.480591 1.265503
vt 0.480591 1.205750
vt 0.269531 1.339172
vt 0.294678 1.299988
vt 0.210327 1.302124
vt 0.244873 1.257080
vt 0.325867 1.266785
vt 0.285217 1.218567
vt 0.360840 1.240540
vt 0.329712 1.187683
vt 0.398926 1.221497
vt 0.377808 1.164978
vt 0.439209 1.209839
vt 0.428467 1.151062
vt 0.480591 1.205750
vt 0.480591 1.146179
vt 0.521973 1.209839
vt 0.532654 1.151062
vt 0.562195 1.221497
vt 0.583374 1.164978
vt 0.600281 1.240540
vt 0.631409 1.187683
vt 0.635315 1.266785
vt 0.675903 1.218567
vt 0.666504 1.299988
vt 0.716309 1.257080
vt 0.690063 1.339783
vt 0.749573 1.302551
vt 0.210327 1.302124
vt 0.244873 1.257080
vt 0.155518 1.260010
vt 0.197021 1.210815
vt 0.285217 1.218567
vt 0.245178 1.167542
vt 0.329712 1.187683
vt 0.298462 1.132019
vt 0.377808 1.164978
vt 0.356323 1.105530
vt 0.428467 1.151062
vt 0.417542 1.089172
vt 0.480591 1.146179
vt 0.480591 1.083496
vt 0.532654 1.151062
vt 0.543579 1.089172
vt 0.583374 1.164978
vt 0.604858 1.105530
vt 0.631409 1.187683
vt 0.662659 1.132019
vt 0.675903 1.218567
vt 0.715942 1.167542
vt 0.716309 1.257080
vt 0.764160 1.210815
vt 0.749573 1.302551
vt 0.804626 1.260254
vt 0.155518 1.260010
vt 0.197021 1.210815
vt 0.125854 1.235046
vt 0.169922 1.183777
vt 0.245178 1.167542
vt 0.221985 1.137390
vt 0.298462 1.132019
vt 0.280151 1.098877
vt 0.356323 1.105530
vt 0.343567 1.070007
vt 0.417542 1.089172
vt 0.411011 1.052002
vt 0.480591 1.083496
vt 0.480591 1.045959
vt 0.543579 1.089172
vt 0.550110 1.052002
vt 0.604858 1.105530
vt 0.617554 1.070007
vt 0.662659 1.132019
vt 0.681030 1.098877
vt 0.715942 1.167542
vt 0.739136 1.137390
vt 0.764160 1.210815
vt 0.791199 1.183777
vt 0.804626 1.260254
vt 0.834412 1.235168
vt 0.851990 1.903687
vt 0.788086 1.903687
vt 0.852051 1.961304
vt 0.788086 1.961304
vt 0.724182 1.903687
vt 0.724182 1.961304
vt 0.660278 1.903687
vt 0.660278 1.961304
vt 0.596375 1.903687
vt 0.596375 1.961304
vt 0.532471 1.903687
vt 0.532471 1.961304
vt 0.468567 1.903687
vt 0.468567 1.961304
vt 0.404602 1.903687
vt 0.404663 1.961304
vt 0.340698 1.903687
vt 0.340698 1.961304
vt 0.276855 1.903687
vt 0.276794 1.961304
vt 0.213257 1.903687
vt 0.213257 1.961304
vt 0.040527 1.522888
vt 0.067383 1.518372
vt 0.040527 1.259888
vt 0.067383 1.264343
vt 0.099060 1.505249
vt 0.099060 1.277466
vt 0.147217 1.325623
vt 0.126282 1.298401
vt 0.147217 1.457092
vt 0.126282 1.484375
vt 0.099060 1.277466
vt 0.099060 1.505249
vt 0.521973 1.209839
vt 0.562195 1.221497
vt 0.525208 1.273193
vt 0.566956 1.292664
vt 0.600281 1.240540
vt 0.635315 1.266785
vt 0.631409 1.187683
vt 0.675903 1.218567
vt 0.662659 1.132019
vt 0.715942 1.167542
vt 0.681030 1.098877
vt 0.739136 1.137390
vt 0.566956 1.292664
vt 0.635315 1.266785
vt 0.601807 1.326233
vt 0.666504 1.299988
vt 0.675903 1.218567
vt 0.716309 1.257080
vt 0.715942 1.167542
vt 0.764160 1.210815
vt 0.739136 1.137390
vt 0.791199 1.183777
vt 0.601807 1.326233
vt 0.666504 1.299988
vt 0.625122 1.370117
vt 0.690063 1.339783
vt 0.716309 1.257080
vt 0.749573 1.302551
vt 0.764160 1.210815
vt 0.804626 1.260254
vt 0.791199 1.183777
vt 0.834412 1.235168
vt 0.294678 1.299988
vt 0.325867 1.266785
vt 0.359314 1.326233
vt 0.394165 1.292664
vt 0.360840 1.240540
vt 0.398926 1.221497
vt 0.329712 1.187683
vt 0.377808 1.164978
vt 0.298462 1.132019
vt 0.356323 1.105530
vt 0.280151 1.098877
vt 0.343567 1.070007
vt 0.394165 1.292664
vt 0.398926 1.221497
vt 0.435974 1.273193
vt 0.439209 1.209839
vt 0.377808 1.164978
vt 0.428467 1.151062
vt 0.356323 1.105530
vt 0.417542 1.089172
vt 0.343567 1.070007
vt 0.411011 1.052002
vt 0.435974 1.273193
vt 0.439209 1.209839
vt 0.480591 1.265503
vt 0.480591 1.205750
vt 0.428467 1.151062
vt 0.480591 1.146179
vt 0.417542 1.089172
vt 0.480591 1.083496
vt 0.411011 1.052002
vt 0.480591 1.045959
vt 0.521973 1.209839
vt 0.532654 1.151062
vt 0.562195 1.221497
vt 0.583374 1.164978
vt 0.543579 1.089172
vt 0.604858 1.105530
vt 0.550110 1.052002
vt 0.617554 1.070007
vt 0.562195 1.221497
vt 0.583374 1.164978
vt 0.600281 1.240540
vt 0.631409 1.187683
vt 0.604858 1.105530
vt 0.662659 1.132019
vt 0.617554 1.070007
vt 0.681030 1.098877
vt 0.269531 1.339172
vt 0.210327 1.302124
vt 0.294678 1.299988
vt 0.244873 1.257080
vt 0.155518 1.260010
vt 0.197021 1.210815
vt 0.125854 1.235046
vt 0.169922 1.183777
vt 0.294678 1.299988
vt 0.244873 1.257080
vt 0.325867 1.266785
vt 0.285217 1.218567
vt 0.197021 1.210815
vt 0.245178 1.167542
vt 0.169922 1.183777
vt 0.221985 1.137390
vt 0.325867 1.266785
vt 0.285217 1.218567
vt 0.360840 1.240540
vt 0.329712 1.187683
vt 0.245178 1.167542
vt 0.298462 1.132019
vt 0.221985 1.137390
vt 0.280151 1.098877
vt 0.723083 1.084473
vt 0.729919 1.084473
vt 0.723083 1.045654
vt 0.758545 1.045654
vt 0.751709 1.084473
vt 0.758545 1.084473
vt 0.978943 1.961304
vt 0.915955 1.961304
vt 0.978943 1.903687
vt 0.915894 1.903687
vt 0.852051 1.961304
vt 0.851990 1.903687
vt 0.375061 1.571411
vt 0.367188 1.579834
vt 0.400635 1.600098
vt 0.395996 1.604797
vt 0.361450 1.589783
vt 0.392822 1.610535
vt 0.356812 1.600342
vt 0.390198 1.616638
vt 0.392822 1.610535
vt 0.390198 1.616638
vt 0.414795 1.625000
vt 0.385742 1.627625
vt 0.356812 1.600342
vt 0.348511 1.618408
vt 0.375061 1.571411
vt 0.400635 1.600098
vt 0.367188 1.579834
vt 0.395996 1.604797
vt 0.414795 1.625000
vt 0.392822 1.610535
vt 0.361450 1.589783
vt 0.392822 1.610535
vt 0.356812 1.600342
vt 0.390198 1.616638
vt 0.414795 1.625000
vt 0.385742 1.627625
vt 0.012207 1.663452
vt 0.073181 1.584473
vt 0.055298 1.690552
vt 0.111694 1.619446
vt 0.151550 1.526672
vt 0.175537 1.572144
vt 0.194519 1.506165
vt 0.240845 1.590149
vt 0.216675 1.503296
vt 0.241272 1.495544
vt 0.342346 1.731689
vt 0.309631 1.805298
vt 0.198608 1.715637
vt 0.182556 1.756775
vt 0.237122 1.824097
vt 0.342346 1.731689
vt 0.197388 1.671753
vt 0.357544 1.645386
vt 0.196594 1.636536
vt 0.168701 1.669006
vt 0.157593 1.635376
vt 0.049255 1.978149
vt 0.049927 1.839600
vt 0.101929 1.947571
vt 0.094849 1.825012
vt 0.049927 1.761047
vt 0.086304 1.759827
vt 0.096252 1.679199
vt 0.122681 1.744507
vt 0.142639 1.910217
vt 0.094849 1.825012
vt 0.189636 1.839417
vt 0.153076 1.794434
vt 0.086304 1.759827
vt 0.122681 1.744507
vt 0.198608 1.715637
vt 0.162903 1.701111
vt 0.197388 1.671753
vt 0.168701 1.669006
vt 0.096252 1.679199
vt 0.157593 1.635376
vt 0.153076 1.794434
vt 0.122681 1.744507
vt 0.182556 1.756775
vt 0.147827 1.726746
vt 0.096252 1.679199
vt 0.162903 1.701111
vt 0.099487 1.226746
vt 0.019531 1.240295
vt 0.044495 1.190369
vt 0.019531 1.203796
vt 0.044495 1.190369
vt 0.049255 1.978149
vt 0.101929 1.947571
vt 0.049927 1.839600
vt 0.094849 1.825012
vt 0.142639 1.910217
vt 0.049927 1.839600
vt 0.094849 1.825012
vt 0.049927 1.761047
vt 0.086304 1.759827
vt 0.153076 1.794434
vt 0.122681 1.744507
vt 0.182556 1.756775
vt 0.147827 1.726746
vt 0.198608 1.715637
vt 0.162903 1.701111
vt 0.197388 1.671753
vt 0.168701 1.669006
vt 0.196594 1.636536
vt 0.157593 1.635376
vt 0.567139 1.438354
vt 0.509094 1.439575
vt 0.571899 1.449097
vt 0.497803 1.444397
vt 0.499146 1.433167
vt 0.549255 1.428528
vt 0.567139 1.438354
vt 0.615540 1.414062
vt 0.618530 1.441162
vt 0.571899 1.449097
vt 0.336121 1.586182
vt 0.350708 1.528381
vt 0.324585 1.575134
vt 0.333923 1.503113
vt 0.350403 1.496155
vt 0.345398 1.478638
vt 0.194519 1.506165
vt 0.240845 1.590149
vt 0.216675 1.503296
vt 0.241272 1.495544
vt 0.276123 1.602051
vt 0.026367 1.980530
vt 0.026367 1.961548
vt 0.010315 1.970032
vt 0.010315 1.871216
vt 0.017639 1.837830
vt 0.010315 1.845337
vt 0.851135 1.077576
vt 0.836548 1.079529
vt 0.876709 1.098816
vt 0.798828 1.394897
vt 0.762573 1.430359
vt 0.795227 1.448914
vt 0.362366 1.411499
vt 0.363892 1.459351
vt 0.404602 1.437683
vt 0.501770 1.587769
vt 0.478027 1.617371
vt 0.478027 1.655945
vt 0.928406 1.291321
vt 0.937805 1.280273
vt 0.934204 1.278076
vt 0.775024 1.137207
vt 0.795654 1.133972
vt 0.784180 1.117676
vt 0.375122 1.510315
vt 0.402588 1.556763
vt 0.411560 1.545227
vt 0.895752 1.058167
vt 0.880188 1.051697
vt 0.857605 1.061829
vt 0.812866 1.133972
vt 0.796387 1.101440
vt 0.795654 1.133972
vt 0.784180 1.117676
vt 0.940002 1.233093
vt 0.939636 1.255554
vt 0.963806 1.238342
vt 0.951782 1.260437
vt 0.951782 1.260437
vt 0.939636 1.255554
vt 0.937805 1.280273
vt 0.934204 1.278076
vt 0.876709 1.098816
vt 0.836548 1.079529
vt 0.833557 1.136597
vt 0.814453 1.087952
vt 0.612549 1.656616
vt 0.552856 1.660583
vt 0.590088 1.705750
vt 0.552856 1.705750
vt 0.442322 1.596313
vt 0.478027 1.617371
vt 0.454285 1.571655
vt 0.501770 1.587769
vt 0.552856 1.705750
vt 0.552856 1.660583
vt 0.516418 1.705750
vt 0.478027 1.655945
vt 0.455200 1.489380
vt 0.442688 1.453918
vt 0.429871 1.464539
vt 0.404602 1.437683
vt 0.485046 1.508118
vt 0.475342 1.464355
vt 0.455200 1.489380
vt 0.442688 1.453918
vt 0.518066 1.519897
vt 0.516602 1.471619
vt 0.485046 1.508118
vt 0.475342 1.464355
vt 0.552856 1.524414
vt 0.552856 1.474609
vt 0.518066 1.519897
vt 0.516602 1.471619
vt 0.795227 1.448914
vt 0.762573 1.430359
vt 0.766174 1.490723
vt 0.713928 1.449036
vt 0.442322 1.596313
vt 0.454285 1.571655
vt 0.402588 1.556763
vt 0.411560 1.545227
vt 0.375122 1.510315
vt 0.429871 1.464539
vt 0.363892 1.459351
vt 0.404602 1.437683
vt 0.832520 1.351868
vt 0.891174 1.364624
vt 0.854553 1.300659
vt 0.887390 1.302429
vt 0.478027 1.791626
vt 0.516418 1.787720
vt 0.478027 1.771240
vt 0.516418 1.770325
vt 0.010315 1.871216
vt 0.026367 1.866028
vt 0.017639 1.837830
vt 0.026367 1.842834
vt 0.424011 1.026550
vt 0.423645 1.011536
vt 0.380127 1.026550
vt 0.373352 1.011536
vt 0.474976 1.026550
vt 0.474854 1.011536
vt 0.424011 1.026550
vt 0.423645 1.011536
vt 0.525696 1.026550
vt 0.525635 1.011536
vt 0.474976 1.026550
vt 0.474854 1.011536
vt 0.833557 1.136597
vt 0.814453 1.087952
vt 0.812866 1.133972
vt 0.796387 1.101440
vt 0.973267 1.213928
vt 0.935669 1.213318
vt 0.963806 1.238342
vt 0.940002 1.233093
vt 0.010315 1.888062
vt 0.026367 1.887817
vt 0.010315 1.871216
vt 0.026367 1.866028
vt 0.010315 1.940491
vt 0.026367 1.940186
vt 0.010315 1.914246
vt 0.026367 1.913940
vt 0.010315 1.888062
vt 0.010315 1.914246
vt 0.026367 1.887817
vt 0.026367 1.913940
vt 0.026367 1.980530
vt 0.010315 1.970032
vt 0.016968 1.990173
vt 0.010315 1.983215
vt 0.010315 1.970032
vt 0.026367 1.961548
vt 0.010315 1.940491
vt 0.026367 1.940186
vt 0.966614 1.494019
vt 0.981506 1.465027
vt 0.966614 1.463562
vt 0.981506 1.425720
vt 0.966614 1.518921
vt 0.981506 1.506531
vt 0.966614 1.494019
vt 0.981506 1.465027
vt 0.981506 1.506531
vt 0.966614 1.518921
vt 0.981506 1.550903
vt 0.966614 1.549500
vt 0.624756 1.026550
vt 0.672729 1.026550
vt 0.625061 1.011536
vt 0.672852 1.011536
vt 0.718994 1.026550
vt 0.718872 1.011536
vt 0.672729 1.026550
vt 0.672852 1.011536
vt 0.157227 1.011047
vt 0.129761 1.011047
vt 0.157166 1.026917
vt 0.127075 1.026917
vt 0.157227 1.011047
vt 0.157166 1.026917
vt 0.198792 1.011047
vt 0.199036 1.026917
vt 0.198792 1.011047
vt 0.199036 1.026917
vt 0.239807 1.011047
vt 0.239746 1.026917
vt 0.239807 1.011047
vt 0.239746 1.026917
vt 0.276794 1.011047
vt 0.279297 1.026917
vt 0.276794 1.011047
vt 0.279297 1.026917
vt 0.314148 1.011047
vt 0.315430 1.026917
vt 0.981506 1.288025
vt 0.966614 1.286987
vt 0.981506 1.323486
vt 0.966614 1.323792
vt 0.762634 1.026550
vt 0.762512 1.011536
vt 0.718994 1.026550
vt 0.718872 1.011536
vt 0.804688 1.026550
vt 0.805237 1.011536
vt 0.762634 1.026550
vt 0.762512 1.011536
vt 0.981506 1.740173
vt 0.966614 1.740479
vt 0.981506 1.764832
vt 0.966614 1.769470
vt 0.804688 1.026550
vt 0.829834 1.026550
vt 0.805237 1.011536
vt 0.834839 1.011536
vt 0.874329 1.021362
vt 0.889465 1.026917
vt 0.876831 1.015259
vt 0.891785 1.021179
vt 0.920288 1.051880
vt 0.910278 1.066406
vt 0.933105 1.061584
vt 0.902405 1.112732
vt 0.857605 1.061829
vt 0.880188 1.051697
vt 0.868042 1.036499
vt 0.884033 1.041809
vt 0.895752 1.058167
vt 0.857605 1.061829
vt 0.876709 1.098816
vt 0.851135 1.077576
vt 0.902405 1.112732
vt 0.910278 1.066406
vt 0.876709 1.098816
vt 0.895752 1.058167
vt 0.935425 1.139648
vt 0.950439 1.080322
vt 0.902405 1.112732
vt 0.933105 1.061584
vt 0.950684 1.179810
vt 0.979797 1.159607
vt 0.935425 1.139648
vt 0.975464 1.131714
vt 0.975464 1.131714
vt 0.965454 1.104614
vt 0.935425 1.139648
vt 0.950439 1.080322
vt 0.575623 1.026550
vt 0.575684 1.011536
vt 0.525696 1.026550
vt 0.525635 1.011536
vt 0.624756 1.026550
vt 0.625061 1.011536
vt 0.575623 1.026550
vt 0.575684 1.011536
vt 0.868042 1.036499
vt 0.884033 1.041809
vt 0.874329 1.021362
vt 0.889465 1.026917
vt 0.375122 1.510315
vt 0.411560 1.545227
vt 0.429871 1.464539
vt 0.455200 1.489380
vt 0.454285 1.571655
vt 0.485046 1.508118
vt 0.501770 1.587769
vt 0.518066 1.519897
vt 0.552856 1.592285
vt 0.552856 1.524414
vt 0.600525 1.588684
vt 0.587769 1.521118
vt 0.647034 1.576111
vt 0.621826 1.511047
vt 0.690918 1.555176
vt 0.653931 1.494629
vt 0.731018 1.526489
vt 0.683167 1.472473
vt 0.928162 1.040344
vt 0.924805 1.045471
vt 0.941467 1.049011
vt 0.937805 1.054688
vt 0.920288 1.051880
vt 0.933105 1.061584
vt 0.935425 1.139648
vt 0.902405 1.112732
vt 0.893677 1.163269
vt 0.875244 1.152161
vt 0.876709 1.098816
vt 0.858459 1.144409
vt 0.833557 1.136597
vt 0.893677 1.163269
vt 0.913574 1.178772
vt 0.935425 1.139648
vt 0.950684 1.179810
vt 0.927856 1.193054
vt 0.935669 1.213318
vt 0.478027 1.655945
vt 0.478027 1.733093
vt 0.516418 1.705750
vt 0.516418 1.733459
vt 0.478027 1.771240
vt 0.516418 1.770325
vt 0.671021 1.641113
vt 0.612549 1.656616
vt 0.696350 1.711853
vt 0.628784 1.737549
vt 0.590088 1.705750
vt 0.590088 1.732727
vt 0.696350 1.711853
vt 0.757385 1.671570
vt 0.671021 1.641113
vt 0.726074 1.615662
vt 0.808105 1.619995
vt 0.776550 1.580811
vt 0.847168 1.560425
vt 0.820984 1.537415
vt 0.873108 1.495544
vt 0.858032 1.486389
vt 0.887512 1.429565
vt 0.817688 1.402161
vt 0.891174 1.364624
vt 0.832520 1.351868
vt 0.478027 1.655945
vt 0.552856 1.660583
vt 0.501770 1.587769
vt 0.552856 1.592285
vt 0.612549 1.656616
vt 0.600525 1.588684
vt 0.671021 1.641113
vt 0.647034 1.576111
vt 0.726074 1.615662
vt 0.690918 1.555176
vt 0.776550 1.580811
vt 0.731018 1.526489
vt 0.820984 1.537415
vt 0.766174 1.490723
vt 0.858032 1.486389
vt 0.795227 1.448914
vt 0.817688 1.402161
vt 0.798828 1.394897
vt 0.832520 1.351868
vt 0.979797 1.159607
vt 0.950684 1.179810
vt 0.978760 1.187378
vt 0.973267 1.213928
vt 0.935669 1.213318
vt 0.590088 1.732727
vt 0.590088 1.757568
vt 0.628784 1.737549
vt 0.628784 1.756042
vt 0.590088 1.777222
vt 0.628784 1.776306
vt 0.552856 1.524414
vt 0.587769 1.521118
vt 0.552856 1.474609
vt 0.590942 1.471802
vt 0.621826 1.511047
vt 0.635071 1.466187
vt 0.653931 1.494629
vt 0.671204 1.459412
vt 0.683167 1.472473
vt 0.713928 1.449036
vt 0.731018 1.526489
vt 0.766174 1.490723
vt 0.887390 1.302429
vt 0.876709 1.243286
vt 0.854553 1.300659
vt 0.866211 1.244385
vt 0.865417 1.203003
vt 0.024292 1.011047
vt 0.015686 1.018433
vt 0.052490 1.011047
vt 0.043457 1.026917
vt 0.020081 1.026917
vt 0.043457 1.026917
vt 0.098145 1.026917
vt 0.052490 1.011047
vt 0.098633 1.011047
vt 0.127075 1.026917
vt 0.129761 1.011047
vt 0.366638 1.032654
vt 0.380127 1.026550
vt 0.356079 1.028137
vt 0.361694 1.015503
vt 0.373352 1.011536
vt 0.966614 1.323792
vt 0.966614 1.354126
vt 0.981506 1.323486
vt 0.981506 1.354065
vt 0.966614 1.378967
vt 0.981506 1.390625
vt 0.966614 1.409668
vt 0.981506 1.425720
vt 0.966614 1.436646
vt 0.966614 1.463562
vt 0.966614 1.549500
vt 0.966614 1.586060
vt 0.981506 1.550903
vt 0.981506 1.586304
vt 0.966614 1.621399
vt 0.981506 1.623840
vt 0.966614 1.660156
vt 0.981506 1.660095
vt 0.966614 1.699463
vt 0.981506 1.699829
vt 0.966614 1.740479
vt 0.981506 1.740173
vt 0.026367 1.980530
vt 0.026367 1.961548
vt 0.010315 1.970032
vt 0.010315 1.871216
vt 0.017639 1.837830
vt 0.010315 1.845337
vt 0.851135 1.077576
vt 0.836548 1.079529
vt 0.876709 1.098816
vt 0.798828 1.394897
vt 0.762573 1.430359
vt 0.795227 1.448914
vt 0.362366 1.411499
vt 0.363892 1.459351
vt 0.404602 1.437683
vt 0.501770 1.587769
vt 0.478027 1.617371
vt 0.478027 1.655945
vt 0.928406 1.291321
vt 0.937805 1.280273
vt 0.934204 1.278076
vt 0.775024 1.137207
vt 0.795654 1.133972
vt 0.784180 1.117676
vt 0.375122 1.510315
vt 0.402588 1.556763
vt 0.411560 1.545227
vt 0.895752 1.058167
vt 0.880188 1.051697
vt 0.857605 1.061829
vt 0.812866 1.133972
vt 0.796387 1.101440
vt 0.795654 1.133972
vt 0.784180 1.117676
vt 0.940002 1.233093
vt 0.939636 1.255554
vt 0.963806 1.238342
vt 0.951782 1.260437
vt 0.951782 1.260437
vt 0.939636 1.255554
vt 0.937805 1.280273
vt 0.934204 1.278076
vt 0.876709 1.098816
vt 0.836548 1.079529
vt 0.833557 1.136597
vt 0.814453 1.087952
vt 0.612549 1.656616
vt 0.552856 1.660583
vt 0.590088 1.705750
vt 0.552856 1.705750
vt 0.442322 1.596313
vt 0.478027 1.617371
vt 0.454285 1.571655
vt 0.501770 1.587769
vt 0.552856 1.705750
vt 0.552856 1.660583
vt 0.516418 1.705750
vt 0.478027 1.655945
vt 0.455200 1.489380
vt 0.442688 1.453918
vt 0.429871 1.464539
vt 0.404602 1.437683
vt 0.485046 1.508118
vt 0.475342 1.464355
vt 0.455200 1.489380
vt 0.442688 1.453918
vt 0.518066 1.519897
vt 0.516602 1.471619
vt 0.485046 1.508118
vt 0.475342 1.464355
vt 0.552856 1.524414
vt 0.552856 1.474609
vt 0.518066 1.519897
vt 0.516602 1.471619
vt 0.795227 1.448914
vt 0.762573 1.430359
vt 0.766174 1.490723
vt 0.713928 1.449036
vt 0.442322 1.596313
vt 0.454285 1.571655
vt 0.402588 1.556763
vt 0.411560 1.545227
vt 0.375122 1.510315
vt 0.429871 1.464539
vt 0.363892 1.459351
vt 0.404602 1.437683
vt 0.832520 1.351868
vt 0.891174 1.364624
vt 0.854553 1.300659
vt 0.887390 1.302429
vt 0.478027 1.791626
vt 0.516418 1.787720
vt 0.478027 1.771240
vt 0.516418 1.770325
vt 0.010315 1.871216
vt 0.026367 1.866028
vt 0.017639 1.837830
vt 0.026367 1.842834
vt 0.424011 1.026550
vt 0.423645 1.011536
vt 0.380127 1.026550
vt 0.373352 1.011536
vt 0.474976 1.026550
vt 0.474854 1.011536
vt 0.424011 1.026550
vt 0.423645 1.011536
vt 0.525696 1.026550
vt 0.525635 1.011536
vt 0.474976 1.026550
vt 0.474854 1.011536
vt 0.833557 1.136597
vt 0.814453 1.087952
vt 0.812866 1.133972
vt 0.796387 1.101440
vt 0.973267 1.213928
vt 0.935669 1.213318
vt 0.963806 1.238342
vt 0.940002 1.233093
vt 0.010315 1.888062
vt 0.026367 1.887817
vt 0.010315 1.871216
vt 0.026367 1.866028
vt 0.010315 1.940491
vt 0.026367 1.940186
vt 0.010315 1.914246
vt 0.026367 1.913940
vt 0.010315 1.888062
vt 0.010315 1.914246
vt 0.026367 1.887817
vt 0.026367 1.913940
vt 0.026367 1.980530
vt 0.010315 1.970032
vt 0.016968 1.990173
vt 0.010315 1.983215
vt 0.010315 1.970032
vt 0.026367 1.961548
vt 0.010315 1.940491
vt 0.026367 1.940186
vt 0.966614 1.494019
vt 0.981506 1.465027
vt 0.966614 1.463562
vt 0.981506 1.425720
vt 0.966614 1.518921
vt 0.981506 1.506531
vt 0.966614 1.494019
vt 0.981506 1.465027
vt 0.981506 1.506531
vt 0.966614 1.518921
vt 0.981506 1.550903
vt 0.966614 1.549500
vt 0.624756 1.026550
vt 0.672729 1.026550
vt 0.625061 1.011536
vt 0.672852 1.011536
vt 0.718994 1.026550
vt 0.718872 1.011536
vt 0.672729 1.026550
vt 0.672852 1.011536
vt 0.157227 1.011047
vt 0.129761 1.011047
vt 0.157166 1.026917
vt 0.127075 1.026917
vt 0.157227 1.011047
vt 0.157166 1.026917
vt 0.198792 1.011047
vt 0.199036 1.026917
vt 0.198792 1.011047
vt 0.199036 1.026917
vt 0.239807 1.011047
vt 0.239746 1.026917
vt 0.239807 1.011047
vt 0.239746 1.026917
vt 0.276794 1.011047
vt 0.279297 1.026917
vt 0.276794 1.011047
vt 0.279297 1.026917
vt 0.314148 1.011047
vt 0.315430 1.026917
vt 0.981506 1.288025
vt 0.966614 1.286987
vt 0.981506 1.323486
vt 0.966614 1.323792
vt 0.762634 1.026550
vt 0.762512 1.011536
vt 0.718994 1.026550
vt 0.718872 1.011536
vt 0.804688 1.026550
vt 0.805237 1.011536
vt 0.762634 1.026550
vt 0.762512 1.011536
vt 0.981506 1.740173
vt 0.966614 1.740479
vt 0.981506 1.764832
vt 0.966614 1.769470
vt 0.804688 1.026550
vt 0.829834 1.026550
vt 0.805237 1.011536
vt 0.834839 1.011536
vt 0.874329 1.021362
vt 0.889465 1.026917
vt 0.876831 1.015259
vt 0.891785 1.021179
vt 0.920288 1.051880
vt 0.910278 1.066406
vt 0.933105 1.061584
vt 0.902405 1.112732
vt 0.857605 1.061829
vt 0.880188 1.051697
vt 0.868042 1.036499
vt 0.884033 1.041809
vt 0.895752 1.058167
vt 0.857605 1.061829
vt 0.876709 1.098816
vt 0.851135 1.077576
vt 0.902405 1.112732
vt 0.910278 1.066406
vt 0.876709 1.098816
vt 0.895752 1.058167
vt 0.935425 1.139648
vt 0.950439 1.080322
vt 0.902405 1.112732
vt 0.933105 1.061584
vt 0.950684 1.179810
vt 0.979797 1.159607
vt 0.935425 1.139648
vt 0.975464 1.131714
vt 0.975464 1.131714
vt 0.965454 1.104614
vt 0.935425 1.139648
vt 0.950439 1.080322
vt 0.575623 1.026550
vt 0.575684 1.011536
vt 0.525696 1.026550
vt 0.525635 1.011536
vt 0.624756 1.026550
vt 0.625061 1.011536
vt 0.575623 1.026550
vt 0.575684 1.011536
vt 0.868042 1.036499
vt 0.884033 1.041809
vt 0.874329 1.021362
vt 0.889465 1.026917
vt 0.375122 1.510315
vt 0.411560 1.545227
vt 0.429871 1.464539
vt 0.455200 1.489380
vt 0.454285 1.571655
vt 0.485046 1.508118
vt 0.501770 1.587769
vt 0.518066 1.519897
vt 0.552856 1.592285
vt 0.552856 1.524414
vt 0.600525 1.588684
vt 0.587769 1.521118
vt 0.647034 1.576111
vt 0.621826 1.511047
vt 0.690918 1.555176
vt 0.653931 1.494629
vt 0.731018 1.526489
vt 0.683167 1.472473
vt 0.928162 1.040344
vt 0.924805 1.045471
vt 0.941467 1.049011
vt 0.937805 1.054688
vt 0.920288 1.051880
vt 0.933105 1.061584
vt 0.935425 1.139648
vt 0.902405 1.112732
vt 0.893677 1.163269
vt 0.875244 1.152161
vt 0.876709 1.098816
vt 0.858459 1.144409
vt 0.833557 1.136597
vt 0.893677 1.163269
vt 0.913574 1.178772
vt 0.935425 1.139648
vt 0.950684 1.179810
vt 0.927856 1.193054
vt 0.935669 1.213318
vt 0.478027 1.655945
vt 0.478027 1.733093
vt 0.516418 1.705750
vt 0.516418 1.733459
vt 0.478027 1.771240
vt 0.516418 1.770325
vt 0.671021 1.641113
vt 0.612549 1.656616
vt 0.696350 1.711853
vt 0.628784 1.737549
vt 0.590088 1.705750
vt 0.590088 1.732727
vt 0.696350 1.711853
vt 0.757385 1.671570
vt 0.671021 1.641113
vt 0.726074 1.615662
vt 0.808105 1.619995
vt 0.776550 1.580811
vt 0.847168 1.560425
vt 0.820984 1.537415
vt 0.873108 1.495544
vt 0.858032 1.486389
vt 0.887512 1.429565
vt 0.817688 1.402161
vt 0.891174 1.364624
vt 0.832520 1.351868
vt 0.478027 1.655945
vt 0.552856 1.660583
vt 0.501770 1.587769
vt 0.552856 1.592285
vt 0.612549 1.656616
vt 0.600525 1.588684
vt 0.671021 1.641113
vt 0.647034 1.576111
vt 0.726074 1.615662
vt 0.690918 1.555176
vt 0.776550 1.580811
vt 0.731018 1.526489
vt 0.820984 1.537415
vt 0.766174 1.490723
vt 0.858032 1.486389
vt 0.795227 1.448914
vt 0.817688 1.402161
vt 0.798828 1.394897
vt 0.832520 1.351868
vt 0.979797 1.159607
vt 0.950684 1.179810
vt 0.978760 1.187378
vt 0.973267 1.213928
vt 0.935669 1.213318
vt 0.590088 1.732727
vt 0.590088 1.757568
vt 0.628784 1.737549
vt 0.628784 1.756042
vt 0.590088 1.777222
vt 0.628784 1.776306
vt 0.552856 1.524414
vt 0.587769 1.521118
vt 0.552856 1.474609
vt 0.590942 1.471802
vt 0.621826 1.511047
vt 0.635071 1.466187
vt 0.653931 1.494629
vt 0.671204 1.459412
vt 0.683167 1.472473
vt 0.713928 1.449036
vt 0.731018 1.526489
vt 0.766174 1.490723
vt 0.887390 1.302429
vt 0.876709 1.243286
vt 0.854553 1.300659
vt 0.866211 1.244385
vt 0.865417 1.203003
vt 0.024292 1.011047
vt 0.015686 1.018433
vt 0.052490 1.011047
vt 0.043457 1.026917
vt 0.020081 1.026917
vt 0.043457 1.026917
vt 0.098145 1.026917
vt 0.052490 1.011047
vt 0.098633 1.011047
vt 0.127075 1.026917
vt 0.129761 1.011047
vt 0.366638 1.032654
vt 0.380127 1.026550
vt 0.356079 1.028137
vt 0.361694 1.015503
vt 0.373352 1.011536
vt 0.966614 1.323792
vt 0.966614 1.354126
vt 0.981506 1.323486
vt 0.981506 1.354065
vt 0.966614 1.378967
vt 0.981506 1.390625
vt 0.966614 1.409668
vt 0.981506 1.425720
vt 0.966614 1.436646
vt 0.966614 1.463562
vt 0.966614 1.549500
vt 0.966614 1.586060
vt 0.981506 1.550903
vt 0.981506 1.586304
vt 0.966614 1.621399
vt 0.981506 1.623840
vt 0.966614 1.660156
vt 0.981506 1.660095
vt 0.966614 1.699463
vt 0.981506 1.699829
vt 0.966614 1.740479
vt 0.981506 1.740173
vt 0.267273 1.376465
vt 0.272461 1.370789
vt 0.256104 1.364075
vt 0.239746 1.370972
vt 0.244995 1.376526
vt 0.256104 1.364075
vt 0.201904 1.462158
vt 0.201660 1.448120
vt 0.228577 1.455811
vt 0.226440 1.444153
vt 0.256104 1.379700
vt 0.256104 1.364075
vt 0.250488 1.379089
vt 0.244995 1.376526
vt 0.228577 1.455811
vt 0.226440 1.444153
vt 0.256104 1.449768
vt 0.256104 1.440186
vt 0.234314 1.417542
vt 0.256104 1.415955
vt 0.244324 1.395447
vt 0.256104 1.394836
vt 0.250488 1.379089
vt 0.256104 1.379700
vt 0.256104 1.379700
vt 0.256104 1.394836
vt 0.261719 1.379089
vt 0.268127 1.395569
vt 0.256104 1.415955
vt 0.278564 1.417297
vt 0.256104 1.440186
vt 0.285889 1.443542
vt 0.256104 1.449768
vt 0.283752 1.456238
vt 0.256104 1.379700
vt 0.261719 1.379089
vt 0.256104 1.364075
vt 0.267273 1.376465
vt 0.268127 1.395569
vt 0.280762 1.394409
vt 0.278564 1.417297
vt 0.298157 1.417297
vt 0.285889 1.443542
vt 0.310120 1.447510
vt 0.283752 1.456238
vt 0.310364 1.461853
vt 0.267273 1.376465
vt 0.280762 1.394409
vt 0.272461 1.370789
vt 0.292542 1.386536
vt 0.298157 1.417297
vt 0.316711 1.408936
vt 0.310120 1.447510
vt 0.334961 1.443542
vt 0.310364 1.461853
vt 0.336975 1.458984
vt 0.177185 1.444397
vt 0.201660 1.448120
vt 0.195923 1.409241
vt 0.214661 1.417603
vt 0.226440 1.444153
vt 0.234314 1.417542
vt 0.256104 1.440186
vt 0.256104 1.415955
vt 0.195923 1.409241
vt 0.214661 1.417603
vt 0.220032 1.386841
vt 0.231873 1.394531
vt 0.234314 1.417542
vt 0.244324 1.395447
vt 0.256104 1.415955
vt 0.256104 1.394836
vt 0.220032 1.386841
vt 0.231873 1.394531
vt 0.239746 1.370972
vt 0.244995 1.376526
vt 0.244324 1.395447
vt 0.250488 1.379089
vt 0.256104 1.394836
vt 0.256104 1.379700
vt 0.175049 1.459961
vt 0.201904 1.462158
vt 0.177185 1.444397
vt 0.201660 1.448120
vt 0.228577 1.455811
vt 0.226440 1.444153
vt 0.256104 1.449768
vt 0.256104 1.440186
vt 0.336975 1.458984
vt 0.310364 1.461853
vt 0.334961 1.443542
vt 0.310120 1.447510
vt 0.283752 1.456238
vt 0.285889 1.443542
vt 0.256104 1.449768
vt 0.256104 1.440186
vt 0.175049 1.459961
vt 0.177185 1.444397
vt 0.201904 1.462158
vt 0.201660 1.448120
vt 0.195923 1.409241
vt 0.214661 1.417603
vt 0.220032 1.386841
vt 0.231873 1.394531
vt 0.239746 1.370972
vt 0.244995 1.376526
vt 0.256104 1.364075
vt 0.201660 1.448120
vt 0.214661 1.417603
vt 0.226440 1.444153
vt 0.234314 1.417542
vt 0.231873 1.394531
vt 0.244324 1.395447
vt 0.244995 1.376526
vt 0.250488 1.379089
vt 0.256104 1.364075
vt 0.256104 1.379700
vt 0.334961 1.443542
vt 0.310120 1.447510
vt 0.316711 1.408936
vt 0.298157 1.417297
vt 0.285889 1.443542
vt 0.278564 1.417297
vt 0.256104 1.440186
vt 0.256104 1.415955
vt 0.316711 1.408936
vt 0.298157 1.417297
vt 0.292542 1.386536
vt 0.280762 1.394409
vt 0.278564 1.417297
vt 0.268127 1.395569
vt 0.256104 1.415955
vt 0.256104 1.394836
vt 0.292542 1.386536
vt 0.280762 1.394409
vt 0.272461 1.370789
vt 0.267273 1.376465
vt 0.268127 1.395569
vt 0.261719 1.379089
vt 0.256104 1.394836
vt 0.256104 1.379700
vt 0.256104 1.379700
vt 0.256104 1.364075
vt 0.261719 1.379089
vt 0.267273 1.376465
vt 0.272461 1.370789
vt 0.434937 1.851501
vt 0.434875 1.847229
vt 0.369446 1.857056
vt 0.928101 1.784363
vt 0.922424 1.749634
vt 0.887329 1.753235
vt 0.434937 1.851501
vt 0.435059 1.887878
vt 0.500671 1.851257
vt 0.500732 1.887878
vt 0.943054 1.465027
vt 0.935059 1.466187
vt 0.943054 1.486450
vt 0.935059 1.497192
vt 0.943054 1.413574
vt 0.935059 1.413513
vt 0.943054 1.465027
vt 0.935059 1.466187
vt 0.448486 1.778625
vt 0.373047 1.789124
vt 0.450684 1.817139
vt 0.370850 1.817139
vt 0.450562 1.719482
vt 0.370850 1.719177
vt 0.448486 1.778625
vt 0.373047 1.789124
vt 0.450684 1.661499
vt 0.370789 1.661499
vt 0.450562 1.719482
vt 0.370850 1.719177
vt 0.171387 1.096191
vt 0.171387 1.046265
vt 0.141785 1.096191
vt 0.141785 1.046265
vt 0.203430 1.096191
vt 0.203430 1.046265
vt 0.171387 1.096191
vt 0.171387 1.046265
vt 0.238953 1.096191
vt 0.238953 1.046265
vt 0.203430 1.096191
vt 0.203430 1.046265
vt 0.906677 1.578003
vt 0.862549 1.567383
vt 0.897278 1.611450
vt 0.847412 1.595398
vt 0.897278 1.611450
vt 0.847412 1.595398
vt 0.885193 1.644043
vt 0.831482 1.621521
vt 0.885193 1.644043
vt 0.831482 1.621521
vt 0.872131 1.676392
vt 0.813354 1.645142
vt 0.872131 1.676392
vt 0.813354 1.645142
vt 0.854248 1.706421
vt 0.794861 1.666931
vt 0.820557 1.719177
vt 0.794861 1.666931
vt 0.795654 1.694336
vt 0.783508 1.679504
vt 0.919617 1.409241
vt 0.905640 1.410583
vt 0.919983 1.427063
vt 0.904602 1.428223
vt 0.862549 1.567383
vt 0.906677 1.578003
vt 0.877441 1.538086
vt 0.913452 1.543945
vt 0.877441 1.538086
vt 0.913452 1.543945
vt 0.889709 1.506775
vt 0.917847 1.509460
vt 0.889709 1.506775
vt 0.917847 1.509460
vt 0.898682 1.469666
vt 0.919861 1.470947
vt 0.898682 1.469666
vt 0.919861 1.470947
vt 0.904602 1.428223
vt 0.919983 1.427063
vt 0.826782 1.784973
vt 0.764526 1.773376
vt 0.764160 1.783569
vt 0.700134 1.786438
vt 0.888062 1.784973
vt 0.827209 1.762390
vt 0.826782 1.784973
vt 0.764526 1.773376
vt 0.566650 1.851196
vt 0.566467 1.887878
vt 0.632690 1.851501
vt 0.632263 1.887878
vt 0.943054 1.521179
vt 0.935059 1.530945
vt 0.943054 1.563721
vt 0.935059 1.567993
vt 0.943054 1.486450
vt 0.935059 1.497192
vt 0.943054 1.521179
vt 0.935059 1.530945
vt 0.825378 1.990540
vt 0.825378 1.976440
vt 0.785889 1.990540
vt 0.785889 1.976440
vt 0.864746 1.990540
vt 0.864807 1.976440
vt 0.825378 1.990540
vt 0.825378 1.976440
vt 0.904358 1.990540
vt 0.904358 1.976440
vt 0.864746 1.990540
vt 0.864807 1.976440
vt 0.944092 1.990540
vt 0.943848 1.976440
vt 0.904358 1.990540
vt 0.904358 1.976440
vt 0.979919 1.990540
vt 0.972473 1.976440
vt 0.944092 1.990540
vt 0.943848 1.976440
vt 0.954712 1.850403
vt 0.937134 1.855103
vt 0.955811 1.887878
vt 0.938354 1.887878
vt 0.316101 1.991455
vt 0.316040 1.978088
vt 0.274231 1.991455
vt 0.274292 1.978088
vt 0.943176 1.782959
vt 0.928101 1.784363
vt 0.954712 1.850403
vt 0.937134 1.855103
vt 0.233948 1.991455
vt 0.274231 1.991455
vt 0.233887 1.978088
vt 0.274292 1.978088
vt 0.233948 1.991455
vt 0.233887 1.978088
vt 0.195129 1.991455
vt 0.195190 1.978088
vt 0.195129 1.991455
vt 0.195190 1.978088
vt 0.157288 1.991455
vt 0.157776 1.978088
vt 0.935852 1.748474
vt 0.922424 1.749634
vt 0.943176 1.782959
vt 0.928101 1.784363
vt 0.134033 1.991455
vt 0.157288 1.991455
vt 0.136536 1.978088
vt 0.157776 1.978088
vt 0.785889 1.990540
vt 0.785889 1.976440
vt 0.746277 1.990540
vt 0.746216 1.976440
vt 0.746277 1.990540
vt 0.746216 1.976440
vt 0.706726 1.990540
vt 0.706726 1.976440
vt 0.531555 1.991455
vt 0.535278 1.978088
vt 0.507568 1.991455
vt 0.491516 1.978088
vt 0.531555 1.991455
vt 0.550842 1.991455
vt 0.535278 1.978088
vt 0.555054 1.978088
vt 0.359009 1.991455
vt 0.359009 1.978088
vt 0.316101 1.991455
vt 0.316040 1.978088
vt 0.402405 1.991455
vt 0.402344 1.978088
vt 0.359009 1.991455
vt 0.359009 1.978088
vt 0.452454 1.991455
vt 0.446838 1.978088
vt 0.402405 1.991455
vt 0.402344 1.978088
vt 0.507568 1.991455
vt 0.491516 1.978088
vt 0.452454 1.991455
vt 0.446838 1.978088
vt 0.834290 1.730835
vt 0.854248 1.706421
vt 0.820557 1.719177
vt 0.794861 1.666931
vt 0.500671 1.851257
vt 0.500732 1.887878
vt 0.566650 1.851196
vt 0.566467 1.887878
vt 0.943054 1.563721
vt 0.935059 1.567993
vt 0.943054 1.624756
vt 0.935059 1.620422
vt 0.632263 1.887878
vt 0.697876 1.887878
vt 0.632690 1.851501
vt 0.698181 1.852112
vt 0.762756 1.887878
vt 0.763000 1.852722
vt 0.827271 1.887878
vt 0.826965 1.853149
vt 0.891357 1.887878
vt 0.890564 1.853088
vt 0.827209 1.762390
vt 0.888062 1.784973
vt 0.887329 1.753235
vt 0.928101 1.784363
vt 0.890564 1.853088
vt 0.937134 1.855103
vt 0.891357 1.887878
vt 0.938354 1.887878
vt 0.434937 1.851501
vt 0.500671 1.851257
vt 0.434875 1.847229
vt 0.500671 1.833374
vt 0.566650 1.851196
vt 0.567017 1.817444
vt 0.632690 1.851501
vt 0.633972 1.801086
vt 0.698181 1.852112
vt 0.700134 1.786438
vt 0.763000 1.852722
vt 0.764160 1.783569
vt 0.826965 1.853149
vt 0.826782 1.784973
vt 0.890564 1.853088
vt 0.888062 1.784973
vt 0.304260 1.887878
vt 0.369324 1.887878
vt 0.304260 1.863403
vt 0.369446 1.857056
vt 0.435059 1.887878
vt 0.434937 1.851501
vt 0.706726 1.976440
vt 0.667114 1.976440
vt 0.706726 1.990540
vt 0.662537 1.990540
vt 0.627625 1.976440
vt 0.612854 1.990540
vt 0.588196 1.976440
vt 0.593140 1.990540
vt 0.935059 1.620422
vt 0.935059 1.657837
vt 0.943054 1.624756
vt 0.943054 1.667114
vt 0.935059 1.691467
vt 0.943054 1.709595
vt 0.935059 1.722595
vt 0.943054 1.726013
vt 0.434937 1.851501
vt 0.434875 1.843567
vt 0.369446 1.853394
vt 0.928101 1.784363
vt 0.922424 1.745972
vt 0.887329 1.749573
vt 0.434937 1.851501
vt 0.435059 1.888489
vt 0.500671 1.851257
vt 0.500732 1.888489
vt 0.946045 1.465027
vt 0.932129 1.466187
vt 0.946045 1.486450
vt 0.932129 1.497192
vt 0.946045 1.413574
vt 0.932129 1.413513
vt 0.946045 1.465027
vt 0.932129 1.466187
vt 0.448486 1.778625
vt 0.373047 1.789124
vt 0.450684 1.817139
vt 0.370850 1.817139
vt 0.450562 1.719482
vt 0.370850 1.719177
vt 0.448486 1.778625
vt 0.373047 1.789124
vt 0.450684 1.661499
vt 0.370789 1.661499
vt 0.450562 1.719482
vt 0.370850 1.719177
vt 0.170593 1.097351
vt 0.170593 1.045105
vt 0.139648 1.097351
vt 0.139648 1.045105
vt 0.203979 1.097351
vt 0.203979 1.045105
vt 0.170593 1.097351
vt 0.170593 1.045105
vt 0.241150 1.097351
vt 0.241150 1.045105
vt 0.203979 1.097351
vt 0.203979 1.045105
vt 0.906128 1.578125
vt 0.861450 1.567383
vt 0.896606 1.612000
vt 0.846069 1.595703
vt 0.896606 1.612000
vt 0.846069 1.595703
vt 0.884399 1.645020
vt 0.829956 1.622192
vt 0.884399 1.645020
vt 0.829956 1.622192
vt 0.871094 1.677795
vt 0.811584 1.646118
vt 0.871094 1.677795
vt 0.811584 1.646118
vt 0.853027 1.708191
vt 0.792847 1.668213
vt 0.818848 1.721130
vt 0.792847 1.668213
vt 0.793640 1.695984
vt 0.781372 1.680969
vt 0.919250 1.407104
vt 0.905090 1.408508
vt 0.919617 1.425171
vt 0.903992 1.426392
vt 0.861450 1.567383
vt 0.906128 1.578125
vt 0.876526 1.537659
vt 0.913025 1.543579
vt 0.876526 1.537659
vt 0.913025 1.543579
vt 0.888977 1.505981
vt 0.917480 1.508667
vt 0.888977 1.505981
vt 0.917480 1.508667
vt 0.898071 1.468323
vt 0.919495 1.469604
vt 0.898071 1.468323
vt 0.919495 1.469604
vt 0.903992 1.426392
vt 0.919617 1.425171
vt 0.826782 1.784973
vt 0.764526 1.769714
vt 0.764160 1.783569
vt 0.700134 1.782776
vt 0.888062 1.784973
vt 0.827209 1.758667
vt 0.826782 1.784973
vt 0.764526 1.769714
vt 0.566650 1.851196
vt 0.566467 1.888489
vt 0.632690 1.851501
vt 0.632263 1.888489
vt 0.946045 1.521179
vt 0.932129 1.530945
vt 0.946045 1.563721
vt 0.932129 1.567993
vt 0.946045 1.486450
vt 0.932129 1.497192
vt 0.946045 1.521179
vt 0.932129 1.530945
vt 0.825378 1.990540
vt 0.825378 1.976440
vt 0.785889 1.990540
vt 0.785889 1.976440
vt 0.864746 1.990540
vt 0.864807 1.976440
vt 0.825378 1.990540
vt 0.825378 1.976440
vt 0.904358 1.990540
vt 0.904358 1.976440
vt 0.864746 1.990540
vt 0.864807 1.976440
vt 0.944092 1.990540
vt 0.943848 1.976440
vt 0.904358 1.990540
vt 0.904358 1.976440
vt 0.979919 1.990540
vt 0.972473 1.976440
vt 0.944092 1.990540
vt 0.943848 1.976440
vt 0.954712 1.850403
vt 0.937134 1.855103
vt 0.955811 1.888489
vt 0.938354 1.888489
vt 0.316101 1.991455
vt 0.316040 1.978088
vt 0.274231 1.991455
vt 0.274292 1.978088
vt 0.943176 1.782959
vt 0.928101 1.784363
vt 0.954712 1.850403
vt 0.937134 1.855103
vt 0.233948 1.991455
vt 0.274231 1.991455
vt 0.233887 1.978088
vt 0.274292 1.978088
vt 0.233948 1.991455
vt 0.233887 1.978088
vt 0.195129 1.991455
vt 0.195190 1.978088
vt 0.195129 1.991455
vt 0.195190 1.978088
vt 0.157288 1.991455
vt 0.157776 1.978088
vt 0.935852 1.744812
vt 0.922424 1.745972
vt 0.943176 1.782959
vt 0.928101 1.784363
vt 0.134033 1.991455
vt 0.157288 1.991455
vt 0.136536 1.978088
vt 0.157776 1.978088
vt 0.785889 1.990540
vt 0.785889 1.976440
vt 0.746277 1.990540
vt 0.746216 1.976440
vt 0.746277 1.990540
vt 0.746216 1.976440
vt 0.706726 1.990540
vt 0.706726 1.976440
vt 0.531555 1.991455
vt 0.535278 1.978088
vt 0.507568 1.991455
vt 0.491516 1.978088
vt 0.531555 1.991455
vt 0.550842 1.991455
vt 0.535278 1.978088
vt 0.555054 1.978088
vt 0.359009 1.991455
vt 0.359009 1.978088
vt 0.316101 1.991455
vt 0.316040 1.978088
vt 0.402405 1.991455
vt 0.402344 1.978088
vt 0.359009 1.991455
vt 0.359009 1.978088
vt 0.452454 1.991455
vt 0.446838 1.978088
vt 0.402405 1.991455
vt 0.402344 1.978088
vt 0.507568 1.991455
vt 0.491516 1.978088
vt 0.452454 1.991455
vt 0.446838 1.978088
vt 0.832764 1.732971
vt 0.853027 1.708191
vt 0.818848 1.721130
vt 0.792847 1.668213
vt 0.500671 1.851257
vt 0.500732 1.888489
vt 0.566650 1.851196
vt 0.566467 1.888489
vt 0.946045 1.563721
vt 0.932129 1.567993
vt 0.946045 1.624756
vt 0.932129 1.620422
vt 0.632263 1.888489
vt 0.697876 1.888489
vt 0.632690 1.851501
vt 0.698181 1.852112
vt 0.762756 1.888489
vt 0.763000 1.852722
vt 0.827271 1.888489
vt 0.826965 1.853149
vt 0.891357 1.888489
vt 0.890564 1.853088
vt 0.827209 1.758667
vt 0.888062 1.784973
vt 0.887329 1.749573
vt 0.928101 1.784363
vt 0.890564 1.853088
vt 0.937134 1.855103
vt 0.891357 1.888489
vt 0.938354 1.888489
vt 0.434937 1.851501
vt 0.500671 1.851257
vt 0.434875 1.843567
vt 0.500671 1.829651
vt 0.566650 1.851196
vt 0.567017 1.813782
vt 0.632690 1.851501
vt 0.633972 1.797424
vt 0.698181 1.852112
vt 0.700134 1.782776
vt 0.763000 1.852722
vt 0.764160 1.783569
vt 0.826965 1.853149
vt 0.826782 1.784973
vt 0.890564 1.853088
vt 0.888062 1.784973
vt 0.304260 1.888489
vt 0.369324 1.888489
vt 0.304260 1.859680
vt 0.369446 1.853394
vt 0.435059 1.888489
vt 0.434937 1.851501
vt 0.706726 1.976440
vt 0.667114 1.976440
vt 0.706726 1.990540
vt 0.662537 1.990540
vt 0.627625 1.976440
vt 0.612854 1.990540
vt 0.588196 1.976440
vt 0.593140 1.990540
vt 0.932129 1.620422
vt 0.932129 1.657837
vt 0.946045 1.624756
vt 0.946045 1.667114
vt 0.932129 1.691467
vt 0.946045 1.709595
vt 0.932129 1.722595
vt 0.946045 1.726013
vn -0.6736 0.2752 -0.6859
vn -0.8577 0.2936 -0.4221
vn -0.4268 0.3154 -0.8476
vn 0.9311 0.2245 0.2876
vn 0.9537 0.2521 -0.1638
vn 0.9602 0.2642 0.0909
vn 0.8577 0.2936 -0.4221
vn 0.6736 0.2752 -0.6859
vn 0.4268 0.3154 -0.8476
vn 0.6998 0.2372 0.6738
vn 0.7815 0.2500 0.5717
vn 0.7179 0.5646 0.4073
vn 0.8717 0.1854 -0.4536
vn 0.6140 -0.7850 -0.0824
vn 0.6998 0.2373 0.6738
vn 0.0630 0.2003 0.9777
vn 0.6248 0.2239 0.7480
vn -0.9324 0.2239 0.2836
vn -0.9241 0.2313 0.3043
vn -0.9311 0.2245 0.2876
vn -0.5536 -0.8327 -0.0107
vn -0.2321 -0.9591 -0.1622
vn -0.1819 -0.9748 -0.1293
vn -0.5901 -0.8045 -0.0679
vn -0.6140 -0.7850 -0.0824
vn -0.4361 -0.8388 -0.3260
vn -0.6322 0.4507 0.6303
vn -0.7654 0.3474 0.5418
vn -0.5181 0.4054 0.7532
vn -0.8717 0.1854 -0.4536
vn -0.5329 0.1201 0.8376
vn -0.4609 0.3674 0.8078
vn -0.4651 0.3750 0.8019
vn 0.1932 -0.0535 -0.9797
vn 0.8683 -0.2888 0.4033
vn -0.0040 -0.9999 -0.0163
vn 0.0000 1.0000 0.0000
vn -0.1932 -0.0535 -0.9797
vn 0.0040 -0.9999 -0.0163
vn -0.8683 -0.2888 0.4033
vn 0.0252 -0.0089 -0.9996
vn -0.0252 -0.0089 -0.9996
vn 0.0000 1.0000 -0.0001
vn 0.0252 -0.0090 -0.9996
vn 0.0000 1.0000 0.0001
vn 0.0000 0.0000 1.0000
vn 0.0253 -0.0089 -0.9996
vn 0.0000 0.0000 -1.0000
vn 1.0000 0.0000 0.0000
vn 0.0000 -1.0000 -0.0000
vn 0.0000 -0.9573 -0.2891
vn 0.2044 -0.9573 -0.2044
vn 0.1867 -0.8729 -0.4508
vn 0.2044 -0.9573 0.2044
vn 0.0000 -0.9573 0.2891
vn 0.1867 -0.8729 0.4508
vn 0.2891 -0.9573 0.0000
vn 0.4508 -0.8729 0.1867
vn 0.4508 -0.8729 -0.1867
vn 0.3727 -0.8498 -0.3727
vn 0.6192 -0.7083 -0.3391
vn 0.6880 -0.7082 -0.1585
vn 0.1585 -0.7082 0.6880
vn 0.0000 -0.8498 0.5271
vn -0.0000 -0.7071 0.7071
vn 0.3727 -0.8498 0.3727
vn 0.3391 -0.7083 0.6192
vn 0.5271 -0.8498 -0.0000
vn 0.7284 -0.6847 0.0246
vn 0.3010 0.0251 -0.9533
vn 0.2162 -0.0653 -0.9742
vn 0.0000 0.0252 -0.9997
vn -0.0000 -0.0659 -0.9978
vn 0.4998 0.0252 -0.8658
vn 0.4877 -0.0499 -0.8716
vn 0.3010 0.0252 -0.9533
vn -0.1867 -0.8729 -0.4508
vn -0.0000 -0.8498 -0.5271
vn -0.1867 -0.8729 0.4508
vn -0.2044 -0.9573 -0.2044
vn -0.2044 -0.9573 0.2044
vn -0.2891 -0.9573 0.0000
vn -0.4508 -0.8729 0.1867
vn -0.4508 -0.8729 -0.1867
vn -0.1585 -0.7082 0.6880
vn -0.7284 -0.6847 0.0246
vn -0.6880 -0.7082 -0.1585
vn -0.5271 -0.8498 -0.0000
vn -0.9667 -0.0654 -0.2476
vn -0.9533 0.0252 -0.3010
vn -0.8697 -0.0654 -0.4893
vn -0.8429 0.0251 -0.5374
vn -0.8696 -0.0654 -0.4893
vn -0.7134 -0.0654 -0.6977
vn -0.6751 0.0251 -0.7373
vn -0.4877 -0.0499 -0.8716
vn -0.4998 0.0252 -0.8658
vn 0.0000 -0.1056 0.9944
vn -0.0000 0.0252 0.9997
vn -0.2476 -0.0654 0.9667
vn -0.3010 0.0251 0.9533
vn -0.3010 0.0252 0.9533
vn -0.4893 -0.0654 0.8697
vn -0.5374 0.0251 0.8429
vn -0.4893 -0.0654 0.8696
vn -0.6977 -0.0654 0.7134
vn -0.7373 0.0251 0.6751
vn -0.8586 -0.0654 0.5084
vn -0.8869 0.0251 0.4613
vn -0.9609 -0.0654 0.2689
vn -0.9761 0.0252 0.2160
vn -0.9610 -0.0654 0.2689
vn -0.9761 0.0252 0.2159
vn -0.9978 -0.0654 0.0110
vn -0.9987 0.0251 -0.0439
vn -0.3727 -0.8498 -0.3727
vn -0.3727 -0.8498 0.3727
vn 0.8799 -0.2426 0.4086
vn 0.8683 -0.2889 0.4033
vn 0.6097 -0.0961 -0.7868
vn 0.1933 -0.0535 -0.9797
vn -0.9084 -0.0794 0.4104
vn -0.0960 -0.2374 0.9667
vn 0.9084 -0.0794 0.4104
vn 0.7298 -0.1147 0.6739
vn 0.0960 -0.2374 0.9667
vn -0.2137 -0.2307 0.9493
vn -0.6096 -0.0961 -0.7869
vn 0.5748 0.0318 -0.8177
vn -0.1932 -0.0534 -0.9797
vn 0.5741 0.0039 -0.8188
vn -0.1933 -0.0535 -0.9797
vn -0.8683 -0.2889 0.4033
vn -0.6097 -0.0961 -0.7868
vn -0.8799 -0.2426 0.4086
vn -0.7094 0.0896 0.6991
vn -0.6555 0.0102 0.7551
vn -0.6310 -0.0068 0.7757
vn -0.8096 0.4017 0.4280
vn -0.9602 0.2642 0.0909
vn -0.8988 0.2303 0.3730
vn -0.4694 0.8360 -0.2842
vn -0.8577 0.2937 -0.4221
vn -0.6315 0.7752 -0.0162
vn -0.0899 -0.9740 -0.2082
vn -0.1403 -0.9762 -0.1653
vn -0.1417 -0.9731 -0.1819
vn -0.0899 -0.9740 -0.2081
vn 0.0285 -0.9246 -0.3799
vn 0.0000 -0.0074 1.0000
vn -0.6310 -0.0068 0.7758
vn -0.0000 -0.0662 0.9978
vn 0.4478 0.3041 0.8408
vn -0.0000 -0.8769 0.4807
vn 0.1821 0.8589 0.4787
vn -0.0000 0.8735 0.4868
vn -0.1821 0.8589 0.4787
vn -0.7814 0.2500 0.5717
vn -0.8129 0.1835 0.5527
vn -0.7179 0.5646 0.4072
vn -0.6998 0.2373 0.6738
vn -0.7815 0.2500 0.5717
vn -0.7179 0.5646 0.4073
vn -0.0630 0.2003 0.9777
vn -0.6247 0.2239 0.7480
vn -0.9468 0.2992 -0.1182
vn -0.8717 0.1854 -0.4537
vn -0.8164 0.1382 -0.5607
vn 0.5469 0.3397 -0.7652
vn 0.8977 0.3128 -0.3103
vn 0.0000 0.2919 -0.9565
vn -0.0000 0.2914 -0.9566
vn 0.7094 0.0896 0.6991
vn 0.6310 -0.0068 0.7757
vn 0.6555 0.0102 0.7551
vn 0.5876 -0.0385 0.8082
vn 0.8995 0.3543 0.2556
vn 0.8576 0.2937 -0.4221
vn -0.0000 0.3932 -0.9195
vn 0.8096 0.4017 0.4280
vn 0.6322 0.4507 0.6303
vn 0.8988 0.2303 0.3730
vn 0.7654 0.3474 0.5418
vn 0.9311 0.2245 0.2875
vn 0.0000 0.9271 -0.3747
vn -0.0000 0.9999 0.0168
vn 0.2215 0.8840 -0.4116
vn 0.4694 0.8360 -0.2842
vn 0.5975 0.7558 0.2679
vn 0.0000 0.9999 0.0169
vn 0.4162 0.7910 0.4484
vn -0.0000 0.8363 0.5482
vn 0.6315 0.7752 -0.0161
vn 0.5974 0.7558 0.2679
vn 0.1361 -0.9836 -0.1184
vn 0.1403 -0.9762 -0.1653
vn 0.1417 -0.9731 -0.1819
vn 0.6310 -0.0068 0.7758
vn 0.4609 0.3674 0.8078
vn 0.4651 0.3750 0.8019
vn 0.0000 0.4233 0.9060
vn 0.8129 0.1835 0.5527
vn 0.6247 0.2239 0.7481
vn 0.9468 0.2992 -0.1182
vn 0.8717 0.1854 -0.4537
vn 0.8164 0.1382 -0.5607
vn -0.9431 0.3325 0.0000
vn -1.0000 0.0000 0.0000
vn -0.0253 -0.0089 -0.9996
vn -0.0253 -0.0088 -0.9996
vn -0.9987 0.0251 -0.0440
vn -0.9533 0.0251 -0.3010
vn 0.9431 0.3325 0.0000
vn -0.8693 -0.4942 0.0086
vn -0.8419 -0.4942 -0.2167
vn -0.9472 -0.3205 -0.0076
vn -0.9130 -0.3205 -0.2525
vn 0.5325 -0.6847 -0.4976
vn 0.3744 -0.7082 -0.5986
vn 0.1980 -0.7083 -0.6776
vn -0.0000 -0.6709 -0.7415
vn 0.4976 -0.6847 0.5325
vn 0.5986 -0.7082 0.3744
vn 0.6776 -0.7083 0.1980
vn 0.7284 -0.6847 0.0247
vn -0.0000 -0.5327 0.8463
vn 0.2167 -0.4942 0.8419
vn 0.4272 -0.4942 0.7571
vn 0.6086 -0.4942 0.6207
vn 0.7486 -0.4942 0.4420
vn 0.8375 -0.4942 0.2332
vn 0.8693 -0.4942 0.0085
vn 0.8419 -0.4942 -0.2167
vn 0.7571 -0.4942 -0.4272
vn 0.6207 -0.4942 -0.6086
vn 0.4420 -0.4942 -0.7486
vn 0.2332 -0.4942 -0.8375
vn -0.0000 -0.4586 -0.8886
vn 0.0000 -0.3446 0.9387
vn 0.2525 -0.3205 0.9130
vn 0.4802 -0.3205 0.8165
vn 0.6086 -0.4942 0.6208
vn 0.6752 -0.3205 0.6644
vn 0.8242 -0.3205 0.4669
vn 0.9169 -0.3205 0.2377
vn 0.9472 -0.3205 -0.0076
vn 0.9130 -0.3205 -0.2525
vn 0.8165 -0.3205 -0.4802
vn 0.6208 -0.4942 -0.6086
vn 0.6644 -0.3205 -0.6752
vn 0.4670 -0.3205 -0.8241
vn 0.2377 -0.3205 -0.9169
vn -0.0000 -0.4587 -0.8886
vn -0.0000 -0.2926 -0.9562
vn 0.2476 -0.0654 0.9667
vn 0.4893 -0.0654 0.8696
vn 0.6977 -0.0654 0.7134
vn 0.8242 -0.3205 0.4670
vn 0.8586 -0.0654 0.5084
vn 0.9169 -0.3205 0.2378
vn 0.9609 -0.0654 0.2689
vn 0.9978 -0.0654 0.0110
vn 0.9667 -0.0654 -0.2476
vn 0.8696 -0.0654 -0.4893
vn 0.7134 -0.0654 -0.6977
vn 0.4670 -0.3205 -0.8242
vn 0.2378 -0.3205 -0.9169
vn 0.6751 0.0251 -0.7373
vn 0.8429 0.0252 -0.5374
vn 0.9533 0.0251 -0.3010
vn 0.9987 0.0251 -0.0439
vn 0.9761 0.0251 0.2160
vn 0.9610 -0.0654 0.2689
vn 0.8869 0.0252 0.4612
vn 0.7373 0.0251 0.6751
vn 0.5374 0.0252 0.8429
vn 0.3010 0.0251 0.9533
vn -0.6192 -0.7083 -0.3391
vn -0.5325 -0.6847 -0.4976
vn -0.3744 -0.7082 -0.5986
vn -0.6208 -0.4942 -0.6086
vn -0.4420 -0.4942 -0.7486
vn -0.6644 -0.3205 -0.6752
vn -0.4669 -0.3205 -0.8242
vn -0.4877 -0.0498 -0.8716
vn -0.1980 -0.7083 -0.6776
vn -0.2332 -0.4942 -0.8375
vn -0.4670 -0.3205 -0.8241
vn -0.2378 -0.3205 -0.9169
vn -0.2162 -0.0653 -0.9742
vn -0.2377 -0.3205 -0.9169
vn 0.0000 -0.2925 -0.9563
vn -0.3391 -0.7083 0.6192
vn -0.4976 -0.6847 0.5325
vn -0.5986 -0.7082 0.3744
vn -0.6086 -0.4942 0.6208
vn -0.7486 -0.4942 0.4420
vn -0.6752 -0.3205 0.6643
vn -0.8242 -0.3205 0.4669
vn -0.8586 -0.0654 0.5085
vn -0.6776 -0.7083 0.1980
vn -0.8375 -0.4942 0.2332
vn -0.8241 -0.3205 0.4670
vn -0.9169 -0.3205 0.2378
vn -0.9169 -0.3205 0.2377
vn -0.7571 -0.4942 -0.4272
vn -0.8165 -0.3205 -0.4802
vn -0.9666 -0.0654 -0.2476
vn -0.2167 -0.4942 0.8419
vn -0.2525 -0.3205 0.9130
vn -0.3391 -0.7083 0.6191
vn -0.4272 -0.4942 0.7571
vn -0.4802 -0.3205 0.8165
vn -0.2476 -0.0654 0.9666
vn -0.6752 -0.3205 0.6644
vn -0.3010 0.0251 -0.9533
vn 0.8799 -0.2426 0.4087
vn 0.2137 -0.2308 0.9492
vn -0.7298 -0.1147 0.6739
vn -0.5748 0.0318 -0.8177
vn -0.5740 0.0039 -0.8188
vn -0.5741 0.0039 -0.8188
vn -0.0040 -0.9999 -0.0162
vn 0.6096 -0.0961 -0.7869
vn -0.8799 -0.2426 0.4087
vn -0.2137 -0.2308 0.9492
vn 0.7298 -0.1148 0.6739
vn 0.0040 -0.9999 -0.0162
vn -0.5469 0.3397 -0.7652
vn -0.6736 0.2753 -0.6859
vn -0.8977 0.3128 -0.3103
vn -0.9537 0.2521 -0.1638
vn -0.8995 0.3543 0.2557
vn -0.7848 0.2205 0.5792
vn -0.8576 0.2937 -0.4221
vn -0.2215 0.8840 -0.4116
vn -0.0000 0.4832 0.8755
vn 0.0000 0.5450 0.8384
vn -0.6322 0.4506 0.6303
vn -0.4162 0.7910 0.4484
vn -0.5975 0.7558 0.2679
vn -0.5974 0.7558 0.2679
vn -0.9602 0.2641 0.0909
vn 0.0000 0.3885 0.9215
vn 0.5181 0.4054 0.7532
vn 0.6322 0.4506 0.6303
vn -0.0000 0.8363 0.5483
vn 0.6315 0.7752 -0.0162
vn 0.8576 0.2936 -0.4222
vn 0.2321 -0.9591 -0.1622
vn 0.5901 -0.8045 -0.0679
vn 0.5536 -0.8327 -0.0107
vn 0.4361 -0.8388 -0.3260
vn -0.0285 -0.9246 -0.3799
vn 0.0771 -0.9696 -0.2323
vn 0.2329 -0.9689 -0.0839
vn 0.7814 0.2500 0.5717
vn 0.7179 0.5646 0.4072
vn 0.8996 0.3542 0.2556
vn 0.7848 0.2205 0.5792
vn 0.9324 0.2239 0.2836
vn 0.9241 0.2313 0.3043
vn -0.0017 0.0007 1.0000
vn -0.0009 0.0022 1.0000
vn -0.0013 0.0018 1.0000
vn -0.6806 0.7175 -0.1479
vn -0.8093 0.5360 -0.2404
vn -0.7450 0.6660 -0.0370
vn 0.7928 0.1216 -0.5972
vn 0.7928 -0.0374 -0.6083
vn 0.6850 0.0057 -0.7286
vn 0.7908 -0.0798 0.6069
vn 0.7929 -0.1907 0.5788
vn 0.8149 -0.1450 0.5612
vn 0.6966 -0.6966 0.1718
vn 0.6055 -0.7353 0.3046
vn 0.4991 -0.8524 0.1558
vn -0.6181 -0.7104 0.3366
vn -0.6210 -0.6311 0.4648
vn -0.6188 -0.6576 0.4298
vn -0.8025 0.1026 -0.5877
vn -0.8102 0.2326 -0.5380
vn -0.8067 0.1902 -0.5595
vn 0.7779 -0.3254 0.5376
vn 0.6079 -0.5966 0.5239
vn 0.7721 -0.4362 0.4621
vn -0.5548 0.8313 -0.0331
vn -0.4378 0.8794 -0.1872
vn -0.5362 0.8368 -0.1109
vn -0.8144 0.3915 -0.4283
vn -0.8092 0.3383 -0.4803
vn -0.6288 -0.3675 0.6852
vn -0.6263 -0.5125 0.5874
vn -0.6297 -0.3409 0.6981
vn -0.6244 -0.5423 0.5622
vn -0.8197 0.5195 -0.2412
vn -0.8110 0.4551 -0.3676
vn 0.4812 -0.8449 -0.2336
vn 0.5176 -0.8550 0.0336
vn 0.3720 -0.9175 -0.1410
vn 0.3827 -0.9239 0.0000
vn 0.6087 -0.6796 0.4094
vn 0.7369 -0.5806 0.3462
vn 0.3950 -0.9074 0.1435
vn 0.8297 -0.4109 0.3779
vn 0.9238 -0.2005 0.3261
vn 0.8085 -0.2990 0.5068
vn 0.8149 -0.1449 0.5612
vn 0.8457 -0.4721 0.2489
vn 0.9275 -0.2864 0.2402
vn 0.8296 -0.4109 0.3779
vn 0.8500 -0.5143 0.1138
vn 0.9295 -0.3393 0.1448
vn 0.8373 -0.5463 -0.0236
vn 0.9286 -0.3710 -0.0000
vn 0.6850 0.0057 -0.7285
vn 0.6889 -0.1591 -0.7072
vn 0.8030 -0.1805 -0.5680
vn 0.7369 -0.5807 0.3462
vn 0.7779 -0.3254 0.5375
vn 0.6374 0.3771 -0.6720
vn 0.6077 0.3786 -0.6981
vn 0.6083 0.5340 -0.5872
vn 0.6087 0.5589 -0.5631
vn -0.9693 0.2454 -0.0150
vn -0.9660 -0.2585 0.0082
vn -0.1677 -0.9831 0.0739
vn -0.2272 -0.9733 0.0325
vn -0.0009 0.0042 -1.0000
vn -0.0014 0.0032 -1.0000
vn -0.0020 0.0027 -1.0000
vn -0.0033 -0.0026 -1.0000
vn -0.9562 -0.1417 -0.2563
vn -0.9609 -0.1666 -0.2211
vn -0.9643 -0.1916 -0.1826
vn -0.9635 -0.1956 -0.1828
vn -0.9373 -0.0622 -0.3428
vn -0.9445 -0.0918 -0.3154
vn -0.9151 0.0376 -0.4016
vn -0.9222 0.0015 -0.3866
vn -0.8197 0.5195 -0.2411
vn -0.6225 -0.1426 0.7695
vn -0.6424 -0.1615 0.7491
vn -0.6288 -0.3674 0.6852
vn -0.0009 0.0028 -1.0000
vn -0.0003 0.0037 -1.0000
vn -0.9999 0.0143 0.0012
vn -0.9999 0.0140 0.0013
vn -0.9999 0.0140 -0.0001
vn -0.9999 0.0137 -0.0001
vn -0.9999 0.0147 -0.0012
vn -0.9999 0.0141 -0.0001
vn -0.9999 0.0141 -0.0015
vn 0.0000 0.0025 1.0000
vn 0.0014 0.0013 1.0000
vn 0.3521 0.8959 0.2711
vn 0.3485 0.9180 0.1894
vn 0.3218 0.9379 0.1299
vn 0.3480 0.9373 -0.0179
vn 0.4069 0.8100 0.4223
vn 0.4039 0.8447 0.3513
vn 0.3521 0.8958 0.2711
vn 0.4380 0.7354 0.5170
vn 0.4328 0.7253 0.5354
vn -0.8671 0.2477 -0.4323
vn -0.8408 0.3575 -0.4065
vn -0.8666 0.2501 -0.4318
vn -0.8403 0.3577 -0.4073
vn -0.8167 0.4655 -0.3411
vn -0.8209 0.4394 -0.3648
vn -0.8403 0.3578 -0.4073
vn -0.7510 -0.4142 0.5143
vn -0.7465 -0.5161 0.4200
vn -0.7430 -0.4304 0.5126
vn -0.7283 -0.5467 0.4133
vn -0.7242 -0.3138 0.6140
vn -0.7155 -0.2496 0.6525
vn -0.7242 -0.3137 0.6141
vn -0.7155 -0.2497 0.6525
vn -0.6900 -0.1084 0.7156
vn -0.6665 -0.0247 0.7451
vn -0.6217 0.1246 0.7733
vn -0.6001 0.1840 0.7785
vn -0.5894 0.2446 0.7699
vn -0.5849 0.2464 0.7728
vn 0.4472 0.6716 -0.5908
vn 0.4461 0.6720 -0.5911
vn 0.4254 0.7276 -0.5382
vn 0.4240 0.7271 -0.5400
vn -0.8039 0.5345 -0.2610
vn -0.8076 0.5130 -0.2908
vn -0.7941 0.5715 -0.2070
vn -0.7929 0.5739 -0.2046
vn 0.7519 -0.4132 0.5137
vn 0.7413 -0.4335 0.5125
vn 0.7424 -0.5238 0.4177
vn 0.7193 -0.5616 0.4090
vn -0.7835 0.6014 -0.1562
vn -0.7794 0.6070 -0.1548
vn -0.3189 0.9401 -0.1207
vn -0.4731 0.8799 -0.0445
vn -0.2092 0.9717 0.1093
vn -0.5128 0.8336 0.2051
vn -0.4383 0.8387 0.3232
vn -0.6565 0.6725 0.3418
vn -0.3390 0.9124 -0.2293
vn -0.2189 0.9642 -0.1495
vn -0.6806 0.7176 -0.1479
vn -0.5548 0.8313 -0.0332
vn -0.6334 0.4990 0.5914
vn -0.5028 0.7391 0.4483
vn -0.6564 0.6725 0.3418
vn -0.6457 0.1281 0.7528
vn -0.5423 0.2941 0.7870
vn -0.6334 0.4990 0.5915
vn -0.5007 0.4681 0.7282
vn -0.5007 0.4680 0.7282
vn -0.4963 0.6424 0.5840
vn -0.8897 0.1569 -0.4288
vn -0.8990 0.1145 -0.4227
vn -0.9150 0.0376 -0.4016
vn -0.8666 0.2501 -0.4319
vn -0.8990 0.1144 -0.4227
vn -0.3188 0.9401 -0.1207
vn 0.8296 -0.4109 0.3780
vn 0.6989 -0.7151 -0.0121
vn 0.6989 -0.6877 -0.1968
vn 0.8501 -0.5035 -0.1542
vn 0.6989 -0.6133 -0.3681
vn 0.8457 -0.4499 -0.2869
vn 0.6989 -0.4971 -0.5143
vn 0.8299 -0.3747 -0.4134
vn 0.7088 -0.3363 -0.6201
vn 0.8224 -0.2795 -0.4956
vn -0.8222 -0.5688 -0.0206
vn -0.5948 0.8033 0.0311
vn -0.9991 0.0397 0.0134
vn -0.4038 0.9116 0.0768
vn -0.2092 0.9718 0.1092
vn -0.6565 0.6725 0.3417
vn -0.8031 0.4390 0.4029
vn -0.8384 0.5180 0.1695
vn -0.8455 0.5325 -0.0404
vn -0.7581 0.2769 0.5905
vn -0.7226 0.0489 0.6895
vn -0.6424 -0.1614 0.7491
vn 0.3427 -0.9280 0.1465
vn 0.1894 -0.9764 0.1035
vn 0.4935 -0.7508 -0.4390
vn 0.3711 -0.8276 -0.4211
vn 0.3356 -0.9080 -0.2509
vn 0.3720 -0.9174 -0.1410
vn 0.2469 -0.9564 -0.1559
vn 0.3802 -0.6857 -0.6207
vn 0.5064 -0.6088 -0.6106
vn 0.3822 -0.5020 -0.7758
vn 0.5225 -0.4306 -0.7359
vn 0.3822 -0.2884 -0.8779
vn 0.5451 -0.2302 -0.8061
vn 0.3820 -0.0612 -0.9221
vn 0.5840 0.0015 -0.8117
vn 0.5836 0.1962 -0.7880
vn 0.6303 0.1961 -0.7512
vn 0.6989 -0.6876 -0.1968
vn 0.6989 -0.4971 -0.5142
vn 0.5224 -0.4306 -0.7360
vn 0.7928 0.1217 -0.5972
vn 0.6373 0.3772 -0.6720
vn -0.5540 0.0360 0.8318
vn -0.6225 -0.1426 0.7696
vn -0.0921 -0.9922 -0.0837
vn -0.3509 -0.9358 -0.0330
vn 0.8501 -0.5035 -0.1543
vn 0.9294 -0.3394 -0.1447
vn 0.9275 -0.2864 -0.2403
vn 0.9238 -0.2003 -0.3262
vn 0.8223 -0.2796 -0.4956
vn 0.6071 0.6485 -0.4591
vn 0.6087 0.6796 -0.4094
vn 0.6055 0.7353 -0.3046
vn 0.0025 -0.0027 1.0000
vn 0.0010 -0.0033 1.0000
vn 0.0015 -0.0035 1.0000
vn 0.0031 0.0026 1.0000
vn 0.0004 -0.0024 1.0000
vn 0.0002 -0.0006 1.0000
vn 0.0001 -0.0007 1.0000
vn 0.0123 -0.0049 -0.9999
vn 0.3902 0.8088 -0.4400
vn 0.3964 0.8356 -0.3803
vn 0.3607 0.8841 -0.2972
vn 0.3661 0.9079 -0.2042
vn 0.3397 0.9313 -0.1315
vn 0.3295 0.9442 0.0004
vn 0.5017 0.5441 0.6725
vn 0.5530 0.3892 0.7367
vn 0.5959 0.1849 0.7815
vn 0.6205 0.1246 0.7742
vn 0.6660 -0.0249 0.7455
vn 0.6895 -0.1092 0.7160
vn 0.7142 -0.2506 0.6536
vn 0.7231 -0.3140 0.6152
vn 0.0017 0.0007 -1.0000
vn 0.0009 0.0022 -1.0000
vn 0.0013 0.0018 -1.0000
vn 0.6806 0.7175 0.1479
vn 0.8093 0.5360 0.2404
vn 0.7450 0.6660 0.0370
vn -0.7928 0.1218 0.5972
vn -0.7928 -0.0375 0.6083
vn -0.6847 0.0057 0.7288
vn -0.7908 -0.0799 -0.6068
vn -0.7929 -0.1908 -0.5787
vn -0.8149 -0.1450 -0.5611
vn -0.6966 -0.6966 -0.1717
vn -0.6055 -0.7353 -0.3046
vn -0.4991 -0.8524 -0.1558
vn 0.6181 -0.7104 -0.3366
vn 0.6210 -0.6312 -0.4648
vn 0.6188 -0.6576 -0.4298
vn 0.8025 0.1026 0.5877
vn 0.8102 0.2326 0.5380
vn 0.8067 0.1902 0.5595
vn -0.7780 -0.3253 -0.5375
vn -0.6079 -0.5967 -0.5238
vn -0.7722 -0.4362 -0.4620
vn 0.5548 0.8313 0.0331
vn 0.4378 0.8794 0.1872
vn 0.5362 0.8368 0.1109
vn 0.8144 0.3915 0.4283
vn 0.8092 0.3383 0.4803
vn 0.6288 -0.3675 -0.6852
vn 0.6263 -0.5125 -0.5874
vn 0.6297 -0.3409 -0.6981
vn 0.6244 -0.5423 -0.5622
vn 0.8197 0.5195 0.2412
vn 0.8110 0.4551 0.3676
vn -0.4812 -0.8449 0.2336
vn -0.5176 -0.8550 -0.0336
vn -0.3720 -0.9175 0.1410
vn -0.3827 -0.9239 -0.0000
vn -0.6087 -0.6796 -0.4094
vn -0.6054 -0.7353 -0.3046
vn -0.7370 -0.5805 -0.3462
vn -0.6966 -0.6966 -0.1718
vn -0.3950 -0.9074 -0.1435
vn -0.8297 -0.4109 -0.3779
vn -0.9238 -0.2005 -0.3261
vn -0.8085 -0.2990 -0.5068
vn -0.8457 -0.4721 -0.2489
vn -0.9275 -0.2864 -0.2402
vn -0.8296 -0.4109 -0.3779
vn -0.8500 -0.5143 -0.1138
vn -0.9295 -0.3393 -0.1448
vn -0.8373 -0.5463 0.0236
vn -0.9286 -0.3710 0.0000
vn -0.7928 -0.0376 0.6083
vn -0.6888 -0.1591 0.7072
vn -0.8030 -0.1804 0.5680
vn -0.7929 -0.1908 -0.5788
vn -0.6373 0.3772 0.6720
vn -0.6077 0.3785 0.6982
vn -0.6083 0.5340 0.5872
vn -0.6087 0.5589 0.5631
vn 0.9693 0.2454 0.0150
vn 0.9660 -0.2585 -0.0082
vn 0.1677 -0.9831 -0.0739
vn 0.2272 -0.9733 -0.0325
vn 0.0009 0.0042 1.0000
vn 0.0014 0.0032 1.0000
vn 0.0020 0.0027 1.0000
vn 0.0033 -0.0026 1.0000
vn 0.9562 -0.1417 0.2563
vn 0.9609 -0.1666 0.2211
vn 0.9643 -0.1916 0.1826
vn 0.9635 -0.1957 0.1827
vn 0.9373 -0.0622 0.3428
vn 0.9445 -0.0918 0.3154
vn 0.9151 0.0376 0.4016
vn 0.9222 0.0015 0.3866
vn 0.8197 0.5195 0.2411
vn 0.6225 -0.1426 -0.7696
vn 0.6424 -0.1615 -0.7491
vn 0.6288 -0.3674 -0.6853
vn 0.0009 0.0028 1.0000
vn 0.0003 0.0037 1.0000
vn 0.9999 0.0143 -0.0012
vn 0.9999 0.0140 -0.0013
vn 0.9999 0.0140 0.0001
vn 0.9999 0.0137 0.0001
vn 0.9999 0.0147 0.0012
vn 0.9999 0.0141 0.0001
vn 0.9999 0.0141 0.0015
vn 0.0000 0.0025 -1.0000
vn -0.0014 0.0013 -1.0000
vn -0.3521 0.8959 -0.2711
vn -0.3485 0.9180 -0.1894
vn -0.3218 0.9379 -0.1299
vn -0.3480 0.9373 0.0179
vn -0.4069 0.8100 -0.4223
vn -0.4039 0.8447 -0.3513
vn -0.3521 0.8958 -0.2711
vn -0.4394 0.7358 -0.5153
vn -0.4323 0.7265 -0.5341
vn 0.8671 0.2477 0.4323
vn 0.8408 0.3575 0.4065
vn 0.8666 0.2501 0.4318
vn 0.8403 0.3577 0.4073
vn 0.8167 0.4655 0.3412
vn 0.8209 0.4394 0.3648
vn 0.8403 0.3578 0.4073
vn 0.7519 -0.4132 -0.5137
vn 0.7424 -0.5238 -0.4177
vn 0.7413 -0.4335 -0.5125
vn 0.7193 -0.5616 -0.4090
vn 0.7412 -0.4335 -0.5125
vn 0.7231 -0.3140 -0.6152
vn 0.7141 -0.2506 -0.6537
vn 0.7141 -0.2506 -0.6536
vn 0.6895 -0.1092 -0.7160
vn 0.6660 -0.0249 -0.7455
vn 0.6205 0.1247 -0.7742
vn 0.5959 0.1849 -0.7814
vn 0.5959 0.1850 -0.7814
vn 0.5840 0.2459 -0.7736
vn 0.5755 0.2493 -0.7789
vn -0.4400 0.6721 0.5955
vn -0.4433 0.6708 0.5946
vn -0.4239 0.7271 0.5401
vn -0.4245 0.7259 0.5412
vn 0.8039 0.5344 0.2610
vn 0.8076 0.5130 0.2908
vn 0.8167 0.4655 0.3411
vn 0.7941 0.5715 0.2070
vn 0.7950 0.5708 0.2053
vn 0.8039 0.5345 0.2610
vn -0.7510 -0.4142 -0.5143
vn -0.7430 -0.4304 -0.5126
vn -0.7465 -0.5161 -0.4200
vn -0.7283 -0.5467 -0.4132
vn 0.7890 0.5937 0.1581
vn 0.7897 0.5927 0.1583
vn 0.3189 0.9401 0.1207
vn 0.4731 0.8799 0.0445
vn 0.2092 0.9717 -0.1093
vn 0.5128 0.8336 -0.2051
vn 0.4383 0.8387 -0.3232
vn 0.6565 0.6725 -0.3418
vn 0.3390 0.9124 0.2293
vn 0.2189 0.9642 0.1495
vn 0.6806 0.7176 0.1479
vn 0.5548 0.8313 0.0332
vn 0.6334 0.4990 -0.5914
vn 0.5028 0.7391 -0.4483
vn 0.6564 0.6725 -0.3418
vn 0.6457 0.1281 -0.7528
vn 0.5423 0.2941 -0.7870
vn 0.6334 0.4990 -0.5915
vn 0.5007 0.4681 -0.7282
vn 0.5007 0.4680 -0.7282
vn 0.4963 0.6424 -0.5840
vn 0.8897 0.1569 0.4288
vn 0.8990 0.1144 0.4227
vn 0.9150 0.0376 0.4016
vn 0.8666 0.2501 0.4319
vn 0.3188 0.9401 0.1207
vn -0.8296 -0.4109 -0.3780
vn -0.6989 -0.7151 0.0121
vn -0.6989 -0.6877 0.1968
vn -0.8501 -0.5035 0.1542
vn -0.6989 -0.6133 0.3681
vn -0.8457 -0.4499 0.2869
vn -0.6989 -0.4971 0.5143
vn -0.8299 -0.3747 0.4134
vn -0.7088 -0.3363 0.6201
vn -0.8224 -0.2795 0.4956
vn 0.8222 -0.5688 0.0206
vn 0.5948 0.8033 -0.0311
vn 0.9991 0.0397 -0.0134
vn 0.4038 0.9116 -0.0768
vn 0.2092 0.9718 -0.1092
vn 0.6565 0.6725 -0.3417
vn 0.8031 0.4390 -0.4029
vn 0.8384 0.5180 -0.1695
vn 0.8455 0.5325 0.0403
vn 0.7581 0.2769 -0.5905
vn 0.7226 0.0489 -0.6895
vn 0.6424 -0.1614 -0.7491
vn -0.3427 -0.9280 -0.1465
vn -0.1894 -0.9764 -0.1035
vn -0.4935 -0.7508 0.4390
vn -0.3711 -0.8276 0.4211
vn -0.3356 -0.9080 0.2509
vn -0.3720 -0.9174 0.1410
vn -0.2469 -0.9564 0.1559
vn -0.3802 -0.6857 0.6207
vn -0.5064 -0.6088 0.6106
vn -0.3822 -0.5020 0.7758
vn -0.5225 -0.4306 0.7359
vn -0.3822 -0.2884 0.8780
vn -0.5451 -0.2302 0.8061
vn -0.3820 -0.0612 0.9221
vn -0.5840 0.0015 0.8117
vn -0.5836 0.1962 0.7880
vn -0.6302 0.1962 0.7512
vn -0.6077 0.3785 0.6981
vn -0.6989 -0.6876 0.1968
vn -0.6989 -0.4971 0.5142
vn -0.5224 -0.4306 0.7360
vn -0.6888 -0.1591 0.7073
vn 0.5540 0.0360 -0.8318
vn 0.0921 -0.9922 0.0837
vn 0.3509 -0.9358 0.0330
vn -0.8501 -0.5035 0.1543
vn -0.9294 -0.3394 0.1447
vn -0.9275 -0.2864 0.2403
vn -0.9238 -0.2003 0.3262
vn -0.8223 -0.2796 0.4956
vn -0.6072 0.6486 0.4590
vn -0.6087 0.6797 0.4094
vn -0.6055 0.7353 0.3046
vn -0.0025 -0.0027 -1.0000
vn -0.0010 -0.0033 -1.0000
vn -0.0015 -0.0035 -1.0000
vn -0.0031 0.0026 -1.0000
vn -0.0009 -0.0021 -1.0000
vn -0.0014 -0.0013 -1.0000
vn -0.0023 -0.0016 -1.0000
vn -0.0024 -0.0035 -1.0000
vn -0.0123 -0.0049 0.9999
vn -0.3902 0.8088 0.4400
vn -0.3964 0.8356 0.3803
vn -0.3607 0.8841 0.2972
vn -0.3661 0.9079 0.2043
vn -0.3397 0.9313 0.1315
vn -0.3295 0.9442 -0.0004
vn -0.5070 0.5444 -0.6683
vn -0.5592 0.3881 -0.7326
vn -0.6001 0.1840 -0.7785
vn -0.6217 0.1246 -0.7733
vn -0.6665 -0.0247 -0.7451
vn -0.6900 -0.1084 -0.7156
vn -0.7155 -0.2496 -0.6525
vn -0.7242 -0.3137 -0.6141
vn 0.4871 0.0127 0.8733
vn 0.9472 -0.3207 0.0000
vn 0.7161 0.6980 -0.0000
vn 0.4871 0.0127 -0.8733
vn -0.1954 -0.6281 -0.7532
vn -0.4481 -0.4508 -0.7720
vn 0.0219 0.2810 -0.9595
vn 0.0869 0.4207 -0.9030
vn -0.4769 0.8790 -0.0000
vn -0.3065 0.6147 -0.7268
vn 0.4871 0.0126 -0.8733
vn 0.0870 0.4207 -0.9030
vn 0.1360 0.9906 0.0126
vn 0.5443 0.8389 -0.0032
vn 0.3006 0.4808 -0.8237
vn 0.7982 0.6023 -0.0069
vn 0.4090 0.4107 -0.8149
vn 0.7831 0.6219 0.0000
vn 0.3065 0.6146 -0.7268
vn 0.4769 0.8789 -0.0000
vn -0.4769 0.8789 0.0000
vn -0.7831 0.6219 -0.0000
vn -0.3065 0.6146 0.7268
vn -0.4063 0.4346 0.8038
vn -0.7982 0.6023 -0.0069
vn -0.3006 0.4808 0.8237
vn -0.5443 0.8389 -0.0032
vn -0.0967 0.4248 0.9001
vn -0.1360 0.9906 0.0126
vn -0.0732 0.2993 0.9513
vn -0.3065 0.6147 0.7268
vn 0.4871 0.0126 0.8733
vn 0.6073 -0.0224 0.7941
vn 0.5901 -0.1595 0.7914
vn 0.4395 -0.4496 0.7776
vn 0.1199 -0.6494 0.7510
vn 0.4871 0.0127 0.8732
vn 0.6073 -0.0223 0.7941
vn 0.9750 -0.2220 0.0000
vn 0.8332 -0.5529 -0.0027
vn 0.5386 -0.8426 -0.0002
vn 0.1200 -0.6493 0.7510
vn 0.2287 -0.9735 0.0048
vn 0.5386 -0.8425 -0.0002
vn 0.4481 -0.4509 -0.7720
vn 0.5783 -0.1641 -0.7992
vn -0.0870 0.4207 -0.9030
vn -0.3006 0.4808 -0.8237
vn 0.5783 -0.1641 -0.7991
vn 0.5840 -0.0240 -0.8114
vn -0.4089 0.4107 -0.8149
vn -0.4090 0.4107 -0.8149
vn 0.1954 -0.6281 -0.7532
vn -0.0218 0.2810 -0.9595
vn -0.2287 -0.9735 0.0048
vn -0.1199 -0.6494 0.7510
vn -0.5386 -0.8426 -0.0002
vn -0.4395 -0.4496 0.7776
vn 0.0732 0.2993 0.9513
vn 0.0968 0.4248 0.9001
vn -0.4481 -0.4509 -0.7720
vn -0.8333 -0.5529 -0.0027
vn -0.5783 -0.1641 -0.7992
vn -0.9750 -0.2220 0.0000
vn -0.5840 -0.0240 -0.8114
vn -0.9472 -0.3208 0.0000
vn -0.4871 0.0126 -0.8733
vn -0.7161 0.6980 0.0000
vn 0.3065 0.6147 -0.7268
vn 0.4769 0.8790 -0.0000
vn -0.5901 -0.1595 0.7914
vn 0.0967 0.4248 0.9001
vn 0.3006 0.4808 0.8237
vn -0.6073 -0.0224 0.7941
vn 0.4063 0.4346 0.8038
vn -0.9472 -0.3207 -0.0000
vn -0.4871 0.0126 0.8733
vn 0.3065 0.6147 0.7268
vn -0.7160 0.6981 0.0000
vn -0.4871 0.0127 0.8733
vn 0.9444 0.2110 -0.2523
vn 0.8732 0.3818 -0.3030
vn 0.9809 0.1874 -0.0514
vn -0.6747 0.4414 -0.5915
vn -0.6377 0.5938 -0.4906
vn -0.5033 0.6077 -0.6143
vn 0.9510 0.1726 -0.2566
vn 0.8587 0.2384 -0.4537
vn 0.8310 0.1724 -0.5288
vn -0.0656 0.0583 -0.9961
vn -0.0194 0.0365 -0.9991
vn -0.0088 0.0207 -0.9997
vn -0.0118 0.0060 -0.9999
vn 0.9904 0.1218 -0.0653
vn -0.9662 -0.2499 0.0636
vn 0.9857 0.1507 -0.0756
vn -0.9662 -0.2499 0.0637
vn 0.9311 0.3604 -0.0565
vn 0.9572 0.2832 -0.0601
vn 0.9857 0.1508 -0.0755
vn 0.8347 0.5484 -0.0503
vn 0.8778 0.4767 -0.0480
vn 0.7889 0.6125 -0.0505
vn 0.7909 0.6101 -0.0484
vn -0.9213 -0.3841 0.0607
vn -0.9456 -0.3194 0.0623
vn -0.8356 -0.5466 0.0551
vn -0.8655 -0.4977 0.0571
vn -0.8053 -0.5905 0.0530
vn -0.8054 -0.5904 0.0531
vn -0.5001 -0.2905 0.8158
vn -0.4245 -0.2997 0.8544
vn -0.2762 -0.3020 0.9124
vn -0.1754 -0.3180 0.9317
vn -0.2761 -0.3024 0.9123
vn -0.0208 -0.3287 0.9442
vn 0.0795 -0.3533 0.9321
vn -0.0208 -0.3288 0.9442
vn 0.2206 -0.3657 0.9042
vn 0.3132 -0.3832 0.8689
vn 0.4211 -0.3730 0.8268
vn 0.4251 -0.3957 0.8141
vn 0.4745 -0.3488 0.8082
vn 0.4077 -0.4003 0.8207
vn 0.4677 -0.5387 0.7008
vn -0.9763 -0.1832 -0.1149
vn -0.9779 -0.1588 -0.1359
vn -0.9901 -0.1386 -0.0225
vn -0.9880 -0.1491 0.0415
vn -0.4244 -0.2997 0.8544
vn -0.6292 -0.2835 0.7237
vn -0.6982 -0.2663 0.6645
vn -0.6980 -0.2670 0.6644
vn -0.8108 -0.2556 0.5266
vn -0.8707 -0.2259 0.4368
vn -0.9418 -0.2036 0.2676
vn -0.9726 -0.1624 0.1663
vn -0.9418 -0.2032 0.2677
vn -0.9726 -0.1624 0.1662
vn -0.2612 0.4353 -0.8615
vn -0.0479 0.6081 -0.7924
vn -0.0385 0.4086 -0.9119
vn 0.1930 0.3961 -0.8977
vn -0.4660 0.4777 -0.7447
vn -0.2457 0.6082 -0.7548
vn -0.2612 0.4353 -0.8616
vn 0.7065 0.2680 -0.6550
vn 0.6658 0.1724 -0.7259
vn 0.4930 0.2737 -0.8259
vn 0.4925 0.1726 -0.8530
vn -0.0358 -0.0003 -0.9994
vn -0.0619 0.0012 -0.9981
vn -0.0629 0.0002 -0.9980
vn -0.0662 -0.0003 -0.9978
vn 0.0011 -1.0000 -0.0051
vn 0.0016 -1.0000 -0.0050
vn 0.0024 -1.0000 -0.0047
vn 0.0028 -1.0000 -0.0045
vn -0.0006 -1.0000 -0.0034
vn 0.0002 -1.0000 -0.0052
vn -0.0005 -1.0000 0.0001
vn -0.0008 -1.0000 -0.0017
vn 0.0011 -1.0000 -0.0004
vn -0.0008 -1.0000 -0.0016
vn 0.0024 -1.0000 0.0000
vn 0.0022 -1.0000 -0.0006
vn 0.0013 -1.0000 -0.0004
vn 0.0005 -1.0000 -0.0003
vn -0.9463 0.2451 0.2107
vn -0.9718 0.2132 0.1003
vn -0.9850 0.1536 0.0784
vn -0.9896 0.1379 0.0399
vn 0.0043 0.8918 0.4524
vn 0.0286 0.8827 0.4690
vn 0.0965 0.8388 0.5358
vn 0.1055 0.8391 0.5336
vn -0.8584 0.2658 0.4388
vn -0.9239 0.2727 0.2684
vn 0.2114 0.7643 0.6092
vn 0.0966 0.8388 0.5358
vn 0.2139 0.7893 0.5755
vn 0.1054 0.8391 0.5336
vn 0.3179 0.7748 0.5465
vn 0.3375 0.7952 0.5038
vn 0.3902 0.7944 0.4655
vn 0.3821 0.8059 0.4523
vn -0.7527 0.2473 0.6101
vn -0.8230 0.2780 0.4954
vn -0.8584 0.2657 0.4388
vn 0.4258 0.7897 0.4417
vn 0.4243 0.7966 0.4306
vn 0.3820 0.8059 0.4523
vn 0.0028 -1.0000 -0.0044
vn 0.0035 -1.0000 -0.0039
vn 0.0038 -1.0000 -0.0036
vn 0.0044 -1.0000 -0.0025
vn 0.0045 -1.0000 -0.0026
vn -0.2527 0.9665 0.0454
vn -0.2746 0.9601 0.0530
vn -0.2355 0.9666 0.1012
vn -0.2407 0.9609 0.1366
vn -0.5062 -0.0014 0.8624
vn 0.0054 -1.0000 0.0006
vn 0.0052 -1.0000 0.0007
vn -0.1128 0.8929 0.4360
vn -0.0581 0.9012 0.4296
vn -0.2119 0.9159 0.3409
vn -0.1906 0.9032 0.3845
vn -0.1129 0.8928 0.4360
vn -0.2148 0.9557 0.2013
vn -0.2383 0.9354 0.2612
vn -0.2123 0.9157 0.3411
vn -0.2355 0.9666 0.1013
vn -0.2407 0.9610 0.1365
vn 0.6070 -0.1962 0.7701
vn 0.7889 0.6124 -0.0505
vn -0.8053 -0.5905 0.0531
vn 0.2957 0.1724 -0.9396
vn 0.4929 0.2737 -0.8259
vn 0.2489 0.3033 -0.9198
vn 0.0425 0.1724 -0.9841
vn 0.0076 0.3074 -0.9516
vn -0.2137 0.1724 -0.9616
vn -0.2386 0.3076 -0.9211
vn -0.5144 0.1763 -0.8392
vn -0.5059 0.3392 -0.7931
vn -0.4660 0.4778 -0.7447
vn -0.6877 0.2808 -0.6695
vn -0.6885 0.1867 -0.7008
vn 0.7713 0.3821 -0.5089
vn 0.6164 0.3822 -0.6885
vn 0.4930 0.2738 -0.8258
vn 0.4197 0.3822 -0.8233
vn 0.2489 0.3034 -0.9198
vn 0.0076 0.3074 -0.9515
vn 0.9768 0.1712 0.1286
vn 0.9843 0.1725 0.0366
vn 0.9809 0.1874 -0.0513
vn 0.0047 -1.0000 -0.0014
vn 0.0045 -1.0000 -0.0008
vn 0.0047 -1.0000 -0.0001
vn 0.0047 -1.0000 0.0002
vn 0.0053 -1.0000 0.0006
vn 0.0635 -0.0016 0.9980
vn 0.0642 -0.0012 0.9979
vn 0.0640 -0.0015 0.9979
vn 0.0898 -0.0033 0.9960
vn 0.1144 0.0035 0.9934
vn 0.1224 0.0196 0.9923
vn 0.1170 0.0406 0.9923
vn 0.0655 0.0794 0.9947
vn -0.9444 0.2110 0.2523
vn -0.8732 0.3818 0.3030
vn -0.9809 0.1874 0.0514
vn 0.6747 0.4414 0.5915
vn 0.6377 0.5938 0.4906
vn 0.5033 0.6077 0.6143
vn -0.9510 0.1726 0.2566
vn -0.8587 0.2384 0.4537
vn -0.8310 0.1724 0.5288
vn 0.0656 0.0583 0.9961
vn 0.0194 0.0365 0.9991
vn 0.0088 0.0207 0.9997
vn 0.0118 0.0060 0.9999
vn -0.9904 0.1218 0.0653
vn 0.9662 -0.2500 -0.0636
vn -0.9857 0.1507 0.0756
vn 0.9661 -0.2500 -0.0637
vn -0.9311 0.3604 0.0565
vn -0.9572 0.2832 0.0601
vn -0.9857 0.1508 0.0755
vn -0.8347 0.5484 0.0503
vn -0.8778 0.4767 0.0480
vn -0.7889 0.6125 0.0505
vn -0.7909 0.6101 0.0484
vn 0.9213 -0.3841 -0.0607
vn 0.9456 -0.3194 -0.0623
vn 0.8356 -0.5466 -0.0551
vn 0.8655 -0.4977 -0.0571
vn 0.8053 -0.5905 -0.0530
vn 0.8054 -0.5904 -0.0531
vn 0.5001 -0.2905 -0.8158
vn 0.4245 -0.2997 -0.8544
vn 0.2762 -0.3020 -0.9124
vn 0.1754 -0.3180 -0.9317
vn 0.2761 -0.3024 -0.9123
vn 0.0208 -0.3287 -0.9442
vn -0.0795 -0.3533 -0.9321
vn 0.0208 -0.3288 -0.9442
vn -0.2206 -0.3657 -0.9042
vn -0.3132 -0.3832 -0.8689
vn -0.4211 -0.3730 -0.8268
vn -0.4251 -0.3957 -0.8141
vn -0.4745 -0.3488 -0.8082
vn -0.4252 -0.3957 -0.8141
vn -0.4077 -0.4003 -0.8207
vn -0.4677 -0.5387 -0.7008
vn 0.9763 -0.1832 0.1149
vn 0.9779 -0.1588 0.1359
vn 0.9901 -0.1386 0.0225
vn 0.9880 -0.1491 -0.0415
vn 0.4244 -0.2997 -0.8544
vn 0.6292 -0.2835 -0.7237
vn 0.6982 -0.2663 -0.6645
vn 0.6980 -0.2670 -0.6644
vn 0.8108 -0.2556 -0.5266
vn 0.8707 -0.2259 -0.4368
vn 0.9418 -0.2036 -0.2676
vn 0.9726 -0.1624 -0.1663
vn 0.9418 -0.2032 -0.2677
vn 0.9726 -0.1624 -0.1662
vn 0.2612 0.4353 0.8615
vn 0.0479 0.6081 0.7924
vn 0.0385 0.4086 0.9119
vn -0.1930 0.3961 0.8977
vn 0.4660 0.4778 0.7447
vn 0.2457 0.6082 0.7548
vn -0.7065 0.2680 0.6550
vn -0.6658 0.1724 0.7259
vn -0.4930 0.2737 0.8259
vn -0.4925 0.1726 0.8530
vn 0.0358 -0.0003 0.9994
vn 0.0619 0.0012 0.9981
vn 0.0629 0.0002 0.9980
vn 0.0662 -0.0003 0.9978
vn -0.0011 -1.0000 0.0051
vn -0.0016 -1.0000 0.0050
vn -0.0024 -1.0000 0.0047
vn -0.0028 -1.0000 0.0045
vn 0.0006 -1.0000 0.0034
vn -0.0002 -1.0000 0.0052
vn 0.0005 -1.0000 -0.0001
vn 0.0008 -1.0000 0.0017
vn -0.0011 -1.0000 0.0004
vn 0.0008 -1.0000 0.0016
vn -0.0024 -1.0000 0.0000
vn -0.0022 -1.0000 0.0006
vn -0.0013 -1.0000 0.0004
vn -0.0005 -1.0000 0.0003
vn 0.9463 0.2451 -0.2107
vn 0.9718 0.2132 -0.1003
vn 0.9850 0.1536 -0.0784
vn 0.9896 0.1379 -0.0399
vn -0.0046 0.8922 -0.4517
vn -0.0289 0.8830 -0.4684
vn -0.0968 0.8389 -0.5356
vn -0.1057 0.8391 -0.5336
vn 0.8584 0.2658 -0.4388
vn 0.9239 0.2727 -0.2684
vn -0.2114 0.7643 -0.6092
vn -0.0967 0.8389 -0.5356
vn -0.2139 0.7893 -0.5755
vn -0.1056 0.8391 -0.5336
vn -0.3179 0.7748 -0.5465
vn -0.3375 0.7952 -0.5038
vn -0.3902 0.7944 -0.4655
vn -0.3821 0.8059 -0.4523
vn 0.7527 0.2473 -0.6101
vn 0.8230 0.2780 -0.4954
vn 0.8584 0.2657 -0.4388
vn -0.4258 0.7897 -0.4417
vn -0.4243 0.7966 -0.4306
vn -0.3820 0.8059 -0.4523
vn -0.0028 -1.0000 0.0044
vn -0.0035 -1.0000 0.0039
vn -0.0038 -1.0000 0.0036
vn -0.0044 -1.0000 0.0025
vn -0.0045 -1.0000 0.0026
vn 0.2527 0.9665 -0.0454
vn 0.2746 0.9601 -0.0530
vn 0.2355 0.9666 -0.1012
vn 0.2406 0.9610 -0.1366
vn 0.5062 -0.0014 -0.8624
vn -0.0054 -1.0000 -0.0006
vn -0.0052 -1.0000 -0.0007
vn 0.1128 0.8929 -0.4360
vn 0.0580 0.9013 -0.4293
vn 0.2119 0.9159 -0.3409
vn 0.1906 0.9032 -0.3845
vn 0.1129 0.8928 -0.4360
vn 0.2147 0.9557 -0.2014
vn 0.2383 0.9354 -0.2612
vn 0.2123 0.9157 -0.3411
vn 0.2355 0.9666 -0.1013
vn 0.2407 0.9610 -0.1365
vn -0.6070 -0.1962 -0.7701
vn -0.7889 0.6124 0.0505
vn 0.8053 -0.5905 -0.0531
vn -0.2957 0.1724 0.9396
vn -0.4929 0.2737 0.8259
vn -0.2489 0.3033 0.9198
vn -0.0425 0.1724 0.9841
vn -0.0076 0.3074 0.9516
vn 0.2137 0.1724 0.9616
vn 0.2386 0.3076 0.9211
vn 0.5144 0.1763 0.8392
vn 0.5059 0.3392 0.7931
vn 0.6877 0.2808 0.6695
vn 0.6885 0.1867 0.7008
vn -0.7713 0.3821 0.5089
vn -0.6164 0.3822 0.6885
vn -0.4930 0.2738 0.8259
vn -0.4197 0.3822 0.8233
vn -0.2489 0.3034 0.9198
vn -0.0076 0.3074 0.9515
vn -0.9768 0.1712 -0.1286
vn -0.9843 0.1725 -0.0366
vn -0.9809 0.1874 0.0513
vn -0.0047 -1.0000 0.0014
vn -0.0045 -1.0000 0.0008
vn -0.0047 -1.0000 0.0001
vn -0.0047 -1.0000 -0.0002
vn -0.0053 -1.0000 -0.0006
vn -0.0635 -0.0016 -0.9980
vn -0.0641 -0.0012 -0.9979
vn -0.0640 -0.0015 -0.9979
vn -0.0898 -0.0033 -0.9960
vn -0.1144 0.0035 -0.9934
vn -0.1224 0.0196 -0.9923
vn -0.1170 0.0406 -0.9923
vn -0.0655 0.0794 -0.9947
usemtl mat0.431
s 1
f 9/15/7 10/16/8 11/17/9
f 12/18/10 13/19/11 14/20/12
f 15/21/13 16/22/14 17/23/15
f 18/24/16 19/25/17 20/26/18
f 21/27/19 22/28/10 23/29/20
f 24/30/21 25/31/22 26/32/23
f 27/33/24 28/34/25 29/35/26
f 30/36/27 31/37/28 32/38/29
f 33/39/30 34/40/31 35/41/32
f 36/42/33 37/43/34 38/44/35
f 39/45/36 40/46/31 41/47/26
f 42/48/37 43/49/38 44/50/39
f 45/51/40 46/52/41 47/53/42
f 48/54/43 49/55/43 50/56/43
f 51/57/44 52/58/45 53/59/46
f 54/60/47 55/61/47 56/62/47
f 57/63/48 58/64/48 59/65/48
f 60/66/43 61/67/43 62/68/43
f 63/69/49 64/70/50 65/71/51
f 65/71/51 64/70/50 66/72/52
f 67/73/50 68/74/53 69/75/54
f 69/75/54 68/74/53 70/76/51
f 71/77/43 72/78/43 73/79/54
f 73/79/54 72/78/43 74/80/52
f 75/81/52 76/82/52 77/83/53
f 77/83/53 76/82/52 78/84/53
f 79/85/55 80/86/55 81/87/55
f 81/87/55 80/86/55 82/88/55
f 83/89/54 84/90/54 85/91/54
f 85/91/54 84/90/54 86/92/54
f 87/93/52 88/94/52 89/95/52
f 89/95/52 88/94/52 90/96/52
f 91/97/55 92/98/55 93/99/55
f 93/99/55 92/98/55 94/100/55
f 95/101/43 96/102/43 97/103/43
f 97/103/43 96/102/43 98/104/43
f 99/105/52 100/106/52 101/107/52
f 101/107/52 100/106/52 102/108/52
f 103/109/56 104/110/57 105/111/58
f 105/111/58 104/110/57 106/112/59
f 107/113/56 108/114/60 109/115/61
f 109/115/61 108/114/60 110/116/62
f 111/117/56 112/118/63 113/119/60
f 113/119/60 112/118/63 114/120/64
f 115/121/56 116/122/58 117/123/63
f 117/123/63 116/122/58 118/124/65
f 119/125/66 120/126/67 121/127/65
f 121/127/65 120/126/67 122/128/68
f 123/129/62 124/130/69 125/131/70
f 125/131/70 124/130/69 126/132/71
f 127/133/72 128/134/73 129/135/62
f 129/135/62 128/134/73 130/136/69
f 131/137/65 132/138/68 133/139/74
f 133/139/74 132/138/68 134/140/75
f 135/141/76 136/142/77 137/143/78
f 137/143/78 136/142/77 138/144/79
f 139/145/43 140/146/43 141/147/43
f 141/147/43 140/146/43 142/148/43
f 143/149/80 144/150/81 145/151/82
f 145/151/82 144/150/81 146/152/77
f 147/153/83 148/154/84 149/155/57
f 149/155/57 148/154/84 150/156/59
f 151/157/65 152/158/58 153/159/66
f 153/159/66 152/158/58 154/160/59
f 155/161/64 156/162/63 157/163/74
f 157/163/74 156/162/63 158/164/65
f 159/165/62 160/166/60 161/167/72
f 161/167/72 160/166/60 162/168/64
f 163/169/85 164/170/61 165/171/70
f 165/171/70 164/170/61 166/172/62
f 167/173/56 168/174/86 169/175/57
f 169/175/57 168/174/86 170/176/83
f 171/177/56 172/178/61 173/179/87
f 173/179/87 172/178/61 174/180/85
f 175/181/56 176/182/87 177/183/88
f 177/183/88 176/182/87 178/184/89
f 179/185/56 180/186/88 181/187/86
f 181/187/86 180/186/88 182/188/90
f 183/189/71 184/190/91 185/191/70
f 185/191/70 184/190/91 186/192/85
f 187/193/92 188/194/93 189/195/94
f 189/195/94 188/194/93 190/196/90
f 191/197/95 192/198/96 193/199/97
f 193/199/97 192/198/96 194/200/98
f 195/201/99 196/202/98 197/203/100
f 197/203/100 196/202/98 198/204/101
f 199/205/100 200/206/101 201/207/102
f 201/207/102 200/206/101 202/208/103
f 203/209/104 204/210/105 205/211/106
f 205/211/106 204/210/105 206/212/107
f 207/213/106 208/214/108 209/215/109
f 209/215/109 208/214/108 210/216/110
f 211/217/111 212/218/110 213/219/112
f 213/219/112 212/218/110 214/220/113
f 215/221/112 216/222/113 217/223/114
f 217/223/114 216/222/113 218/224/115
f 219/225/114 220/226/115 221/227/116
f 221/227/116 220/226/115 222/228/117
f 223/229/118 224/230/119 225/231/120
f 225/231/120 224/230/119 226/232/121
f 227/233/52 228/234/52 229/235/52
f 229/235/52 228/234/52 230/236/52
f 231/237/54 232/238/54 233/239/54
f 233/239/54 232/238/54 234/240/54
f 235/241/43 236/242/43 237/243/43
f 237/243/43 236/242/43 238/244/43
f 239/245/43 240/246/43 241/247/43
f 241/247/43 240/246/43 242/248/43
f 243/249/43 244/250/43 245/251/43
f 245/251/43 244/250/43 246/252/43
f 247/253/43 248/254/43 249/255/43
f 249/255/43 248/254/43 250/256/43
f 251/257/90 252/258/122 253/259/86
f 253/259/86 252/258/122 254/260/83
f 255/261/89 256/262/94 257/263/88
f 257/263/88 256/262/94 258/264/90
f 259/265/85 260/266/123 261/267/87
f 261/267/87 260/266/123 262/268/89
f 263/269/124 264/270/125 265/271/126
f 265/271/126 264/270/125 266/272/127
f 267/273/128 268/274/42 269/275/129
f 269/275/129 268/274/42 270/276/41
f 271/277/130 272/278/131 273/279/132
f 273/279/132 272/278/131 274/280/133
f 275/281/134 276/282/135 277/283/136
f 277/283/136 276/282/135 278/284/137
f 279/285/138 280/286/139 281/287/140
f 281/287/140 280/286/139 282/288/141
f 283/289/142 284/290/143 285/291/144
f 285/291/144 284/290/143 286/292/37
f 287/293/145 288/294/146 289/295/147
f 289/295/147 288/294/146 290/296/26
f 291/297/148 292/298/149 293/299/150
f 293/299/150 292/298/149 294/300/146
f 295/301/31 296/302/30 297/303/27
f 297/303/27 296/302/30 298/304/28
f 299/305/151 300/306/152 301/307/29
f 301/307/29 300/306/152 302/308/153
f 303/309/29 304/310/28 305/311/154
f 305/311/154 304/310/28 306/312/155
f 307/313/156 308/314/157 309/315/158
f 309/315/158 308/314/157 310/316/37
f 311/317/159 312/318/160 313/319/160
f 313/319/160 312/318/160 314/320/37
f 315/321/161 316/322/162 317/323/162
f 317/323/162 316/322/162 318/324/163
f 319/325/164 320/326/55 321/327/165
f 321/327/165 320/326/55 322/328/55
f 323/329/55 324/330/164 325/331/55
f 325/331/55 324/330/164 326/332/166
f 327/333/165 328/334/167 329/335/168
f 329/335/168 328/334/167 330/336/169
f 331/337/170 332/338/167 333/339/171
f 333/339/171 332/338/167 334/340/165
f 335/341/172 336/342/36 337/343/173
f 337/343/173 336/342/36 338/344/174
f 339/345/175 340/346/14 341/347/176
f 341/347/176 340/346/14 342/348/11
f 343/349/177 344/350/178 345/351/175
f 345/351/175 344/350/178 346/352/14
f 347/353/179 348/354/180 349/355/181
f 349/355/181 348/354/180 350/356/182
f 351/357/176 352/358/11 353/359/183
f 353/359/183 352/358/11 354/360/10
f 355/361/12 356/362/11 357/363/184
f 357/363/184 356/362/11 358/364/14
f 359/365/185 360/366/15 361/367/178
f 361/367/178 360/366/15 362/368/14
f 363/369/186 364/370/187 365/371/188
f 365/371/188 364/370/187 366/372/189
f 367/373/190 368/374/12 369/375/188
f 369/375/188 368/374/12 370/376/186
f 371/377/191 372/378/192 373/379/193
f 373/379/193 372/378/192 374/380/194
f 375/381/195 376/382/196 377/383/197
f 377/383/197 376/382/196 378/384/198
f 379/385/194 380/386/196 381/387/199
f 381/387/199 380/386/196 382/388/200
f 383/389/201 384/390/202 385/391/202
f 385/391/202 384/390/202 386/392/203
f 387/393/182 388/394/204 389/395/158
f 389/395/158 388/394/204 390/396/156
f 391/397/205 392/398/159 393/399/206
f 393/399/206 392/398/159 394/400/207
f 395/401/17 396/402/21 397/403/208
f 397/403/208 396/402/21 398/404/209
f 399/405/210 400/406/211 401/407/19
f 401/407/19 400/406/211 402/408/212
f 403/409/43 404/410/43 405/411/43
f 405/411/43 404/410/43 406/412/43
f 407/413/213 408/414/213 409/415/213
f 409/415/213 408/414/213 410/416/213
f 411/417/52 412/418/52 413/419/52
f 413/419/52 412/418/52 414/420/52
f 415/421/52 416/422/52 417/423/52
f 417/423/52 416/422/52 418/424/52
f 419/425/43 420/426/43 421/427/43
f 421/427/43 420/426/43 422/428/43
f 423/429/214 424/430/214 425/431/214
f 425/431/214 424/430/214 426/432/214
f 427/433/52 428/434/215 429/435/52
f 429/435/52 428/434/215 430/436/215
f 431/437/54 432/438/54 433/439/54
f 433/439/54 432/438/54 434/440/54
f 435/441/214 436/442/214 437/443/214
f 437/443/214 436/442/214 438/444/214
f 439/445/54 440/446/54 441/447/54
f 441/447/54 440/446/54 442/448/54
f 443/449/43 444/450/54 445/451/43
f 445/451/43 444/450/54 446/452/52
f 447/453/216 448/454/54 449/455/215
f 449/455/215 448/454/54 450/456/51
f 451/457/52 452/458/52 453/459/52
f 453/459/52 452/458/52 454/460/52
f 455/461/43 456/462/43 457/463/43
f 457/463/43 456/462/43 458/464/214
f 459/465/49 460/466/51 461/467/215
f 461/467/215 460/466/51 462/468/52
f 463/469/120 464/470/217 465/471/95
f 465/471/95 464/470/217 466/472/218
f 467/473/43 468/474/43 469/475/43
f 469/475/43 468/474/43 470/476/43
f 471/477/219 472/478/219 473/479/219
f 473/479/219 472/478/219 474/480/219
f 475/481/92 476/482/220 477/483/93
f 477/483/93 476/482/220 478/484/221
f 476/482/220 479/485/222 478/484/221
f 478/484/221 479/485/222 480/486/223
f 479/485/222 481/487/120 480/486/223
f 480/486/223 481/487/120 482/488/95
f 483/489/67 484/490/66 485/491/224
f 485/491/224 484/490/66 486/492/225
f 484/490/66 487/493/59 486/492/225
f 486/492/225 487/493/59 488/494/226
f 487/493/59 489/495/84 488/494/226
f 488/494/226 489/495/84 490/496/227
f 491/497/73 492/498/72 493/499/228
f 493/499/228 492/498/72 494/500/229
f 492/498/72 495/501/64 494/500/229
f 494/500/229 495/501/64 496/502/230
f 495/501/64 497/503/74 496/502/230
f 496/502/230 497/503/74 498/504/231
f 499/505/71 500/506/69 501/507/232
f 501/507/232 500/506/69 502/508/233
f 500/506/69 503/509/73 502/508/233
f 502/508/233 503/509/73 504/510/234
f 503/509/73 505/511/228 504/510/234
f 504/510/234 505/511/228 506/512/235
f 505/511/228 507/513/229 506/512/235
f 506/512/235 507/513/229 508/514/236
f 507/513/229 509/515/230 508/514/236
f 508/514/236 509/515/230 510/516/237
f 509/515/230 511/517/231 510/516/237
f 510/516/237 511/517/231 512/518/238
f 511/517/231 513/519/68 512/518/238
f 512/518/238 513/519/68 514/520/239
f 513/519/68 515/521/67 514/520/239
f 514/520/239 515/521/67 516/522/240
f 515/521/67 517/523/224 516/522/240
f 516/522/240 517/523/224 518/524/241
f 517/523/224 519/525/225 518/524/241
f 518/524/241 519/525/225 520/526/242
f 519/525/225 521/527/226 520/526/242
f 520/526/242 521/527/226 522/528/243
f 521/527/226 523/529/227 522/528/243
f 522/528/243 523/529/227 524/530/244
f 525/531/232 526/532/233 527/533/245
f 527/533/245 526/532/233 528/534/246
f 526/532/233 529/535/234 528/534/246
f 528/534/246 529/535/234 530/536/247
f 529/535/234 531/537/248 530/536/247
f 530/536/247 531/537/248 532/538/249
f 531/537/248 533/539/236 532/538/249
f 532/538/249 533/539/236 534/540/250
f 533/539/236 535/541/237 534/540/250
f 534/540/250 535/541/237 536/542/251
f 535/541/237 537/543/238 536/542/251
f 536/542/251 537/543/238 538/544/252
f 537/543/238 539/545/239 538/544/252
f 538/544/252 539/545/239 540/546/253
f 539/545/239 541/547/240 540/546/253
f 540/546/253 541/547/240 542/548/254
f 541/547/240 543/549/255 542/548/254
f 542/548/254 543/549/255 544/550/256
f 543/549/255 545/551/242 544/550/256
f 544/550/256 545/551/242 546/552/257
f 545/551/242 547/553/243 546/552/257
f 546/552/257 547/553/243 548/554/258
f 547/553/243 549/555/259 548/554/258
f 548/554/258 549/555/259 550/556/260
f 551/557/245 552/558/246 553/559/104
f 553/559/104 552/558/246 554/560/261
f 552/558/246 555/561/247 554/560/261
f 554/560/261 555/561/247 556/562/262
f 555/561/247 557/563/249 556/562/262
f 556/562/262 557/563/249 558/564/263
f 557/563/249 559/565/264 558/564/263
f 558/564/263 559/565/264 560/566/265
f 559/565/264 561/567/266 560/566/265
f 560/566/265 561/567/266 562/568/267
f 561/567/266 563/569/252 562/568/267
f 562/568/267 563/569/252 564/570/268
f 563/569/252 565/571/253 564/570/268
f 564/570/268 565/571/253 566/572/269
f 565/571/253 567/573/254 566/572/269
f 566/572/269 567/573/254 568/574/270
f 567/573/254 569/575/256 568/574/270
f 568/574/270 569/575/256 570/576/271
f 569/575/256 571/577/272 570/576/271
f 570/576/271 571/577/272 572/578/81
f 571/577/272 573/579/273 572/578/81
f 572/578/81 573/579/273 574/580/77
f 573/579/273 575/581/260 574/580/77
f 574/580/77 575/581/260 576/582/79
f 577/583/80 578/584/274 579/585/81
f 579/585/81 578/584/274 580/586/271
f 578/584/274 581/587/275 580/586/271
f 580/586/271 581/587/275 582/588/270
f 581/587/275 583/589/276 582/588/270
f 582/588/270 583/589/276 584/590/269
f 583/589/276 585/591/277 584/590/269
f 584/590/269 585/591/277 586/592/268
f 585/591/277 587/593/278 586/592/268
f 586/592/268 587/593/278 588/594/279
f 587/593/278 589/595/280 588/594/279
f 588/594/279 589/595/280 590/596/265
f 589/595/280 591/597/281 590/596/265
f 590/596/265 591/597/281 592/598/263
f 591/597/281 593/599/282 592/598/263
f 592/598/263 593/599/282 594/600/262
f 593/599/282 595/601/283 594/600/262
f 594/600/262 595/601/283 596/602/261
f 595/601/283 597/603/105 596/602/261
f 596/602/261 597/603/105 598/604/104
f 599/605/43 600/606/43 601/607/43
f 601/607/43 600/606/43 602/608/43
f 600/606/43 603/609/43 602/608/43
f 602/608/43 603/609/43 604/610/43
f 605/611/43 606/612/43 607/613/43
f 607/613/43 606/612/43 608/614/43
f 606/612/43 609/615/43 608/614/43
f 608/614/43 609/615/43 610/616/43
f 611/617/93 612/618/284 613/619/90
f 613/619/90 612/618/284 614/620/122
f 612/618/284 615/621/285 614/620/122
f 614/620/122 615/621/285 616/622/286
f 615/621/285 617/623/287 616/622/286
f 616/622/286 617/623/287 618/624/288
f 617/623/287 619/625/289 618/624/288
f 618/624/288 619/625/289 620/626/290
f 619/625/289 621/627/100 620/626/290
f 620/626/290 621/627/100 622/628/291
f 623/629/122 624/630/286 625/631/83
f 625/631/83 624/630/286 626/632/292
f 624/630/286 627/633/288 626/632/292
f 626/632/292 627/633/288 628/634/293
f 627/633/288 629/635/294 628/634/293
f 628/634/293 629/635/294 630/636/295
f 629/635/294 631/637/102 630/636/295
f 630/636/295 631/637/102 632/638/296
f 633/639/83 634/640/292 635/641/84
f 635/641/84 634/640/292 636/642/227
f 634/640/292 637/643/293 636/642/227
f 636/642/227 637/643/293 638/644/259
f 637/643/293 639/645/297 638/644/259
f 638/644/259 639/645/297 640/646/298
f 639/645/297 641/647/296 640/646/298
f 640/646/298 641/647/296 642/648/79
f 643/649/91 644/650/299 645/651/85
f 645/651/85 644/650/299 646/652/123
f 644/650/299 647/653/300 646/652/123
f 646/652/123 647/653/300 648/654/301
f 647/653/300 649/655/302 648/654/301
f 648/654/301 649/655/302 650/656/303
f 649/655/302 651/657/304 650/656/303
f 650/656/303 651/657/304 652/658/305
f 651/657/304 653/659/112 652/658/305
f 652/658/305 653/659/112 654/660/306
f 655/661/123 656/662/301 657/663/89
f 657/663/89 656/662/301 658/664/307
f 656/662/301 659/665/303 658/664/307
f 658/664/307 659/665/303 660/666/308
f 659/665/303 661/667/309 660/666/308
f 660/666/308 661/667/309 662/668/310
f 661/667/309 663/669/114 662/668/310
f 662/668/310 663/669/114 664/670/116
f 665/671/89 666/672/307 667/673/94
f 667/673/94 666/672/307 668/674/92
f 666/672/307 669/675/308 668/674/92
f 668/674/92 669/675/308 670/676/220
f 669/675/308 671/677/311 670/676/220
f 670/676/220 671/677/311 672/678/222
f 671/677/311 673/679/116 672/678/222
f 672/678/222 673/679/116 674/680/120
f 675/681/93 676/682/221 677/683/284
f 677/683/284 676/682/221 678/684/312
f 676/682/221 679/685/223 678/684/312
f 678/684/312 679/685/223 680/686/313
f 679/685/223 681/687/314 680/686/313
f 680/686/313 681/687/314 682/688/99
f 683/689/284 684/690/312 685/691/285
f 685/691/285 684/690/312 686/692/287
f 684/690/312 687/693/313 686/692/287
f 686/692/287 687/693/313 688/694/289
f 687/693/313 689/695/97 688/694/289
f 688/694/289 689/695/97 690/696/100
f 691/697/71 692/698/232 693/699/91
f 693/699/91 692/698/232 694/700/315
f 692/698/232 695/701/245 694/700/315
f 694/700/315 695/701/245 696/702/316
f 695/701/245 697/703/104 696/702/316
f 696/702/316 697/703/104 698/704/106
f 699/705/91 700/706/315 701/707/317
f 701/707/317 700/706/315 702/708/318
f 700/706/315 703/709/316 702/708/318
f 702/708/318 703/709/316 704/710/319
f 703/709/316 705/711/320 704/710/319
f 704/710/319 705/711/320 706/712/111
f 707/713/299 708/714/318 709/715/300
f 709/715/300 708/714/318 710/716/302
f 708/714/318 711/717/319 710/716/302
f 710/716/302 711/717/319 712/718/321
f 711/717/319 713/719/111 712/718/321
f 712/718/321 713/719/111 714/720/112
f 715/721/55 716/722/43 717/723/43
f 717/723/43 716/722/43 718/724/43
f 716/722/43 719/725/43 718/724/43
f 718/724/43 719/725/43 720/726/43
f 721/727/79 722/728/296 723/729/78
f 723/729/78 722/728/296 724/730/322
f 722/728/296 725/731/102 724/730/322
f 724/730/322 725/731/102 726/732/103
f 727/733/323 728/734/324 729/735/41
f 729/735/41 728/734/324 730/736/129
f 728/734/324 731/737/325 730/736/129
f 730/736/129 731/737/325 732/738/128
f 731/737/325 733/739/326 732/738/128
f 732/738/128 733/739/326 734/740/327
f 735/741/128 736/742/328 737/743/329
f 737/743/329 736/742/328 738/744/127
f 736/742/328 739/745/326 738/744/127
f 738/744/127 739/745/326 740/746/330
f 741/747/331 742/748/46 743/749/332
f 743/749/332 742/748/46 744/750/132
f 742/748/46 745/751/45 744/750/132
f 744/750/132 745/751/45 746/752/130
f 747/753/333 748/754/130 749/755/135
f 749/755/135 748/754/130 750/756/137
f 748/754/130 751/757/334 750/756/137
f 750/756/137 751/757/334 752/758/44
f 753/759/177 754/760/335 755/761/178
f 755/761/178 754/760/335 756/762/336
f 754/760/335 757/763/337 756/762/336
f 756/762/336 757/763/337 758/764/338
f 757/763/337 759/765/339 758/764/338
f 758/764/338 759/765/339 760/766/26
f 759/765/339 761/767/340 760/766/26
f 760/766/26 761/767/340 762/768/24
f 763/769/7 764/770/338 765/771/341
f 765/771/341 764/770/338 766/772/146
f 764/770/338 767/773/26 766/772/146
f 768/774/7 769/775/9 770/776/178
f 770/776/178 769/775/9 771/777/185
f 769/775/9 772/778/342 771/777/185
f 771/777/185 772/778/342 773/779/191
f 774/780/343 775/781/344 776/782/35
f 776/782/35 775/781/344 777/783/345
f 775/781/344 778/784/198 777/783/345
f 777/783/345 778/784/198 779/785/346
f 778/784/198 780/786/196 779/785/346
f 779/785/346 780/786/196 781/787/347
f 782/788/34 783/789/33 784/790/147
f 784/790/147 783/789/33 785/791/145
f 783/789/33 786/792/346 785/791/145
f 785/791/145 786/792/346 787/793/347
f 788/794/149 789/795/148 790/796/9
f 790/796/9 789/795/148 791/797/342
f 789/795/148 792/798/192 791/797/342
f 791/797/342 792/798/192 793/799/191
f 794/800/145 795/801/348 796/802/349
f 796/802/349 795/801/348 797/803/150
f 795/801/348 798/804/196 797/803/150
f 797/803/150 798/804/196 799/805/148
f 800/806/39 801/807/207 802/808/37
f 802/808/37 801/807/207 803/809/350
f 801/807/207 804/810/182 803/809/350
f 805/811/343 806/812/351 807/813/344
f 807/813/344 806/812/351 808/814/187
f 806/812/351 809/815/189 808/814/187
f 810/816/344 811/817/352 812/818/353
f 812/818/353 811/817/352 813/819/197
f 811/817/352 814/820/186 813/819/197
f 813/819/197 814/820/186 815/821/195
f 814/820/186 816/822/12 815/821/195
f 815/821/195 816/822/12 817/823/354
f 816/822/12 818/824/355 817/823/354
f 817/823/354 818/824/355 819/825/194
f 818/824/355 820/826/15 819/825/194
f 819/825/194 820/826/15 821/827/193
f 820/826/15 822/828/185 821/827/193
f 821/827/193 822/828/185 823/829/191
f 824/830/356 825/831/357 826/832/358
f 826/832/358 825/831/357 827/833/20
f 825/831/357 828/834/359 827/833/20
f 829/835/360 830/836/356 831/837/361
f 831/837/361 830/836/356 832/838/362
f 830/836/356 833/839/358 832/838/362
f 834/840/214 835/841/214 836/842/208
f 836/842/208 835/841/214 837/843/363
f 835/841/214 838/844/214 837/843/363
f 837/843/363 838/844/214 839/845/364
f 840/846/365 841/847/10 842/848/366
f 842/848/366 841/847/10 843/849/367
f 841/847/10 844/850/368 843/849/367
usemtl mat0.432
f 845/851/369 846/852/370 847/853/371
f 848/854/54 849/855/54 850/856/54
f 851/857/372 852/858/373 853/859/374
f 854/860/375 855/861/376 856/862/377
f 857/863/378 858/864/379 859/865/380
f 860/866/381 861/867/382 862/868/383
f 863/869/384 864/870/385 865/871/386
f 866/872/387 867/873/388 868/874/389
f 869/875/390 870/876/391 871/877/392
f 872/878/393 873/879/394 874/880/395
f 875/881/396 876/882/397 877/883/388
f 877/883/388 876/882/397 878/884/389
f 879/885/398 880/886/399 881/887/400
f 881/887/400 880/886/399 882/888/401
f 883/889/401 884/890/399 885/891/385
f 885/891/385 884/890/399 886/892/386
f 887/893/374 888/894/373 889/895/402
f 889/895/402 888/894/373 890/896/403
f 891/897/404 892/898/405 893/899/406
f 893/899/406 892/898/405 894/900/407
f 895/901/408 896/902/382 897/903/409
f 897/903/409 896/902/382 898/904/381
f 899/905/407 900/906/405 901/907/410
f 901/907/410 900/906/405 902/908/383
f 903/909/411 904/910/412 905/911/413
f 905/911/413 904/910/412 906/912/414
f 907/913/415 908/914/416 909/915/417
f 909/915/417 908/914/416 910/916/412
f 911/917/418 912/918/419 913/919/415
f 913/919/415 912/918/419 914/920/416
f 915/921/420 916/922/421 917/923/418
f 917/923/418 916/922/421 918/924/419
f 919/925/422 920/926/376 921/927/423
f 921/927/423 920/926/376 922/928/424
f 923/929/408 924/930/425 925/931/391
f 925/931/391 924/930/425 926/932/392
f 927/933/426 928/934/413 929/935/379
f 929/935/379 928/934/413 930/936/414
f 931/937/427 932/938/428 933/939/429
f 933/939/429 932/938/428 934/940/430
f 935/941/431 936/942/432 937/943/433
f 937/943/433 936/942/432 938/944/434
f 939/945/435 940/946/436 941/947/437
f 941/947/437 940/946/436 942/948/438
f 943/949/439 944/950/440 945/951/441
f 945/951/441 944/950/440 946/952/442
f 947/953/443 948/954/444 949/955/439
f 949/955/439 948/954/444 950/956/440
f 951/957/445 952/958/446 953/959/443
f 953/959/443 952/958/446 954/960/444
f 955/961/447 956/962/403 957/963/396
f 957/963/396 956/962/403 958/964/397
f 959/965/448 960/966/449 961/967/400
f 961/967/400 960/966/449 962/968/450
f 963/969/451 964/970/452 965/971/435
f 965/971/435 964/970/452 966/972/436
f 967/973/453 968/974/454 969/975/455
f 969/975/455 968/974/454 970/976/456
f 971/977/457 972/978/458 973/979/459
f 973/979/459 972/978/458 974/980/456
f 975/981/369 976/982/371 977/983/52
f 977/983/52 976/982/371 978/984/52
f 979/985/371 980/986/370 981/987/460
f 981/987/460 980/986/370 982/988/461
f 983/989/462 984/990/463 985/991/464
f 985/991/464 984/990/463 986/992/465
f 987/993/466 988/994/467 989/995/468
f 989/995/468 988/994/467 990/996/463
f 991/997/467 992/998/466 993/999/469
f 993/999/469 992/998/466 994/1000/470
f 995/1001/471 996/1002/472 997/1003/473
f 997/1003/473 996/1002/472 998/1004/474
f 999/1005/475 1000/1006/476 1001/1007/472
f 1001/1007/472 1000/1006/476 1002/1008/477
f 1003/1009/478 1004/1010/479 1005/1011/480
f 1005/1011/480 1004/1010/479 1006/1012/481
f 1007/1013/478 1008/1014/480 1009/1015/482
f 1009/1015/482 1008/1014/480 1010/1016/483
f 1011/1017/484 1012/1018/485 1013/1019/486
f 1013/1019/486 1012/1018/485 1014/1020/487
f 1015/1021/486 1016/1022/487 1017/1023/488
f 1017/1023/488 1016/1022/487 1018/1024/489
f 1019/1025/488 1020/1026/489 1021/1027/490
f 1021/1027/490 1020/1026/489 1022/1028/491
f 1023/1029/492 1024/1030/493 1025/1031/494
f 1025/1031/494 1024/1030/493 1026/1032/495
f 1027/1033/496 1028/1034/497 1029/1035/475
f 1029/1035/475 1028/1034/497 1030/1036/476
f 1031/1037/498 1032/1038/499 1033/1039/496
f 1033/1039/496 1032/1038/499 1034/1040/497
f 1035/1041/500 1036/1042/501 1037/1043/502
f 1037/1043/502 1036/1042/501 1038/1044/503
f 1039/1045/498 1040/1046/504 1041/1047/499
f 1041/1047/499 1040/1046/504 1042/1048/505
f 1043/1049/506 1044/1050/507 1045/1051/431
f 1045/1051/431 1044/1050/507 1046/1052/432
f 1047/1053/508 1048/1054/509 1049/1055/510
f 1049/1055/510 1048/1054/509 1050/1056/511
f 1051/1057/395 1052/1058/394 1053/1059/512
f 1053/1059/512 1052/1058/394 1054/1060/513
f 1055/1061/393 1056/1062/395 1057/1063/374
f 1057/1063/374 1056/1062/395 1058/1064/514
f 1059/1065/511 1060/1066/509 1061/1067/374
f 1061/1067/374 1060/1066/509 1062/1068/515
f 1063/1069/516 1064/1070/517 1065/1071/518
f 1065/1071/518 1064/1070/517 1066/1072/510
f 1067/1073/519 1068/1074/520 1069/1075/521
f 1069/1075/521 1068/1074/520 1070/1076/522
f 1071/1077/523 1072/1078/524 1073/1079/516
f 1073/1079/516 1072/1078/524 1074/1080/517
f 1075/1081/525 1076/1082/526 1077/1083/527
f 1077/1083/527 1076/1082/526 1078/1084/446
f 1079/1085/471 1080/1086/528 1081/1087/525
f 1081/1087/525 1080/1086/528 1082/1088/529
f 1083/1089/512 1084/1090/513 1085/1091/530
f 1085/1091/530 1084/1090/513 1086/1092/507
f 1087/1093/390 1088/1094/392 1089/1095/413
f 1089/1095/413 1088/1094/392 1090/1096/531
f 1088/1094/392 1091/1097/425 1090/1096/531
f 1090/1096/531 1091/1097/425 1092/1098/415
f 1091/1097/425 1093/1099/381 1092/1098/415
f 1092/1098/415 1093/1099/381 1094/1100/418
f 1093/1099/381 1095/1101/532 1094/1100/418
f 1094/1100/418 1095/1101/532 1096/1102/420
f 1095/1101/532 1097/1103/533 1096/1102/420
f 1096/1102/420 1097/1103/533 1098/1104/534
f 1097/1103/533 1099/1105/535 1098/1104/534
f 1098/1104/534 1099/1105/535 1100/1106/536
f 1099/1105/535 1101/1107/537 1100/1106/536
f 1100/1106/536 1101/1107/537 1102/1108/538
f 1101/1107/537 1103/1109/539 1102/1108/538
f 1102/1108/538 1103/1109/539 1104/1110/540
f 1105/1111/541 1106/1112/542 1107/1113/543
f 1107/1113/543 1106/1112/542 1108/1114/544
f 1106/1112/542 1109/1115/545 1108/1114/544
f 1108/1114/544 1109/1115/545 1110/1116/510
f 1111/1117/516 1112/1118/546 1113/1119/547
f 1113/1119/547 1112/1118/546 1114/1120/548
f 1112/1118/546 1115/1121/374 1114/1120/548
f 1114/1120/548 1115/1121/374 1116/1122/549
f 1115/1121/374 1117/1123/447 1116/1122/549
f 1118/1124/547 1119/1125/550 1120/1126/516
f 1120/1126/516 1119/1125/550 1121/1127/519
f 1119/1125/550 1122/1128/551 1121/1127/519
f 1121/1127/519 1122/1128/551 1123/1129/552
f 1124/1130/383 1125/1131/553 1126/1132/410
f 1126/1132/410 1125/1131/553 1127/1133/554
f 1125/1131/553 1128/1134/433 1127/1133/554
f 1127/1133/554 1128/1134/433 1129/1135/434
f 1130/1136/555 1131/1137/404 1132/1138/556
f 1132/1138/556 1131/1137/404 1133/1139/557
f 1131/1137/404 1134/1140/558 1133/1139/557
f 1133/1139/557 1134/1140/558 1135/1141/559
f 1136/1142/556 1137/1143/560 1138/1144/555
f 1138/1144/555 1137/1143/560 1139/1145/561
f 1137/1143/560 1140/1146/562 1139/1145/561
f 1139/1145/561 1140/1146/562 1141/1147/563
f 1140/1146/562 1142/1148/564 1141/1147/563
f 1141/1147/563 1142/1148/564 1143/1149/565
f 1142/1148/564 1144/1150/566 1143/1149/565
f 1143/1149/565 1144/1150/566 1145/1151/567
f 1144/1150/566 1146/1152/568 1145/1151/567
f 1145/1151/567 1146/1152/568 1147/1153/569
f 1146/1152/568 1148/1154/428 1147/1153/569
f 1147/1153/569 1148/1154/428 1149/1155/427
f 1150/1156/383 1151/1157/405 1152/1158/381
f 1152/1158/381 1151/1157/405 1153/1159/532
f 1151/1157/405 1154/1160/404 1153/1159/532
f 1153/1159/532 1154/1160/404 1155/1161/570
f 1154/1160/404 1156/1162/555 1155/1161/570
f 1155/1161/570 1156/1162/555 1157/1163/535
f 1156/1162/555 1158/1164/561 1157/1163/535
f 1157/1163/535 1158/1164/561 1159/1165/571
f 1158/1164/561 1160/1166/572 1159/1165/571
f 1159/1165/571 1160/1166/572 1161/1167/539
f 1160/1166/572 1162/1168/565 1161/1167/539
f 1161/1167/539 1162/1168/565 1163/1169/423
f 1162/1168/565 1164/1170/567 1163/1169/423
f 1163/1169/423 1164/1170/567 1165/1171/377
f 1164/1170/567 1166/1172/569 1165/1171/377
f 1165/1171/377 1166/1172/569 1167/1173/573
f 1166/1172/569 1168/1174/574 1167/1173/573
f 1169/1175/520 1170/1176/519 1171/1177/575
f 1171/1177/575 1170/1176/519 1172/1178/576
f 1170/1176/519 1173/1179/449 1172/1178/576
f 1174/1180/559 1175/1181/577 1176/1182/557
f 1176/1182/557 1175/1181/577 1177/1183/578
f 1175/1181/577 1178/1184/541 1177/1183/578
f 1177/1183/578 1178/1184/541 1179/1185/543
f 1180/1186/420 1181/1187/579 1182/1188/421
f 1182/1188/421 1181/1187/579 1183/1189/580
f 1181/1187/579 1184/1190/536 1183/1189/580
f 1183/1189/580 1184/1190/536 1185/1191/581
f 1184/1190/536 1186/1192/538 1185/1191/581
f 1185/1191/581 1186/1192/538 1187/1193/582
f 1186/1192/538 1188/1194/583 1187/1193/582
f 1187/1193/582 1188/1194/583 1189/1195/424
f 1188/1194/583 1190/1196/539 1189/1195/424
f 1189/1195/424 1190/1196/539 1191/1197/423
f 1192/1198/430 1193/1199/584 1194/1200/429
f 1194/1200/429 1193/1199/584 1195/1201/585
f 1193/1199/584 1196/1202/586 1195/1201/585
f 1197/1203/52 1198/1204/587 1199/1205/588
f 1199/1205/588 1198/1204/587 1200/1206/589
f 1198/1204/587 1201/1207/590 1200/1206/589
f 1202/1208/589 1203/1209/591 1204/1210/588
f 1204/1210/588 1203/1209/591 1205/1211/592
f 1203/1209/591 1206/1212/593 1205/1211/592
f 1205/1211/592 1206/1212/593 1207/1213/52
f 1208/1214/54 1209/1215/54 1210/1216/54
f 1210/1216/54 1209/1215/54 1211/1217/54
f 1209/1215/54 1212/1218/594 1211/1217/54
f 1213/1219/495 1214/1220/595 1215/1221/494
f 1215/1221/494 1214/1220/595 1216/1222/596
f 1214/1220/595 1217/1223/597 1216/1222/596
f 1216/1222/596 1217/1223/597 1218/1224/598
f 1217/1223/597 1219/1225/599 1218/1224/598
f 1218/1224/598 1219/1225/599 1220/1226/465
f 1219/1225/599 1221/1227/600 1220/1226/465
f 1220/1226/465 1221/1227/600 1222/1228/464
f 1223/1229/470 1224/1230/601 1225/1231/469
f 1225/1231/469 1224/1230/601 1226/1232/602
f 1224/1230/601 1227/1233/603 1226/1232/602
f 1226/1232/602 1227/1233/603 1228/1234/604
f 1227/1233/603 1229/1235/605 1228/1234/604
f 1228/1234/604 1229/1235/605 1230/1236/606
f 1229/1235/605 1231/1237/607 1230/1236/606
f 1230/1236/606 1231/1237/607 1232/1238/608
f 1231/1237/607 1233/1239/501 1232/1238/608
f 1232/1238/608 1233/1239/501 1234/1240/500
usemtl mat0.433
f 1235/1241/609 1236/1242/610 1237/1243/611
f 1238/1244/52 1239/1245/52 1240/1246/52
f 1241/1247/612 1242/1248/613 1243/1249/614
f 1244/1250/615 1245/1251/616 1246/1252/617
f 1247/1253/618 1248/1254/619 1249/1255/620
f 1250/1256/621 1251/1257/622 1252/1258/623
f 1253/1259/624 1254/1260/625 1255/1261/626
f 1256/1262/627 1257/1263/628 1258/1264/629
f 1259/1265/630 1260/1266/631 1261/1267/632
f 1262/1268/633 1263/1269/634 1264/1270/635
f 1265/1271/636 1266/1272/637 1267/1273/628
f 1267/1273/628 1266/1272/637 1268/1274/629
f 1269/1275/638 1270/1276/639 1271/1277/640
f 1271/1277/640 1270/1276/639 1272/1278/641
f 1273/1279/641 1274/1280/639 1275/1281/625
f 1275/1281/625 1274/1280/639 1276/1282/626
f 1277/1283/614 1278/1284/613 1279/1285/642
f 1279/1285/642 1278/1284/613 1280/1286/643
f 1281/1287/644 1282/1288/645 1283/1289/646
f 1283/1289/646 1282/1288/645 1284/1290/647
f 1285/1291/648 1286/1292/649 1287/1293/650
f 1287/1293/650 1286/1292/649 1288/1294/651
f 1289/1295/647 1290/1296/645 1291/1297/652
f 1291/1297/652 1290/1296/645 1292/1298/623
f 1293/1299/653 1294/1300/654 1295/1301/655
f 1295/1301/655 1294/1300/654 1296/1302/620
f 1297/1303/656 1298/1304/657 1299/1305/658
f 1299/1305/658 1298/1304/657 1300/1306/654
f 1301/1307/659 1302/1308/660 1303/1309/656
f 1303/1309/656 1302/1308/660 1304/1310/657
f 1305/1311/661 1306/1312/662 1307/1313/659
f 1307/1313/659 1306/1312/662 1308/1314/660
f 1309/1315/617 1310/1316/663 1311/1317/664
f 1311/1317/664 1310/1316/663 1312/1318/665
f 1313/1319/648 1314/1320/650 1315/1321/631
f 1315/1321/631 1314/1320/650 1316/1322/632
f 1317/1323/630 1318/1324/655 1319/1325/666
f 1319/1325/666 1318/1324/655 1320/1326/620
f 1321/1327/667 1322/1328/668 1323/1329/669
f 1323/1329/669 1322/1328/668 1324/1330/670
f 1325/1331/671 1326/1332/672 1327/1333/673
f 1327/1333/673 1326/1332/672 1328/1334/674
f 1329/1335/675 1330/1336/676 1331/1337/677
f 1331/1337/677 1330/1336/676 1332/1338/678
f 1333/1339/679 1334/1340/680 1335/1341/681
f 1335/1341/681 1334/1340/680 1336/1342/682
f 1337/1343/683 1338/1344/684 1339/1345/679
f 1339/1345/679 1338/1344/684 1340/1346/680
f 1341/1347/685 1342/1348/686 1343/1349/683
f 1343/1349/683 1342/1348/686 1344/1350/684
f 1345/1351/687 1346/1352/643 1347/1353/636
f 1347/1353/636 1346/1352/643 1348/1354/637
f 1349/1355/688 1350/1356/689 1351/1357/640
f 1351/1357/640 1350/1356/689 1352/1358/690
f 1353/1359/691 1354/1360/692 1355/1361/675
f 1355/1361/675 1354/1360/692 1356/1362/676
f 1357/1363/693 1358/1364/694 1359/1365/695
f 1359/1365/695 1358/1364/694 1360/1366/696
f 1361/1367/697 1362/1368/698 1363/1369/699
f 1363/1369/699 1362/1368/698 1364/1370/696
f 1365/1371/609 1366/1372/611 1367/1373/54
f 1367/1373/54 1366/1372/611 1368/1374/54
f 1369/1375/611 1370/1376/610 1371/1377/700
f 1371/1377/700 1370/1376/610 1372/1378/701
f 1373/1379/702 1374/1380/703 1375/1381/704
f 1375/1381/704 1374/1380/703 1376/1382/705
f 1377/1383/706 1378/1384/707 1379/1385/708
f 1379/1385/708 1378/1384/707 1380/1386/703
f 1381/1387/707 1382/1388/706 1383/1389/709
f 1383/1389/709 1382/1388/706 1384/1390/710
f 1385/1391/711 1386/1392/712 1387/1393/713
f 1387/1393/713 1386/1392/712 1388/1394/714
f 1389/1395/715 1390/1396/716 1391/1397/712
f 1391/1397/712 1390/1396/716 1392/1398/717
f 1393/1399/718 1394/1400/719 1395/1401/720
f 1395/1401/720 1394/1400/719 1396/1402/721
f 1397/1403/718 1398/1404/722 1399/1405/723
f 1399/1405/723 1398/1404/722 1400/1406/724
f 1401/1407/723 1402/1408/725 1403/1409/726
f 1403/1409/726 1402/1408/725 1404/1410/727
f 1405/1411/726 1406/1412/727 1407/1413/728
f 1407/1413/728 1406/1412/727 1408/1414/729
f 1409/1415/728 1410/1416/730 1411/1417/731
f 1411/1417/731 1410/1416/730 1412/1418/732
f 1413/1419/733 1414/1420/734 1415/1421/735
f 1415/1421/735 1414/1420/734 1416/1422/736
f 1417/1423/737 1418/1424/738 1419/1425/739
f 1419/1425/739 1418/1424/738 1420/1426/716
f 1421/1427/740 1422/1428/741 1423/1429/742
f 1423/1429/742 1422/1428/741 1424/1430/738
f 1425/1431/743 1426/1432/744 1427/1433/745
f 1427/1433/745 1426/1432/744 1428/1434/746
f 1429/1435/740 1430/1436/747 1431/1437/741
f 1431/1437/741 1430/1436/747 1432/1438/748
f 1433/1439/749 1434/1440/750 1435/1441/671
f 1435/1441/671 1434/1440/750 1436/1442/672
f 1437/1443/751 1438/1444/752 1439/1445/753
f 1439/1445/753 1438/1444/752 1440/1446/754
f 1441/1447/635 1442/1448/634 1443/1449/755
f 1443/1449/755 1442/1448/634 1444/1450/756
f 1445/1451/633 1446/1452/635 1447/1453/614
f 1447/1453/614 1446/1452/635 1448/1454/757
f 1449/1455/754 1450/1456/752 1451/1457/614
f 1451/1457/614 1450/1456/752 1452/1458/758
f 1453/1459/759 1454/1460/760 1455/1461/761
f 1455/1461/761 1454/1460/760 1456/1462/753
f 1457/1463/762 1458/1464/763 1459/1465/764
f 1459/1465/764 1458/1464/763 1460/1466/765
f 1461/1467/766 1462/1468/767 1463/1469/759
f 1463/1469/759 1462/1468/767 1464/1470/760
f 1465/1471/768 1466/1472/769 1467/1473/770
f 1467/1473/770 1466/1472/769 1468/1474/686
f 1469/1475/711 1470/1476/771 1471/1477/768
f 1471/1477/768 1470/1476/771 1472/1478/769
f 1473/1479/755 1474/1480/756 1475/1481/772
f 1475/1481/772 1474/1480/756 1476/1482/750
f 1477/1483/630 1478/1484/632 1479/1485/655
f 1479/1485/655 1478/1484/632 1480/1486/773
f 1478/1484/632 1481/1487/650 1480/1486/773
f 1480/1486/773 1481/1487/650 1482/1488/656
f 1481/1487/650 1483/1489/651 1482/1488/656
f 1482/1488/656 1483/1489/651 1484/1490/659
f 1483/1489/651 1485/1491/774 1484/1490/659
f 1484/1490/659 1485/1491/774 1486/1492/661
f 1485/1491/774 1487/1493/775 1486/1492/661
f 1486/1492/661 1487/1493/775 1488/1494/776
f 1487/1493/775 1489/1495/777 1488/1494/776
f 1488/1494/776 1489/1495/777 1490/1496/778
f 1489/1495/777 1491/1497/779 1490/1496/778
f 1490/1496/778 1491/1497/779 1492/1498/780
f 1491/1497/779 1493/1499/781 1492/1498/780
f 1492/1498/780 1493/1499/781 1494/1500/782
f 1495/1501/783 1496/1502/784 1497/1503/785
f 1497/1503/785 1496/1502/784 1498/1504/786
f 1496/1502/784 1499/1505/787 1498/1504/786
f 1498/1504/786 1499/1505/787 1500/1506/753
f 1501/1507/759 1502/1508/788 1503/1509/789
f 1503/1509/789 1502/1508/788 1504/1510/790
f 1502/1508/788 1505/1511/614 1504/1510/790
f 1504/1510/790 1505/1511/614 1506/1512/791
f 1505/1511/614 1507/1513/687 1506/1512/791
f 1508/1514/789 1509/1515/792 1510/1516/759
f 1510/1516/759 1509/1515/792 1511/1517/762
f 1509/1515/792 1512/1518/793 1511/1517/762
f 1511/1517/762 1512/1518/793 1513/1519/794
f 1514/1520/623 1515/1521/795 1516/1522/652
f 1516/1522/652 1515/1521/795 1517/1523/796
f 1515/1521/795 1518/1524/673 1517/1523/796
f 1517/1523/796 1518/1524/673 1519/1525/674
f 1520/1526/797 1521/1527/644 1522/1528/798
f 1522/1528/798 1521/1527/644 1523/1529/799
f 1521/1527/644 1524/1530/800 1523/1529/799
f 1523/1529/799 1524/1530/800 1525/1531/801
f 1526/1532/798 1527/1533/802 1528/1534/797
f 1528/1534/797 1527/1533/802 1529/1535/803
f 1527/1533/802 1530/1536/804 1529/1535/803
f 1529/1535/803 1530/1536/804 1531/1537/805
f 1530/1536/804 1532/1538/806 1531/1537/805
f 1531/1537/805 1532/1538/806 1533/1539/807
f 1532/1538/806 1534/1540/808 1533/1539/807
f 1533/1539/807 1534/1540/808 1535/1541/809
f 1534/1540/808 1536/1542/810 1535/1541/809
f 1535/1541/809 1536/1542/810 1537/1543/811
f 1536/1542/810 1538/1544/812 1537/1543/811
f 1537/1543/811 1538/1544/812 1539/1545/667
f 1540/1546/623 1541/1547/645 1542/1548/651
f 1542/1548/651 1541/1547/645 1543/1549/774
f 1541/1547/645 1544/1550/644 1543/1549/774
f 1543/1549/774 1544/1550/644 1545/1551/813
f 1544/1550/644 1546/1552/797 1545/1551/813
f 1545/1551/813 1546/1552/797 1547/1553/777
f 1546/1552/797 1548/1554/803 1547/1553/777
f 1547/1553/777 1548/1554/803 1549/1555/814
f 1548/1554/803 1550/1556/815 1549/1555/814
f 1549/1555/814 1550/1556/815 1551/1557/781
f 1550/1556/815 1552/1558/807 1551/1557/781
f 1551/1557/781 1552/1558/807 1553/1559/816
f 1552/1558/807 1554/1560/809 1553/1559/816
f 1553/1559/816 1554/1560/809 1555/1561/617
f 1554/1560/809 1556/1562/811 1555/1561/617
f 1555/1561/617 1556/1562/811 1557/1563/615
f 1556/1562/811 1558/1564/667 1557/1563/615
f 1559/1565/763 1560/1566/762 1561/1567/817
f 1561/1567/817 1560/1566/762 1562/1568/688
f 1560/1566/762 1563/1569/689 1562/1568/688
f 1564/1570/801 1565/1571/818 1566/1572/799
f 1566/1572/799 1565/1571/818 1567/1573/819
f 1565/1571/818 1568/1574/783 1567/1573/819
f 1567/1573/819 1568/1574/783 1569/1575/785
f 1570/1576/661 1571/1577/820 1572/1578/662
f 1572/1578/662 1571/1577/820 1573/1579/821
f 1571/1577/820 1574/1580/778 1573/1579/821
f 1573/1579/821 1574/1580/778 1575/1581/822
f 1574/1580/778 1576/1582/780 1575/1581/822
f 1575/1581/822 1576/1582/780 1577/1583/823
f 1576/1582/780 1578/1584/824 1577/1583/823
f 1577/1583/823 1578/1584/824 1579/1585/665
f 1578/1584/824 1580/1586/781 1579/1585/665
f 1579/1585/665 1580/1586/781 1581/1587/664
f 1582/1588/670 1583/1589/825 1584/1590/669
f 1584/1590/669 1583/1589/825 1585/1591/826
f 1583/1589/825 1586/1592/827 1585/1591/826
f 1587/1593/54 1588/1594/828 1589/1595/829
f 1589/1595/829 1588/1594/828 1590/1596/830
f 1588/1594/828 1591/1597/831 1590/1596/830
f 1592/1598/830 1593/1599/832 1594/1600/829
f 1594/1600/829 1593/1599/832 1595/1601/833
f 1593/1599/832 1596/1602/834 1595/1601/833
f 1595/1601/833 1596/1602/834 1597/1603/835
f 1598/1604/52 1599/1605/52 1600/1606/52
f 1600/1606/52 1599/1605/52 1601/1607/52
f 1599/1605/52 1602/1608/836 1601/1607/52
f 1603/1609/736 1604/1610/837 1605/1611/735
f 1605/1611/735 1604/1610/837 1606/1612/838
f 1604/1610/837 1607/1613/839 1606/1612/838
f 1606/1612/838 1607/1613/839 1608/1614/840
f 1607/1613/839 1609/1615/841 1608/1614/840
f 1608/1614/840 1609/1615/841 1610/1616/705
f 1609/1615/841 1611/1617/842 1610/1616/705
f 1610/1616/705 1611/1617/842 1612/1618/704
f 1613/1619/710 1614/1620/843 1615/1621/709
f 1615/1621/709 1614/1620/843 1616/1622/844
f 1614/1620/843 1617/1623/845 1616/1622/844
f 1616/1622/844 1617/1623/845 1618/1624/846
f 1617/1623/845 1619/1625/847 1618/1624/846
f 1618/1624/846 1619/1625/847 1620/1626/848
f 1619/1625/847 1621/1627/849 1620/1626/848
f 1620/1626/848 1621/1627/849 1622/1628/850
f 1621/1627/849 1623/1629/744 1622/1628/850
f 1622/1628/850 1623/1629/744 1624/1630/743
usemtl mat0.434
f 1625/1631/851 1626/1632/852 1627/1633/853
f 1628/1634/852 1629/1635/854 1630/1636/853
f 1631/1637/855 1632/1638/856 1633/1639/857
f 1633/1639/857 1632/1638/856 1634/1640/858
f 1635/1641/859 1636/1642/853 1637/1643/860
f 1637/1643/860 1636/1642/853 1638/1644/861
f 1639/1645/857 1640/1646/862 1641/1647/863
f 1641/1647/863 1640/1646/862 1642/1648/864
f 1640/1646/862 1643/1649/865 1642/1648/864
f 1642/1648/864 1643/1649/865 1644/1650/866
f 1643/1649/865 1645/1651/867 1644/1650/866
f 1644/1650/866 1645/1651/867 1646/1652/868
f 1645/1651/867 1647/1653/869 1646/1652/868
f 1646/1652/868 1647/1653/869 1648/1654/870
f 1649/1655/871 1650/1656/872 1651/1657/873
f 1651/1657/873 1650/1656/872 1652/1658/874
f 1650/1656/872 1653/1659/875 1652/1658/874
f 1652/1658/874 1653/1659/875 1654/1660/876
f 1653/1659/875 1655/1661/877 1654/1660/876
f 1654/1660/876 1655/1661/877 1656/1662/878
f 1655/1661/877 1657/1663/879 1656/1662/878
f 1656/1662/878 1657/1663/879 1658/1664/880
f 1659/1665/859 1660/1666/881 1661/1667/853
f 1661/1667/853 1660/1666/881 1662/1668/882
f 1660/1666/881 1663/1669/874 1662/1668/882
f 1662/1668/882 1663/1669/874 1664/1670/883
f 1663/1669/874 1665/1671/876 1664/1670/883
f 1664/1670/883 1665/1671/876 1666/1672/884
f 1665/1671/876 1667/1673/878 1666/1672/884
f 1666/1672/884 1667/1673/878 1668/1674/885
f 1667/1673/878 1669/1675/880 1668/1674/885
f 1668/1674/885 1669/1675/880 1670/1676/886
f 1671/1677/887 1672/1678/888 1673/1679/852
f 1673/1679/852 1672/1678/888 1674/1680/889
f 1672/1678/888 1675/1681/884 1674/1680/889
f 1674/1680/889 1675/1681/884 1676/1682/890
f 1675/1681/884 1677/1683/885 1676/1682/890
f 1676/1682/890 1677/1683/885 1678/1684/891
f 1677/1683/885 1679/1685/892 1678/1684/891
f 1678/1684/891 1679/1685/892 1680/1686/893
f 1681/1687/894 1682/1688/895 1683/1689/890
f 1683/1689/890 1682/1688/895 1684/1690/896
f 1682/1688/895 1685/1691/897 1684/1690/896
f 1684/1690/896 1685/1691/897 1686/1692/898
f 1685/1691/897 1687/1693/877 1686/1692/898
f 1686/1692/898 1687/1693/877 1688/1694/875
f 1689/1695/890 1690/1696/899 1691/1697/889
f 1691/1697/889 1690/1696/899 1692/1698/900
f 1690/1696/899 1693/1699/898 1692/1698/900
f 1692/1698/900 1693/1699/898 1694/1700/901
f 1693/1699/898 1695/1701/875 1694/1700/901
f 1694/1700/901 1695/1701/875 1696/1702/872
f 1697/1703/889 1698/1704/900 1699/1705/852
f 1699/1705/852 1698/1704/900 1700/1706/861
f 1698/1704/900 1701/1707/902 1700/1706/861
f 1700/1706/861 1701/1707/902 1702/1708/860
f 1701/1707/902 1703/1709/872 1702/1708/860
f 1702/1708/860 1703/1709/872 1704/1710/871
f 1705/1711/893 1706/1712/903 1707/1713/891
f 1707/1713/891 1706/1712/903 1708/1714/895
f 1706/1712/903 1709/1715/904 1708/1714/895
f 1708/1714/895 1709/1715/904 1710/1716/897
f 1709/1715/904 1711/1717/879 1710/1716/897
f 1710/1716/897 1711/1717/879 1712/1718/877
f 1713/1719/905 1714/1720/906 1715/1721/907
f 1715/1721/907 1714/1720/906 1716/1722/908
f 1714/1720/906 1717/1723/909 1716/1722/908
f 1716/1722/908 1717/1723/909 1718/1724/910
f 1717/1723/909 1719/1725/863 1718/1724/910
f 1718/1724/910 1719/1725/863 1720/1726/864
f 1721/1727/905 1722/1728/907 1723/1729/855
f 1723/1729/855 1722/1728/907 1724/1730/911
f 1722/1728/907 1725/1731/912 1724/1730/911
f 1724/1730/911 1725/1731/912 1726/1732/913
f 1725/1731/912 1727/1733/914 1726/1732/913
f 1726/1732/913 1727/1733/914 1728/1734/915
f 1727/1733/914 1729/1735/916 1728/1734/915
f 1728/1734/915 1729/1735/916 1730/1736/917
f 1729/1735/916 1731/1737/918 1730/1736/917
f 1732/1738/856 1733/1739/913 1734/1740/862
f 1734/1740/862 1733/1739/913 1735/1741/865
f 1733/1739/913 1736/1742/915 1735/1741/865
f 1735/1741/865 1736/1742/915 1737/1743/867
f 1736/1742/915 1738/1744/917 1737/1743/867
f 1737/1743/867 1738/1744/917 1739/1745/919
f 1738/1744/917 1740/1746/918 1739/1745/919
f 1739/1745/919 1740/1746/918 1741/1747/920
f 1742/1748/907 1743/1749/908 1744/1750/912
f 1744/1750/912 1743/1749/908 1745/1751/921
f 1743/1749/908 1746/1752/922 1745/1751/921
f 1745/1751/921 1746/1752/922 1747/1753/923
f 1746/1752/922 1748/1754/864 1747/1753/923
f 1747/1753/923 1748/1754/864 1749/1755/866
f 1750/1756/912 1751/1757/921 1752/1758/914
f 1752/1758/914 1751/1757/921 1753/1759/924
f 1751/1757/921 1754/1760/923 1753/1759/924
f 1753/1759/924 1754/1760/923 1755/1761/925
f 1754/1760/923 1756/1762/866 1755/1761/925
f 1755/1761/925 1756/1762/866 1757/1763/868
f 1758/1764/914 1759/1765/924 1760/1766/926
f 1760/1766/926 1759/1765/924 1761/1767/927
f 1759/1765/924 1762/1768/925 1761/1767/927
f 1761/1767/927 1762/1768/925 1763/1769/928
f 1762/1768/925 1764/1770/868 1763/1769/928
f 1763/1769/928 1764/1770/868 1765/1771/870
f 1766/1772/920 1767/1773/929 1768/1774/928
f 1768/1774/928 1767/1773/929 1769/1775/930
f 1767/1773/929 1770/1776/926 1769/1775/930
usemtl mat0.435
f 1771/1777/931 1772/1778/932 1773/1779/933
f 1774/1780/934 1775/1781/935 1776/1782/936
f 1777/1783/931 1778/1784/937 1779/1785/938
f 1779/1785/938 1778/1784/937 1780/1786/939
f 1781/1787/940 1782/1788/941 1783/1789/942
f 1783/1789/942 1782/1788/941 1784/1790/943
f 1785/1791/944 1786/1792/945 1787/1793/946
f 1787/1793/946 1786/1792/945 1788/1794/947
f 1789/1795/948 1790/1796/949 1791/1797/950
f 1791/1797/950 1790/1796/949 1792/1798/944
f 1793/1799/951 1794/1800/952 1795/1801/948
f 1795/1801/948 1794/1800/952 1796/1802/949
f 1797/1803/953 1798/1804/954 1799/1805/951
f 1799/1805/951 1798/1804/954 1800/1806/952
f 1801/1807/955 1802/1808/956 1803/1809/947
f 1803/1809/947 1802/1808/956 1804/1810/947
f 1805/1811/957 1806/1812/958 1807/1813/955
f 1807/1813/955 1806/1812/958 1808/1814/956
f 1809/1815/959 1810/1816/960 1811/1817/957
f 1811/1817/957 1810/1816/960 1812/1818/958
f 1813/1819/961 1814/1820/962 1815/1821/963
f 1815/1821/963 1814/1820/962 1816/1822/964
f 1817/1823/965 1818/1824/964 1819/1825/966
f 1819/1825/966 1818/1824/964 1820/1826/967
f 1821/1827/968 1822/1828/967 1823/1829/969
f 1823/1829/969 1822/1828/967 1824/1830/970
f 1825/1831/969 1826/1832/970 1827/1833/971
f 1827/1833/971 1826/1832/970 1828/1834/972
f 1829/1835/973 1830/1836/972 1831/1837/974
f 1831/1837/974 1830/1836/972 1832/1838/975
f 1833/1839/976 1834/1840/977 1835/1841/978
f 1835/1841/978 1834/1840/977 1836/1842/979
f 1837/1843/980 1838/1844/961 1839/1845/981
f 1839/1845/981 1838/1844/961 1840/1846/982
f 1841/1847/981 1842/1848/983 1843/1849/984
f 1843/1849/984 1842/1848/983 1844/1850/985
f 1845/1851/984 1846/1852/985 1847/1853/986
f 1847/1853/986 1846/1852/985 1848/1854/987
f 1849/1855/988 1850/1856/989 1851/1857/979
f 1851/1857/979 1850/1856/989 1852/1858/978
f 1853/1859/990 1854/1860/991 1855/1861/992
f 1855/1861/992 1854/1860/991 1856/1862/993
f 1857/1863/994 1858/1864/995 1859/1865/996
f 1859/1865/996 1858/1864/995 1860/1866/991
f 1861/1867/997 1862/1868/998 1863/1869/999
f 1863/1869/999 1862/1868/998 1864/1870/1000
f 1865/1871/1001 1866/1872/1002 1867/1873/1003
f 1867/1873/1003 1866/1872/1002 1868/1874/1004
f 1869/1875/942 1870/1876/943 1871/1877/1001
f 1871/1877/1001 1870/1876/943 1872/1878/1002
f 1873/1879/1005 1874/1880/1006 1875/1881/1007
f 1875/1881/1007 1874/1880/1006 1876/1882/1008
f 1877/1883/1009 1878/1884/1010 1879/1885/1005
f 1879/1885/1005 1878/1884/1010 1880/1886/1006
f 1881/1887/1011 1882/1888/1012 1883/1889/1009
f 1883/1889/1009 1882/1888/1012 1884/1890/1010
f 1885/1891/1013 1886/1892/56 1887/1893/1011
f 1887/1893/1011 1886/1892/56 1888/1894/1014
f 1889/1895/1015 1890/1896/1016 1891/1897/1017
f 1891/1897/1017 1890/1896/1016 1892/1898/1018
f 1893/1899/1019 1894/1900/1020 1895/1901/1021
f 1895/1901/1021 1894/1900/1020 1896/1902/1022
f 1897/1903/1023 1898/1904/1024 1899/1905/1025
f 1899/1905/1025 1898/1904/1024 1900/1906/1026
f 1901/1907/1027 1902/1908/1028 1903/1909/1019
f 1903/1909/1019 1902/1908/1028 1904/1910/1020
f 1905/1911/1029 1906/1912/1030 1907/1913/1031
f 1907/1913/1031 1906/1912/1030 1908/1914/1032
f 1909/1915/1029 1910/1916/1031 1911/1917/1033
f 1911/1917/1033 1910/1916/1031 1912/1918/1034
f 1913/1919/1033 1914/1920/1034 1915/1921/1035
f 1915/1921/1035 1914/1920/1034 1916/1922/1036
f 1917/1923/1037 1918/1924/1038 1919/1925/1039
f 1919/1925/1039 1918/1924/1038 1920/1926/1028
f 1921/1927/1040 1922/1928/1035 1923/1929/1041
f 1923/1929/1041 1922/1928/1035 1924/1930/1042
f 1925/1931/1007 1926/1932/1043 1927/1933/1044
f 1927/1933/1044 1926/1932/1043 1928/1934/1045
f 1929/1935/1044 1930/1936/1045 1931/1937/1046
f 1931/1937/1046 1930/1936/1045 1932/1938/1047
f 1933/1939/1048 1934/1940/1049 1935/1941/1050
f 1935/1941/1050 1934/1940/1049 1936/1942/1051
f 1937/1943/1052 1938/1944/1053 1939/1945/1052
f 1939/1945/1052 1938/1944/1053 1940/1946/1054
f 1941/1947/1055 1942/1948/1056 1943/1949/1023
f 1943/1949/1023 1942/1948/1056 1944/1950/1024
f 1945/1951/1057 1946/1952/1058 1947/1953/1059
f 1947/1953/1059 1946/1952/1058 1948/1954/1056
f 1949/1955/1060 1950/1956/1061 1951/1957/1062
f 1951/1957/1062 1950/1956/1061 1952/1958/1058
f 1953/1959/1063 1954/1960/1064 1955/1961/1060
f 1955/1961/1060 1954/1960/1064 1956/1962/1061
f 1957/1963/1065 1958/1964/971 1959/1965/973
f 1959/1965/973 1958/1964/971 1960/1966/972
f 1961/1967/938 1962/1968/939 1963/1969/997
f 1963/1969/997 1962/1968/939 1964/1970/998
f 1965/1971/1066 1966/1972/1067 1967/1973/954
f 1967/1973/954 1966/1972/1067 1968/1974/1067
f 1969/1975/1000 1970/1976/1068 1971/1977/1069
f 1971/1977/1069 1970/1976/1068 1972/1978/1070
f 1970/1976/1068 1973/1979/1071 1972/1978/1070
f 1972/1978/1070 1973/1979/1071 1974/1980/1072
f 1973/1979/1071 1975/1981/1073 1974/1980/1072
f 1974/1980/1072 1975/1981/1073 1976/1982/1074
f 1975/1981/1073 1977/1983/1075 1976/1982/1074
f 1976/1982/1074 1977/1983/1075 1978/1984/1076
f 1979/1985/995 1980/1986/1077 1981/1987/936
f 1981/1987/936 1980/1986/1077 1982/1988/934
f 1980/1986/1077 1983/1989/1076 1982/1988/934
f 1982/1988/934 1983/1989/1076 1984/1990/1078
f 1983/1989/1076 1985/1991/1075 1984/1990/1078
f 1984/1990/1078 1985/1991/1075 1986/1992/1079
f 1987/1993/931 1988/1994/938 1989/1995/932
f 1989/1995/932 1988/1994/938 1990/1996/1080
f 1988/1994/938 1991/1997/997 1990/1996/1080
f 1990/1996/1080 1991/1997/997 1992/1998/1081
f 1991/1997/997 1993/1999/1082 1992/1998/1081
f 1992/1998/1081 1993/1999/1082 1994/2000/1083
f 1993/1999/1082 1995/2001/1084 1994/2000/1083
f 1994/2000/1083 1995/2001/1084 1996/2002/993
f 1995/2001/1084 1997/2003/1085 1996/2002/993
f 1996/2002/993 1997/2003/1085 1998/2004/992
f 1997/2003/1085 1999/2005/1074 1998/2004/992
f 1998/2004/992 1999/2005/1074 2000/2006/990
f 1999/2005/1074 2001/2007/1076 2000/2006/990
f 2000/2006/990 2001/2007/1076 2002/2008/1077
f 2003/2009/1086 2004/2010/1087 2005/2011/1086
f 2005/2011/1086 2004/2010/1087 2006/2012/1088
f 2004/2010/1087 2007/2013/937 2006/2012/1088
f 2006/2012/1088 2007/2013/937 2008/2014/931
f 2009/2015/1047 2010/2016/1089 2011/2017/1046
f 2011/2017/1046 2010/2016/1089 2012/2018/1090
f 2010/2016/1089 2013/2019/1091 2012/2018/1090
f 2012/2018/1090 2013/2019/1091 2014/2020/1092
f 2013/2019/1091 2015/2021/1054 2014/2020/1092
f 2014/2020/1092 2015/2021/1054 2016/2022/1093
f 2017/2023/1094 2018/2024/1095 2019/2025/1096
f 2019/2025/1096 2018/2024/1095 2020/2026/1097
f 2018/2024/1095 2021/2027/1098 2020/2026/1097
f 2020/2026/1097 2021/2027/1098 2022/2028/1099
f 2021/2027/1098 2023/2029/1100 2022/2028/1099
f 2022/2028/1099 2023/2029/1100 2024/2030/1101
usemtl mat0.436
f 2025/2031/1102 2026/2032/1103 2027/2033/1104
f 2028/2034/1105 2029/2035/1106 2030/2036/1107
f 2031/2037/1102 2032/2038/1108 2033/2039/1109
f 2033/2039/1109 2032/2038/1108 2034/2040/1110
f 2035/2041/1111 2036/2042/1112 2037/2043/1113
f 2037/2043/1113 2036/2042/1112 2038/2044/1114
f 2039/2045/1115 2040/2046/1116 2041/2047/1117
f 2041/2047/1117 2040/2046/1116 2042/2048/1118
f 2043/2049/1119 2044/2050/1120 2045/2051/1121
f 2045/2051/1121 2044/2050/1120 2046/2052/1115
f 2047/2053/1122 2048/2054/1123 2049/2055/1119
f 2049/2055/1119 2048/2054/1123 2050/2056/1120
f 2051/2057/1124 2052/2058/1125 2053/2059/1122
f 2053/2059/1122 2052/2058/1125 2054/2060/1123
f 2055/2061/1126 2056/2062/1127 2057/2063/1118
f 2057/2063/1118 2056/2062/1127 2058/2064/1118
f 2059/2065/1128 2060/2066/1129 2061/2067/1126
f 2061/2067/1126 2060/2066/1129 2062/2068/1127
f 2063/2069/1130 2064/2070/1131 2065/2071/1128
f 2065/2071/1128 2064/2070/1131 2066/2072/1129
f 2067/2073/1132 2068/2074/1133 2069/2075/1134
f 2069/2075/1134 2068/2074/1133 2070/2076/1135
f 2071/2077/1136 2072/2078/1135 2073/2079/1137
f 2073/2079/1137 2072/2078/1135 2074/2080/1138
f 2075/2081/1139 2076/2082/1138 2077/2083/1140
f 2077/2083/1140 2076/2082/1138 2078/2084/1141
f 2079/2085/1140 2080/2086/1141 2081/2087/1142
f 2081/2087/1142 2080/2086/1141 2082/2088/1143
f 2083/2089/1144 2084/2090/1145 2085/2091/1146
f 2085/2091/1146 2084/2090/1145 2086/2092/1147
f 2087/2093/1148 2088/2094/1149 2089/2095/1150
f 2089/2095/1150 2088/2094/1149 2090/2096/1151
f 2091/2097/1152 2092/2098/1132 2093/2099/1153
f 2093/2099/1153 2092/2098/1132 2094/2100/1154
f 2095/2101/1153 2096/2102/1155 2097/2103/1156
f 2097/2103/1156 2096/2102/1155 2098/2104/1157
f 2099/2105/1156 2100/2106/1157 2101/2107/1158
f 2101/2107/1158 2100/2106/1157 2102/2108/1159
f 2103/2109/1160 2104/2110/1161 2105/2111/1151
f 2105/2111/1151 2104/2110/1161 2106/2112/1150
f 2107/2113/1162 2108/2114/1163 2109/2115/1164
f 2109/2115/1164 2108/2114/1163 2110/2116/1165
f 2111/2117/1166 2112/2118/1167 2113/2119/1162
f 2113/2119/1162 2112/2118/1167 2114/2120/1163
f 2115/2121/1168 2116/2122/1169 2117/2123/1170
f 2117/2123/1170 2116/2122/1169 2118/2124/1171
f 2119/2125/1172 2120/2126/1173 2121/2127/1174
f 2121/2127/1174 2120/2126/1173 2122/2128/1175
f 2123/2129/1113 2124/2130/1114 2125/2131/1172
f 2125/2131/1172 2124/2130/1114 2126/2132/1173
f 2127/2133/1176 2128/2134/1177 2129/2135/1178
f 2129/2135/1178 2128/2134/1177 2130/2136/1179
f 2131/2137/1180 2132/2138/1181 2133/2139/1176
f 2133/2139/1176 2132/2138/1181 2134/2140/1177
f 2135/2141/1182 2136/2142/1183 2137/2143/1180
f 2137/2143/1180 2136/2142/1183 2138/2144/1181
f 2139/2145/1184 2140/2146/56 2141/2147/1182
f 2141/2147/1182 2140/2146/56 2142/2148/1185
f 2143/2149/1186 2144/2150/1187 2145/2151/1188
f 2145/2151/1188 2144/2150/1187 2146/2152/1189
f 2147/2153/1190 2148/2154/1191 2149/2155/1192
f 2149/2155/1192 2148/2154/1191 2150/2156/1193
f 2151/2157/1194 2152/2158/1195 2153/2159/1196
f 2153/2159/1196 2152/2158/1195 2154/2160/1197
f 2155/2161/1198 2156/2162/1199 2157/2163/1190
f 2157/2163/1190 2156/2162/1199 2158/2164/1191
f 2159/2165/1200 2160/2166/1201 2161/2167/1202
f 2161/2167/1202 2160/2166/1201 2162/2168/1203
f 2163/2169/1200 2164/2170/1202 2165/2171/1204
f 2165/2171/1204 2164/2170/1202 2166/2172/1205
f 2167/2173/1204 2168/2174/1205 2169/2175/1206
f 2169/2175/1206 2168/2174/1205 2170/2176/1207
f 2171/2177/1208 2172/2178/1209 2173/2179/1210
f 2173/2179/1210 2172/2178/1209 2174/2180/1199
f 2175/2181/1211 2176/2182/1206 2177/2183/1212
f 2177/2183/1212 2176/2182/1206 2178/2184/1213
f 2179/2185/1178 2180/2186/1214 2181/2187/1215
f 2181/2187/1215 2180/2186/1214 2182/2188/1216
f 2183/2189/1215 2184/2190/1216 2185/2191/1217
f 2185/2191/1217 2184/2190/1216 2186/2192/1218
f 2187/2193/1219 2188/2194/1220 2189/2195/1221
f 2189/2195/1221 2188/2194/1220 2190/2196/1222
f 2191/2197/1223 2192/2198/1224 2193/2199/1223
f 2193/2199/1223 2192/2198/1224 2194/2200/1225
f 2195/2201/1226 2196/2202/1227 2197/2203/1194
f 2197/2203/1194 2196/2202/1227 2198/2204/1195
f 2199/2205/1228 2200/2206/1229 2201/2207/1230
f 2201/2207/1230 2200/2206/1229 2202/2208/1227
f 2203/2209/1231 2204/2210/1232 2205/2211/1233
f 2205/2211/1233 2204/2210/1232 2206/2212/1229
f 2207/2213/1234 2208/2214/1235 2209/2215/1231
f 2209/2215/1231 2208/2214/1235 2210/2216/1232
f 2211/2217/1236 2212/2218/1142 2213/2219/1144
f 2213/2219/1144 2212/2218/1142 2214/2220/1143
f 2215/2221/1109 2216/2222/1110 2217/2223/1168
f 2217/2223/1168 2216/2222/1110 2218/2224/1169
f 2219/2225/1237 2220/2226/1238 2221/2227/1125
f 2221/2227/1125 2220/2226/1238 2222/2228/1238
f 2223/2229/1171 2224/2230/1239 2225/2231/1240
f 2225/2231/1240 2224/2230/1239 2226/2232/1241
f 2224/2230/1239 2227/2233/1242 2226/2232/1241
f 2226/2232/1241 2227/2233/1242 2228/2234/1243
f 2227/2233/1242 2229/2235/1244 2228/2234/1243
f 2228/2234/1243 2229/2235/1244 2230/2236/1245
f 2229/2235/1244 2231/2237/1246 2230/2236/1245
f 2230/2236/1245 2231/2237/1246 2232/2238/1247
f 2233/2239/1167 2234/2240/1166 2235/2241/1107
f 2235/2241/1107 2234/2240/1166 2236/2242/1105
f 2234/2240/1166 2237/2243/1247 2236/2242/1105
f 2236/2242/1105 2237/2243/1247 2238/2244/1248
f 2237/2243/1247 2239/2245/1246 2238/2244/1248
f 2238/2244/1248 2239/2245/1246 2240/2246/1249
f 2241/2247/1102 2242/2248/1109 2243/2249/1103
f 2243/2249/1103 2242/2248/1109 2244/2250/1250
f 2242/2248/1109 2245/2251/1168 2244/2250/1250
f 2244/2250/1250 2245/2251/1168 2246/2252/1251
f 2245/2251/1168 2247/2253/1252 2246/2252/1251
f 2246/2252/1251 2247/2253/1252 2248/2254/1253
f 2247/2253/1252 2249/2255/1254 2248/2254/1253
f 2248/2254/1253 2249/2255/1254 2250/2256/1165
f 2249/2255/1254 2251/2257/1255 2250/2256/1165
f 2250/2256/1165 2251/2257/1255 2252/2258/1164
f 2251/2257/1255 2253/2259/1245 2252/2258/1164
f 2252/2258/1164 2253/2259/1245 2254/2260/1162
f 2253/2259/1245 2255/2261/1247 2254/2260/1162
f 2254/2260/1162 2255/2261/1247 2256/2262/1166
f 2257/2263/1256 2258/2264/1257 2259/2265/1256
f 2259/2265/1256 2258/2264/1257 2260/2266/1258
f 2258/2264/1257 2261/2267/1108 2260/2266/1258
f 2260/2266/1258 2261/2267/1108 2262/2268/1102
f 2263/2269/1218 2264/2270/1259 2265/2271/1217
f 2265/2271/1217 2264/2270/1259 2266/2272/1260
f 2264/2270/1259 2267/2273/1261 2266/2272/1260
f 2266/2272/1260 2267/2273/1261 2268/2274/1262
f 2267/2273/1261 2269/2275/1225 2268/2274/1262
f 2268/2274/1262 2269/2275/1225 2270/2276/1263
f 2271/2277/1264 2272/2278/1265 2273/2279/1266
f 2273/2279/1266 2272/2278/1265 2274/2280/1267
f 2272/2278/1265 2275/2281/1268 2274/2280/1267
f 2274/2280/1267 2275/2281/1268 2276/2282/1269
f 2275/2281/1268 2277/2283/1270 2276/2282/1269
f 2276/2282/1269 2277/2283/1270 2278/2284/1271
