# Blender v2.93.5 OBJ File: 'Centorrior4.blend'
# www.blender.org
mtllib Centorrior Hitbox.mtl
o Sphere
v 0.000000 0.215025 -0.494975
v 0.000000 0.023450 -0.136563
v 0.126168 0.442122 -0.634289
v 0.113548 0.321101 -0.570845
v 0.096565 0.215025 -0.485464
v 0.075870 0.127971 -0.381427
v 0.052261 0.063284 -0.262731
v 0.026642 0.023450 -0.133939
v 0.262731 0.573437 -0.634289
v 0.247487 0.442122 -0.597487
v 0.222733 0.321101 -0.537724
v 0.189419 0.215025 -0.457297
v 0.148825 0.127971 -0.359296
v 0.102513 0.063284 -0.247487
v 0.052260 0.023450 -0.126168
v 0.381427 0.846563 -0.570845
v 0.388899 0.710000 -0.582029
v 0.381427 0.573437 -0.570845
v 0.359296 0.442122 -0.537724
v 0.323358 0.321101 -0.483939
v 0.274993 0.215025 -0.411556
v 0.216061 0.127971 -0.323358
v 0.148825 0.063284 -0.222733
v 0.075870 0.023450 -0.113548
v 0.411556 1.098899 -0.411556
v 0.457297 0.977878 -0.457297
v 0.485464 0.846563 -0.485464
v 0.494975 0.710000 -0.494975
v 0.485464 0.573437 -0.485464
v 0.457297 0.442122 -0.457297
v 0.411556 0.321101 -0.411556
v 0.350000 0.215025 -0.350000
v 0.274993 0.127971 -0.274993
v 0.189419 0.063284 -0.189419
v 0.096565 0.023450 -0.096565
v 0.411556 1.204975 -0.274993
v 0.483939 1.098899 -0.323358
v 0.537724 0.977878 -0.359296
v 0.570845 0.846563 -0.381426
v 0.582029 0.710000 -0.388899
v 0.570845 0.573437 -0.381426
v 0.537724 0.442122 -0.359296
v 0.483939 0.321101 -0.323358
v 0.411556 0.215025 -0.274993
v 0.323358 0.127971 -0.216061
v 0.222733 0.063284 -0.148825
v 0.113548 0.023450 -0.075870
v 0.457297 1.204975 -0.189419
v 0.537724 1.098899 -0.222733
v 0.597487 0.977878 -0.247487
v 0.634289 0.846563 -0.262731
v 0.646716 0.710000 -0.267878
v 0.634289 0.573437 -0.262731
v 0.597487 0.442122 -0.247487
v 0.537724 0.321101 -0.222733
v 0.457297 0.215025 -0.189419
v 0.359296 0.127971 -0.148825
v 0.247487 0.063284 -0.102513
v 0.126168 0.023450 -0.052260
v 0.381427 1.292029 -0.075870
v 0.485464 1.204975 -0.096565
v 0.570845 1.098899 -0.113548
v 0.634289 0.977878 -0.126168
v 0.673358 0.846563 -0.133939
v 0.686549 0.710000 -0.136563
v 0.673358 0.573437 -0.133939
v 0.634289 0.442122 -0.126168
v 0.570845 0.321101 -0.113548
v 0.485464 0.215025 -0.096565
v 0.381426 0.127971 -0.075870
v 0.262731 0.063284 -0.052260
v 0.133939 0.023450 -0.026642
v 0.388899 1.292029 0.000000
v 0.494975 1.204975 0.000000
v 0.582029 1.098899 0.000000
v 0.646715 0.977878 0.000000
v 0.686550 0.846563 0.000000
v 0.700000 0.710000 0.000000
v 0.686550 0.573437 0.000000
v 0.646716 0.442122 0.000000
v 0.582029 0.321101 0.000000
v 0.494975 0.215025 0.000000
v 0.388899 0.127971 0.000000
v 0.267878 0.063284 0.000000
v 0.136563 0.023450 0.000000
v 0.381426 1.292029 0.075871
v 0.485464 1.204975 0.096565
v 0.570845 1.098899 0.113548
v 0.634289 0.977878 0.126168
v 0.673358 0.846563 0.133939
v 0.686549 0.710000 0.136563
v 0.673358 0.573437 0.133939
v 0.634289 0.442122 0.126168
v 0.570845 0.321101 0.113548
v 0.485464 0.215025 0.096565
v 0.381426 0.127971 0.075870
v 0.262731 0.063284 0.052261
v 0.133939 0.023450 0.026642
v 0.457297 1.204975 0.189419
v 0.537724 1.098899 0.222733
v 0.597487 0.977878 0.247487
v 0.634289 0.846563 0.262731
v 0.646715 0.710000 0.267878
v 0.634289 0.573437 0.262731
v 0.597487 0.442122 0.247487
v 0.537724 0.321101 0.222733
v 0.457297 0.215025 0.189419
v 0.359296 0.127971 0.148825
v 0.247487 0.063284 0.102513
v 0.126168 0.023450 0.052261
v 0.411556 1.204975 0.274993
v 0.483939 1.098899 0.323358
v 0.537724 0.977878 0.359296
v 0.570845 0.846563 0.381427
v 0.582028 0.710000 0.388899
v 0.570845 0.573437 0.381427
v 0.537724 0.442122 0.359296
v 0.483939 0.321101 0.323358
v 0.411556 0.215025 0.274993
v 0.323358 0.127971 0.216061
v 0.222733 0.063284 0.148825
v 0.113548 0.023450 0.075871
v 0.411556 1.098899 0.411556
v 0.457297 0.977878 0.457297
v 0.485464 0.846563 0.485464
v 0.494974 0.710000 0.494974
v 0.485464 0.573437 0.485464
v 0.457297 0.442122 0.457297
v 0.411556 0.321101 0.411556
v 0.350000 0.215025 0.350000
v 0.096565 0.023450 0.096565
v 0.381426 0.846563 0.570845
v 0.388899 0.710000 0.582028
v 0.381426 0.573437 0.570845
v 0.359296 0.442122 0.537724
v 0.323358 0.321101 0.483939
v 0.075870 0.023450 0.113548
v 0.262731 0.846563 0.634289
v 0.000000 0.846563 0.686549
v 0.000000 0.710000 0.700000
v 0.000000 0.573437 0.686549
v 0.000000 0.442122 0.646715
v 0.000000 0.321101 0.582029
v 0.000000 0.215025 0.494974
v 0.000000 0.127971 0.388899
v 0.000000 0.063284 0.267878
v 0.000000 0.023450 0.136563
v -0.126168 0.442122 -0.634289
v -0.113548 0.321101 -0.570845
v -0.096565 0.215025 -0.485464
v -0.075870 0.127971 -0.381427
v -0.052261 0.063284 -0.262731
v -0.026642 0.023450 -0.133939
v -0.262731 0.573437 -0.634289
v -0.247487 0.442122 -0.597487
v -0.222733 0.321101 -0.537724
v -0.189419 0.215025 -0.457297
v -0.148825 0.127971 -0.359296
v -0.102513 0.063284 -0.247487
v -0.052260 0.023450 -0.126168
v -0.381427 0.846563 -0.570845
v -0.388899 0.710000 -0.582029
v -0.381427 0.573437 -0.570845
v -0.359296 0.442122 -0.537724
v -0.323358 0.321101 -0.483939
v -0.274993 0.215025 -0.411556
v -0.216061 0.127971 -0.323358
v -0.148825 0.063284 -0.222733
v -0.075870 0.023450 -0.113548
v -0.411556 1.098899 -0.411556
v -0.457297 0.977878 -0.457297
v -0.485464 0.846563 -0.485464
v 0.000000 0.010000 0.000000
v -0.494975 0.710000 -0.494975
v -0.485464 0.573437 -0.485464
v -0.457297 0.442122 -0.457297
v -0.411556 0.321101 -0.411556
v -0.350000 0.215025 -0.350000
v -0.274993 0.127971 -0.274993
v -0.189419 0.063284 -0.189419
v -0.096565 0.023450 -0.096565
v -0.411556 1.204975 -0.274993
v -0.483939 1.098899 -0.323358
v -0.537724 0.977878 -0.359296
v -0.570845 0.846563 -0.381426
v -0.582029 0.710000 -0.388899
v -0.570845 0.573437 -0.381426
v -0.537724 0.442122 -0.359296
v -0.483939 0.321101 -0.323358
v -0.411556 0.215025 -0.274993
v -0.323358 0.127971 -0.216061
v -0.222733 0.063284 -0.148825
v -0.113548 0.023450 -0.075870
v -0.457297 1.204975 -0.189419
v -0.537724 1.098899 -0.222733
v -0.597487 0.977878 -0.247487
v -0.634289 0.846563 -0.262731
v -0.646716 0.710000 -0.267878
v -0.634289 0.573437 -0.262731
v -0.597487 0.442122 -0.247487
v -0.537724 0.321101 -0.222733
v -0.457297 0.215025 -0.189419
v -0.359296 0.127971 -0.148825
v -0.247487 0.063284 -0.102513
v -0.126168 0.023450 -0.052260
v -0.381427 1.292029 -0.075870
v -0.485464 1.204975 -0.096565
v -0.570845 1.098899 -0.113548
v -0.634289 0.977878 -0.126168
v -0.673358 0.846563 -0.133939
v -0.686549 0.710000 -0.136563
v -0.673358 0.573437 -0.133939
v -0.634289 0.442122 -0.126168
v -0.570845 0.321101 -0.113548
v -0.485464 0.215025 -0.096565
v -0.381426 0.127971 -0.075870
v -0.262731 0.063284 -0.052260
v -0.133939 0.023450 -0.026642
v -0.388899 1.292029 0.000000
v -0.494975 1.204975 0.000000
v -0.582029 1.098899 0.000000
v -0.646715 0.977878 0.000000
v -0.686550 0.846563 0.000000
v -0.700000 0.710000 0.000000
v -0.686550 0.573437 0.000000
v -0.646716 0.442122 0.000000
v -0.582029 0.321101 0.000000
v -0.494975 0.215025 0.000000
v -0.388899 0.127971 0.000000
v -0.267878 0.063284 0.000000
v -0.136563 0.023450 0.000000
v -0.381426 1.292029 0.075871
v -0.485464 1.204975 0.096565
v -0.570845 1.098899 0.113548
v -0.634289 0.977878 0.126168
v -0.673358 0.846563 0.133939
v -0.686549 0.710000 0.136563
v -0.673358 0.573437 0.133939
v -0.634289 0.442122 0.126168
v -0.570845 0.321101 0.113548
v -0.485464 0.215025 0.096565
v -0.381426 0.127971 0.075870
v -0.262731 0.063284 0.052261
v -0.133939 0.023450 0.026642
v -0.457297 1.204975 0.189419
v -0.537724 1.098899 0.222733
v -0.597487 0.977878 0.247487
v -0.634289 0.846563 0.262731
v -0.646715 0.710000 0.267878
v -0.634289 0.573437 0.262731
v -0.597487 0.442122 0.247487
v -0.537724 0.321101 0.222733
v -0.457297 0.215025 0.189419
v -0.359296 0.127971 0.148825
v -0.247487 0.063284 0.102513
v -0.126168 0.023450 0.052261
v -0.411556 1.204975 0.274993
v -0.483939 1.098899 0.323358
v -0.537724 0.977878 0.359296
v -0.570845 0.846563 0.381427
v -0.582028 0.710000 0.388899
v -0.570845 0.573437 0.381427
v -0.537724 0.442122 0.359296
v -0.483939 0.321101 0.323358
v -0.411556 0.215025 0.274993
v -0.323358 0.127971 0.216061
v -0.222733 0.063284 0.148825
v -0.113548 0.023450 0.075871
v -0.411556 1.098899 0.411556
v -0.457297 0.977878 0.457297
v -0.485464 0.846563 0.485464
v -0.494974 0.710000 0.494974
v 0.000000 0.442122 -0.646715
v 0.000000 0.321101 -0.582028
v 0.000000 0.127971 -0.388899
v 0.000000 0.063284 -0.267878
v 0.267878 0.710000 0.646715
v 0.262731 0.573437 0.634289
v 0.247487 0.442122 0.597487
v 0.052260 0.023450 0.126168
v 0.133939 0.846563 0.673358
v -0.485464 0.573437 0.485464
v -0.457297 0.442122 0.457297
v -0.411556 0.321101 0.411556
v -0.350000 0.215025 0.350000
v -0.096565 0.023450 0.096565
v -0.381426 0.846563 0.570845
v -0.388899 0.710000 0.582028
v 0.136563 0.710000 0.686549
v 0.133939 0.573437 0.673358
v 0.126168 0.442122 0.634289
v 0.096565 0.215025 0.485464
v 0.075870 0.127971 0.381426
v 0.052260 0.063284 0.262731
v 0.026642 0.023450 0.133939
v 0.381427 1.234713 0.254861
v 0.381427 1.098899 0.436283
v 0.381427 1.272370 0.157992
v 0.381427 1.204975 0.311706
v 0.381427 0.977878 0.519562
v 0.381427 1.272370 -0.157992
v 0.381427 1.296023 0.000000
v 0.381427 1.150819 0.381427
v 0.381427 0.846563 -0.157992
v 0.381427 1.204975 -0.311706
v -0.381426 0.573437 0.570845
v 0.381427 0.977878 -0.519562
v 0.381427 1.150819 -0.381427
v 0.381427 1.234713 -0.254861
v 0.381427 1.098899 -0.436283
v -0.359296 0.442122 0.537724
v -0.323358 0.321101 0.483939
v -0.075870 0.023450 0.113548
v -0.262731 0.846563 0.634289
v 0.000000 0.527658 -0.672662
v 0.132470 0.548612 -0.665972
v 0.184414 0.573437 -0.658046
v 0.328251 0.710000 -0.614446
v 0.264914 0.631344 -0.639558
v 0.300000 0.571526 0.458871
v 0.300000 0.270647 0.157993
v 0.100000 0.270647 0.157993
v 0.100000 0.571526 0.458871
v 0.105567 0.039665 0.157993
v 0.264721 0.442122 0.588276
v 0.100000 0.127971 0.374107
v 0.300000 0.102205 0.157993
v 0.236453 0.072104 0.157993
v 0.100000 0.220227 0.488861
v 0.109830 0.411087 0.619310
v 0.100000 0.410456 0.619941
v 0.100000 0.236482 0.502734
v 0.100000 0.215025 0.484422
v 0.157993 0.049803 0.157993
v 0.215209 0.063284 0.157993
v 0.300000 0.215025 0.391034
v 0.300000 0.156995 0.300000
v 0.246226 0.435955 0.594442
v 0.102953 0.039289 0.157993
v 0.100000 0.038865 0.157993
v 0.123020 0.411934 0.618463
v 0.300000 0.123193 0.230498
v 0.100000 0.056351 0.223040
v 0.300000 0.127971 0.244522
v 0.100000 0.063284 0.248250
v 0.300000 0.339125 0.507295
v 0.300000 0.321101 0.496424
v 0.100000 0.061293 0.241421
v 0.300000 0.107664 0.179553
v 0.300000 0.112956 0.200454
v 0.300000 0.442122 0.569419
v 0.100000 0.323578 0.573503
v 0.100000 0.321101 0.572179
v 0.300000 0.269872 0.448982
v 0.100000 0.315342 0.567453
v 0.300000 0.449508 0.571947
v 0.300000 0.456170 0.574227
v -0.100000 0.442122 0.636866
v -0.267878 0.710000 0.646715
v -0.262731 0.573437 0.634289
v -0.247487 0.442122 0.597487
v -0.052260 0.023450 0.126168
v -0.133939 0.846563 0.673358
v -0.136563 0.710000 0.686549
v -0.133939 0.573437 0.673358
v -0.126168 0.442122 0.634289
v -0.096565 0.215025 0.485464
v -0.075870 0.127971 0.381426
v -0.052260 0.063284 0.262731
v -0.026642 0.023450 0.133939
v -0.381427 1.234713 0.254861
v -0.381427 1.098899 0.436283
v -0.381427 1.272370 0.157992
v -0.381427 1.204975 0.311706
v -0.381427 0.977878 0.519562
v -0.381427 1.272370 -0.157992
v -0.381427 1.296023 0.000000
v -0.381427 1.150819 0.381427
v -0.381427 0.846563 -0.157992
v -0.381427 1.204975 -0.311706
v -0.381427 0.977878 -0.519562
v -0.381427 1.150819 -0.381427
v -0.381427 1.234713 -0.254861
v -0.381427 1.098899 -0.436283
v -0.100000 0.458864 0.641945
v -0.132470 0.548612 -0.665972
v -0.184414 0.573437 -0.658046
v -0.328251 0.710000 -0.614446
v -0.264914 0.631344 -0.639558
v -0.300000 0.571526 0.458871
v -0.300000 0.270647 0.157993
v -0.100000 0.270647 0.157993
v -0.100000 0.571526 0.458871
v -0.105567 0.039665 0.157993
v -0.264721 0.442122 0.588276
v 0.129569 0.499599 0.651389
v 0.267089 0.689048 0.644809
v 0.183167 0.573437 0.658424
v -0.100000 0.127971 0.374107
v 0.282297 0.710000 0.639008
v -0.300000 0.102205 0.157993
v -0.236453 0.072104 0.157993
v 0.087847 0.442122 0.638063
v 0.066970 0.710000 0.693404
v -0.100000 0.220227 0.488861
v 0.203151 0.811833 0.655920
v 0.208028 0.811352 0.654490
v 0.212718 0.809930 0.653213
v 0.217040 0.807619 0.652138
v 0.220829 0.804510 0.651307
v 0.223938 0.800722 0.650752
v 0.226248 0.796400 0.650494
v 0.227670 0.791710 0.650543
v 0.228151 0.786833 0.650897
v 0.227670 0.781955 0.651542
v 0.226248 0.777266 0.652454
v 0.223938 0.772943 0.653597
v 0.220829 0.769155 0.654929
v 0.217040 0.766046 0.656396
v 0.212718 0.763736 0.657944
v 0.208028 0.762313 0.659512
v 0.203151 0.761833 0.661041
v 0.198274 0.762313 0.662471
v 0.193584 0.763736 0.663748
v 0.189262 0.766046 0.664823
v 0.185473 0.769155 0.665654
v 0.182364 0.772943 0.666209
v 0.180054 0.777266 0.666467
v 0.178631 0.781955 0.666418
v 0.178151 0.786833 0.666064
v 0.178631 0.791710 0.665419
v 0.180054 0.796400 0.664507
v 0.182364 0.800722 0.663363
v 0.185473 0.804510 0.662032
v 0.189262 0.807619 0.660565
v 0.193584 0.809930 0.659017
v 0.198274 0.811352 0.657448
v -0.109830 0.411087 0.619310
v -0.100000 0.410456 0.619941
v -0.100000 0.236482 0.502734
v -0.100000 0.215025 0.484422
v -0.157993 0.049803 0.157993
v -0.215209 0.063284 0.157993
v -0.300000 0.215025 0.391034
v -0.300000 0.156995 0.300000
v -0.246226 0.435955 0.594442
v -0.102953 0.039289 0.157993
v -0.100000 0.038865 0.157993
v -0.123020 0.411934 0.618463
v -0.300000 0.123193 0.230498
v -0.100000 0.056351 0.223040
v -0.300000 0.127971 0.244522
v -0.100000 0.063284 0.248250
v -0.300000 0.339125 0.507295
v -0.300000 0.321101 0.496424
v -0.100000 0.061293 0.241421
v -0.300000 0.107664 0.179553
v -0.300000 0.112956 0.200454
v -0.300000 0.442122 0.569419
v -0.100000 0.323578 0.573503
v -0.100000 0.321101 0.572179
v -0.300000 0.269872 0.448982
v -0.100000 0.315342 0.567453
v -0.300000 0.449508 0.571947
v -0.300000 0.456170 0.574227
v 0.099999 0.458862 0.641944
v -0.129569 0.499599 0.651389
v -0.267089 0.689048 0.644809
v -0.183167 0.573437 0.658424
v -0.282297 0.710000 0.639008
v -0.087847 0.442122 0.638063
v -0.066970 0.710000 0.693404
v -0.203151 0.811833 0.655920
v -0.208028 0.811352 0.654490
v -0.212718 0.809930 0.653213
v -0.217040 0.807619 0.652138
v -0.220829 0.804510 0.651307
v -0.223938 0.800722 0.650752
v -0.226248 0.796400 0.650494
v -0.227670 0.791710 0.650543
v -0.228151 0.786833 0.650897
v -0.227670 0.781955 0.651542
v -0.226248 0.777266 0.652454
v -0.223938 0.772943 0.653597
v -0.220829 0.769155 0.654929
v -0.217040 0.766046 0.656396
v 0.038789 0.374538 0.606771
v 0.037114 0.063284 0.264223
v 0.038789 0.215025 0.491154
v 0.000000 0.183182 0.456173
v 0.017090 0.127971 0.387216
v 0.058614 0.127971 0.383126
v 0.038789 0.321101 0.578208
v 0.038789 0.158205 0.421919
v 0.068663 0.158205 0.418977
v -0.212718 0.763736 0.657944
v -0.208028 0.762313 0.659512
v -0.203151 0.761833 0.661041
v -0.198274 0.762313 0.662471
v -0.193584 0.763736 0.663748
v -0.189262 0.766046 0.664823
v -0.185473 0.769155 0.665654
v -0.182364 0.772943 0.666209
v -0.180054 0.777266 0.666467
v -0.178631 0.781955 0.666418
v -0.178151 0.786833 0.666064
v -0.178631 0.791710 0.665419
v -0.180054 0.796400 0.664507
v -0.182364 0.800722 0.663363
v -0.185473 0.804510 0.662032
v -0.189262 0.807619 0.660565
v -0.193584 0.809930 0.659017
v -0.198274 0.811352 0.657448
v -0.038789 0.374538 0.606771
v -0.037114 0.063284 0.264223
v -0.038789 0.215025 0.491154
v 0.099999 0.442122 0.636866
v -0.017090 0.127971 0.387216
v -0.058614 0.127971 0.383126
v -0.038789 0.321101 0.578208
v -0.038789 0.158205 0.421919
v -0.068663 0.158205 0.418977
vt 0.943632 0.412344
vt 0.943632 0.370355
vt 0.945444 0.370519
vt 0.853049 0.062032
vt 0.852645 0.047330
vt 0.890675 0.085157
vt 0.291901 0.852474
vt 0.244641 0.835097
vt 0.244356 0.833235
vt 0.978613 0.220626
vt 0.981044 0.220406
vt 0.982856 0.262230
vt 0.894915 0.560188
vt 0.894915 0.638623
vt 0.856885 0.598016
vt 0.876845 0.354120
vt 0.879877 0.379846
vt 0.830079 0.344548
vt 0.947876 0.370740
vt 0.970587 0.377002
vt 0.973996 0.378610
vt 0.980499 0.412344
vt 0.980499 0.382272
vt 0.860032 0.007888
vt 0.860603 0.006722
vt 0.890675 0.006722
vt 0.868719 0.107113
vt 0.866621 0.103591
vt 0.853139 0.034469
vt 0.864586 0.100177
vt 0.862004 0.094927
vt 0.860799 0.092476
vt 0.857351 0.081461
vt 0.859398 0.009180
vt 0.854071 0.030702
vt 0.242513 0.814520
vt 0.242203 0.810593
vt 0.291901 0.774039
vt 0.242103 0.809337
vt 0.245135 0.783611
vt 0.253108 0.758775
vt 0.253739 0.757625
vt 0.255490 0.754585
vt 0.261690 0.743827
vt 0.244491 0.834602
vt 0.249912 0.852474
vt 0.982856 0.220241
vt 0.945990 0.262230
vt 0.955902 0.226888
vt 0.945990 0.232158
vt 0.952493 0.228496
vt 0.864843 0.638623
vt 0.864272 0.637458
vt 0.863638 0.636165
vt 0.858311 0.614643
vt 0.857378 0.610877
vt 0.857289 0.583314
vt 0.861591 0.563884
vt 0.865039 0.552870
vt 0.866244 0.550419
vt 0.868826 0.545169
vt 0.870860 0.541754
vt 0.872959 0.538233
vt 0.879778 0.381103
vt 0.879467 0.385029
vt 0.877624 0.403744
vt 0.830079 0.422983
vt 0.877489 0.405111
vt 0.877339 0.405606
vt 0.872068 0.422983
vt 0.860290 0.314337
vt 0.866490 0.325094
vt 0.868241 0.328134
vt 0.868872 0.329284
vt 0.382507 0.157099
vt 0.406349 0.148310
vt 0.405570 0.157099
vt 0.453483 0.157099
vt 0.428858 0.157099
vt 0.429284 0.152521
vt 0.281553 0.299745
vt 0.258644 0.324134
vt 0.261602 0.299736
vt 0.358790 0.157099
vt 0.383612 0.144188
vt 0.133874 0.301489
vt 0.114589 0.306090
vt 0.114073 0.301925
vt 0.333519 0.157099
vt 0.360241 0.139936
vt 0.305435 0.157099
vt 0.335418 0.135333
vt 0.408697 0.139788
vt 0.364770 0.123322
vt 0.283830 0.344872
vt 0.249446 0.346246
vt 0.430540 0.148094
vt 0.387013 0.131666
vt 0.308202 0.130094
vt 0.341267 0.114375
vt 0.123505 0.758675
vt 0.122572 0.758809
vt 0.110005 0.749761
vt 0.432590 0.143962
vt 0.021615 0.378987
vt 0.015512 0.378328
vt 0.017750 0.375791
vt 0.315710 0.104418
vt 0.350706 0.094910
vt 0.254727 0.383434
vt 0.236129 0.365151
vt 0.372174 0.107802
vt 0.412544 0.131805
vt 0.392596 0.119934
vt 0.417778 0.124612
vt 0.234423 0.399424
vt 0.220504 0.380208
vt 0.291990 0.476789
vt 0.259063 0.449208
vt 0.290662 0.437505
vt 0.435370 0.140263
vt 0.400175 0.109350
vt 0.247711 0.422193
vt 0.552370 0.125308
vt 0.553367 0.124404
vt 0.557323 0.123533
vt 0.273926 0.361524
vt 0.285328 0.369839
vt 0.223714 0.432936
vt 0.214137 0.411201
vt 0.438798 0.137122
vt 0.092968 0.311159
vt 0.071459 0.320918
vt 0.092183 0.308625
vt 0.014666 0.388313
vt 0.041028 0.391919
vt 0.014454 0.406734
vt 0.363324 0.077491
vt 0.394412 0.081824
vt 0.382169 0.093842
vt 0.273523 0.407087
vt 0.240755 0.516119
vt 0.268800 0.533469
vt 0.252868 0.552052
vt 0.327502 0.080743
vt 0.409514 0.100225
vt 0.343068 0.059683
vt 0.378658 0.062566
vt 0.237763 0.485249
vt 0.207177 0.463789
vt 0.231858 0.457528
vt 0.269158 0.515421
vt 0.266505 0.480570
vt 0.203812 0.391858
vt 0.361819 0.041748
vt 0.396199 0.050474
vt 0.424245 0.118436
vt 0.431764 0.113474
vt 0.442767 0.134651
vt 0.091601 0.301899
vt 0.029150 0.414460
vt 0.019511 0.436538
vt 0.194183 0.419861
vt 0.186652 0.400629
vt 0.408519 0.072049
vt 0.201143 0.440779
vt 0.047523 0.331841
vt 0.061640 0.322513
vt 0.065116 0.326993
vt 0.211902 0.489269
vt 0.215628 0.549398
vt 0.190841 0.519475
vt 0.214903 0.517608
vt 0.239126 0.563003
vt 0.240247 0.550520
vt 0.179515 0.446527
vt 0.174530 0.426118
vt 0.447157 0.132942
vt 0.420341 0.092813
vt 0.424087 0.064732
vt 0.432363 0.087312
vt 0.440129 0.109891
vt 0.406249 0.016643
vt 0.435777 0.035584
vt 0.415415 0.041443
vt 0.184008 0.468593
vt 0.192433 0.583508
vt 0.170646 0.550674
vt 0.192638 0.549477
vt 0.383106 0.027322
vt 0.158394 0.450638
vt 0.213987 0.576713
vt 0.187853 0.492739
vt 0.169242 0.406980
vt 0.451829 0.132069
vt 0.445283 0.083863
vt 0.449123 0.107823
vt 0.041696 0.390818
vt 0.025549 0.373892
vt 0.151557 0.411269
vt 0.440710 0.060005
vt 0.161657 0.472288
vt 0.167847 0.521702
vt 0.142154 0.498563
vt 0.164819 0.495798
vt 0.135602 0.432964
vt 0.134110 0.413614
vt 0.155025 0.430425
vt 0.458813 0.082559
vt 0.458520 0.107387
vt 0.137411 0.453330
vt 0.430572 0.009797
vt 0.456786 0.032899
vt 0.149106 0.553062
vt 0.132959 0.581298
vt 0.127704 0.556456
vt 0.456632 0.132083
vt 0.139559 0.475065
vt 0.116105 0.454674
vt 0.172932 0.583280
vt 0.458003 0.057919
vt 0.108679 0.724678
vt 0.097101 0.750432
vt 0.083909 0.725471
vt 0.145302 0.524332
vt 0.173031 0.585425
vt 0.153881 0.585256
vt 0.475617 0.058457
vt 0.472694 0.083445
vt 0.525875 0.129360
vt 0.503070 0.141930
vt 0.499332 0.133242
vt 0.115869 0.433791
vt 0.116310 0.414039
vt 0.477999 0.033296
vt 0.117145 0.477019
vt 0.461401 0.133015
vt 0.122677 0.527437
vt 0.468093 0.108687
vt 0.476715 0.095037
vt 0.455441 0.006722
vt 0.119253 0.501131
vt 0.480307 0.007232
vt 0.499048 0.036605
vt 0.095447 0.503611
vt 0.465961 0.134867
vt 0.094000 0.454583
vt 0.095535 0.432803
vt 0.108717 0.571935
vt 0.105895 0.561090
vt 0.493229 0.061539
vt 0.099344 0.531214
vt 0.476375 0.145262
vt 0.478316 0.149926
vt 0.093769 0.478152
vt 0.486572 0.086536
vt 0.095179 0.564402
vt 0.078572 0.551085
vt 0.070603 0.452735
vt 0.074384 0.429693
vt 0.510649 0.067020
vt 0.504120 0.083472
vt 0.022462 0.370780
vt 0.023781 0.372116
vt 0.490565 0.090109
vt 0.484793 0.092406
vt 0.479287 0.112962
vt 0.477349 0.111817
vt 0.478828 0.108578
vt 0.068527 0.478335
vt 0.098051 0.412435
vt 0.079451 0.408629
vt 0.519681 0.042619
vt 0.470076 0.137600
vt 0.045598 0.448456
vt 0.069976 0.506156
vt 0.481646 0.134344
vt 0.480633 0.124135
vt 0.504728 0.011043
vt 0.528401 0.017816
vt 0.539760 0.051081
vt 0.052226 0.423883
vt 0.060656 0.402060
vt 0.021571 0.441741
vt 0.048913 0.399000
vt 0.044152 0.393609
vt 0.473585 0.141106
vt 0.534136 0.062606
vt 0.544228 0.053554
vt 0.040553 0.476693
vt 0.521960 0.072241
vt 0.066298 0.538158
vt 0.048243 0.508661
vt 0.481745 0.135402
vt 0.494418 0.133850
vt 0.551148 0.027200
vt 0.562616 0.033322
vt 0.546998 0.050554
vt 0.075009 0.535899
vt 0.171308 0.173279
vt 0.153664 0.148544
vt 0.175705 0.152032
vt 0.113228 0.069642
vt 0.140112 0.041674
vt 0.137144 0.072045
vt 0.114496 0.297762
vt 0.521960 0.241956
vt 0.510649 0.247177
vt 0.504120 0.230725
vt 0.470076 0.176597
vt 0.465961 0.179330
vt 0.086194 0.147196
vt 0.109471 0.122743
vt 0.109331 0.146117
vt 0.456632 0.182114
vt 0.451829 0.182128
vt 0.164265 0.006722
vt 0.184815 0.008124
vt 0.164231 0.008990
vt 0.057813 0.749761
vt 0.032665 0.748529
vt 0.032848 0.744642
vt 0.258605 0.275275
vt 0.184555 0.199027
vt 0.191685 0.179082
vt 0.134809 0.099193
vt 0.133018 0.123860
vt 0.383612 0.170009
vt 0.198240 0.157309
vt 0.229623 0.139176
vt 0.221736 0.164846
vt 0.429284 0.161676
vt 0.406349 0.165887
vt 0.519681 0.271578
vt 0.504728 0.303154
vt 0.499048 0.277592
vt 0.265264 0.114455
vt 0.258030 0.147302
vt 0.424087 0.249465
vt 0.435777 0.278613
vt 0.415415 0.272754
vt 0.335418 0.178864
vt 0.486572 0.227661
vt 0.475617 0.255740
vt 0.472694 0.230752
vt 0.249231 0.253064
vt 0.284051 0.254343
vt 0.254336 0.215221
vt 0.246687 0.175482
vt 0.273455 0.190756
vt 0.083909 0.700183
vt 0.076693 0.685758
vt 0.083909 0.674946
vt 0.458813 0.231638
vt 0.458003 0.256278
vt 0.481647 0.179853
vt 0.473585 0.173091
vt 0.360241 0.174261
vt 0.278390 0.077340
vt 0.291990 0.117999
vt 0.435370 0.173935
vt 0.432590 0.170235
vt 0.122062 0.012442
vt 0.144045 0.007535
vt 0.449123 0.206374
vt 0.445283 0.230334
vt 0.440129 0.204307
vt 0.447157 0.181255
vt 0.162889 0.043453
vt 0.662002 0.339141
vt 0.684310 0.323790
vt 0.708516 0.390439
vt 0.070717 0.750432
vt 0.056455 0.775021
vt 0.160920 0.074008
vt 0.468093 0.205510
vt 0.461401 0.181182
vt 0.341267 0.199822
vt 0.308202 0.184103
vt 0.202267 0.207514
vt 0.212371 0.187457
vt 0.058499 0.123606
vt 0.085571 0.095820
vt 0.084927 0.122585
vt 0.408697 0.174409
vt 0.430540 0.166103
vt 0.131681 0.146598
vt 0.035656 0.092746
vt 0.058677 0.094319
vt 0.179612 0.128981
vt 0.208051 0.106600
vt 0.203838 0.133282
vt 0.092335 0.295206
vt 0.082752 0.031751
vt 0.094209 0.034825
vt 0.088500 0.066614
vt 0.182834 0.103683
vt 0.210407 0.076853
vt 0.186083 0.044010
vt 0.185120 0.075597
vt 0.440710 0.254192
vt 0.420341 0.221384
vt 0.394412 0.232373
vt 0.409514 0.213972
vt 0.438798 0.177075
vt 0.456786 0.281298
vt 0.036230 0.156035
vt 0.061935 0.150244
vt 0.382169 0.220355
vt 0.378658 0.251631
vt 0.363324 0.236706
vt 0.148514 0.189489
vt 0.130711 0.167837
vt 0.151065 0.169608
vt 0.430572 0.304400
vt 0.065376 0.702755
vt 0.059866 0.710461
vt 0.679974 0.932935
vt 0.716841 0.854499
vt 0.716841 0.932935
vt 0.525875 0.184837
vt 0.503070 0.172267
vt 0.527765 0.180446
vt 0.478316 0.164271
vt 0.476375 0.168935
vt 0.417778 0.189585
vt 0.364769 0.190875
vt 0.412544 0.182392
vt 0.029649 0.748386
vt 0.031553 0.773798
vt 0.006722 0.772945
vt 0.442767 0.179546
vt 0.088652 0.169819
vt 0.539760 0.263116
vt 0.528401 0.296381
vt 0.285629 0.228955
vt 0.274007 0.237447
vt 0.458520 0.206810
vt 0.014809 0.251221
vt 0.010501 0.234076
vt 0.017419 0.237145
vt 0.059139 0.724678
vt 0.291013 0.159081
vt 0.497994 0.180788
vt 0.236176 0.041583
vt 0.237556 0.077750
vt 0.493229 0.252658
vt 0.343068 0.254515
vt 0.151657 0.975957
vt 0.150771 0.976139
vt 0.148982 0.975949
vt 0.233379 0.199130
vt 0.015934 0.228839
vt 0.009750 0.229964
vt 0.008161 0.219819
vt 0.011811 0.164436
vt 0.029311 0.126868
vt 0.158650 0.101253
vt 0.053336 0.060728
vt 0.062636 0.062725
vt 0.432363 0.226885
vt 0.254563 0.891154
vt 0.266954 0.916390
vt 0.242103 0.916595
vt 0.350706 0.219287
vt 0.091820 0.190984
vt 0.109978 0.167891
vt 0.111331 0.188444
vt 0.130138 0.187952
vt 0.476715 0.219160
vt 0.477999 0.280901
vt 0.455441 0.307475
vt 0.383106 0.286875
vt 0.396199 0.263723
vt 0.361819 0.272449
vt 0.117418 0.038876
vt 0.096769 0.023251
vt 0.044313 0.758675
vt 0.043367 0.758717
vt 0.049655 0.724009
vt 0.387013 0.182531
vt 0.024014 0.259262
vt 0.048899 0.262774
vt 0.046033 0.274879
vt 0.006722 0.200944
vt 0.034670 0.214400
vt 0.431764 0.200723
vt 0.424245 0.195761
vt 0.480633 0.190062
vt 0.406249 0.297554
vt 0.552370 0.188889
vt 0.553367 0.189793
vt 0.552101 0.189514
vt 0.066953 0.173995
vt 0.018661 0.235679
vt 0.012227 0.232390
vt 0.156208 0.125909
vt 0.392596 0.194263
vt 0.372174 0.206395
vt 0.235587 0.234069
vt 0.219498 0.219022
vt 0.093059 0.292665
vt 0.070909 0.284127
vt 0.072369 0.281403
vt 0.235148 0.110151
vt 0.166624 0.193122
vt 0.210286 0.043418
vt 0.364079 0.575597
vt 0.388285 0.566144
vt 0.388285 0.700493
vt 0.288111 0.200957
vt 0.266954 0.865918
vt 0.266954 0.891154
vt 0.110682 0.097409
vt 0.400175 0.204847
vt 0.021343 0.192103
vt 0.010006 0.169933
vt 0.315710 0.209779
vt 0.481693 0.179357
vt 0.481745 0.178795
vt 0.408519 0.242148
vt 0.035392 0.215478
vt 0.266631 0.058883
vt 0.267382 0.077853
vt 0.064142 0.278486
vt 0.052578 0.266249
vt 0.327502 0.233454
vt 0.043583 0.767936
vt 0.044531 0.767892
vt 0.234677 0.028457
vt 0.065739 0.046525
vt 0.111363 0.775021
vt 0.534136 0.251591
vt 0.544228 0.260644
vt 0.279643 0.515712
vt 0.207779 0.014662
vt 0.073117 0.195526
vt 0.044440 0.181120
vt 0.287689 0.397107
vt 0.480307 0.306965
vt 0.893321 0.314337
vt 0.930188 0.392772
vt 0.893321 0.392772
vt 0.954745 0.316343
vt 0.965255 0.318820
vt 0.944092 0.356911
vt 0.497994 0.133409
vt 0.051140 0.343467
vt 0.037084 0.356134
vt 0.027203 0.348735
vt 0.552101 0.124683
vt 0.527764 0.133751
vt 0.490565 0.224088
vt 0.484793 0.221791
vt 0.037811 0.212598
vt 0.091125 0.685758
vt 0.107952 0.710461
vt 0.118163 0.724009
vt 0.134970 0.744642
vt 0.138169 0.748386
vt 0.135153 0.748529
vt 0.546998 0.263643
vt 0.551148 0.286997
vt 0.042406 0.206913
vt 0.136265 0.773798
vt 0.102442 0.702754
vt 0.279344 0.891154
vt 0.978845 0.121655
vt 0.979588 0.121556
vt 0.979127 0.164185
vt 0.124235 0.767936
vt 0.125170 0.767799
vt 0.821777 0.962938
vt 0.822528 0.962409
vt 0.827624 0.962920
vt 0.076721 0.598869
vt 0.080729 0.624377
vt 0.073077 0.623810
vt 0.249430 0.039659
vt 0.479287 0.201235
vt 0.478828 0.205619
vt 0.477349 0.202380
vt 0.091096 0.598869
vt 0.094741 0.623810
vt 0.087089 0.624377
vt 0.067050 0.304714
vt 0.083909 0.640615
vt 0.091071 0.632845
vt 0.051089 0.301426
vt 0.066835 0.301612
vt 0.091076 0.674544
vt 0.083909 0.649819
vt 0.091040 0.649317
vt 0.755022 0.225860
vt 0.750218 0.216285
vt 0.746163 0.191866
vt 0.067123 0.298515
vt 0.076747 0.632845
vt 0.076778 0.649317
vt 0.076742 0.674544
vt 0.036055 0.357113
vt 0.035606 0.357533
vt 0.446054 0.397022
vt 0.375744 0.552699
vt 0.305435 0.397022
vt 0.015949 0.374274
vt 0.281985 0.331104
vt 0.128692 0.763059
vt 0.128527 0.762161
vt 0.119047 0.763534
vt 0.119070 0.762626
vt 0.128182 0.761307
vt 0.127673 0.760530
vt 0.119277 0.761744
vt 0.119660 0.760923
vt 0.127018 0.759860
vt 0.126242 0.759321
vt 0.120205 0.760193
vt 0.120890 0.759583
vt 0.125376 0.758936
vt 0.124451 0.758717
vt 0.121689 0.759116
vt 0.073084 0.323534
vt 0.054518 0.339881
vt 0.480819 0.093783
vt 0.493225 0.089000
vt 0.050436 0.396893
vt 0.049635 0.397998
vt 0.481693 0.134841
vt 0.282144 0.268270
vt 0.067660 0.699592
vt 0.708516 0.314337
vt 0.708516 0.524788
vt 0.684310 0.515335
vt 0.662002 0.499984
vt 0.652431 0.489872
vt 0.642449 0.477020
vt 0.636967 0.466542
vt 0.630025 0.448686
vt 0.626402 0.433548
vt 0.625665 0.419562
vt 0.626402 0.405577
vt 0.630025 0.390439
vt 0.636967 0.372583
vt 0.642449 0.362105
vt 0.652431 0.349253
vt 0.679974 0.854499
vt 0.499332 0.180955
vt 0.031877 0.249639
vt 0.032366 0.250030
vt 0.149868 0.976136
vt 0.148147 0.975583
vt 0.152492 0.975596
vt 0.147396 0.975054
vt 0.146757 0.974381
vt 0.153882 0.974403
vt 0.146255 0.973591
vt 0.154384 0.973616
vt 0.145909 0.972714
vt 0.154729 0.972740
vt 0.145733 0.971783
vt 0.154906 0.971811
vt 0.145733 0.970834
vt 0.154906 0.970862
vt 0.145909 0.969905
vt 0.154729 0.969931
vt 0.146255 0.969029
vt 0.154383 0.969054
vt 0.146757 0.968242
vt 0.153882 0.968264
vt 0.147395 0.967573
vt 0.153243 0.967591
vt 0.148147 0.967049
vt 0.148981 0.966688
vt 0.151657 0.966696
vt 0.149867 0.966506
vt 0.150771 0.966509
vt 0.152492 0.967062
vt 0.153243 0.975072
vt 0.480819 0.220414
vt 0.048748 0.762626
vt 0.048771 0.763534
vt 0.039126 0.763059
vt 0.039291 0.762161
vt 0.048541 0.761744
vt 0.048158 0.760923
vt 0.039635 0.761307
vt 0.040145 0.760530
vt 0.047613 0.760193
vt 0.046928 0.759583
vt 0.040800 0.759860
vt 0.041576 0.759321
vt 0.046129 0.759116
vt 0.045246 0.758809
vt 0.042442 0.758936
vt 0.033488 0.250944
vt 0.557324 0.190664
vt 0.020325 0.233731
vt 0.388285 0.776596
vt 0.364079 0.767143
vt 0.341771 0.751791
vt 0.332201 0.741679
vt 0.322218 0.728828
vt 0.316736 0.718349
vt 0.309795 0.700493
vt 0.306171 0.685355
vt 0.305435 0.671370
vt 0.306171 0.657384
vt 0.309795 0.642246
vt 0.316736 0.624390
vt 0.322218 0.613912
vt 0.332201 0.601060
vt 0.341771 0.590948
vt 0.493225 0.225197
vt 0.494418 0.180347
vt 0.060962 0.283262
vt 0.039146 0.763967
vt 0.039351 0.764850
vt 0.048608 0.764434
vt 0.048265 0.765290
vt 0.039733 0.765674
vt 0.040277 0.766406
vt 0.047757 0.766069
vt 0.047102 0.766743
vt 0.040962 0.767020
vt 0.041763 0.767490
vt 0.046326 0.767284
vt 0.045458 0.767672
vt 0.042647 0.767799
vt 0.054223 0.203116
vt 0.930188 0.314337
vt 0.969158 0.320440
vt 0.980831 0.325969
vt 0.980831 0.356911
vt 0.943632 0.314337
vt 0.944375 0.314409
vt 0.945115 0.314481
vt 0.100157 0.699592
vt 0.562616 0.280875
vt 0.044065 0.208988
vt 0.043192 0.207898
vt 0.161096 0.772945
vt 0.291804 0.916595
vt 0.942389 0.133245
vt 0.954062 0.127715
vt 0.942389 0.164185
vt 0.957964 0.126095
vt 0.968474 0.123619
vt 0.978104 0.121757
vt 0.119210 0.764434
vt 0.119552 0.765290
vt 0.128672 0.763967
vt 0.128467 0.764850
vt 0.120061 0.766069
vt 0.120716 0.766743
vt 0.128085 0.765674
vt 0.127541 0.766406
vt 0.121492 0.767284
vt 0.122360 0.767672
vt 0.126855 0.767020
vt 0.126055 0.767490
vt 0.123286 0.767892
vt 0.823363 0.962043
vt 0.824249 0.961855
vt 0.825152 0.961853
vt 0.826038 0.962035
vt 0.826873 0.962395
vt 0.828263 0.963589
vt 0.828765 0.964376
vt 0.821138 0.963610
vt 0.829111 0.965251
vt 0.820636 0.964401
vt 0.829287 0.966181
vt 0.820290 0.965278
vt 0.829287 0.967130
vt 0.820114 0.966209
vt 0.829110 0.968060
vt 0.820114 0.967157
vt 0.828765 0.968938
vt 0.820290 0.968087
vt 0.828263 0.969728
vt 0.820636 0.968962
vt 0.827624 0.970401
vt 0.821138 0.969750
vt 0.826873 0.970930
vt 0.821777 0.970418
vt 0.826038 0.971295
vt 0.822528 0.970943
vt 0.825152 0.971483
vt 0.824249 0.971486
vt 0.823362 0.971304
vt 0.096576 0.632437
vt 0.750218 0.167447
vt 0.755022 0.157872
vt 0.766227 0.143033
vt 0.781447 0.131358
vt 0.781447 0.252374
vt 0.807872 0.121556
vt 0.807872 0.262176
vt 0.766227 0.240698
vt 0.071241 0.632437
vt 0.018861 0.357267
vt 0.305435 0.320919
vt 0.446054 0.320919
vt 0.446054 0.531371
vt 0.424175 0.543066
vt 0.400434 0.550268
vt 0.351055 0.550268
vt 0.327314 0.543066
vt 0.305435 0.531371
vn -0.0000 -0.7071 -0.7071
vn -1.0000 0.0000 0.0000
vn 1.0000 0.0000 0.0000
vn 0.0000 -0.8286 -0.5598
vn 0.0757 -0.9217 -0.3804
vn 0.0000 -0.9217 -0.3879
vn 0.0000 -1.0000 0.0000
vn 0.0000 -0.9796 -0.2010
vn 0.0392 -0.9796 -0.1971
vn 0.0000 -0.2903 -0.9569
vn 0.1804 -0.3805 -0.9070
vn 0.0000 -0.3805 -0.9248
vn -0.0000 -0.7041 -0.7101
vn 0.1092 -0.8286 -0.5490
vn 0.0392 -0.9796 0.1971
vn -0.0000 -0.9796 0.2010
vn 0.0000 -0.5528 -0.8333
vn 0.1385 -0.7041 -0.6965
vn 0.1626 -0.5528 -0.8173
vn 0.1484 -0.9217 -0.3584
vn 0.2718 -0.7041 -0.6561
vn 0.2808 -0.2540 -0.9256
vn 0.3539 -0.3805 -0.8544
vn 0.0769 -0.9796 -0.1857
vn 0.2142 -0.8286 -0.5172
vn 0.3189 -0.5528 -0.7699
vn 0.2889 0.0975 0.9524
vn 0.1951 -0.0000 0.9808
vn 0.1117 -0.9796 -0.1671
vn 0.1804 -0.3805 0.9070
vn 0.0938 -0.2890 0.9527
vn 0.0906 -0.3811 0.9201
vn 0.4630 -0.5528 -0.6929
vn 0.5450 -0.1939 -0.8157
vn 0.5138 -0.3805 -0.7689
vn 0.3945 -0.7041 -0.5905
vn 0.2155 -0.9217 -0.3225
vn 0.3110 -0.8286 -0.4654
vn 0.2743 -0.9217 -0.2743
vn 0.6937 -0.1939 -0.6937
vn 0.6539 -0.3805 -0.6539
vn 0.5911 0.3629 -0.7203
vn 0.6937 0.1939 -0.6937
vn 0.6036 0.1744 -0.7780
vn 0.1421 -0.9796 -0.1421
vn 0.3958 -0.8286 -0.3958
vn 0.7071 -0.0000 -0.7071
vn 0.1385 -0.7041 0.6965
vn 0.2248 -0.6326 0.7412
vn 0.0820 -0.6328 0.7699
vn 0.3754 -0.1939 -0.9063
vn 0.4202 -0.0979 -0.9022
vn 0.8315 -0.0000 -0.5556
vn 0.8157 -0.1939 -0.5450
vn 0.1671 -0.9796 -0.1117
vn 0.0757 -0.9217 0.3804
vn 0.0546 -0.8303 0.5547
vn 0.0377 -0.9232 0.3824
vn 0.1867 -0.2903 0.9386
vn 0.3539 -0.3805 0.8544
vn 0.2848 -0.1942 0.9387
vn 0.5893 -0.5528 -0.5893
vn 0.5905 -0.7041 -0.3945
vn 0.5021 -0.7041 -0.5021
vn 0.5556 -0.0000 -0.8315
vn 0.6929 0.5528 -0.4630
vn 0.5809 0.6336 -0.5110
vn 0.5722 0.6724 -0.4696
vn 0.4654 -0.8286 -0.3110
vn 0.6929 -0.5528 -0.4630
vn 0.7689 0.3805 -0.5138
vn 0.9063 0.1939 -0.3754
vn 0.8157 0.1939 -0.5450
vn 0.5893 0.5528 -0.5893
vn 0.6539 0.3805 -0.6539
vn 0.7689 -0.3805 -0.5138
vn 0.7699 -0.5528 -0.3189
vn 0.3225 -0.9217 -0.2155
vn 0.3584 -0.9217 -0.1484
vn 0.1857 -0.9796 -0.0769
vn 0.0000 -0.9217 0.3879
vn 0.3754 -0.1939 0.9063
vn 0.3808 -0.0980 0.9194
vn 0.9063 -0.1939 -0.3754
vn 0.8544 -0.3805 -0.3539
vn 0.6561 -0.7041 -0.2718
vn 0.9239 -0.0000 -0.3827
vn 0.0695 -0.7054 0.7054
vn 0.0624 -0.7715 0.6332
vn 0.8544 0.3805 -0.3539
vn 0.6561 0.7041 -0.2718
vn 0.8173 0.5528 -0.1626
vn 0.7699 0.5528 -0.3189
vn 0.5433 0.7727 -0.3283
vn 0.5905 0.7041 -0.3945
vn 0.9808 -0.0000 -0.1951
vn 0.9622 -0.1939 -0.1914
vn 0.1971 -0.9796 -0.0392
vn 0.5172 -0.8286 -0.2142
vn 0.6965 -0.7041 -0.1385
vn 0.5490 -0.8286 -0.1092
vn 0.3804 -0.9217 -0.0757
vn 0.9070 -0.3805 -0.1804
vn 0.8333 -0.5528 0.0000
vn 0.8173 -0.5528 -0.1626
vn 0.9622 0.1939 -0.1914
vn 0.6186 0.7775 -0.1134
vn 0.7101 0.7041 0.0000
vn 0.6965 0.7041 -0.1385
vn 0.5936 0.7729 -0.2242
vn 0.9070 0.3805 -0.1804
vn 0.2010 -0.9796 0.0000
vn 0.5598 -0.8286 0.0000
vn 0.3879 -0.9217 0.0000
vn 0.3229 -0.4713 0.8207
vn 0.1641 -0.4714 0.8665
vn 0.9248 -0.3805 0.0000
vn 0.7101 -0.7041 0.0000
vn 0.9810 0.1939 0.0000
vn 0.8333 0.5528 0.0000
vn 0.9070 0.3805 0.1804
vn 0.9248 0.3805 0.0000
vn 0.9622 -0.1939 0.1914
vn 0.9070 -0.3805 0.1804
vn 0.9810 -0.1939 0.0000
vn 0.5490 -0.8286 0.1092
vn 0.3804 -0.9217 0.0757
vn 0.9808 -0.0000 0.1951
vn 0.8173 -0.5528 0.1626
vn 0.6965 0.7041 0.1385
vn 0.5936 0.7729 0.2242
vn 0.6561 0.7041 0.2718
vn 0.1971 -0.9796 0.0392
vn 0.9622 0.1939 0.1914
vn 0.9239 -0.0000 0.3827
vn 0.5598 0.8286 0.0000
vn 0.6965 -0.7041 0.1385
vn 0.1914 -0.1939 0.9622
vn 0.0980 -0.0000 0.9952
vn 0.0000 -0.1939 0.9810
vn 0.8173 0.5528 0.1626
vn 0.4714 0.8819 -0.0000
vn 0.6186 0.7775 0.1134
vn 0.6561 -0.7041 0.2718
vn 0.5172 -0.8286 0.2142
vn 0.1581 -0.8387 0.5212
vn 0.1070 -0.9296 0.3526
vn 0.9063 -0.1939 0.3754
vn 0.8544 -0.3805 0.3539
vn 0.7699 -0.5528 0.3189
vn 0.9063 0.1939 0.3754
vn 0.1857 -0.9796 0.0769
vn 0.7699 0.5528 0.3189
vn 0.3584 -0.9217 0.1484
vn 0.4173 -0.8810 0.2230
vn 0.8544 0.3805 0.3539
vn 0.6929 -0.5528 0.4630
vn 0.7689 0.3805 0.5138
vn 0.1671 -0.9796 0.1117
vn 0.8315 -0.0000 0.5556
vn 0.8157 -0.1939 0.5450
vn 0.5433 0.7727 0.3283
vn 0.5905 0.7041 0.3945
vn 0.5905 -0.7041 0.3945
vn 0.6929 0.5528 0.4630
vn 0.0769 -0.9796 0.1857
vn 0.8157 0.1939 0.5450
vn 0.4654 -0.8286 0.3110
vn 0.5722 0.6724 0.4696
vn 0.5809 0.6336 0.5110
vn 0.7071 -0.0000 0.7071
vn 0.6937 -0.1939 0.6937
vn 0.5021 -0.7041 0.5021
vn 0.4742 -0.7725 0.4224
vn 0.0865 -0.4696 0.8786
vn 0.3658 -0.8810 0.3002
vn 0.4026 -0.8818 0.2458
vn 0.2682 -0.9379 0.2201
vn 0.3225 -0.9217 0.2155
vn 0.4087 -0.8815 0.2364
vn 0.6937 0.1939 0.6937
vn 0.7689 -0.3805 0.5138
vn 0.6539 -0.3805 0.6539
vn 0.5893 -0.5528 0.5893
vn 0.1421 -0.9796 0.1421
vn 0.5556 0.0000 0.8315
vn 0.6539 0.3805 0.6539
vn 0.1705 -0.9569 0.2352
vn 0.2156 -0.9568 0.1949
vn 0.4630 -0.5528 0.6929
vn 0.5450 -0.1939 0.8157
vn 0.5138 -0.3805 0.7689
vn 0.4714 -0.0000 0.8819
vn 0.4513 -0.2890 0.8443
vn 0.4482 -0.3098 0.8385
vn 0.1117 -0.9796 0.1671
vn 0.4762 -0.6334 0.6100
vn 0.3973 -0.5384 0.7432
vn 0.5720 0.1558 0.8054
vn 0.4644 -0.6812 0.5659
vn 0.5377 0.5307 0.6552
vn 0.5911 0.3629 0.7203
vn 0.1374 -0.9565 0.2571
vn 0.4381 -0.3692 0.8196
vn 0.4162 -0.4696 0.7786
vn 0.5893 0.5528 0.5893
vn -0.9622 -0.1939 -0.1914
vn -0.9808 0.0000 -0.1951
vn -0.7699 0.5528 0.3189
vn -0.6965 0.7041 0.1385
vn -0.8173 0.5528 0.1626
vn -0.0392 -0.9796 0.1971
vn -0.4644 -0.6812 0.5659
vn -0.5021 -0.7041 0.5021
vn -0.4742 -0.7725 0.4224
vn -0.1421 -0.9796 0.1421
vn -0.1671 -0.9796 0.1117
vn -0.8315 0.0000 0.5556
vn -0.9063 0.1939 0.3754
vn -0.9239 0.0000 0.3827
vn -0.1971 -0.9796 0.0392
vn -0.2010 -0.9796 0.0000
vn -0.4714 0.8819 -0.0000
vn -0.6186 0.7775 -0.1134
vn -0.5598 0.8286 0.0000
vn -0.1951 -0.0000 0.9808
vn -0.3827 -0.0000 0.9239
vn -0.3808 -0.0980 0.9194
vn -0.1804 -0.3805 -0.9070
vn -0.8544 -0.3805 -0.3539
vn -0.9063 -0.1939 -0.3754
vn -0.9070 0.3805 0.1804
vn -0.9622 0.1939 0.1914
vn -0.1092 -0.8286 -0.5490
vn -0.9239 0.0000 -0.3827
vn -0.8157 0.1939 -0.5450
vn -0.8315 0.0000 -0.5556
vn -0.0392 -0.9796 -0.1971
vn -0.0757 -0.9217 -0.3804
vn -0.5893 -0.5528 0.5893
vn -0.7689 -0.3805 0.5138
vn -0.6929 -0.5528 0.4630
vn -0.6539 0.3805 -0.6539
vn -0.6937 0.1939 -0.6937
vn -0.6965 -0.7041 -0.1385
vn -0.8333 -0.5528 0.0000
vn -0.8173 -0.5528 -0.1626
vn -0.1626 -0.5528 -0.8173
vn -0.4654 -0.8286 0.3110
vn -0.6561 -0.7041 0.2718
vn -0.5172 -0.8286 0.2142
vn -0.3539 -0.3805 -0.8544
vn -0.2808 -0.2540 -0.9256
vn -0.5450 -0.1939 -0.8157
vn -0.7071 -0.0000 -0.7071
vn -0.5556 -0.0000 -0.8315
vn 0.0000 -0.3805 0.9248
vn -0.0865 -0.4696 0.8786
vn -0.0000 -0.5528 0.8333
vn -0.5490 -0.8286 0.1092
vn -0.6965 -0.7041 0.1385
vn -0.1705 -0.9569 0.2352
vn -0.1117 -0.9796 0.1671
vn -0.1385 -0.7041 -0.6965
vn -0.5377 0.5307 -0.6552
vn -0.5911 0.3629 -0.7203
vn -0.1421 -0.9796 -0.1421
vn -0.1117 -0.9796 -0.1671
vn -0.5936 0.7729 0.2242
vn -0.6186 0.7775 0.1134
vn -0.3879 -0.9217 0.0000
vn -0.5598 -0.8286 0.0000
vn -0.3804 -0.9217 -0.0757
vn -0.1971 -0.9796 -0.0392
vn -0.7101 0.7041 -0.0000
vn -0.0980 -0.0000 0.9952
vn -0.1942 0.0980 0.9761
vn -0.8333 0.5528 0.0000
vn -0.3584 -0.9217 0.1484
vn -0.1857 -0.9796 0.0769
vn -0.3189 -0.5528 -0.7699
vn -0.7689 -0.3805 -0.5138
vn -0.8157 -0.1939 -0.5450
vn -0.6937 0.1939 0.6937
vn -0.7689 0.3805 0.5138
vn -0.8157 0.1939 0.5450
vn -0.1484 -0.9217 -0.3584
vn -0.0769 -0.9796 -0.1857
vn -0.9808 0.0000 0.1951
vn -0.5911 0.3629 0.7203
vn -0.6539 0.3805 0.6539
vn -0.9622 0.1939 -0.1914
vn -0.8544 0.3805 -0.3539
vn -0.9063 0.1939 -0.3754
vn -0.0377 -0.9232 0.3824
vn -0.5722 0.6724 0.4696
vn -0.5905 0.7041 0.3945
vn -0.6929 0.5528 0.4630
vn -0.9070 0.3805 -0.1804
vn -0.7699 0.5528 -0.3189
vn -0.6965 0.7041 -0.1385
vn -0.8173 0.5528 -0.1626
vn -0.7101 -0.7041 0.0000
vn -0.5172 -0.8286 -0.2142
vn -0.5905 -0.7041 -0.3945
vn -0.4654 -0.8286 -0.3110
vn -0.1671 -0.9796 -0.1117
vn -0.8173 -0.5528 0.1626
vn -0.5556 0.0000 0.8315
vn -0.7071 0.0000 0.7071
vn -0.5021 -0.7041 -0.5021
vn -0.6929 -0.5528 -0.4630
vn -0.5893 -0.5528 -0.5893
vn -0.9248 -0.3805 0.0000
vn -0.9622 -0.1939 0.1914
vn -0.9810 -0.1939 0.0000
vn -0.0938 -0.2890 0.9527
vn -0.1867 -0.2903 0.9386
vn 0.0000 -0.7071 0.7071
vn -0.1581 -0.8387 0.5212
vn -0.0757 -0.9217 0.3804
vn -0.1092 -0.8286 0.5490
vn -0.0769 -0.9796 0.1857
vn -0.2743 -0.9217 -0.2743
vn -0.2718 -0.7041 -0.6561
vn -0.2155 -0.9217 -0.3225
vn -0.4714 -0.0000 0.8819
vn -0.3808 0.0980 0.9194
vn -0.5720 0.1558 0.8054
vn -0.1857 -0.9796 -0.0769
vn -0.8157 -0.1939 0.5450
vn -0.4630 -0.5528 0.6929
vn -0.6539 -0.3805 0.6539
vn -0.4202 -0.0979 -0.9022
vn -0.3754 -0.1939 -0.9063
vn -0.3804 -0.9217 0.0757
vn -0.0906 -0.3811 0.9201
vn -0.1914 -0.1939 0.9622
vn -0.6036 0.1744 -0.7780
vn -0.0910 -0.9567 0.2764
vn -0.5905 0.7041 -0.3945
vn -0.6929 0.5528 -0.4630
vn -0.5905 -0.7041 0.3945
vn -0.6539 -0.3805 -0.6539
vn -0.2889 0.0975 0.9524
vn -0.6937 -0.1939 -0.6937
vn -0.1804 -0.3805 0.9070
vn -0.9248 0.3805 0.0000
vn -0.5377 0.5307 0.6552
vn -0.5893 0.5528 0.5893
vn -0.5490 -0.8286 -0.1092
vn 0.0000 0.0980 0.9952
vn -0.4630 -0.5528 -0.6929
vn -0.9063 -0.1939 0.3754
vn -0.8544 -0.3805 0.3539
vn -0.9070 -0.3805 0.1804
vn -0.4173 -0.8810 0.2230
vn -0.7699 -0.5528 0.3189
vn -0.7699 -0.5528 -0.3189
vn -0.6561 0.7041 0.2718
vn -0.5433 0.7727 0.3283
vn -0.2848 -0.1942 0.9387
vn -0.2142 -0.8286 -0.5172
vn -0.0816 -0.5538 0.8287
vn -0.0820 -0.6328 0.7699
vn -0.0695 -0.7054 0.7054
vn -0.3539 -0.3805 0.8544
vn -0.3584 -0.9217 -0.1484
vn -0.3225 -0.9217 -0.2155
vn -0.2156 -0.9568 0.1949
vn -0.9070 -0.3805 -0.1804
vn -0.1385 -0.7041 0.6965
vn -0.2248 -0.6326 0.7412
vn -0.2031 -0.7146 0.6694
vn -0.6937 -0.1939 0.6937
vn -0.9810 0.1939 0.0000
vn -0.3110 -0.8286 -0.4654
vn -0.3945 -0.7041 -0.5905
vn -0.5138 -0.3805 -0.7689
vn -0.0546 -0.8303 0.5547
vn -0.7689 0.3805 -0.5138
vn -0.6561 0.7041 -0.2718
vn -0.4711 -0.0336 -0.8814
vn 0.0000 0.0000 1.0000
vn -0.8544 0.3805 0.3539
vn -0.3958 -0.8286 -0.3958
vn -0.3754 -0.1939 0.9063
vn -0.1375 -0.9565 0.2571
vn -0.1374 -0.9565 0.2571
vn -0.6561 -0.7041 -0.2718
vn -0.3229 -0.4713 0.8207
vn -0.5809 0.6336 -0.5110
vn -0.5893 0.5528 -0.5893
vn -0.0624 -0.7715 0.6332
vn -0.2889 0.0976 0.9524
vn -0.5433 0.7727 -0.3283
vn -0.5809 0.6336 0.5110
vn 0.1942 0.0980 0.9761
vn -0.4762 -0.6334 0.6100
vn -0.3973 -0.5384 0.7432
vn 0.5377 0.5307 -0.6552
vn -0.5936 0.7729 -0.2242
vn -0.5450 -0.1939 0.8157
vn 0.4711 -0.0336 -0.8814
vn 0.0910 -0.9567 0.2764
vn 0.0759 -0.6326 0.7708
vn 0.0816 -0.5538 0.8287
vn 0.2031 -0.7146 0.6694
vn 0.1092 -0.8286 0.5490
vn -0.3658 -0.8810 0.3002
vn -0.4026 -0.8818 0.2458
vn -0.4482 -0.3098 0.8385
vn 0.3827 0.0000 0.9239
vn -0.4162 -0.4696 0.7786
vn -0.5138 -0.3805 0.7689
vn -0.4513 -0.2890 0.8443
vn 0.3808 0.0980 0.9194
vn 0.2889 0.0976 0.9524
vn -0.5722 0.6724 -0.4696
vn -0.2682 -0.9379 0.2201
vn -0.4087 -0.8815 0.2364
vn -0.3225 -0.9217 0.2155
vn 0.0000 -0.7730 0.6344
vn 0.0000 -0.8286 0.5598
vn -0.0000 -0.7041 0.7101
vn 0.0000 0.3041 -0.9526
vn 0.0814 -0.5566 0.8268
vn -0.0000 1.0000 0.0000
vn 0.2038 -0.2902 -0.9350
vn 0.2890 0.0975 0.9523
vn 0.4627 -0.8011 0.3797
vn 0.1375 -0.9565 0.2571
vn -0.2038 -0.2902 -0.9350
vn -0.1070 -0.9296 0.3526
vn -0.0814 -0.5566 0.8268
vn -0.2888 0.0975 0.9524
vn -0.2890 0.0976 0.9523
vn -0.0759 -0.6326 0.7708
vn -0.1641 -0.4714 0.8665
vn -0.4627 -0.8011 0.3797
vn -0.4381 -0.3692 0.8196
vn 0.2888 0.0975 0.9524
usemtl Material
s off
f 393/1/1 439/2/1 438/3/1
f 336/4/2 354/5/2 321/6/2
f 323/7/3 352/8/3 355/9/3
f 341/10/1 330/11/1 323/12/1
f 391/13/3 390/14/3 462/15/3
f 399/16/2 441/17/2 392/18/2
f 438/3/1 449/19/1 393/1/1
f 449/19/1 446/20/1 393/1/1
f 446/20/1 395/21/1 390/22/1
f 395/21/1 465/23/1 390/22/1
f 390/22/1 393/1/1 446/20/1
f 356/24/2 357/25/2 320/26/2
f 320/26/2 321/6/2 354/5/2
f 321/6/2 327/27/2 349/28/2
f 320/26/2 354/5/2 347/29/2
f 349/28/2 350/30/2 321/6/2
f 342/31/2 344/32/2 321/6/2
f 344/32/2 337/33/2 321/6/2
f 350/30/2 342/31/2 321/6/2
f 356/24/2 320/26/2 351/34/2
f 346/35/2 320/26/2 347/29/2
f 346/35/2 351/34/2 320/26/2
f 337/33/2 336/4/2 321/6/2
f 355/9/3 332/36/3 323/7/3
f 332/36/3 329/37/3 322/38/3
f 323/7/3 332/36/3 322/38/3
f 329/37/3 333/39/3 322/38/3
f 333/39/3 326/40/3 322/38/3
f 326/40/3 345/41/3 322/38/3
f 345/41/3 348/42/3 322/38/3
f 343/43/3 340/44/3 322/38/3
f 348/42/3 343/43/3 322/38/3
f 352/8/3 353/45/3 355/9/3
f 323/7/3 331/46/3 352/8/3
f 330/11/1 331/47/1 323/12/1
f 323/12/1 320/48/1 338/49/1
f 320/48/1 357/50/1 325/51/1
f 338/49/1 320/48/1 325/51/1
f 338/49/1 341/10/1 323/12/1
f 390/14/3 465/52/3 464/53/3
f 464/53/3 459/54/3 390/14/3
f 459/54/3 454/55/3 390/14/3
f 454/55/3 455/56/3 390/14/3
f 455/56/3 462/15/3 390/14/3
f 462/15/3 444/57/3 391/13/3
f 444/57/3 445/58/3 391/13/3
f 445/58/3 452/59/3 391/13/3
f 452/59/3 450/60/3 391/13/3
f 450/60/3 458/61/3 391/13/3
f 458/61/3 457/62/3 391/13/3
f 457/62/3 401/63/3 391/13/3
f 405/64/2 440/65/2 392/18/2
f 440/65/2 463/66/2 393/67/2
f 463/66/2 461/68/2 460/69/2
f 460/69/2 439/70/2 393/67/2
f 393/67/2 392/18/2 440/65/2
f 392/18/2 448/71/2 451/72/2
f 451/72/2 456/73/2 392/18/2
f 456/73/2 453/74/2 392/18/2
f 463/66/2 460/69/2 393/67/2
f 441/17/2 405/64/2 392/18/2
f 453/74/2 399/16/2 392/18/2
s 1
f 275/75/4 7/76/5 276/77/6
f 173/78/7 2/79/8 8/80/9
f 315/81/10 3/82/11 273/83/12
f 1/84/13 6/85/14 275/75/4
f 173/86/7 295/87/15 147/88/16
f 274/89/17 5/90/18 1/84/13
f 276/77/6 8/80/9 2/79/8
f 273/91/12 4/92/19 274/89/17
f 6/85/14 14/93/20 7/76/5
f 4/92/19 12/94/21 5/90/18
f 3/82/11 317/95/22 10/96/23
f 173/78/7 8/80/9 15/97/24
f 7/76/5 15/97/24 8/80/9
f 5/90/18 13/98/25 6/85/14
f 3/99/11 11/100/26 4/92/19
f 422/101/27 423/102/27 289/103/28
f 173/78/7 15/97/24 24/104/29
f 14/93/20 24/104/29 15/97/24
f 291/105/30 466/106/31 517/107/32
f 10/108/23 20/109/33 11/100/26
f 10/96/23 18/110/34 19/111/35
f 12/94/21 20/109/33 21/112/36
f 13/98/25 23/113/37 14/93/20
f 22/114/38 34/115/39 23/113/37
f 19/111/35 29/116/40 30/117/41
f 307/118/42 27/119/43 16/120/44
f 173/78/7 24/104/29 35/121/45
f 23/113/37 35/121/45 24/104/29
f 21/112/36 33/122/46 22/114/38
f 18/110/34 28/123/47 29/116/40
f 292/124/48 329/125/49 332/126/50
f 18/110/34 9/127/51 319/128/52
f 13/98/25 21/112/36 22/114/38
f 29/116/40 40/129/53 41/130/54
f 34/115/39 47/131/55 35/121/45
f 294/132/56 492/133/57 488/134/58
f 396/135/59 279/136/60 398/137/61
f 31/138/62 44/139/63 32/140/64
f 173/78/7 35/121/45 47/131/55
f 16/120/44 28/123/47 17/141/65
f 27/119/43 40/129/53 28/123/47
f 21/112/36 31/138/62 32/140/64
f 37/142/66 308/143/67 305/144/68
f 19/145/35 31/138/62 20/109/33
f 32/140/64 45/146/69 33/122/46
f 30/147/41 43/148/70 31/138/62
f 38/149/71 51/150/72 39/151/73
f 25/152/74 38/149/71 26/153/75
f 30/117/41 41/130/54 42/154/76
f 42/155/76 55/156/77 43/148/70
f 34/115/39 45/146/69 46/157/78
f 47/131/55 58/158/79 59/159/80
f 26/153/75 39/151/73 27/119/43
f 488/134/58 146/160/81 147/88/16
f 45/146/69 58/158/79 46/157/78
f 278/161/82 397/162/83 398/137/61
f 42/154/76 53/163/84 54/164/85
f 44/139/63 55/156/77 56/165/86
f 41/130/54 52/166/87 53/163/84
f 489/167/88 494/168/89 495/169/89
f 37/142/66 50/170/90 38/149/71
f 39/151/73 52/166/87 40/129/53
f 48/171/91 62/172/92 49/173/93
f 309/174/94 48/171/91 36/175/95
f 53/163/84 65/176/96 66/177/97
f 36/175/95 49/173/93 37/142/66
f 173/78/7 59/159/80 72/178/98
f 173/78/7 47/131/55 59/159/80
f 57/179/99 69/180/100 70/181/101
f 44/139/63 57/179/99 45/146/69
f 58/158/79 70/181/101 71/182/102
f 67/183/103 81/184/104 68/185/105
f 50/170/90 64/186/106 51/150/72
f 60/187/107 74/188/108 61/189/109
f 54/190/85 68/185/105 55/156/77
f 64/186/106 78/191/3 65/176/96
f 58/158/79 72/178/98 59/159/80
f 301/192/110 61/189/109 48/171/91
f 51/150/72 65/176/96 52/166/87
f 49/173/93 63/193/111 50/170/90
f 56/165/86 68/185/105 69/180/100
f 54/164/85 66/177/97 67/194/103
f 71/182/102 85/195/112 72/178/98
f 71/182/102 83/196/113 84/197/114
f 338/198/115 291/105/30 341/199/116
f 66/177/97 80/200/117 67/194/103
f 69/180/100 81/184/104 82/201/118
f 63/193/111 77/202/119 64/186/106
f 173/78/7 72/178/98 85/195/112
f 75/203/120 89/204/121 76/205/122
f 70/181/101 82/201/118 83/196/113
f 80/200/117 92/206/123 93/207/124
f 66/177/97 78/191/3 79/208/125
f 84/197/114 96/209/126 97/210/127
f 62/172/92 76/205/122 63/193/111
f 79/208/125 91/211/128 92/206/123
f 61/189/109 75/203/120 62/172/92
f 82/201/118 96/209/126 83/196/113
f 80/212/117 94/213/129 81/184/104
f 87/214/130 298/215/131 99/216/132
f 84/197/114 98/217/133 85/195/112
f 90/218/134 103/219/135 91/211/128
f 73/220/136 87/214/130 74/188/108
f 77/202/119 91/211/128 78/191/3
f 82/201/118 94/213/129 95/221/137
f 290/222/138 404/223/139 141/224/140
f 74/188/108 88/225/141 75/203/120
f 73/220/136 302/226/142 86/227/143
f 173/78/7 85/195/112 98/217/133
f 77/202/119 89/204/121 90/218/134
f 96/209/126 107/228/144 108/229/145
f 326/230/146 294/231/56 345/232/147
f 93/207/124 104/233/148 105/234/149
f 95/221/137 106/235/150 107/228/144
f 89/204/121 102/236/151 90/218/134
f 173/78/7 98/217/133 110/237/152
f 97/210/127 110/237/152 98/217/133
f 87/214/130 100/238/153 88/225/141
f 109/239/154 108/229/145 327/240/155
f 92/206/123 103/219/135 104/233/148
f 93/241/124 106/235/150 94/213/129
f 88/225/141 101/242/156 89/204/121
f 97/210/127 108/229/145 109/239/154
f 105/243/149 118/244/157 106/235/150
f 100/238/153 113/245/158 101/242/156
f 109/239/154 122/246/159 110/237/152
f 104/233/148 115/247/160 116/248/161
f 99/216/132 296/249/162 111/250/163
f 102/236/151 115/247/160 103/219/135
f 107/228/144 118/244/157 119/251/164
f 99/216/132 112/252/165 100/238/153
f 173/78/7 280/253/166 295/254/15
f 173/78/7 110/237/152 122/246/159
f 101/242/156 114/255/167 102/236/151
f 107/228/144 120/256/168 108/229/145
f 112/252/165 299/257/169 303/258/170
f 116/248/161 126/259/171 127/260/172
f 302/226/142 73/220/136 60/187/107
f 119/251/164 130/261/173 337/262/174
f 517/107/32 331/263/175 330/264/175
f 120/256/168 342/265/176 350/266/177
f 335/267/178 121/268/179 328/269/180
f 113/245/158 125/270/181 114/255/167
f 105/234/149 116/248/161 117/271/182
f 117/271/182 127/260/172 128/272/183
f 119/251/164 129/273/184 130/261/173
f 173/78/7 122/246/159 131/274/185
f 125/270/181 133/275/186 126/259/171
f 112/252/165 124/276/187 113/245/158
f 324/277/188 131/274/185 334/278/189
f 117/279/182 129/273/184 118/244/157
f 114/255/167 126/259/171 115/247/160
f 111/250/163 296/249/162 299/257/169
f 128/280/183 136/281/190 129/273/184
f 128/272/183 134/282/191 135/283/192
f 133/275/186 400/284/193 397/162/83
f 357/285/194 278/161/82 325/286/195
f 173/78/7 137/287/196 280/253/166
f 129/273/184 136/281/190 354/288/197
f 354/288/197 136/281/190 347/289/198
f 173/78/7 131/274/185 137/287/196
f 127/260/172 133/275/186 134/282/191
f 133/275/186 132/290/199 400/284/193
f 336/291/200 337/262/174 130/261/173
f 124/276/187 297/292/201 300/293/202
f 125/270/181 300/293/202 132/290/199
f 340/294/203 343/295/203 280/253/166
f 279/136/60 338/198/115 325/286/195
f 135/296/192 351/297/204 346/298/205
f 123/299/206 303/258/170 297/292/201
f 212/300/207 224/301/2 211/302/208
f 246/303/209 233/304/210 234/305/211
f 173/86/7 147/88/16 370/306/212
f 444/307/213 285/308/214 445/309/215
f 173/78/7 286/310/216 268/311/217
f 261/312/218 248/313/219 249/314/220
f 173/78/7 244/315/221 231/316/222
f 377/317/223 206/318/224 219/319/225
f 364/320/226 359/321/227 468/322/228
f 148/323/229 315/81/10 273/83/12
f 200/324/230 212/300/207 199/325/231
f 248/313/219 235/326/232 236/327/233
f 151/328/234 1/84/13 275/75/4
f 198/329/235 185/330/236 186/331/237
f 173/78/7 153/332/238 2/79/8
f 152/333/239 275/75/4 276/77/6
f 284/334/240 263/335/241 264/336/242
f 185/330/236 171/337/243 172/338/244
f 215/339/245 227/340/246 214/341/247
f 149/342/248 273/91/12 274/89/17
f 266/343/249 253/344/250 254/345/251
f 155/346/252 387/347/253 148/323/229
f 199/325/231 211/302/208 198/329/235
f 163/348/254 174/349/255 162/350/256
f 142/351/257 514/352/258 143/353/259
f 242/354/260 253/344/250 241/355/261
f 394/356/262 286/310/216 313/357/263
f 150/358/264 274/89/17 1/84/13
f 171/337/243 384/359/265 381/360/266
f 173/78/7 181/361/267 169/362/268
f 233/304/210 373/363/269 232/364/270
f 230/365/271 242/354/260 229/366/272
f 231/316/222 217/367/273 218/368/274
f 233/304/210 219/319/225 220/369/275
f 310/370/2 307/371/2 304/372/2
f 364/320/226 472/373/276 363/374/277
f 234/305/211 220/369/275 221/375/278
f 268/311/217 255/376/279 256/377/280
f 156/378/281 148/379/229 149/342/248
f 188/380/282 199/325/231 187/381/283
f 153/332/238 276/77/6 2/79/8
f 271/382/284 259/383/285 260/384/286
f 169/362/268 159/385/287 160/386/288
f 249/314/220 236/327/233 237/387/289
f 271/382/284 375/388/290 270/389/291
f 210/390/292 196/391/293 197/392/294
f 147/88/16 146/160/81 515/393/295
f 374/394/296 257/395/297 258/396/298
f 209/397/299 195/398/300 196/391/293
f 221/375/278 207/399/301 208/400/302
f 242/354/260 228/401/303 229/366/272
f 173/78/7 160/386/288 153/332/238
f 203/402/304 190/403/305 191/404/306
f 173/78/7 193/405/307 181/361/267
f 228/401/303 240/406/308 227/340/246
f 288/407/309 271/382/284 272/408/310
f 178/409/311 189/410/312 177/411/313
f 226/412/314 238/413/315 225/414/316
f 159/385/287 151/328/234 152/333/239
f 240/406/308 226/415/314 227/340/246
f 385/416/317 141/224/140 467/417/318
f 390/418/319 392/419/319 393/420/319
f 399/421/320 369/422/321 368/423/322
f 173/78/7 370/424/212 362/425/323
f 193/405/307 180/426/324 181/361/267
f 157/427/325 149/342/248 150/358/264
f 225/414/316 237/387/289 224/301/2
f 181/361/267 168/428/326 169/362/268
f 470/429/327 314/430/328 287/431/329
f 173/78/7 218/368/274 205/432/330
f 262/433/331 272/408/310 261/312/218
f 312/434/332 283/435/333 284/334/240
f 389/436/334 154/437/335 163/348/254
f 255/376/279 242/354/260 243/438/336
f 514/439/258 471/440/337 439/441/258
f 365/442/338 472/373/276 364/320/226
f 172/338/244 381/360/266 161/443/339
f 456/444/340 370/424/212 369/422/321
f 195/398/300 182/445/341 183/446/342
f 265/447/343 284/334/240 264/336/242
f 189/410/312 176/448/344 177/411/313
f 478/449/345 479/450/345 481/451/345
f 175/452/346 186/331/237 174/349/255
f 366/453/347 385/454/317 467/455/318
f 288/407/309 470/456/327 287/457/329
f 222/458/348 208/400/302 209/397/299
f 270/389/291 372/459/349 269/460/350
f 217/367/273 229/366/272 216/461/351
f 472/462/276 139/463/352 363/464/277
f 157/427/325 165/465/353 156/378/281
f 270/389/291 258/396/298 259/383/285
f 263/466/241 250/467/354 251/468/355
f 239/469/356 250/467/354 238/413/315
f 160/386/288 152/333/239 153/332/238
f 254/345/251 255/376/279 401/470/357
f 252/471/358 239/472/356 240/406/308
f 214/341/247 200/473/230 201/474/359
f 201/474/359 188/475/282 189/410/312
f 173/78/7 169/362/268 160/386/288
f 256/377/280 243/438/336 244/315/221
f 245/476/360 371/477/361 373/363/269
f 498/478/345 497/479/345 359/321/227
f 467/417/318 365/442/338 469/480/362
f 173/78/7 313/357/263 286/310/216
f 158/481/363 150/358/264 151/328/234
f 219/319/225 232/364/270 377/317/223
f 520/482/364 440/483/365 516/484/366
f 253/344/250 264/336/242 252/471/358
f 469/485/362 361/486/367 467/455/318
f 204/487/368 191/404/306 192/488/369
f 268/311/217 286/310/216 442/489/370
f 227/340/246 213/490/371 214/341/247
f 173/78/7 362/425/323 313/357/263
f 367/491/372 405/492/373 441/493/374
f 282/494/375 288/407/309 272/408/310
f 438/495/258 358/496/337 366/453/347
f 223/497/376 209/397/299 210/390/292
f 180/426/324 167/498/377 168/428/326
f 166/499/378 177/411/313 165/465/353
f 158/481/363 166/499/378 157/427/325
f 164/500/379 175/452/346 163/348/254
f 176/501/344 187/381/283 175/452/346
f 211/302/208 197/392/294 198/329/235
f 369/502/321 519/503/380 368/504/322
f 258/396/298 245/476/360 246/303/209
f 167/498/377 178/409/311 166/499/378
f 185/330/236 196/391/293 184/505/381
f 186/331/237 172/338/244 174/349/255
f 226/412/314 212/300/207 213/506/371
f 173/78/7 256/377/280 244/315/221
f 196/391/293 183/446/342 184/505/381
f 173/78/7 268/311/217 256/377/280
f 190/403/305 201/474/359 189/410/312
f 208/400/302 194/507/382 195/398/300
f 173/78/7 205/432/330 193/405/307
f 173/78/7 231/316/222 218/368/274
f 375/508/3 287/509/3 379/510/3
f 263/466/241 282/494/375 262/433/331
f 445/309/215 265/447/343 266/343/249
f 168/428/326 158/481/363 159/385/287
f 235/326/232 221/375/278 222/458/348
f 218/368/274 204/487/368 205/432/330
f 174/349/255 161/443/339 162/350/256
f 164/500/379 154/437/335 155/346/252
f 388/511/383 162/350/256 161/443/339
f 141/512/140 140/513/384 472/462/276
f 259/383/285 246/303/209 247/514/385
f 180/426/324 191/404/306 179/515/386
f 360/516/387 469/485/362 468/517/228
f 165/465/353 155/518/252 156/378/281
f 191/404/306 178/409/311 179/515/386
f 447/519/388 313/357/263 448/520/389
f 441/493/374 368/423/322 367/491/372
f 202/521/390 214/341/247 201/474/359
f 446/522/391 366/453/347 361/486/367
f 237/387/289 223/497/376 224/301/2
f 382/523/392 170/524/393 183/446/342
f 205/432/330 192/488/369 193/405/307
f 244/315/221 230/365/271 231/316/222
f 250/467/354 261/312/218 249/314/220
f 522/525/394 516/484/366 367/526/372
f 184/505/381 170/524/393 171/337/243
f 204/487/368 216/461/351 203/402/304
f 177/411/313 164/527/379 165/465/353
f 363/374/277 473/528/395 513/529/395
f 194/507/382 383/530/396 182/445/341
f 220/369/275 206/318/224 207/399/301
f 468/322/228 359/321/227 470/429/327
f 216/461/351 228/401/303 215/339/245
f 203/402/304 215/339/245 202/521/390
f 269/460/350 372/459/349 378/531/397
f 224/301/2 210/390/292 211/302/208
f 289/103/28 281/532/398 404/223/139
f 187/381/283 198/329/235 186/331/237
f 462/533/399 455/534/400 312/434/332
f 310/535/401 308/143/67 25/152/74
f 310/535/401 26/153/75 307/118/42
f 305/144/68 309/174/94 36/175/95
f 238/413/315 249/314/220 237/387/289
f 207/399/301 376/536/402 194/507/382
f 223/497/376 235/326/232 222/458/348
f 260/384/286 247/514/385 248/313/219
f 283/537/333 306/538/403 282/494/375
f 318/539/404 16/120/44 17/141/65
f 317/95/22 319/128/52 9/127/51
f 264/336/242 251/540/355 252/471/358
f 322/541/319 320/542/319 323/543/319
f 334/544/384 335/545/384 322/546/384
f 295/254/15 280/253/166 348/547/405
f 332/548/50 355/549/406 493/550/407
f 334/278/189 122/246/159 121/268/179
f 333/551/408 293/552/409 326/230/146
f 257/395/297 374/394/296 371/477/361
f 462/533/399 312/434/332 284/334/240
f 450/553/410 266/343/249 458/554/411
f 272/408/310 260/384/286 261/312/218
f 247/514/385 234/305/211 235/326/232
f 361/486/367 395/555/412 446/522/391
f 241/355/261 252/471/358 240/406/308
f 487/556/175 142/351/257 143/353/259
f 396/557/59 398/558/61 290/222/138
f 397/559/83 400/560/193 277/561/413
f 454/562/414 311/563/415 312/434/332
f 360/516/387 306/538/403 465/564/416
f 387/347/253 154/437/335 389/436/334
f 288/407/309 468/517/228 470/456/327
f 400/560/193 138/565/417 277/561/413
f 397/559/83 277/561/413 289/103/28
f 384/359/265 170/524/393 382/523/392
f 141/224/140 142/351/257 466/566/31
f 404/567/139 139/463/352 140/513/384
f 447/568/384 448/569/384 392/570/384
f 141/512/140 404/567/139 140/513/384
f 406/571/418 407/572/418 138/565/417
f 416/573/27 415/574/27 409/575/27
f 515/576/295 518/577/380 519/578/380
f 380/579/419 182/445/341 383/530/396
f 443/580/420 402/581/421 267/582/422
f 488/583/58 492/584/57 491/585/57
f 491/586/57 146/160/81 488/134/58
f 490/587/423 491/585/57 494/588/89
f 491/586/57 490/589/423 145/590/424
f 493/591/407 144/592/425 489/593/88
f 493/591/407 487/556/175 143/353/259
f 317/594/426 316/595/426 315/596/426
f 518/597/380 146/160/81 145/590/424
f 521/598/394 490/587/423 516/599/366
f 518/597/380 145/590/424 490/589/423
f 144/592/425 520/600/364 516/599/366
f 520/600/364 143/353/259 514/352/258
f 493/550/407 353/601/427 352/602/175
f 379/603/428 139/604/428 304/605/428
f 517/107/32 466/106/31 403/606/32
f 385/454/317 358/496/337 471/440/337
f 275/75/4 6/85/14 7/76/5
f 315/81/10 316/607/429 3/82/11
f 1/84/13 5/90/18 6/85/14
f 274/89/17 4/92/19 5/90/18
f 276/77/6 7/76/5 8/80/9
f 273/91/12 3/99/11 4/92/19
f 6/85/14 13/98/25 14/93/20
f 4/92/19 11/100/26 12/94/21
f 316/607/429 317/95/22 3/82/11
f 317/95/22 9/127/51 10/96/23
f 7/76/5 14/93/20 15/97/24
f 5/90/18 12/94/21 13/98/25
f 3/99/11 10/108/23 11/100/26
f 277/561/413 138/565/417 414/608/27
f 277/561/413 414/608/27 415/609/27
f 430/610/418 281/532/398 429/611/430
f 281/532/398 289/103/28 429/611/430
f 277/561/413 415/609/27 416/612/27
f 277/561/413 416/612/27 417/613/27
f 428/614/27 429/611/430 289/103/28
f 427/615/27 428/614/27 289/103/28
f 277/561/413 417/613/27 418/616/27
f 277/561/413 418/616/27 419/617/27
f 426/618/27 427/615/27 289/103/28
f 425/619/27 426/618/27 289/103/28
f 289/103/28 277/561/413 422/101/27
f 277/561/413 419/617/27 420/620/27
f 277/561/413 420/620/27 421/621/27
f 424/622/27 425/619/27 289/103/28
f 423/102/27 424/622/27 289/103/28
f 277/561/413 421/621/27 422/101/27
f 14/93/20 23/113/37 24/104/29
f 291/105/30 396/135/59 466/106/31
f 10/108/23 19/145/35 20/109/33
f 10/96/23 9/127/51 18/110/34
f 12/94/21 11/100/26 20/109/33
f 13/98/25 22/114/38 23/113/37
f 22/114/38 33/122/46 34/115/39
f 19/111/35 18/110/34 29/116/40
f 307/118/42 26/153/75 27/119/43
f 23/113/37 34/115/39 35/121/45
f 21/112/36 32/140/64 33/122/46
f 18/110/34 17/141/65 28/123/47
f 292/124/48 333/551/408 329/125/49
f 319/128/52 318/539/404 18/110/34
f 318/539/404 17/141/65 18/110/34
f 13/98/25 12/94/21 21/112/36
f 29/116/40 28/123/47 40/129/53
f 34/115/39 46/157/78 47/131/55
f 294/132/56 293/623/409 492/133/57
f 291/105/30 279/136/60 396/135/59
f 279/136/60 278/161/82 398/137/61
f 31/138/62 43/148/70 44/139/63
f 16/120/44 27/119/43 28/123/47
f 27/119/43 39/151/73 40/129/53
f 21/112/36 20/109/33 31/138/62
f 305/144/68 36/175/95 37/142/66
f 37/142/66 25/152/74 308/143/67
f 19/145/35 30/147/41 31/138/62
f 32/140/64 44/139/63 45/146/69
f 30/147/41 42/155/76 43/148/70
f 38/149/71 50/170/90 51/150/72
f 25/152/74 37/142/66 38/149/71
f 30/117/41 29/116/40 41/130/54
f 42/155/76 54/190/85 55/156/77
f 34/115/39 33/122/46 45/146/69
f 47/131/55 46/157/78 58/158/79
f 26/153/75 38/149/71 39/151/73
f 147/88/16 295/87/15 488/134/58
f 295/87/15 294/132/56 488/134/58
f 45/146/69 57/179/99 58/158/79
f 42/154/76 41/130/54 53/163/84
f 44/139/63 43/148/70 55/156/77
f 41/130/54 40/129/53 52/166/87
f 492/133/57 293/623/409 495/169/89
f 293/623/409 292/624/48 495/169/89
f 292/624/48 489/167/88 495/169/89
f 37/142/66 49/173/93 50/170/90
f 39/151/73 51/150/72 52/166/87
f 48/171/91 61/189/109 62/172/92
f 309/174/94 301/192/110 48/171/91
f 53/163/84 52/166/87 65/176/96
f 36/175/95 48/171/91 49/173/93
f 57/179/99 56/165/86 69/180/100
f 44/139/63 56/165/86 57/179/99
f 58/158/79 57/179/99 70/181/101
f 67/183/103 80/212/117 81/184/104
f 50/170/90 63/193/111 64/186/106
f 60/187/107 73/220/136 74/188/108
f 54/190/85 67/183/103 68/185/105
f 64/186/106 77/202/119 78/191/3
f 58/158/79 71/182/102 72/178/98
f 301/192/110 60/187/107 61/189/109
f 51/150/72 64/186/106 65/176/96
f 49/173/93 62/172/92 63/193/111
f 56/165/86 55/156/77 68/185/105
f 54/164/85 53/163/84 66/177/97
f 71/182/102 84/197/114 85/195/112
f 71/182/102 70/181/101 83/196/113
f 338/198/115 279/136/60 291/105/30
f 66/177/97 79/208/125 80/200/117
f 69/180/100 68/185/105 81/184/104
f 63/193/111 76/205/122 77/202/119
f 75/203/120 88/225/141 89/204/121
f 70/181/101 69/180/100 82/201/118
f 80/200/117 79/208/125 92/206/123
f 66/177/97 65/176/96 78/191/3
f 84/197/114 83/196/113 96/209/126
f 62/172/92 75/203/120 76/205/122
f 79/208/125 78/191/3 91/211/128
f 61/189/109 74/188/108 75/203/120
f 82/201/118 95/221/137 96/209/126
f 80/212/117 93/241/124 94/213/129
f 87/214/130 86/227/143 298/215/131
f 84/197/114 97/210/127 98/217/133
f 90/218/134 102/236/151 103/219/135
f 73/220/136 86/227/143 87/214/130
f 77/202/119 90/218/134 91/211/128
f 82/201/118 81/184/104 94/213/129
f 290/222/138 289/103/28 404/223/139
f 74/188/108 87/214/130 88/225/141
f 77/202/119 76/205/122 89/204/121
f 96/209/126 95/221/137 107/228/144
f 326/230/146 293/552/409 294/231/56
f 93/207/124 92/206/123 104/233/148
f 95/221/137 94/213/129 106/235/150
f 89/204/121 101/242/156 102/236/151
f 97/210/127 109/239/154 110/237/152
f 87/214/130 99/216/132 100/238/153
f 328/269/180 121/268/179 109/239/154
f 108/229/145 120/256/168 349/625/155
f 120/256/168 350/266/177 349/625/155
f 349/625/155 327/240/155 108/229/145
f 327/240/155 328/269/180 109/239/154
f 92/206/123 91/211/128 103/219/135
f 93/241/124 105/243/149 106/235/150
f 88/225/141 100/238/153 101/242/156
f 97/210/127 96/209/126 108/229/145
f 105/243/149 117/279/182 118/244/157
f 100/238/153 112/252/165 113/245/158
f 109/239/154 121/268/179 122/246/159
f 104/233/148 103/219/135 115/247/160
f 99/216/132 298/215/131 296/249/162
f 102/236/151 114/255/167 115/247/160
f 107/228/144 106/235/150 118/244/157
f 99/216/132 111/250/163 112/252/165
f 101/242/156 113/245/158 114/255/167
f 107/228/144 119/251/164 120/256/168
f 303/258/170 123/299/206 112/252/165
f 112/252/165 111/250/163 299/257/169
f 116/248/161 115/247/160 126/259/171
f 337/262/174 344/626/431 120/256/168
f 120/256/168 119/251/164 337/262/174
f 330/264/175 341/199/116 291/105/30
f 291/105/30 517/107/32 330/264/175
f 120/256/168 344/626/431 342/265/176
f 113/245/158 124/276/187 125/270/181
f 105/234/149 104/233/148 116/248/161
f 117/271/182 116/248/161 127/260/172
f 119/251/164 118/244/157 129/273/184
f 125/270/181 132/290/199 133/275/186
f 112/252/165 123/299/206 124/276/187
f 324/277/188 137/287/196 131/274/185
f 117/279/182 128/280/183 129/273/184
f 114/255/167 125/270/181 126/259/171
f 128/280/183 135/296/192 136/281/190
f 128/272/183 127/260/172 134/282/191
f 278/161/82 134/282/191 397/162/83
f 134/282/191 133/275/186 397/162/83
f 351/627/204 135/283/192 356/628/194
f 135/283/192 134/282/191 357/285/194
f 356/628/194 135/283/192 357/285/194
f 134/282/191 278/161/82 357/285/194
f 278/161/82 279/136/60 325/286/195
f 336/291/200 130/261/173 354/288/197
f 130/261/173 129/273/184 354/288/197
f 127/260/172 126/259/171 133/275/186
f 124/276/187 123/299/206 297/292/201
f 125/270/181 124/276/187 300/293/202
f 343/295/203 348/547/405 280/253/166
f 280/253/166 137/287/196 340/294/203
f 137/287/196 324/277/188 339/629/432
f 137/287/196 339/629/432 340/294/203
f 346/298/205 347/289/198 136/281/190
f 136/281/190 135/296/192 346/298/205
f 212/300/207 225/414/316 224/301/2
f 246/303/209 245/476/360 233/304/210
f 261/312/218 260/384/286 248/313/219
f 468/322/228 469/480/362 364/320/226
f 469/480/362 365/442/338 364/320/226
f 148/323/229 386/630/433 315/81/10
f 200/324/230 213/506/371 212/300/207
f 248/313/219 247/514/385 235/326/232
f 151/328/234 150/358/264 1/84/13
f 198/329/235 197/392/294 185/330/236
f 152/333/239 151/328/234 275/75/4
f 284/334/240 283/435/333 263/335/241
f 185/330/236 184/505/381 171/337/243
f 215/339/245 228/401/303 227/340/246
f 149/342/248 148/379/229 273/91/12
f 266/343/249 265/447/343 253/344/250
f 154/437/335 387/347/253 155/346/252
f 387/347/253 386/630/433 148/323/229
f 199/325/231 212/300/207 211/302/208
f 163/348/254 175/452/346 174/349/255
f 142/351/257 471/631/337 514/352/258
f 242/354/260 254/345/251 253/344/250
f 394/356/262 442/489/370 286/310/216
f 150/358/264 149/342/248 274/89/17
f 171/337/243 170/524/393 384/359/265
f 233/304/210 245/476/360 373/363/269
f 230/365/271 243/438/336 242/354/260
f 231/316/222 230/365/271 217/367/273
f 233/304/210 232/364/270 219/319/225
f 307/371/2 16/632/2 304/372/2
f 304/372/2 132/633/2 300/634/2
f 300/634/2 297/635/2 304/372/2
f 297/635/2 303/636/2 304/372/2
f 303/636/2 299/637/2 304/372/2
f 299/637/2 296/638/2 304/372/2
f 296/638/2 298/639/2 304/372/2
f 298/639/2 86/640/2 304/372/2
f 86/640/2 302/641/2 304/372/2
f 302/641/2 60/642/2 304/372/2
f 60/642/2 301/643/2 304/372/2
f 301/643/2 309/644/2 304/372/2
f 309/644/2 305/645/2 304/372/2
f 305/645/2 308/646/2 304/372/2
f 308/646/2 310/370/2 304/372/2
f 234/305/211 233/304/210 220/369/275
f 268/311/217 267/582/422 255/376/279
f 156/378/281 155/518/252 148/379/229
f 188/380/282 200/324/230 199/325/231
f 153/332/238 152/333/239 276/77/6
f 271/382/284 270/389/291 259/383/285
f 169/362/268 168/428/326 159/385/287
f 249/314/220 248/313/219 236/327/233
f 271/382/284 287/457/329 375/388/290
f 210/390/292 209/397/299 196/391/293
f 369/502/321 370/306/212 515/393/295
f 370/306/212 147/88/16 515/393/295
f 258/396/298 269/460/350 378/531/397
f 378/531/397 374/394/296 258/396/298
f 209/397/299 208/400/302 195/398/300
f 221/375/278 220/369/275 207/399/301
f 242/354/260 241/355/261 228/401/303
f 203/402/304 202/521/390 190/403/305
f 228/401/303 241/355/261 240/406/308
f 288/407/309 287/457/329 271/382/284
f 178/409/311 190/403/305 189/410/312
f 226/412/314 239/469/356 238/413/315
f 159/385/287 158/481/363 151/328/234
f 240/406/308 239/472/356 226/415/314
f 385/416/317 471/631/337 142/351/257
f 142/351/257 141/224/140 385/416/317
f 141/224/140 365/442/338 467/417/318
f 390/418/319 391/647/319 392/419/319
f 399/421/320 453/648/434 369/422/321
f 193/405/307 192/488/369 180/426/324
f 157/427/325 156/378/281 149/342/248
f 225/414/316 238/413/315 237/387/289
f 181/361/267 180/426/324 168/428/326
f 470/429/327 359/321/227 314/430/328
f 262/433/331 282/494/375 272/408/310
f 312/434/332 311/563/415 283/435/333
f 162/350/256 388/511/383 163/348/254
f 388/511/383 389/436/334 163/348/254
f 255/376/279 254/345/251 242/354/260
f 471/440/337 358/496/337 439/441/258
f 439/441/258 460/649/258 514/439/258
f 460/649/258 461/650/435 520/482/364
f 514/439/258 460/649/258 520/482/364
f 365/442/338 141/224/140 472/373/276
f 172/338/244 171/337/243 381/360/266
f 369/422/321 453/648/434 456/444/340
f 456/444/340 362/425/323 370/424/212
f 195/398/300 194/507/382 182/445/341
f 265/447/343 285/308/214 284/334/240
f 189/410/312 188/475/282 176/448/344
f 479/450/345 480/651/436 481/451/345
f 481/451/345 482/652/345 477/653/345
f 482/652/345 483/654/345 477/653/345
f 483/654/345 484/655/345 475/656/345
f 484/655/345 485/657/345 474/658/395
f 475/656/345 484/655/345 474/658/395
f 485/657/345 486/659/345 473/660/395
f 486/659/345 496/661/345 513/662/395
f 496/661/345 497/663/345 512/664/345
f 497/663/345 498/665/345 511/666/345
f 512/664/345 497/663/345 511/666/345
f 498/665/345 499/667/345 510/668/395
f 499/667/345 500/669/345 509/670/395
f 500/669/345 501/671/345 508/672/345
f 501/671/345 502/673/345 508/672/345
f 502/673/345 503/674/345 506/675/395
f 503/674/345 504/676/345 506/675/395
f 504/676/345 505/677/437 506/675/395
f 506/675/395 507/678/345 502/673/345
f 507/678/345 508/672/345 502/673/345
f 508/672/345 509/670/395 500/669/345
f 509/670/395 510/668/395 499/667/345
f 510/668/395 511/666/345 498/665/345
f 512/664/345 513/662/395 496/661/345
f 513/662/395 473/660/395 486/659/345
f 473/660/395 474/658/395 485/657/345
f 475/656/345 476/679/345 483/654/345
f 476/679/345 477/653/345 483/654/345
f 477/653/345 478/449/345 481/451/345
f 175/452/346 187/381/283 186/331/237
f 366/453/347 358/496/337 385/454/317
f 222/458/348 221/375/278 208/400/302
f 270/389/291 375/388/290 372/459/349
f 217/367/273 230/365/271 229/366/272
f 472/462/276 140/513/384 139/463/352
f 157/427/325 166/499/378 165/465/353
f 270/389/291 269/460/350 258/396/298
f 263/466/241 262/433/331 250/467/354
f 239/469/356 251/468/355 250/467/354
f 160/386/288 159/385/287 152/333/239
f 255/376/279 267/582/422 402/581/421
f 401/470/357 457/680/357 254/345/251
f 457/680/357 458/554/411 266/343/249
f 254/345/251 457/680/357 266/343/249
f 255/376/279 402/581/421 401/470/357
f 252/471/358 251/540/355 239/472/356
f 214/341/247 213/490/371 200/473/230
f 201/474/359 200/473/230 188/475/282
f 256/377/280 255/376/279 243/438/336
f 245/476/360 257/395/297 371/477/361
f 364/320/226 363/374/277 505/681/437
f 363/374/277 506/682/395 505/681/437
f 481/683/345 314/430/328 359/321/227
f 482/684/345 481/683/345 359/321/227
f 364/320/226 505/681/437 504/685/345
f 364/320/226 504/685/345 503/686/345
f 483/687/345 482/684/345 359/321/227
f 484/688/345 483/687/345 359/321/227
f 364/320/226 503/686/345 502/689/345
f 364/320/226 502/689/345 501/690/345
f 485/691/345 484/688/345 359/321/227
f 486/692/345 485/691/345 359/321/227
f 359/321/227 364/320/226 498/478/345
f 364/320/226 501/690/345 500/693/345
f 364/320/226 500/693/345 499/694/345
f 496/695/345 486/692/345 359/321/227
f 497/479/345 496/695/345 359/321/227
f 364/320/226 499/694/345 498/478/345
f 158/481/363 157/427/325 150/358/264
f 520/482/364 461/650/435 463/696/438
f 463/696/438 440/483/365 520/482/364
f 440/483/365 367/526/372 516/484/366
f 253/344/250 265/447/343 264/336/242
f 360/516/387 361/486/367 469/485/362
f 361/486/367 366/453/347 467/455/318
f 204/487/368 203/402/304 191/404/306
f 442/489/370 443/580/420 267/582/422
f 267/582/422 268/311/217 442/489/370
f 227/340/246 226/415/314 213/490/371
f 367/491/372 440/697/365 405/492/373
f 282/494/375 306/538/403 288/407/309
f 366/453/347 449/698/439 438/495/258
f 438/495/258 439/441/258 358/496/337
f 223/497/376 222/458/348 209/397/299
f 180/426/324 179/515/386 167/498/377
f 166/499/378 178/409/311 177/411/313
f 158/481/363 167/498/377 166/499/378
f 164/500/379 176/501/344 175/452/346
f 176/501/344 188/380/282 187/381/283
f 211/302/208 210/390/292 197/392/294
f 369/502/321 515/393/295 519/503/380
f 258/396/298 257/395/297 245/476/360
f 167/498/377 179/515/386 178/409/311
f 185/330/236 197/392/294 196/391/293
f 186/331/237 185/330/236 172/338/244
f 226/412/314 225/414/316 212/300/207
f 196/391/293 195/398/300 183/446/342
f 190/403/305 202/521/390 201/474/359
f 208/400/302 207/399/301 194/507/382
f 379/510/3 161/699/3 381/700/3
f 381/700/3 384/701/3 379/510/3
f 384/701/3 382/702/3 379/510/3
f 382/702/3 380/703/3 379/510/3
f 380/703/3 383/704/3 379/510/3
f 383/704/3 376/705/3 379/510/3
f 376/705/3 206/706/3 379/510/3
f 206/706/3 377/707/3 379/510/3
f 377/707/3 232/708/3 379/510/3
f 232/708/3 373/709/3 379/510/3
f 373/709/3 371/710/3 379/510/3
f 371/710/3 374/711/3 379/510/3
f 374/711/3 378/712/3 379/510/3
f 378/712/3 372/713/3 379/510/3
f 372/713/3 375/508/3 379/510/3
f 263/466/241 283/537/333 282/494/375
f 266/343/249 452/714/440 445/309/215
f 445/309/215 285/308/214 265/447/343
f 168/428/326 167/498/377 158/481/363
f 235/326/232 234/305/211 221/375/278
f 218/368/274 217/367/273 204/487/368
f 174/349/255 172/338/244 161/443/339
f 164/500/379 163/348/254 154/437/335
f 259/383/285 258/396/298 246/303/209
f 180/426/324 192/488/369 191/404/306
f 165/465/353 164/527/379 155/518/252
f 191/404/306 190/403/305 178/409/311
f 362/425/323 456/444/340 451/715/389
f 362/425/323 451/715/389 448/520/389
f 394/356/262 313/357/263 447/519/388
f 313/357/263 362/425/323 448/520/389
f 441/493/374 399/421/320 368/423/322
f 202/521/390 215/339/245 214/341/247
f 446/522/391 449/698/439 366/453/347
f 237/387/289 236/327/233 223/497/376
f 183/446/342 182/445/341 380/579/419
f 380/579/419 382/523/392 183/446/342
f 205/432/330 204/487/368 192/488/369
f 244/315/221 243/438/336 230/365/271
f 250/467/354 262/433/331 261/312/218
f 367/526/372 368/504/322 522/525/394
f 368/504/322 519/503/380 522/525/394
f 522/525/394 521/716/394 516/484/366
f 184/505/381 183/446/342 170/524/393
f 204/487/368 217/367/273 216/461/351
f 177/411/313 176/448/344 164/527/379
f 314/430/328 481/683/345 480/717/436
f 314/430/328 480/717/436 479/718/345
f 507/719/345 506/682/395 363/374/277
f 508/720/345 507/719/345 363/374/277
f 314/430/328 479/718/345 478/721/345
f 314/430/328 478/721/345 477/722/345
f 509/723/395 508/720/345 363/374/277
f 510/724/395 509/723/395 363/374/277
f 314/430/328 477/722/345 476/725/345
f 314/430/328 476/725/345 475/726/345
f 511/727/345 510/724/395 363/374/277
f 512/728/345 511/727/345 363/374/277
f 363/374/277 314/430/328 473/528/395
f 314/430/328 475/726/345 474/729/395
f 314/430/328 474/729/395 473/528/395
f 513/529/395 512/728/345 363/374/277
f 194/507/382 376/536/402 383/530/396
f 220/369/275 219/319/225 206/318/224
f 216/461/351 229/366/272 228/401/303
f 203/402/304 216/461/351 215/339/245
f 224/301/2 223/497/376 210/390/292
f 187/381/283 199/325/231 198/329/235
f 310/535/401 25/152/74 26/153/75
f 238/413/315 250/467/354 249/314/220
f 207/399/301 206/318/224 376/536/402
f 223/497/376 236/327/233 235/326/232
f 260/384/286 259/383/285 247/514/385
f 283/537/333 311/730/415 306/538/403
f 264/336/242 263/335/241 251/540/355
f 322/541/319 321/731/319 320/542/319
f 335/545/384 328/732/384 322/546/384
f 328/732/384 327/733/384 321/734/384
f 322/546/384 328/732/384 321/734/384
f 322/546/384 340/735/384 339/736/384
f 339/736/384 324/737/384 322/546/384
f 324/737/384 334/544/384 322/546/384
f 348/547/405 345/232/147 294/231/56
f 294/231/56 295/254/15 348/547/405
f 355/549/406 353/601/427 493/550/407
f 493/550/407 489/167/88 332/548/50
f 489/167/88 292/624/48 332/548/50
f 121/268/179 335/267/178 334/278/189
f 334/278/189 131/274/185 122/246/159
f 333/551/408 292/124/48 293/552/409
f 284/334/240 285/308/214 462/533/399
f 285/308/214 444/307/213 462/533/399
f 450/553/410 452/714/440 266/343/249
f 272/408/310 271/382/284 260/384/286
f 247/514/385 246/303/209 234/305/211
f 241/355/261 253/344/250 252/471/358
f 487/556/175 403/738/32 142/351/257
f 312/434/332 455/534/400 454/562/414
f 454/562/414 459/739/441 311/563/415
f 306/538/403 311/730/415 465/564/416
f 311/730/415 459/740/441 464/741/416
f 465/564/416 311/730/415 464/741/416
f 465/564/416 395/555/412 360/516/387
f 395/555/412 361/486/367 360/516/387
f 288/407/309 306/538/403 468/517/228
f 306/538/403 360/516/387 468/517/228
f 400/560/193 132/742/199 138/565/417
f 290/222/138 398/558/61 289/103/28
f 398/558/61 397/559/83 289/103/28
f 142/351/257 403/738/32 466/566/31
f 466/566/31 396/557/59 141/224/140
f 396/557/59 290/222/138 141/224/140
f 404/567/139 281/743/398 139/463/352
f 401/744/384 402/745/384 391/746/384
f 402/745/384 443/747/384 392/570/384
f 391/746/384 402/745/384 392/570/384
f 443/747/384 442/748/384 392/570/384
f 442/748/384 394/749/384 392/570/384
f 394/749/384 447/568/384 392/570/384
f 281/532/398 430/610/418 431/750/27
f 281/532/398 431/750/27 432/751/27
f 413/752/442 414/608/27 138/565/417
f 412/753/27 413/752/442 138/565/417
f 281/532/398 432/751/27 433/754/418
f 281/532/398 433/754/418 434/755/418
f 411/756/27 412/753/27 138/565/417
f 410/757/27 411/756/27 138/565/417
f 281/532/398 434/755/418 435/758/27
f 281/532/398 435/758/27 436/759/27
f 409/760/27 410/757/27 138/565/417
f 408/761/27 409/760/27 138/565/417
f 138/565/417 281/532/398 406/571/418
f 281/532/398 436/759/27 437/762/418
f 281/532/398 437/762/418 406/571/418
f 407/572/418 408/761/27 138/565/417
f 414/763/27 413/764/442 412/765/27
f 412/765/27 411/766/27 414/763/27
f 411/766/27 410/767/27 414/763/27
f 410/767/27 409/575/27 415/574/27
f 409/575/27 408/768/27 416/573/27
f 410/767/27 415/574/27 414/763/27
f 408/768/27 407/769/418 417/770/27
f 407/769/418 406/771/418 418/772/27
f 406/771/418 437/773/418 419/774/27
f 437/773/418 436/775/27 420/776/27
f 436/775/27 435/777/27 421/778/27
f 435/777/27 434/779/418 422/780/27
f 434/779/418 433/781/418 423/782/27
f 433/781/418 432/783/27 424/784/27
f 432/783/27 431/785/27 425/786/27
f 431/785/27 430/787/418 426/788/27
f 425/786/27 431/785/27 426/788/27
f 430/787/418 429/789/430 428/790/27
f 428/790/27 427/791/27 430/787/418
f 427/791/27 426/788/27 430/787/418
f 425/786/27 424/784/27 432/783/27
f 424/784/27 423/782/27 433/781/418
f 423/782/27 422/780/27 434/779/418
f 422/780/27 421/778/27 435/777/27
f 421/778/27 420/776/27 436/775/27
f 420/776/27 419/774/27 437/773/418
f 419/774/27 418/772/27 406/771/418
f 418/772/27 417/770/27 407/769/418
f 417/770/27 416/573/27 408/768/27
f 491/586/57 145/590/424 146/160/81
f 491/585/57 492/584/57 494/588/89
f 492/584/57 495/792/89 494/588/89
f 494/588/89 489/593/88 490/587/423
f 489/593/88 144/592/425 490/587/423
f 493/591/407 143/353/259 144/592/425
f 315/596/426 386/793/426 387/794/426
f 387/794/426 389/795/426 315/596/426
f 389/795/426 388/796/426 318/797/426
f 388/796/426 161/798/426 16/799/426
f 16/799/426 318/797/426 388/796/426
f 318/797/426 319/800/426 389/795/426
f 389/795/426 319/800/426 315/596/426
f 319/800/426 317/594/426 315/596/426
f 518/597/380 515/393/295 146/160/81
f 522/801/394 519/578/380 521/598/394
f 519/578/380 518/577/380 521/598/394
f 518/577/380 490/587/423 521/598/394
f 490/587/423 144/592/425 516/599/366
f 144/592/425 143/353/259 520/600/364
f 352/602/175 331/263/175 487/802/175
f 331/263/175 517/107/32 403/606/32
f 487/802/175 331/263/175 403/606/32
f 487/802/175 493/550/407 352/602/175
f 16/803/428 161/804/428 379/603/428
f 379/603/428 287/805/428 314/806/428
f 314/806/428 363/807/428 379/603/428
f 363/807/428 139/604/428 379/603/428
f 139/604/428 281/808/428 304/605/428
f 281/808/428 138/809/428 304/605/428
f 138/809/428 132/810/428 304/605/428
f 304/605/428 16/803/428 379/603/428
o Sphere.001
v -0.000000 1.104315 -0.147987
v 0.026642 1.104315 -0.150611
v 0.052260 1.104315 -0.158382
v 0.075870 1.104315 -0.171002
v 0.096565 1.104315 -0.187985
v 0.113548 1.104315 -0.208679
v 0.222733 1.144149 -0.135725
v 0.126168 1.104315 -0.232289
v 0.247487 1.144149 -0.182037
v 0.359296 1.208836 -0.135725
v 0.133939 1.104315 -0.257908
v 0.262731 1.144149 -0.232289
v 0.381426 1.208836 -0.208679
v 0.136563 1.104315 -0.284550
v 0.267878 1.144149 -0.284550
v 0.133939 1.104315 -0.311192
v 0.262731 1.144149 -0.336810
v 0.381426 1.208836 -0.360420
v 0.126168 1.104315 -0.336810
v 0.247487 1.144149 -0.387062
v 0.359296 1.208836 -0.433375
v 0.113548 1.104315 -0.360420
v 0.222733 1.144149 -0.433375
v 0.323358 1.208836 -0.500611
v 0.096565 1.104315 -0.381115
v 0.189419 1.144149 -0.473968
v 0.274993 1.208836 -0.559543
v 0.350000 1.295890 -0.634550
v 0.075870 1.104315 -0.398098
v 0.148825 1.144149 -0.507283
v 0.216061 1.208836 -0.607908
v 0.274993 1.295890 -0.696106
v 0.323357 1.401966 -0.768489
v 0.359296 1.522986 -0.822274
v 0.381426 1.654302 -0.855395
v 0.052260 1.104315 -0.410718
v 0.102513 1.144149 -0.532037
v 0.148825 1.208836 -0.643846
v 0.189418 1.295890 -0.741847
v 0.222732 1.401966 -0.822274
v 0.247487 1.522986 -0.882037
v 0.262731 1.654302 -0.918839
v 0.026642 1.104315 -0.418489
v 0.052260 1.144149 -0.547281
v 0.075870 1.208836 -0.665976
v 0.096565 1.295890 -0.770013
v 0.113548 1.401966 -0.855395
v 0.126168 1.522986 -0.918839
v 0.133939 1.654302 -0.957907
v -0.000000 1.104315 -0.421113
v -0.000000 1.144149 -0.552428
v -0.000000 1.208836 -0.673449
v -0.000000 1.295890 -0.779524
v -0.000000 1.401966 -0.866578
v -0.000000 1.522986 -0.931265
v -0.000000 1.654302 -0.971099
v -0.026642 1.104315 -0.150611
v -0.052261 1.104315 -0.158382
v -0.075870 1.104315 -0.171002
v -0.096565 1.104315 -0.187985
v -0.000000 1.090865 -0.284550
v -0.113548 1.104315 -0.208679
v -0.222733 1.144149 -0.135724
v -0.126168 1.104315 -0.232289
v -0.247487 1.144149 -0.182037
v -0.359296 1.208836 -0.135724
v -0.133939 1.104315 -0.257908
v -0.262731 1.144149 -0.232289
v -0.381427 1.208836 -0.208679
v -0.136563 1.104315 -0.284550
v -0.267878 1.144149 -0.284550
v -0.133939 1.104315 -0.311192
v -0.262731 1.144149 -0.336810
v -0.381426 1.208836 -0.360420
v -0.126168 1.104315 -0.336810
v -0.247487 1.144149 -0.387062
v -0.359296 1.208836 -0.433375
v -0.113548 1.104315 -0.360420
v -0.222733 1.144149 -0.433375
v -0.323358 1.208836 -0.500611
v -0.096565 1.104315 -0.381115
v -0.189419 1.144149 -0.473968
v -0.274993 1.208836 -0.559543
v -0.350000 1.295890 -0.634550
v -0.075871 1.104315 -0.398098
v -0.148825 1.144149 -0.507282
v -0.216061 1.208836 -0.607908
v -0.274993 1.295890 -0.696106
v -0.323358 1.401966 -0.768489
v -0.359296 1.522987 -0.822274
v -0.381426 1.654302 -0.855395
v -0.052261 1.104315 -0.410718
v -0.102513 1.144149 -0.532037
v -0.148825 1.208836 -0.643846
v -0.189419 1.295890 -0.741847
v -0.222733 1.401966 -0.822274
v -0.247487 1.522987 -0.882037
v -0.262731 1.654302 -0.918839
v -0.026642 1.104315 -0.418489
v -0.052261 1.144149 -0.547281
v -0.075870 1.208836 -0.665976
v -0.096565 1.295890 -0.770013
v -0.113548 1.401966 -0.855395
v -0.126168 1.522987 -0.918839
v -0.133939 1.654302 -0.957907
v 0.381427 1.266152 -0.539411
v 0.105567 1.120530 -0.126557
v 0.381426 1.401966 -0.720833
v 0.215210 1.144149 -0.126557
v 0.381427 1.228495 -0.442542
v 0.065443 1.114764 -0.126557
v 0.354396 1.208836 -0.126557
v 0.381426 1.295890 -0.596256
v -0.000000 1.110816 -0.126557
v 0.381426 1.522986 -0.804112
v 0.381427 1.228495 -0.126557
v 0.236452 1.152969 -0.126557
v 0.381427 1.204842 -0.284550
v 0.157992 1.130667 -0.126557
v 0.031427 1.111755 -0.126557
v 0.381426 1.350045 -0.665977
v -0.381427 1.266152 -0.539411
v -0.105567 1.120530 -0.126557
v -0.381427 1.401966 -0.720833
v -0.215210 1.144149 -0.126557
v -0.381427 1.228495 -0.442542
v -0.065443 1.114764 -0.126557
v -0.354396 1.208836 -0.126557
v -0.381427 1.295890 -0.596256
v -0.381427 1.522987 -0.804112
v -0.381427 1.228495 -0.126557
v -0.236452 1.152969 -0.126557
v -0.381427 1.204842 -0.284550
v -0.157992 1.130667 -0.126557
v -0.031427 1.111755 -0.126557
v -0.381427 1.350046 -0.665976
v -0.000000 1.133841 -0.154101
v 0.025449 1.133841 -0.156608
v -0.000000 1.121011 -0.284550
v 0.049920 1.133841 -0.164031
v 0.072473 1.133841 -0.176086
v 0.092241 1.133841 -0.192309
v 0.108464 1.133841 -0.212077
v 0.120518 1.133841 -0.234629
v 0.212985 1.171946 -0.142237
v 0.236657 1.171946 -0.186523
v 0.251233 1.171946 -0.234576
v 0.127942 1.133841 -0.259101
v 0.343681 1.233853 -0.142193
v 0.365115 1.233968 -0.212247
v 0.130448 1.133841 -0.284550
v 0.256155 1.171946 -0.284550
v 0.367270 1.231328 -0.284550
v 0.127942 1.133841 -0.309999
v 0.251233 1.171946 -0.334523
v 0.120518 1.133841 -0.334470
v 0.236657 1.171946 -0.382576
v 0.365114 1.233968 -0.356852
v 0.343681 1.233853 -0.426907
v 0.309304 1.233853 -0.491221
v 0.212985 1.171946 -0.426862
v 0.108464 1.133841 -0.357023
v 0.092241 1.133841 -0.376791
v 0.181129 1.171946 -0.465679
v 0.263042 1.233853 -0.547592
v 0.334831 1.317173 -0.619381
v 0.263075 1.317173 -0.678269
v 0.206671 1.233853 -0.593854
v 0.072473 1.133841 -0.393014
v 0.142312 1.171946 -0.497535
v 0.049920 1.133841 -0.405068
v 0.098026 1.171946 -0.521207
v 0.142357 1.233853 -0.628231
v 0.181209 1.317173 -0.722027
v 0.309359 1.418696 -0.747538
v 0.213090 1.418696 -0.798995
v 0.343747 1.534517 -0.799004
v 0.236777 1.534517 -0.856181
v 0.365406 1.654302 -0.831419
v 0.251696 1.654302 -0.892198
v 0.108632 1.418696 -0.830682
v 0.092379 1.317173 -0.748973
v 0.120708 1.534517 -0.891390
v 0.128313 1.654302 -0.929626
v 0.025449 1.133841 -0.412492
v 0.049973 1.171946 -0.535783
v 0.072573 1.233853 -0.649399
v -0.000000 1.133841 -0.414998
v -0.000000 1.171946 -0.540705
v -0.000000 1.233853 -0.656547
v -0.000000 1.317173 -0.758072
v -0.000000 1.418696 -0.841381
v -0.000000 1.534517 -0.903278
v -0.000000 1.654302 -0.942264
v -0.025449 1.133841 -0.156608
v -0.049920 1.133841 -0.164031
v -0.072473 1.133841 -0.176086
v -0.092241 1.133841 -0.192309
v -0.108464 1.133841 -0.212077
v -0.212985 1.171946 -0.142237
v -0.120519 1.133841 -0.234629
v -0.236657 1.171946 -0.186523
v -0.127942 1.133841 -0.259101
v -0.251233 1.171946 -0.234576
v -0.343681 1.233853 -0.142192
v -0.365115 1.233968 -0.212247
v -0.256155 1.171946 -0.284550
v -0.367270 1.231328 -0.284550
v -0.130448 1.133841 -0.284550
v -0.127942 1.133841 -0.309999
v -0.251233 1.171946 -0.334523
v -0.120519 1.133841 -0.334470
v -0.236657 1.171946 -0.382576
v -0.365115 1.233968 -0.356852
v -0.343681 1.233853 -0.426907
v -0.212985 1.171946 -0.426862
v -0.309305 1.233853 -0.491220
v -0.108464 1.133841 -0.357023
v -0.092241 1.133841 -0.376791
v -0.181129 1.171946 -0.465679
v -0.263042 1.233853 -0.547592
v -0.334831 1.317173 -0.619381
v -0.206671 1.233853 -0.593854
v -0.263075 1.317173 -0.678269
v -0.072473 1.133841 -0.393014
v -0.142312 1.171946 -0.497535
v -0.049920 1.133841 -0.405068
v -0.098026 1.171946 -0.521206
v -0.343747 1.534517 -0.799004
v -0.309359 1.418696 -0.747538
v -0.213090 1.418696 -0.798995
v -0.236777 1.534517 -0.856180
v -0.365406 1.654302 -0.831419
v -0.251696 1.654302 -0.892198
v -0.142357 1.233853 -0.628231
v -0.181209 1.317173 -0.722027
v -0.025449 1.133841 -0.412492
v -0.092380 1.317173 -0.748973
v -0.108632 1.418696 -0.830682
v -0.128314 1.654302 -0.929626
v -0.120708 1.534517 -0.891390
v -0.049974 1.171946 -0.535783
v -0.072573 1.233853 -0.649399
v -0.206256 1.171981 -0.133906
v -0.151832 1.159387 -0.132718
v 0.206256 1.171981 -0.133906
v 0.151832 1.159387 -0.132718
v 0.224681 1.179455 -0.134423
v 0.365503 1.418658 -0.701430
v 0.364981 1.369132 -0.649531
v 0.363747 1.534476 -0.782569
v 0.365571 1.289387 -0.528817
v 0.363809 1.251731 -0.435245
v 0.100727 1.149250 -0.133801
v 0.363810 1.251731 -0.133855
v 0.062109 1.143484 -0.134606
v 0.029727 1.140475 -0.135102
v 0.364910 1.317155 -0.582701
v -0.000000 1.139536 -0.135269
v 0.339577 1.233865 -0.134478
v -0.224681 1.179455 -0.134423
v -0.365503 1.418658 -0.701430
v -0.364981 1.369133 -0.649531
v -0.363747 1.534476 -0.782569
v -0.365571 1.289387 -0.528817
v -0.363809 1.251731 -0.435245
v -0.100727 1.149250 -0.133801
v -0.363810 1.251731 -0.133855
v -0.062109 1.143484 -0.134606
v -0.029727 1.140475 -0.135102
v -0.364910 1.317155 -0.582701
v -0.339577 1.233865 -0.134478
v 0.145146 1.139158 -0.313421
v 0.158929 1.143418 -0.316163
v 0.170968 1.295210 -0.697302
v 0.170968 1.256322 -0.697302
v -0.084807 1.140570 -0.411472
v -0.175845 1.144149 -0.485108
v -0.123661 1.171946 -0.507505
v -0.043883 1.131123 -0.505165
v 0.194089 1.221750 -0.575025
v 0.175845 1.144149 -0.485108
v -0.202258 1.208836 -0.615285
v 0.198767 1.233853 -0.598079
v -0.170968 1.295210 -0.697303
v 0.002521 1.122282 -0.297223
v -0.084807 1.109195 -0.411472
v 0.043883 1.162483 -0.505165
v -0.043108 1.171946 -0.536459
v 0.202258 1.208836 -0.615285
v 0.194089 1.187697 -0.575024
v -0.002521 1.092138 -0.297223
v -0.194089 1.221750 -0.575024
v -0.000000 1.121882 -0.293399
v 0.064329 1.177215 -0.607954
v 0.072465 1.199505 -0.648855
v -0.100851 1.137532 -0.385401
v -0.169554 1.166984 -0.454104
v -0.002521 1.122282 -0.297223
v -0.100851 1.106154 -0.385400
v -0.169554 1.135628 -0.454104
v -0.070814 1.104315 -0.400801
v 0.009860 1.123545 -0.308353
v 0.128556 1.180525 -0.594911
v 0.197778 1.317173 -0.713171
v 0.231009 1.317173 -0.695409
v 0.100851 1.137532 -0.385401
v 0.169554 1.166984 -0.454104
v 0.145146 1.107781 -0.313421
v 0.158929 1.112044 -0.316163
v -0.009860 1.123545 -0.308353
v -0.043108 1.144149 -0.548182
v 0.064329 1.211270 -0.607954
v -0.115444 1.105007 -0.361687
v -0.163933 1.122697 -0.394086
v 0.129821 1.136893 -0.338324
v 0.161186 1.147184 -0.351315
v -0.130621 1.233853 -0.631791
v -0.128556 1.180525 -0.594911
v -0.091382 1.166683 -0.505165
v -0.115444 1.136385 -0.361687
v -0.163933 1.154063 -0.394086
v 0.027859 1.208836 -0.670705
v 0.084807 1.140570 -0.411472
v -0.124380 1.144149 -0.520349
v -0.194089 1.187697 -0.575024
v -0.145146 1.107781 -0.313421
v -0.158929 1.112044 -0.316163
v 0.091382 1.166683 -0.505165
v -0.198766 1.233853 -0.598079
v -0.129821 1.105515 -0.338324
v -0.161186 1.115813 -0.351315
v 0.124380 1.144149 -0.520349
v -0.173220 1.171946 -0.472170
v -0.131589 1.208836 -0.649074
v -0.009860 1.093403 -0.308353
v 0.009860 1.093403 -0.308353
v 0.002521 1.092138 -0.297223
v 0.043883 1.131123 -0.505165
v -0.091382 1.135326 -0.505165
v -0.170968 1.256322 -0.697303
v 0.084807 1.109195 -0.411472
v 0.067450 1.133841 -0.395699
v 0.091382 1.135326 -0.505165
v -0.219269 1.295890 -0.725891
v -0.238824 1.295890 -0.715439
v -0.064329 1.211270 -0.607954
v -0.197778 1.317173 -0.713171
v -0.231009 1.317173 -0.695409
v 0.128556 1.214580 -0.594912
v 0.130621 1.233853 -0.631791
v -0.000000 1.217784 -0.684352
v 0.219269 1.295890 -0.725891
v 0.238825 1.295890 -0.715438
v -0.067450 1.133841 -0.395699
v 0.129821 1.105515 -0.338324
v 0.161186 1.115813 -0.351315
v -0.064329 1.177215 -0.607954
v -0.072465 1.199505 -0.648855
v -0.027859 1.208836 -0.670705
v 0.043107 1.171946 -0.536459
v 0.043107 1.144149 -0.548182
v 0.173220 1.171946 -0.472170
v 0.115444 1.105007 -0.361687
v 0.163933 1.122697 -0.394086
v -0.145146 1.139158 -0.313421
v -0.158929 1.143418 -0.316163
v -0.000000 1.091737 -0.293399
v -0.000000 1.256672 -0.684352
v -0.043883 1.162483 -0.505165
v -0.128556 1.214580 -0.594911
v 0.100851 1.106154 -0.385401
v 0.169554 1.135628 -0.454104
v 0.123661 1.171946 -0.507505
v 0.115444 1.136385 -0.361687
v 0.163933 1.154063 -0.394086
v -0.129821 1.136893 -0.338324
v -0.161186 1.147184 -0.351315
v 0.131589 1.208836 -0.649074
v 0.070814 1.104315 -0.400801
v -0.043108 1.131100 -0.505165
v 0.204978 1.219646 -0.628695
v 0.043107 1.198812 -0.586732
v -0.133032 1.229522 -0.674849
v -0.123530 1.171299 -0.505165
v -0.081448 1.141554 -0.416929
v -0.094457 1.231449 -0.638082
v -0.166969 1.163913 -0.441364
v 0.043107 1.131100 -0.505165
v 0.123530 1.139945 -0.505165
v 0.081448 1.110179 -0.416929
v 0.166969 1.132555 -0.441364
v 0.157467 1.142295 -0.293399
v -0.250000 1.333269 -0.744080
v -0.043107 1.198812 -0.586732
v -0.157467 1.110921 -0.293399
v 0.094457 1.231449 -0.638082
v 0.133032 1.229522 -0.674849
v -0.043107 1.162460 -0.505165
v -0.204978 1.219646 -0.628695
v 0.250000 1.333269 -0.744080
v 0.204978 1.258534 -0.628695
v -0.133032 1.268410 -0.674849
v 0.043107 1.164755 -0.586732
v 0.123530 1.171299 -0.505165
v 0.081448 1.141554 -0.416929
v 0.166969 1.163913 -0.441364
v 0.043107 1.162460 -0.505165
v -0.094457 1.197397 -0.638082
v -0.250000 1.380698 -0.744080
v -0.123530 1.139945 -0.505165
v -0.081448 1.110179 -0.416929
v -0.166969 1.132555 -0.441364
v -0.157467 1.142295 -0.293399
v 0.133032 1.268410 -0.674849
v 0.157467 1.110921 -0.293399
v -0.043107 1.164755 -0.586732
v -0.204978 1.258534 -0.628695
v 0.250000 1.380698 -0.744080
v 0.094457 1.197397 -0.638082
vt 0.654314 0.198978
vt 0.654325 0.174684
vt 0.659119 0.198497
vt 0.663716 0.197059
vt 0.667915 0.194737
vt 0.671549 0.191638
vt 0.674489 0.187890
vt 0.676616 0.183630
vt 0.699639 0.192118
vt 0.695608 0.200750
vt 0.701909 0.182898
vt 0.726770 0.186402
vt 0.723421 0.200101
vt 0.677858 0.179068
vt 0.678184 0.174381
vt 0.702352 0.173482
vt 0.725893 0.172204
vt 0.677591 0.169744
vt 0.679618 0.169281
vt 0.681967 0.172684
vt 0.676132 0.165343
vt 0.701040 0.164188
vt 0.682394 0.162533
vt 0.697864 0.155399
vt 0.725310 0.157878
vt 0.720147 0.144562
vt 0.693086 0.147509
vt 0.712569 0.132686
vt 0.673866 0.161325
vt 0.682767 0.155025
vt 0.670884 0.157827
vt 0.683638 0.144508
vt 0.683209 0.146742
vt 0.686995 0.140806
vt 0.703021 0.122831
vt 0.703469 0.093604
vt 0.718728 0.103099
vt 0.667298 0.154977
vt 0.684582 0.139032
vt 0.687981 0.121886
vt 0.656024 0.170532
vt 0.666427 0.154523
vt 0.785464 0.079990
vt 0.788310 0.080181
vt 0.785976 0.084599
vt 0.691890 0.115076
vt 0.689390 0.113943
vt 0.689972 0.110949
vt 0.699220 0.082475
vt 0.687437 0.087030
vt 0.694462 0.063740
vt 0.714202 0.070810
vt 0.701056 0.039469
vt 0.723820 0.046730
vt 0.707570 0.014000
vt 0.732719 0.021905
vt 0.670997 0.083209
vt 0.674508 0.059554
vt 0.677888 0.034925
vt 0.681403 0.008732
vt 0.748877 0.059195
vt 0.768833 0.062215
vt 0.767441 0.066836
vt 0.670049 0.136575
vt 0.663234 0.129257
vt 0.671833 0.131690
vt 0.813145 0.085924
vt 0.803213 0.081680
vt 0.814170 0.082853
vt 0.677251 0.103165
vt 0.667255 0.106321
vt 0.746857 0.057872
vt 0.769296 0.057417
vt 0.662090 0.137370
vt 0.661625 0.129115
vt 0.666676 0.109631
vt 0.659093 0.105612
vt 0.654347 0.102823
vt 0.654359 0.081967
vt 0.654371 0.058217
vt 0.654383 0.033435
vt 0.654396 0.006722
vt 0.649509 0.198493
vt 0.644913 0.197051
vt 0.640716 0.194726
vt 0.637085 0.191623
vt 0.634147 0.187873
vt 0.608990 0.192080
vt 0.613015 0.200717
vt 0.632023 0.183610
vt 0.630785 0.179047
vt 0.606727 0.182856
vt 0.585199 0.200044
vt 0.582749 0.172141
vt 0.581860 0.186340
vt 0.630464 0.174359
vt 0.606293 0.173439
vt 0.629034 0.169257
vt 0.631060 0.169723
vt 0.632523 0.165323
vt 0.607613 0.164144
vt 0.626263 0.162506
vt 0.626542 0.168669
vt 0.588520 0.144499
vt 0.583345 0.157813
vt 0.615583 0.147469
vt 0.610797 0.155357
vt 0.625897 0.154997
vt 0.634793 0.161306
vt 0.625464 0.146711
vt 0.625037 0.144475
vt 0.596109 0.132628
vt 0.621680 0.140769
vt 0.637778 0.157811
vt 0.605243 0.093555
vt 0.605666 0.122781
vt 0.589975 0.103036
vt 0.641364 0.154961
vt 0.624096 0.138996
vt 0.620706 0.121846
vt 0.767736 0.042064
vt 0.785976 0.030235
vt 0.785464 0.034844
vt 0.607706 0.039425
vt 0.594531 0.070753
vt 0.584935 0.046665
vt 0.601216 0.013951
vt 0.576060 0.021832
vt 0.616802 0.115034
vt 0.619304 0.113903
vt 0.618723 0.110909
vt 0.652628 0.170528
vt 0.609501 0.082431
vt 0.612104 0.090722
vt 0.746857 0.056962
vt 0.768833 0.052619
vt 0.748876 0.055639
vt 0.767441 0.047997
vt 0.614276 0.063701
vt 0.637722 0.083192
vt 0.621280 0.086996
vt 0.630877 0.034903
vt 0.627387 0.008707
vt 0.634233 0.059534
vt 0.645432 0.129227
vt 0.638634 0.136535
vt 0.636848 0.131654
vt 0.813145 0.028910
vt 0.814170 0.031981
vt 0.803213 0.033154
vt 0.631449 0.103139
vt 0.624685 0.097346
vt 0.647036 0.129083
vt 0.646610 0.137305
vt 0.641438 0.106305
vt 0.649598 0.105606
vt 0.642013 0.109613
vt 0.625053 0.202789
vt 0.683569 0.202812
vt 0.698558 0.202492
vt 0.694333 0.202499
vt 0.726698 0.092174
vt 0.728898 0.048876
vt 0.725373 0.141902
vt 0.725689 0.121788
vt 0.673767 0.202980
vt 0.728846 0.201906
vt 0.660066 0.203057
vt 0.666324 0.203045
vt 0.725866 0.109373
vt 0.654312 0.203057
vt 0.722670 0.201861
vt 0.610063 0.202456
vt 0.614289 0.202467
vt 0.582016 0.092104
vt 0.579856 0.048806
vt 0.581818 0.077319
vt 0.583295 0.141834
vt 0.582998 0.121718
vt 0.634857 0.202964
vt 0.579771 0.201845
vt 0.648558 0.203052
vt 0.642300 0.203036
vt 0.582833 0.109304
vt 0.585947 0.201805
vt 0.701395 0.722323
vt 0.696285 0.722277
vt 0.699752 0.696947
vt 0.691290 0.721165
vt 0.686662 0.719042
vt 0.682616 0.716030
vt 0.679301 0.712276
vt 0.676870 0.707905
vt 0.652407 0.716830
vt 0.656718 0.726364
vt 0.650159 0.706740
vt 0.625675 0.724602
vt 0.675417 0.703239
vt 0.674964 0.698501
vt 0.650163 0.696507
vt 0.623960 0.693155
vt 0.622555 0.709024
vt 0.675530 0.693896
vt 0.669814 0.696438
vt 0.676911 0.689828
vt 0.652234 0.686431
vt 0.670097 0.685890
vt 0.669870 0.692294
vt 0.634069 0.663431
vt 0.626692 0.677269
vt 0.662824 0.668888
vt 0.656550 0.677124
vt 0.678956 0.686436
vt 0.671141 0.677673
vt 0.681498 0.683730
vt 0.673029 0.666680
vt 0.672493 0.664124
vt 0.643458 0.651838
vt 0.670225 0.661691
vt 0.640366 0.622186
vt 0.665521 0.635858
vt 0.654081 0.642774
vt 0.684360 0.681579
vt 0.671793 0.660566
vt 0.667610 0.639977
vt 0.697306 0.693191
vt 0.759935 0.339895
vt 0.761277 0.343298
vt 0.744565 0.351119
vt 0.667016 0.635278
vt 0.666072 0.628270
vt 0.647259 0.592332
vt 0.666048 0.587071
vt 0.658570 0.598238
vt 0.661481 0.564286
vt 0.640092 0.569442
vt 0.657337 0.541578
vt 0.633861 0.547081
vt 0.686883 0.606567
vt 0.671296 0.609319
vt 0.682992 0.561521
vt 0.681392 0.538486
vt 0.743530 0.361295
vt 0.724672 0.364099
vt 0.742201 0.356883
vt 0.692732 0.650437
vt 0.685652 0.655463
vt 0.684653 0.652587
vt 0.785951 0.338609
vt 0.786651 0.340701
vt 0.779187 0.341508
vt 0.679244 0.621263
vt 0.672823 0.615110
vt 0.743972 0.365875
vt 0.722654 0.365421
vt 0.693918 0.650349
vt 0.693568 0.656143
vt 0.777179 0.358089
vt 0.781626 0.354268
vt 0.791196 0.365875
vt 0.701797 0.621956
vt 0.689465 0.628537
vt 0.684757 0.584360
vt 0.702393 0.606107
vt 0.704524 0.561409
vt 0.705822 0.538233
vt 0.706374 0.721341
vt 0.711000 0.719387
vt 0.715092 0.716583
vt 0.718512 0.713070
vt 0.721161 0.708997
vt 0.746535 0.711169
vt 0.743356 0.720030
vt 0.722966 0.704524
vt 0.723884 0.699831
vt 0.748025 0.701955
vt 0.770339 0.716878
vt 0.772387 0.703262
vt 0.770753 0.689771
vt 0.723903 0.695083
vt 0.747777 0.692721
vt 0.728926 0.692955
vt 0.723034 0.690434
vt 0.721341 0.686029
vt 0.745886 0.683799
vt 0.728853 0.682343
vt 0.742409 0.675498
vt 0.763023 0.664368
vt 0.768633 0.676446
vt 0.755578 0.653717
vt 0.729009 0.674597
vt 0.737594 0.668104
vt 0.718879 0.681995
vt 0.729768 0.663953
vt 0.729343 0.666207
vt 0.731713 0.661794
vt 0.746582 0.644813
vt 0.715742 0.678448
vt 0.747197 0.618100
vt 0.760890 0.626795
vt 0.712062 0.675464
vt 0.730307 0.660763
vt 0.734148 0.641466
vt 0.759935 0.391856
vt 0.744564 0.380631
vt 0.761276 0.388453
vt 0.757389 0.597661
vt 0.746623 0.568910
vt 0.766859 0.576308
vt 0.753248 0.547157
vt 0.775490 0.555257
vt 0.736335 0.637690
vt 0.734955 0.637051
vt 0.736319 0.630440
vt 0.701187 0.692411
vt 0.711176 0.675004
vt 0.745942 0.602234
vt 0.739774 0.590678
vt 0.722654 0.366330
vt 0.743530 0.370456
vt 0.724672 0.367652
vt 0.742201 0.374868
vt 0.717690 0.607835
vt 0.721746 0.586176
vt 0.725828 0.563852
vt 0.729986 0.541318
vt 0.703361 0.584120
vt 0.716261 0.655955
vt 0.709365 0.650692
vt 0.717382 0.653116
vt 0.785951 0.393142
vt 0.779187 0.390242
vt 0.786651 0.391049
vt 0.724078 0.622774
vt 0.713589 0.629224
vt 0.708329 0.656477
vt 0.708180 0.650556
vt 0.777179 0.373662
vt 0.767600 0.365875
vt 0.731873 0.723346
vt 0.669868 0.728668
vt 0.653805 0.728075
vt 0.658043 0.728190
vt 0.655690 0.614529
vt 0.633864 0.611088
vt 0.635555 0.570982
vt 0.634812 0.597456
vt 0.629118 0.660119
vt 0.631428 0.639294
vt 0.680886 0.728206
vt 0.619831 0.726267
vt 0.695745 0.726888
vt 0.689058 0.727567
vt 0.632870 0.627512
vt 0.701770 0.726270
vt 0.626332 0.726357
vt 0.746083 0.721305
vt 0.742345 0.721779
vt 0.768127 0.617039
vt 0.771085 0.578316
vt 0.767460 0.661814
vt 0.767408 0.643417
vt 0.721856 0.724352
vt 0.775490 0.718079
vt 0.707740 0.725693
vt 0.714203 0.725091
vt 0.767293 0.632446
vt 0.769840 0.718437
vt 0.606191 0.664904
vt 0.600911 0.649247
vt 0.606387 0.649195
vt 0.460069 0.636712
vt 0.465518 0.618609
vt 0.465258 0.636804
vt 0.606013 0.619695
vt 0.600767 0.604802
vt 0.606268 0.604749
vt 0.510987 0.540133
vt 0.521559 0.544443
vt 0.511855 0.545775
vt 0.567621 0.544637
vt 0.574884 0.552473
vt 0.566080 0.549516
vt 0.557025 0.743572
vt 0.533008 0.739931
vt 0.556362 0.738386
vt 0.546128 0.539233
vt 0.540078 0.543927
vt 0.540526 0.538551
vt 0.467260 0.558971
vt 0.467416 0.577187
vt 0.461679 0.575904
vt 0.580524 0.549896
vt 0.577072 0.547882
vt 0.605842 0.591227
vt 0.599436 0.578725
vt 0.604544 0.577684
vt 0.528508 0.538306
vt 0.534715 0.543703
vt 0.528768 0.543840
vt 0.600742 0.678329
vt 0.600838 0.664893
vt 0.593440 0.563600
vt 0.578205 0.554179
vt 0.520975 0.538860
vt 0.605469 0.705834
vt 0.606387 0.678410
vt 0.599888 0.563868
vt 0.596316 0.560215
vt 0.465179 0.647821
vt 0.459780 0.647766
vt 0.598651 0.726152
vt 0.599773 0.705403
vt 0.509140 0.743023
vt 0.532943 0.745068
vt 0.459855 0.663155
vt 0.465087 0.663206
vt 0.600564 0.591538
vt 0.460186 0.618652
vt 0.465491 0.603790
vt 0.534804 0.538233
vt 0.606015 0.637959
vt 0.600650 0.619617
vt 0.501389 0.547636
vt 0.499871 0.542010
vt 0.460394 0.590149
vt 0.465826 0.590524
vt 0.557573 0.547038
vt 0.558901 0.542043
vt 0.495603 0.543514
vt 0.497738 0.548944
vt 0.475831 0.558873
vt 0.472360 0.554115
vt 0.596125 0.566219
vt 0.486495 0.736915
vt 0.470442 0.721780
vt 0.488395 0.732370
vt 0.464920 0.676244
vt 0.459499 0.676326
vt 0.581357 0.738817
vt 0.602383 0.729405
vt 0.510010 0.738040
vt 0.472006 0.562319
vt 0.552067 0.540347
vt 0.545353 0.544503
vt 0.460885 0.702554
vt 0.466240 0.701732
vt 0.550990 0.545487
vt 0.466876 0.725131
vt 0.600735 0.638052
vt 0.579730 0.733614
vt 0.459976 0.603727
vt 0.785178 0.049630
vt 0.699932 0.694820
vt 0.788310 0.034653
vt 0.799939 0.021177
vt 0.633055 0.133474
vt 0.632320 0.119287
vt 0.726765 0.395253
vt 0.730479 0.389656
vt 0.733165 0.395479
vt 0.723078 0.685175
vt 0.821190 0.057417
vt 0.818255 0.062426
vt 0.818656 0.057417
vt 0.654761 0.172467
vt 0.825535 0.091237
vt 0.811094 0.096372
vt 0.692977 0.089261
vt 0.684021 0.097377
vt 0.694075 0.640710
vt 0.690584 0.636512
vt 0.726765 0.336498
vt 0.730479 0.342095
vt 0.726123 0.339073
vt 0.675360 0.689066
vt 0.672384 0.693075
vt 0.761715 0.343268
vt 0.775911 0.329530
vt 0.680306 0.654668
vt 0.679528 0.637915
vt 0.820076 0.031145
vt 0.825535 0.023597
vt 0.653890 0.172467
vt 0.654326 0.173133
vt 0.721750 0.655282
vt 0.714358 0.672074
vt 0.717217 0.631129
vt 0.723265 0.631961
vt 0.790149 0.378932
vt 0.788159 0.382931
vt 0.781626 0.377483
vt 0.699562 0.695570
vt 0.782090 0.025276
vt 0.741001 0.395864
vt 0.734602 0.386898
vt 0.738836 0.384171
vt 0.720177 0.681036
vt 0.717345 0.676765
vt 0.793998 0.057417
vt 0.785178 0.065203
vt 0.675627 0.133511
vt 0.668856 0.152548
vt 0.765176 0.087406
vt 0.758773 0.078435
vt 0.763010 0.075706
vt 0.674203 0.161090
vt 0.671639 0.157045
vt 0.722638 0.336577
vt 0.740530 0.353715
vt 0.699014 0.694969
vt 0.818255 0.052408
vt 0.760995 0.373972
vt 0.831179 0.010184
vt 0.839201 0.006722
vt 0.833037 0.013729
vt 0.708425 0.641022
vt 0.750290 0.030617
vt 0.746803 0.028119
vt 0.750932 0.028040
vt 0.752101 0.396853
vt 0.743560 0.381236
vt 0.685674 0.630255
vt 0.788159 0.348820
vt 0.790149 0.352819
vt 0.799939 0.093657
vt 0.782090 0.089558
vt 0.757335 0.087021
vt 0.740530 0.378036
vt 0.743560 0.350515
vt 0.752101 0.334898
vt 0.680296 0.682375
vt 0.820076 0.083689
vt 0.760994 0.373655
vt 0.761715 0.388482
vt 0.775911 0.402221
vt 0.722833 0.638910
vt 0.811094 0.018462
vt 0.615738 0.089222
vt 0.797662 0.365875
vt 0.785179 0.065499
vt 0.833037 0.101105
vt 0.839201 0.108112
vt 0.831179 0.104650
vt 0.801969 0.331737
vt 0.787511 0.326589
vt 0.668183 0.610344
vt 0.796509 0.392460
vt 0.754648 0.033640
vt 0.631870 0.165033
vt 0.801185 0.065205
vt 0.661673 0.121664
vt 0.682575 0.679277
vt 0.684994 0.681127
vt 0.749733 0.335366
vt 0.738836 0.347580
vt 0.677899 0.685618
vt 0.750932 0.086794
vt 0.754648 0.081194
vt 0.676785 0.165054
vt 0.676366 0.119318
vt 0.760994 0.358095
vt 0.638234 0.111395
vt 0.643394 0.117501
vt 0.805619 0.045812
vt 0.812123 0.040357
vt 0.814008 0.044361
vt 0.806141 0.405496
vt 0.816635 0.417414
vt 0.802982 0.411530
vt 0.639808 0.152539
vt 0.642234 0.154508
vt 0.773912 0.026906
vt 0.776282 0.026438
vt 0.763010 0.039128
vt 0.634456 0.161071
vt 0.722638 0.395173
vt 0.726123 0.392677
vt 0.755486 0.397528
vt 0.796509 0.339291
vt 0.755486 0.334222
vt 0.733165 0.336272
vt 0.734602 0.344852
vt 0.746803 0.086715
vt 0.750290 0.084217
vt 0.765672 0.070192
vt 0.801185 0.049629
vt 0.646998 0.121641
vt 0.785179 0.049335
vt 0.785299 0.040710
vt 0.801969 0.400013
vt 0.787511 0.405162
vt 0.735596 0.613041
vt 0.730748 0.617277
vt 0.732678 0.611787
vt 0.637023 0.157029
vt 0.757335 0.027813
vt 0.758773 0.036398
vt 0.765672 0.044642
vt 0.760995 0.357779
vt 0.761113 0.349160
vt 0.802982 0.320221
vt 0.816635 0.314337
vt 0.806141 0.326255
vt 0.776282 0.088396
vt 0.767736 0.072770
vt 0.670455 0.111417
vt 0.814008 0.070473
vt 0.812123 0.074477
vt 0.805619 0.069022
vt 0.682110 0.168695
vt 0.768739 0.072166
vt 0.785299 0.074124
vt 0.696610 0.090765
vt 0.676835 0.108833
vt 0.746163 0.057417
vt 0.661917 0.137385
vt 0.626682 0.172659
vt 0.768739 0.042668
vt 0.631859 0.108806
vt 0.646782 0.137319
vt 0.726910 0.077388
vt 0.661907 0.612448
vt 0.679467 0.630743
vt 0.721960 0.365875
vt 0.693725 0.656147
vt 0.766896 0.358109
vt 0.726270 0.689516
vt 0.728846 0.688779
vt 0.761113 0.382590
vt 0.741456 0.615592
vt 0.708160 0.656484
vt 0.766896 0.373642
vt 0.768749 0.603951
vt 0.793294 0.049647
vt 0.808048 0.019270
vt 0.808048 0.095564
vt 0.780555 0.328437
vt 0.721736 0.655690
vt 0.713779 0.671084
vt 0.712059 0.637011
vt 0.749733 0.396385
vt 0.793294 0.065187
vt 0.675548 0.136192
vt 0.668278 0.151593
vt 0.773912 0.087928
vt 0.780555 0.403314
vt 0.665285 0.117523
vt 0.683090 0.678717
vt 0.680327 0.655075
vt 0.741002 0.335887
vt 0.640384 0.151586
vt 0.633134 0.136155
vt 0.765176 0.027428
vn 0.0000 -0.9796 0.2010
vn 0.0000 -1.0000 -0.0000
vn 0.0392 -0.9796 0.1971
vn 0.0769 -0.9796 0.1857
vn 0.1117 -0.9796 0.1671
vn 0.1421 -0.9796 0.1421
vn 0.1671 -0.9796 0.1117
vn 0.1857 -0.9796 0.0769
vn 0.3584 -0.9217 0.1484
vn 0.3225 -0.9217 0.2155
vn 0.3804 -0.9217 0.0757
vn 0.4801 -0.8710 0.1045
vn 0.5172 -0.8286 0.2142
vn 0.1971 -0.9796 0.0392
vn 0.2010 -0.9796 0.0000
vn 0.3879 -0.9217 0.0000
vn 0.4714 -0.8819 -0.0000
vn 0.1971 -0.9796 -0.0392
vn 0.2847 -0.9569 -0.0566
vn 0.2902 -0.9565 -0.0286
vn 0.1857 -0.9796 -0.0769
vn 0.3804 -0.9217 -0.0757
vn 0.2682 -0.9569 -0.1111
vn 0.3584 -0.9217 -0.1484
vn 0.4801 -0.8710 -0.1045
vn 0.5172 -0.8286 -0.2142
vn 0.3225 -0.9217 -0.2155
vn 0.4654 -0.8286 -0.3110
vn 0.1671 -0.9796 -0.1117
vn 0.2414 -0.9569 -0.1613
vn 0.1421 -0.9796 -0.1421
vn 0.2053 -0.9569 -0.2053
vn 0.2254 -0.9565 -0.1850
vn 0.2743 -0.9217 -0.2743
vn 0.3958 -0.8286 -0.3958
vn 0.3945 -0.7041 -0.5905
vn 0.5021 -0.7041 -0.5021
vn 0.1117 -0.9796 -0.1671
vn 0.2438 -0.9232 -0.2970
vn 0.2619 -0.8819 -0.3920
vn 0.0375 -0.9952 -0.0906
vn 0.0924 -0.9806 -0.1728
vn 0.1374 -0.9565 -0.2571
vn 0.1811 -0.9232 -0.3389
vn 0.2155 -0.9217 -0.3225
vn 0.3110 -0.8286 -0.4654
vn 0.2628 -0.8303 -0.4916
vn 0.2999 -0.7715 -0.5611
vn 0.3651 -0.6326 -0.6831
vn 0.2718 -0.7041 -0.6561
vn 0.3189 -0.5528 -0.7699
vn 0.4630 -0.5528 -0.6929
vn 0.3539 -0.3805 -0.8544
vn 0.5138 -0.3805 -0.7689
vn 0.3662 -0.2903 -0.8841
vn 0.4704 -0.2895 -0.8336
vn 0.1385 -0.7041 -0.6965
vn 0.1626 -0.5528 -0.8173
vn 0.1804 -0.3805 -0.9070
vn 0.1867 -0.2903 -0.9386
vn 0.0392 -0.9796 -0.1971
vn 0.0769 -0.9796 -0.1857
vn 0.1111 -0.9569 -0.2682
vn 0.0757 -0.9217 -0.3804
vn 0.1484 -0.9217 -0.3584
vn 0.2142 -0.8286 -0.5172
vn 0.1804 -0.8819 -0.4355
vn 0.1618 -0.8303 -0.5334
vn 0.1847 -0.7715 -0.6088
vn 0.1092 -0.8286 -0.5490
vn 0.0191 -0.9952 -0.0961
vn 0.0000 -0.9796 -0.2010
vn 0.0567 -0.9569 -0.2847
vn 0.0377 -0.9232 -0.3824
vn 0.0920 -0.8819 -0.4623
vn 0.0546 -0.8303 -0.5547
vn -0.0000 -0.7730 -0.6344
vn 0.0000 -0.7041 -0.7101
vn 0.0000 -0.5528 -0.8333
vn -0.0000 -0.3805 -0.9248
vn 0.0000 -0.2903 -0.9569
vn -0.0392 -0.9796 0.1971
vn -0.0769 -0.9796 0.1857
vn -0.1117 -0.9796 0.1671
vn -0.1421 -0.9796 0.1421
vn -0.1671 -0.9796 0.1117
vn -0.3584 -0.9217 0.1484
vn -0.3225 -0.9217 0.2155
vn -0.1857 -0.9796 0.0769
vn -0.1971 -0.9796 0.0392
vn -0.3804 -0.9217 0.0757
vn -0.5172 -0.8286 0.2142
vn -0.4714 -0.8819 0.0000
vn -0.4801 -0.8710 0.1045
vn -0.2010 -0.9796 -0.0000
vn -0.3879 -0.9217 0.0000
vn -0.2847 -0.9569 -0.0566
vn -0.1971 -0.9796 -0.0392
vn -0.1857 -0.9796 -0.0769
vn -0.3804 -0.9217 -0.0757
vn -0.2682 -0.9569 -0.1111
vn -0.5172 -0.8286 -0.2142
vn -0.4801 -0.8710 -0.1045
vn -0.3225 -0.9217 -0.2155
vn -0.3584 -0.9217 -0.1484
vn -0.2414 -0.9569 -0.1613
vn -0.1671 -0.9796 -0.1116
vn -0.2254 -0.9565 -0.1850
vn -0.2053 -0.9569 -0.2053
vn -0.4654 -0.8286 -0.3110
vn -0.2743 -0.9217 -0.2743
vn -0.1421 -0.9796 -0.1421
vn -0.3945 -0.7041 -0.5905
vn -0.3958 -0.8286 -0.3958
vn -0.5021 -0.7041 -0.5021
vn -0.1117 -0.9796 -0.1671
vn -0.2438 -0.9232 -0.2970
vn -0.2619 -0.8819 -0.3920
vn -0.1613 -0.9569 -0.2414
vn -0.2155 -0.9217 -0.3225
vn -0.1374 -0.9566 -0.2571
vn -0.3539 -0.3805 -0.8544
vn -0.4630 -0.5528 -0.6929
vn -0.5138 -0.3805 -0.7689
vn -0.3662 -0.2903 -0.8841
vn -0.4704 -0.2895 -0.8336
vn -0.3110 -0.8286 -0.4654
vn -0.2628 -0.8303 -0.4916
vn -0.2999 -0.7715 -0.5611
vn -0.0375 -0.9952 -0.0906
vn -0.3651 -0.6326 -0.6831
vn -0.3341 -0.7054 -0.6251
vn -0.0191 -0.9952 -0.0961
vn -0.0392 -0.9796 -0.1971
vn -0.0769 -0.9796 -0.1857
vn -0.3189 -0.5528 -0.7699
vn -0.1385 -0.7041 -0.6965
vn -0.2718 -0.7041 -0.6561
vn -0.1804 -0.3805 -0.9070
vn -0.1867 -0.2903 -0.9386
vn -0.1626 -0.5528 -0.8173
vn -0.0757 -0.9217 -0.3804
vn -0.1111 -0.9569 -0.2682
vn -0.1484 -0.9217 -0.3584
vn -0.2142 -0.8286 -0.5172
vn -0.1618 -0.8303 -0.5334
vn -0.1804 -0.8819 -0.4355
vn -0.1847 -0.7715 -0.6088
vn -0.2428 -0.7730 -0.5861
vn -0.0377 -0.9232 -0.3824
vn -0.0566 -0.9569 -0.2847
vn -0.1092 -0.8286 -0.5490
vn -0.0546 -0.8303 -0.5547
vn -0.0920 -0.8819 -0.4623
vn -0.2156 -0.9568 0.1949
vn 0.2156 -0.9568 0.1949
vn 0.4087 -0.8815 0.2364
vn 0.2682 -0.9379 0.2201
vn 0.5122 -0.6337 -0.5797
vn 0.5821 -0.3977 -0.7092
vn 0.5787 -0.7729 -0.2603
vn 0.5119 -0.7727 -0.3754
vn 0.1705 -0.9569 0.2352
vn 0.5991 -0.7725 0.2103
vn 0.0603 -0.9569 0.2840
vn 0.1179 -0.9569 0.2653
vn 0.5240 -0.7352 -0.4300
vn 0.0000 -0.9569 0.2903
vn 0.4726 -0.8443 0.2526
vn -0.4087 -0.8815 0.2364
vn -0.2682 -0.9379 0.2201
vn -0.5122 -0.6337 -0.5797
vn -0.5821 -0.3977 -0.7092
vn -0.5191 -0.5749 -0.6325
vn -0.5787 -0.7729 -0.2603
vn -0.5119 -0.7727 -0.3754
vn -0.1705 -0.9569 0.2352
vn -0.5991 -0.7725 0.2103
vn -0.0603 -0.9569 0.2840
vn -0.1179 -0.9569 0.2653
vn -0.5240 -0.7352 -0.4300
vn -0.4726 -0.8443 0.2526
vn -0.0000 0.9797 -0.2005
vn -0.0391 0.9797 -0.1967
vn 0.0000 1.0000 0.0000
vn -0.0768 0.9797 -0.1853
vn -0.1115 0.9796 -0.1669
vn -0.1420 0.9796 -0.1420
vn -0.1670 0.9796 -0.1116
vn -0.1855 0.9796 -0.0768
vn -0.3582 0.9218 -0.1484
vn -0.3222 0.9219 -0.2151
vn -0.3803 0.9218 -0.0757
vn -0.5170 0.8288 -0.2142
vn -0.1969 0.9796 -0.0392
vn -0.2008 0.9796 0.0000
vn -0.3878 0.9218 -0.0000
vn -0.4713 0.8820 0.0000
vn -0.4793 0.8716 -0.1032
vn -0.1969 0.9796 0.0392
vn -0.2900 0.9566 0.0286
vn -0.1855 0.9796 0.0768
vn -0.3803 0.9218 0.0757
vn -0.2680 0.9570 0.1110
vn -0.2845 0.9570 0.0566
vn -0.5170 0.8287 0.2142
vn -0.4793 0.8716 0.1032
vn -0.3224 0.9218 0.2154
vn -0.3582 0.9218 0.1484
vn -0.1670 0.9796 0.1116
vn -0.2412 0.9570 0.1612
vn -0.1420 0.9796 0.1420
vn -0.2252 0.9566 0.1849
vn -0.2051 0.9570 0.2051
vn -0.4654 0.8287 0.3110
vn -0.2742 0.9218 0.2742
vn -0.5022 0.7040 0.5022
vn -0.3110 0.8287 0.4654
vn -0.3958 0.8287 0.3958
vn -0.1116 0.9796 0.1670
vn -0.2437 0.9233 0.2969
vn -0.2619 0.8820 0.3919
vn -0.0375 0.9952 0.0904
vn -0.2154 0.9218 0.3224
vn -0.1374 0.9566 0.2570
vn -0.2627 0.8303 0.4915
vn -0.2999 0.7715 0.5611
vn -0.4630 0.5527 0.6929
vn -0.3189 0.5527 0.7699
vn -0.3651 0.6325 0.6831
vn -0.3524 0.3900 0.8507
vn -0.5116 0.3899 0.7657
vn -0.3639 0.3095 0.8785
vn -0.4672 0.3087 0.8285
vn -0.1385 0.7040 0.6965
vn -0.2718 0.7040 0.6561
vn -0.1796 0.3900 0.9031
vn -0.1855 0.3095 0.9326
vn -0.0392 0.9796 0.1969
vn -0.0768 0.9796 0.1855
vn -0.0756 0.9218 0.3803
vn -0.1110 0.9570 0.2680
vn -0.1484 0.9218 0.3582
vn -0.2142 0.8287 0.5171
vn -0.1618 0.8303 0.5334
vn -0.1804 0.8820 0.4354
vn -0.1847 0.7715 0.6088
vn -0.2428 0.7730 0.5861
vn 0.0000 0.9796 0.2008
vn -0.0191 0.9952 0.0960
vn -0.0376 0.9233 0.3823
vn -0.0566 0.9570 0.2845
vn -0.0464 0.8810 0.4708
vn -0.0920 0.8820 0.4623
vn 0.0000 0.8287 0.5597
vn 0.0000 0.7730 0.6344
vn -0.1092 0.8287 0.5490
vn -0.1626 0.5527 0.8174
vn -0.0000 0.7040 0.7102
vn 0.0000 0.3900 0.9208
vn -0.0000 0.3095 0.9509
vn 0.0391 0.9797 -0.1967
vn 0.0768 0.9797 -0.1853
vn 0.1115 0.9797 -0.1669
vn 0.1420 0.9796 -0.1420
vn 0.1670 0.9796 -0.1116
vn 0.3582 0.9218 -0.1484
vn 0.3222 0.9219 -0.2151
vn 0.1855 0.9796 -0.0768
vn 0.1969 0.9796 -0.0392
vn 0.3803 0.9218 -0.0757
vn 0.5170 0.8288 -0.2142
vn 0.4793 0.8716 -0.1032
vn 0.4713 0.8820 -0.0000
vn 0.2008 0.9796 -0.0000
vn 0.3878 0.9218 -0.0000
vn 0.2900 0.9566 0.0286
vn 0.1969 0.9796 0.0392
vn 0.1855 0.9796 0.0768
vn 0.3803 0.9218 0.0757
vn 0.2680 0.9570 0.1110
vn 0.3582 0.9218 0.1484
vn 0.5170 0.8287 0.2142
vn 0.4793 0.8716 0.1032
vn 0.4654 0.8287 0.3110
vn 0.2412 0.9570 0.1612
vn 0.3224 0.9218 0.2154
vn 0.1670 0.9796 0.1116
vn 0.2051 0.9570 0.2051
vn 0.2252 0.9566 0.1848
vn 0.2742 0.9218 0.2742
vn 0.3958 0.8287 0.3958
vn 0.1420 0.9796 0.1420
vn 0.3945 0.7040 0.5905
vn 0.5022 0.7040 0.5022
vn 0.1116 0.9796 0.1670
vn 0.2437 0.9233 0.2969
vn 0.2619 0.8820 0.3919
vn 0.2154 0.9218 0.3224
vn 0.1374 0.9566 0.2570
vn 0.4630 0.5527 0.6929
vn 0.3524 0.3900 0.8507
vn 0.5116 0.3899 0.7657
vn 0.3639 0.3095 0.8785
vn 0.4672 0.3087 0.8285
vn 0.3110 0.8287 0.4654
vn 0.2627 0.8303 0.4915
vn 0.2999 0.7715 0.5611
vn 0.0375 0.9952 0.0904
vn 0.0923 0.9806 0.1727
vn 0.3651 0.6325 0.6831
vn 0.3189 0.5527 0.7699
vn 0.0191 0.9952 0.0960
vn 0.0392 0.9796 0.1969
vn 0.0768 0.9796 0.1855
vn 0.1385 0.7040 0.6965
vn 0.1626 0.5527 0.8174
vn 0.1796 0.3900 0.9031
vn 0.1855 0.3095 0.9326
vn 0.0000 0.5527 0.8334
vn 0.1110 0.9570 0.2680
vn 0.0756 0.9218 0.3803
vn 0.1484 0.9218 0.3582
vn 0.2142 0.8287 0.5171
vn 0.1804 0.8820 0.4354
vn 0.1618 0.8303 0.5334
vn 0.1847 0.7715 0.6088
vn 0.1092 0.8287 0.5490
vn 0.0566 0.9570 0.2845
vn 0.0376 0.9233 0.3823
vn 0.0464 0.8810 0.4708
vn 0.0000 0.9218 0.3878
vn 0.2156 0.9569 -0.1946
vn -0.2156 0.9569 -0.1946
vn -0.4082 0.8817 -0.2366
vn -0.2674 0.9382 -0.2199
vn -0.3945 0.7040 0.5905
vn -0.5121 0.6336 0.5798
vn -0.5799 0.4055 0.7066
vn -0.5189 0.5752 0.6323
vn -0.5787 0.7729 0.2602
vn -0.5116 0.7727 0.3758
vn -0.1708 0.9570 -0.2347
vn -0.5997 0.7725 -0.2087
vn -0.0604 0.9571 -0.2833
vn -0.1182 0.9570 -0.2648
vn -0.5239 0.7353 0.4300
vn -0.0000 0.9572 -0.2895
vn -0.4733 0.8438 -0.2530
vn 0.4082 0.8817 -0.2366
vn 0.2674 0.9382 -0.2199
vn 0.5121 0.6336 0.5798
vn 0.5799 0.4055 0.7066
vn 0.5787 0.7729 0.2602
vn 0.5116 0.7727 0.3758
vn 0.1708 0.9570 -0.2347
vn 0.5997 0.7725 -0.2087
vn 0.0604 0.9571 -0.2833
vn 0.1182 0.9570 -0.2648
vn 0.5239 0.7353 0.4300
vn 0.4733 0.8438 -0.2530
vn 0.8386 0.4112 0.3573
vn 0.8387 0.4588 0.2934
vn 0.8365 0.4610 0.2961
vn -0.8441 0.4866 0.2255
vn -0.8139 0.5570 0.1649
vn -0.8496 0.4785 0.2221
vn 0.8139 0.5568 0.1662
vn 0.8434 0.5324 0.0722
vn 0.8413 0.5350 0.0774
vn 0.0453 0.2127 0.9761
vn 0.0529 0.2298 0.9718
vn 0.0429 0.2007 0.9787
vn -0.0453 0.2127 0.9761
vn -0.0651 0.2349 0.9698
vn -0.0429 0.2007 0.9787
vn -0.0183 0.2855 0.9582
vn 0.0000 0.2874 0.9578
vn -0.0000 0.2903 0.9569
vn -0.8163 0.5652 -0.1193
vn -0.8434 0.5324 -0.0722
vn -0.8413 0.5350 -0.0774
vn -0.0994 0.2366 0.9665
vn -0.0749 0.2320 0.9698
vn 0.8720 0.4895 -0.0000
vn 0.8434 0.5324 -0.0722
vn 0.8413 0.5350 -0.0774
vn 0.0354 0.2698 0.9623
vn 0.0230 0.2799 0.9598
vn 0.0423 0.2594 0.9648
vn 0.8454 0.3471 0.4061
vn 0.8374 0.4118 0.3595
vn -0.1352 0.2189 0.9663
vn -0.0936 0.2450 0.9650
vn 0.0470 0.2425 0.9690
vn 0.8131 0.2775 0.5117
vn 0.8491 0.3435 0.4013
vn -0.1576 0.1983 0.9674
vn -0.1341 0.2260 0.9649
vn -0.8387 0.4588 0.2934
vn -0.8365 0.4610 0.2961
vn 0.8120 0.2121 0.5437
vn 0.8099 0.2809 0.5149
vn -0.8386 0.4112 0.3573
vn -0.8374 0.4118 0.3595
vn 0.8819 0.4714 -0.0000
vn -0.8139 0.5568 0.1662
vn -0.8434 0.5324 0.0722
vn 0.0183 0.2855 0.9582
vn 0.8440 0.4866 0.2255
vn 0.8139 0.5570 0.1649
vn 0.0651 0.2349 0.9698
vn 0.0749 0.2320 0.9698
vn -0.8720 0.4895 -0.0000
vn -0.8819 0.4714 -0.0000
vn -0.0529 0.2298 0.9718
vn -0.0470 0.2425 0.9690
vn 0.0994 0.2366 0.9665
vn 0.0936 0.2450 0.9650
vn 0.1352 0.2189 0.9663
vn 0.1341 0.2260 0.9649
vn 0.8163 0.5652 -0.1193
vn 0.8087 0.5764 -0.1171
vn -0.8454 0.3471 0.4061
vn -0.8491 0.3435 0.4013
vn 0.1576 0.1983 0.9674
vn 0.1601 0.1833 0.9699
vn -0.0354 0.2698 0.9623
vn -0.0230 0.2799 0.9598
vn -0.8131 0.2775 0.5117
vn -0.8099 0.2809 0.5149
vn -0.0423 0.2594 0.9648
vn -0.8120 0.2121 0.5437
vn -0.8126 0.2120 0.5429
vn 0.8496 0.4785 0.2221
vn -0.8413 0.5350 0.0774
vn -0.0286 -0.9565 -0.2902
vn -0.1811 -0.9232 -0.3389
vn 0.2845 0.9570 0.0566
vn 0.0000 -0.8286 -0.5598
vn 0.2428 -0.7730 -0.5861
vn 0.3341 -0.7054 -0.6251
vn -0.1811 0.9233 0.3388
vn 0.0000 -0.9952 -0.0980
vn 0.1811 0.9233 0.3388
vn 0.1612 0.9570 0.2412
vn 0.1373 0.8810 0.4527
vn 0.0920 0.8820 0.4623
vn -0.0000 0.9952 0.0979
vn -0.0000 -0.9217 -0.3879
vn 0.0286 -0.9565 -0.2902
vn 0.1613 -0.9569 -0.2414
vn -0.0923 0.9806 0.1727
vn -0.2902 -0.9565 -0.0286
vn -0.1373 0.8810 0.4527
vn -0.1612 0.9570 0.2412
vn 0.0286 0.9566 0.2900
vn -0.3341 0.7054 0.6251
vn 0.0464 -0.8810 -0.4709
vn -0.0286 0.9566 0.2900
vn -0.1374 -0.8810 -0.4528
vn 0.3341 0.7054 0.6251
vn -0.0924 -0.9806 -0.1728
vn -0.0464 -0.8810 -0.4709
vn 0.2428 0.7730 0.5861
vn 0.2718 0.7040 0.6561
vn 0.1374 -0.8810 -0.4528
vn -0.1374 -0.9565 -0.2571
vn 0.5191 -0.5749 -0.6325
vn 0.5189 0.5752 0.6323
vn -0.8087 0.5764 -0.1171
vn -0.1601 0.1833 0.9699
vn 0.8126 0.2120 0.5429
usemtl Material
s 1
f 523/811/443 583/812/444 524/813/445
f 524/813/445 583/812/444 525/814/446
f 525/814/446 583/812/444 526/815/447
f 526/815/447 583/812/444 527/816/448
f 527/816/448 583/812/444 528/817/449
f 528/817/449 583/812/444 530/818/450
f 528/817/449 531/819/451 529/820/452
f 530/818/450 534/821/453 531/819/451
f 531/819/451 535/822/454 532/823/455
f 530/818/450 583/812/444 533/824/456
f 533/824/456 583/812/444 536/825/457
f 533/824/456 537/826/458 534/821/453
f 534/821/453 640/827/459 535/822/454
f 536/825/457 583/812/444 538/828/460
f 536/825/457 831/829/461 938/830/462
f 538/828/460 583/812/444 541/831/463
f 539/832/464 879/833/465 542/834/466
f 540/835/467 542/834/466 543/836/468
f 543/836/468 545/837/469 546/838/470
f 541/831/463 583/812/444 544/839/471
f 542/834/466 887/840/472 545/837/469
f 544/839/471 583/812/444 547/841/473
f 895/842/474 545/837/469 914/843/475
f 546/838/470 548/844/476 549/845/477
f 549/845/477 554/846/478 550/847/479
f 547/841/473 583/812/444 551/848/480
f 548/844/476 895/842/474 804/849/481
f 548/844/476 804/849/481 813/850/482
f 551/848/480 859/851/483 902/852/484
f 912/853/485 855/854/486 552/855/487
f 553/856/488 813/850/482 812/857/489
f 553/856/488 812/857/489 904/858/490
f 923/859/491 561/860/492 562/861/493
f 555/862/494 563/863/495 556/864/496
f 556/864/496 564/865/497 557/866/498
f 562/861/493 568/867/499 569/868/500
f 562/861/493 570/869/501 563/863/495
f 563/863/495 571/870/502 564/865/497
f 859/871/483 565/872/503 558/873/504
f 866/874/505 566/875/506 559/876/507
f 560/877/508 826/878/509 901/879/510
f 920/880/511 567/881/512 568/867/499
f 860/882/513 572/883/514 565/872/503
f 861/884/515 884/885/516 566/875/506
f 567/881/512 818/886/517 845/887/518
f 874/888/519 568/867/499 845/887/518
f 569/868/500 575/889/520 576/890/521
f 569/868/500 577/891/522 570/869/501
f 571/870/502 577/891/522 578/892/523
f 523/811/443 579/893/524 583/812/444
f 579/893/524 580/894/525 583/812/444
f 580/894/525 581/895/526 583/812/444
f 581/895/526 582/896/527 583/812/444
f 582/896/527 584/897/528 583/812/444
f 587/898/529 584/897/528 585/899/530
f 584/897/528 586/900/531 583/812/444
f 586/900/531 589/901/532 583/812/444
f 590/902/533 586/900/531 587/898/529
f 588/903/534 590/902/533 587/898/529
f 655/904/535 590/902/533 591/905/536
f 589/901/532 592/906/537 583/812/444
f 593/907/538 589/901/532 590/902/533
f 849/908/539 594/909/540 592/906/537
f 592/906/537 594/909/540 583/812/444
f 594/909/540 597/910/541 583/812/444
f 595/911/542 854/912/543 850/913/539
f 599/914/544 595/911/542 596/915/545
f 599/914/544 601/916/546 598/917/547
f 598/917/547 837/918/548 854/912/543
f 597/910/541 600/919/549 583/812/444
f 935/920/550 601/916/546 823/921/551
f 602/922/552 604/923/553 601/916/546
f 600/919/549 603/924/554 583/812/444
f 610/925/555 605/926/556 606/927/557
f 603/924/554 607/928/558 583/812/444
f 604/923/553 800/929/559 823/921/551
f 848/930/560 800/929/559 604/923/553
f 809/931/561 608/932/562 933/933/563
f 619/934/564 611/935/565 612/936/566
f 620/937/567 612/936/566 613/938/568
f 609/939/569 805/940/570 848/930/560
f 922/941/571 805/940/570 609/939/569
f 607/928/558 858/942/572 583/812/444
f 916/943/573 868/944/574 610/925/555
f 572/883/514 814/945/575 621/946/576
f 621/946/576 858/947/572 614/948/577
f 618/949/578 624/950/579 617/951/580
f 578/892/523 626/952/581 627/953/582
f 576/890/521 624/950/579 625/954/583
f 622/955/584 862/956/585 615/957/586
f 577/891/522 625/954/583 626/952/581
f 616/958/587 857/959/588 841/960/589
f 906/961/590 863/962/591 624/950/579
f 626/952/581 618/949/578 619/934/564
f 834/963/592 802/964/593 622/955/584
f 627/953/582 619/934/564 620/937/567
f 623/965/594 882/966/595 881/967/596
f 882/966/595 624/950/579 874/888/519
f 584/897/528 582/896/527 656/968/597
f 641/969/598 528/817/449 529/820/452
f 639/970/599 631/971/600 529/820/452
f 643/972/601 554/846/478 555/862/494
f 637/973/602 555/862/494 556/864/496
f 557/866/498 637/973/602 556/864/496
f 640/827/459 539/832/464 540/835/467
f 632/974/603 546/838/470 628/975/604
f 629/976/605 527/816/448 641/969/598
f 535/822/454 638/977/606 532/823/455
f 642/978/607 525/814/446 633/979/608
f 633/979/608 526/815/447 629/976/605
f 628/975/604 546/838/470 549/845/477
f 643/972/601 635/980/609 550/847/479
f 632/974/603 540/835/467 543/836/468
f 636/981/610 524/813/445 642/978/607
f 639/970/599 529/820/452 531/819/451
f 638/977/606 634/982/611 532/823/455
f 654/983/612 585/899/530 647/984/613
f 610/925/555 606/927/557 658/985/614
f 652/986/615 611/935/565 646/987/616
f 613/938/568 612/936/566 652/986/615
f 595/911/542 655/904/535 596/915/545
f 602/922/552 648/988/617 644/989/618
f 582/896/527 645/990/619 656/968/597
f 591/905/536 588/903/534 653/991/620
f 580/894/525 657/992/621 649/993/622
f 581/895/526 649/993/622 645/990/619
f 605/926/556 602/922/552 644/989/618
f 658/985/614 606/927/557 651/994/623
f 648/988/617 599/914/544 596/915/545
f 579/893/524 636/981/610 657/992/621
f 587/898/529 585/899/530 654/983/612
f 653/991/620 588/903/534 650/995/624
f 659/996/625 660/997/626 661/998/627
f 660/997/626 662/999/628 661/998/627
f 662/999/628 663/1000/629 661/998/627
f 663/1000/629 664/1001/630 661/998/627
f 664/1001/630 665/1002/631 661/998/627
f 665/1002/631 666/1003/632 661/998/627
f 668/1004/633 665/1002/631 667/1005/634
f 669/1006/635 666/1003/632 668/1004/633
f 671/1007/636 669/1006/635 668/1004/633
f 666/1003/632 670/1008/637 661/998/627
f 670/1008/637 673/1009/638 661/998/627
f 674/1010/639 670/1008/637 669/1006/635
f 675/1011/640 669/1006/635 672/1012/641
f 673/1009/638 676/1013/642 661/998/627
f 674/1010/639 915/1014/643 673/1009/638
f 676/1013/642 678/1015/644 661/998/627
f 677/1016/645 839/1017/646 796/1018/647
f 681/1019/648 677/1016/645 680/1020/649
f 681/1019/648 683/1021/650 679/1022/651
f 678/1015/644 684/1023/652 661/998/627
f 679/1022/651 898/1024/653 839/1017/646
f 684/1023/652 685/1025/654 661/998/627
f 929/1026/655 683/1021/650 830/1027/656
f 682/1028/657 686/1029/658 683/1021/650
f 688/1030/659 690/1031/660 687/1032/661
f 685/1025/654 691/1033/662 661/998/627
f 686/1029/658 885/1034/663 830/1027/656
f 803/1035/664 885/1034/663 687/1032/661
f 691/1033/662 825/1036/665 661/998/627
f 692/1037/666 927/1038/667 928/1039/667
f 690/1031/660 806/1040/668 803/1035/664
f 924/1041/669 806/1040/668 690/1031/660
f 697/1042/670 698/1043/671 941/1044/672
f 700/1045/673 697/1042/670 699/1046/674
f 702/1047/675 699/1046/674 701/1048/676
f 698/1043/671 704/1049/677 696/1050/678
f 705/1051/679 698/1043/671 700/1045/673
f 706/1052/680 700/1045/673 702/1047/675
f 707/1053/681 825/1054/665 693/1055/682
f 708/1056/683 851/1057/684 694/1058/685
f 695/1059/686 873/1060/687 872/1061/688
f 937/1062/689 797/1063/690 704/1049/677
f 710/1064/691 808/1065/692 707/1053/681
f 883/1066/693 810/1067/694 708/1056/683
f 905/1068/695 835/1069/696 712/1070/697
f 704/1049/677 891/1071/698 709/1072/699
f 703/1073/700 713/1074/701 704/1049/677
f 715/1075/702 703/1073/700 705/1051/679
f 716/1076/703 705/1051/679 706/1052/680
f 659/996/625 661/998/627 717/1077/704
f 717/1077/704 661/998/627 718/1078/705
f 718/1078/705 661/998/627 719/1079/706
f 719/1079/706 661/998/627 720/1080/707
f 720/1080/707 661/998/627 721/1081/708
f 721/1081/708 724/1082/709 722/1083/710
f 721/1081/708 661/998/627 723/1084/711
f 723/1084/711 661/998/627 725/1085/712
f 723/1084/711 726/1086/713 724/1082/709
f 727/1087/714 726/1086/713 728/1088/715
f 726/1086/713 730/1089/716 728/1088/715
f 725/1085/712 661/998/627 731/1090/717
f 725/1085/712 729/1091/718 726/1086/713
f 729/1091/718 731/1090/717 936/1092/719
f 731/1090/717 661/998/627 732/1093/720
f 732/1093/720 661/998/627 734/1094/721
f 733/1095/722 900/1096/723 735/1097/724
f 733/1095/722 737/1098/725 736/1099/726
f 735/1097/724 739/1100/727 737/1098/725
f 735/1097/724 844/1101/728 738/1102/729
f 734/1094/721 661/998/627 740/1103/730
f 820/1104/731 738/1102/729 910/1105/732
f 739/1100/727 742/1106/733 743/1107/734
f 740/1103/730 661/998/627 741/1108/735
f 743/1107/734 746/1109/736 744/1110/737
f 741/1108/735 661/998/627 747/1111/738
f 742/1106/733 820/1104/731 856/1112/739
f 815/1113/740 743/1107/734 856/1112/739
f 748/1114/741 908/1115/742 907/1116/742
f 752/1117/743 754/1118/744 751/1119/745
f 751/1119/745 756/1120/746 755/1121/747
f 745/1122/748 815/1113/740 852/1123/749
f 745/1122/748 852/1123/749 940/1124/750
f 747/1111/738 833/1125/751 877/1126/752
f 752/1117/743 932/1127/753 753/1128/754
f 821/1129/755 710/1064/691 759/1130/756
f 833/1131/751 759/1130/756 749/1132/757
f 753/1128/754 760/1133/758 761/1134/759
f 763/1135/760 716/1076/703 762/1136/761
f 760/1133/758 714/1137/762 761/1134/759
f 842/1138/763 764/1139/764 750/1140/765
f 761/1134/759 715/1075/702 763/1135/760
f 757/1141/766 893/1142/767 840/1143/768
f 925/1144/769 765/1145/770 760/1133/758
f 753/1128/754 763/1135/760 754/1118/744
f 892/1146/771 811/1147/772 764/1139/764
f 754/1118/744 762/1136/761 756/1120/746
f 917/1148/773 711/1149/774 712/1070/697
f 760/1133/758 891/1071/698 713/1074/701
f 767/1150/775 721/1081/708 722/1083/710
f 665/1002/631 664/1001/630 769/1151/776
f 770/1152/777 667/1005/634 768/1153/778
f 689/1154/779 688/1030/659 772/1155/780
f 773/1156/781 697/1042/670 771/1157/782
f 701/1048/676 699/1046/674 773/1156/781
f 677/1016/645 675/1011/640 680/1020/649
f 682/1028/657 775/1158/783 774/1159/784
f 664/1001/630 776/1160/785 769/1151/776
f 672/1012/641 671/1007/636 777/1161/786
f 662/999/628 779/1162/787 778/1163/788
f 663/1000/629 778/1163/788 776/1160/785
f 687/1032/661 682/1028/657 774/1159/784
f 772/1155/780 688/1030/659 780/1164/789
f 775/1158/783 681/1019/648 680/1020/649
f 660/997/626 781/1165/790 779/1162/787
f 668/1004/633 667/1005/634 770/1152/777
f 777/1161/786 671/1007/636 782/1166/791
f 783/1167/792 766/1168/793 722/1083/710
f 785/1169/794 746/1109/736 752/1117/743
f 786/1170/795 752/1117/743 751/1119/745
f 755/1121/747 786/1170/795 751/1119/745
f 730/1089/716 733/1095/722 736/1099/726
f 788/1171/796 739/1100/727 787/1172/797
f 789/1173/798 720/1080/707 767/1150/775
f 728/1088/715 790/1174/799 727/1087/714
f 792/1175/800 718/1078/705 791/1176/801
f 791/1176/801 719/1079/706 789/1173/798
f 787/1172/797 739/1100/727 743/1107/734
f 785/1169/794 793/1177/802 744/1110/737
f 788/1171/796 736/1099/726 737/1098/725
f 781/1165/790 717/1077/704 792/1175/800
f 783/1167/792 722/1083/710 724/1082/709
f 790/1174/799 794/1178/803 727/1087/714
f 643/1179/804 780/1180/805 635/1181/806
f 644/1182/807 788/1183/808 787/1184/809
f 632/1185/810 680/1186/811 540/1187/812
f 656/1188/813 789/1189/814 767/1190/815
f 641/1191/816 768/1192/817 769/1193/818
f 571/1194/627 716/1195/627 706/1196/627
f 642/1197/819 781/1198/820 636/1199/821
f 653/1200/822 728/1201/823 591/1202/824
f 639/1203/825 768/1192/817 631/1204/826
f 640/1205/827 672/1206/828 535/1207/829
f 649/1208/830 792/1209/831 791/1210/832
f 643/1179/804 771/1211/833 772/1212/834
f 639/1203/825 782/1213/835 770/1214/836
f 645/1215/837 791/1210/832 789/1189/814
f 637/1216/838 771/1211/833 630/1217/839
f 638/1218/840 782/1213/835 634/1219/841
f 644/1182/807 793/1220/842 651/1221/843
f 637/1216/838 701/1222/844 773/1223/845
f 627/1224/627 716/1195/627 578/1225/627
f 658/1226/846 793/1220/842 785/1227/847
f 640/1205/827 680/1186/811 675/1228/848
f 648/1229/849 736/1230/850 788/1183/808
f 657/1231/851 781/1198/820 792/1209/831
f 628/1232/852 775/1233/853 632/1185/810
f 656/1188/813 766/1234/854 647/1235/855
f 655/1236/856 728/1201/823 730/1237/857
f 641/1191/816 776/1238/858 629/1239/859
f 654/1240/860 766/1234/854 783/1241/861
f 654/1240/860 794/1242/862 650/1243/863
f 638/1218/864 672/1206/828 777/1244/865
f 620/1245/627 755/1246/627 756/1247/627
f 658/1226/846 784/1248/866 646/1249/867
f 564/1250/627 701/1222/627 557/1251/627
f 620/1245/627 762/1252/627 627/1224/627
f 653/1200/868 794/1242/862 790/1253/869
f 633/1254/870 779/1255/871 642/1197/819
f 652/1256/872 784/1248/866 786/1257/873
f 629/1239/859 778/1258/874 633/1254/870
f 652/1256/872 755/1246/875 613/1259/876
f 628/1232/852 780/1180/805 774/1260/877
f 571/1194/627 702/1261/627 564/1250/627
f 655/1236/856 736/1230/850 596/1262/878
f 572/883/514 621/946/576 903/1263/879
f 821/1264/755 833/1125/751 661/998/627
f 841/960/589 847/1265/880 848/1266/560
f 847/1267/880 841/1268/589 615/957/586
f 889/1269/881 899/1270/723 900/1271/723
f 899/1272/723 732/1093/720 734/1094/721
f 874/1273/519 845/1274/518 574/1275/882
f 860/1276/513 859/851/483 583/812/444
f 560/877/508 798/1277/883 904/1278/490
f 875/1279/884 798/1280/883 561/860/492
f 905/1281/695 708/1056/683 835/1282/696
f 796/1283/647 838/1284/646 795/1285/647
f 838/1286/646 676/1013/642 795/1287/647
f 872/1061/688 896/1288/885 803/1289/664
f 896/1290/885 872/1291/688 694/1058/685
f 906/1292/590 616/958/587 863/1293/591
f 814/1294/575 890/1295/886 583/812/444
f 801/1296/887 842/1138/763 750/1140/765
f 877/1126/752 799/1297/888 747/1111/738
f 909/1298/889 765/1145/770 840/1299/768
f 765/1300/770 909/1301/889 869/1302/890
f 816/1303/891 821/1264/755 661/998/627
f 800/1304/559 848/1266/560 608/932/562
f 844/1305/728 843/1306/728 819/1307/731
f 843/1308/728 741/1108/735 819/1309/731
f 572/883/514 573/1310/892 911/1311/893
f 855/1312/486 866/874/505 559/876/507
f 902/852/484 864/1313/894 551/848/480
f 887/1314/472 886/1315/472 894/1316/474
f 886/1317/472 547/841/473 894/1318/474
f 795/1285/647 915/1319/643 796/1283/647
f 825/1054/665 865/1320/895 693/1055/682
f 808/1321/692 816/1303/891 661/998/627
f 882/1322/595 874/1273/519 574/1275/882
f 892/1323/771 749/1132/757 759/1130/756
f 868/1324/574 916/1325/573 867/1326/574
f 917/1327/773 764/1139/764 811/1147/772
f 900/1271/723 843/1306/728 844/1305/728
f 843/1308/728 734/1094/721 740/1103/730
f 849/1328/539 918/1329/896 850/1330/539
f 820/1331/731 799/1332/888 748/1114/741
f 819/1309/731 747/1111/738 799/1297/888
f 919/1333/897 835/1282/696 872/1291/688
f 835/1069/696 919/1334/897 709/1335/699
f 813/1336/482 804/1337/481 552/855/487
f 879/1338/465 886/1315/472 887/1314/472
f 886/1317/472 541/831/463 544/839/471
f 877/1339/752 833/1131/751 749/1132/757
f 846/1340/898 830/1341/656 692/1037/666
f 829/1342/656 691/1033/662 685/1025/654
f 920/1343/511 560/877/508 901/879/510
f 710/1064/691 711/1149/774 921/1344/899
f 801/1345/887 893/1142/767 815/1346/740
f 893/1347/767 801/1296/887 750/1140/765
f 863/1293/591 616/958/587 922/1348/571
f 863/962/591 867/1349/574 617/951/580
f 709/1335/699 891/1350/698 712/1070/697
f 861/1351/515 558/873/504 565/872/503
f 875/1352/884 923/1353/491 876/1354/884
f 825/1036/665 808/1321/692 661/998/627
f 797/1355/690 695/1059/686 924/1356/669
f 797/1063/690 827/1357/900 696/1050/678
f 925/1358/769 757/1141/766 840/1143/768
f 858/942/572 814/1294/575 583/812/444
f 850/1330/539 853/1359/543 849/1328/539
f 853/1360/543 594/909/540 849/908/539
f 573/1310/892 574/1275/882 926/1361/901
f 926/1362/901 566/875/506 884/885/516
f 846/1363/898 865/1364/895 691/1033/662
f 851/1057/684 896/1290/885 694/1058/685
f 929/1365/655 830/1341/656 829/1366/656
f 897/1367/653 685/1025/654 684/1023/652
f 832/1368/461 878/1369/465 879/1338/465
f 878/1370/465 538/828/460 541/831/463
f 855/854/486 826/878/509 813/1336/482
f 826/1371/509 855/1312/486 559/876/507
f 710/1064/691 707/1053/681 930/1372/902
f 891/1350/698 765/1300/770 712/1070/697
f 931/1373/903 880/1374/596 841/1268/589
f 880/1375/596 931/1376/903 881/1377/596
f 870/1378/904 932/1379/753 871/1380/904
f 809/1381/561 824/1382/905 607/928/558
f 862/956/585 847/1267/880 615/957/586
f 935/1383/550 823/1384/551 822/1385/551
f 836/1386/548 603/924/554 600/919/549
f 889/1269/881 936/1387/719 888/1388/881
f 815/1346/740 856/1389/739 748/1114/741
f 937/1390/689 695/1059/686 797/1355/690
f 885/1391/663 803/1289/664 692/1037/666
f 839/1392/646 897/1393/653 838/1284/646
f 897/1367/653 678/1015/644 838/1286/646
f 832/1368/461 938/1394/462 831/1395/461
f 902/1396/484 859/871/483 558/873/504
f 890/1295/886 860/1276/513 583/812/444
f 939/1397/906 880/1375/596 882/1322/595
f 939/1398/906 622/955/584 880/1374/596
f 802/1399/593 614/948/577 862/1400/585
f 757/1141/766 807/1401/907 940/1402/750
f 870/1403/904 807/1404/907 758/1405/908
f 809/931/561 823/1384/551 608/932/562
f 822/1406/551 607/928/558 603/924/554
f 854/1407/543 836/1408/548 853/1359/543
f 836/1386/548 597/910/541 853/1360/543
f 858/947/572 824/1409/905 614/948/577
f 810/1410/694 693/1055/682 851/1411/684
f 828/1412/900 941/1413/672 827/1414/900
f 895/1415/474 864/1416/894 552/855/487
f 894/1318/474 551/848/480 864/1313/894
f 942/1417/909 818/886/517 567/881/512
f 818/1418/517 942/1419/909 817/1420/517
f 528/817/449 530/818/450 531/819/451
f 530/818/450 533/824/456 534/821/453
f 531/819/451 534/821/453 535/822/454
f 533/824/456 536/825/457 537/826/458
f 534/821/453 537/826/458 640/827/459
f 539/832/464 537/826/458 832/1421/461
f 537/826/458 536/825/457 938/830/462
f 536/825/457 538/828/460 831/829/461
f 938/830/462 832/1421/461 537/826/458
f 539/832/464 832/1421/461 879/833/465
f 540/835/467 539/832/464 542/834/466
f 543/836/468 542/834/466 545/837/469
f 542/834/466 879/833/465 887/840/472
f 548/844/476 545/837/469 895/842/474
f 545/837/469 887/840/472 914/843/475
f 546/838/470 545/837/469 548/844/476
f 549/845/477 553/856/488 554/846/478
f 553/856/488 549/845/477 813/850/482
f 549/845/477 548/844/476 813/850/482
f 551/848/480 583/812/444 859/851/483
f 552/855/487 864/1416/894 912/853/485
f 864/1416/894 913/1422/485 912/853/485
f 913/1422/485 902/1396/484 558/873/504
f 558/873/504 866/1423/505 913/1422/485
f 866/1423/505 912/853/485 913/1422/485
f 876/1424/884 554/846/478 904/858/490
f 554/846/478 553/856/488 904/858/490
f 562/861/493 555/862/494 923/859/491
f 555/862/494 554/846/478 923/859/491
f 554/846/478 876/1424/884 923/859/491
f 923/859/491 875/1279/884 561/860/492
f 555/862/494 562/861/493 563/863/495
f 556/864/496 563/863/495 564/865/497
f 562/861/493 561/860/492 568/867/499
f 562/861/493 569/868/500 570/869/501
f 563/863/495 570/869/501 571/870/502
f 859/871/483 860/882/513 565/872/503
f 866/874/505 861/884/515 566/875/506
f 568/867/499 561/860/492 798/1280/883
f 920/880/511 901/1425/510 567/881/512
f 568/867/499 798/1280/883 920/880/511
f 860/882/513 890/1426/886 572/883/514
f 861/884/515 911/1427/893 884/885/516
f 575/889/520 568/867/499 874/888/519
f 568/867/499 567/881/512 845/887/518
f 569/868/500 568/867/499 575/889/520
f 569/868/500 576/890/521 577/891/522
f 571/870/502 570/869/501 577/891/522
f 587/898/529 586/900/531 584/897/528
f 590/902/533 589/901/532 586/900/531
f 588/903/534 591/905/536 590/902/533
f 655/904/535 593/907/538 590/902/533
f 593/907/538 592/906/537 589/901/532
f 592/906/537 593/907/538 918/1428/896
f 593/907/538 595/911/542 850/913/539
f 918/1428/896 593/907/538 850/913/539
f 918/1428/896 849/908/539 592/906/537
f 595/911/542 598/917/547 854/912/543
f 599/914/544 598/917/547 595/911/542
f 599/914/544 602/922/552 601/916/546
f 598/917/547 601/916/546 837/918/548
f 837/918/548 601/916/546 935/920/550
f 601/916/546 604/923/553 823/921/551
f 602/922/552 605/926/556 604/923/553
f 610/925/555 609/939/569 605/926/556
f 604/923/553 605/926/556 848/930/560
f 605/926/556 609/939/569 848/930/560
f 608/932/562 847/1265/880 933/933/563
f 933/933/563 862/1400/585 934/1429/910
f 862/1400/585 614/948/577 934/1429/910
f 614/948/577 824/1409/905 934/1429/910
f 934/1429/910 809/931/561 933/933/563
f 619/934/564 618/949/578 611/935/565
f 620/937/567 619/934/564 612/936/566
f 609/939/569 610/925/555 922/941/571
f 610/925/555 868/944/574 922/941/571
f 607/928/558 824/1382/905 858/942/572
f 610/925/555 611/935/565 916/943/573
f 611/935/565 618/949/578 916/943/573
f 618/949/578 617/951/580 916/943/573
f 617/951/580 867/1349/574 916/943/573
f 572/883/514 890/1426/886 814/945/575
f 621/946/576 814/945/575 858/947/572
f 618/949/578 625/954/583 624/950/579
f 578/892/523 577/891/522 626/952/581
f 576/890/521 575/889/520 624/950/579
f 622/955/584 802/964/593 862/956/585
f 577/891/522 576/890/521 625/954/583
f 863/962/591 617/951/580 624/950/579
f 624/950/579 623/965/594 906/961/590
f 623/965/594 857/1430/588 906/961/590
f 626/952/581 625/954/583 618/949/578
f 834/963/592 903/1431/879 802/964/593
f 627/953/582 626/952/581 619/934/564
f 623/965/594 624/950/579 882/966/595
f 624/950/579 575/889/520 874/888/519
f 656/968/597 647/984/613 585/899/530
f 585/899/530 584/897/528 656/968/597
f 529/820/452 631/971/600 641/969/598
f 641/969/598 527/816/448 528/817/449
f 555/862/494 630/1432/911 643/972/601
f 643/972/601 550/847/479 554/846/478
f 637/973/602 630/1432/911 555/862/494
f 640/827/459 537/826/458 539/832/464
f 632/974/603 543/836/468 546/838/470
f 629/976/605 526/815/447 527/816/448
f 642/978/607 524/813/445 525/814/446
f 633/979/608 525/814/446 526/815/447
f 550/847/479 635/980/609 549/845/477
f 635/980/609 628/975/604 549/845/477
f 636/981/610 523/811/443 524/813/445
f 532/823/455 634/982/611 531/819/451
f 634/982/611 639/970/599 531/819/451
f 658/985/614 646/987/616 611/935/565
f 611/935/565 610/925/555 658/985/614
f 652/986/615 612/936/566 611/935/565
f 595/911/542 593/907/538 655/904/535
f 602/922/552 599/914/544 648/988/617
f 582/896/527 581/895/526 645/990/619
f 580/894/525 579/893/524 657/992/621
f 581/895/526 580/894/525 649/993/622
f 644/989/618 651/994/623 605/926/556
f 651/994/623 606/927/557 605/926/556
f 579/893/524 523/811/443 636/981/610
f 654/983/612 650/995/624 587/898/529
f 650/995/624 588/903/534 587/898/529
f 668/1004/633 666/1003/632 665/1002/631
f 669/1006/635 670/1008/637 666/1003/632
f 671/1007/636 672/1012/641 669/1006/635
f 674/1010/639 673/1009/638 670/1008/637
f 675/1011/640 674/1010/639 669/1006/635
f 674/1010/639 677/1016/645 796/1018/647
f 915/1014/643 795/1287/647 673/1009/638
f 795/1287/647 676/1013/642 673/1009/638
f 674/1010/639 796/1018/647 915/1014/643
f 677/1016/645 679/1022/651 839/1017/646
f 681/1019/648 679/1022/651 677/1016/645
f 681/1019/648 682/1028/657 683/1021/650
f 679/1022/651 683/1021/650 898/1024/653
f 898/1024/653 683/1021/650 929/1026/655
f 683/1021/650 686/1029/658 830/1027/656
f 682/1028/657 687/1032/661 686/1029/658
f 688/1030/659 689/1154/779 690/1031/660
f 686/1029/658 687/1032/661 885/1034/663
f 687/1032/661 690/1031/660 803/1035/664
f 691/1033/662 865/1364/895 825/1036/665
f 692/1037/666 896/1288/885 927/1038/667
f 927/1038/667 851/1411/684 928/1039/667
f 851/1411/684 693/1055/682 928/1039/667
f 693/1055/682 865/1320/895 928/1039/667
f 928/1039/667 846/1340/898 692/1037/666
f 690/1031/660 689/1154/779 924/1041/669
f 689/1154/779 828/1433/900 924/1041/669
f 698/1043/671 696/1050/678 941/1044/672
f 696/1050/678 827/1357/900 941/1044/672
f 941/1044/672 828/1433/900 689/1154/779
f 941/1044/672 689/1154/779 697/1042/670
f 700/1045/673 698/1043/671 697/1042/670
f 702/1047/675 700/1045/673 699/1046/674
f 698/1043/671 703/1073/700 704/1049/677
f 705/1051/679 703/1073/700 698/1043/671
f 706/1052/680 705/1051/679 700/1045/673
f 707/1053/681 808/1065/692 825/1054/665
f 708/1056/683 810/1067/694 851/1057/684
f 797/1063/690 696/1050/678 704/1049/677
f 704/1049/677 709/1072/699 937/1062/689
f 709/1072/699 873/1434/687 937/1062/689
f 710/1064/691 816/1435/891 808/1065/692
f 883/1066/693 930/1436/902 810/1067/694
f 835/1069/696 709/1335/699 712/1070/697
f 712/1070/697 711/1149/774 905/1068/695
f 711/1149/774 883/1437/693 905/1068/695
f 704/1049/677 713/1074/701 891/1071/698
f 703/1073/700 714/1137/762 713/1074/701
f 715/1075/702 714/1137/762 703/1073/700
f 716/1076/703 715/1075/702 705/1051/679
f 721/1081/708 723/1084/711 724/1082/709
f 723/1084/711 725/1085/712 726/1086/713
f 727/1087/714 724/1082/709 726/1086/713
f 726/1086/713 729/1091/718 730/1089/716
f 725/1085/712 731/1090/717 729/1091/718
f 731/1090/717 732/1093/720 888/1438/881
f 936/1092/719 889/1439/881 729/1091/718
f 889/1439/881 733/1095/722 729/1091/718
f 731/1090/717 888/1438/881 936/1092/719
f 733/1095/722 889/1439/881 900/1096/723
f 733/1095/722 735/1097/724 737/1098/725
f 735/1097/724 738/1102/729 739/1100/727
f 735/1097/724 900/1096/723 844/1101/728
f 742/1106/733 738/1102/729 820/1104/731
f 738/1102/729 844/1101/728 910/1105/732
f 739/1100/727 738/1102/729 742/1106/733
f 743/1107/734 745/1122/748 746/1109/736
f 745/1122/748 743/1107/734 815/1113/740
f 743/1107/734 742/1106/733 856/1112/739
f 748/1114/741 799/1332/888 908/1115/742
f 908/1115/742 877/1339/752 749/1132/757
f 749/1132/757 842/1440/763 908/1115/742
f 842/1440/763 907/1116/742 908/1115/742
f 907/1116/742 801/1345/887 748/1114/741
f 752/1117/743 753/1128/754 754/1118/744
f 751/1119/745 754/1118/744 756/1120/746
f 871/1441/904 746/1109/736 940/1124/750
f 746/1109/736 745/1122/748 940/1124/750
f 747/1111/738 661/998/627 833/1125/751
f 752/1117/743 746/1109/736 932/1127/753
f 746/1109/736 871/1441/904 932/1127/753
f 932/1127/753 870/1403/904 758/1405/908
f 932/1127/753 758/1405/908 753/1128/754
f 821/1129/755 816/1435/891 710/1064/691
f 833/1131/751 821/1129/755 759/1130/756
f 753/1128/754 758/1405/908 760/1133/758
f 763/1135/760 715/1075/702 716/1076/703
f 760/1133/758 713/1074/701 714/1137/762
f 842/1138/763 892/1146/771 764/1139/764
f 761/1134/759 714/1137/762 715/1075/702
f 760/1133/758 758/1405/908 807/1404/907
f 925/1144/769 840/1299/768 765/1145/770
f 760/1133/758 807/1404/907 925/1144/769
f 753/1128/754 761/1134/759 763/1135/760
f 892/1146/771 921/1442/899 811/1147/772
f 754/1118/744 763/1135/760 762/1136/761
f 712/1070/697 765/1300/770 869/1302/890
f 917/1148/773 811/1443/772 711/1149/774
f 712/1070/697 869/1302/890 917/1148/773
f 760/1133/758 765/1145/770 891/1071/698
f 722/1083/710 766/1168/793 767/1150/775
f 767/1150/775 720/1080/707 721/1081/708
f 769/1151/776 768/1153/778 667/1005/634
f 667/1005/634 665/1002/631 769/1151/776
f 772/1155/780 771/1157/782 697/1042/670
f 697/1042/670 689/1154/779 772/1155/780
f 773/1156/781 699/1046/674 697/1042/670
f 677/1016/645 674/1010/639 675/1011/640
f 682/1028/657 681/1019/648 775/1158/783
f 664/1001/630 663/1000/629 776/1160/785
f 662/999/628 660/997/626 779/1162/787
f 663/1000/629 662/999/628 778/1163/788
f 774/1159/784 780/1164/789 687/1032/661
f 780/1164/789 688/1030/659 687/1032/661
f 660/997/626 659/996/625 781/1165/790
f 770/1152/777 782/1166/791 668/1004/633
f 782/1166/791 671/1007/636 668/1004/633
f 752/1117/743 784/1444/912 785/1169/794
f 785/1169/794 744/1110/737 746/1109/736
f 786/1170/795 784/1444/912 752/1117/743
f 730/1089/716 729/1091/718 733/1095/722
f 788/1171/796 737/1098/725 739/1100/727
f 789/1173/798 719/1079/706 720/1080/707
f 792/1175/800 717/1077/704 718/1078/705
f 791/1176/801 718/1078/705 719/1079/706
f 744/1110/737 793/1177/802 743/1107/734
f 793/1177/802 787/1172/797 743/1107/734
f 781/1165/790 659/996/625 717/1077/704
f 727/1087/714 794/1178/803 724/1082/709
f 794/1178/803 783/1167/792 724/1082/709
f 643/1179/804 772/1212/834 780/1180/805
f 644/1182/807 648/1229/849 788/1183/808
f 632/1185/810 775/1233/853 680/1186/811
f 656/1188/813 645/1215/837 789/1189/814
f 641/1191/816 631/1204/826 768/1192/817
f 571/1194/627 578/1225/627 716/1195/627
f 642/1197/819 779/1255/871 781/1198/820
f 653/1200/822 790/1253/913 728/1201/823
f 639/1203/825 770/1214/836 768/1192/817
f 640/1205/827 675/1228/848 672/1206/828
f 649/1208/830 657/1231/851 792/1209/831
f 643/1179/804 630/1217/839 771/1211/833
f 639/1203/825 634/1219/841 782/1213/835
f 645/1215/837 649/1208/830 791/1210/832
f 637/1216/838 773/1223/845 771/1211/833
f 638/1218/840 777/1244/914 782/1213/835
f 644/1182/807 787/1184/809 793/1220/842
f 637/1216/838 557/1251/915 701/1222/844
f 627/1224/627 762/1252/627 716/1195/627
f 658/1226/846 651/1221/843 793/1220/842
f 640/1205/827 540/1187/812 680/1186/811
f 648/1229/849 596/1262/878 736/1230/850
f 657/1231/851 636/1199/821 781/1198/820
f 628/1232/852 774/1260/877 775/1233/853
f 656/1188/813 767/1190/815 766/1234/854
f 655/1236/856 591/1202/824 728/1201/823
f 641/1191/816 769/1193/818 776/1238/858
f 654/1240/860 647/1235/855 766/1234/854
f 654/1240/860 783/1241/861 794/1242/862
f 638/1218/864 535/1207/829 672/1206/828
f 620/1245/627 613/1259/627 755/1246/627
f 658/1226/846 785/1227/847 784/1248/866
f 564/1250/627 702/1261/627 701/1222/627
f 620/1245/627 756/1247/627 762/1252/627
f 653/1200/868 650/1243/863 794/1242/862
f 633/1254/870 778/1258/874 779/1255/871
f 652/1256/872 646/1249/867 784/1248/866
f 629/1239/859 776/1238/858 778/1258/874
f 652/1256/872 786/1257/873 755/1246/875
f 628/1232/852 635/1181/806 780/1180/805
f 571/1194/627 706/1196/627 702/1261/627
f 655/1236/856 730/1237/857 736/1230/850
f 621/946/576 802/1399/593 903/1263/879
f 903/1263/879 834/1445/592 573/1310/892
f 573/1310/892 572/883/514 903/1263/879
f 608/932/562 848/1266/560 847/1265/880
f 848/1266/560 805/1446/570 841/960/589
f 805/1446/570 616/958/587 841/960/589
f 889/1269/881 888/1388/881 899/1270/723
f 899/1272/723 888/1438/881 732/1093/720
f 875/1352/884 876/1354/884 798/1277/883
f 876/1354/884 904/1278/490 798/1277/883
f 904/1278/490 812/1447/489 560/877/508
f 905/1281/695 883/1066/693 708/1056/683
f 796/1283/647 839/1392/646 838/1284/646
f 838/1286/646 678/1015/644 676/1013/642
f 692/1037/666 803/1289/664 896/1288/885
f 803/1289/664 806/1448/668 872/1061/688
f 806/1448/668 695/1059/686 872/1061/688
f 906/1292/590 857/959/588 616/958/587
f 801/1296/887 907/1449/742 842/1138/763
f 877/1126/752 908/1450/742 799/1297/888
f 840/1299/768 893/1347/767 909/1298/889
f 893/1347/767 750/1140/765 869/1451/890
f 909/1298/889 893/1347/767 869/1451/890
f 750/1140/765 764/1139/764 869/1451/890
f 819/1307/731 820/1331/731 910/1452/732
f 910/1452/732 844/1305/728 819/1307/731
f 843/1308/728 740/1103/730 741/1108/735
f 573/1310/892 884/1453/516 911/1311/893
f 911/1311/893 861/1351/515 565/872/503
f 565/872/503 572/883/514 911/1311/893
f 855/1312/486 912/1454/485 866/874/505
f 902/852/484 913/1455/485 864/1313/894
f 894/1316/474 895/1415/474 914/1456/475
f 914/1456/475 887/1314/472 894/1316/474
f 886/1317/472 544/839/471 547/841/473
f 892/1323/771 842/1440/763 749/1132/757
f 917/1327/773 869/1451/890 764/1139/764
f 900/1271/723 899/1270/723 843/1306/728
f 843/1308/728 899/1272/723 734/1094/721
f 748/1114/741 856/1389/739 820/1331/731
f 820/1331/731 819/1307/731 799/1332/888
f 819/1309/731 741/1108/735 747/1111/738
f 694/1058/685 872/1291/688 835/1282/696
f 872/1291/688 873/1434/687 919/1333/897
f 694/1058/685 835/1282/696 708/1056/683
f 873/1434/687 709/1072/699 919/1333/897
f 879/1338/465 878/1369/465 886/1315/472
f 886/1317/472 878/1370/465 541/831/463
f 829/1366/656 830/1341/656 846/1340/898
f 830/1341/656 885/1391/663 692/1037/666
f 829/1342/656 846/1363/898 691/1033/662
f 920/1343/511 798/1277/883 560/877/508
f 711/1149/774 811/1443/772 921/1344/899
f 921/1344/899 892/1323/771 759/1130/756
f 759/1130/756 710/1064/691 921/1344/899
f 757/1141/766 852/1457/749 893/1142/767
f 852/1457/749 815/1346/740 893/1142/767
f 815/1346/740 748/1114/741 801/1345/887
f 616/958/587 805/1446/570 922/1348/571
f 922/1348/571 868/1324/574 863/1293/591
f 868/1324/574 867/1326/574 863/1293/591
f 861/1351/515 866/1423/505 558/873/504
f 695/1059/686 806/1448/668 924/1356/669
f 924/1356/669 828/1412/900 797/1355/690
f 828/1412/900 827/1414/900 797/1355/690
f 925/1358/769 807/1401/907 757/1141/766
f 850/1330/539 854/1407/543 853/1359/543
f 853/1360/543 597/910/541 594/909/540
f 574/1275/882 845/1274/518 926/1361/901
f 845/1274/518 818/1418/517 817/1420/517
f 926/1361/901 845/1274/518 817/1420/517
f 926/1361/901 884/1453/516 573/1310/892
f 926/1362/901 817/1458/517 566/875/506
f 846/1363/898 928/1459/667 865/1364/895
f 851/1057/684 927/1460/667 896/1290/885
f 897/1393/653 898/1461/653 829/1366/656
f 898/1461/653 929/1365/655 829/1366/656
f 897/1367/653 829/1342/656 685/1025/654
f 832/1368/461 831/1395/461 878/1369/465
f 878/1370/465 831/829/461 538/828/460
f 560/877/508 812/1447/489 826/878/509
f 812/1447/489 813/1336/482 826/878/509
f 813/1336/482 552/855/487 855/854/486
f 707/1053/681 810/1410/694 930/1372/902
f 930/1372/902 883/1437/693 711/1149/774
f 711/1149/774 710/1064/691 930/1372/902
f 615/957/586 841/1268/589 880/1374/596
f 841/1268/589 857/1430/588 931/1373/903
f 615/957/586 880/1374/596 622/955/584
f 857/1430/588 623/965/594 931/1373/903
f 623/965/594 881/967/596 931/1373/903
f 809/1381/561 934/1462/910 824/1382/905
f 862/956/585 933/1463/563 847/1267/880
f 836/1408/548 837/1464/548 822/1385/551
f 837/1464/548 935/1383/550 822/1385/551
f 836/1386/548 822/1406/551 603/924/554
f 937/1390/689 873/1060/687 695/1059/686
f 839/1392/646 898/1461/653 897/1393/653
f 897/1367/653 684/1023/652 678/1015/644
f 880/1375/596 881/1377/596 882/1322/595
f 882/1322/595 574/1275/882 939/1397/906
f 574/1275/882 573/1310/892 939/1397/906
f 573/1310/892 834/1445/592 939/1397/906
f 939/1398/906 834/963/592 622/955/584
f 802/1399/593 621/946/576 614/948/577
f 870/1378/904 871/1380/904 807/1401/907
f 871/1380/904 940/1402/750 807/1401/907
f 940/1402/750 852/1457/749 757/1141/766
f 822/1385/551 823/1384/551 809/931/561
f 823/1384/551 800/1304/559 608/932/562
f 822/1406/551 809/1381/561 607/928/558
f 854/1407/543 837/1464/548 836/1408/548
f 836/1386/548 600/919/549 597/910/541
f 810/1410/694 707/1053/681 693/1055/682
f 552/855/487 804/1337/481 895/1415/474
f 895/1415/474 894/1316/474 864/1416/894
f 894/1318/474 547/841/473 551/848/480
f 567/881/512 901/1425/510 942/1417/909
f 901/1425/510 826/1371/509 942/1417/909
f 826/1371/509 559/876/507 817/1458/517
f 559/876/507 566/875/506 817/1458/517
f 817/1458/517 942/1417/909 826/1371/509
o Sphere.002
v 0.000000 0.490192 -0.894177
v 0.000000 0.535716 -0.764724
v 0.000000 0.697218 -0.544463
v 0.052260 0.472558 -1.034860
v 0.075870 0.492748 -0.901199
v 0.096565 0.538969 -0.773661
v 0.126168 0.701468 -0.556140
v 0.133939 0.811502 -0.474515
v 0.247487 0.714055 -0.590722
v 0.262731 0.824864 -0.511227
v 0.323358 0.639169 -0.738814
v 0.359296 0.734495 -0.646881
v 0.381427 0.846563 -0.570845
v 0.350000 0.585300 -0.900956
v 0.323358 0.549306 -1.056592
v -0.052260 0.472558 -1.034860
v -0.075870 0.492748 -0.901199
v -0.096565 0.538969 -0.773661
v -0.126168 0.701468 -0.556140
v -0.133939 0.811502 -0.474515
v -0.247487 0.714055 -0.590722
v -0.262731 0.824864 -0.511227
v -0.323358 0.639169 -0.738814
v -0.359296 0.734495 -0.646881
v -0.381427 0.846563 -0.570845
v -0.350000 0.585300 -0.900956
v -0.323358 0.549306 -1.056592
v 0.000000 0.470798 -1.030023
v 0.000000 0.605620 -0.646640
v 0.000000 0.806990 -0.462119
v 0.000000 0.477057 -1.144683
v 0.065443 0.480768 -1.143332
v 0.354396 0.569167 -1.111158
v 0.381427 0.587640 -1.104434
v 0.031427 0.477940 -1.144362
v 0.381427 0.598397 -0.936940
v 0.381427 0.740707 -0.663948
v 0.381427 0.625441 -0.852902
v 0.381427 0.589894 -1.000528
v 0.381427 0.655468 -0.783596
v 0.381427 0.703239 -1.062360
v -0.065443 0.480768 -1.143332
v -0.354396 0.569167 -1.111158
v -0.381427 0.587640 -1.104434
v -0.031427 0.477940 -1.144362
v -0.381427 0.598397 -0.936940
v -0.381427 0.740707 -0.663948
v -0.381427 0.625441 -0.852902
v -0.381427 0.589894 -1.000528
v -0.381427 0.655468 -0.783596
v 0.381427 0.884207 -0.674271
v 0.100000 0.553224 -0.750094
v 0.100000 0.608989 -0.655895
v 0.300000 0.547870 -0.967788
v 0.100000 0.676620 -0.580453
v 0.123020 0.678513 -0.581336
v 0.300000 0.571266 -0.862396
v -0.381427 0.703239 -1.062360
v -0.381427 0.884207 -0.674271
v 0.300000 0.540534 -1.076393
v -0.100000 0.553224 -0.750094
v -0.100000 0.608989 -0.655895
v -0.300000 0.547870 -0.967788
v -0.100000 0.676620 -0.580453
v -0.123020 0.678513 -0.581336
v -0.300000 0.571266 -0.862396
v -0.300000 0.540534 -1.076393
v -0.300000 0.544954 -1.119971
v -0.246226 0.709302 -0.595693
v -0.300000 0.539572 -1.029846
v -0.100000 0.539325 -0.774640
v -0.100000 0.477975 -1.055566
v -0.100000 0.477511 -1.048468
v -0.300000 0.883065 -0.676720
v -0.100000 0.883065 -0.676720
v -0.100000 0.495251 -0.908077
v -0.300000 0.703239 -1.062360
v -0.100000 0.703239 -1.062360
v -0.300000 0.602985 -0.789185
v -0.300000 0.634898 -0.727082
v -0.100000 0.485434 -1.141634
v -0.264722 0.717206 -0.599378
v -0.300000 0.723655 -0.617098
v -0.300000 0.735211 -0.607775
v 0.000000 0.884207 -0.674271
v 0.000000 0.703239 -1.062360
v 0.300000 0.544954 -1.119971
v 0.246226 0.709302 -0.595693
v 0.300000 0.539572 -1.029846
v 0.100000 0.539325 -0.774640
v 0.100000 0.477975 -1.055566
v 0.100000 0.477511 -1.048468
v 0.300000 0.883065 -0.676720
v 0.100000 0.883065 -0.676720
v 0.100000 0.495251 -0.908077
v 0.300000 0.703239 -1.062360
v 0.100000 0.703239 -1.062360
v 0.300000 0.602985 -0.789185
v 0.300000 0.634898 -0.727082
v 0.100000 0.485434 -1.141634
v 0.264722 0.717206 -0.599378
v 0.300000 0.723655 -0.617098
v 0.300000 0.735211 -0.607775
vt 0.305856 0.847735
vt 0.305435 0.832399
vt 0.345104 0.871857
vt 0.525316 0.832253
vt 0.576834 0.871844
vt 0.527379 0.853201
vt 0.155940 0.893185
vt 0.124571 0.893184
vt 0.123315 0.890621
vt 0.470978 0.856252
vt 0.462661 0.830345
vt 0.511444 0.840330
vt 0.758402 0.942049
vt 0.761959 0.943726
vt 0.768742 0.978915
vt 0.980013 0.482737
vt 0.941557 0.482737
vt 0.951897 0.445872
vt 0.305950 0.818983
vt 0.345104 0.790040
vt 0.312479 0.792604
vt 0.313736 0.790040
vt 0.322202 0.894759
vt 0.317891 0.887524
vt 0.310344 0.868002
vt 0.313941 0.879491
vt 0.524888 0.826846
vt 0.576834 0.790026
vt 0.528051 0.800011
vt 0.536368 0.774104
vt 0.537026 0.772905
vt 0.545319 0.758512
vt 0.533034 0.871844
vt 0.116785 0.864242
vt 0.116270 0.850826
vt 0.116692 0.835490
vt 0.155940 0.811367
vt 0.121179 0.815223
vt 0.124776 0.803733
vt 0.128726 0.795700
vt 0.133038 0.788465
vt 0.459499 0.803510
vt 0.459926 0.798103
vt 0.461989 0.777155
vt 0.511444 0.758512
vt 0.467644 0.758512
vt 0.479930 0.871844
vt 0.471636 0.857451
vt 0.768742 0.947546
vt 0.730286 0.978915
vt 0.730286 0.935115
vt 0.734712 0.935517
vt 0.941557 0.451368
vt 0.948340 0.447548
vt 0.975587 0.439339
vt 0.980013 0.438938
vt 0.490179 0.470156
vt 0.489467 0.474052
vt 0.488841 0.470332
vt 0.564087 0.422671
vt 0.539195 0.440910
vt 0.538002 0.422423
vt 0.459499 0.421679
vt 0.486500 0.446147
vt 0.460135 0.447700
vt 0.565153 0.437154
vt 0.539337 0.441584
vt 0.462563 0.473697
vt 0.536128 0.507119
vt 0.521923 0.503703
vt 0.531039 0.487296
vt 0.579727 0.508684
vt 0.577094 0.502076
vt 0.585233 0.505947
vt 0.493813 0.499900
vt 0.466609 0.499403
vt 0.492589 0.494510
vt 0.493288 0.441283
vt 0.485817 0.421928
vt 0.549002 0.503025
vt 0.546044 0.490905
vt 0.565808 0.497676
vt 0.533907 0.441627
vt 0.590199 0.422918
vt 0.612106 0.429188
vt 0.590998 0.432923
vt 0.594814 0.442196
vt 0.611850 0.435773
vt 0.518476 0.489652
vt 0.517806 0.484578
vt 0.859400 0.682130
vt 0.863086 0.670358
vt 0.887863 0.668793
vt 0.511934 0.422176
vt 0.582411 0.524788
vt 0.586283 0.519587
vt 0.515200 0.952530
vt 0.530857 0.976184
vt 0.525660 0.979964
vt 0.611479 0.442498
vt 0.566274 0.441853
vt 0.593446 0.442164
vt 0.513177 0.402987
vt 0.534272 0.403146
vt 0.539545 0.403963
vt 0.486960 0.397727
vt 0.493501 0.398254
vt 0.493654 0.402719
vt 0.463550 0.369728
vt 0.460628 0.395674
vt 0.491093 0.373792
vt 0.539700 0.403291
vt 0.612221 0.417066
vt 0.612221 0.423127
vt 0.612090 0.410477
vt 0.591188 0.412931
vt 0.595179 0.403732
vt 0.565427 0.408211
vt 0.566637 0.403533
vt 0.532271 0.357430
vt 0.537735 0.337708
vt 0.547342 0.354107
vt 0.519755 0.354836
vt 0.518989 0.359896
vt 0.611846 0.403746
vt 0.593811 0.403738
vt 0.493964 0.349488
vt 0.491809 0.362247
vt 0.489758 0.373591
vt 0.490455 0.369883
vt 0.495291 0.344123
vt 0.488932 0.362204
vt 0.567231 0.347712
vt 0.565860 0.328936
vt 0.578598 0.343526
vt 0.550529 0.342045
vt 0.588118 0.326193
vt 0.586809 0.339811
vt 0.581356 0.336970
vt 0.564081 0.516423
vt 0.552517 0.511914
vt 0.468082 0.344103
vt 0.554212 0.333224
vt 0.584345 0.320919
vt 0.487799 0.481701
vt 0.924016 0.967965
vt 0.924016 0.991619
vt 0.908359 0.991619
vt 0.443518 0.613731
vt 0.446054 0.639485
vt 0.402643 0.639485
vt 0.887862 0.794504
vt 0.887862 0.876841
vt 0.856885 0.832144
vt 0.425290 0.931323
vt 0.431935 0.932278
vt 0.431935 0.976846
vt 0.228078 0.728383
vt 0.250356 0.728014
vt 0.275070 0.728834
vt 0.512813 0.441385
vt 0.493050 0.445744
vt 0.871137 0.652068
vt 0.887863 0.751130
vt 0.856885 0.713491
vt 0.872898 0.766095
vt 0.862016 0.741268
vt 0.857284 0.698973
vt 0.490676 0.481713
vt 0.515200 0.984919
vt 0.530857 0.952530
vt 0.523468 0.340853
vt 0.594408 0.336036
vt 0.592759 0.509865
vt 0.908359 0.959230
vt 0.918818 0.964185
vt 0.436006 0.690004
vt 0.423807 0.712827
vt 0.402643 0.712827
vt 0.402643 0.566144
vt 0.436006 0.588967
vt 0.423807 0.566144
vt 0.443518 0.665239
vt 0.871137 0.893567
vt 0.863086 0.875276
vt 0.859400 0.863504
vt 0.857284 0.846661
vt 0.862016 0.804366
vt 0.872898 0.779539
vt 0.412707 0.976846
vt 0.393478 0.976846
vt 0.400123 0.931323
vt 0.393478 0.932278
vt 0.406664 0.930745
vt 0.412707 0.930564
vt 0.418749 0.930745
vt 0.176333 0.730383
vt 0.174540 0.702488
vt 0.181626 0.729866
vt 0.179844 0.702147
vt 0.211385 0.729334
vt 0.194665 0.729383
vt 0.209245 0.657796
vt 0.192538 0.658295
vt 0.225951 0.657296
vt 0.250356 0.598869
vt 0.275070 0.598869
vn -1.0000 0.0000 0.0000
vn 1.0000 -0.0000 0.0000
vn 0.0000 -0.4226 -0.9063
vn 0.3229 -0.7236 0.6100
vn 0.4482 -0.5779 0.6820
vn 0.3539 -0.6498 0.6727
vn 0.0000 -0.9701 0.2426
vn 0.1385 -0.8998 0.4137
vn 0.0000 -0.9045 0.4265
vn 0.0000 -0.6001 0.7999
vn 0.1804 -0.6678 0.7221
vn 0.1867 -0.5938 0.7827
vn 0.1092 -0.9664 0.2325
vn 0.2031 -0.9004 0.3847
vn 0.3662 -0.5752 0.7315
vn 0.5122 -0.7937 0.3281
vn 0.5191 -0.7565 0.3977
vn 0.4762 -0.8038 0.3566
vn 0.4654 -0.8850 0.0088
vn 0.4627 -0.8826 0.0829
vn 0.4026 -0.9126 -0.0706
vn 0.5821 -0.6163 0.5304
vn 0.4704 -0.5572 0.6843
vn 0.5138 -0.6206 0.5924
vn 0.0865 -0.7418 0.6650
vn -0.0000 -0.6739 0.7388
vn 0.5021 -0.8333 0.2311
vn 0.4644 -0.8337 0.2988
vn 0.4742 -0.8704 0.1327
vn 0.0820 -0.8580 0.5070
vn -0.0000 -0.9988 0.0493
vn 0.0530 -0.9968 -0.0591
vn 0.0757 -0.9962 0.0422
vn 0.0910 -0.9936 -0.0675
vn 0.1042 -0.9919 -0.0726
vn 0.4630 -0.7564 0.4621
vn 0.3973 -0.7601 0.5143
vn 0.0000 -0.8044 0.5940
vn 0.5611 -0.8276 0.0180
vn 0.5108 -0.8594 -0.0222
vn 0.0000 0.3420 -0.9397
vn 0.1374 -0.9868 -0.0855
vn 0.1581 -0.9663 0.2029
vn 0.1070 -0.9942 0.0134
vn -0.0814 -0.8058 0.5866
vn -0.0820 -0.8580 0.5070
vn -0.1385 -0.8998 0.4137
vn -0.1804 -0.6678 0.7221
vn -0.1641 -0.7393 0.6530
vn -0.0865 -0.7418 0.6650
vn -0.3662 -0.5752 0.7315
vn -0.1867 -0.5938 0.7827
vn -0.3229 -0.7236 0.6100
vn -0.2031 -0.9004 0.3847
vn -0.0530 -0.9968 -0.0591
vn 0.0000 -0.9985 -0.0545
vn -0.1042 -0.9919 -0.0726
vn -0.0757 -0.9962 0.0422
vn -0.0910 -0.9936 -0.0675
vn -0.1092 -0.9664 0.2325
vn -0.1581 -0.9663 0.2029
vn -0.4762 -0.8038 0.3566
vn -0.5122 -0.7937 0.3281
vn -0.4644 -0.8337 0.2988
vn -0.4630 -0.7564 0.4621
vn -0.3973 -0.7601 0.5143
vn -0.1374 -0.9868 -0.0855
vn -0.1070 -0.9942 0.0134
vn -0.5138 -0.6206 0.5924
vn -0.4381 -0.6273 0.6439
vn -0.3539 -0.6498 0.6727
vn -0.4482 -0.5779 0.6820
vn -0.5821 -0.6163 0.5304
vn -0.4513 -0.5603 0.6945
vn -0.4742 -0.8704 0.1327
vn -0.5119 -0.8545 0.0885
vn -0.4627 -0.8826 0.0829
vn -0.5021 -0.8333 0.2311
vn -0.5108 -0.8594 -0.0222
vn -0.4026 -0.9126 -0.0706
vn -0.4654 -0.8850 0.0088
vn 0.5119 -0.8545 0.0885
vn 0.5240 -0.8379 0.1527
vn -0.4704 -0.5572 0.6843
vn -0.5240 -0.8379 0.1527
vn -0.5611 -0.8276 0.0180
vn 0.4513 -0.5603 0.6945
vn -0.0000 0.9397 0.3420
vn 0.0000 0.9063 -0.4226
vn 0.0814 -0.8058 0.5866
vn 0.1641 -0.7393 0.6530
vn 0.4381 -0.6273 0.6439
vn -0.5191 -0.7565 0.3977
vn -0.4173 -0.9041 -0.0917
vn 0.4173 -0.9041 -0.0917
usemtl Material
s off
f 999/1465/916 1040/1466/916 1038/1467/916
f 994/1468/917 1036/1469/917 995/1470/917
f 1016/1471/917 1026/1472/917 1025/1473/917
f 1015/1474/916 1018/1475/916 1020/1476/916
f 1011/1477/918 1024/1478/918 1016/1479/918
f 1036/1480/918 1035/1481/918 1030/1482/918
f 1040/1466/916 1041/1483/916 1035/1484/916
f 1041/1483/916 1044/1485/916 1035/1484/916
f 1044/1485/916 1045/1486/916 1035/1484/916
f 1035/1484/916 1038/1467/916 1040/1466/916
f 1038/1467/916 1029/1487/916 1002/1488/916
f 999/1465/916 1038/1467/916 996/1489/916
f 1002/1488/916 1031/1490/916 1038/1467/916
f 1031/1490/916 996/1489/916 1038/1467/916
f 994/1468/917 1032/1491/917 1039/1492/917
f 1032/1491/917 1037/1493/917 1039/1492/917
f 1037/1493/917 1034/1494/917 1039/1492/917
f 1034/1494/917 1033/1495/917 1039/1492/917
f 1033/1495/917 1042/1496/917 1039/1492/917
f 1039/1492/917 1036/1469/917 994/1468/917
f 1036/1469/917 997/1497/917 995/1470/917
f 1025/1473/917 1022/1498/917 1016/1471/917
f 1022/1498/917 1021/1499/917 1016/1471/917
f 1021/1499/917 1008/1500/917 1019/1501/917
f 1008/1500/917 1005/1502/917 1019/1501/917
f 1005/1502/917 1012/1503/917 1019/1501/917
f 1012/1503/917 1009/1504/917 1019/1501/917
f 1009/1504/917 1010/1505/917 1019/1501/917
f 1019/1501/917 1016/1471/917 1021/1499/917
f 1018/1475/916 1013/1506/916 1020/1476/916
f 1013/1506/916 1003/1507/916 1020/1476/916
f 1003/1507/916 1004/1508/916 1017/1509/916
f 1004/1508/916 1006/1510/916 1017/1509/916
f 1017/1509/916 1020/1476/916 1003/1507/916
f 1020/1476/916 1023/1511/916 1014/1512/916
f 1014/1512/916 1015/1474/916 1020/1476/916
f 1024/1478/918 1026/1513/918 1016/1479/918
f 1016/1479/918 1017/1514/918 1011/1477/918
f 1017/1514/918 1006/1515/918 1007/1516/918
f 1011/1477/918 1017/1514/918 1007/1516/918
f 1035/1481/918 1045/1517/918 1043/1518/918
f 1043/1518/918 1030/1482/918 1035/1481/918
f 1030/1482/918 998/1519/918 1036/1480/918
f 998/1519/918 997/1520/918 1036/1480/918
s 1
f 1030/1521/919 1043/1522/920 951/1523/921
f 943/1524/922 948/1525/923 944/1526/924
f 972/1527/925 949/1528/926 950/1529/927
f 947/1530/928 1032/1531/929 948/1525/923
f 949/1528/926 952/1532/930 950/1529/927
f 980/1533/931 982/1534/932 1040/1535/933
f 957/1536/934 1031/1537/935 1002/1538/936
f 979/1539/937 955/1540/938 954/1541/939
f 997/1542/940 949/1528/926 945/1543/941
f 956/1544/942 999/1545/943 996/1546/944
f 1032/1531/929 994/1547/945 948/1525/923
f 970/1548/946 977/1549/947 946/1550/948
f 1033/1551/949 946/1550/948 974/1552/950
f 953/1553/951 1041/1554/952 1040/1535/933
f 978/1555/917 981/1556/917 983/1557/917
f 994/1547/945 971/1558/953 944/1526/924
f 943/1524/922 946/1550/948 947/1530/928
f 949/1528/926 1030/1521/919 951/1523/921
f 976/1559/954 957/1536/934 975/1560/955
f 954/1541/939 1041/1554/952 953/1553/951
f 1038/1561/956 976/1562/956 975/1563/956
f 953/1553/951 979/1539/937 954/1541/939
f 1033/1551/949 974/1552/950 1042/1564/957
f 1037/1565/958 946/1550/948 1034/1566/959
f 971/1558/953 1004/1567/960 1003/1568/961
f 960/1569/962 943/1524/922 944/1526/924
f 961/1570/963 1007/1571/964 1006/1572/965
f 972/1527/925 961/1570/963 945/1543/941
f 964/1573/966 961/1570/963 962/1574/967
f 961/1570/963 1011/1575/968 1007/1571/964
f 1013/1576/969 960/1569/962 1003/1568/961
f 970/1548/946 987/1577/970 973/1578/971
f 984/1579/972 958/1580/973 1014/1581/974
f 959/1582/975 1013/1576/969 1018/1583/976
f 943/1524/922 958/1580/973 970/1548/946
f 1021/1584/977 990/1585/978 1008/1586/979
f 965/1587/980 1021/1584/977 1022/1588/981
f 1014/1581/974 1023/1589/982 984/1579/972
f 958/1580/973 1018/1583/976 1015/1590/983
f 966/1591/984 1022/1588/981 1025/1592/985
f 1011/1575/968 963/1593/986 1024/1594/987
f 989/1595/988 965/1587/980 966/1591/984
f 966/1591/984 1025/1592/985 1026/1596/989
f 1005/1597/990 991/1598/991 1012/1599/992
f 968/1600/993 1005/1597/990 1008/1586/979
f 985/1601/994 1009/1602/995 969/1603/996
f 969/1603/996 1009/1602/995 1012/1599/992
f 1002/1538/936 975/1560/955 957/1536/934
f 981/1604/997 978/1605/998 996/1546/944
f 978/1605/998 980/1533/931 956/1544/942
f 989/1595/988 966/1591/984 967/1606/999
f 988/1607/1000 968/1600/993 990/1585/978
f 986/1608/1001 969/1603/996 991/1598/991
f 955/1540/938 952/1532/930 1045/1609/1002
f 986/1610/956 1000/1611/956 1019/1612/956
f 962/1613/1003 972/1614/1003 1027/1615/1003
f 1001/1616/916 1000/1617/916 992/1618/916
f 984/1619/956 1023/1620/956 1020/1621/956
f 1017/1622/1004 1016/1623/1004 1001/1624/1004
f 943/1524/922 947/1530/928 948/1525/923
f 972/1527/925 945/1543/941 949/1528/926
f 947/1530/928 1037/1565/958 1032/1531/929
f 949/1528/926 951/1523/921 952/1532/930
f 982/1534/932 953/1553/951 1040/1535/933
f 1040/1535/933 999/1545/943 980/1533/931
f 999/1545/943 956/1544/942 980/1533/931
f 945/1543/941 971/1558/953 997/1542/940
f 971/1558/953 995/1625/1005 997/1542/940
f 997/1542/940 998/1626/1006 949/1528/926
f 970/1548/946 973/1578/971 977/1549/947
f 1034/1566/959 946/1550/948 1033/1551/949
f 946/1550/948 977/1549/947 974/1552/950
f 981/1556/917 976/1627/917 983/1557/917
f 983/1557/917 993/1628/917 982/1629/917
f 993/1628/917 955/1630/917 979/1631/917
f 982/1629/917 993/1628/917 979/1631/917
f 982/1629/917 980/1632/917 983/1557/917
f 980/1632/917 978/1555/917 983/1557/917
f 944/1526/924 948/1525/923 994/1547/945
f 994/1547/945 995/1625/1005 971/1558/953
f 943/1524/922 970/1548/946 946/1550/948
f 949/1528/926 998/1626/1006 1030/1521/919
f 976/1559/954 981/1604/997 957/1536/934
f 954/1541/939 1044/1633/1007 1041/1554/952
f 975/1563/956 1029/1634/956 1038/1561/956
f 1038/1561/956 983/1635/956 976/1562/956
f 953/1553/951 982/1534/932 979/1539/937
f 1037/1565/958 947/1530/928 946/1550/948
f 1003/1568/961 960/1569/962 944/1526/924
f 944/1526/924 971/1558/953 1003/1568/961
f 960/1569/962 959/1582/975 943/1524/922
f 1004/1567/960 971/1558/953 1006/1572/965
f 971/1558/953 945/1543/941 1006/1572/965
f 945/1543/941 961/1570/963 1006/1572/965
f 972/1527/925 962/1574/967 961/1570/963
f 964/1573/966 963/1593/986 961/1570/963
f 961/1570/963 963/1593/986 1011/1575/968
f 970/1548/946 958/1580/973 987/1577/970
f 987/1577/970 958/1580/973 984/1579/972
f 958/1580/973 1015/1590/983 1014/1581/974
f 959/1582/975 960/1569/962 1013/1576/969
f 943/1524/922 959/1582/975 958/1580/973
f 1021/1584/977 965/1587/980 992/1636/1008
f 992/1636/1008 990/1585/978 1021/1584/977
f 990/1585/978 968/1600/993 1008/1586/979
f 958/1580/973 959/1582/975 1018/1583/976
f 966/1591/984 965/1587/980 1022/1588/981
f 989/1595/988 992/1636/1008 965/1587/980
f 1026/1596/989 1024/1594/987 964/1573/966
f 1024/1594/987 963/1593/986 964/1573/966
f 964/1573/966 967/1606/999 1026/1596/989
f 967/1606/999 966/1591/984 1026/1596/989
f 1005/1597/990 968/1600/993 988/1607/1000
f 988/1607/1000 991/1598/991 1005/1597/990
f 991/1598/991 969/1603/996 1012/1599/992
f 985/1601/994 1010/1637/1009 1009/1602/995
f 1002/1538/936 1029/1638/1010 975/1560/955
f 978/1605/998 956/1544/942 996/1546/944
f 996/1546/944 1031/1537/935 981/1604/997
f 1031/1537/935 957/1536/934 981/1604/997
f 986/1608/1001 985/1601/994 969/1603/996
f 951/1523/921 1043/1522/920 952/1532/930
f 1043/1522/920 1045/1609/1002 952/1532/930
f 1045/1609/1002 1044/1633/1007 954/1541/939
f 954/1541/939 955/1540/938 1045/1609/1002
f 1019/1612/956 1010/1639/956 985/1640/956
f 985/1640/956 986/1610/956 1019/1612/956
f 952/1641/1003 955/1642/1003 993/1643/1003
f 1027/1615/1003 1001/1644/1003 964/1645/1003
f 1001/1644/1003 967/1646/1003 964/1645/1003
f 952/1641/1003 993/1643/1003 1027/1615/1003
f 972/1614/1003 950/1647/1003 1027/1615/1003
f 950/1647/1003 952/1641/1003 1027/1615/1003
f 964/1645/1003 962/1613/1003 1027/1615/1003
f 1000/1617/916 986/1648/916 991/1649/916
f 991/1649/916 988/1650/916 1000/1617/916
f 988/1650/916 990/1651/916 1000/1617/916
f 990/1651/916 992/1618/916 1000/1617/916
f 992/1618/916 989/1652/916 1001/1616/916
f 989/1652/916 967/1653/916 1001/1616/916
f 1020/1621/956 1028/1654/956 984/1619/956
f 1028/1654/956 1039/1655/956 974/1656/956
f 1039/1655/956 1042/1657/956 974/1656/956
f 974/1656/956 977/1658/956 1028/1654/956
f 977/1658/956 973/1659/956 1028/1654/956
f 973/1659/956 987/1660/956 1028/1654/956
f 987/1660/956 984/1619/956 1028/1654/956
f 993/1661/1004 983/1662/1004 1035/1663/1004
f 983/1662/1004 1038/1664/1004 1035/1663/1004
f 1001/1624/1004 1027/1665/1004 1017/1622/1004
f 1027/1665/1004 993/1661/1004 1036/1666/1004
f 1017/1622/1004 1027/1665/1004 1028/1667/1004
f 993/1661/1004 1035/1663/1004 1036/1666/1004
f 1036/1666/1004 1039/1668/1004 1028/1667/1004
f 1028/1667/1004 1020/1669/1004 1017/1622/1004
f 1016/1623/1004 1019/1670/1004 1000/1671/1004
f 1036/1666/1004 1028/1667/1004 1027/1665/1004
f 1016/1623/1004 1000/1671/1004 1001/1624/1004
o Cylinder
v -0.381427 1.250432 -0.117275
v 0.381427 1.250432 -0.117275
v -0.381427 1.255310 -0.117755
v 0.381427 1.255310 -0.117755
v -0.381427 1.260000 -0.119178
v 0.381427 1.260000 -0.119178
v -0.381427 1.264322 -0.121488
v 0.381427 1.264322 -0.121488
v -0.381427 1.268110 -0.124597
v 0.381427 1.268110 -0.124597
v -0.381427 1.271219 -0.128386
v 0.381427 1.271219 -0.128386
v -0.381427 1.273530 -0.132708
v 0.381427 1.273529 -0.132708
v -0.381427 1.274952 -0.137398
v 0.381427 1.274952 -0.137398
v -0.381427 1.275432 -0.142275
v 0.381427 1.275432 -0.142275
v -0.381427 1.274952 -0.147152
v 0.381427 1.274952 -0.147152
v -0.381427 1.273530 -0.151842
v 0.381427 1.273529 -0.151842
v -0.381427 1.271219 -0.156164
v 0.381427 1.271219 -0.156164
v -0.381427 1.268110 -0.159952
v 0.381427 1.268110 -0.159953
v -0.381427 1.264322 -0.163062
v 0.381427 1.264322 -0.163062
v -0.381427 1.260000 -0.165372
v 0.381427 1.260000 -0.165372
v -0.381427 1.255310 -0.166794
v 0.381427 1.255310 -0.166795
v -0.381427 1.250432 -0.167275
v 0.381427 1.250432 -0.167275
v -0.381427 1.245555 -0.166794
v 0.381427 1.245555 -0.166795
v -0.381427 1.240865 -0.165372
v 0.381427 1.240865 -0.165372
v -0.381427 1.236543 -0.163062
v 0.381427 1.236543 -0.163062
v -0.381427 1.232755 -0.159952
v 0.381427 1.232755 -0.159953
v -0.381427 1.229646 -0.156164
v 0.381427 1.229646 -0.156164
v -0.381427 1.227336 -0.151842
v 0.381427 1.227335 -0.151842
v -0.381427 1.225913 -0.147152
v 0.381427 1.225913 -0.147152
v -0.381427 1.225433 -0.142275
v 0.381427 1.225433 -0.142275
v -0.381427 1.225913 -0.137398
v 0.381427 1.225913 -0.137398
v -0.381427 1.227336 -0.132708
v 0.381427 1.227335 -0.132708
v -0.381427 1.229646 -0.128386
v 0.381427 1.229646 -0.128386
v -0.381427 1.232755 -0.124597
v 0.381427 1.232755 -0.124597
v -0.381427 1.236543 -0.121488
v 0.381427 1.236543 -0.121488
v -0.381427 1.240865 -0.119178
v 0.381427 1.240865 -0.119178
v -0.381427 1.245555 -0.117755
v 0.381427 1.245555 -0.117755
vt 0.908789 0.817224
vt 0.908922 0.538916
vt 0.908940 0.538586
vt 0.908866 0.817029
vt 0.908908 0.539224
vt 0.908928 0.816847
vt 0.908897 0.539509
vt 0.908976 0.816676
vt 0.908890 0.539771
vt 0.909010 0.816514
vt 0.908886 0.540010
vt 0.909030 0.816362
vt 0.908885 0.540227
vt 0.909037 0.816222
vt 0.908887 0.540421
vt 0.909032 0.816093
vt 0.908891 0.540591
vt 0.909017 0.815978
vt 0.908897 0.540740
vt 0.908991 0.815876
vt 0.908905 0.540865
vt 0.908956 0.815788
vt 0.908914 0.540968
vt 0.908912 0.815712
vt 0.908925 0.541048
vt 0.908864 0.815654
vt 0.908936 0.541105
vt 0.908812 0.815612
vt 0.908948 0.541139
vt 0.908757 0.815588
vt 0.908960 0.541150
vt 0.908643 0.815588
vt 0.908973 0.541139
vt 0.908985 0.541105
vt 0.908588 0.815614
vt 0.908996 0.541048
vt 0.908535 0.815656
vt 0.909007 0.540968
vt 0.908487 0.815714
vt 0.909016 0.540865
vt 0.908444 0.815788
vt 0.909024 0.540740
vt 0.908409 0.815877
vt 0.909031 0.540592
vt 0.908382 0.815980
vt 0.909035 0.540421
vt 0.908365 0.816096
vt 0.909037 0.540227
vt 0.908359 0.816224
vt 0.909037 0.540010
vt 0.908365 0.816364
vt 0.909033 0.539771
vt 0.908385 0.816514
vt 0.909027 0.539509
vt 0.908419 0.816672
vt 0.909017 0.539224
vt 0.908468 0.816839
vt 0.909003 0.538916
vt 0.908531 0.817014
vt 0.908985 0.538586
vt 0.578104 0.305878
vt 0.577657 0.307352
vt 0.576183 0.306904
vt 0.908608 0.817220
vt 0.908963 0.538233
vt 0.908698 0.817437
vt 0.592649 0.305308
vt 0.593839 0.306285
vt 0.592862 0.307475
vt 0.908700 0.815580
vt 0.576102 0.306707
vt 0.576060 0.306498
vt 0.576060 0.306284
vt 0.576102 0.306075
vt 0.576183 0.305878
vt 0.576631 0.305431
vt 0.576302 0.305700
vt 0.576453 0.305549
vt 0.576828 0.305349
vt 0.577037 0.305308
vt 0.577251 0.305308
vt 0.577460 0.305349
vt 0.577657 0.305431
vt 0.577835 0.305550
vt 0.577986 0.305701
vt 0.578186 0.306075
vt 0.578227 0.306285
vt 0.578227 0.306498
vt 0.578186 0.306708
vt 0.578104 0.306905
vt 0.577985 0.307082
vt 0.577834 0.307233
vt 0.577460 0.307433
vt 0.576827 0.307433
vt 0.577250 0.307475
vt 0.577037 0.307475
vt 0.576630 0.307351
vt 0.576453 0.307233
vt 0.576302 0.307082
vt 0.592862 0.305308
vt 0.593071 0.305349
vt 0.593269 0.305431
vt 0.593446 0.305550
vt 0.593597 0.305700
vt 0.593716 0.305878
vt 0.593797 0.306075
vt 0.593839 0.306498
vt 0.593797 0.306707
vt 0.593716 0.306905
vt 0.593597 0.307082
vt 0.593446 0.307233
vt 0.593269 0.307352
vt 0.593071 0.307433
vt 0.592649 0.307475
vt 0.592064 0.307233
vt 0.592439 0.307433
vt 0.592242 0.307352
vt 0.591914 0.307082
vt 0.591795 0.306905
vt 0.591713 0.306707
vt 0.591672 0.306498
vt 0.591672 0.306285
vt 0.591713 0.306075
vt 0.591795 0.305878
vt 0.591914 0.305700
vt 0.592065 0.305550
vt 0.592242 0.305431
vt 0.592439 0.305349
vn 0.0000 -0.0000 1.0000
vn 0.0000 0.1951 0.9808
vn 0.0000 0.3827 0.9239
vn 0.0000 0.5556 0.8315
vn 0.0000 0.7071 0.7071
vn 0.0000 0.8315 0.5556
vn 0.0000 0.9239 0.3827
vn 0.0000 0.9808 0.1950
vn 0.0000 0.9808 0.1951
vn 0.0000 1.0000 -0.0000
vn 0.0000 0.9808 -0.1951
vn 0.0000 0.9808 -0.1950
vn 0.0000 0.9239 -0.3827
vn -0.0000 0.8315 -0.5556
vn -0.0000 0.7071 -0.7071
vn -0.0000 0.5556 -0.8315
vn -0.0000 0.3827 -0.9239
vn -0.0000 0.1951 -0.9808
vn -0.0000 0.0000 -1.0000
vn -0.0000 -0.1951 -0.9808
vn -0.0000 -0.3827 -0.9239
vn -0.0000 -0.5556 -0.8315
vn -0.0000 -0.7071 -0.7071
vn -0.0000 -0.8315 -0.5556
vn -0.0000 -0.9239 -0.3827
vn -0.0000 -0.9808 -0.1950
vn -0.0000 -0.9808 -0.1951
vn -0.0000 -1.0000 0.0000
vn -0.0000 -0.9808 0.1951
vn -0.0000 -0.9808 0.1950
vn -0.0000 -0.9239 0.3827
vn 0.0000 -0.8315 0.5556
vn 0.0000 -0.7071 0.7071
vn 0.0000 -0.5556 0.8315
vn 0.0000 -0.3827 0.9239
vn 1.0000 -0.0000 0.0000
vn 0.0000 -0.1951 0.9808
vn -1.0000 0.0000 0.0000
vn 1.0000 0.0001 0.0000
usemtl Material
s 1
f 1047/1672/1011 1048/1673/1012 1046/1674/1011
f 1049/1675/1012 1050/1676/1013 1048/1673/1012
f 1051/1677/1013 1052/1678/1014 1050/1676/1013
f 1053/1679/1014 1054/1680/1015 1052/1678/1014
f 1055/1681/1015 1056/1682/1016 1054/1680/1015
f 1057/1683/1016 1058/1684/1017 1056/1682/1016
f 1059/1685/1017 1060/1686/1018 1058/1684/1017
f 1061/1687/1019 1062/1688/1020 1060/1686/1018
f 1063/1689/1020 1064/1690/1021 1062/1688/1020
f 1065/1691/1022 1066/1692/1023 1064/1690/1021
f 1067/1693/1023 1068/1694/1024 1066/1692/1023
f 1069/1695/1024 1070/1696/1025 1068/1694/1024
f 1071/1697/1025 1072/1698/1026 1070/1696/1025
f 1073/1699/1026 1074/1700/1027 1072/1698/1026
f 1075/1701/1027 1076/1702/1028 1074/1700/1027
f 1076/1702/1028 1079/1703/1029 1078/1704/1029
f 1079/1703/1029 1080/1705/1030 1078/1704/1029
f 1081/1706/1030 1082/1707/1031 1080/1705/1030
f 1083/1708/1031 1084/1709/1032 1082/1707/1031
f 1085/1710/1032 1086/1711/1033 1084/1709/1032
f 1087/1712/1033 1088/1713/1034 1086/1711/1033
f 1089/1714/1034 1090/1715/1035 1088/1713/1034
f 1091/1716/1035 1092/1717/1036 1090/1715/1035
f 1093/1718/1037 1094/1719/1038 1092/1717/1036
f 1095/1720/1038 1096/1721/1039 1094/1719/1038
f 1097/1722/1040 1098/1723/1041 1096/1721/1039
f 1099/1724/1041 1100/1725/1042 1098/1723/1041
f 1101/1726/1042 1102/1727/1043 1100/1725/1042
f 1103/1728/1043 1104/1729/1044 1102/1727/1043
f 1105/1730/1044 1106/1731/1045 1104/1729/1044
f 1083/1732/1046 1067/1733/1046 1051/1734/1046
f 1107/1735/1045 1108/1736/1047 1106/1731/1045
f 1109/1737/1047 1046/1674/1011 1108/1736/1047
f 1108/1738/1048 1060/1739/1048 1076/1740/1048
f 1047/1672/1011 1049/1675/1012 1048/1673/1012
f 1049/1675/1012 1051/1677/1013 1050/1676/1013
f 1051/1677/1013 1053/1679/1014 1052/1678/1014
f 1053/1679/1014 1055/1681/1015 1054/1680/1015
f 1055/1681/1015 1057/1683/1016 1056/1682/1016
f 1057/1683/1016 1059/1685/1017 1058/1684/1017
f 1059/1685/1017 1061/1687/1019 1060/1686/1018
f 1061/1687/1019 1063/1689/1020 1062/1688/1020
f 1063/1689/1020 1065/1691/1022 1064/1690/1021
f 1065/1691/1022 1067/1693/1023 1066/1692/1023
f 1067/1693/1023 1069/1695/1024 1068/1694/1024
f 1069/1695/1024 1071/1697/1025 1070/1696/1025
f 1071/1697/1025 1073/1699/1026 1072/1698/1026
f 1073/1699/1026 1075/1701/1027 1074/1700/1027
f 1075/1701/1027 1077/1741/1028 1076/1702/1028
f 1076/1702/1028 1077/1741/1028 1079/1703/1029
f 1079/1703/1029 1081/1706/1030 1080/1705/1030
f 1081/1706/1030 1083/1708/1031 1082/1707/1031
f 1083/1708/1031 1085/1710/1032 1084/1709/1032
f 1085/1710/1032 1087/1712/1033 1086/1711/1033
f 1087/1712/1033 1089/1714/1034 1088/1713/1034
f 1089/1714/1034 1091/1716/1035 1090/1715/1035
f 1091/1716/1035 1093/1718/1037 1092/1717/1036
f 1093/1718/1037 1095/1720/1038 1094/1719/1038
f 1095/1720/1038 1097/1722/1040 1096/1721/1039
f 1097/1722/1040 1099/1724/1041 1098/1723/1041
f 1099/1724/1041 1101/1726/1042 1100/1725/1042
f 1101/1726/1042 1103/1728/1043 1102/1727/1043
f 1103/1728/1043 1105/1730/1044 1104/1729/1044
f 1105/1730/1044 1107/1735/1045 1106/1731/1045
f 1051/1734/1046 1049/1742/1046 1047/1743/1046
f 1047/1743/1046 1109/1744/1046 1107/1745/1046
f 1107/1745/1046 1105/1746/1046 1099/1747/1046
f 1105/1746/1046 1103/1748/1046 1099/1747/1046
f 1103/1748/1046 1101/1749/1046 1099/1747/1046
f 1099/1747/1046 1097/1750/1046 1095/1751/1049
f 1095/1751/1049 1093/1752/1046 1099/1747/1046
f 1093/1752/1046 1091/1753/1046 1099/1747/1046
f 1091/1753/1046 1089/1754/1046 1087/1755/1046
f 1087/1755/1046 1085/1756/1046 1083/1732/1046
f 1083/1732/1046 1081/1757/1046 1079/1758/1046
f 1079/1758/1046 1077/1759/1046 1075/1760/1046
f 1075/1760/1046 1073/1761/1046 1067/1733/1046
f 1073/1761/1046 1071/1762/1046 1067/1733/1046
f 1071/1762/1046 1069/1763/1046 1067/1733/1046
f 1067/1733/1046 1065/1764/1046 1059/1765/1046
f 1065/1764/1046 1063/1766/1046 1059/1765/1046
f 1063/1766/1046 1061/1767/1046 1059/1765/1046
f 1059/1765/1046 1057/1768/1046 1055/1769/1046
f 1055/1769/1046 1053/1770/1046 1059/1765/1046
f 1053/1770/1046 1051/1734/1046 1059/1765/1046
f 1051/1734/1046 1047/1743/1046 1107/1745/1046
f 1091/1753/1046 1087/1755/1046 1099/1747/1046
f 1087/1755/1046 1083/1732/1046 1099/1747/1046
f 1083/1732/1046 1079/1758/1046 1075/1760/1046
f 1051/1734/1046 1107/1745/1046 1083/1732/1046
f 1107/1745/1046 1099/1747/1046 1083/1732/1046
f 1083/1732/1046 1075/1760/1046 1067/1733/1046
f 1067/1733/1046 1059/1765/1046 1051/1734/1046
f 1107/1735/1045 1109/1737/1047 1108/1736/1047
f 1109/1737/1047 1047/1672/1011 1046/1674/1011
f 1108/1738/1048 1046/1771/1048 1048/1772/1048
f 1048/1772/1048 1050/1773/1048 1052/1774/1048
f 1052/1774/1048 1054/1775/1048 1056/1776/1048
f 1056/1776/1048 1058/1777/1048 1060/1739/1048
f 1060/1739/1048 1062/1778/1048 1064/1779/1048
f 1064/1779/1048 1066/1780/1048 1068/1781/1048
f 1068/1781/1048 1070/1782/1048 1072/1783/1048
f 1072/1783/1048 1074/1784/1048 1068/1781/1048
f 1074/1784/1048 1076/1740/1048 1068/1781/1048
f 1076/1740/1048 1078/1785/1048 1084/1786/1048
f 1078/1785/1048 1080/1787/1048 1084/1786/1048
f 1080/1787/1048 1082/1788/1048 1084/1786/1048
f 1084/1786/1048 1086/1789/1048 1088/1790/1048
f 1088/1790/1048 1090/1791/1048 1092/1792/1048
f 1092/1792/1048 1094/1793/1048 1096/1794/1048
f 1096/1794/1048 1098/1795/1048 1092/1792/1048
f 1098/1795/1048 1100/1796/1048 1092/1792/1048
f 1100/1796/1048 1102/1797/1048 1104/1798/1048
f 1104/1798/1048 1106/1799/1048 1108/1738/1048
f 1108/1738/1048 1048/1772/1048 1060/1739/1048
f 1048/1772/1048 1052/1774/1048 1060/1739/1048
f 1052/1774/1048 1056/1776/1048 1060/1739/1048
f 1060/1739/1048 1064/1779/1048 1068/1781/1048
f 1084/1786/1048 1088/1790/1048 1092/1792/1048
f 1100/1796/1048 1104/1798/1048 1108/1738/1048
f 1060/1739/1048 1068/1781/1048 1076/1740/1048
f 1076/1740/1048 1084/1786/1048 1108/1738/1048
f 1084/1786/1048 1092/1792/1048 1108/1738/1048
f 1092/1792/1048 1100/1796/1048 1108/1738/1048
o Cube.002_Cube.004
v -0.113548 0.324689 -1.230711
v -0.102513 0.735641 -1.184367
v -0.148825 0.610840 -1.217687
v -0.189419 0.479987 -1.225427
v -0.222733 0.348109 -1.207291
v -0.148825 0.753146 -1.166862
v -0.216061 0.636252 -1.192275
v -0.274993 0.512330 -1.193084
v -0.189419 0.776702 -1.143306
v -0.274993 0.670451 -1.158076
v -0.105567 0.815625 -1.137786
v -0.215210 0.798924 -1.121084
v -0.236452 0.792687 -1.114848
v -0.157992 0.808457 -1.130617
v -0.300000 0.226789 -1.137595
v -0.300000 0.240123 -1.144128
v -0.300000 0.226789 -0.974456
v -0.300000 0.652296 -0.974456
v -0.300000 0.447084 -1.180766
v -0.300000 0.377313 -1.178088
v -0.300000 0.632246 -1.155236
v -0.300000 0.526842 -1.178572
v -0.300000 0.691997 -1.136529
v -0.300000 0.733776 -1.115986
v -0.300000 0.771403 -1.093563
v -0.100000 0.652296 -0.974456
v -0.100000 0.741339 -1.181486
v -0.100000 0.816191 -1.138351
v -0.100000 0.735102 -1.184906
v -0.100000 0.323746 -1.231655
v -0.100000 0.226789 -1.202244
v -0.100000 0.226789 -0.974456
v -0.100000 0.600367 -1.228160
v -0.100000 0.460806 -1.244608
v -0.100000 0.432686 -1.242385
v -0.123020 0.226789 -1.200154
v -0.264722 0.226789 -1.157462
v -0.246226 0.226789 -1.166183
v -0.186844 0.488287 -1.224936
v -0.234990 0.497211 -1.208203
v -0.287808 0.478895 -1.186772
v -0.300000 0.474674 -1.180007
v -0.163882 0.483930 -1.229795
v -0.278220 0.665522 -1.157709
v -0.300000 0.700136 -1.132527
v -0.100000 0.543450 -1.234868
v -0.227839 0.611485 -1.192436
v -0.159958 0.574954 -1.219810
v -0.288803 0.682350 -1.146177
v -0.253037 0.625409 -1.177969
v -0.218845 0.630398 -1.192313
v -0.252235 0.657244 -1.171282
v -0.100000 0.567197 -1.232069
v -0.267063 0.680297 -1.156707
v -0.153666 0.595236 -1.218610
v -0.243959 0.644434 -1.177858
vt 0.048052 0.897567
vt 0.048052 0.812326
vt 0.006722 0.853435
vt 0.824611 0.196394
vt 0.833276 0.223385
vt 0.875435 0.206797
vt 0.065130 0.911430
vt 0.060519 0.911011
vt 0.060519 0.956643
vt 0.024191 0.788465
vt 0.019699 0.796003
vt 0.016386 0.802742
vt 0.015584 0.804372
vt 0.011837 0.816342
vt 0.007162 0.837458
vt 0.006874 0.847908
vt 0.007259 0.867413
vt 0.014062 0.894896
vt 0.015370 0.897567
vt 0.842602 0.239630
vt 0.833961 0.224635
vt 0.875435 0.121556
vt 0.821761 0.162803
vt 0.821316 0.168436
vt 0.829803 0.121556
vt 0.823911 0.140979
vt 0.823267 0.184992
vt 0.823828 0.189749
vt 0.100584 0.956643
vt 0.089812 0.918235
vt 0.100584 0.923962
vt 0.093517 0.919982
vt 0.733010 0.898851
vt 0.730640 0.877026
vt 0.730286 0.899007
vt 0.730740 0.919354
vt 0.735406 0.919368
vt 0.755424 0.895101
vt 0.761105 0.920504
vt 0.749375 0.868410
vt 0.759311 0.865439
vt 0.748989 0.866708
vt 0.556935 0.920441
vt 0.557458 0.921715
vt 0.557439 0.920285
vt 0.744232 0.867335
vt 0.730823 0.871329
vt 0.532932 0.902111
vt 0.546456 0.895094
vt 0.910188 0.845680
vt 0.912593 0.835906
vt 0.909749 0.835208
vt 0.772907 0.876321
vt 0.522444 0.913240
vt 0.539276 0.931656
vt 0.547595 0.925275
vt 0.556163 0.891956
vt 0.765201 0.920839
vt 0.772958 0.918704
vt 0.773302 0.921671
vt 0.911348 0.877577
vt 0.909492 0.867298
vt 0.908607 0.879811
vt 0.919845 0.865308
vt 0.925468 0.862137
vt 0.545594 0.938496
vt 0.556328 0.939044
vt 0.515200 0.935340
vt 0.529210 0.937175
vt 0.515420 0.926541
vt 0.533805 0.937690
vt 0.888879 0.206797
vt 0.928945 0.121556
vt 0.888879 0.121556
vt 0.116270 0.953062
vt 0.156336 0.953062
vt 0.129000 0.913288
vt 0.915789 0.842435
vt 0.924186 0.839007
vt 0.952035 0.847561
vt 0.952035 0.830882
vt 0.939007 0.835832
vt 0.939807 0.854186
vt 0.770550 0.869772
vt 0.773302 0.870782
vt 0.365661 0.948748
vt 0.372619 0.934244
vt 0.368672 0.932642
vt 0.369742 0.949719
vt 0.364527 0.955101
vt 0.908359 0.881612
vt 0.375050 0.922060
vt 0.371360 0.919007
vt 0.368626 0.969449
vt 0.368605 0.965094
vt 0.367427 0.965004
vt 0.369894 0.974313
vt 0.371143 0.965289
vt 0.369532 0.959277
vt 0.545195 0.892071
vt 0.555608 0.885288
vt 0.532240 0.901010
vt 0.527013 0.904819
vt 0.525424 0.907761
vt 0.772257 0.890332
vt 0.557458 0.939086
vt 0.914053 0.873851
vt 0.928945 0.206797
vt 0.156336 0.906629
vt 0.155220 0.906789
vt 0.144718 0.908820
vt 0.133256 0.911521
vt 0.116270 0.919318
vt 0.934324 0.836813
vt 0.368636 0.956073
vt 0.375050 0.979785
vn -1.0000 0.0000 0.0000
vn 1.0000 0.0000 0.0000
vn 0.0000 -1.0000 0.0000
vn -0.1626 -0.1871 -0.9688
vn -0.2190 -0.0777 -0.9726
vn -0.0818 -0.1977 -0.9768
vn -0.0865 -0.2892 -0.9534
vn -0.1797 -0.2772 -0.9439
vn -0.3189 -0.1535 -0.9353
vn -0.3517 -0.2386 -0.9052
vn -0.2718 0.0339 -0.9618
vn -0.3341 0.0568 -0.9408
vn -0.2428 0.1322 -0.9610
vn -0.1484 0.3983 -0.9052
vn -0.1311 0.4928 -0.8602
vn -0.1161 0.3773 -0.9188
vn -0.1847 0.1150 -0.9760
vn -0.2085 0.0062 -0.9780
vn -0.3110 0.2568 -0.9151
vn -0.2142 0.2203 -0.9516
vn -0.4352 0.1396 -0.8895
vn -0.4295 -0.0059 -0.9031
vn -0.4913 0.0239 -0.8706
vn -0.3822 -0.0279 -0.9237
vn -0.3333 0.3879 -0.8593
vn -0.2743 0.4578 -0.8457
vn -0.2155 0.4237 -0.8798
vn -0.1655 0.1950 -0.9667
vn -0.4211 -0.2394 -0.8748
vn -0.4336 -0.2962 -0.8510
vn -0.4513 -0.3926 -0.8014
vn -0.4309 0.3370 -0.8371
vn -0.4230 0.2114 -0.8811
vn -0.3993 0.3737 -0.8372
vn -0.4036 0.1978 -0.8933
vn -0.3525 0.1736 -0.9196
vn -0.1948 0.5241 -0.8291
vn -0.1520 0.5016 -0.8516
vn -0.4173 0.4652 -0.7807
vn -0.3747 0.4201 -0.8265
vn -0.3814 0.4272 -0.8198
vn -0.3261 0.4519 -0.8303
vn 0.0000 -0.0000 1.0000
vn 0.0000 0.7071 0.7071
vn -0.3945 0.0803 -0.9154
vn -0.3524 0.1736 -0.9196
vn -0.3658 0.4107 -0.8352
vn -0.3958 0.3061 -0.8658
vn -0.4486 0.2294 -0.8638
vn -0.3536 0.2824 -0.8917
vn -0.3879 -0.1114 -0.9149
vn -0.1375 0.4946 -0.8582
usemtl Material
s off
f 1126/1800/1050 1127/1801/1050 1128/1802/1050
f 1142/1803/1051 1138/1804/1051 1135/1805/1051
f 1145/1806/1052 1140/1807/1052 1141/1808/1052
f 1134/1809/1050 1133/1810/1050 1127/1801/1050
f 1133/1810/1050 1154/1811/1050 1127/1801/1050
f 1154/1811/1050 1132/1812/1050 1127/1801/1050
f 1132/1812/1050 1130/1813/1050 1127/1801/1050
f 1130/1813/1050 1131/1814/1050 1127/1801/1050
f 1131/1814/1050 1151/1815/1050 1127/1801/1050
f 1151/1815/1050 1128/1802/1050 1127/1801/1050
f 1128/1802/1050 1129/1816/1050 1126/1800/1050
f 1129/1816/1050 1125/1817/1050 1126/1800/1050
f 1125/1817/1050 1124/1818/1050 1126/1800/1050
f 1137/1819/1051 1135/1805/1051 1136/1820/1051
f 1135/1805/1051 1141/1821/1051 1144/1822/1051
f 1135/1805/1051 1144/1822/1051 1143/1823/1051
f 1141/1821/1051 1140/1824/1051 1139/1825/1051
f 1139/1825/1051 1144/1822/1051 1141/1821/1051
f 1155/1826/1051 1162/1827/1051 1135/1805/1051
f 1162/1827/1051 1142/1803/1051 1135/1805/1051
f 1143/1823/1051 1155/1826/1051 1135/1805/1051
f 1138/1804/1051 1136/1820/1051 1135/1805/1051
f 1141/1808/1052 1126/1828/1052 1147/1829/1052
f 1126/1828/1052 1124/1830/1052 1146/1831/1052
f 1147/1829/1052 1126/1828/1052 1146/1831/1052
f 1147/1829/1052 1145/1806/1052 1141/1808/1052
s 1
f 1110/1832/1053 1144/1833/1054 1139/1834/1055
f 1110/1832/1053 1140/1835/1056 1145/1836/1057
f 1114/1837/1058 1145/1836/1057 1147/1838/1059
f 1144/1833/1054 1110/1832/1053 1114/1837/1058
f 1113/1839/1060 1149/1840/1061 1148/1841/1062
f 1111/1842/1063 1136/1843/1064 1138/1844/1065
f 1113/1839/1060 1152/1845/1066 1143/1846/1067
f 1116/1847/1068 1111/1842/1063 1112/1848/1069
f 1131/1849/1070 1150/1850/1071 1151/1851/1072
f 1128/1852/1073 1149/1840/1061 1114/1837/1058
f 1163/1853/1074 1118/1854/1075 1115/1855/1076
f 1136/1843/1064 1111/1842/1063 1115/1855/1076
f 1112/1848/1069 1138/1844/1065 1142/1856/1077
f 1114/1837/1058 1146/1857/1078 1125/1858/1079
f 1125/1858/1079 1146/1857/1078 1124/1859/1080
f 1158/1860/1081 1130/1861/1082 1132/1862/1083
f 1159/1863/1084 1156/1864/1085 1131/1849/1070
f 1115/1855/1076 1123/1865/1086 1120/1866/1087
f 1134/1867/1088 1122/1868/1089 1133/1869/1090
f 1118/1854/1075 1121/1870/1091 1123/1865/1086
f 1163/1853/1074 1133/1869/1090 1122/1868/1089
f 1135/1871/1092 1126/1872/1092 1141/1873/1092
f 1127/1874/1093 1135/1875/1093 1122/1876/1093
f 1150/1850/1071 1117/1877/1094 1149/1878/1061
f 1155/1879/1066 1143/1880/1067 1152/1881/1066
f 1157/1882/1062 1149/1878/1061 1156/1864/1085
f 1150/1883/1071 1128/1852/1073 1151/1884/1072
f 1156/1885/1085 1164/1886/1062 1157/1887/1062
f 1160/1888/1095 1156/1885/1085 1159/1889/1084
f 1158/1860/1081 1132/1862/1083 1154/1890/1096
f 1157/1887/1062 1162/1891/1066 1155/1892/1066
f 1158/1893/1081 1119/1894/1097 1153/1895/1098
f 1154/1896/1096 1163/1897/1074 1158/1893/1081
f 1161/1898/1099 1119/1894/1097 1163/1897/1074
f 1164/1899/1062 1142/1856/1077 1162/1900/1066
f 1160/1901/1095 1112/1848/1069 1164/1899/1062
f 1116/1847/1068 1165/1902/1084 1161/1903/1099
f 1110/1832/1053 1139/1834/1055 1140/1835/1056
f 1114/1837/1058 1110/1832/1053 1145/1836/1057
f 1114/1837/1058 1113/1839/1060 1144/1833/1054
f 1113/1839/1060 1143/1846/1067 1144/1833/1054
f 1113/1839/1060 1148/1841/1062 1152/1845/1066
f 1116/1847/1068 1115/1855/1076 1111/1842/1063
f 1131/1849/1070 1117/1877/1094 1150/1850/1071
f 1113/1839/1060 1114/1837/1058 1149/1840/1061
f 1114/1837/1058 1129/1904/1100 1128/1852/1073
f 1128/1852/1073 1150/1883/1071 1149/1840/1061
f 1115/1855/1076 1116/1847/1068 1161/1903/1099
f 1161/1903/1099 1163/1853/1074 1115/1855/1076
f 1115/1855/1076 1120/1866/1087 1136/1843/1064
f 1120/1866/1087 1137/1905/1101 1136/1843/1064
f 1112/1848/1069 1111/1842/1063 1138/1844/1065
f 1125/1858/1079 1129/1904/1100 1114/1837/1058
f 1114/1837/1058 1147/1838/1059 1146/1857/1078
f 1158/1860/1081 1153/1906/1098 1130/1861/1082
f 1156/1864/1085 1117/1877/1094 1131/1849/1070
f 1131/1849/1070 1130/1861/1082 1159/1863/1084
f 1130/1861/1082 1153/1906/1098 1159/1863/1084
f 1115/1855/1076 1118/1854/1075 1123/1865/1086
f 1122/1868/1089 1121/1870/1091 1118/1854/1075
f 1118/1854/1075 1163/1853/1074 1122/1868/1089
f 1135/1871/1092 1127/1907/1092 1126/1872/1092
f 1137/1908/1093 1120/1909/1093 1135/1875/1093
f 1120/1909/1093 1123/1910/1093 1135/1875/1093
f 1123/1910/1093 1121/1911/1093 1135/1875/1093
f 1121/1911/1093 1122/1876/1093 1135/1875/1093
f 1122/1876/1093 1134/1912/1093 1127/1874/1093
f 1152/1881/1066 1148/1913/1062 1157/1882/1062
f 1157/1882/1062 1155/1879/1066 1152/1881/1066
f 1148/1913/1062 1149/1878/1061 1157/1882/1062
f 1149/1878/1061 1117/1877/1094 1156/1864/1085
f 1156/1885/1085 1160/1888/1095 1164/1886/1062
f 1159/1889/1084 1153/1895/1098 1161/1898/1099
f 1153/1895/1098 1119/1894/1097 1161/1898/1099
f 1161/1898/1099 1165/1914/1084 1159/1889/1084
f 1165/1914/1084 1160/1888/1095 1159/1889/1084
f 1157/1887/1062 1164/1886/1062 1162/1891/1066
f 1133/1915/1090 1163/1897/1074 1154/1896/1096
f 1163/1897/1074 1119/1894/1097 1158/1893/1081
f 1164/1899/1062 1112/1848/1069 1142/1856/1077
f 1160/1901/1095 1116/1847/1068 1112/1848/1069
f 1116/1847/1068 1160/1901/1095 1165/1902/1084
o Sphere.004_Sphere.005
v 0.274993 0.249865 0.881805
v 0.189419 0.164291 0.946492
v 0.274993 0.386428 0.794751
v 0.216061 0.298230 0.881805
v 0.148825 0.197605 0.946492
v 0.222733 0.512596 0.688676
v 0.189418 0.432169 0.794751
v 0.148825 0.334168 0.881805
v 0.102513 0.222360 0.946492
v 0.113548 0.545717 0.688676
v 0.300000 0.433743 0.438250
v 0.300000 0.132865 0.739129
v 0.100000 0.132865 0.739129
v 0.100000 0.433743 0.438250
v 0.100000 0.459294 0.794751
v 0.100000 0.477606 0.773295
v 0.100000 0.132865 0.970911
v 0.105567 0.132865 0.970111
v 0.100000 0.216294 0.948484
v 0.246226 0.569314 0.573821
v 0.123020 0.593336 0.597842
v 0.264721 0.563148 0.567655
v 0.300000 0.544291 0.567655
v 0.100000 0.348979 0.881805
v 0.100000 0.223122 0.946492
v 0.300000 0.471296 0.688676
v 0.300000 0.132865 0.907571
v 0.236453 0.132865 0.937672
v 0.300000 0.175326 0.896821
v 0.157993 0.132865 0.959974
v 0.215209 0.132865 0.946492
v 0.300000 0.274872 0.852782
v 0.300000 0.219394 0.881805
v 0.100000 0.594813 0.599320
v 0.100000 0.547051 0.688676
v 0.300000 0.549100 0.553606
v 0.300000 0.365906 0.794751
v 0.300000 0.423854 0.739905
v 0.100000 0.248684 0.933354
v 0.205309 0.282139 0.892149
v 0.232529 0.284715 0.881805
v 0.117480 0.258494 0.925586
v 0.150342 0.276938 0.908530
v 0.184912 0.314879 0.881805
v 0.232004 0.322091 0.858254
v 0.300000 0.332503 0.816044
v 0.156329 0.352284 0.865713
v 0.100000 0.425997 0.821027
v 0.245819 0.342766 0.837847
v 0.164400 0.371770 0.848404
v 0.300000 0.350996 0.804255
v 0.191781 0.334558 0.864823
vt 0.739211 0.758133
vt 0.743356 0.749704
vt 0.771911 0.766143
vt 0.788934 0.571300
vt 0.830705 0.553335
vt 0.833167 0.560115
vt 0.017572 0.949694
vt 0.013840 0.947934
vt 0.006722 0.911011
vt 0.747880 0.742112
vt 0.771911 0.851994
vt 0.730286 0.807547
vt 0.738996 0.851994
vt 0.737678 0.849304
vt 0.730826 0.821624
vt 0.730728 0.791455
vt 0.731499 0.787972
vt 0.732456 0.783652
vt 0.735437 0.770189
vt 0.840122 0.581778
vt 0.842439 0.601436
vt 0.843441 0.609936
vt 0.842992 0.615609
vt 0.840827 0.637589
vt 0.788934 0.657151
vt 0.834893 0.657151
vt 0.822002 0.538233
vt 0.831395 0.554593
vt 0.006722 0.943926
vt 0.047074 0.911011
vt 0.047074 0.956970
vt 0.042430 0.956548
vt 0.914108 0.271142
vt 0.891619 0.275259
vt 0.888914 0.253336
vt 0.894341 0.295879
vt 0.920238 0.296634
vt 0.961115 0.008192
vt 0.955151 0.008220
vt 0.960934 0.007694
vt 0.978299 0.049356
vt 0.969445 0.049629
vt 0.979355 0.035174
vt 0.962369 0.007605
vt 0.953948 0.045064
vt 0.960041 0.050155
vt 0.947489 0.051640
vt 0.889643 0.295935
vt 0.888879 0.275457
vt 0.973277 0.025362
vt 0.979815 0.018658
vt 0.966430 0.017327
vt 0.979815 0.007858
vt 0.979628 0.030534
vt 0.924370 0.296906
vt 0.932152 0.294633
vt 0.932545 0.297617
vt 0.953004 0.012009
vt 0.948787 0.019242
vt 0.926199 0.238527
vt 0.932115 0.235722
vt 0.931422 0.251896
vt 0.907606 0.244408
vt 0.946699 0.036696
vt 0.947479 0.030830
vt 0.932545 0.232148
vt 0.270385 0.954144
vt 0.263779 0.957647
vt 0.267570 0.947610
vt 0.979799 0.006722
vt 0.261909 0.930039
vt 0.259501 0.941638
vt 0.242103 0.930258
vt 0.842731 0.524788
vt 0.883083 0.438938
vt 0.883083 0.524788
vt 0.817586 0.903850
vt 0.828163 0.901805
vt 0.829287 0.948408
vt 0.274292 0.952073
vt 0.272697 0.957763
vt 0.264354 0.940026
vt 0.277051 0.940769
vt 0.282113 0.934113
vt 0.284682 0.930612
vt 0.971246 0.549055
vt 0.977730 0.548761
vt 0.968910 0.557331
vt 0.271223 0.972650
vt 0.979569 0.582821
vt 0.973858 0.565897
vt 0.987410 0.586249
vt 0.889017 0.247609
vt 0.903560 0.227822
vt 0.921129 0.225728
vt 0.983413 0.538233
vt 0.987410 0.540130
vt 0.931001 0.266050
vt 0.842731 0.438938
vt 0.829287 0.901643
vt 0.788934 0.948408
vt 0.801756 0.908350
vt 0.788934 0.914423
vt 0.806042 0.906570
vt 0.968384 0.565313
vt 0.963547 0.556518
vt 0.257425 0.972650
vt 0.910025 0.220241
vn 1.0000 0.0000 0.0000
vn -1.0000 0.0000 0.0000
vn 0.0000 0.7071 -0.7071
vn 0.3189 0.7699 0.5528
vn 0.1626 0.8173 0.5528
vn 0.2190 0.7427 0.6328
vn 0.1797 0.8634 0.4714
vn 0.3517 0.8088 0.4713
vn 0.1484 0.3584 0.9217
vn 0.1374 0.4528 0.8810
vn 0.1161 0.3828 0.9165
vn 0.4173 0.2231 0.8810
vn 0.3814 0.2776 0.8818
vn 0.3747 0.2874 0.8815
vn 0.1311 0.2598 0.9567
vn 0.3958 0.3958 0.8286
vn 0.3993 0.3277 0.8563
vn 0.4230 0.4736 0.7725
vn 0.0865 0.8786 0.4696
vn 0.0818 0.8305 0.5509
vn 0.2743 0.2743 0.9217
vn 0.1948 0.2157 0.9568
vn 0.2155 0.3225 0.9217
vn 0.1520 0.2475 0.9569
vn 0.3261 0.2676 0.9067
vn 0.4211 0.7879 0.4493
vn 0.4336 0.8112 0.3923
vn 0.4513 0.8443 0.2890
vn 0.1804 0.4355 0.8819
vn 0.2231 0.4173 0.8810
vn 0.3945 0.5905 0.7041
vn 0.4352 0.5303 0.7276
vn 0.3822 0.6729 0.6334
vn 0.2718 0.6561 0.7041
vn 0.3536 0.4309 0.8303
vn 0.2619 0.3920 0.8819
vn 0.4036 0.4918 0.7715
vn 0.3110 0.4654 0.8286
vn 0.3525 0.5275 0.7730
vn 0.2628 0.4916 0.8303
vn 0.1375 0.2571 0.9565
vn 0.1655 0.5457 0.8215
vn 0.2428 0.5861 0.7730
vn 0.1847 0.6088 0.7715
vn 0.0000 -0.7071 -0.7071
vn 0.0000 -1.0000 0.0000
vn 0.2142 0.5172 0.8286
vn 0.2999 0.5611 0.7715
vn 0.2085 0.6872 0.6959
vn 0.3879 0.7257 0.5682
usemtl Material
s off
f 1198/1916/1102 1194/1917/1102 1177/1918/1102
f 1178/1919/1103 1184/1920/1103 1204/1921/1103
f 1185/1922/1104 1187/1923/1104 1176/1924/1104
f 1194/1917/1102 1192/1925/1102 1177/1918/1102
f 1177/1918/1102 1176/1926/1102 1203/1927/1102
f 1176/1926/1102 1201/1928/1102 1188/1929/1102
f 1191/1930/1102 1176/1926/1102 1188/1929/1102
f 1191/1930/1102 1203/1927/1102 1176/1926/1102
f 1203/1927/1102 1202/1931/1102 1177/1918/1102
f 1202/1931/1102 1216/1932/1102 1177/1918/1102
f 1216/1932/1102 1211/1933/1102 1177/1918/1102
f 1211/1933/1102 1197/1934/1102 1177/1918/1102
f 1197/1934/1102 1198/1916/1102 1177/1918/1102
f 1204/1921/1103 1189/1935/1103 1178/1919/1103
f 1189/1935/1103 1213/1936/1103 1178/1919/1103
f 1213/1936/1103 1180/1937/1103 1181/1938/1103
f 1181/1938/1103 1200/1939/1103 1179/1940/1103
f 1200/1939/1103 1199/1941/1103 1179/1940/1103
f 1179/1940/1103 1178/1919/1103 1181/1938/1103
f 1178/1919/1103 1182/1942/1103 1184/1920/1103
f 1184/1920/1103 1190/1943/1103 1204/1921/1103
f 1213/1936/1103 1181/1938/1103 1178/1919/1103
f 1187/1923/1104 1201/1944/1104 1176/1924/1104
f 1176/1924/1104 1179/1945/1104 1185/1922/1104
f 1179/1945/1104 1199/1946/1104 1186/1947/1104
f 1185/1922/1104 1179/1945/1104 1186/1947/1104
s 1
f 1171/1948/1105 1175/1949/1106 1181/1950/1107
f 1186/1951/1108 1171/1948/1105 1185/1952/1109
f 1174/1953/1110 1204/1954/1111 1190/1955/1112
f 1192/1956/1113 1194/1957/1114 1193/1958/1115
f 1184/1959/1116 1174/1953/1110 1190/1955/1112
f 1166/1960/1117 1198/1961/1118 1197/1962/1119
f 1175/1949/1106 1199/1963/1120 1200/1964/1121
f 1193/1958/1115 1194/1957/1114 1167/1965/1122
f 1175/1949/1106 1200/1964/1121 1181/1950/1107
f 1195/1966/1123 1170/1967/1124 1183/1968/1125
f 1167/1965/1122 1195/1966/1123 1196/1969/1126
f 1187/1970/1127 1188/1971/1128 1201/1972/1129
f 1207/1973/1130 1170/1967/1124 1208/1974/1131
f 1168/1975/1132 1202/1976/1133 1203/1977/1134
f 1172/1978/1135 1168/1975/1132 1203/1977/1134
f 1166/1960/1117 1206/1979/1136 1205/1980/1137
f 1168/1975/1132 1216/1981/1138 1202/1976/1133
f 1169/1982/1139 1210/1983/1140 1209/1984/1141
f 1184/1959/1116 1182/1985/1142 1183/1968/1125
f 1187/1970/1127 1185/1952/1109 1171/1948/1105
f 1189/1986/1143 1212/1987/1144 1213/1988/1145
f 1176/1989/1146 1178/1990/1146 1179/1991/1146
f 1195/1992/1147 1183/1993/1147 1178/1994/1147
f 1205/1995/1137 1206/1996/1136 1169/1982/1139
f 1209/1984/1141 1173/1997/1148 1208/1998/1131
f 1207/1999/1130 1189/1986/1143 1204/2000/1111
f 1197/1962/1119 1206/1979/1136 1166/1960/1117
f 1209/1984/1141 1212/1987/1144 1173/1997/1148
f 1210/2001/1140 1214/2002/1140 1217/2003/1149
f 1210/1983/1140 1206/1996/1136 1197/2004/1119
f 1213/2005/1145 1215/2006/1144 1180/2007/1150
f 1180/2008/1150 1215/2009/1144 1172/1978/1135
f 1214/2010/1140 1168/1975/1132 1172/1978/1135
f 1214/2002/1140 1211/2011/1138 1216/2012/1138
f 1181/1950/1107 1180/2008/1150 1172/1978/1135
f 1172/1978/1135 1171/1948/1105 1181/1950/1107
f 1186/1951/1108 1175/1949/1106 1171/1948/1105
f 1174/1953/1110 1207/1973/1130 1204/1954/1111
f 1175/1949/1106 1186/1951/1108 1199/1963/1120
f 1198/1961/1118 1166/1960/1117 1194/1957/1114
f 1166/1960/1117 1167/1965/1122 1194/1957/1114
f 1167/1965/1122 1196/1969/1126 1193/1958/1115
f 1195/1966/1123 1167/1965/1122 1170/1967/1124
f 1174/1953/1110 1170/1967/1124 1207/1973/1130
f 1170/1967/1124 1205/1980/1137 1208/1974/1131
f 1203/1977/1134 1191/2013/1151 1171/1948/1105
f 1171/1948/1105 1172/1978/1135 1203/1977/1134
f 1170/1967/1124 1167/1965/1122 1205/1980/1137
f 1167/1965/1122 1166/1960/1117 1205/1980/1137
f 1168/1975/1132 1214/2010/1140 1216/1981/1138
f 1183/1968/1125 1170/1967/1124 1184/1959/1116
f 1170/1967/1124 1174/1953/1110 1184/1959/1116
f 1191/2013/1151 1188/1971/1128 1171/1948/1105
f 1188/1971/1128 1187/1970/1127 1171/1948/1105
f 1189/1986/1143 1173/1997/1148 1212/1987/1144
f 1176/1989/1146 1177/2014/1146 1178/1990/1146
f 1183/1993/1147 1182/2015/1147 1178/1994/1147
f 1178/1994/1147 1177/2016/1147 1193/2017/1147
f 1177/2016/1147 1192/2018/1147 1193/2017/1147
f 1193/2017/1147 1196/2019/1147 1178/1994/1147
f 1196/2019/1147 1195/1992/1147 1178/1994/1147
f 1173/1997/1148 1207/1999/1130 1208/1998/1131
f 1208/1998/1131 1205/1995/1137 1209/1984/1141
f 1205/1995/1137 1169/1982/1139 1209/1984/1141
f 1207/1999/1130 1173/1997/1148 1189/1986/1143
f 1215/2006/1144 1212/2020/1144 1217/2003/1149
f 1212/2020/1144 1209/2021/1141 1217/2003/1149
f 1209/2021/1141 1210/2001/1140 1217/2003/1149
f 1197/2004/1119 1211/2022/1138 1210/1983/1140
f 1210/1983/1140 1169/1982/1139 1206/1996/1136
f 1213/2005/1145 1212/2020/1144 1215/2006/1144
f 1172/1978/1135 1215/2009/1144 1214/2010/1140
f 1215/2009/1144 1217/2023/1149 1214/2010/1140
f 1214/2002/1140 1210/2001/1140 1211/2011/1138
o Cylinder.001
v -0.381427 0.972449 0.356475
v 0.381427 0.972449 0.356475
v -0.381427 0.967572 0.356955
v 0.381427 0.967572 0.356955
v -0.381427 0.962882 0.358378
v 0.381427 0.962882 0.358378
v -0.381427 0.958560 0.360688
v 0.381427 0.958560 0.360688
v -0.381427 0.954771 0.363797
v 0.381427 0.954771 0.363797
v -0.381427 0.951662 0.367586
v 0.381427 0.951662 0.367586
v -0.381427 0.949352 0.371908
v 0.381427 0.949352 0.371908
v -0.381427 0.947929 0.376598
v 0.381427 0.947929 0.376598
v -0.381427 0.947449 0.381475
v 0.381427 0.947449 0.381475
v -0.381427 0.947929 0.386352
v 0.381427 0.947929 0.386352
v -0.381427 0.949352 0.391042
v 0.381427 0.949352 0.391042
v -0.381427 0.951662 0.395364
v 0.381427 0.951662 0.395364
v -0.381427 0.954771 0.399153
v 0.381427 0.954771 0.399153
v -0.381427 0.958560 0.402262
v 0.381427 0.958560 0.402262
v -0.381427 0.962882 0.404572
v 0.381427 0.962882 0.404572
v -0.381427 0.967572 0.405995
v 0.381427 0.967572 0.405995
v -0.381427 0.972449 0.406475
v 0.381427 0.972449 0.406475
v -0.381427 0.977326 0.405995
v 0.381427 0.977326 0.405995
v -0.381427 0.982016 0.404572
v 0.381427 0.982016 0.404572
v -0.381427 0.986338 0.402262
v 0.381427 0.986338 0.402262
v -0.381427 0.990127 0.399153
v 0.381427 0.990127 0.399153
v -0.381427 0.993236 0.395364
v 0.381427 0.993236 0.395364
v -0.381427 0.995546 0.391042
v 0.381427 0.995546 0.391042
v -0.381427 0.996969 0.386352
v 0.381427 0.996969 0.386352
v -0.381427 0.997449 0.381475
v 0.381427 0.997449 0.381475
v -0.381427 0.996969 0.376598
v 0.381427 0.996969 0.376598
v -0.381427 0.995546 0.371908
v 0.381427 0.995546 0.371908
v -0.381427 0.993236 0.367586
v 0.381427 0.993236 0.367586
v -0.381427 0.990127 0.363797
v 0.381427 0.990127 0.363797
v -0.381427 0.986338 0.360688
v 0.381427 0.986338 0.360688
v -0.381427 0.982016 0.358378
v 0.381427 0.982016 0.358378
v -0.381427 0.977326 0.356955
v 0.381427 0.977326 0.356955
v 0.173205 0.872449 0.327943
v 0.173205 1.155063 0.327943
v 0.000000 0.872449 0.227943
v 0.000000 1.155063 0.227943
v 0.173205 0.872449 0.435007
v 0.173205 1.155063 0.435007
v -0.000000 0.872449 0.535007
v -0.000000 1.155063 0.535007
v 0.224117 1.261649 0.298549
v 0.000000 1.261649 0.169155
v 0.113984 1.342838 0.304546
v 0.113984 1.261649 0.234964
v 0.224117 1.261649 0.464401
v -0.000000 1.261649 0.593795
v 0.113984 1.342838 0.458404
v 0.113984 1.261649 0.527986
v 0.150669 1.342838 0.325725
v -0.173205 0.872449 0.327943
v -0.173205 1.155063 0.327943
v 0.150669 1.342838 0.437225
v 0.241796 1.351254 0.381475
v 0.173205 1.067193 0.435007
v 0.173205 0.987049 0.435007
v -0.000000 1.067193 0.535007
v 0.173205 0.906149 0.435007
v -0.000000 0.982512 0.535007
v 0.173205 1.067193 0.327943
v 0.173205 0.987049 0.327943
v 0.000000 1.067193 0.227943
v -0.173205 0.872449 0.435007
v -0.173205 1.155063 0.435007
v 0.173205 0.906149 0.327943
v 0.000000 0.982512 0.227943
v -0.224117 1.261649 0.298549
v -0.113984 1.342838 0.304546
v -0.113984 1.261649 0.234964
v 0.206245 1.281404 0.381475
v 0.205885 1.281803 0.385133
v 0.204818 1.282982 0.388650
v 0.203085 1.284898 0.391892
v 0.200753 1.287475 0.394733
v 0.197912 1.290616 0.397065
v 0.194670 1.294199 0.398798
v 0.191153 1.298087 0.399865
v 0.187495 1.302131 0.400225
v 0.183837 1.306174 0.399865
v 0.180319 1.310062 0.398798
v 0.177078 1.313646 0.397065
v 0.174237 1.316787 0.394733
v 0.171905 1.319364 0.391892
v 0.170172 1.321279 0.388650
v 0.169105 1.322459 0.385133
v 0.168745 1.322857 0.381475
v 0.205885 1.281803 0.377817
v 0.204818 1.282982 0.374300
v 0.203085 1.284898 0.371058
v 0.200753 1.287475 0.368217
v 0.197912 1.290616 0.365885
v 0.194670 1.294199 0.364152
v 0.151205 1.320522 0.456040
v 0.154863 1.317638 0.456401
v 0.158381 1.314023 0.457468
v 0.161622 1.309818 0.459200
v 0.164464 1.305183 0.461532
v 0.166796 1.300297 0.464373
v 0.168528 1.295347 0.467615
v 0.169595 1.290524 0.471132
v 0.169955 1.286013 0.474790
v 0.169595 1.281988 0.478448
v 0.168528 1.278602 0.481966
v 0.166796 1.275987 0.485207
v 0.164464 1.274243 0.488049
v 0.161622 1.273436 0.490380
v 0.158381 1.273598 0.492113
v 0.154863 1.274723 0.493180
v 0.151205 1.276766 0.493540
v 0.147548 1.279651 0.493180
v 0.144030 1.283265 0.492113
v 0.140788 1.287471 0.490380
v 0.137947 1.292106 0.488049
v 0.135615 1.296992 0.485207
v 0.133883 1.301942 0.481966
v 0.132816 1.306765 0.478448
v 0.132455 1.311275 0.474790
v 0.132816 1.315301 0.471132
v 0.133883 1.318686 0.467615
v 0.135615 1.321301 0.464373
v 0.137947 1.323046 0.461532
v 0.140788 1.323853 0.459200
v 0.144030 1.323691 0.457468
v 0.147548 1.322566 0.456401
v -0.224117 1.261649 0.464401
v -0.113985 1.342838 0.458404
v -0.113984 1.261649 0.527986
v 0.191153 1.298087 0.363085
v 0.187495 1.302131 0.362725
v 0.183837 1.306174 0.363085
v 0.180319 1.310062 0.364152
v 0.177078 1.313646 0.365885
v 0.174237 1.316787 0.368217
v 0.171905 1.319364 0.371058
v 0.170172 1.321279 0.374300
v 0.169105 1.322459 0.377817
v 0.151205 1.320522 0.306910
v 0.154863 1.317638 0.306549
v 0.158381 1.314023 0.305482
v 0.161622 1.309818 0.303750
v 0.164464 1.305183 0.301418
v 0.166796 1.300297 0.298577
v 0.168528 1.295347 0.295335
v 0.169595 1.290524 0.291818
v 0.169955 1.286013 0.288160
v 0.169595 1.281988 0.284502
v 0.168528 1.278602 0.280984
v 0.166796 1.275987 0.277743
v 0.164464 1.274243 0.274901
v 0.161622 1.273436 0.272570
v 0.158381 1.273598 0.270837
v 0.154863 1.274723 0.269770
v 0.151206 1.276766 0.269410
v 0.147548 1.279651 0.269770
v 0.144030 1.283265 0.270837
v 0.140789 1.287471 0.272570
v 0.137947 1.292106 0.274901
v 0.135615 1.296992 0.277743
v 0.133883 1.301942 0.280984
v 0.132816 1.306765 0.284502
v 0.132455 1.311275 0.288160
v 0.132816 1.315301 0.291818
v 0.133883 1.318686 0.295335
v 0.135615 1.321301 0.298577
v 0.137947 1.323046 0.301418
v 0.140789 1.323853 0.303750
v 0.144030 1.323691 0.305482
v 0.147548 1.322566 0.306549
v -0.150669 1.342838 0.325725
v -0.150669 1.342838 0.437225
v -0.241796 1.351254 0.381475
v -0.173205 1.067193 0.435007
v -0.173205 0.987049 0.435007
v -0.173205 0.906149 0.435007
v -0.173205 1.067193 0.327943
v -0.173205 0.987049 0.327943
v -0.173205 0.906149 0.327943
v -0.206245 1.281404 0.381475
v -0.205885 1.281803 0.385133
v -0.204818 1.282982 0.388650
v -0.203085 1.284898 0.391892
v -0.200753 1.287475 0.394733
v -0.197912 1.290616 0.397065
v -0.194670 1.294199 0.398798
v -0.191153 1.298087 0.399865
v -0.187495 1.302131 0.400225
v -0.183837 1.306174 0.399865
v -0.180320 1.310062 0.398798
v -0.177078 1.313646 0.397065
v -0.174237 1.316787 0.394733
v -0.171905 1.319364 0.391892
v -0.170172 1.321279 0.388650
v -0.169105 1.322459 0.385133
v -0.168745 1.322857 0.381475
v -0.205885 1.281803 0.377817
v -0.204818 1.282982 0.374300
v -0.203085 1.284898 0.371058
v -0.200753 1.287475 0.368217
v -0.197912 1.290616 0.365885
v -0.194670 1.294199 0.364152
v -0.151206 1.320522 0.456040
v -0.154863 1.317638 0.456401
v -0.158381 1.314023 0.457468
v -0.161623 1.309818 0.459200
v -0.164464 1.305183 0.461532
v -0.166796 1.300297 0.464373
v -0.168528 1.295347 0.467615
v -0.169595 1.290524 0.471132
v -0.169955 1.286013 0.474790
v -0.169595 1.281988 0.478448
v -0.168528 1.278602 0.481966
v -0.166796 1.275987 0.485207
v -0.164464 1.274243 0.488049
v -0.161623 1.273436 0.490380
v -0.158381 1.273598 0.492113
v -0.154863 1.274723 0.493180
v -0.151206 1.276766 0.493540
v -0.147548 1.279651 0.493180
v -0.144030 1.283265 0.492113
v -0.140789 1.287471 0.490380
v -0.137947 1.292106 0.488049
v -0.135615 1.296992 0.485207
v -0.133883 1.301942 0.481966
v -0.132816 1.306765 0.478448
v -0.132456 1.311275 0.474790
v -0.132816 1.315301 0.471132
v -0.133883 1.318686 0.467615
v -0.135615 1.321301 0.464373
v -0.137947 1.323046 0.461532
v -0.140789 1.323853 0.459200
v -0.144030 1.323691 0.457468
v -0.147548 1.322566 0.456401
v -0.191153 1.298087 0.363085
v -0.187495 1.302131 0.362725
v -0.183837 1.306174 0.363085
v -0.180320 1.310062 0.364152
v -0.177078 1.313646 0.365885
v -0.174237 1.316787 0.368217
v -0.171905 1.319364 0.371058
v -0.170172 1.321279 0.374300
v -0.169105 1.322459 0.377817
v -0.151206 1.320522 0.306910
v -0.154863 1.317638 0.306549
v -0.158381 1.314023 0.305482
v -0.161622 1.309818 0.303750
v -0.164464 1.305183 0.301418
v -0.166796 1.300297 0.298577
v -0.168528 1.295347 0.295335
v -0.169595 1.290524 0.291818
v -0.169955 1.286013 0.288160
v -0.169595 1.281988 0.284502
v -0.168528 1.278602 0.280984
v -0.166796 1.275987 0.277743
v -0.164464 1.274243 0.274901
v -0.161622 1.273436 0.272570
v -0.158381 1.273598 0.270837
v -0.154863 1.274723 0.269770
v -0.151206 1.276766 0.269410
v -0.147548 1.279651 0.269770
v -0.144030 1.283265 0.270837
v -0.140789 1.287471 0.272570
v -0.137947 1.292106 0.274901
v -0.135615 1.296992 0.277743
v -0.133883 1.301942 0.280984
v -0.132816 1.306765 0.284502
v -0.132455 1.311275 0.288160
v -0.132816 1.315301 0.291818
v -0.133883 1.318686 0.295335
v 0.180604 1.342285 0.525711
v 0.180604 1.342285 0.237239
v -0.135615 1.321301 0.298577
v -0.137947 1.323046 0.301418
v -0.140789 1.323853 0.303750
v -0.144030 1.323691 0.305482
v -0.147548 1.322566 0.306549
v -0.180605 1.342285 0.525711
v -0.180604 1.342285 0.237239
v -0.173205 0.972449 0.356475
v 0.173205 0.972449 0.356475
v -0.173205 0.982016 0.404572
v 0.173205 0.982016 0.404572
v -0.173205 0.967572 0.356955
v 0.173205 0.967572 0.356955
v -0.173205 0.986338 0.402262
v 0.173205 0.986338 0.402262
v -0.173205 0.962882 0.358378
v 0.173205 0.962882 0.358378
v -0.173205 0.990127 0.399153
v 0.173205 0.990127 0.399153
v -0.173205 0.958560 0.360688
v 0.173205 0.958560 0.360688
v -0.173205 0.993236 0.395364
v 0.173205 0.993236 0.395364
v -0.173205 0.954771 0.363797
v 0.173205 0.954771 0.363797
v -0.173205 0.995546 0.391042
v 0.173205 0.995546 0.391042
v -0.173205 0.951662 0.367586
v 0.173205 0.951662 0.367586
v -0.173205 0.996969 0.386352
v 0.173205 0.996969 0.386352
v -0.173205 0.949352 0.371908
v 0.173205 0.949352 0.371908
v -0.173205 0.997449 0.381475
v 0.173205 0.997449 0.381475
v -0.173205 0.947929 0.376598
v 0.173205 0.947929 0.376598
v -0.173205 0.996969 0.376598
v 0.173205 0.996969 0.376598
v -0.173205 0.947449 0.381475
v 0.173205 0.947449 0.381475
v -0.173205 0.995546 0.371908
v 0.173205 0.995546 0.371908
v -0.173205 0.947929 0.386352
v 0.173205 0.947929 0.386352
v -0.173205 0.993236 0.367586
v 0.173205 0.993236 0.367586
v -0.173205 0.949352 0.391042
v 0.173205 0.949352 0.391042
v -0.173205 0.990127 0.363797
v 0.173205 0.990127 0.363797
v -0.173205 0.951662 0.395364
v 0.173205 0.951662 0.395364
v -0.173205 0.986338 0.360688
v 0.173205 0.986338 0.360688
v -0.173205 0.954771 0.399153
v 0.173205 0.954771 0.399153
v -0.173205 0.982016 0.358378
v 0.173205 0.982016 0.358378
v -0.173205 0.958560 0.402262
v 0.173205 0.958560 0.402262
v 0.173205 0.978606 0.357344
v -0.173205 0.977326 0.356955
v 0.173205 0.977326 0.356955
v -0.173205 0.962882 0.404572
v 0.173205 0.962882 0.404572
v -0.173205 0.967572 0.405995
v 0.173205 0.967572 0.405995
v -0.173205 0.972449 0.406475
v 0.173205 0.972449 0.406475
v -0.173205 0.977326 0.405995
v 0.173205 0.977326 0.405995
v -0.173205 0.978606 0.405606
vt 0.913579 0.465833
vt 0.918394 0.464082
vt 0.918368 0.465213
vt 0.915201 0.054332
vt 0.925473 0.055506
vt 0.915276 0.053568
vt 0.913564 0.465777
vt 0.913574 0.465804
vt 0.925112 0.056713
vt 0.915500 0.052834
vt 0.917706 0.462156
vt 0.918257 0.463008
vt 0.924548 0.057838
vt 0.915865 0.052160
vt 0.913550 0.465753
vt 0.917007 0.461389
vt 0.923778 0.058836
vt 0.916357 0.051571
vt 0.913532 0.465731
vt 0.916178 0.460741
vt 0.916933 0.051064
vt 0.922797 0.059627
vt 0.913486 0.465701
vt 0.915254 0.460242
vt 0.921683 0.060214
vt 0.914273 0.459905
vt 0.918325 0.050442
vt 0.920479 0.060578
vt 0.913460 0.465693
vt 0.913271 0.459732
vt 0.919086 0.050353
vt 0.919228 0.060704
vt 0.913433 0.465690
vt 0.912175 0.459978
vt 0.919850 0.050416
vt 0.917974 0.060614
vt 0.913407 0.465692
vt 0.911105 0.460377
vt 0.920587 0.050632
vt 0.916761 0.060278
vt 0.913381 0.465700
vt 0.910094 0.460926
vt 0.921267 0.050991
vt 0.915638 0.059709
vt 0.913337 0.465729
vt 0.909177 0.461610
vt 0.921863 0.051479
vt 0.914652 0.058930
vt 0.908383 0.462401
vt 0.922350 0.052076
vt 0.913840 0.057972
vt 0.913319 0.465749
vt 0.907729 0.463267
vt 0.922707 0.052758
vt 0.913235 0.056876
vt 0.913307 0.465773
vt 0.907591 0.464355
vt 0.922920 0.053497
vt 0.912871 0.055681
vt 0.913296 0.465825
vt 0.907606 0.465507
vt 0.922981 0.054261
vt 0.912783 0.054443
vt 0.907792 0.466696
vt 0.922887 0.055018
vt 0.912979 0.053229
vt 0.913299 0.465852
vt 0.908163 0.467881
vt 0.913094 0.052567
vt 0.913306 0.465878
vt 0.908709 0.469006
vt 0.922373 0.056428
vt 0.913287 0.051856
vt 0.913844 0.050742
vt 0.913318 0.465902
vt 0.909401 0.470035
vt 0.921908 0.057036
vt 0.914639 0.049783
vt 0.913335 0.465923
vt 0.910209 0.470945
vt 0.915614 0.049009
vt 0.921329 0.057538
vt 0.913355 0.465941
vt 0.911014 0.471361
vt 0.916696 0.048395
vt 0.920659 0.057914
vt 0.913403 0.465963
vt 0.911899 0.471606
vt 0.917886 0.048013
vt 0.919925 0.058150
vt 0.912825 0.471671
vt 0.919131 0.047883
vt 0.919159 0.058235
vt 0.913456 0.465965
vt 0.913786 0.471581
vt 0.920380 0.047992
vt 0.918391 0.058167
vt 0.914711 0.471312
vt 0.921584 0.048348
vt 0.917650 0.057950
vt 0.913483 0.465958
vt 0.915563 0.470871
vt 0.922693 0.048938
vt 0.916967 0.057592
vt 0.913531 0.465930
vt 0.916377 0.470012
vt 0.923675 0.049723
vt 0.916367 0.057106
vt 0.917072 0.469026
vt 0.915874 0.056513
vt 0.924485 0.050687
vt 0.913551 0.465910
vt 0.917612 0.467936
vt 0.925090 0.051792
vt 0.915506 0.055835
vt 0.946781 0.965368
vt 0.940826 0.968551
vt 0.937643 0.962596
vt 0.913567 0.465887
vt 0.913580 0.465862
vt 0.925464 0.052997
vt 0.915279 0.055098
vt 0.918158 0.466372
vt 0.925593 0.054251
vt 0.492226 0.953071
vt 0.498688 0.955031
vt 0.496728 0.961493
vt 0.649492 0.810394
vt 0.631346 0.827551
vt 0.619831 0.798057
vt 0.926979 0.448091
vt 0.897028 0.491727
vt 0.180976 0.945022
vt 0.174540 0.983221
vt 0.174540 0.945022
vt 0.946699 0.065084
vt 0.953136 0.103283
vt 0.946699 0.103283
vt 0.655531 0.764470
vt 0.648073 0.742112
vt 0.677284 0.743738
vt 0.681379 0.818787
vt 0.691687 0.841055
vt 0.660276 0.841055
vt 0.950103 0.588729
vt 0.931124 0.607527
vt 0.938109 0.596461
vt 0.620793 0.767197
vt 0.778326 0.282466
vt 0.779069 0.280701
vt 0.786333 0.284074
vt 0.957512 0.291558
vt 0.954405 0.284128
vt 0.959153 0.290503
vt 0.937226 0.631469
vt 0.936693 0.630987
vt 0.929644 0.620971
vt 0.935292 0.571765
vt 0.935356 0.572432
vt 0.929915 0.581734
vt 0.209006 0.951773
vt 0.224371 0.986745
vt 0.210357 0.992902
vt 0.909743 0.413063
vt 0.901736 0.414670
vt 0.909001 0.411297
vt 0.605785 0.827922
vt 0.605785 0.869645
vt 0.590419 0.862894
vt 0.619831 0.986449
vt 0.635196 0.951477
vt 0.635196 0.993199
vt 0.701828 0.987262
vt 0.716841 0.952126
vt 0.716841 0.993278
vt 0.932870 0.029942
vt 0.905647 0.071744
vt 0.117305 0.971254
vt 0.124279 0.974676
vt 0.116616 0.972919
vt 0.476281 0.952530
vt 0.476281 0.990729
vt 0.459499 0.990729
vt 0.929023 0.665293
vt 0.929421 0.670351
vt 0.928759 0.670765
vt 0.934705 0.654941
vt 0.934730 0.655614
vt 0.980471 0.967150
vt 0.981153 0.968817
vt 0.973483 0.970545
vt 0.929703 0.645004
vt 0.928927 0.640163
vt 0.929605 0.640509
vt 0.364527 0.862887
vt 0.380034 0.905563
vt 0.364527 0.892273
vt 0.676687 0.292898
vt 0.659905 0.292898
vt 0.676687 0.254700
vt 0.648641 0.951335
vt 0.663654 0.986471
vt 0.649311 0.992218
vt 0.922482 0.669290
vt 0.923218 0.642292
vt 0.922482 0.585968
vt 0.930231 0.562239
vt 0.955752 0.292251
vt 0.949648 0.672063
vt 0.930387 0.690474
vt 0.937523 0.679617
vt 0.794242 0.977736
vt 0.792602 0.976681
vt 0.797350 0.970306
vt 0.687542 0.772792
vt 0.716062 0.784383
vt 0.694275 0.805663
vt 0.950103 0.555726
vt 0.945081 0.572164
vt 0.707446 0.216501
vt 0.713882 0.216501
vt 0.713882 0.254700
vt 0.930032 0.587121
vt 0.929340 0.587610
vt 0.949648 0.638598
vt 0.944553 0.655272
vt 0.590278 0.771802
vt 0.605785 0.814478
vt 0.590278 0.801188
vt 0.716841 0.813626
vt 0.938101 0.548613
vt 0.937573 0.548136
vt 0.930959 0.538233
vt 0.796003 0.978429
vt 0.979455 0.965627
vt 0.780171 0.279077
vt 0.981485 0.970530
vt 0.797772 0.978760
vt 0.781585 0.277699
vt 0.981486 0.972194
vt 0.799453 0.978760
vt 0.969110 0.963153
vt 0.970390 0.962639
vt 0.783226 0.276644
vt 0.981191 0.973734
vt 0.800972 0.978477
vt 0.805765 0.972218
vt 0.805505 0.973787
vt 0.967068 0.964835
vt 0.968001 0.963888
vt 0.784986 0.275951
vt 0.980648 0.975097
vt 0.802288 0.977957
vt 0.805731 0.970495
vt 0.966318 0.965993
vt 0.786756 0.275620
vt 0.979897 0.976255
vt 0.803392 0.977230
vt 0.805357 0.968699
vt 0.965775 0.967355
vt 0.788437 0.275620
vt 0.804294 0.976299
vt 0.804614 0.966933
vt 0.965480 0.968895
vt 0.789956 0.275903
vt 0.794488 0.280593
vt 0.794748 0.282162
vt 0.805002 0.975154
vt 0.803512 0.965310
vt 0.965480 0.970559
vt 0.791272 0.276423
vt 0.794715 0.283885
vt 0.802098 0.963932
vt 0.965813 0.972272
vt 0.792376 0.277150
vt 0.794340 0.285681
vt 0.800457 0.962877
vt 0.966495 0.973940
vt 0.793277 0.278081
vt 0.793597 0.287447
vt 0.798697 0.962184
vt 0.967510 0.975462
vt 0.793986 0.279226
vt 0.792495 0.289070
vt 0.796927 0.961853
vt 0.968810 0.976751
vt 0.791081 0.290448
vt 0.795246 0.961853
vt 0.970315 0.977741
vt 0.789441 0.291503
vt 0.793727 0.962136
vt 0.971933 0.978396
vt 0.787680 0.292197
vt 0.792411 0.962655
vt 0.973566 0.978715
vt 0.785910 0.292527
vt 0.791307 0.963383
vt 0.975134 0.978722
vt 0.784229 0.292527
vt 0.790406 0.964314
vt 0.976575 0.978450
vt 0.782710 0.292244
vt 0.789697 0.965459
vt 0.977856 0.977936
vt 0.781394 0.291725
vt 0.789195 0.966825
vt 0.978964 0.977201
vt 0.780291 0.290997
vt 0.788934 0.968395
vt 0.971831 0.962368
vt 0.779389 0.290066
vt 0.788968 0.970118
vt 0.973399 0.962374
vt 0.778681 0.288921
vt 0.789343 0.971914
vt 0.975033 0.962693
vt 0.778178 0.287555
vt 0.790085 0.973679
vt 0.976650 0.963349
vt 0.777918 0.285985
vt 0.791188 0.975303
vt 0.978155 0.964338
vt 0.777951 0.284262
vt 0.929769 0.557093
vt 0.930382 0.557486
vt 0.118326 0.969735
vt 0.907898 0.409674
vt 0.116277 0.974630
vt 0.953982 0.292582
vt 0.906485 0.408296
vt 0.116270 0.976295
vt 0.952301 0.292582
vt 0.128681 0.967302
vt 0.127403 0.966783
vt 0.904844 0.407240
vt 0.116559 0.977836
vt 0.950782 0.292299
vt 0.945990 0.286040
vt 0.946250 0.287609
vt 0.130716 0.968991
vt 0.129786 0.968041
vt 0.903084 0.406547
vt 0.117097 0.979200
vt 0.949466 0.291779
vt 0.946023 0.284317
vt 0.131462 0.970152
vt 0.901314 0.406216
vt 0.117843 0.980361
vt 0.948363 0.291052
vt 0.946398 0.282521
vt 0.132000 0.971517
vt 0.899633 0.406216
vt 0.947461 0.290121
vt 0.947141 0.280756
vt 0.132289 0.973057
vt 0.898114 0.406499
vt 0.893581 0.411189
vt 0.893321 0.412759
vt 0.946752 0.288976
vt 0.948243 0.279132
vt 0.132282 0.974722
vt 0.896798 0.407019
vt 0.893355 0.414481
vt 0.949657 0.277754
vt 0.131943 0.976434
vt 0.895694 0.407746
vt 0.893730 0.416277
vt 0.951297 0.276699
vt 0.131254 0.978098
vt 0.894792 0.408677
vt 0.894472 0.418043
vt 0.953058 0.276006
vt 0.130233 0.979617
vt 0.894084 0.409823
vt 0.895575 0.419666
vt 0.954828 0.275675
vt 0.128928 0.980901
vt 0.896988 0.421044
vt 0.956508 0.275674
vt 0.127419 0.981884
vt 0.898629 0.422100
vt 0.958027 0.275958
vt 0.125799 0.982533
vt 0.900390 0.422793
vt 0.959343 0.276477
vt 0.124164 0.982847
vt 0.902159 0.423124
vt 0.960447 0.277205
vt 0.122596 0.982847
vt 0.903840 0.423124
vt 0.961349 0.278135
vt 0.121156 0.982569
vt 0.905359 0.422841
vt 0.962057 0.279281
vt 0.119877 0.982050
vt 0.906675 0.422321
vt 0.962560 0.280647
vt 0.118772 0.981311
vt 0.907779 0.421593
vt 0.962820 0.282217
vt 0.125963 0.966506
vt 0.908681 0.420663
vt 0.962787 0.283940
vt 0.124395 0.966506
vt 0.909389 0.419518
vt 0.962412 0.285735
vt 0.122760 0.966819
vt 0.909892 0.418151
vt 0.961669 0.287501
vt 0.121140 0.967468
vt 0.910152 0.416582
vt 0.960567 0.289125
vt 0.119631 0.968451
vt 0.910118 0.414859
vt 0.765501 0.443428
vt 0.765501 0.499393
vt 0.721960 0.499393
vt 0.444269 0.898020
vt 0.411188 0.917120
vt 0.393478 0.868697
vt 0.913510 0.465714
vt 0.917598 0.050683
vt 0.913357 0.465712
vt 0.913299 0.465798
vt 0.922703 0.055744
vt 0.913378 0.465954
vt 0.913430 0.465966
vt 0.913508 0.465946
vt 0.938001 0.961731
vt 0.938521 0.960953
vt 0.939183 0.960291
vt 0.939961 0.959771
vt 0.940826 0.959413
vt 0.943598 0.959413
vt 0.941744 0.959230
vt 0.942680 0.959230
vt 0.944463 0.959771
vt 0.946423 0.961731
vt 0.945241 0.960291
vt 0.945903 0.960953
vt 0.946781 0.962596
vt 0.946964 0.963514
vt 0.946964 0.964450
vt 0.946423 0.966233
vt 0.945903 0.967011
vt 0.945241 0.967673
vt 0.944463 0.968193
vt 0.943598 0.968551
vt 0.942680 0.968734
vt 0.941744 0.968734
vt 0.939961 0.968193
vt 0.939183 0.967673
vt 0.938521 0.967011
vt 0.938001 0.966233
vt 0.937643 0.965368
vt 0.937460 0.964450
vt 0.937460 0.963514
vt 0.917932 0.466983
vt 0.490266 0.959533
vt 0.489908 0.958668
vt 0.489725 0.957750
vt 0.489725 0.956814
vt 0.489908 0.955896
vt 0.490266 0.955031
vt 0.490786 0.954253
vt 0.491448 0.953591
vt 0.493091 0.952713
vt 0.495863 0.952713
vt 0.494009 0.952530
vt 0.494945 0.952530
vt 0.496728 0.953071
vt 0.497506 0.953591
vt 0.498168 0.954253
vt 0.499047 0.955896
vt 0.499229 0.956814
vt 0.499229 0.957750
vt 0.499047 0.958668
vt 0.498688 0.959533
vt 0.498168 0.960311
vt 0.497506 0.960973
vt 0.495863 0.961851
vt 0.494945 0.962034
vt 0.494009 0.962034
vt 0.493091 0.961851
vt 0.492226 0.961493
vt 0.491448 0.960973
vt 0.490786 0.960311
vt 0.643111 0.777700
vt 0.899395 0.468884
vt 0.899349 0.448917
vt 0.898974 0.440129
vt 0.926894 0.438938
vt 0.926611 0.469038
vt 0.928113 0.492011
vt 0.928113 0.517933
vt 0.896528 0.517933
vt 0.195561 0.983221
vt 0.967721 0.065084
vt 0.704762 0.756356
vt 0.937233 0.590047
vt 0.936463 0.589139
vt 0.931314 0.594737
vt 0.932206 0.595602
vt 0.937887 0.591032
vt 0.938396 0.592059
vt 0.933168 0.596319
vt 0.934161 0.596857
vt 0.938736 0.593089
vt 0.938885 0.594084
vt 0.935140 0.597196
vt 0.936063 0.597323
vt 0.938832 0.595002
vt 0.938573 0.595806
vt 0.936889 0.597238
vt 0.937582 0.596946
vt 0.930795 0.633256
vt 0.935706 0.638362
vt 0.936465 0.637509
vt 0.937104 0.636571
vt 0.931591 0.632405
vt 0.932469 0.631690
vt 0.937595 0.635588
vt 0.937912 0.634600
vt 0.933391 0.631141
vt 0.934317 0.630785
vt 0.938038 0.633653
vt 0.937964 0.632789
vt 0.935203 0.630639
vt 0.936008 0.630707
vt 0.937693 0.632048
vt 0.939319 0.575204
vt 0.940337 0.575267
vt 0.940412 0.568719
vt 0.939411 0.568741
vt 0.938447 0.568896
vt 0.938346 0.575002
vt 0.937458 0.574670
vt 0.937560 0.569174
vt 0.936784 0.569559
vt 0.936690 0.574225
vt 0.936070 0.573686
vt 0.936147 0.570031
vt 0.935677 0.570573
vt 0.935619 0.573080
vt 0.935388 0.571160
vt 0.224371 0.945022
vt 0.621182 0.945319
vt 0.702499 0.946379
vt 0.904119 0.050147
vt 0.905149 0.029473
vt 0.905535 0.006722
vt 0.933255 0.007191
vt 0.932841 0.050457
vt 0.933060 0.071125
vt 0.933255 0.079754
vt 0.905842 0.080373
vt 0.929878 0.676885
vt 0.930823 0.677964
vt 0.934046 0.671082
vt 0.935817 0.672472
vt 0.934953 0.671705
vt 0.929196 0.675881
vt 0.928671 0.674846
vt 0.933024 0.670563
vt 0.928321 0.673824
vt 0.928161 0.672862
vt 0.932019 0.670229
vt 0.931067 0.670084
vt 0.928192 0.672005
vt 0.928402 0.671294
vt 0.930194 0.670126
vt 0.938607 0.658441
vt 0.939615 0.658508
vt 0.939855 0.651661
vt 0.938841 0.651707
vt 0.937866 0.651885
vt 0.937642 0.658234
vt 0.936762 0.657896
vt 0.936970 0.652185
vt 0.936185 0.652595
vt 0.936003 0.657442
vt 0.935396 0.656892
vt 0.935543 0.653095
vt 0.935070 0.653669
vt 0.934965 0.656274
vt 0.934785 0.654293
vt 0.934864 0.639099
vt 0.930006 0.634214
vt 0.929339 0.635226
vt 0.933976 0.639688
vt 0.928835 0.636264
vt 0.928509 0.637279
vt 0.933021 0.640198
vt 0.932082 0.640536
vt 0.928370 0.638220
vt 0.928411 0.639039
vt 0.931188 0.640699
vt 0.930359 0.640688
vt 0.928614 0.639697
vt 0.380034 0.849597
vt 0.659905 0.254700
vt 0.692861 0.254700
vt 0.691994 0.292898
vt 0.707446 0.292898
vt 0.713882 0.292898
vt 0.663654 0.945319
vt 0.923805 0.558695
vt 0.936599 0.673355
vt 0.931690 0.678808
vt 0.937263 0.674318
vt 0.937780 0.675325
vt 0.932630 0.679509
vt 0.933603 0.680037
vt 0.938124 0.676337
vt 0.938277 0.677312
vt 0.934567 0.680369
vt 0.935480 0.680494
vt 0.938228 0.678209
vt 0.937976 0.678990
vt 0.936300 0.680405
vt 0.936992 0.680109
vt 0.941280 0.575275
vt 0.941352 0.568763
vt 0.942263 0.568941
vt 0.942197 0.575146
vt 0.943047 0.574882
vt 0.943105 0.569250
vt 0.943839 0.569678
vt 0.943791 0.574496
vt 0.944392 0.574007
vt 0.944430 0.570206
vt 0.944849 0.570814
vt 0.944822 0.573436
vt 0.945059 0.572812
vt 0.945072 0.571476
vt 0.659905 0.216501
vt 0.676687 0.216501
vt 0.691994 0.216501
vt 0.930356 0.593665
vt 0.934719 0.587680
vt 0.935613 0.588341
vt 0.929668 0.592668
vt 0.929136 0.591637
vt 0.933692 0.587193
vt 0.928786 0.590617
vt 0.928632 0.589657
vt 0.932682 0.586887
vt 0.931720 0.586771
vt 0.928682 0.588803
vt 0.928928 0.588103
vt 0.930830 0.586847
vt 0.940805 0.651728
vt 0.940596 0.658506
vt 0.941725 0.651929
vt 0.941548 0.658363
vt 0.942428 0.658084
vt 0.942575 0.652259
vt 0.943315 0.652707
vt 0.943198 0.657682
vt 0.943821 0.657175
vt 0.943910 0.653256
vt 0.944330 0.653884
vt 0.944269 0.656585
vt 0.944521 0.655941
vt 0.944549 0.654565
vt 0.605785 0.758512
vt 0.931629 0.550248
vt 0.936371 0.555501
vt 0.937151 0.554650
vt 0.937811 0.553717
vt 0.932451 0.549430
vt 0.933348 0.548748
vt 0.938323 0.552740
vt 0.938663 0.551759
vt 0.934281 0.548230
vt 0.935210 0.547900
vt 0.938816 0.550816
vt 0.938772 0.549953
vt 0.936094 0.547772
vt 0.936894 0.547852
vt 0.938532 0.549207
vt 0.935505 0.556237
vt 0.934592 0.556828
vt 0.930841 0.551175
vt 0.930172 0.552156
vt 0.929661 0.553167
vt 0.929326 0.554161
vt 0.933665 0.557308
vt 0.932754 0.557618
vt 0.929177 0.555092
vt 0.929214 0.555916
vt 0.931889 0.557752
vt 0.931093 0.557707
vt 0.929423 0.556595
vt 0.743731 0.511962
vt 0.721960 0.443428
vt 0.743731 0.430859
vt 0.393478 0.906895
vt 0.426560 0.849597
vt 0.444269 0.859822
vn 0.0000 -0.0000 -1.0000
vn 0.0000 -0.1951 -0.9808
vn 0.0000 -0.3827 -0.9239
vn 0.0000 -0.5556 -0.8315
vn 0.0000 -0.7071 -0.7071
vn 0.0000 -0.8315 -0.5556
vn 0.0000 -0.9239 -0.3827
vn 0.0000 -0.9808 -0.1951
vn 0.0000 -1.0000 -0.0000
vn -0.0000 -0.9808 0.1951
vn -0.0000 -0.9239 0.3827
vn -0.0000 -0.8315 0.5556
vn -0.0000 -0.7071 0.7071
vn -0.0000 -0.5556 0.8315
vn -0.0000 -0.3827 0.9239
vn -0.0000 -0.1951 0.9808
vn 0.0000 -0.0000 1.0000
vn -0.0000 0.1951 0.9808
vn -0.0000 0.3827 0.9239
vn -0.0000 0.2903 0.9569
vn -0.0000 0.5556 0.8315
vn -0.0000 0.7071 0.7071
vn -0.0000 0.8315 0.5556
vn -0.0000 0.9239 0.3827
vn -0.0000 0.9808 0.1951
vn -0.0000 1.0000 -0.0000
vn -0.0000 0.9808 -0.1951
vn -0.0000 0.9239 -0.3827
vn -0.0000 0.8315 -0.5556
vn -0.0000 0.7071 -0.7071
vn -0.0000 0.5556 -0.8315
vn -0.0000 0.3827 -0.9239
vn 1.0000 0.0000 0.0000
vn 0.0000 0.1951 -0.9808
vn -1.0000 -0.0000 0.0000
vn 0.4858 -0.2369 -0.8414
vn 0.4512 -0.4310 -0.7815
vn 0.5000 0.0000 0.8660
vn -0.5000 -0.0000 0.8660
vn 0.4858 -0.2369 0.8414
vn 0.4512 -0.4310 0.7815
vn -0.4858 -0.2369 -0.8414
vn -0.4512 -0.4310 -0.7815
vn -0.4015 0.5960 0.6954
vn 0.9715 -0.2369 0.0000
vn 0.9023 -0.4310 0.0000
vn -0.6104 -0.0654 -0.7894
vn -0.6785 0.0258 -0.7341
vn 0.4015 0.5960 -0.6954
vn 0.7750 0.3103 0.5505
vn 0.7589 0.2109 0.6161
vn 0.4015 0.5960 0.6954
vn -0.7416 0.6709 0.0000
vn 0.6104 -0.0654 -0.7894
vn -0.4015 0.5960 -0.6954
vn 0.6785 0.0258 -0.7341
vn -0.0984 0.2648 -0.9593
vn -0.0150 0.3684 -0.9295
vn -0.4858 -0.2369 0.8414
vn 0.7416 0.6709 -0.0000
vn 0.0984 0.2648 -0.9593
vn 0.0151 0.3684 -0.9295
vn -0.5000 0.0000 -0.8660
vn 0.7733 0.4182 0.4765
vn -0.7751 0.3103 0.5505
vn -0.7589 0.2109 0.6161
vn -0.4512 -0.4310 0.7815
vn 0.5000 0.0000 -0.8660
vn -0.9023 -0.4310 -0.0000
vn -0.9715 -0.2369 -0.0000
vn -0.7733 0.4182 0.4765
vn 0.1840 0.1664 -0.9687
vn -0.7270 0.1170 -0.6766
vn -0.0673 0.4788 -0.8754
vn -0.7483 0.5367 0.3899
vn -0.7589 0.2109 -0.6161
vn -0.1487 0.5953 -0.7896
vn -0.6902 0.6652 0.2849
vn 0.8634 -0.4327 -0.2595
vn 0.7888 -0.3761 -0.4861
vn -0.7750 0.3103 -0.5505
vn -0.2268 0.7136 -0.6628
vn -0.5850 0.7957 0.1569
vn 0.6361 0.6216 -0.4573
vn 0.4883 0.7529 -0.4412
vn 0.8634 -0.4328 0.2595
vn 0.8912 -0.4536 0.0000
vn -0.7733 0.4182 -0.4765
vn -0.2955 0.8224 -0.4861
vn -0.4201 0.9074 0.0072
vn 0.7440 0.4960 -0.4477
vn 0.7888 -0.3761 0.4861
vn -0.7483 0.5367 -0.3898
vn -0.3444 0.9023 -0.2595
vn -0.1979 0.9687 -0.1500
vn 0.8231 0.3811 -0.4210
vn 0.6874 -0.2970 0.6628
vn -0.6902 0.6652 -0.2849
vn 0.0535 0.9558 -0.2891
vn 0.8821 0.2763 -0.3816
vn 0.5774 -0.2074 0.7896
vn -0.5850 0.7957 -0.1569
vn 0.4883 0.7529 0.4412
vn 0.6361 0.6216 0.4573
vn 0.2921 0.8741 -0.3880
vn 0.9264 0.1791 -0.3312
vn 0.4696 -0.1148 0.8754
vn -0.4201 0.9074 -0.0072
vn 0.7440 0.4960 0.4477
vn 0.9592 0.0864 -0.2692
vn 0.3681 -0.0218 0.9295
vn -0.1979 0.9687 0.1500
vn 0.8231 0.3811 0.4210
vn 0.9811 -0.0045 -0.1936
vn 0.2733 0.0715 0.9593
vn 0.0535 0.9558 0.2891
vn 0.8821 0.2763 0.3816
vn 0.9902 -0.0962 -0.1008
vn 0.1840 0.1664 0.9687
vn 0.2921 0.8741 0.3880
vn 0.9264 0.1791 0.3312
vn 0.9816 -0.1904 0.0143
vn 0.0984 0.2648 0.9593
vn 0.9592 0.0864 0.2692
vn 0.9451 -0.2868 0.1566
vn 0.0151 0.3684 0.9295
vn 0.9811 -0.0045 0.1936
vn 0.8648 -0.3803 0.3277
vn -0.0673 0.4787 0.8754
vn 0.9902 -0.0962 0.1008
vn 0.7230 -0.4579 0.5173
vn -0.1487 0.5953 0.7896
vn 0.9816 -0.1904 -0.0143
vn 0.5139 -0.4996 0.6974
vn -0.2268 0.7136 0.6628
vn 0.9451 -0.2868 -0.1566
vn 0.2597 -0.4908 0.8316
vn -0.2955 0.8224 0.4861
vn 0.8648 -0.3804 -0.3277
vn 0.0037 -0.4350 0.9004
vn -0.3444 0.9023 0.2595
vn 0.7230 -0.4579 -0.5173
vn -0.2169 -0.3501 0.9113
vn -0.3623 0.9321 0.0000
vn 0.5139 -0.4996 -0.6974
vn -0.3889 -0.2546 0.8854
vn 0.6874 -0.2970 -0.6628
vn 0.2597 -0.4908 -0.8316
vn -0.5168 -0.1587 0.8413
vn 0.5774 -0.2074 -0.7896
vn 0.0037 -0.4350 -0.9004
vn -0.6104 -0.0654 0.7894
vn 0.4696 -0.1148 -0.8754
vn -0.2169 -0.3501 -0.9113
vn -0.6785 0.0258 0.7341
vn 0.3681 -0.0218 -0.9295
vn -0.3889 -0.2546 -0.8854
vn -0.7270 0.1170 0.6766
vn 0.2733 0.0715 -0.9593
vn -0.5168 -0.1587 -0.8413
vn -0.1840 0.1664 -0.9687
vn 0.7270 0.1170 -0.6766
vn 0.0673 0.4788 -0.8754
vn 0.7483 0.5367 0.3898
vn 0.7589 0.2109 -0.6161
vn 0.1487 0.5953 -0.7896
vn 0.6902 0.6652 0.2849
vn -0.8634 -0.4328 -0.2595
vn -0.7888 -0.3761 -0.4861
vn 0.7750 0.3103 -0.5505
vn 0.2268 0.7136 -0.6628
vn 0.5850 0.7957 0.1569
vn -0.6361 0.6216 -0.4573
vn -0.4883 0.7529 -0.4412
vn -0.8634 -0.4328 0.2595
vn -0.8912 -0.4536 -0.0000
vn 0.7733 0.4182 -0.4765
vn 0.2955 0.8224 -0.4861
vn 0.4201 0.9074 0.0072
vn -0.7440 0.4960 -0.4477
vn -0.7888 -0.3761 0.4861
vn 0.7483 0.5368 -0.3898
vn 0.3444 0.9023 -0.2595
vn 0.1979 0.9687 -0.1500
vn -0.8231 0.3811 -0.4210
vn -0.6874 -0.2970 0.6628
vn 0.6902 0.6652 -0.2848
vn -0.0535 0.9558 -0.2891
vn -0.8821 0.2763 -0.3816
vn -0.5774 -0.2074 0.7896
vn 0.5850 0.7957 -0.1569
vn -0.4883 0.7529 0.4412
vn -0.6361 0.6216 0.4573
vn -0.2921 0.8741 -0.3880
vn -0.9264 0.1791 -0.3312
vn -0.4696 -0.1148 0.8754
vn 0.4201 0.9074 -0.0072
vn -0.7440 0.4960 0.4477
vn -0.9592 0.0864 -0.2692
vn -0.3681 -0.0218 0.9295
vn 0.1979 0.9687 0.1500
vn -0.8231 0.3811 0.4210
vn -0.9811 -0.0045 -0.1936
vn -0.2733 0.0715 0.9593
vn -0.0535 0.9558 0.2891
vn -0.8821 0.2763 0.3816
vn -0.9902 -0.0962 -0.1008
vn -0.1840 0.1664 0.9687
vn -0.2921 0.8741 0.3880
vn -0.9264 0.1791 0.3312
vn -0.9816 -0.1904 0.0143
vn -0.0984 0.2648 0.9593
vn -0.9592 0.0864 0.2692
vn -0.9451 -0.2868 0.1566
vn -0.0151 0.3684 0.9295
vn -0.9811 -0.0045 0.1936
vn -0.8648 -0.3803 0.3277
vn 0.0673 0.4787 0.8754
vn -0.9902 -0.0962 0.1008
vn -0.7230 -0.4579 0.5173
vn 0.1487 0.5953 0.7896
vn -0.9816 -0.1904 -0.0143
vn -0.5139 -0.4996 0.6974
vn 0.2268 0.7136 0.6628
vn -0.9451 -0.2868 -0.1566
vn -0.2597 -0.4908 0.8316
vn 0.2955 0.8224 0.4861
vn -0.8648 -0.3804 -0.3277
vn -0.0037 -0.4350 0.9004
vn 0.3444 0.9023 0.2595
vn -0.7230 -0.4579 -0.5173
vn 0.2169 -0.3501 0.9113
vn 0.3623 0.9321 0.0000
vn -0.5139 -0.4996 -0.6974
vn 0.3889 -0.2546 0.8854
vn -0.6874 -0.2970 -0.6628
vn -0.2597 -0.4908 -0.8316
vn 0.5168 -0.1587 0.8413
vn -0.5774 -0.2075 -0.7896
vn -0.0037 -0.4350 -0.9004
vn 0.6104 -0.0654 0.7894
vn -0.4696 -0.1148 -0.8754
vn 0.2169 -0.3501 -0.9113
vn 0.6785 0.0258 0.7341
vn -0.3681 -0.0218 -0.9295
vn 0.3889 -0.2546 -0.8854
vn 0.7270 0.1170 0.6766
vn -0.2733 0.0715 -0.9593
vn 0.5168 -0.1587 -0.8413
vn 1.0000 -0.0001 0.0000
vn 0.0000 0.2903 -0.9569
vn 0.4016 0.5960 -0.6954
vn 0.4016 0.5960 0.6954
usemtl Material
s 1
f 1219/2024/1152 1531/2025/1153 1527/2026/1152
f 1218/2027/1152 1530/2028/1153 1220/2029/1153
f 1223/2030/1154 1531/2025/1153 1221/2031/1153
f 1220/2029/1153 1534/2032/1154 1222/2033/1154
f 1223/2030/1154 1539/2034/1155 1535/2035/1154
f 1222/2033/1154 1538/2036/1155 1224/2037/1155
f 1225/2038/1155 1543/2039/1156 1539/2034/1155
f 1224/2037/1155 1542/2040/1156 1226/2041/1156
f 1227/2042/1156 1547/2043/1157 1543/2039/1156
f 1228/2044/1157 1542/2040/1156 1546/2045/1157
f 1547/2043/1157 1231/2046/1158 1551/2047/1158
f 1550/2048/1158 1228/2044/1157 1546/2045/1157
f 1231/2046/1158 1555/2049/1159 1551/2047/1158
f 1232/2050/1159 1550/2048/1158 1554/2051/1159
f 1233/2052/1159 1559/2053/1160 1555/2049/1159
f 1234/2054/1160 1554/2051/1159 1558/2055/1160
f 1235/2056/1160 1563/2057/1161 1559/2053/1160
f 1236/2058/1161 1558/2055/1160 1562/2059/1161
f 1237/2060/1161 1567/2061/1162 1563/2057/1161
f 1238/2062/1162 1562/2059/1161 1566/2063/1162
f 1239/2064/1162 1571/2065/1163 1567/2061/1162
f 1240/2066/1163 1566/2063/1162 1570/2067/1163
f 1571/2065/1163 1243/2068/1164 1575/2069/1164
f 1242/2070/1164 1570/2067/1163 1574/2071/1164
f 1243/2068/1164 1579/2072/1165 1575/2069/1164
f 1244/2073/1165 1574/2071/1164 1578/2074/1165
f 1245/2075/1165 1584/2076/1166 1579/2072/1165
f 1246/2077/1166 1578/2074/1165 1583/2078/1166
f 1247/2079/1166 1586/2080/1167 1584/2076/1166
f 1248/2081/1167 1583/2078/1166 1585/2082/1167
f 1586/2080/1167 1251/2083/1168 1588/2084/1168
f 1250/2085/1168 1585/2082/1167 1587/2086/1168
f 1251/2083/1168 1590/2087/1169 1588/2084/1168
f 1252/2088/1169 1587/2086/1168 1589/2089/1169
f 1253/2090/1169 1529/2091/1170 1590/2087/1169
f 1252/2088/1169 1589/2089/1169 1591/2092/1171
f 1255/2093/1170 1533/2094/1172 1529/2091/1170
f 1256/2095/1172 1528/2096/1170 1532/2097/1172
f 1257/2098/1172 1537/2099/1173 1533/2094/1172
f 1258/2100/1173 1532/2097/1172 1536/2101/1173
f 1259/2102/1173 1541/2103/1174 1537/2099/1173
f 1258/2100/1173 1540/2104/1174 1260/2105/1174
f 1261/2106/1174 1545/2107/1175 1541/2103/1174
f 1260/2105/1174 1544/2108/1175 1262/2109/1175
f 1545/2107/1175 1265/2110/1176 1549/2111/1176
f 1262/2109/1175 1548/2112/1176 1264/2113/1176
f 1265/2110/1176 1553/2114/1177 1549/2111/1176
f 1264/2113/1176 1552/2115/1177 1266/2116/1177
f 1553/2114/1177 1269/2117/1178 1557/2118/1178
f 1266/2116/1177 1556/2119/1178 1268/2120/1178
f 1269/2117/1178 1561/2121/1179 1557/2118/1178
f 1268/2120/1178 1560/2122/1179 1270/2123/1179
f 1271/2124/1179 1565/2125/1180 1561/2121/1179
f 1270/2123/1179 1564/2126/1180 1272/2127/1180
f 1565/2125/1180 1275/2128/1181 1569/2129/1181
f 1272/2127/1180 1568/2130/1181 1274/2131/1181
f 1275/2128/1181 1573/2132/1182 1569/2129/1181
f 1276/2133/1182 1568/2130/1181 1572/2134/1182
f 1277/2135/1182 1577/2136/1183 1573/2132/1182
f 1276/2133/1182 1576/2137/1183 1278/2138/1183
f 1223/2139/1184 1271/2140/1184 1255/2141/1184
f 1577/2136/1183 1279/2142/1183 1281/2143/1185
f 1278/2138/1183 1581/2144/1185 1280/2145/1185
f 1281/2143/1185 1527/2026/1152 1582/2146/1185
f 1280/2145/1185 1526/2147/1152 1218/2027/1152
f 1230/2148/1186 1246/2149/1186 1262/2150/1186
f 1285/2151/1187 1291/2152/1188 1293/2153/1188
f 1313/2154/1184 1555/2049/1184 1559/2053/1184
f 1303/2155/1184 1549/2111/1184 1553/2114/1184
f 1306/2156/1189 1288/2157/1189 1286/2158/1189
f 1288/2159/1190 1422/2160/1190 1311/2161/1190
f 1287/2162/1191 1294/2163/1192 1297/2164/1192
f 1300/2165/1193 1315/2166/1194 1317/2167/1194
f 1373/2168/1195 1375/2169/1195 1462/2170/1195
f 1287/2162/1196 1290/2171/1197 1294/2163/1197
f 1404/2172/1198 1405/2173/1199 1518/2174/1200
f 1472/2175/1201 1524/2176/1195 1471/2177/1202
f 1354/2178/1203 1355/2179/1203 1297/2180/1203
f 1442/2181/1204 1441/2182/1204 1418/2183/1204
f 1305/2184/1190 1420/2185/1190 1421/2186/1190
f 1509/2187/1205 1525/2188/1206 1510/2189/1207
f 1289/2190/1191 1303/2191/1189 1287/2192/1191
f 1305/2193/1189 1303/2194/1189 1289/2195/1191
f 1307/2196/1189 1304/2197/1189 1305/2198/1189
f 1423/2199/1186 1556/2119/1186 1552/2115/1186
f 1422/2200/1186 1566/2063/1186 1562/2059/1186
f 1483/2201/1208 1419/2202/1204 1484/2203/1209
f 1289/2204/1210 1312/2205/1210 1420/2206/1190
f 1298/2207/1200 1415/2208/1200 1414/2209/1200
f 1334/2210/1211 1384/2211/1211 1298/2207/1211
f 1378/2212/1212 1379/2213/1213 1302/2214/1211
f 1301/2215/1203 1370/2216/1203 1371/2217/1203
f 1374/2218/1184 1317/2219/1184 1316/2220/1184
f 1423/2221/1214 1300/2222/1193 1310/2223/1214
f 1307/2224/1190 1421/2225/1190 1422/2226/1190
f 1301/2215/1177 1292/2227/1177 1296/2228/1177
f 1374/2229/1177 1417/2230/1177 1418/2183/1177
f 1473/2231/1215 1524/2176/1195 1472/2175/1201
f 1290/2232/1200 1293/2233/1200 1398/2234/1200
f 1364/2235/1216 1363/2236/1217 1517/2237/1203
f 1289/2238/1210 1375/2239/1218 1312/2240/1210
f 1315/2241/1204 1373/2168/1204 1426/2242/1204
f 1313/2243/1219 1282/2244/1219 1284/2245/1219
f 1418/2183/1195 1479/2246/1195 1478/2247/1195
f 1294/2248/1211 1290/2232/1211 1318/2249/1211
f 1292/2250/1186 1297/2251/1186 1296/2252/1186
f 1373/2253/1220 1300/2165/1221 1312/2240/1221
f 1503/2254/1206 1504/2255/1206 1317/2256/1206
f 1365/2257/1222 1364/2235/1216 1517/2237/1203
f 1377/2258/1223 1378/2212/1212 1302/2214/1211
f 1405/2173/1199 1406/2259/1224 1518/2174/1200
f 1379/2213/1213 1380/2260/1225 1302/2214/1211
f 1366/2261/1226 1365/2257/1222 1517/2237/1203
f 1406/2259/1224 1407/2262/1227 1518/2174/1200
f 1380/2260/1225 1381/2263/1228 1302/2214/1211
f 1367/2264/1229 1366/2261/1226 1517/2237/1203
f 1335/2265/1230 1336/2266/1231 1302/2214/1211
f 1407/2262/1227 1408/2267/1232 1518/2174/1200
f 1381/2263/1228 1382/2268/1233 1302/2214/1211
f 1368/2269/1234 1367/2264/1229 1517/2237/1203
f 1342/2270/1235 1341/2271/1236 1517/2237/1203
f 1319/2272/1237 1318/2273/1238 1302/2214/1211
f 1408/2267/1232 1409/2274/1239 1518/2174/1200
f 1382/2268/1233 1383/2275/1240 1302/2214/1211
f 1369/2276/1241 1368/2269/1234 1517/2237/1203
f 1343/2277/1242 1342/2270/1235 1517/2237/1203
f 1320/2278/1243 1319/2272/1237 1302/2214/1211
f 1409/2274/1239 1410/2279/1244 1518/2174/1200
f 1383/2275/1240 1384/2280/1245 1302/2214/1211
f 1370/2281/1246 1369/2276/1241 1517/2237/1203
f 1344/2282/1247 1343/2277/1242 1517/2237/1203
f 1321/2283/1248 1320/2278/1243 1302/2214/1211
f 1410/2279/1244 1411/2284/1249 1518/2174/1200
f 1371/2285/1250 1370/2281/1246 1517/2237/1203
f 1345/2286/1251 1344/2282/1247 1517/2237/1203
f 1322/2287/1252 1321/2283/1248 1302/2214/1211
f 1411/2284/1249 1412/2288/1253 1518/2174/1200
f 1385/2289/1254 1386/2290/1255 1518/2174/1200
f 1372/2291/1256 1371/2285/1250 1517/2237/1203
f 1346/2292/1257 1345/2286/1251 1517/2237/1203
f 1323/2293/1258 1322/2287/1252 1302/2214/1211
f 1412/2288/1253 1413/2294/1259 1518/2174/1200
f 1386/2290/1255 1387/2295/1260 1518/2174/1200
f 1341/2271/1236 1372/2291/1256 1517/2237/1203
f 1347/2296/1261 1346/2292/1257 1517/2237/1203
f 1324/2297/1262 1323/2293/1258 1302/2214/1211
f 1413/2294/1259 1414/2298/1263 1518/2174/1200
f 1387/2295/1260 1388/2299/1264 1518/2174/1200
f 1348/2300/1265 1347/2296/1261 1517/2237/1203
f 1325/2301/1266 1324/2297/1262 1302/2214/1211
f 1414/2298/1263 1415/2302/1267 1518/2174/1200
f 1388/2299/1264 1389/2303/1268 1518/2174/1200
f 1349/2304/1269 1348/2300/1265 1517/2237/1203
f 1326/2305/1270 1325/2301/1266 1302/2214/1211
f 1415/2302/1267 1416/2306/1271 1518/2174/1200
f 1389/2303/1268 1390/2307/1272 1518/2174/1200
f 1350/2308/1273 1349/2304/1269 1517/2237/1203
f 1327/2309/1274 1326/2305/1270 1302/2214/1211
f 1416/2306/1271 1385/2289/1254 1518/2174/1200
f 1390/2307/1272 1391/2310/1275 1518/2174/1200
f 1351/2311/1276 1350/2308/1273 1517/2237/1203
f 1328/2312/1277 1327/2309/1274 1302/2214/1211
f 1391/2310/1275 1392/2313/1278 1518/2174/1200
f 1352/2314/1279 1351/2311/1276 1517/2237/1203
f 1329/2315/1280 1328/2312/1277 1302/2214/1211
f 1392/2313/1278 1393/2316/1281 1518/2174/1200
f 1353/2317/1282 1352/2314/1279 1517/2237/1203
f 1330/2318/1283 1329/2315/1280 1302/2214/1211
f 1393/2316/1281 1394/2319/1284 1518/2174/1200
f 1354/2320/1285 1353/2317/1282 1517/2237/1203
f 1331/2321/1286 1330/2318/1283 1302/2214/1211
f 1394/2319/1284 1395/2322/1287 1518/2174/1200
f 1355/2323/1288 1354/2320/1285 1517/2237/1203
f 1332/2324/1289 1331/2321/1286 1302/2214/1211
f 1395/2322/1287 1396/2325/1290 1518/2174/1200
f 1356/2326/1291 1355/2323/1288 1517/2237/1203
f 1333/2327/1292 1332/2324/1289 1302/2214/1211
f 1396/2325/1290 1397/2328/1293 1518/2174/1200
f 1357/2329/1294 1356/2326/1291 1517/2237/1203
f 1334/2330/1295 1333/2327/1292 1302/2214/1211
f 1397/2328/1293 1398/2331/1296 1518/2174/1200
f 1358/2332/1297 1357/2329/1294 1517/2237/1203
f 1336/2266/1231 1337/2333/1298 1302/2214/1211
f 1318/2273/1238 1335/2265/1230 1302/2214/1211
f 1398/2331/1296 1399/2334/1299 1518/2174/1200
f 1359/2335/1300 1358/2332/1297 1517/2237/1203
f 1337/2333/1298 1338/2336/1301 1302/2214/1211
f 1399/2334/1299 1400/2337/1302 1518/2174/1200
f 1360/2338/1303 1359/2335/1300 1517/2237/1203
f 1338/2336/1301 1339/2339/1304 1302/2214/1211
f 1384/2280/1245 1334/2330/1295 1302/2214/1211
f 1400/2337/1302 1401/2340/1305 1518/2174/1200
f 1361/2341/1306 1360/2338/1303 1517/2237/1203
f 1339/2339/1304 1340/2342/1307 1302/2214/1211
f 1401/2340/1305 1402/2343/1308 1518/2174/1200
f 1362/2344/1309 1361/2341/1306 1517/2237/1203
f 1340/2342/1307 1376/2345/1310 1302/2214/1211
f 1402/2343/1308 1403/2346/1311 1518/2174/1200
f 1363/2236/1217 1362/2344/1309 1517/2237/1203
f 1376/2345/1310 1377/2258/1223 1302/2214/1211
f 1403/2346/1311 1404/2172/1198 1518/2174/1200
f 1417/2230/1206 1521/2347/1206 1522/2348/1206
f 1482/2349/1312 1419/2202/1204 1483/2201/1208
f 1510/2189/1207 1525/2188/1206 1511/2350/1313
f 1484/2203/1209 1419/2202/1204 1485/2351/1314
f 1474/2352/1315 1524/2176/1195 1473/2231/1215
f 1511/2350/1313 1525/2188/1206 1512/2353/1316
f 1485/2351/1314 1419/2202/1204 1486/2354/1317
f 1475/2355/1318 1524/2176/1195 1474/2352/1315
f 1443/2356/1319 1419/2202/1204 1444/2357/1320
f 1512/2353/1316 1525/2188/1206 1513/2358/1321
f 1486/2354/1317 1419/2202/1204 1487/2359/1322
f 1476/2360/1323 1524/2176/1195 1475/2355/1318
f 1450/2361/1324 1524/2176/1195 1449/2362/1325
f 1427/2363/1326 1419/2202/1204 1426/2364/1327
f 1513/2358/1321 1525/2188/1206 1514/2365/1328
f 1487/2359/1322 1419/2202/1204 1488/2366/1329
f 1477/2367/1330 1524/2176/1195 1476/2360/1323
f 1451/2368/1331 1524/2176/1195 1450/2361/1324
f 1428/2369/1332 1419/2202/1204 1427/2363/1326
f 1514/2365/1328 1525/2188/1206 1515/2370/1333
f 1488/2366/1329 1419/2202/1204 1489/2371/1334
f 1478/2372/1335 1524/2176/1195 1477/2367/1330
f 1452/2373/1336 1524/2176/1195 1451/2368/1331
f 1429/2374/1337 1419/2202/1204 1428/2369/1332
f 1515/2370/1333 1525/2188/1206 1516/2375/1338
f 1479/2376/1339 1524/2176/1195 1478/2372/1335
f 1453/2377/1340 1524/2176/1195 1452/2373/1336
f 1430/2378/1341 1419/2202/1204 1429/2374/1337
f 1516/2375/1338 1525/2188/1206 1519/2379/1342
f 1490/2380/1343 1525/2188/1206 1491/2381/1344
f 1480/2382/1345 1524/2176/1195 1479/2376/1339
f 1454/2383/1346 1524/2176/1195 1453/2377/1340
f 1431/2384/1347 1419/2202/1204 1430/2378/1341
f 1519/2379/1342 1525/2188/1206 1520/2385/1348
f 1491/2381/1344 1525/2188/1206 1492/2386/1349
f 1449/2362/1325 1524/2176/1195 1480/2382/1345
f 1455/2387/1350 1524/2176/1195 1454/2383/1346
f 1432/2388/1351 1419/2202/1204 1431/2384/1347
f 1520/2385/1348 1525/2188/1206 1521/2389/1352
f 1492/2386/1349 1525/2188/1206 1493/2390/1353
f 1456/2391/1354 1524/2176/1195 1455/2387/1350
f 1433/2392/1355 1419/2202/1204 1432/2388/1351
f 1521/2389/1352 1525/2188/1206 1522/2393/1356
f 1493/2390/1353 1525/2188/1206 1494/2394/1357
f 1457/2395/1358 1524/2176/1195 1456/2391/1354
f 1434/2396/1359 1419/2202/1204 1433/2392/1355
f 1522/2393/1356 1525/2188/1206 1523/2397/1360
f 1494/2394/1357 1525/2188/1206 1495/2398/1361
f 1458/2399/1362 1524/2176/1195 1457/2395/1358
f 1435/2400/1363 1419/2202/1204 1434/2396/1359
f 1523/2397/1360 1525/2188/1206 1490/2380/1343
f 1495/2398/1361 1525/2188/1206 1496/2401/1364
f 1459/2402/1365 1524/2176/1195 1458/2399/1362
f 1436/2403/1366 1419/2202/1204 1435/2400/1363
f 1496/2401/1364 1525/2188/1206 1497/2404/1367
f 1460/2405/1368 1524/2176/1195 1459/2402/1365
f 1437/2406/1369 1419/2202/1204 1436/2403/1366
f 1497/2404/1367 1525/2188/1206 1498/2407/1370
f 1461/2408/1371 1524/2176/1195 1460/2405/1368
f 1438/2409/1372 1419/2202/1204 1437/2406/1369
f 1498/2407/1370 1525/2188/1206 1499/2410/1373
f 1462/2411/1374 1524/2176/1195 1461/2408/1371
f 1439/2412/1375 1419/2202/1204 1438/2409/1372
f 1499/2410/1373 1525/2188/1206 1500/2413/1376
f 1463/2414/1377 1524/2176/1195 1462/2411/1374
f 1440/2415/1378 1419/2202/1204 1439/2412/1375
f 1500/2413/1376 1525/2188/1206 1501/2416/1379
f 1464/2417/1380 1524/2176/1195 1463/2414/1377
f 1441/2418/1381 1419/2202/1204 1440/2415/1378
f 1501/2416/1379 1525/2188/1206 1502/2419/1382
f 1465/2420/1383 1524/2176/1195 1464/2417/1380
f 1442/2421/1384 1419/2202/1204 1441/2418/1381
f 1502/2419/1382 1525/2188/1206 1503/2422/1385
f 1466/2423/1386 1524/2176/1195 1465/2420/1383
f 1444/2357/1320 1419/2202/1204 1445/2424/1387
f 1426/2364/1327 1419/2202/1204 1443/2356/1319
f 1503/2422/1385 1525/2188/1206 1504/2425/1388
f 1467/2426/1389 1524/2176/1195 1466/2423/1386
f 1445/2424/1387 1419/2202/1204 1446/2427/1390
f 1504/2425/1388 1525/2188/1206 1505/2428/1391
f 1468/2429/1392 1524/2176/1195 1467/2426/1389
f 1446/2427/1390 1419/2202/1204 1447/2430/1393
f 1489/2371/1334 1419/2202/1204 1442/2421/1384
f 1505/2428/1391 1525/2188/1206 1506/2431/1394
f 1469/2432/1395 1524/2176/1195 1468/2429/1392
f 1447/2430/1393 1419/2202/1204 1448/2433/1396
f 1506/2431/1394 1525/2188/1206 1507/2434/1397
f 1470/2435/1398 1524/2176/1195 1469/2432/1395
f 1448/2433/1396 1419/2202/1204 1481/2436/1399
f 1507/2434/1397 1525/2188/1206 1508/2437/1400
f 1471/2177/1202 1524/2176/1195 1470/2435/1398
f 1481/2436/1399 1419/2202/1204 1482/2349/1312
f 1508/2437/1400 1525/2188/1206 1509/2187/1205
f 1317/2438/1177 1375/2439/1177 1297/2440/1177
f 1288/2441/1160 1311/2442/1160 1284/2443/1160
f 1219/2024/1152 1221/2031/1153 1531/2025/1153
f 1218/2027/1152 1526/2147/1152 1530/2028/1153
f 1223/2030/1154 1535/2035/1154 1531/2025/1153
f 1220/2029/1153 1530/2028/1153 1534/2032/1154
f 1223/2030/1154 1225/2038/1155 1539/2034/1155
f 1222/2033/1154 1534/2032/1154 1538/2036/1155
f 1225/2038/1155 1227/2042/1156 1543/2039/1156
f 1224/2037/1155 1538/2036/1155 1542/2040/1156
f 1227/2042/1156 1229/2444/1157 1547/2043/1157
f 1228/2044/1157 1226/2041/1156 1542/2040/1156
f 1547/2043/1157 1229/2444/1157 1231/2046/1158
f 1550/2048/1158 1230/2445/1158 1228/2044/1157
f 1231/2046/1158 1233/2052/1159 1555/2049/1159
f 1232/2050/1159 1230/2445/1158 1550/2048/1158
f 1233/2052/1159 1235/2056/1160 1559/2053/1160
f 1234/2054/1160 1232/2050/1159 1554/2051/1159
f 1235/2056/1160 1237/2060/1161 1563/2057/1161
f 1236/2058/1161 1234/2054/1160 1558/2055/1160
f 1237/2060/1161 1239/2064/1162 1567/2061/1162
f 1238/2062/1162 1236/2058/1161 1562/2059/1161
f 1239/2064/1162 1241/2446/1163 1571/2065/1163
f 1240/2066/1163 1238/2062/1162 1566/2063/1162
f 1571/2065/1163 1241/2446/1163 1243/2068/1164
f 1242/2070/1164 1240/2066/1163 1570/2067/1163
f 1243/2068/1164 1245/2075/1165 1579/2072/1165
f 1244/2073/1165 1242/2070/1164 1574/2071/1164
f 1245/2075/1165 1247/2079/1166 1584/2076/1166
f 1246/2077/1166 1244/2073/1165 1578/2074/1165
f 1247/2079/1166 1249/2447/1167 1586/2080/1167
f 1248/2081/1167 1246/2077/1166 1583/2078/1166
f 1586/2080/1167 1249/2447/1167 1251/2083/1168
f 1250/2085/1168 1248/2081/1167 1585/2082/1167
f 1251/2083/1168 1253/2090/1169 1590/2087/1169
f 1252/2088/1169 1250/2085/1168 1587/2086/1168
f 1253/2090/1169 1255/2093/1170 1529/2091/1170
f 1591/2092/1171 1528/2096/1170 1254/2448/1170
f 1254/2448/1170 1252/2088/1169 1591/2092/1171
f 1255/2093/1170 1257/2098/1172 1533/2094/1172
f 1256/2095/1172 1254/2448/1170 1528/2096/1170
f 1257/2098/1172 1259/2102/1173 1537/2099/1173
f 1258/2100/1173 1256/2095/1172 1532/2097/1172
f 1259/2102/1173 1261/2106/1174 1541/2103/1174
f 1258/2100/1173 1536/2101/1173 1540/2104/1174
f 1261/2106/1174 1263/2449/1175 1545/2107/1175
f 1260/2105/1174 1540/2104/1174 1544/2108/1175
f 1545/2107/1175 1263/2449/1175 1265/2110/1176
f 1262/2109/1175 1544/2108/1175 1548/2112/1176
f 1265/2110/1176 1267/2450/1177 1553/2114/1177
f 1264/2113/1176 1548/2112/1176 1552/2115/1177
f 1553/2114/1177 1267/2450/1177 1269/2117/1178
f 1266/2116/1177 1552/2115/1177 1556/2119/1178
f 1269/2117/1178 1271/2124/1179 1561/2121/1179
f 1268/2120/1178 1556/2119/1178 1560/2122/1179
f 1271/2124/1179 1273/2451/1180 1565/2125/1180
f 1270/2123/1179 1560/2122/1179 1564/2126/1180
f 1565/2125/1180 1273/2451/1180 1275/2128/1181
f 1272/2127/1180 1564/2126/1180 1568/2130/1181
f 1275/2128/1181 1277/2135/1182 1573/2132/1182
f 1276/2133/1182 1274/2131/1181 1568/2130/1181
f 1277/2135/1182 1279/2142/1183 1577/2136/1183
f 1276/2133/1182 1572/2134/1182 1576/2137/1183
f 1255/2141/1184 1253/2452/1184 1251/2453/1184
f 1251/2453/1184 1249/2454/1184 1247/2455/1184
f 1247/2455/1184 1245/2456/1184 1239/2457/1184
f 1245/2456/1184 1243/2458/1184 1239/2457/1184
f 1243/2458/1184 1241/2459/1184 1239/2457/1184
f 1239/2457/1184 1237/2460/1184 1231/2461/1184
f 1237/2460/1184 1235/2462/1184 1231/2461/1184
f 1235/2462/1184 1233/2463/1184 1231/2461/1184
f 1231/2461/1184 1229/2464/1184 1227/2465/1184
f 1227/2465/1184 1225/2466/1184 1231/2461/1184
f 1225/2466/1184 1223/2139/1184 1231/2461/1184
f 1223/2139/1184 1221/2467/1184 1219/2468/1184
f 1219/2468/1184 1281/2469/1184 1279/2470/1184
f 1279/2470/1184 1277/2471/1184 1271/2140/1184
f 1277/2471/1184 1275/2472/1184 1271/2140/1184
f 1275/2472/1184 1273/2473/1184 1271/2140/1184
f 1271/2140/1184 1269/2474/1184 1267/2475/1401
f 1267/2475/1401 1265/2476/1184 1271/2140/1184
f 1265/2476/1184 1263/2477/1184 1271/2140/1184
f 1263/2477/1184 1261/2478/1184 1259/2479/1184
f 1259/2479/1184 1257/2480/1184 1255/2141/1184
f 1255/2141/1184 1251/2453/1184 1247/2455/1184
f 1223/2139/1184 1219/2468/1184 1279/2470/1184
f 1263/2477/1184 1259/2479/1184 1255/2141/1184
f 1255/2141/1184 1247/2455/1184 1239/2457/1184
f 1239/2457/1184 1231/2461/1184 1223/2139/1184
f 1223/2139/1184 1279/2470/1184 1271/2140/1184
f 1271/2140/1184 1263/2477/1184 1255/2141/1184
f 1255/2141/1184 1239/2457/1184 1223/2139/1184
f 1582/2146/1185 1580/2481/1402 1281/2143/1185
f 1580/2481/1402 1577/2136/1183 1281/2143/1185
f 1278/2138/1183 1576/2137/1183 1581/2144/1185
f 1281/2143/1185 1219/2024/1152 1527/2026/1152
f 1280/2145/1185 1581/2144/1185 1526/2147/1152
f 1278/2482/1186 1280/2483/1186 1218/2484/1186
f 1218/2484/1186 1220/2485/1186 1278/2482/1186
f 1220/2485/1186 1222/2486/1186 1278/2482/1186
f 1222/2486/1186 1224/2487/1186 1230/2148/1186
f 1224/2487/1186 1226/2488/1186 1230/2148/1186
f 1226/2488/1186 1228/2489/1186 1230/2148/1186
f 1230/2148/1186 1232/2490/1186 1238/2491/1186
f 1232/2490/1186 1234/2492/1186 1238/2491/1186
f 1234/2492/1186 1236/2493/1186 1238/2491/1186
f 1238/2491/1186 1240/2494/1186 1242/2495/1186
f 1242/2495/1186 1244/2496/1186 1246/2149/1186
f 1246/2149/1186 1248/2497/1186 1250/2498/1186
f 1250/2498/1186 1252/2499/1186 1254/2500/1186
f 1254/2500/1186 1256/2501/1186 1258/2502/1186
f 1258/2502/1186 1260/2503/1186 1254/2500/1186
f 1260/2503/1186 1262/2150/1186 1254/2500/1186
f 1262/2150/1186 1264/2504/1186 1266/2505/1186
f 1266/2505/1186 1268/2506/1186 1270/2507/1186
f 1270/2507/1186 1272/2508/1186 1274/2509/1186
f 1274/2509/1186 1276/2510/1186 1270/2507/1186
f 1276/2510/1186 1278/2482/1186 1270/2507/1186
f 1238/2491/1186 1242/2495/1186 1230/2148/1186
f 1242/2495/1186 1246/2149/1186 1230/2148/1186
f 1246/2149/1186 1250/2498/1186 1254/2500/1186
f 1262/2150/1186 1266/2505/1186 1278/2482/1186
f 1266/2505/1186 1270/2507/1186 1278/2482/1186
f 1278/2482/1186 1222/2486/1186 1230/2148/1186
f 1246/2149/1186 1254/2500/1186 1262/2150/1186
f 1278/2482/1186 1230/2148/1186 1262/2150/1186
f 1290/2171/1188 1283/2511/1187 1293/2153/1188
f 1283/2511/1187 1285/2151/1187 1293/2153/1188
f 1588/2084/1184 1590/2087/1184 1304/2512/1184
f 1304/2512/1184 1306/2513/1184 1584/2076/1184
f 1306/2513/1184 1286/2514/1184 1313/2154/1184
f 1304/2512/1184 1586/2080/1184 1588/2084/1184
f 1286/2514/1184 1282/2515/1184 1313/2154/1184
f 1313/2154/1184 1309/2516/1184 1535/2035/1184
f 1309/2516/1184 1580/2481/1184 1582/2146/1184
f 1309/2516/1184 1582/2146/1184 1527/2026/1184
f 1586/2080/1184 1304/2512/1184 1584/2076/1184
f 1584/2076/1184 1306/2513/1184 1579/2072/1184
f 1309/2516/1184 1527/2026/1184 1531/2025/1184
f 1309/2516/1184 1531/2025/1184 1535/2035/1184
f 1579/2072/1184 1306/2513/1184 1575/2069/1184
f 1575/2069/1184 1306/2513/1184 1571/2065/1184
f 1313/2154/1184 1535/2035/1184 1539/2034/1184
f 1571/2065/1184 1306/2513/1184 1567/2061/1184
f 1567/2061/1184 1306/2513/1184 1563/2057/1184
f 1313/2154/1184 1539/2034/1184 1543/2039/1184
f 1313/2154/1184 1543/2039/1184 1547/2043/1184
f 1563/2057/1184 1306/2513/1184 1559/2053/1184
f 1306/2513/1184 1313/2154/1184 1559/2053/1184
f 1313/2154/1184 1547/2043/1184 1551/2047/1184
f 1313/2154/1184 1551/2047/1184 1555/2049/1184
f 1577/2136/1184 1580/2481/1184 1309/2516/1184
f 1309/2516/1184 1308/2517/1184 1565/2125/1184
f 1308/2517/1184 1283/2518/1196 1303/2155/1184
f 1283/2518/1196 1287/2519/1196 1303/2155/1184
f 1303/2155/1184 1304/2512/1184 1541/2103/1184
f 1304/2512/1184 1590/2087/1184 1529/2091/1184
f 1304/2512/1184 1529/2091/1184 1533/2094/1184
f 1308/2517/1184 1303/2155/1184 1553/2114/1184
f 1309/2516/1184 1565/2125/1184 1569/2129/1184
f 1573/2132/1184 1577/2136/1184 1309/2516/1184
f 1569/2129/1184 1573/2132/1184 1309/2516/1184
f 1304/2512/1184 1533/2094/1184 1537/2099/1184
f 1304/2512/1184 1537/2099/1184 1541/2103/1184
f 1565/2125/1184 1308/2517/1184 1561/2121/1184
f 1561/2121/1184 1308/2517/1184 1557/2118/1184
f 1303/2155/1184 1541/2103/1184 1545/2107/1184
f 1557/2118/1184 1308/2517/1184 1553/2114/1184
f 1303/2155/1184 1545/2107/1184 1549/2111/1184
f 1306/2156/1189 1307/2520/1189 1288/2157/1189
f 1288/2159/1190 1307/2521/1190 1422/2160/1190
f 1297/2164/1192 1295/2522/1192 1289/2238/1191
f 1289/2238/1191 1287/2162/1191 1297/2164/1192
f 1291/2152/1194 1285/2151/1193 1317/2167/1194
f 1285/2151/1193 1300/2165/1193 1317/2167/1194
f 1455/2523/1195 1454/2524/1195 1373/2168/1195
f 1375/2169/1195 1374/2229/1195 1470/2525/1195
f 1375/2169/1195 1470/2525/1195 1469/2526/1195
f 1456/2527/1195 1455/2523/1195 1373/2168/1195
f 1457/2528/1195 1456/2527/1195 1373/2168/1195
f 1375/2169/1195 1469/2526/1195 1468/2529/1195
f 1375/2169/1195 1468/2529/1195 1467/2530/1195
f 1458/2531/1195 1457/2528/1195 1373/2168/1195
f 1459/2532/1195 1458/2531/1195 1373/2168/1195
f 1375/2169/1195 1467/2530/1195 1466/2533/1195
f 1375/2169/1195 1466/2533/1195 1465/2534/1195
f 1460/2535/1195 1459/2532/1195 1373/2168/1195
f 1461/2536/1195 1460/2535/1195 1373/2168/1195
f 1375/2169/1195 1465/2534/1195 1464/2537/1195
f 1375/2169/1195 1464/2537/1195 1463/2538/1195
f 1462/2170/1195 1461/2536/1195 1373/2168/1195
f 1375/2169/1195 1463/2538/1195 1462/2170/1195
f 1287/2162/1196 1283/2511/1196 1290/2171/1197
f 1362/2539/1203 1296/2228/1203 1297/2180/1203
f 1294/2248/1203 1346/2540/1203 1347/2541/1203
f 1294/2248/1203 1347/2541/1203 1348/2542/1203
f 1361/2543/1203 1362/2539/1203 1297/2180/1203
f 1360/2544/1203 1361/2543/1203 1297/2180/1203
f 1294/2248/1203 1348/2542/1203 1349/2545/1203
f 1294/2248/1203 1349/2545/1203 1350/2546/1203
f 1359/2547/1203 1360/2544/1203 1297/2180/1203
f 1358/2548/1203 1359/2547/1203 1297/2180/1203
f 1294/2248/1203 1350/2546/1203 1351/2549/1203
f 1294/2248/1203 1351/2549/1203 1352/2550/1203
f 1357/2551/1203 1358/2548/1203 1297/2180/1203
f 1356/2552/1203 1357/2551/1203 1297/2180/1203
f 1294/2248/1203 1352/2550/1203 1353/2553/1203
f 1294/2248/1203 1353/2553/1203 1354/2178/1203
f 1355/2179/1203 1356/2552/1203 1297/2180/1203
f 1294/2248/1203 1354/2178/1203 1297/2180/1203
f 1435/2554/1204 1434/2555/1204 1418/2183/1204
f 1417/2230/1204 1482/2556/1204 1483/2557/1204
f 1417/2230/1204 1483/2557/1204 1484/2558/1204
f 1436/2559/1204 1435/2554/1204 1418/2183/1204
f 1437/2560/1204 1436/2559/1204 1418/2183/1204
f 1417/2230/1204 1484/2558/1204 1485/2561/1204
f 1417/2230/1204 1485/2561/1204 1486/2562/1204
f 1438/2563/1204 1437/2560/1204 1418/2183/1204
f 1439/2564/1204 1438/2563/1204 1418/2183/1204
f 1417/2230/1204 1486/2562/1204 1487/2565/1204
f 1417/2230/1204 1487/2565/1204 1488/2566/1204
f 1440/2567/1204 1439/2564/1204 1418/2183/1204
f 1441/2182/1204 1440/2567/1204 1418/2183/1204
f 1418/2183/1204 1417/2230/1204 1442/2181/1204
f 1417/2230/1204 1488/2566/1204 1489/2568/1204
f 1417/2230/1204 1489/2568/1204 1442/2181/1204
f 1305/2184/1190 1289/2569/1210 1420/2185/1190
f 1305/2193/1189 1304/2570/1189 1303/2194/1189
f 1307/2196/1189 1306/2571/1189 1304/2197/1189
f 1528/2096/1186 1591/2092/1186 1421/2572/1186
f 1420/2573/1186 1312/2574/1221 1300/2575/1221
f 1528/2096/1186 1421/2572/1186 1532/2097/1186
f 1421/2572/1186 1420/2573/1186 1540/2104/1186
f 1532/2097/1186 1421/2572/1186 1536/2101/1186
f 1536/2101/1186 1421/2572/1186 1540/2104/1186
f 1420/2573/1186 1300/2575/1221 1423/2199/1186
f 1423/2199/1186 1424/2576/1186 1564/2126/1186
f 1424/2576/1186 1581/2144/1186 1576/2137/1186
f 1424/2576/1186 1576/2137/1186 1572/2134/1186
f 1424/2576/1186 1572/2134/1186 1568/2130/1186
f 1424/2576/1186 1568/2130/1186 1564/2126/1186
f 1540/2104/1186 1420/2573/1186 1544/2108/1186
f 1420/2573/1186 1423/2199/1186 1552/2115/1186
f 1544/2108/1186 1420/2573/1186 1548/2112/1186
f 1548/2112/1186 1420/2573/1186 1552/2115/1186
f 1423/2199/1186 1564/2126/1186 1560/2122/1186
f 1423/2199/1186 1560/2122/1186 1556/2119/1186
f 1526/2147/1186 1581/2144/1186 1424/2576/1186
f 1425/2577/1186 1299/2578/1186 1311/2579/1186
f 1526/2147/1186 1424/2576/1186 1530/2028/1186
f 1424/2576/1186 1425/2577/1186 1534/2032/1186
f 1530/2028/1186 1424/2576/1186 1534/2032/1186
f 1425/2577/1186 1311/2579/1186 1422/2200/1186
f 1422/2200/1186 1421/2572/1186 1583/2078/1186
f 1421/2572/1186 1591/2092/1186 1589/2089/1186
f 1421/2572/1186 1589/2089/1186 1587/2086/1186
f 1538/2036/1186 1534/2032/1186 1425/2577/1186
f 1421/2572/1186 1587/2086/1186 1585/2082/1186
f 1421/2572/1186 1585/2082/1186 1583/2078/1186
f 1542/2040/1186 1538/2036/1186 1425/2577/1186
f 1546/2045/1186 1542/2040/1186 1425/2577/1186
f 1422/2200/1186 1583/2078/1186 1578/2074/1186
f 1546/2045/1186 1425/2577/1186 1550/2048/1186
f 1425/2577/1186 1422/2200/1186 1558/2055/1186
f 1550/2048/1186 1425/2577/1186 1554/2051/1186
f 1554/2051/1186 1425/2577/1186 1558/2055/1186
f 1422/2200/1186 1578/2074/1186 1574/2071/1186
f 1422/2200/1186 1574/2071/1186 1570/2067/1186
f 1422/2200/1186 1570/2067/1186 1566/2063/1186
f 1562/2059/1186 1558/2055/1186 1422/2200/1186
f 1407/2580/1403 1406/2581/1200 1292/2227/1200
f 1298/2207/1200 1290/2232/1200 1388/2582/1200
f 1290/2232/1200 1390/2583/1200 1389/2584/1200
f 1290/2232/1200 1389/2584/1200 1388/2582/1200
f 1408/2585/1200 1407/2580/1403 1292/2227/1200
f 1409/2586/1200 1408/2585/1200 1292/2227/1200
f 1298/2207/1200 1388/2582/1200 1387/2587/1200
f 1410/2588/1200 1409/2586/1200 1292/2227/1200
f 1411/2589/1200 1410/2588/1200 1292/2227/1200
f 1298/2207/1200 1387/2587/1200 1386/2590/1200
f 1298/2207/1200 1386/2590/1200 1385/2591/1200
f 1412/2592/1200 1411/2589/1200 1292/2227/1200
f 1413/2593/1200 1412/2592/1200 1292/2227/1200
f 1292/2227/1200 1298/2207/1200 1414/2209/1200
f 1298/2207/1200 1385/2591/1200 1416/2594/1200
f 1298/2207/1200 1416/2594/1200 1415/2208/1200
f 1414/2209/1200 1413/2593/1200 1292/2227/1200
f 1378/2595/1211 1377/2596/1211 1298/2207/1211
f 1301/2215/1211 1326/2597/1211 1327/2598/1211
f 1301/2215/1211 1327/2598/1211 1328/2599/1211
f 1379/2600/1211 1378/2595/1211 1298/2207/1211
f 1380/2601/1211 1379/2600/1211 1298/2207/1211
f 1301/2215/1211 1328/2599/1211 1329/2602/1211
f 1301/2215/1211 1329/2602/1211 1330/2603/1211
f 1381/2604/1211 1380/2601/1211 1298/2207/1211
f 1382/2605/1211 1381/2604/1211 1298/2207/1211
f 1301/2215/1211 1330/2603/1211 1331/2606/1211
f 1301/2215/1211 1331/2606/1211 1332/2607/1211
f 1383/2608/1211 1382/2605/1211 1298/2207/1211
f 1384/2211/1211 1383/2608/1211 1298/2207/1211
f 1298/2207/1211 1301/2215/1211 1334/2210/1211
f 1301/2215/1211 1332/2607/1211 1333/2609/1211
f 1301/2215/1211 1333/2609/1211 1334/2210/1211
f 1345/2610/1203 1346/2540/1203 1294/2248/1203
f 1296/2228/1203 1362/2539/1203 1363/2611/1404
f 1296/2228/1203 1363/2611/1404 1364/2612/1203
f 1345/2610/1203 1294/2248/1203 1344/2613/1203
f 1294/2248/1203 1301/2215/1203 1344/2613/1203
f 1296/2228/1203 1364/2612/1203 1365/2614/1203
f 1296/2228/1203 1365/2614/1203 1366/2615/1203
f 1343/2616/1203 1344/2613/1203 1301/2215/1203
f 1342/2617/1203 1343/2616/1203 1301/2215/1203
f 1296/2228/1203 1366/2615/1203 1367/2618/1203
f 1296/2228/1203 1367/2618/1203 1368/2619/1203
f 1341/2620/1203 1342/2617/1203 1301/2215/1203
f 1372/2621/1203 1341/2620/1203 1301/2215/1203
f 1301/2215/1203 1296/2228/1203 1370/2216/1203
f 1296/2228/1203 1368/2619/1203 1369/2622/1203
f 1296/2228/1203 1369/2622/1203 1370/2216/1203
f 1371/2217/1203 1372/2621/1203 1301/2215/1203
f 1374/2218/1184 1375/2623/1184 1317/2219/1184
f 1300/2222/1193 1285/2624/1193 1310/2223/1214
f 1310/2223/1214 1314/2625/1214 1424/2626/1214
f 1314/2625/1214 1284/2245/1214 1425/2627/1214
f 1424/2626/1214 1314/2625/1214 1425/2627/1214
f 1284/2245/1214 1299/2628/1214 1425/2627/1214
f 1424/2626/1214 1423/2221/1214 1310/2223/1214
f 1307/2224/1190 1305/2629/1190 1421/2225/1190
f 1301/2215/1177 1298/2207/1177 1292/2227/1177
f 1374/2229/1177 1316/2630/1177 1417/2230/1177
f 1391/2631/1200 1390/2583/1200 1290/2232/1200
f 1293/2233/1200 1292/2227/1200 1406/2581/1200
f 1293/2233/1200 1406/2581/1200 1405/2632/1200
f 1392/2633/1200 1391/2631/1200 1290/2232/1200
f 1393/2634/1200 1392/2633/1200 1290/2232/1200
f 1293/2233/1200 1405/2632/1200 1404/2635/1200
f 1293/2233/1200 1404/2635/1200 1403/2636/1200
f 1394/2637/1200 1393/2634/1200 1290/2232/1200
f 1395/2638/1200 1394/2637/1200 1290/2232/1200
f 1293/2233/1200 1403/2636/1200 1402/2639/1200
f 1293/2233/1200 1402/2639/1200 1401/2640/1200
f 1396/2641/1200 1395/2638/1200 1290/2232/1200
f 1397/2642/1200 1396/2641/1200 1290/2232/1200
f 1293/2233/1200 1401/2640/1200 1400/2643/1200
f 1293/2233/1200 1400/2643/1200 1399/2644/1200
f 1398/2234/1200 1397/2642/1200 1290/2232/1200
f 1293/2233/1200 1399/2644/1200 1398/2234/1200
f 1295/2522/1218 1375/2239/1218 1289/2238/1210
f 1375/2239/1218 1373/2253/1218 1312/2240/1210
f 1482/2556/1204 1417/2230/1204 1315/2241/1204
f 1373/2168/1204 1418/2183/1204 1434/2555/1204
f 1373/2168/1204 1434/2555/1204 1433/2645/1204
f 1481/2646/1204 1482/2556/1204 1315/2241/1204
f 1448/2647/1204 1481/2646/1204 1315/2241/1204
f 1373/2168/1204 1433/2645/1204 1432/2648/1204
f 1373/2168/1204 1432/2648/1204 1431/2649/1204
f 1447/2650/1204 1448/2647/1204 1315/2241/1204
f 1446/2651/1204 1447/2650/1204 1315/2241/1204
f 1373/2168/1204 1431/2649/1204 1430/2652/1204
f 1373/2168/1204 1430/2652/1204 1429/2653/1204
f 1445/2654/1204 1446/2651/1204 1315/2241/1204
f 1444/2655/1204 1445/2654/1204 1315/2241/1204
f 1373/2168/1204 1429/2653/1204 1428/2656/1204
f 1373/2168/1204 1428/2656/1204 1427/2657/1204
f 1443/2658/1204 1444/2655/1204 1315/2241/1204
f 1373/2168/1204 1427/2657/1204 1426/2242/1204
f 1426/2242/1204 1443/2658/1204 1315/2241/1204
f 1310/2223/1219 1285/2624/1187 1283/2659/1187
f 1308/2660/1219 1309/2661/1219 1310/2223/1219
f 1309/2661/1219 1313/2243/1219 1314/2625/1219
f 1310/2223/1219 1309/2661/1219 1314/2625/1219
f 1310/2223/1219 1283/2659/1187 1308/2660/1219
f 1284/2245/1219 1314/2625/1219 1313/2243/1219
f 1471/2662/1195 1470/2525/1195 1374/2229/1195
f 1418/2183/1195 1373/2168/1195 1452/2663/1195
f 1373/2168/1195 1454/2524/1195 1453/2664/1195
f 1373/2168/1195 1453/2664/1195 1452/2663/1195
f 1472/2665/1195 1471/2662/1195 1374/2229/1195
f 1473/2666/1195 1472/2665/1195 1374/2229/1195
f 1418/2183/1195 1452/2663/1195 1451/2667/1195
f 1474/2668/1195 1473/2666/1195 1374/2229/1195
f 1475/2669/1195 1474/2668/1195 1374/2229/1195
f 1418/2183/1195 1451/2667/1195 1450/2670/1195
f 1418/2183/1195 1450/2670/1195 1449/2671/1195
f 1476/2672/1195 1475/2669/1195 1374/2229/1195
f 1477/2673/1195 1476/2672/1195 1374/2229/1195
f 1374/2229/1195 1418/2183/1195 1478/2247/1195
f 1418/2183/1195 1449/2671/1195 1480/2674/1195
f 1418/2183/1195 1480/2674/1195 1479/2246/1195
f 1478/2247/1195 1477/2673/1195 1374/2229/1195
f 1325/2675/1211 1326/2597/1211 1294/2248/1211
f 1326/2597/1211 1301/2215/1211 1294/2248/1211
f 1290/2232/1211 1298/2207/1211 1377/2596/1211
f 1290/2232/1211 1377/2596/1211 1376/2676/1211
f 1324/2677/1211 1325/2675/1211 1294/2248/1211
f 1290/2232/1211 1376/2676/1211 1340/2678/1211
f 1290/2232/1211 1340/2678/1211 1339/2679/1211
f 1323/2680/1211 1324/2677/1211 1294/2248/1211
f 1322/2681/1211 1323/2680/1211 1294/2248/1211
f 1290/2232/1211 1339/2679/1211 1338/2682/1211
f 1290/2232/1211 1338/2682/1211 1337/2683/1211
f 1321/2684/1211 1322/2681/1211 1294/2248/1211
f 1320/2685/1211 1321/2684/1211 1294/2248/1211
f 1290/2232/1211 1337/2683/1211 1336/2686/1211
f 1290/2232/1211 1336/2686/1211 1335/2687/1211
f 1319/2688/1211 1320/2685/1211 1294/2248/1211
f 1290/2232/1211 1335/2687/1211 1318/2249/1211
f 1318/2249/1211 1319/2688/1211 1294/2248/1211
f 1292/2250/1186 1293/2689/1186 1297/2251/1186
f 1373/2253/1220 1315/2166/1220 1300/2165/1221
f 1511/2690/1206 1316/2630/1206 1317/2256/1206
f 1315/2241/1206 1495/2691/1206 1496/2692/1206
f 1315/2241/1206 1496/2692/1206 1497/2693/1206
f 1510/2694/1206 1511/2690/1206 1317/2256/1206
f 1509/2695/1206 1510/2694/1206 1317/2256/1206
f 1315/2241/1206 1497/2693/1206 1498/2696/1206
f 1315/2241/1206 1498/2696/1206 1499/2697/1206
f 1508/2698/1206 1509/2695/1206 1317/2256/1206
f 1507/2699/1206 1508/2698/1206 1317/2256/1206
f 1315/2241/1206 1499/2697/1206 1500/2700/1206
f 1315/2241/1206 1500/2700/1206 1501/2701/1206
f 1506/2702/1206 1507/2699/1206 1317/2256/1206
f 1505/2703/1206 1506/2702/1206 1317/2256/1206
f 1315/2241/1206 1501/2701/1206 1502/2704/1206
f 1315/2241/1206 1502/2704/1206 1503/2254/1206
f 1504/2255/1206 1505/2703/1206 1317/2256/1206
f 1315/2241/1206 1503/2254/1206 1317/2256/1206
f 1495/2691/1206 1315/2241/1206 1494/2705/1206
f 1315/2241/1206 1417/2230/1206 1493/2706/1206
f 1494/2705/1206 1315/2241/1206 1493/2706/1206
f 1316/2630/1206 1511/2690/1206 1512/2707/1206
f 1316/2630/1206 1512/2707/1206 1513/2708/1206
f 1316/2630/1206 1513/2708/1206 1514/2709/1206
f 1316/2630/1206 1514/2709/1206 1515/2710/1206
f 1492/2711/1206 1493/2706/1206 1417/2230/1206
f 1491/2712/1206 1492/2711/1206 1417/2230/1206
f 1316/2630/1206 1515/2710/1206 1516/2713/1206
f 1316/2630/1206 1516/2713/1206 1519/2714/1206
f 1490/2715/1206 1491/2712/1206 1417/2230/1206
f 1523/2716/1206 1490/2715/1206 1417/2230/1206
f 1417/2230/1206 1316/2630/1206 1521/2347/1206
f 1316/2630/1206 1519/2714/1206 1520/2717/1206
f 1316/2630/1206 1520/2717/1206 1521/2347/1206
f 1522/2348/1206 1523/2716/1206 1417/2230/1206
f 1375/2439/1177 1295/2718/1177 1297/2440/1177
f 1297/2440/1177 1293/2719/1177 1317/2438/1177
f 1293/2719/1177 1291/2720/1177 1317/2438/1177
f 1311/2442/1160 1299/2721/1160 1284/2443/1160
f 1284/2443/1160 1282/2722/1160 1286/2723/1160
f 1286/2723/1160 1288/2441/1160 1284/2443/1160
o Sphere.005_Sphere.004
v -0.000000 1.359419 0.283396
v -0.000000 1.284823 0.329511
v 0.019134 1.359419 0.285281
v 0.010138 1.284823 0.330509
v 0.031819 1.425557 0.304657
v 0.035355 1.408268 0.296120
v 0.037533 1.359419 0.290862
v 0.019886 1.284823 0.333467
v 0.030866 1.453147 0.335281
v 0.039285 1.440711 0.322681
v 0.046194 1.425557 0.312341
v 0.051328 1.408268 0.304657
v 0.054490 1.359419 0.299926
v 0.028870 1.284823 0.338269
v 0.039285 1.453147 0.342190
v 0.050000 1.440711 0.331475
v 0.058794 1.425557 0.322681
v 0.065328 1.408268 0.316147
v 0.069352 1.359419 0.312123
v 0.036744 1.284823 0.344731
v 0.031819 1.462388 0.360214
v 0.046194 1.453147 0.350609
v 0.058794 1.440711 0.342190
v 0.069134 1.425557 0.335281
v 0.076818 1.408268 0.330147
v 0.081549 1.359419 0.326985
v 0.043206 1.284823 0.352605
v 0.035355 1.462388 0.366830
v 0.051328 1.453147 0.360214
v 0.065328 1.440711 0.354415
v 0.076818 1.425557 0.349656
v 0.085355 1.408268 0.346120
v 0.090613 1.359419 0.343942
v 0.048008 1.284823 0.361589
v 0.037533 1.462388 0.374009
v 0.054489 1.453147 0.370636
v 0.090613 1.408268 0.363451
v 0.096194 1.359419 0.362341
v 0.050965 1.284823 0.371337
v 0.038268 1.462388 0.381475
v 0.055557 1.453147 0.381475
v 0.092388 1.408268 0.381475
v 0.098079 1.359419 0.381475
v 0.051964 1.284823 0.381475
v 0.037533 1.462388 0.388941
v 0.054489 1.453147 0.392314
v 0.090613 1.408268 0.399499
v 0.096194 1.359419 0.400609
v 0.050965 1.284823 0.391613
v 0.035355 1.462388 0.396120
v 0.051328 1.453147 0.402736
v 0.065328 1.440711 0.408535
v 0.076818 1.425557 0.413294
v 0.085355 1.408268 0.416830
v 0.090613 1.359419 0.419008
v 0.048008 1.284823 0.401361
v 0.031819 1.462388 0.402736
v 0.046194 1.453147 0.412341
v 0.058794 1.440711 0.420760
v 0.069134 1.425557 0.427669
v 0.076818 1.408268 0.432803
v 0.081549 1.359419 0.435964
v 0.043206 1.284823 0.410345
v 0.039285 1.453147 0.420760
v 0.050000 1.440711 0.431475
v 0.058794 1.425557 0.440269
v 0.065328 1.408268 0.446803
v 0.069352 1.359419 0.450827
v 0.036744 1.284823 0.418219
v 0.030866 1.453147 0.427669
v 0.039285 1.440711 0.440269
v 0.046194 1.425557 0.450609
v 0.051328 1.408268 0.458293
v 0.054489 1.359419 0.463024
v 0.028870 1.284823 0.424681
v 0.031819 1.425557 0.458293
v 0.035355 1.408268 0.466830
v 0.037533 1.359419 0.472088
v 0.019886 1.284823 0.429483
v 0.016221 1.425557 0.463024
v 0.018024 1.408268 0.472088
v 0.019134 1.359419 0.477669
v 0.010138 1.284823 0.432440
v -0.000000 1.425557 0.464622
v -0.000000 1.408268 0.473863
v -0.000000 1.359419 0.479553
v -0.000000 1.284823 0.433439
v -0.019134 1.359419 0.285281
v -0.010138 1.284823 0.330509
v -0.031819 1.425557 0.304657
v -0.035355 1.408268 0.296120
v -0.037533 1.359419 0.290862
v -0.019886 1.284823 0.333467
v -0.030866 1.453147 0.335281
v -0.039285 1.440711 0.322681
v -0.046194 1.425557 0.312341
v -0.051328 1.408268 0.304657
v -0.054490 1.359419 0.299926
v -0.028870 1.284823 0.338269
v -0.039285 1.453147 0.342190
v -0.050000 1.440711 0.331475
v -0.058794 1.425557 0.322681
v -0.065328 1.408268 0.316147
v -0.069352 1.359419 0.312123
v -0.036744 1.284823 0.344731
v -0.031819 1.462388 0.360214
v -0.046194 1.453147 0.350609
v -0.058794 1.440711 0.342190
v -0.069134 1.425557 0.335281
v -0.076818 1.408268 0.330147
v -0.081549 1.359419 0.326985
v -0.043206 1.284823 0.352605
v -0.035355 1.462388 0.366830
v -0.051328 1.453147 0.360214
v -0.065328 1.440711 0.354415
v -0.076818 1.425557 0.349656
v -0.085355 1.408268 0.346120
v -0.090613 1.359419 0.343942
v -0.048008 1.284823 0.361589
v -0.037533 1.462388 0.374009
v -0.054489 1.453147 0.370636
v -0.090613 1.408268 0.363451
v -0.096194 1.359419 0.362341
v -0.050965 1.284823 0.371337
v -0.038268 1.462388 0.381475
v -0.055557 1.453147 0.381475
v -0.092388 1.408268 0.381475
v -0.098079 1.359419 0.381475
v -0.051964 1.284823 0.381475
v -0.037533 1.462388 0.388941
v -0.054489 1.453147 0.392314
v -0.090613 1.408268 0.399499
v -0.096194 1.359419 0.400609
v -0.050965 1.284823 0.391613
v -0.035355 1.462388 0.396120
v -0.051328 1.453147 0.402736
v -0.065328 1.440711 0.408535
v -0.076818 1.425557 0.413294
v -0.085355 1.408268 0.416830
v -0.090613 1.359419 0.419008
v -0.048008 1.284823 0.401361
v -0.031819 1.462388 0.402736
v -0.046194 1.453147 0.412341
v -0.058794 1.440711 0.420760
v -0.069134 1.425557 0.427669
v -0.076818 1.408268 0.432803
v 0.019509 1.284823 0.283396
v -0.000000 1.284823 0.281475
v 0.038268 1.284823 0.289087
v 0.055557 1.284823 0.298328
v 0.070711 1.284823 0.310764
v 0.083147 1.284823 0.325918
v 0.092388 1.284823 0.343207
v 0.098078 1.284823 0.361966
v 0.100000 1.284823 0.381475
v 0.098078 1.284823 0.400984
v 0.092388 1.284823 0.419743
v 0.083147 1.284823 0.437032
v 0.070711 1.284823 0.452186
v 0.055557 1.284823 0.464622
v 0.038268 1.284823 0.473863
v 0.019509 1.284823 0.479553
v -0.000000 1.284823 0.481475
v -0.081549 1.359419 0.435964
v -0.043206 1.284823 0.410345
v -0.039285 1.453147 0.420760
v -0.050000 1.440711 0.431475
v -0.058794 1.425557 0.440269
v -0.065328 1.408268 0.446803
v 0.010138 1.251358 0.330509
v -0.000000 1.251358 0.329511
v 0.019886 1.251358 0.333467
v 0.028870 1.251358 0.338269
v 0.036744 1.251358 0.344731
v 0.043206 1.251358 0.352605
v 0.048008 1.251358 0.361589
v 0.050965 1.251358 0.371337
v 0.051964 1.251358 0.381475
v 0.050965 1.251358 0.391613
v 0.048008 1.251358 0.401361
v 0.043206 1.251358 0.410345
v 0.036744 1.251358 0.418219
v 0.028870 1.251358 0.424681
v 0.019886 1.251358 0.429483
v 0.010138 1.251358 0.432440
v -0.000000 1.251358 0.433439
v -0.069352 1.359419 0.450827
v -0.036744 1.284823 0.418219
v -0.030866 1.453147 0.427669
v -0.039285 1.440711 0.440269
v -0.046194 1.425557 0.450609
v -0.051328 1.408268 0.458293
v 0.052418 1.391426 0.459924
v 0.065946 1.400764 0.447421
v -0.054489 1.359419 0.463024
v -0.028870 1.284823 0.424681
v -0.031819 1.425557 0.458293
v -0.035355 1.408268 0.466830
v 0.033165 1.418974 0.461544
v 0.027578 1.408268 0.469190
v 0.047635 1.420706 0.452765
v 0.051529 1.405169 0.458593
v 0.035765 1.399079 0.467819
v 0.059549 1.408268 0.451546
v 0.060065 1.422193 0.441540
v -0.037533 1.359419 0.472088
v -0.019886 1.284823 0.429483
v -0.016221 1.425557 0.463024
v -0.018024 1.408268 0.472088
v -0.019134 1.359419 0.477669
v 0.081215 1.425557 0.364152
v -0.010138 1.284823 0.432440
v 0.062093 1.446785 0.369124
v 0.068404 1.440711 0.398395
v 0.082431 1.423874 0.397872
v 0.082432 1.423874 0.365078
v 0.081223 1.425557 0.398771
v 0.068404 1.440711 0.364555
v 0.057525 1.451532 0.381475
v 0.089307 1.414032 0.381475
v 0.062093 1.446785 0.393826
v 0.057604 1.451172 0.377817
v 0.058557 1.450105 0.374300
v 0.060349 1.448372 0.371058
v 0.060349 1.448372 0.391892
v 0.058557 1.450105 0.388650
v 0.057604 1.451172 0.385133
v 0.088754 1.414392 0.385133
v 0.087838 1.415459 0.388650
v 0.086592 1.417192 0.391892
v 0.085066 1.419524 0.394733
v 0.083318 1.422365 0.397065
v 0.065654 1.443199 0.397065
v 0.062761 1.446040 0.394733
v -0.019509 1.284823 0.283396
v 0.062761 1.446040 0.368217
v 0.065654 1.443199 0.365885
v -0.038268 1.284823 0.289087
v -0.055557 1.284823 0.298328
v -0.070711 1.284823 0.310764
v -0.083147 1.284823 0.325918
v -0.092388 1.284823 0.343207
v -0.098078 1.284823 0.361966
v -0.100000 1.284823 0.381475
v -0.098078 1.284823 0.400984
v -0.092388 1.284823 0.419743
v -0.083147 1.284823 0.437032
v -0.070711 1.284823 0.452186
v -0.055557 1.284823 0.464622
v 0.077847 1.429124 0.399865
v 0.074616 1.432782 0.400225
v 0.071603 1.436440 0.399865
v 0.068925 1.439957 0.398798
v -0.038268 1.284823 0.473863
v -0.019509 1.284823 0.479553
v -0.010138 1.251358 0.330509
v -0.019886 1.251358 0.333467
v -0.028870 1.251358 0.338269
v -0.036744 1.251358 0.344731
v 0.074616 1.432782 0.362725
v 0.077847 1.429124 0.363085
v 0.068925 1.439957 0.364152
v 0.071603 1.436440 0.363085
v -0.043206 1.251358 0.352605
v -0.048008 1.251358 0.361589
v 0.083318 1.422365 0.365885
v 0.085066 1.419524 0.368217
v 0.086592 1.417192 0.371058
v 0.087838 1.415459 0.374300
v 0.088754 1.414392 0.377817
v -0.050965 1.251358 0.371337
v -0.051964 1.251358 0.381475
v -0.050965 1.251358 0.391613
v -0.048008 1.251358 0.401361
v -0.043206 1.251358 0.410345
v -0.036744 1.251358 0.418219
v -0.028870 1.251358 0.424681
v -0.019886 1.251358 0.429483
v -0.010138 1.251358 0.432440
v -0.052418 1.391426 0.459924
v -0.065946 1.400764 0.447421
v -0.033165 1.418974 0.461544
v -0.027578 1.408268 0.469190
v -0.047635 1.420706 0.452765
v -0.051529 1.405169 0.458593
v -0.035765 1.399079 0.467819
v -0.059549 1.408268 0.451546
v -0.060065 1.422193 0.441540
v -0.081215 1.425557 0.364152
v -0.062093 1.446785 0.369124
v 0.082030 1.463080 0.374154
v 0.077351 1.514208 0.381474
v 0.078126 1.463155 0.381475
v 0.082030 1.463080 0.388796
v 0.087221 1.463179 0.391504
v 0.098946 1.462201 0.391727
v 0.098942 1.462198 0.371207
v 0.100157 1.462002 0.391194
v 0.100157 1.462002 0.371756
v 0.087221 1.463179 0.371446
v 0.107164 1.460759 0.381475
v 0.078310 1.463037 0.379306
v 0.079157 1.462990 0.377222
v 0.080634 1.463014 0.375300
v 0.080634 1.463014 0.387649
v 0.079157 1.462990 0.385728
v 0.078310 1.463037 0.383643
v 0.106781 1.460678 0.383643
v 0.105950 1.460741 0.385728
v 0.104702 1.460945 0.387649
v 0.103085 1.461283 0.389333
v 0.101161 1.461741 0.390715
v 0.085026 1.463070 0.390716
v 0.082622 1.463048 0.389333
v 0.082622 1.463048 0.373616
v 0.085026 1.463070 0.372234
v 0.096035 1.462281 0.392375
v 0.093148 1.462460 0.392589
v 0.090352 1.462730 0.392375
v 0.087755 1.463082 0.391743
v 0.093148 1.462460 0.370361
v 0.096035 1.462281 0.370574
v 0.087755 1.463082 0.371207
v 0.090352 1.462730 0.370574
v 0.101161 1.461741 0.372234
v 0.103085 1.461283 0.373616
v 0.104702 1.460945 0.375300
v 0.105950 1.460741 0.377222
v 0.106781 1.460678 0.379306
v 0.083009 1.474103 0.374154
v 0.079104 1.474178 0.381475
v 0.083009 1.474103 0.388796
v 0.088200 1.474202 0.391504
v 0.099924 1.473224 0.391727
v 0.099921 1.473220 0.371207
v 0.101136 1.473025 0.391194
v 0.101136 1.473025 0.371756
v 0.088200 1.474202 0.371446
v 0.108143 1.471781 0.381475
v 0.079288 1.474060 0.379306
v 0.080135 1.474012 0.377222
v 0.081612 1.474037 0.375300
v 0.081612 1.474037 0.387649
v 0.080135 1.474012 0.385728
v 0.079288 1.474060 0.383643
v 0.107760 1.471701 0.383643
v 0.106928 1.471764 0.385728
v 0.105680 1.471968 0.387649
v 0.104063 1.472306 0.389333
v 0.102140 1.472764 0.390715
v 0.086004 1.474092 0.390716
v 0.083601 1.474071 0.389333
v 0.083601 1.474071 0.373616
v 0.086004 1.474092 0.372234
v 0.097014 1.473304 0.392375
v 0.094126 1.473482 0.392589
v 0.091330 1.473753 0.392375
v 0.088734 1.474105 0.391743
v 0.094126 1.473482 0.370361
v 0.097014 1.473304 0.370574
v 0.088734 1.474105 0.371207
v 0.091330 1.473753 0.370574
v 0.102140 1.472764 0.372234
v 0.104063 1.472306 0.373616
v 0.105680 1.471968 0.375300
v 0.106928 1.471764 0.377222
v 0.107760 1.471701 0.379306
v -0.068404 1.440711 0.398395
v -0.082431 1.423874 0.397872
v -0.082432 1.423874 0.365078
v -0.081223 1.425557 0.398771
v -0.068404 1.440711 0.364555
v -0.057525 1.451532 0.381475
v -0.089307 1.414032 0.381475
v -0.062093 1.446785 0.393826
v -0.057604 1.451172 0.377817
v -0.058557 1.450105 0.374300
v -0.060349 1.448372 0.371058
v -0.060349 1.448372 0.391892
v -0.058557 1.450105 0.388650
v -0.057604 1.451172 0.385133
v -0.088754 1.414392 0.385133
v -0.087838 1.415459 0.388650
v -0.086592 1.417192 0.391892
v -0.085066 1.419524 0.394733
v -0.083318 1.422365 0.397065
v -0.065654 1.443199 0.397065
v -0.062761 1.446040 0.394733
v -0.062761 1.446040 0.368217
v -0.065654 1.443199 0.365885
v -0.077847 1.429124 0.399865
v -0.074616 1.432782 0.400225
v -0.071603 1.436440 0.399865
v -0.068925 1.439957 0.398798
v -0.074616 1.432782 0.362725
v -0.077847 1.429124 0.363085
v -0.068925 1.439957 0.364152
v -0.071603 1.436440 0.363085
v -0.083318 1.422365 0.365885
v -0.085066 1.419524 0.368217
v -0.086592 1.417192 0.371058
v -0.087838 1.415459 0.374300
v -0.088754 1.414392 0.377817
v -0.082030 1.463080 0.374154
v -0.077351 1.514208 0.381474
v -0.078126 1.463155 0.381475
v -0.082030 1.463080 0.388796
v -0.087221 1.463179 0.391504
v -0.098946 1.462201 0.391727
v -0.098942 1.462198 0.371207
v -0.100157 1.462002 0.391194
v -0.100157 1.462002 0.371756
v -0.087221 1.463179 0.371446
v -0.107164 1.460759 0.381475
v -0.078310 1.463037 0.379306
v -0.079157 1.462990 0.377222
v -0.080634 1.463014 0.375300
v -0.080634 1.463014 0.387649
v -0.079157 1.462990 0.385728
v -0.078310 1.463037 0.383643
v -0.106781 1.460678 0.383643
v -0.105950 1.460741 0.385728
v -0.104702 1.460945 0.387649
v -0.103085 1.461283 0.389333
v -0.101161 1.461741 0.390715
v -0.085026 1.463070 0.390716
v -0.082622 1.463048 0.389333
v -0.082622 1.463048 0.373616
v -0.085026 1.463070 0.372234
v -0.096035 1.462281 0.392375
v -0.093148 1.462460 0.392589
v -0.090352 1.462730 0.392375
v -0.087755 1.463082 0.391743
v -0.093148 1.462460 0.370361
v -0.096035 1.462281 0.370574
v -0.087755 1.463082 0.371207
v -0.090352 1.462730 0.370574
v -0.101161 1.461741 0.372234
v -0.103085 1.461283 0.373616
v -0.104702 1.460945 0.375300
v -0.105950 1.460741 0.377222
v -0.106781 1.460678 0.379306
v -0.083009 1.474103 0.374154
v -0.079104 1.474178 0.381475
v -0.083009 1.474103 0.388796
v -0.088200 1.474202 0.391504
v -0.099924 1.473224 0.391727
v -0.099921 1.473220 0.371207
v -0.101136 1.473025 0.391194
v -0.101136 1.473025 0.371756
v -0.088200 1.474202 0.371446
v -0.108143 1.471781 0.381475
v -0.079288 1.474060 0.379306
v -0.080135 1.474012 0.377222
v -0.081612 1.474037 0.375300
v -0.081612 1.474037 0.387649
v -0.080135 1.474012 0.385728
v -0.079288 1.474060 0.383643
v -0.107760 1.471701 0.383643
v 0.029289 1.462388 0.405818
v 0.029289 1.464380 0.393607
v 0.029289 1.460703 0.410764
v 0.029289 1.440711 0.445611
v 0.029289 1.433612 0.310764
v 0.029289 1.454664 0.337640
v 0.029289 1.453147 0.334438
v -0.106928 1.471764 0.385728
v 0.029289 1.465112 0.381475
v 0.029289 1.440711 0.317339
v 0.029289 1.464380 0.369343
v 0.029289 1.433612 0.452186
v 0.029289 1.463311 0.401045
v 0.029289 1.454664 0.425310
v 0.029289 1.425557 0.303890
v 0.029289 1.453147 0.428512
v 0.029289 1.464938 0.387301
v 0.029289 1.462388 0.357132
v -0.000000 1.433612 0.458012
v 0.029289 1.464938 0.375649
v 0.029289 1.408268 0.294280
v 0.014932 1.433612 0.456541
v 0.029289 1.359419 0.288362
v 0.029289 1.460703 0.352186
v 0.029289 1.463311 0.361904
v -0.105680 1.471968 0.387649
v -0.104063 1.472306 0.389333
v -0.102140 1.472764 0.390715
v -0.086004 1.474092 0.390716
v -0.083601 1.474071 0.389333
v -0.083601 1.474071 0.373616
v -0.086004 1.474092 0.372234
v -0.097014 1.473304 0.392375
v -0.094126 1.473482 0.392589
v -0.091330 1.473753 0.392375
v -0.088734 1.474105 0.391743
v -0.094126 1.473482 0.370361
v -0.097014 1.473304 0.370574
v -0.088734 1.474105 0.371207
v -0.091330 1.473753 0.370574
v -0.102140 1.472764 0.372234
v -0.104063 1.472306 0.373616
v -0.105680 1.471968 0.375300
v -0.106928 1.471764 0.377222
v -0.107760 1.471701 0.379306
v -0.029289 1.462388 0.405818
v -0.029289 1.464380 0.393607
v -0.029289 1.460703 0.410764
v -0.029289 1.440711 0.445611
v -0.029289 1.433612 0.310764
v -0.029289 1.454664 0.337640
v -0.029289 1.453147 0.334438
v -0.029289 1.465112 0.381475
v -0.029289 1.440711 0.317339
v -0.029289 1.464380 0.369343
v -0.029289 1.433612 0.452186
v -0.029289 1.463311 0.401045
v -0.029289 1.454664 0.425310
v -0.029289 1.425557 0.303890
v -0.029289 1.453147 0.428512
v -0.029289 1.464938 0.387301
v -0.029289 1.462388 0.357132
v -0.029289 1.464938 0.375649
v -0.029289 1.408268 0.294280
v -0.014932 1.433612 0.456541
v -0.029289 1.359419 0.288362
v -0.029289 1.460703 0.352186
v -0.029289 1.463311 0.361904
v 0.000000 1.532622 0.359062
v 0.000000 1.526931 0.340302
v 0.000000 1.517690 0.323014
v 0.000000 1.505254 0.307860
v 0.000000 1.490100 0.295424
v 0.000000 1.437141 0.279571
v 0.000000 1.401745 0.239019
v 0.003806 1.532622 0.359437
v 0.007466 1.526931 0.341038
v 0.010839 1.517690 0.324081
v 0.013795 1.505254 0.309219
v 0.016221 1.490100 0.297022
v 0.018024 1.437141 0.281347
v 0.019134 1.401745 0.240903
v 0.007466 1.532622 0.360547
v 0.014645 1.526931 0.343216
v 0.021261 1.517690 0.327243
v 0.027060 1.505254 0.313243
v 0.029289 1.490100 0.300986
v 0.029289 1.437141 0.284764
v 0.029289 1.401745 0.243984
v 0.010839 1.532622 0.362350
v 0.021261 1.526931 0.346752
v 0.029289 1.517690 0.331534
v 0.029289 1.505254 0.314434
v 0.013795 1.532622 0.364776
v 0.027060 1.526931 0.351511
v 0.016221 1.532622 0.367732
v 0.029289 1.526931 0.354228
v 0.018024 1.532622 0.371105
v 0.019134 1.532622 0.374765
v 0.019509 1.532622 0.378571
v 0.019134 1.532622 0.382377
v 0.018024 1.532622 0.386037
v 0.016221 1.532622 0.389410
v 0.013795 1.532622 0.392366
v 0.027060 1.526931 0.405631
v 0.010839 1.532622 0.394792
v 0.021261 1.526931 0.410390
v 0.007466 1.532622 0.396595
v 0.014645 1.526931 0.413926
v 0.021261 1.517690 0.429899
v 0.027060 1.505254 0.443899
v 0.003806 1.532622 0.397705
v 0.007466 1.526931 0.416104
v 0.010839 1.517690 0.433060
v 0.013795 1.505254 0.447923
v 0.000000 1.532622 0.398080
v 0.000000 1.526931 0.416839
v 0.000000 1.517690 0.434128
v 0.000000 1.505254 0.449281
v -0.016221 1.490100 0.297022
v -0.018024 1.437141 0.281347
v -0.013795 1.532622 0.392366
v -0.016221 1.532622 0.389410
v -0.014645 1.526931 0.343216
v -0.021261 1.517690 0.327243
v -0.007466 1.532622 0.360547
v -0.010839 1.517690 0.324081
v -0.021261 1.526931 0.346752
v -0.010839 1.517690 0.433060
v -0.013795 1.505254 0.447923
v -0.007466 1.532622 0.396595
v -0.014645 1.526931 0.413926
v -0.029289 1.401745 0.243984
v -0.019134 1.401745 0.240903
v -0.029289 1.505254 0.314434
v -0.027060 1.505254 0.313243
v -0.029289 1.490100 0.300986
v -0.003806 1.532622 0.397705
v -0.018024 1.532622 0.371105
v -0.016221 1.532622 0.367732
v -0.027060 1.505254 0.443899
v -0.019134 1.532622 0.374765
v -0.007466 1.526931 0.416104
v -0.013795 1.505254 0.309219
v -0.027060 1.526931 0.405631
v 0.000000 1.534543 0.378571
v -0.018024 1.532622 0.386037
v -0.021261 1.517690 0.429899
v -0.013795 1.532622 0.364776
v -0.010839 1.532622 0.362350
v -0.019134 1.532622 0.382377
v -0.010839 1.532622 0.394792
v -0.021261 1.526931 0.410390
v -0.019509 1.532622 0.378571
v -0.027060 1.526931 0.351511
v -0.029289 1.517690 0.331534
v -0.003806 1.532622 0.359437
v -0.007466 1.526931 0.341038
v -0.029289 1.437141 0.284764
v -0.029289 1.526931 0.354228
v 0.029289 1.526931 0.402914
v 0.029289 1.528923 0.390703
v 0.029289 1.525246 0.407860
v 0.029289 1.505254 0.442707
v 0.029289 1.498155 0.307860
v 0.029289 1.519207 0.334736
v 0.029289 1.529655 0.378571
v 0.029289 1.528923 0.366439
v 0.029289 1.472037 0.483866
v 0.029289 1.527854 0.398141
v 0.029289 1.519207 0.422405
v 0.029289 1.517690 0.425607
v 0.029289 1.529481 0.384397
v 0.000000 1.472037 0.489692
v 0.029289 1.529481 0.372745
v 0.014932 1.472037 0.488221
v 0.029289 1.525246 0.349282
v 0.029289 1.527854 0.359000
v -0.029289 1.526931 0.402914
v -0.029289 1.528923 0.390703
v -0.029289 1.525246 0.407860
v -0.029289 1.505254 0.442707
v -0.029289 1.498155 0.307860
v -0.029289 1.519207 0.334736
v -0.029289 1.529655 0.378571
v -0.029289 1.528923 0.366439
v -0.029289 1.472037 0.483866
v -0.029289 1.527854 0.398141
v -0.029289 1.519207 0.422405
v -0.029289 1.517690 0.425607
v -0.029289 1.529481 0.384397
v -0.029289 1.529481 0.372745
v -0.014932 1.472037 0.488221
v -0.029289 1.525246 0.349282
v -0.029289 1.527854 0.359000
vt 0.630443 0.228304
vt 0.619618 0.236336
vt 0.627265 0.225671
vt 0.618288 0.235480
vt 0.617163 0.234840
vt 0.623801 0.223411
vt 0.613104 0.242618
vt 0.612144 0.239802
vt 0.614108 0.240633
vt 0.614529 0.233633
vt 0.620165 0.221343
vt 0.612603 0.243651
vt 0.610774 0.244015
vt 0.611414 0.241939
vt 0.610130 0.246416
vt 0.609035 0.245883
vt 0.610212 0.246072
vt 0.609268 0.243704
vt 0.609603 0.241497
vt 0.610045 0.239222
vt 0.611733 0.232687
vt 0.616271 0.219628
vt 0.608778 0.232021
vt 0.612166 0.218287
vt 0.608916 0.247648
vt 0.608057 0.248106
vt 0.607811 0.245891
vt 0.607689 0.243626
vt 0.607688 0.241308
vt 0.607814 0.238909
vt 0.606568 0.246117
vt 0.606062 0.243799
vt 0.605682 0.241394
vt 0.605443 0.238887
vt 0.605672 0.231650
vt 0.607897 0.217327
vt 0.608114 0.248469
vt 0.607214 0.248312
vt 0.602424 0.231584
vt 0.603510 0.216739
vt 0.607479 0.249075
vt 0.606395 0.248676
vt 0.605330 0.246576
vt 0.604828 0.245427
vt 0.604859 0.245259
vt 0.604647 0.243453
vt 0.604425 0.242876
vt 0.603753 0.241763
vt 0.603534 0.241546
vt 0.847822 0.973064
vt 0.853787 0.973732
vt 0.853744 0.974105
vt 0.855180 0.982761
vt 0.855182 0.975422
vt 0.855598 0.982942
vt 0.602942 0.239213
vt 0.602392 0.240833
vt 0.601859 0.240722
vt 0.599046 0.231823
vt 0.599043 0.216501
vt 0.606928 0.249595
vt 0.605629 0.249204
vt 0.604120 0.247256
vt 0.595515 0.232349
vt 0.594528 0.216574
vt 0.605861 0.250582
vt 0.604957 0.249893
vt 0.602971 0.248176
vt 0.858990 0.968079
vt 0.855541 0.973037
vt 0.857001 0.967192
vt 0.847797 0.974691
vt 0.853794 0.974350
vt 0.853816 0.974443
vt 0.599906 0.241512
vt 0.599565 0.242001
vt 0.597865 0.241010
vt 0.600443 0.239937
vt 0.848261 0.971179
vt 0.853948 0.973407
vt 0.860214 0.969109
vt 0.855827 0.973247
vt 0.599170 0.243485
vt 0.597198 0.245319
vt 0.594977 0.242467
vt 0.591788 0.233131
vt 0.589983 0.216910
vt 0.605250 0.251133
vt 0.604420 0.250734
vt 0.601996 0.249373
vt 0.585422 0.217454
vt 0.604494 0.251808
vt 0.604066 0.251709
vt 0.601287 0.250865
vt 0.598288 0.249594
vt 0.599571 0.247571
vt 0.595068 0.247707
vt 0.591579 0.244765
vt 0.587823 0.234121
vt 0.593215 0.251101
vt 0.545012 0.955437
vt 0.548167 0.953401
vt 0.548022 0.955767
vt 0.586788 0.244502
vt 0.583717 0.235159
vt 0.580860 0.218147
vt 0.604004 0.252268
vt 0.603435 0.252760
vt 0.597481 0.252084
vt 0.600923 0.252568
vt 0.601517 0.254285
vt 0.600997 0.254375
vt 0.597429 0.254854
vt 0.593026 0.255259
vt 0.549257 0.955884
vt 0.581798 0.243728
vt 0.579398 0.236264
vt 0.576296 0.218931
vt 0.730346 0.242307
vt 0.727327 0.240049
vt 0.729347 0.239300
vt 0.550896 0.958976
vt 0.554215 0.957774
vt 0.554035 0.964831
vt 0.550201 0.978006
vt 0.553692 0.978107
vt 0.601076 0.254679
vt 0.597970 0.257010
vt 0.596431 0.258137
vt 0.728809 0.237965
vt 0.557458 0.956123
vt 0.557458 0.964890
vt 0.557192 0.978187
vt 0.596371 0.262067
vt 0.596196 0.267492
vt 0.593260 0.264879
vt 0.589557 0.275707
vt 0.586325 0.273055
vt 0.579370 0.288317
vt 0.576060 0.285629
vt 0.602552 0.264279
vt 0.604741 0.267714
vt 0.601521 0.266188
vt 0.884333 0.974673
vt 0.884331 0.967333
vt 0.884750 0.967153
vt 0.608459 0.264118
vt 0.608156 0.260671
vt 0.608458 0.260703
vt 0.883099 0.976687
vt 0.879532 0.981630
vt 0.878323 0.980430
vt 0.877413 0.978916
vt 0.614189 0.257934
vt 0.615066 0.257287
vt 0.615033 0.257800
vt 0.609652 0.258122
vt 0.610050 0.257495
vt 0.610589 0.257352
vt 0.630297 0.267046
vt 0.621837 0.262026
vt 0.630621 0.263293
vt 0.619196 0.255828
vt 0.618601 0.255684
vt 0.618082 0.254337
vt 0.645800 0.257943
vt 0.630545 0.256408
vt 0.645042 0.253573
vt 0.604134 0.952922
vt 0.597324 0.958597
vt 0.596634 0.956931
vt 0.623770 0.240011
vt 0.621870 0.237975
vt 0.617267 0.249719
vt 0.616686 0.248637
vt 0.617393 0.247866
vt 0.612827 0.255470
vt 0.611443 0.255430
vt 0.611858 0.254826
vt 0.610202 0.260519
vt 0.608472 0.260189
vt 0.606139 0.959533
vt 0.597676 0.960366
vt 0.942619 0.515575
vt 0.949682 0.514098
vt 0.943926 0.518052
vt 0.608608 0.268404
vt 0.611107 0.263746
vt 0.612569 0.267742
vt 0.636073 0.234318
vt 0.627062 0.244720
vt 0.625549 0.242261
vt 0.619900 0.250557
vt 0.619236 0.248824
vt 0.883354 0.976939
vt 0.884177 0.976068
vt 0.883652 0.977137
vt 0.617766 0.251166
vt 0.615311 0.250538
vt 0.884002 0.977229
vt 0.884553 0.983207
vt 0.882618 0.983157
vt 0.615649 0.251677
vt 0.614981 0.250664
vt 0.948453 0.508755
vt 0.941557 0.510203
vt 0.941806 0.507499
vt 0.624779 0.241225
vt 0.615635 0.265560
vt 0.615215 0.261170
vt 0.617704 0.263203
vt 0.884490 0.975190
vt 0.884494 0.974681
vt 0.884642 0.974715
vt 0.621256 0.247836
vt 0.596866 0.976881
vt 0.591191 0.970071
vt 0.592857 0.969381
vt 0.620190 0.245998
vt 0.628335 0.247368
vt 0.622573 0.259369
vt 0.630715 0.259760
vt 0.618352 0.247238
vt 0.646258 0.262396
vt 0.629793 0.271056
vt 0.619728 0.273290
vt 0.618911 0.268619
vt 0.956420 0.502602
vt 0.954796 0.496181
vt 0.957356 0.496380
vt 0.954835 0.199694
vt 0.953050 0.199679
vt 0.951592 0.198043
vt 0.646079 0.280598
vt 0.629258 0.275211
vt 0.646315 0.276020
vt 0.629349 0.250203
vt 0.622089 0.249836
vt 0.620613 0.256536
vt 0.620373 0.256347
vt 0.620494 0.254407
vt 0.621069 0.278097
vt 0.884693 0.977058
vt 0.888141 0.982016
vt 0.886152 0.982903
vt 0.646460 0.271454
vt 0.642501 0.245219
vt 0.640697 0.241323
vt 0.599360 0.269812
vt 0.620328 0.252421
vt 0.606139 0.963003
vt 0.597324 0.963938
vt 0.597676 0.962170
vt 0.615448 0.255414
vt 0.616272 0.255854
vt 0.615818 0.256092
vt 0.604134 0.969613
vt 0.596634 0.965605
vt 0.613411 0.262666
vt 0.589422 0.970423
vt 0.586785 0.978886
vt 0.587619 0.970423
vt 0.595632 0.967104
vt 0.622675 0.251997
vt 0.622977 0.256828
vt 0.616802 0.255706
vt 0.616641 0.255758
vt 0.615738 0.254137
vt 0.615799 0.252885
vt 0.884757 0.975339
vt 0.884999 0.974920
vt 0.885102 0.975004
vt 0.945399 0.200050
vt 0.946634 0.199934
vt 0.945544 0.202416
vt 0.638546 0.237674
vt 0.618045 0.252714
vt 0.948677 0.203210
vt 0.948639 0.202192
vt 0.948840 0.507384
vt 0.942549 0.504904
vt 0.876948 0.975404
vt 0.882946 0.975745
vt 0.876975 0.975808
vt 0.613581 0.252935
vt 0.950209 0.504933
vt 0.943758 0.502500
vt 0.945398 0.500380
vt 0.947410 0.498629
vt 0.728809 0.224520
vt 0.729347 0.223185
vt 0.730877 0.223751
vt 0.730833 0.218360
vt 0.727963 0.219460
vt 0.728411 0.216501
vt 0.948438 0.199240
vt 0.948273 0.196841
vt 0.613548 0.252485
vt 0.613918 0.252026
vt 0.947578 0.177811
vt 0.951412 0.190986
vt 0.947993 0.191099
vt 0.613243 0.254646
vt 0.612706 0.253633
vt 0.613491 0.253792
vt 0.949406 0.506080
vt 0.595632 0.955432
vt 0.905956 0.104915
vt 0.904119 0.105310
vt 0.904119 0.094453
vt 0.884376 0.977197
vt 0.885750 0.982958
vt 0.594357 0.968379
vt 0.620758 0.265029
vt 0.622989 0.254329
vt 0.945262 0.198783
vt 0.942389 0.200380
vt 0.582694 0.290987
vt 0.592827 0.278307
vt 0.950624 0.515147
vt 0.947957 0.522112
vt 0.945719 0.520262
vt 0.953037 0.516568
vt 0.950587 0.523508
vt 0.599751 0.947583
vt 0.594356 0.954157
vt 0.614938 0.256690
vt 0.621629 0.258077
vt 0.621454 0.257568
vt 0.948520 0.511553
vt 0.941826 0.512926
vt 0.884411 0.975189
vt 0.727327 0.222436
vt 0.951654 0.203121
vt 0.951642 0.201769
vt 0.730877 0.220337
vt 0.630089 0.253219
vt 0.945572 0.203287
vt 0.966161 0.518861
vt 0.959787 0.515509
vt 0.960815 0.514527
vt 0.585850 0.970071
vt 0.583381 0.978209
vt 0.580175 0.976881
vt 0.584184 0.969381
vt 0.577289 0.974953
vt 0.582684 0.968379
vt 0.574835 0.972499
vt 0.581409 0.967104
vt 0.572907 0.969613
vt 0.580407 0.965605
vt 0.571579 0.966407
vt 0.579717 0.963938
vt 0.579365 0.962170
vt 0.570902 0.963003
vt 0.570902 0.959533
vt 0.579365 0.960366
vt 0.579717 0.958598
vt 0.571579 0.956129
vt 0.572907 0.952923
vt 0.580407 0.956931
vt 0.574835 0.950037
vt 0.581409 0.955432
vt 0.577289 0.947583
vt 0.582684 0.954157
vt 0.580175 0.945655
vt 0.584184 0.953155
vt 0.583381 0.944327
vt 0.585850 0.952465
vt 0.586785 0.943650
vt 0.587619 0.952113
vt 0.590256 0.943650
vt 0.589422 0.952113
vt 0.884261 0.974674
vt 0.883796 0.967529
vt 0.643949 0.249318
vt 0.957770 0.502919
vt 0.959789 0.497056
vt 0.596866 0.945655
vt 0.592857 0.953155
vt 0.611492 0.256868
vt 0.610432 0.256946
vt 0.610983 0.256111
vt 0.613216 0.252928
vt 0.620658 0.260483
vt 0.621096 0.260090
vt 0.876973 0.977031
vt 0.882939 0.976363
vt 0.612243 0.256224
vt 0.961875 0.522432
vt 0.964203 0.520851
vt 0.952212 0.496493
vt 0.952392 0.503247
vt 0.949715 0.497316
vt 0.959255 0.523537
vt 0.958584 0.516267
vt 0.956434 0.524110
vt 0.957253 0.516769
vt 0.959010 0.503511
vt 0.953509 0.524110
vt 0.955846 0.516992
vt 0.962125 0.498019
vt 0.960123 0.504334
vt 0.954421 0.516925
vt 0.966134 0.501276
vt 0.964272 0.499438
vt 0.613150 0.259044
vt 0.593659 0.944327
vt 0.591191 0.952465
vt 0.961802 0.506552
vt 0.961066 0.505359
vt 0.618913 0.261076
vt 0.619255 0.261052
vt 0.968663 0.505935
vt 0.967621 0.503469
vt 0.884979 0.976848
vt 0.889365 0.980986
vt 0.954569 0.177630
vt 0.951069 0.177710
vt 0.962539 0.509261
vt 0.962300 0.507868
vt 0.969230 0.511301
vt 0.969209 0.508580
vt 0.968716 0.513990
vt 0.962505 0.510677
vt 0.612269 0.254244
vt 0.967682 0.516544
vt 0.962199 0.512063
vt 0.961629 0.513363
vt 0.594280 0.259131
vt 0.547885 0.957034
vt 0.730346 0.220178
vt 0.646460 0.266906
vt 0.763432 0.280439
vt 0.749482 0.277664
vt 0.756220 0.275620
vt 0.730833 0.244124
vt 0.727963 0.243025
vt 0.551300 0.952607
vt 0.551262 0.953625
vt 0.554277 0.952696
vt 0.554265 0.954048
vt 0.730877 0.238734
vt 0.730877 0.242148
vt 0.555673 0.956139
vt 0.605398 0.265482
vt 0.606330 0.263824
vt 0.611796 0.259933
vt 0.604602 0.246295
vt 0.604780 0.245809
vt 0.602993 0.247309
vt 0.603503 0.247208
vt 0.854644 0.982566
vt 0.855109 0.975421
vt 0.601808 0.247098
vt 0.850381 0.968465
vt 0.849172 0.969664
vt 0.599751 0.974953
vt 0.593660 0.978209
vt 0.863412 0.976055
vt 0.856224 0.974573
vt 0.856237 0.974502
vt 0.863504 0.976501
vt 0.856183 0.974729
vt 0.953683 0.502767
vt 0.752648 0.293578
vt 0.749482 0.291886
vt 0.764473 0.283873
vt 0.600112 0.245863
vt 0.599679 0.245278
vt 0.883291 0.975140
vt 0.883966 0.975590
vt 0.883114 0.975329
vt 0.851346 0.981213
vt 0.854359 0.975189
vt 0.854576 0.975320
vt 0.884566 0.975208
vt 0.884775 0.974769
vt 0.863504 0.977764
vt 0.856121 0.974867
vt 0.855951 0.975091
vt 0.855653 0.974693
vt 0.856041 0.974987
vt 0.856256 0.974415
vt 0.855667 0.974295
vt 0.856277 0.974192
vt 0.855491 0.975380
vt 0.855415 0.974887
vt 0.855624 0.975326
vt 0.855847 0.975175
vt 0.855605 0.974755
vt 0.854140 0.974955
vt 0.854815 0.974505
vt 0.854847 0.974582
vt 0.855343 0.975414
vt 0.855338 0.974905
vt 0.854203 0.973156
vt 0.855026 0.974027
vt 0.854956 0.974081
vt 0.853963 0.974765
vt 0.854799 0.974404
vt 0.855260 0.974905
vt 0.854851 0.972866
vt 0.854500 0.972957
vt 0.854802 0.974374
vt 0.855185 0.974889
vt 0.848264 0.976818
vt 0.855455 0.972997
vt 0.856599 0.967137
vt 0.856835 0.983197
vt 0.847824 0.974286
vt 0.849025 0.978225
vt 0.863326 0.975497
vt 0.858076 0.983207
vt 0.855225 0.972898
vt 0.855402 0.966888
vt 0.859263 0.982973
vt 0.853467 0.966938
vt 0.863214 0.973706
vt 0.860347 0.982512
vt 0.855744 0.975259
vt 0.851800 0.967524
vt 0.856246 0.973959
vt 0.862672 0.971986
vt 0.861295 0.981863
vt 0.852922 0.982090
vt 0.854798 0.975397
vt 0.856162 0.973720
vt 0.861723 0.970444
vt 0.862123 0.981064
vt 0.855020 0.975422
vt 0.856012 0.973500
vt 0.860433 0.969218
vt 0.862794 0.980097
vt 0.849088 0.978461
vt 0.854174 0.974997
vt 0.855977 0.973458
vt 0.863262 0.978981
vt 0.850028 0.979972
vt 0.855400 0.974028
vt 0.855469 0.974075
vt 0.855224 0.974410
vt 0.855023 0.974821
vt 0.854945 0.974766
vt 0.854889 0.974138
vt 0.855693 0.974433
vt 0.855702 0.974468
vt 0.855495 0.974086
vt 0.855702 0.974545
vt 0.855568 0.974137
vt 0.855686 0.974622
vt 0.855629 0.974208
vt 0.855547 0.974807
vt 0.855485 0.974853
vt 0.854840 0.974214
vt 0.855112 0.974856
vt 0.855304 0.973992
vt 0.854810 0.974304
vt 0.854852 0.974610
vt 0.855274 0.973989
vt 0.854887 0.974692
vt 0.855683 0.974391
vt 0.855205 0.973983
vt 0.855152 0.974873
vt 0.855110 0.973994
vt 0.884896 0.974835
vt 0.884356 0.976112
vt 0.884606 0.977097
vt 0.884376 0.975685
vt 0.884837 0.975473
vt 0.884804 0.975402
vt 0.883961 0.975790
vt 0.882895 0.975990
vt 0.883998 0.975513
vt 0.884853 0.975550
vt 0.884039 0.975403
vt 0.883325 0.975097
vt 0.883510 0.974906
vt 0.884107 0.976014
vt 0.884720 0.975958
vt 0.884780 0.975887
vt 0.883992 0.975881
vt 0.884336 0.975206
vt 0.882967 0.975652
vt 0.883954 0.975721
vt 0.883950 0.975691
vt 0.885429 0.975903
vt 0.892477 0.974598
vt 0.892365 0.976389
vt 0.615392 0.258929
vt 0.615779 0.259495
vt 0.889498 0.967583
vt 0.888415 0.967122
vt 0.892563 0.974040
vt 0.885375 0.975522
vt 0.892655 0.973594
vt 0.880951 0.982571
vt 0.885335 0.975366
vt 0.892655 0.972331
vt 0.890447 0.968232
vt 0.880497 0.968882
vt 0.879179 0.970123
vt 0.877415 0.973277
vt 0.885398 0.976136
vt 0.891823 0.978109
vt 0.616814 0.260428
vt 0.617439 0.260777
vt 0.885389 0.975593
vt 0.885272 0.975227
vt 0.892414 0.971114
vt 0.878176 0.971870
vt 0.885192 0.975108
vt 0.885986 0.966898
vt 0.887227 0.966888
vt 0.884819 0.975799
vt 0.885407 0.975680
vt 0.884853 0.975627
vt 0.884003 0.975485
vt 0.883949 0.974698
vt 0.882073 0.968004
vt 0.884263 0.975239
vt 0.884174 0.975274
vt 0.884637 0.975242
vt 0.884261 0.976101
vt 0.884835 0.975704
vt 0.884096 0.975329
vt 0.883727 0.974775
vt 0.884303 0.975221
vt 0.884171 0.974673
vt 0.884040 0.975957
vt 0.885313 0.976375
vt 0.885129 0.976637
vt 0.884646 0.976009
vt 0.885163 0.976595
vt 0.884455 0.976103
vt 0.884551 0.976067
vt 0.890874 0.979651
vt 0.889584 0.980876
vt 0.884844 0.975662
vt 0.891274 0.969030
vt 0.891945 0.969998
vt 0.884426 0.976105
vt 0.878239 0.971633
vt 0.884620 0.976020
vt 0.884699 0.975288
vt 0.597989 0.260728
vt 0.613362 0.242764
vt 0.614774 0.241012
vt 0.600044 0.262707
vt 0.608510 0.248077
vt 0.610396 0.246135
vt 0.611923 0.244453
vt 0.369347 0.812716
vt 0.369547 0.813553
vt 0.358549 0.813254
vt 0.618174 0.247001
vt 0.619732 0.245386
vt 0.615225 0.250364
vt 0.679567 0.951641
vt 0.679402 0.948990
vt 0.688218 0.948990
vt 0.981535 0.716667
vt 0.980264 0.720153
vt 0.979664 0.716831
vt 0.979133 0.713478
vt 0.981521 0.713299
vt 0.978702 0.710115
vt 0.981507 0.709939
vt 0.978106 0.700224
vt 0.981467 0.700052
vt 0.976388 0.748756
vt 0.979187 0.740079
vt 0.978999 0.749356
vt 0.981563 0.723387
vt 0.981577 0.726749
vt 0.980910 0.723453
vt 0.981549 0.720030
vt 0.979015 0.720511
vt 0.977824 0.717308
vt 0.976750 0.714007
vt 0.976283 0.712423
vt 0.975992 0.700566
vt 0.978013 0.690423
vt 0.981426 0.690177
vt 0.980280 0.723643
vt 0.979697 0.723952
vt 0.977844 0.721100
vt 0.976333 0.718605
vt 0.976327 0.714170
vt 0.979184 0.724370
vt 0.976798 0.721910
vt 0.978762 0.724881
vt 0.976381 0.723248
vt 0.978448 0.725466
vt 0.978257 0.726102
vt 0.978195 0.726764
vt 0.978262 0.727425
vt 0.978459 0.728059
vt 0.978778 0.728641
vt 0.979204 0.729148
vt 0.977890 0.732427
vt 0.976840 0.731626
vt 0.979722 0.729560
vt 0.980307 0.729863
vt 0.979063 0.733007
vt 0.980316 0.733353
vt 0.979734 0.736689
vt 0.977888 0.736219
vt 0.976797 0.739509
vt 0.981632 0.740266
vt 0.980938 0.730047
vt 0.981590 0.730107
vt 0.981604 0.733465
vt 0.981618 0.736838
vt 0.984314 0.710092
vt 0.986946 0.748712
vt 0.984075 0.740059
vt 0.986460 0.739469
vt 0.982216 0.723448
vt 0.983408 0.716816
vt 0.984841 0.690395
vt 0.984828 0.700197
vt 0.984087 0.720490
vt 0.982835 0.720143
vt 0.986298 0.713968
vt 0.983911 0.713459
vt 0.986752 0.712380
vt 0.986946 0.700521
vt 0.982243 0.730042
vt 0.982891 0.733343
vt 0.982847 0.723633
vt 0.983433 0.723937
vt 0.986722 0.714128
vt 0.985252 0.717277
vt 0.983950 0.724351
vt 0.984376 0.724858
vt 0.984694 0.725440
vt 0.984891 0.726075
vt 0.986315 0.721871
vt 0.985262 0.721069
vt 0.986752 0.718563
vt 0.985342 0.736189
vt 0.984896 0.727398
vt 0.984704 0.728033
vt 0.983501 0.736674
vt 0.984141 0.732986
vt 0.984391 0.728618
vt 0.983969 0.729129
vt 0.984958 0.726736
vt 0.986743 0.723206
vt 0.983454 0.729545
vt 0.982871 0.729853
vt 0.984340 0.749334
vt 0.985310 0.732397
vt 0.986353 0.731587
vt 0.986699 0.690770
vt 0.976158 0.690813
vt 0.976406 0.728949
vt 0.976412 0.730293
vt 0.976400 0.727816
vt 0.976391 0.725726
vt 0.976407 0.732094
vt 0.976425 0.731160
vt 0.976361 0.721445
vt 0.976387 0.724593
vt 0.976399 0.734925
vt 0.976387 0.722381
vt 0.986761 0.727774
vt 0.986765 0.728907
vt 0.976380 0.739340
vt 0.986770 0.730251
vt 0.976395 0.726771
vt 0.986753 0.725684
vt 0.986749 0.724550
vt 0.986790 0.732051
vt 0.986764 0.731117
vt 0.986748 0.721403
vt 0.986821 0.734882
vt 0.986730 0.722338
vt 0.986877 0.739296
vt 0.986814 0.735518
vt 0.986758 0.726729
vt 0.976849 0.849910
vt 0.976478 0.851187
vt 0.965568 0.848700
vt 0.604782 0.244163
vt 0.604863 0.244664
vt 0.604130 0.242306
vt 0.604773 0.244032
vt 0.603348 0.241359
vt 0.602894 0.241048
vt 0.600787 0.240830
vt 0.601315 0.240721
vt 0.606407 0.250082
vt 0.600323 0.241119
vt 0.599184 0.243186
vt 0.599322 0.242566
vt 0.599190 0.243832
vt 0.548195 0.952530
vt 0.550616 0.964718
vt 0.551061 0.956577
vt 0.598765 0.264315
vt 0.615147 0.258357
vt 0.615322 0.258750
vt 0.615235 0.256831
vt 0.619792 0.256046
vt 0.618017 0.255634
vt 0.617887 0.255641
vt 0.605462 0.956129
vt 0.633428 0.231148
vt 0.948972 0.512883
vt 0.948344 0.510159
vt 0.955042 0.502550
vt 0.954835 0.190927
vt 0.628678 0.279583
vt 0.605462 0.966407
vt 0.615467 0.256422
vt 0.590256 0.978886
vt 0.602206 0.972499
vt 0.617385 0.255626
vt 0.951219 0.503977
vt 0.602205 0.950037
vt 0.914583 0.094453
vt 0.914583 0.105310
vt 0.912746 0.104915
vt 0.912746 0.094058
vt 0.909351 0.104674
vt 0.909351 0.093817
vt 0.905956 0.094058
vt 0.951759 0.515984
vt 0.621655 0.259142
vt 0.621697 0.258611
vt 0.620819 0.256695
vt 0.621181 0.257102
vt 0.621429 0.259632
vt 0.619546 0.261003
vt 0.620135 0.260791
vt 0.761154 0.277664
vt 0.762430 0.278939
vt 0.747205 0.289111
vt 0.746163 0.283873
vt 0.746515 0.287446
vt 0.746163 0.285677
vt 0.746515 0.282105
vt 0.747205 0.280438
vt 0.748207 0.278939
vt 0.750982 0.276662
vt 0.752648 0.275972
vt 0.754417 0.275620
vt 0.757989 0.275972
vt 0.759655 0.276662
vt 0.728411 0.245984
vt 0.603939 0.246977
vt 0.604319 0.246691
vt 0.601998 0.247145
vt 0.602417 0.247269
vt 0.600729 0.246423
vt 0.601187 0.246783
vt 0.764122 0.282105
vt 0.764473 0.285677
vt 0.764122 0.287446
vt 0.763432 0.289112
vt 0.762430 0.290611
vt 0.761154 0.291886
vt 0.759655 0.292888
vt 0.757989 0.293579
vt 0.756220 0.293930
vt 0.754417 0.293930
vt 0.750982 0.292888
vt 0.748207 0.290611
vt 0.599375 0.244585
vt 0.600607 0.246340
vt 0.616188 0.259896
vt 0.618154 0.260988
vt 0.616285 0.260005
vt 0.379305 0.825402
vt 0.380930 0.825944
vt 0.377047 0.833859
vt 0.368685 0.829648
vt 0.376051 0.823553
vt 0.365430 0.827798
vt 0.373536 0.821242
vt 0.372903 0.820568
vt 0.364952 0.827393
vt 0.362915 0.825488
vt 0.372406 0.819866
vt 0.362282 0.824813
vt 0.371690 0.818744
vt 0.361785 0.824111
vt 0.361069 0.822990
vt 0.371140 0.817768
vt 0.360519 0.822013
vt 0.370686 0.816841
vt 0.360065 0.821087
vt 0.359668 0.820134
vt 0.370289 0.815889
vt 0.359297 0.819077
vt 0.358926 0.817799
vt 0.369918 0.814831
vt 0.358727 0.816962
vt 0.358637 0.816041
vt 0.358559 0.812627
vt 0.359316 0.808961
vt 0.369258 0.811796
vt 0.359981 0.807383
vt 0.369170 0.809009
vt 0.369180 0.808382
vt 0.360778 0.805686
vt 0.368134 0.799202
vt 0.369937 0.804716
vt 0.370602 0.803137
vt 0.370863 0.790040
vt 0.373485 0.798628
vt 0.380930 0.794106
vt 0.375573 0.823147
vt 0.371399 0.801440
vt 0.678911 0.946379
vt 0.687728 0.946379
vt 0.688384 0.951641
vt 0.688218 0.954292
vt 0.687728 0.956902
vt 0.679402 0.954292
vt 0.678911 0.956902
vt 0.976313 0.710499
vt 0.976344 0.717968
vt 0.981670 0.749550
vt 0.986706 0.710456
vt 0.986736 0.717925
vt 0.976411 0.735561
vt 0.980416 0.866113
vt 0.987862 0.870635
vt 0.977795 0.874701
vt 0.975065 0.865539
vt 0.967709 0.859055
vt 0.976868 0.860025
vt 0.966912 0.857358
vt 0.976111 0.856359
vt 0.978330 0.863301
vt 0.966247 0.855779
vt 0.976101 0.855732
vt 0.965491 0.852113
vt 0.976189 0.852945
vt 0.965480 0.851486
vt 0.976279 0.852024
vt 0.965658 0.847779
vt 0.965857 0.846942
vt 0.966228 0.845664
vt 0.977220 0.848852
vt 0.966599 0.844606
vt 0.966996 0.843654
vt 0.977617 0.847900
vt 0.967450 0.842727
vt 0.968000 0.841751
vt 0.978071 0.846973
vt 0.968716 0.840630
vt 0.969213 0.839927
vt 0.978621 0.845997
vt 0.969847 0.839253
vt 0.971883 0.837348
vt 0.979337 0.844875
vt 0.979834 0.844173
vt 0.972361 0.836942
vt 0.975616 0.835093
vt 0.980467 0.843498
vt 0.983979 0.830881
vt 0.982982 0.841188
vt 0.987862 0.838797
vt 0.986237 0.839339
vt 0.977533 0.861604
vt 0.982504 0.841594
vn 0.0000 0.0257 -0.9997
vn 0.1950 0.0257 -0.9805
vn 0.2898 0.0551 -0.9555
vn 0.3817 0.0706 -0.9216
vn 0.3826 0.0257 -0.9236
vn 0.3189 0.5528 -0.7699
vn 0.5308 0.2955 -0.7943
vn 0.3656 0.2955 -0.8826
vn 0.5542 0.0706 -0.8294
vn 0.5554 0.0257 -0.8312
vn 0.3541 0.6331 -0.6883
vn 0.3945 0.7041 -0.5905
vn 0.4630 0.5528 -0.6929
vn 0.2874 0.8815 -0.3747
vn 0.3958 0.8286 -0.3958
vn 0.3110 0.8286 -0.4654
vn 0.5021 0.7041 -0.5021
vn 0.5893 0.5528 -0.5893
vn 0.6755 0.2955 -0.6755
vn 0.7053 0.0706 -0.7053
vn 0.7069 0.0257 -0.7069
vn 0.8294 0.0706 -0.5542
vn 0.8312 0.0257 -0.5554
vn 0.3511 0.8816 -0.3154
vn 0.3225 0.9217 -0.2155
vn 0.4654 0.8286 -0.3110
vn 0.5905 0.7041 -0.3945
vn 0.6929 0.5528 -0.4630
vn 0.7943 0.2955 -0.5308
vn 0.5172 0.8286 -0.2142
vn 0.6561 0.7041 -0.2718
vn 0.7699 0.5528 -0.3189
vn 0.8826 0.2955 -0.3656
vn 0.9216 0.0706 -0.3817
vn 0.9236 0.0257 -0.3826
vn 0.2475 0.9569 -0.1520
vn 0.3584 0.9217 -0.1484
vn 0.9783 0.0706 -0.1946
vn 0.9805 0.0257 -0.1950
vn 0.2710 0.9569 -0.1042
vn 0.3804 0.9217 -0.0757
vn 0.5490 0.8286 -0.1092
vn 0.6138 0.7724 -0.1636
vn 0.6088 0.7715 -0.1847
vn 0.7412 0.6326 -0.2248
vn 0.8120 0.5291 -0.2463
vn 0.8523 0.4706 -0.2283
vn -0.3300 0.6696 -0.6654
vn -0.4897 0.8108 -0.3207
vn -0.4672 0.7457 -0.4750
vn 0.5391 -0.1074 -0.8354
vn 0.5057 -0.0661 -0.8602
vn 0.6212 -0.1635 -0.7664
vn 0.9370 0.2955 -0.1864
vn 0.8786 0.4696 -0.0865
vn 0.9975 0.0706 0.0000
vn 0.9997 0.0257 0.0000
vn 0.2854 0.9569 -0.0530
vn 0.3879 0.9217 0.0000
vn 0.5598 0.8286 0.0000
vn 0.9783 0.0706 0.1946
vn 0.9805 0.0257 0.1950
vn 0.2854 0.9569 0.0530
vn 0.3804 0.9217 0.0757
vn 0.5490 0.8286 0.1092
vn -0.1491 0.4438 0.8837
vn -0.4114 0.6408 0.6481
vn -0.2538 0.5534 0.7933
vn -0.2537 0.5533 -0.7934
vn -0.4549 0.7096 -0.5382
vn -0.4115 0.6408 -0.6481
vn 0.8786 0.4696 0.0865
vn 0.9370 0.2955 0.1864
vn 0.9553 0.2955 -0.0000
vn -0.4101 0.7770 -0.4777
vn -0.4914 0.8548 -0.1668
vn -0.1224 0.3924 0.9116
vn -0.3925 0.3062 0.8673
vn 0.8523 0.4706 0.2284
vn 0.7699 0.5528 0.3189
vn 0.8826 0.2955 0.3656
vn 0.9216 0.0706 0.3817
vn 0.9236 0.0257 0.3826
vn 0.2710 0.9569 0.1042
vn 0.3584 0.9217 0.1484
vn 0.5172 0.8286 0.2142
vn 0.8312 0.0257 0.5554
vn 0.2475 0.9569 0.1520
vn 0.3225 0.9217 0.2155
vn 0.4654 0.8286 0.3110
vn 0.5905 0.7041 0.3945
vn 0.6561 0.7041 0.2718
vn 0.6929 0.5528 0.4630
vn 0.7943 0.2955 0.5308
vn 0.8294 0.0706 0.5542
vn 0.5893 0.5528 0.5893
vn 0.6236 0.4714 0.6236
vn 0.6755 0.2955 0.6755
vn 0.7024 0.1157 0.7024
vn 0.7053 0.0706 0.7053
vn 0.7069 0.0257 0.7069
vn 0.3348 0.9013 0.2747
vn 0.3511 0.8816 0.3154
vn 0.5021 0.7041 0.5021
vn 0.3958 0.8286 0.3958
vn 0.2874 0.8815 0.3747
vn 0.3110 0.8286 0.4654
vn 0.3945 0.7041 0.5905
vn 0.4630 0.5528 0.6929
vn 0.6057 0.2976 0.7380
vn 0.5518 0.1157 0.8259
vn 0.5542 0.0706 0.8294
vn 0.5554 0.0257 0.8312
vn 0.5308 0.2955 0.7943
vn 0.3375 0.4714 0.8148
vn 0.3656 0.2955 0.8826
vn 0.3801 0.1157 0.9177
vn 0.3817 0.0706 0.9216
vn 0.3826 0.0257 0.9236
vn 0.2730 0.8152 0.5108
vn 0.3417 0.6890 0.6392
vn 0.3152 0.6343 0.7060
vn 0.2771 0.2976 0.9136
vn 0.1864 0.2955 0.9370
vn 0.1946 0.0706 0.9783
vn 0.1950 0.0257 0.9805
vn 0.1626 0.5528 0.8173
vn -0.0000 0.2955 0.9553
vn -0.0000 0.0706 0.9975
vn 0.0000 0.0257 0.9997
vn -0.1508 0.6344 0.7582
vn -0.3189 0.5528 0.7699
vn -0.1626 0.5528 0.8173
vn -0.5057 -0.0661 -0.8602
vn -0.5391 -0.1074 -0.8354
vn -0.6212 -0.1635 -0.7664
vn -0.3945 0.7041 0.5905
vn -0.2730 0.8152 0.5108
vn -0.3110 0.8286 0.4654
vn 0.4914 0.8548 -0.1668
vn 0.4919 0.8706 -0.0000
vn 0.4700 0.8501 -0.2375
vn 0.4101 0.7770 -0.4777
vn -0.5490 0.8286 0.1092
vn -0.6332 0.7715 0.0624
vn -0.3511 0.8816 0.3154
vn -0.3348 0.9013 0.2747
vn -0.3225 0.9217 0.2155
vn -0.9216 0.0706 0.3817
vn -0.9370 0.2955 0.1864
vn -0.9783 0.0706 0.1946
vn -0.7412 0.6326 -0.2248
vn -0.6561 0.7041 -0.2718
vn -0.9997 0.0257 0.0000
vn -0.9783 0.0706 -0.1946
vn -0.9805 0.0257 -0.1950
vn 0.0000 -1.0000 0.0000
vn -0.1950 0.0257 -0.9805
vn -0.3945 0.7041 -0.5905
vn -0.3417 0.6890 -0.6392
vn -0.3541 0.6331 -0.6883
vn -0.3879 0.9217 -0.0000
vn -0.2854 0.9569 0.0530
vn -0.2903 0.9569 0.0000
vn -0.3958 0.8286 0.3958
vn -0.2874 0.8815 0.3747
vn -0.7071 0.0000 0.7071
vn -0.5556 0.0000 0.8315
vn -0.4630 0.5528 0.6929
vn -0.5021 0.7041 0.5021
vn -0.5893 0.5528 0.5893
vn -0.3826 0.0257 -0.9236
vn -0.5542 0.0706 -0.8294
vn -0.3817 0.0706 -0.9216
vn -0.5893 0.5528 -0.5893
vn -0.4630 0.5528 -0.6929
vn 0.9961 0.0884 0.0000
vn 0.9709 0.0269 0.2379
vn 0.9677 0.0859 0.2371
vn -0.5021 0.7041 -0.5021
vn -0.3110 0.8286 -0.4654
vn 0.4897 0.8108 0.3207
vn 0.3299 0.6696 0.6654
vn 0.4100 0.7770 0.4777
vn -0.3958 0.8286 -0.3958
vn -0.2874 0.8815 -0.3747
vn -0.9808 0.0000 0.1951
vn -0.9239 0.0000 0.3827
vn -0.2898 0.0551 -0.9555
vn -0.6929 0.5528 0.4630
vn -0.6561 0.7041 0.2718
vn -0.7699 0.5528 0.3189
vn -0.7743 -0.0687 -0.6290
vn -0.6450 -0.1155 -0.7554
vn -0.7680 -0.1594 -0.6203
vn -0.5308 0.2955 -0.7943
vn -0.3656 0.2955 -0.8826
vn -0.7053 0.0706 -0.7053
vn -0.9553 0.2955 -0.0000
vn -0.9975 0.0706 0.0000
vn -0.3189 0.5528 -0.7699
vn -0.9805 0.0257 0.1950
vn -0.8294 0.0706 0.5542
vn -0.7024 0.1157 0.7024
vn -0.7943 0.2955 0.5308
vn -0.1951 0.0000 -0.9808
vn -0.3827 0.0000 -0.9239
vn -0.1864 0.2955 0.9370
vn -0.2771 0.2976 0.9136
vn -0.3801 0.1157 0.9177
vn -0.5554 0.0257 0.8312
vn -0.7053 0.0706 0.7053
vn -0.7069 0.0257 0.7069
vn -0.8294 0.0706 -0.5542
vn -0.6755 0.2955 -0.6755
vn -0.8523 0.4706 -0.2283
vn -0.8120 0.5291 -0.2463
vn -0.7699 0.5528 -0.3189
vn -0.5518 0.1157 0.8259
vn 0.4114 0.6408 0.6481
vn 0.1491 0.4438 0.8837
vn 0.2538 0.5534 0.7933
vn -0.8312 0.0257 0.5554
vn -0.8312 0.0257 -0.5554
vn -0.7069 0.0257 -0.7069
vn -0.6929 0.5528 -0.4630
vn -0.5490 0.8286 -0.1092
vn -0.6332 0.7715 -0.0624
vn -0.5905 0.7041 0.3945
vn -0.7943 0.2955 -0.5308
vn -0.9370 0.2955 -0.1864
vn -0.6088 0.7715 -0.1847
vn -0.6138 0.7724 -0.1635
vn -0.5172 0.8286 -0.2142
vn -0.4654 0.8286 -0.3110
vn -0.9590 -0.0851 0.2704
vn -0.9758 -0.2186 -0.0000
vn -0.9401 -0.2171 0.2629
vn -0.6755 0.2955 0.6755
vn -0.6057 0.2976 0.7380
vn -0.6236 0.4714 0.6236
vn -0.5554 0.0257 -0.8312
vn -0.5905 0.7041 -0.3945
vn -0.4900 0.4714 0.7333
vn -1.0000 0.0000 0.0000
vn 0.2537 0.5533 -0.7934
vn 0.4549 0.7096 -0.5382
vn 0.3004 0.6087 -0.7344
vn -0.3225 0.9217 -0.2155
vn -0.9239 0.0000 -0.3827
vn -0.9808 0.0000 -0.1951
vn -0.8315 0.0000 -0.5556
vn -0.3656 0.2955 0.8826
vn -0.3348 0.9013 -0.2747
vn -0.3511 0.8816 -0.3154
vn -0.3817 0.0706 0.9216
vn -0.5542 0.0706 0.8294
vn -0.3804 0.9217 -0.0757
vn -0.2710 0.9569 -0.1042
vn -0.3584 0.9217 -0.1484
vn -0.1426 -0.7162 -0.6831
vn -0.2049 -0.7083 -0.6755
vn 0.4672 0.7457 0.4751
vn 0.3004 0.6087 0.7343
vn -0.8826 0.2955 0.3656
vn -0.8826 0.2955 -0.3656
vn -0.1950 0.0257 0.9805
vn -0.1946 0.0706 0.9783
vn -0.3827 0.0000 0.9239
vn -0.1951 0.0000 0.9808
vn 0.0000 0.0000 1.0000
vn -0.5598 0.8286 -0.0000
vn -0.8786 0.4696 -0.0865
vn -0.8315 0.0000 0.5556
vn -0.6424 -0.0570 -0.7642
vn -0.3375 0.4714 0.8148
vn -0.9216 0.0706 -0.3817
vn 0.9239 0.0000 0.3827
vn 0.8315 0.0000 0.5556
vn -0.4164 -0.0346 -0.9085
vn -0.4450 -0.0423 -0.8945
vn -0.9236 0.0257 -0.3826
vn -0.0000 0.0000 -1.0000
vn -0.3584 0.9217 0.1484
vn -0.2475 0.9569 0.1520
vn -0.2710 0.9569 0.1042
vn -0.2475 0.9569 -0.1520
vn -0.8786 0.4696 0.0865
vn 0.3300 0.6696 -0.6654
vn 0.4897 0.8108 -0.3207
vn -0.3804 0.9217 0.0757
vn 0.7071 0.0000 0.7071
vn -0.5556 0.0000 -0.8315
vn -0.7071 0.0000 -0.7071
vn 0.5556 0.0000 0.8315
vn 0.3827 0.0000 0.9239
vn 0.1951 0.0000 -0.9808
vn 0.1951 0.0000 0.9808
vn 0.3827 0.0000 -0.9239
vn 0.5556 0.0000 -0.8315
vn -0.5172 0.8286 0.2142
vn 0.7071 0.0000 -0.7071
vn -0.8120 0.5291 0.2463
vn -0.8523 0.4706 0.2284
vn 0.8315 0.0000 -0.5556
vn 0.3925 0.3062 0.8673
vn 0.1224 0.3924 0.9116
vn -0.3826 0.0257 0.9236
vn 0.9239 0.0000 -0.3827
vn 0.9808 0.0000 -0.1951
vn 1.0000 0.0000 0.0000
vn -0.2854 0.9569 -0.0529
vn 0.9808 0.0000 0.1951
vn 0.3189 0.5528 0.7699
vn -0.5308 0.2955 0.7943
vn -0.9236 0.0257 0.3826
vn 0.4900 0.4714 0.7333
vn -0.3152 0.6343 0.7060
vn -0.3417 0.6890 0.6392
vn -0.4654 0.8286 0.3110
vn 0.6332 0.7715 -0.0624
vn 0.6332 0.7715 -0.0625
vn 0.6332 0.7715 0.0624
vn 0.4450 -0.0423 -0.8945
vn 0.4164 -0.0346 -0.9085
vn 0.6088 0.7715 0.1847
vn -0.4919 0.8706 0.0000
vn -0.4700 0.8501 -0.2375
vn 0.5367 -0.1060 0.8371
vn 0.5057 -0.0661 0.8601
vn 0.4126 -0.0335 0.9103
vn 0.6212 -0.1635 0.7664
vn 0.6450 -0.1155 0.7554
vn 0.7412 0.6326 0.2248
vn 0.3436 0.2532 -0.9043
vn 0.4117 0.0781 -0.9080
vn 0.3925 0.3062 -0.8673
vn 0.1805 0.1438 -0.9730
vn -0.1202 0.1677 -0.9785
vn 0.0213 0.1071 -0.9940
vn -0.8827 -0.0783 -0.4634
vn -0.8692 -0.1949 -0.4544
vn 0.7173 -0.2284 0.6582
vn 0.7680 -0.1594 0.6203
vn 0.9401 -0.2171 0.2630
vn 0.8827 -0.0783 0.4634
vn 0.8692 -0.1949 0.4544
vn 0.3214 -0.0050 0.9469
vn 0.1604 0.1572 0.9745
vn 0.1604 0.0510 0.9857
vn 0.7680 -0.1594 -0.6203
vn 0.8827 -0.0783 -0.4634
vn 0.8692 -0.1949 -0.4544
vn 0.9758 -0.2186 -0.0000
vn 0.9590 -0.0851 0.2704
vn -0.3437 0.2532 -0.9043
vn -0.4117 0.0781 -0.9080
vn -0.3704 0.0853 -0.9249
vn 0.6450 -0.1155 -0.7554
vn 0.7743 -0.0687 -0.6290
vn -0.9961 0.0884 0.0000
vn -0.9709 0.0269 0.2379
vn -0.9998 0.0202 0.0000
vn -0.3925 0.3062 -0.8673
vn -0.5788 0.0611 -0.8132
vn 0.6424 -0.0570 -0.7642
vn -0.8663 0.0769 0.4936
vn -0.9677 0.0859 0.2371
vn -0.5902 0.0524 -0.8056
vn -0.6544 0.0514 -0.7544
vn 0.5425 0.2211 -0.8104
vn -0.1491 0.4437 -0.8837
vn -0.4548 0.7096 0.5382
vn -0.3004 0.6087 0.7343
vn 0.7174 -0.2284 -0.6582
vn -0.3004 0.6087 -0.7344
vn -0.1225 0.3924 -0.9116
vn 0.4422 -0.0409 0.8960
vn 0.7974 -0.2805 -0.5344
vn -0.4672 0.7457 0.4751
vn -0.3299 0.6696 0.6654
vn 0.8609 -0.3187 -0.3966
vn -0.4897 0.8108 0.3207
vn -0.4100 0.7770 0.4777
vn 0.2894 0.0621 0.9552
vn 0.9053 -0.3439 -0.2495
vn 0.9401 -0.2171 -0.2630
vn -0.4914 0.8548 0.1668
vn -0.4700 0.8501 0.2375
vn 0.0213 0.1071 0.9940
vn 0.1806 0.1439 0.9730
vn 0.9337 -0.3580 0.0000
vn -0.4914 0.8709 0.0000
vn 0.2871 0.0634 -0.9558
vn 0.1577 0.0520 -0.9861
vn -0.1202 0.1677 0.9785
vn 0.0672 0.2355 0.9695
vn 0.9053 -0.3439 0.2495
vn 0.3244 -0.0060 -0.9459
vn -0.2653 0.2321 0.9358
vn -0.0544 0.3333 0.9413
vn 0.8609 -0.3187 0.3966
vn -0.0544 0.3333 -0.9412
vn -0.2654 0.2321 -0.9358
vn -0.3436 0.2532 0.9043
vn 0.7974 -0.2805 0.5344
vn 0.0672 0.2355 -0.9695
vn -0.4117 0.0781 0.9080
vn -0.3704 0.0854 0.9250
vn -0.3315 0.9435 -0.0000
vn 0.1578 0.1569 -0.9749
vn 0.0194 0.1382 -0.9902
vn -0.9709 0.0269 -0.2379
vn 0.4489 0.2175 0.8667
vn 0.5425 0.2211 0.8104
vn -0.2980 0.0964 0.9497
vn 0.6371 0.5139 0.5744
vn -0.1323 0.1181 0.9841
vn 0.7045 0.5399 0.4606
vn 0.0194 0.1382 0.9902
vn 0.8093 0.5874 0.0000
vn 0.7876 0.5748 -0.2220
vn 0.7542 0.5599 0.3431
vn 0.9590 -0.0851 -0.2704
vn 0.7744 -0.0687 0.6290
vn 0.9961 -0.0884 0.0000
vn 0.6424 -0.0570 0.7642
vn -0.9677 0.0859 -0.2371
vn -0.8663 0.0769 -0.4936
vn -0.8632 0.0358 -0.5035
vn 0.3414 0.1991 -0.9186
vn -0.5788 0.0611 0.8132
vn -0.5902 0.0524 0.8055
vn -0.7221 0.0641 -0.6888
vn -0.7123 0.0482 -0.7003
vn -0.2980 0.0964 -0.9497
vn -0.6544 0.0514 0.7544
vn -0.6517 0.0578 0.7562
vn -0.6517 0.0578 -0.7563
vn -0.1323 0.1181 -0.9841
vn 0.3387 0.1990 0.9196
vn -0.7123 0.0482 0.7003
vn -0.7221 0.0641 0.6888
vn 0.4525 0.2181 -0.8647
vn -0.8632 0.0358 0.5035
vn 0.6371 0.5139 -0.5744
vn 0.7045 0.5398 -0.4606
vn 0.7876 0.5748 0.2220
vn 0.7542 0.5599 -0.3431
vn -0.9401 -0.2171 -0.2630
vn 0.7123 0.0482 0.7003
vn 0.6517 0.0578 0.7562
vn 0.7221 0.0641 0.6888
vn -0.7542 0.5599 -0.3431
vn 0.3315 0.9435 -0.0000
vn -0.7045 0.5398 -0.4606
vn -0.7045 0.5399 0.4606
vn -0.7542 0.5599 0.3431
vn 0.6517 0.0578 -0.7563
vn 0.7123 0.0482 -0.7003
vn 0.7221 0.0641 -0.6888
vn 0.3704 0.0853 -0.9250
vn -0.6371 0.5139 0.5744
vn 0.1323 0.1181 -0.9841
vn 0.2653 0.2321 -0.9358
vn 0.1202 0.1677 -0.9785
vn 0.9998 0.0202 0.0000
vn 0.1323 0.1181 0.9841
vn -0.0194 0.1382 0.9902
vn 0.8632 0.0358 -0.5035
vn 0.8663 0.0769 -0.4936
vn -0.6371 0.5139 -0.5744
vn -0.5425 0.2211 -0.8104
vn 0.5902 0.0524 -0.8056
vn 0.6544 0.0514 -0.7544
vn 0.5788 0.0611 -0.8132
vn -0.1604 0.0510 0.9857
vn -0.4422 -0.0409 0.8960
vn -0.2894 0.0621 0.9552
vn -0.6088 0.7715 0.1847
vn 0.8663 0.0769 0.4936
vn -0.9053 -0.3439 -0.2495
vn -0.8609 -0.3187 -0.3966
vn -0.5367 -0.1060 0.8371
vn -0.5057 -0.0661 0.8601
vn -0.6212 -0.1635 0.7664
vn 0.4914 0.8548 0.1669
vn 0.4700 0.8501 0.2375
vn -0.6450 -0.1155 0.7554
vn -0.7173 -0.2284 0.6582
vn -0.9337 -0.3580 -0.0000
vn -0.1805 0.1438 -0.9730
vn -0.0672 0.2355 -0.9695
vn 0.1491 0.4437 -0.8837
vn 0.4115 0.6408 -0.6481
vn -0.0213 0.1071 0.9940
vn -0.1806 0.1439 0.9730
vn -0.7412 0.6326 0.2248
vn -0.4126 -0.0335 0.9103
vn 0.4548 0.7096 0.5382
vn -0.7680 -0.1594 0.6203
vn -0.7974 -0.2805 0.5344
vn 0.1225 0.3924 -0.9116
vn 0.4672 0.7457 -0.4750
vn -0.8827 -0.0783 0.4634
vn -0.8692 -0.1949 0.4544
vn -0.7174 -0.2284 -0.6582
vn -0.7973 -0.2805 -0.5344
vn -0.1604 0.1572 0.9745
vn -0.3214 -0.0050 0.9469
vn -0.5425 0.2211 0.8104
vn 0.2980 0.0964 -0.9497
vn -0.1577 0.0520 -0.9861
vn -0.2871 0.0634 -0.9558
vn -0.7744 -0.0687 0.6290
vn -0.3414 0.1991 -0.9186
vn -0.1578 0.1569 -0.9749
vn -0.6424 -0.0570 0.7642
vn -0.9590 -0.0851 -0.2704
vn 0.8632 0.0358 0.5035
vn -0.3387 0.1990 0.9196
vn -0.0194 0.1382 -0.9902
vn -0.0213 0.1071 -0.9940
vn -0.7876 0.5748 -0.2220
vn -0.4525 0.2181 -0.8647
vn -0.3244 -0.0060 -0.9459
vn -0.7876 0.5748 0.2220
vn 0.9709 0.0269 -0.2379
vn 0.1202 0.1677 0.9785
vn 0.3436 0.2532 0.9043
vn 0.2980 0.0964 0.9497
vn 0.2653 0.2321 0.9358
vn 0.5788 0.0611 0.8132
vn 0.4117 0.0781 0.9080
vn -0.0672 0.2355 0.9695
vn 0.0544 0.3333 0.9413
vn -0.4489 0.2175 0.8667
vn 0.9677 0.0859 -0.2370
vn -0.9053 -0.3439 0.2495
vn -0.8609 -0.3187 0.3966
vn 0.6544 0.0514 0.7544
vn 0.0544 0.3333 -0.9412
vn 0.3704 0.0854 0.9250
vn 0.5902 0.0524 0.8055
vn -0.8093 0.5874 0.0000
vn 0.1508 0.6344 0.7582
vn 0.2434 0.5450 -0.8024
vn 0.2781 0.2871 -0.9167
vn -0.0000 0.6344 0.7730
vn 0.3348 0.9013 -0.2747
vn 0.2730 0.8152 -0.5108
vn 0.3417 0.6890 -0.6392
vn -0.2434 0.5450 -0.8024
vn -0.2781 0.2871 -0.9167
vn -0.2730 0.8152 -0.5108
vn -0.0000 -0.6361 0.7716
vn 0.1581 -0.6281 0.7619
vn 0.1460 -0.6293 0.7633
vn -0.0000 0.8286 -0.5598
vn 0.0757 0.9217 -0.3804
vn 0.1092 0.8286 -0.5490
vn 0.1385 0.7041 -0.6965
vn 0.0000 0.7041 -0.7101
vn 0.1736 0.4637 -0.8688
vn 0.0000 0.4647 -0.8854
vn 0.1857 0.2847 -0.9405
vn 0.0000 0.2868 -0.9580
vn 0.1918 0.7600 0.6210
vn 0.1274 0.7698 0.6255
vn 0.1203 0.7677 0.6294
vn 0.0000 0.9796 -0.2010
vn -0.0000 1.0000 -0.0000
vn 0.0392 0.9796 -0.1971
vn 0.0000 0.9217 -0.3879
vn 0.1484 0.9217 -0.3584
vn 0.2142 0.8286 -0.5172
vn 0.2718 0.7041 -0.6561
vn 0.2368 0.6331 -0.7370
vn 0.2786 0.2813 -0.9183
vn 0.0000 0.7534 -0.6576
vn 0.1246 0.7483 -0.6515
vn 0.0769 0.9796 -0.1857
vn 0.1117 0.9796 -0.1671
vn 0.2155 0.9217 -0.3225
vn 0.2364 0.8815 -0.4087
vn 0.3267 0.7209 -0.6112
vn 0.1421 0.9796 -0.1421
vn 0.2743 0.9217 -0.2743
vn 0.1671 0.9796 -0.1117
vn 0.2352 0.9569 -0.1704
vn 0.1857 0.9796 -0.0769
vn 0.1971 0.9796 -0.0392
vn 0.2010 0.9796 0.0000
vn 0.1971 0.9796 0.0392
vn 0.1857 0.9796 0.0769
vn 0.1671 0.9796 0.1116
vn 0.1421 0.9796 0.1421
vn 0.2155 0.9217 0.3225
vn 0.2743 0.9217 0.2743
vn 0.1117 0.9796 0.1671
vn 0.0769 0.9796 0.1857
vn 0.1484 0.9217 0.3584
vn 0.0757 0.9217 0.3804
vn 0.1092 0.8286 0.5490
vn 0.2142 0.8286 0.5172
vn 0.2540 0.7605 0.5975
vn 0.0000 0.7727 0.6347
vn 0.0392 0.9796 0.1971
vn 0.0000 0.9796 0.2010
vn 0.0000 0.9217 0.3879
vn 0.0000 0.8286 0.5598
vn -0.1736 0.4637 -0.8688
vn -0.1918 0.7600 0.6210
vn -0.1274 0.7698 0.6255
vn -0.2540 0.7605 0.5975
vn -0.0392 0.9796 -0.1971
vn -0.1092 0.8286 -0.5490
vn -0.1246 0.7483 -0.6515
vn -0.1351 0.7474 -0.6504
vn -0.1484 0.9217 -0.3584
vn -0.0757 0.9217 -0.3804
vn -0.2718 0.7041 -0.6561
vn -0.1385 0.7041 -0.6965
vn -0.2368 0.6331 -0.7370
vn -0.2786 0.2813 -0.9183
vn -0.1857 0.2847 -0.9405
vn -0.0392 0.9796 0.1971
vn -0.0757 0.9217 0.3804
vn -0.0769 0.9796 -0.1857
vn -0.1117 0.9796 -0.1671
vn -0.3267 0.7209 -0.6112
vn -0.2142 0.8286 -0.5172
vn -0.1421 0.9796 -0.1421
vn -0.1671 0.9796 -0.1117
vn -0.1857 0.9796 -0.0769
vn -0.1971 0.9796 -0.0392
vn -0.2743 0.9217 -0.2743
vn -0.2155 0.9217 -0.3225
vn -0.2364 0.8815 -0.4087
vn -0.2142 0.8286 0.5172
vn -0.1971 0.9796 0.0392
vn -0.1857 0.9796 0.0769
vn -0.1092 0.8286 0.5490
vn -0.1484 0.9217 0.3584
vn -0.1671 0.9796 0.1116
vn -0.1421 0.9796 0.1421
vn -0.2010 0.9796 -0.0000
vn -0.2352 0.9569 -0.1704
vn -0.1117 0.9796 0.1671
vn -0.0769 0.9796 0.1857
vn -0.1203 0.7677 0.6294
vn -0.2155 0.9217 0.3225
vn -0.2743 0.9217 0.2743
vn -0.1950 0.7407 -0.6429
vn 0.1351 0.7474 -0.6504
vn 0.1950 0.7407 -0.6429
vn 0.2653 0.9569 0.1179
vn 0.2352 0.9569 0.1705
vn 0.2840 0.9569 0.0603
vn 0.2840 0.9569 -0.0603
vn 0.3156 0.8816 0.3508
vn 0.2594 0.9420 0.2129
vn 0.3156 0.8817 -0.3508
vn 0.2653 0.9569 -0.1179
vn 0.2364 0.8815 0.4087
vn 0.2594 0.9420 -0.2129
vn -0.2840 0.9569 0.0603
vn -0.2653 0.9569 0.1179
vn 0.3069 0.7589 0.5743
vn -0.2352 0.9569 0.1705
vn 0.2903 0.9569 -0.0000
vn -0.2840 0.9569 -0.0603
vn -0.2653 0.9569 -0.1179
vn -0.3156 0.8816 0.3508
vn -0.2594 0.9420 0.2128
vn -0.3156 0.8817 -0.3508
vn -0.2364 0.8815 0.4087
vn -0.2594 0.9420 -0.2129
vn -0.3069 0.7589 0.5743
vn -0.2526 0.8443 0.4726
vn 0.6704 0.7136 -0.2034
vn 0.8819 0.4714 -0.0000
vn 0.8786 0.4696 -0.0866
vn 0.8786 0.4696 0.0866
vn 0.8120 0.5291 0.2463
vn 0.0000 0.5528 0.8333
vn 0.4914 0.8709 -0.0000
vn -0.6331 0.7715 0.0624
vn -0.6138 0.7724 0.1635
vn -0.6344 0.7730 -0.0000
vn -0.6704 0.7136 -0.2034
vn -0.9961 -0.0884 0.0000
vn 0.2049 -0.7083 -0.6755
vn 0.1426 -0.7162 -0.6831
vn 0.1302 -0.7175 -0.6843
vn -0.0000 -0.7236 -0.6902
vn -0.1302 -0.7175 -0.6843
vn -0.8819 0.4714 0.0000
vn -0.8786 0.4696 -0.0866
vn -0.8786 0.4696 0.0866
vn 0.0000 -1.0000 -0.0001
vn 0.0000 -1.0000 0.0001
vn 0.6344 0.7730 0.0000
vn 0.6138 0.7724 0.1635
vn 0.6704 0.7136 0.2034
vn -0.6704 0.7136 0.2034
vn 0.2279 -0.6194 0.7513
vn -0.1460 -0.6293 0.7633
vn -0.2279 -0.6194 0.7513
vn -0.1581 -0.6281 0.7619
vn 0.2544 0.4813 -0.8388
vn 0.2526 0.8443 -0.4726
vn 0.0000 0.7725 0.6350
vn -0.2544 0.4813 -0.8388
vn -0.2526 0.8443 -0.4726
vn 0.2526 0.8443 0.4726
usemtl Material
s 1
f 1739/2724/1405 1594/2725/1406 1738/2726/1406
f 2073/2727/1407 1598/2728/1408 1740/2729/1409
f 1596/2730/1410 1603/2731/1411 1597/2732/1412
f 1597/2732/1412 1604/2733/1413 1598/2728/1408
f 1740/2729/1409 1604/2733/1413 1741/2734/1414
f 2055/2735/1415 1601/2736/1416 1602/2737/1417
f 2056/2738/1418 1606/2739/1419 1600/2740/1420
f 1600/2740/1420 1607/2741/1421 1601/2736/1416
f 1601/2736/1416 1608/2742/1422 1602/2737/1417
f 1603/2731/1411 1608/2742/1422 1609/2743/1423
f 1603/2731/1411 1610/2744/1424 1604/2733/1413
f 1741/2734/1414 1610/2744/1424 1742/2745/1425
f 1609/2743/1423 1617/2746/1426 1610/2744/1424
f 1610/2744/1424 1743/2747/1427 1742/2745/1425
f 2074/2748/1428 1612/2749/1429 1613/2750/1430
f 1607/2741/1421 1613/2750/1430 1614/2751/1431
f 1607/2741/1421 1615/2752/1432 1608/2742/1422
f 1608/2742/1422 1616/2753/1433 1609/2743/1423
f 1612/2749/1429 1620/2754/1434 1613/2750/1430
f 1613/2750/1430 1621/2755/1435 1614/2751/1431
f 1614/2751/1431 1622/2756/1436 1615/2752/1432
f 1615/2752/1432 1623/2757/1437 1616/2753/1433
f 1616/2753/1433 1624/2758/1438 1617/2746/1426
f 1743/2747/1427 1624/2758/1438 1744/2759/1439
f 2075/2760/1440 1619/2761/1441 1612/2749/1429
f 1623/2757/1437 1629/2762/1442 1624/2758/1438
f 1624/2758/1438 1745/2763/1443 1744/2759/1439
f 2061/2764/1444 1626/2765/1445 1619/2761/1441
f 1619/2761/1441 1627/2766/1446 1620/2754/1434
f 1620/2754/1434 1804/2767/1447 1827/2768/1448
f 1621/2755/1435 1854/2769/1449 1851/2770/1449
f 1622/2756/1436 1802/2771/1450 1807/2772/1451
f 1815/2773/1452 1894/2774/1453 1895/2775/1454
f 1807/2776/1455 1916/2777/1456 1857/2778/1457
f 1628/2779/1458 1859/2780/1459 1860/2781/1459
f 1628/2779/1458 1634/2782/1460 1629/2762/1442
f 1629/2762/1442 1746/2783/1461 1745/2763/1443
f 2070/2784/1462 1631/2785/1463 1626/2765/1445
f 1626/2765/1445 1632/2786/1464 1627/2766/1446
f 1746/2783/1461 1639/2787/1465 1747/2788/1466
f 1631/2785/1463 2067/2789/1467 1636/2790/1468
f 1631/2785/1463 1637/2791/1469 1632/2786/1464
f 1824/2792/1470 1905/2793/1471 1825/2794/1472
f 1827/2795/1473 1882/2796/1474 1906/2797/1475
f 1820/2798/1476 1821/2799/1476 1638/2800/1477
f 1633/2801/1478 1639/2787/1465 1634/2782/1460
f 1814/2802/1479 1893/2803/1480 1894/2774/1453
f 1805/2804/1481 1904/2805/1482 1824/2792/1470
f 1806/2806/1483 1644/2807/1484 1645/2808/1485
f 1638/2800/1477 1646/2809/1486 1639/2787/1465
f 1747/2788/1466 1646/2809/1486 1748/2810/1487
f 1636/2790/1468 2052/2811/1488 1641/2812/1489
f 1637/2791/1469 1641/2812/1489 1642/2813/1490
f 1646/2809/1486 1749/2814/1491 1748/2810/1487
f 1641/2812/1489 2063/2815/1492 1648/2816/1493
f 1641/2812/1489 1649/2817/1494 1642/2813/1490
f 1642/2813/1490 1650/2818/1495 1643/2819/1496
f 1643/2819/1496 1651/2820/1497 1644/2807/1484
f 1644/2807/1484 1652/2821/1498 1645/2808/1485
f 1646/2809/1486 1652/2821/1498 1653/2822/1499
f 1650/2818/1495 1657/2823/1500 1651/2820/1497
f 1652/2824/1498 1796/2825/1501 1658/2826/1502
f 1653/2822/1499 1785/2827/1503 1659/2828/1504
f 1653/2822/1499 1750/2829/1505 1749/2814/1491
f 1648/2816/1493 2063/2815/1492 2051/2830/1506
f 1648/2816/1493 2051/2830/1506 2053/2831/1507
f 1649/2817/1494 1656/2832/1508 1650/2818/1495
f 1655/2833/1509 2064/2834/1510 1661/2835/1511
f 1656/2832/1508 1661/2835/1511 1662/2836/1512
f 1656/2832/1508 1663/2837/1513 1657/2823/1500
f 1658/2826/1502 1796/2825/1501 1795/2838/1514
f 1659/2828/1504 1784/2839/1515 1665/2840/1516
f 1750/2829/1505 1665/2840/1516 1751/2841/1517
f 1664/2842/1518 1790/2843/1519 1668/2844/1520
f 1784/2845/1515 1794/2846/1521 1669/2847/1522
f 1751/2848/1517 1669/2847/1522 1752/2849/1523
f 1661/2835/1511 2064/2834/1510 2066/2850/1524
f 1662/2836/1512 2066/2850/1524 2054/2851/1525
f 1662/2836/1512 2054/2851/1525 2062/2852/1526
f 1668/2844/1520 1790/2843/1519 1791/2853/1527
f 1794/2846/1521 1672/2854/1528 1673/2855/1529
f 1669/2847/1522 1753/2856/1530 1752/2849/1523
f 1671/2857/1531 1676/2858/1532 1672/2859/1528
f 1672/2859/1528 1677/2860/1533 1673/2861/1529
f 1673/2861/1529 1754/2862/1534 1753/2863/1530
f 2115/2864/1535 1788/2865/1536 1799/2866/1537
f 2029/2867/1538 1961/2868/1539 1990/2869/1540
f 1781/2870/1541 2110/2871/1542 1780/2872/1543
f 2006/2873/1544 1964/2874/1545 1967/2875/1546
f 1968/2876/1547 2006/2873/1544 1967/2875/1546
f 1722/2877/1548 1972/2878/1549 1971/2879/1549
f 2098/2880/1550 2096/2881/1551 1733/2882/1552
f 1731/2883/1553 1723/2884/1554 1724/2885/1555
f 1986/2886/1556 1989/2887/1556 1706/2888/1557
f 1835/2889/1558 1714/2890/1559 1834/2891/1560
f 1838/2892/1561 1732/2893/1561 1756/2894/1561
f 1739/2724/1405 1679/2895/1562 1592/2896/1405
f 1686/2897/1563 2104/2898/1564 2100/2899/1565
f 1716/2900/1566 2111/2901/1567 2103/2902/1568
f 1757/2903/1569 2108/2904/1570 2098/2880/1550
f 1732/2893/1561 1836/2905/1561 1725/2906/1561
f 1779/2907/1571 1868/2908/1572 1787/2909/1572
f 1782/2910/1573 1758/2911/1574 1759/2912/1575
f 1829/2913/1576 1689/2914/1577 1683/2915/1578
f 1693/2916/1579 1686/2897/1563 1687/2917/1580
f 1997/2918/1581 2049/2919/1582 2011/2920/1583
f 1692/2921/1584 1685/2922/1585 1686/2897/1563
f 2010/2923/1586 1970/2924/1587 1971/2925/1588
f 1691/2926/1589 2101/2927/1590 1685/2922/1585
f 1864/2928/1591 1732/2929/1592 1725/2930/1591
f 1829/2913/1576 1683/2915/1578 2116/2931/1593
f 1736/2932/1594 1728/2933/1595 1729/2934/1596
f 2093/2935/1597 2030/2936/1598 2031/2937/1599
f 1688/2938/1600 1693/2916/1579 1687/2917/1580
f 1830/2939/1561 1684/2940/1561 1690/2941/1561
f 1689/2914/1577 1682/2942/1601 1683/2915/1578
f 1695/2943/1602 1688/2938/1600 1689/2914/1577
f 1724/2885/1555 1718/2944/1603 1719/2945/1604
f 1688/2938/1600 1681/2946/1605 1682/2942/1601
f 1836/2947/1606 1731/2883/1553 1724/2885/1555
f 1755/2948/1607 1872/2949/1608 1737/2950/1609
f 1847/2951/1610 1684/2952/1611 1680/2953/1610
f 1800/2954/1612 1874/2955/1613 1877/2956/1614
f 1840/2957/1615 1778/2958/1616 1839/2959/1617
f 1702/2960/1618 1694/2961/1619 1695/2943/1602
f 1961/2962/1620 1880/2963/1621 1707/2964/1622
f 1778/2958/1616 1871/2965/1623 1872/2949/1608
f 2018/2966/1624 1978/2967/1625 1979/2968/1626
f 1839/2959/1617 1755/2948/1607 1838/2969/1627
f 1832/2970/1628 1695/2943/1602 1831/2971/1629
f 1800/2972/1612 1799/2866/1537 1788/2865/1536
f 1700/2973/1630 1692/2921/1584 1693/2916/1579
f 1835/2974/1561 1715/2975/1561 1720/2976/1561
f 1712/2977/1631 1969/2978/1632 1968/2979/1632
f 1715/2975/1561 1833/2980/1561 1710/2981/1561
f 1759/2912/1575 1735/2982/1633 1736/2932/1594
f 1680/2983/1561 1739/2984/1561 1593/2985/1561
f 1833/2980/1561 1703/2986/1561 1710/2981/1561
f 1701/2987/1634 1693/2916/1579 1694/2961/1619
f 1714/2890/1559 1718/2944/1603 1713/2988/1635
f 1980/2989/1636 1881/2990/1637 1705/2991/1638
f 1692/2921/1584 1698/2992/1639 1691/2926/1589
f 2050/2993/1640 2005/2994/1641 2012/2995/1642
f 1760/2996/1643 1878/2997/1644 1879/2998/1645
f 1831/2971/1629 1689/2914/1577 1830/2999/1646
f 1706/2888/1557 1698/2992/1639 1699/3000/1647
f 1782/3001/1573 1879/2998/1645 1875/3002/1648
f 1863/3003/1649 1725/2930/1591 1720/3004/1649
f 1980/3005/1650 1995/3006/1651 1881/3007/1652
f 1705/2991/1638 1697/3008/1653 1698/2992/1639
f 1856/3009/1654 1715/3010/1655 1710/3011/1654
f 1703/3012/1656 1856/3009/1654 1710/3011/1654
f 1874/3013/1613 1789/3014/1657 1877/3015/1614
f 1878/3016/1644 1875/3017/1648 1879/3018/1645
f 1877/2956/1614 1876/3019/1623 1871/3020/1623
f 1697/3008/1653 2112/3021/1658 2117/3022/1659
f 1840/3023/1615 1797/3024/1660 1786/3025/1661
f 1711/3026/1662 2105/3027/1663 1704/3028/1664
f 1862/3029/1655 1720/3004/1649 1715/3010/1655
f 1779/3030/1561 1838/2892/1561 1756/2894/1561
f 1707/2964/1622 1699/3000/1647 1700/2973/1630
f 1679/3031/1665 2116/3032/1666 2183/3033/1666
f 2009/3034/1667 1966/3035/1668 1970/2924/1587
f 1696/3036/1561 1830/2939/1561 1690/2941/1561
f 1737/2950/1609 1729/2934/1596 1730/3037/1669
f 1708/3038/1670 1700/2973/1630 1701/2987/1634
f 1872/3039/1608 1760/2996/1643 1737/3040/1609
f 1846/3041/1671 1677/2860/1533 1801/3042/1672
f 1869/3043/1673 1803/3044/1674 1798/3045/1673
f 1803/3044/1674 1777/3046/1675 1678/3047/1675
f 1840/3048/1561 1779/3030/1561 1787/3049/1561
f 1878/2997/1644 1760/2996/1643 1872/3039/1608
f 1722/2877/1548 1716/2900/1566 1717/3050/1676
f 1713/2988/1635 1993/3051/1677 1992/3052/1677
f 1868/2908/1572 1798/3045/1673 1787/2909/1572
f 1866/3053/1678 1779/2907/1571 1756/3054/1678
f 1755/2948/1607 1730/3037/1669 1731/2883/1553
f 2092/3055/1679 2029/2867/1538 2030/2936/1598
f 1789/3014/1657 1874/3013/1613 1873/3056/1680
f 1788/3057/1536 1875/3002/1648 1873/3058/1680
f 1789/3014/1657 1876/3059/1623 1877/3015/1614
f 1717/3050/1676 1711/3026/1662 1712/2977/1631
f 1709/3060/1681 1701/2987/1634 1702/2960/1618
f 1737/3040/1609 1879/2998/1645 1759/3061/1575
f 1832/2970/1628 1709/3060/1681 1702/2960/1618
f 1647/3062/1682 1772/3063/1683 1771/3064/1682
f 1595/3065/1561 1739/2984/1561 1738/3066/1561
f 1595/3065/1561 1740/3067/1561 1599/3068/1561
f 1599/3068/1561 1741/3069/1561 1605/3070/1561
f 1605/3070/1561 1742/3071/1561 1611/3072/1561
f 1611/3072/1561 1743/3073/1561 1618/3074/1561
f 1618/3074/1561 1744/3075/1561 1625/3076/1561
f 1630/3077/1561 1744/3075/1561 1745/3078/1561
f 1630/3077/1561 1746/3079/1561 1635/3080/1561
f 1640/3081/1561 1746/3079/1561 1747/3082/1561
f 1640/3081/1561 1748/3083/1561 1647/3084/1561
f 1647/3084/1561 1749/3085/1561 1654/3086/1561
f 1654/3086/1561 1750/3087/1561 1660/3088/1561
f 1660/3088/1561 1751/3089/1561 1666/3090/1561
f 1666/3090/1561 1752/3091/1561 1670/3092/1561
f 1670/3092/1561 1753/3093/1561 1674/3094/1561
f 1674/3094/1561 1754/3095/1561 1678/3096/1561
f 2003/3097/1684 1880/3098/1685 1961/2868/1539
f 1780/2872/1543 2110/2871/1542 2108/2904/1570
f 1834/2891/1560 1709/3060/1681 1833/3099/1686
f 1762/3100/1687 1680/2953/1610 1593/3101/1687
f 1845/3102/1561 1787/3049/1561 1798/3103/1561
f 1726/3104/1688 2107/3105/1689 2097/3106/1690
f 1714/2890/1559 1708/3038/1670 1709/3060/1681
f 1704/3028/1664 2118/3107/1691 1697/3008/1653
f 1712/2977/1631 1704/3028/1664 1705/2991/1638
f 1723/2884/1554 1975/3108/1692 1974/3109/1692
f 1969/3110/1693 2007/3111/1694 1968/2876/1547
f 1721/3112/1695 2097/3106/1690 2111/2901/1567
f 1660/3113/1696 1772/3063/1683 1654/3114/1683
f 1690/3115/1697 1850/3116/1698 1696/3117/1698
f 1666/3118/1699 1773/3119/1696 1660/3113/1696
f 1670/3120/1700 1774/3121/1699 1666/3118/1699
f 1593/3101/1687 1761/3122/1701 1762/3100/1687
f 1733/2882/1552 2096/2881/1551 2107/3105/1689
f 1674/3123/1702 1775/3124/1700 1670/3120/1700
f 1595/3125/1701 1763/3126/1703 1761/3122/1701
f 1674/3123/1702 1777/3046/1675 1776/3127/1702
f 1605/3128/1704 1763/3126/1703 1599/3129/1703
f 1727/3130/1705 1733/2882/1552 1726/3104/1688
f 1846/3131/1561 1798/3103/1561 1803/3132/1561
f 1605/3128/1704 1765/3133/1706 1764/3134/1704
f 1729/2934/1596 1962/3135/1707 1960/3136/1708
f 1618/3137/1709 1765/3133/1706 1611/3138/1706
f 2017/3139/1710 1959/3140/1711 1978/2967/1625
f 1846/3141/1671 1797/3024/1660 1845/3142/1712
f 1618/3137/1709 1767/3143/1713 1766/3144/1709
f 1850/3116/1698 1703/3012/1656 1696/3117/1698
f 1630/3145/1714 1767/3143/1713 1625/3146/1713
f 1801/3042/1672 1676/2858/1532 1800/2972/1612
f 1635/3147/1715 1768/3148/1714 1630/3145/1714
f 1716/2900/1566 2113/3149/1716 1711/3026/1662
f 1640/3150/1717 1769/3151/1715 1635/3147/1715
f 1722/2877/1548 1726/3104/1688 1721/3112/1695
f 1647/3062/1682 1770/3152/1717 1640/3150/1717
f 1835/2889/1558 1724/2885/1555 1719/2945/1604
f 1672/2859/1528 1667/3153/1718 1671/2857/1531
f 1657/2823/1500 1652/2821/1498 1651/2820/1497
f 1785/3154/1503 1652/2824/1498 1658/2826/1502
f 1785/3154/1503 1658/2826/1502 1795/2838/1514
f 1876/3059/1623 1783/3155/1719 1878/3016/1644
f 1838/2969/1627 1731/2883/1553 1837/3156/1720
f 1759/2912/1575 1736/2932/1594 1737/2950/1609
f 1735/2982/1633 1727/3130/1705 1728/2933/1595
f 1777/3157/1561 1768/3158/1561 1772/3159/1561
f 1795/3160/1514 1792/3161/1721 1664/2842/1518
f 1796/2825/1501 1663/3162/1513 1792/3163/1721
f 1792/3163/1721 1667/3164/1718 1790/3165/1519
f 1791/2853/1527 1794/3166/1521 1668/2844/1520
f 1793/3167/1515 1668/2844/1520 1794/3166/1521
f 1793/3167/1515 1795/3160/1514 1664/2842/1518
f 1790/3165/1519 1672/2854/1528 1791/3168/1527
f 2106/3169/1722 2099/3170/1723 1781/2870/1541
f 1758/2911/1574 1734/3171/1724 1735/2982/1633
f 1758/2911/1574 1780/2872/1543 1757/2903/1569
f 1783/3155/1719 1873/3056/1680 1875/3017/1648
f 1725/2906/1561 1835/2974/1561 1720/2976/1561
f 1814/3172/1725 1815/3173/1726 1627/2766/1446
f 1637/2791/1469 1817/3174/1727 1818/3175/1727
f 1802/3176/1728 1890/3177/1729 1807/2776/1455
f 1642/2813/1490 1643/2819/1496 1825/3178/1730
f 1810/3179/1731 1893/2803/1480 1813/3180/1732
f 1703/2986/1561 1831/3181/1561 1696/3036/1561
f 1732/2929/1592 1866/3053/1678 1756/3054/1678
f 1676/2858/1532 1799/2866/1537 1800/2972/1612
f 1829/3182/1561 1680/2983/1561 1684/2940/1561
f 1806/3183/1733 1903/3184/1734 1889/3185/1735
f 1823/3186/1736 1902/3187/1737 1903/3184/1734
f 1684/2952/1611 1849/3188/1697 1690/3115/1697
f 1850/3189/1561 1848/3190/1561 1869/3191/1561
f 1843/3192/1738 1643/2819/1496 1842/3193/1738
f 1754/3095/1561 1803/3132/1561 1678/3096/1561
f 2004/3194/1739 2082/3195/1740 2020/3196/1741
f 1851/3197/1742 1915/3198/1743 1912/3199/1744
f 2094/3200/1745 2031/2937/1599 2032/3201/1746
f 1822/3202/1747 1901/3203/1748 1902/3187/1737
f 1899/3204/1749 1938/3205/1750 1900/3206/1751
f 1887/3207/1752 1946/3208/1753 1908/3209/1754
f 1918/3210/1755 1957/3211/1756 1919/3212/1757
f 1892/3213/1758 1937/3214/1759 1899/3204/1749
f 1891/3215/1760 1945/3216/1761 1929/3217/1762
f 1917/3218/1763 1956/3219/1764 1918/3210/1755
f 1884/3220/1765 1936/3221/1766 1922/3222/1767
f 1907/3223/1768 1944/3224/1769 1945/3216/1761
f 1916/2777/1456 1955/3225/1770 1917/3218/1763
f 1897/3226/1771 1936/3221/1766 1898/3227/1772
f 1906/2797/1773 1921/3228/1774 1944/3224/1769
f 1890/3177/1729 1954/3229/1775 1916/2777/1456
f 1828/3230/1776 1906/2797/1475 1907/3223/1768
f 1825/2794/1472 1885/3231/1777 1812/3232/1778
f 1857/2778/1457 1917/3218/1763 1858/3233/1779
f 1804/3234/1780 1895/2775/1454 1882/2796/1474
f 1809/3235/1781 1907/3223/1768 1891/3215/1760
f 1808/3236/1782 1889/3185/1735 1887/3207/1752
f 1858/3233/1779 1918/3210/1755 1859/3237/1783
f 1812/3232/1778 1896/3238/1784 1816/3239/1785
f 1859/3237/1783 1919/3212/1757 1860/3240/1786
f 1816/3239/1785 1897/3226/1787 1817/3241/1788
f 1808/3236/1782 1908/3209/1754 1841/3242/1789
f 1861/3243/1790 1919/3212/1757 1920/3244/1791
f 1817/3241/1788 1898/3227/1792 1818/3245/1793
f 1841/3242/1789 1909/3246/1794 1842/3247/1795
f 1811/3248/1796 1920/3244/1791 1892/3213/1758
f 1810/3179/1731 1898/3227/1792 1884/3220/1797
f 1852/3249/1798 1912/3199/1744 1913/3250/1799
f 1842/3247/1795 1910/3251/1800 1843/3252/1801
f 1811/3248/1796 1899/3204/1749 1819/3253/1802
f 1802/3176/1728 1913/3250/1799 1888/3254/1803
f 1843/3252/1801 1911/3255/1804 1844/3256/1805
f 1819/3253/1802 1900/3206/1751 1820/3257/1806
f 1853/3258/1807 1891/3215/1760 1914/3259/1808
f 1844/3256/1805 1886/3260/1809 1805/2804/1481
f 1821/3261/1810 1900/3206/1751 1901/3203/1748
f 1854/3262/1811 1914/3259/1808 1915/3198/1743
f 1942/3263/1812 1924/3264/1813 1883/3265/1814
f 1951/3266/1815 1950/3267/1816 1883/3265/1814
f 1931/3268/1817 1922/3222/1767 1883/3265/1814
f 1927/3269/1818 1941/3270/1819 1883/3265/1814
f 1924/3264/1813 1949/3271/1820 1883/3265/1814
f 1941/3270/1819 1940/3272/1821 1883/3265/1814
f 1949/3271/1820 1948/3273/1822 1883/3265/1814
f 1940/3272/1821 1939/3274/1823 1883/3265/1814
f 1948/3273/1822 1947/3275/1824 1883/3265/1814
f 1930/3276/1825 1958/3277/1826 1883/3265/1814
f 1939/3274/1823 1938/3205/1827 1883/3265/1814
f 1947/3275/1824 1946/3208/1753 1883/3265/1814
f 1920/3244/1791 1957/3211/1756 1958/3277/1828
f 1908/3209/1754 1947/3275/1824 1909/3246/1794
f 1901/3203/1748 1938/3205/1750 1939/3274/1829
f 1892/3213/1758 1958/3277/1828 1930/3276/1830
f 1910/3251/1800 1947/3275/1824 1948/3273/1822
f 1902/3187/1737 1939/3274/1829 1940/3272/1831
f 1911/3255/1804 1948/3273/1822 1949/3271/1820
f 1903/3184/1734 1940/3272/1831 1941/3270/1819
f 1886/3260/1809 1949/3271/1820 1924/3264/1813
f 1889/3185/1735 1941/3270/1819 1927/3269/1818
f 1884/3220/1765 1931/3268/1817 1893/2803/1832
f 1913/3250/1799 1950/3267/1816 1951/3266/1815
f 1886/3260/1809 1942/3263/1812 1904/2805/1482
f 1894/2774/1833 1931/3268/1817 1932/3278/1834
f 1888/3254/1803 1951/3266/1815 1926/3279/1835
f 1904/2805/1482 1943/3280/1836 1905/2793/1837
f 1895/2775/1838 1932/3278/1834 1933/3281/1839
f 1891/3215/1760 1952/3282/1840 1914/3259/1808
f 1905/2793/1837 1923/3283/1841 1885/3231/1842
f 1882/2796/1843 1933/3281/1839 1921/3228/1774
f 1914/3259/1808 1953/3284/1844 1915/3198/1743
f 1887/3207/1752 1927/3269/1818 1925/3285/1845
f 1885/3231/1842 1934/3286/1846 1896/3238/1847
f 1915/3198/1743 1950/3267/1816 1912/3199/1744
f 1888/3254/1803 1928/3287/1848 1890/3177/1729
f 1896/3238/1847 1935/3288/1849 1897/3226/1771
f 1932/3278/1834 1931/3268/1817 1883/3265/1814
f 1926/3279/1835 1951/3266/1815 1883/3265/1814
f 1943/3280/1836 1942/3263/1812 1883/3265/1814
f 1933/3281/1839 1932/3278/1834 1883/3265/1814
f 1952/3282/1840 1929/3217/1762 1883/3265/1814
f 1923/3283/1841 1943/3280/1836 1883/3265/1814
f 1921/3228/1774 1933/3281/1839 1883/3265/1814
f 1953/3284/1844 1952/3282/1840 1883/3265/1814
f 1925/3285/1845 1927/3269/1818 1883/3265/1814
f 1934/3286/1846 1923/3283/1841 1883/3265/1814
f 1950/3267/1816 1953/3284/1844 1883/3265/1814
f 1928/3287/1848 1926/3279/1835 1883/3265/1814
f 1935/3288/1849 1934/3286/1846 1883/3265/1814
f 1954/3229/1775 1928/3287/1848 1883/3265/1814
f 1944/3224/1769 1921/3228/1774 1883/3265/1814
f 1936/3221/1766 1935/3288/1849 1883/3265/1814
f 1955/3225/1850 1954/3229/1775 1883/3265/1814
f 1945/3216/1761 1944/3224/1769 1883/3265/1814
f 1922/3222/1767 1936/3221/1766 1883/3265/1814
f 1956/3219/1851 1955/3225/1850 1883/3265/1814
f 1929/3217/1762 1945/3216/1761 1883/3265/1814
f 1937/3214/1852 1930/3276/1825 1883/3265/1814
f 1957/3211/1853 1956/3219/1851 1883/3265/1814
f 1946/3208/1753 1925/3285/1845 1883/3265/1814
f 1938/3205/1827 1937/3214/1852 1883/3265/1814
f 1958/3277/1826 1957/3211/1853 1883/3265/1814
f 2033/3289/1854 2094/3200/1745 2032/3201/1746
f 2047/3290/1855 1998/3291/1856 2009/3034/1857
f 2094/3200/1858 1996/3292/1859 2093/2935/1860
f 2076/3293/1861 1996/3292/1859 2058/3294/1862
f 1995/3006/1863 2046/3295/1864 2008/3296/1865
f 2042/3297/1866 1996/3292/1859 2082/3195/1740
f 2077/3298/1867 1996/3292/1859 2076/3293/1861
f 2090/3299/1868 2027/3300/1869 2028/3301/1870
f 2035/3302/1871 1996/3292/1859 2049/2919/1582
f 2085/3303/1872 1996/3292/1859 2084/3304/1873
f 2008/3296/1865 2045/3305/1874 2007/3111/1875
f 2092/3055/1876 1996/3292/1859 2091/3306/1877
f 2019/3307/1878 2034/3308/1879 1995/3006/1863
f 2020/3196/1741 2081/3309/1880 2019/3307/1878
f 2021/3310/1881 1962/3311/1882 1982/3312/1883
f 1979/3313/1884 1978/3314/1884 1728/2933/1595
f 2049/2919/1582 2010/2923/1885 2011/2920/1583
f 1800/2954/1612 1873/3058/1680 1874/2955/1613
f 1994/3315/1886 2032/3201/1746 1993/3316/1887
f 1960/3317/1888 2016/3318/1889 1977/3319/1890
f 2011/2920/1891 1971/2925/1588 1972/3320/1892
f 1977/3319/1890 2015/3321/1893 1976/3322/1894
f 2091/3306/1877 2003/3097/1684 2029/2867/1538
f 1965/3323/1895 2033/3289/1854 1994/3315/1886
f 1986/3324/1896 2028/3301/1870 1989/3325/1897
f 1981/3326/1898 2019/3307/1899 1980/3005/1650
f 2022/3327/1900 1982/3312/1883 1983/3328/1901
f 1728/2933/1595 1984/3329/1902 1983/3330/1902
f 1962/3311/1882 2002/3331/1903 1960/3317/1888
f 1998/3291/1904 1979/2968/1626 1966/3035/1668
f 1976/3322/1894 2014/3332/1905 1975/3333/1906
f 1963/3334/1907 2020/3196/1741 1981/3326/1898
f 1881/3007/1652 2008/3296/1908 1969/3110/1693
f 2058/3294/1909 2012/2995/1642 2013/3335/1910
f 2031/2937/1599 1991/3336/1911 1992/3337/1912
f 2030/2936/1598 1990/2869/1540 1991/3336/1911
f 2083/3338/1913 2000/3339/1914 2021/3310/1881
f 2032/3201/1746 1992/3337/1912 1993/3316/1887
f 2002/3331/1903 2078/3340/1915 2016/3318/1889
f 2090/3299/1868 1996/3292/1859 2089/3341/1916
f 1880/3098/1685 2026/3342/1917 1987/3343/1918
f 2015/3321/1893 2076/3293/1919 2014/3332/1905
f 2039/3344/1920 1996/3292/1859 2088/3345/1921
f 2016/3318/1889 2077/3298/1922 2015/3321/1893
f 2046/3295/1864 1996/3292/1859 2045/3305/1874
f 2005/2994/1641 2095/3346/1923 2033/3289/1854
f 2048/3347/1924 2009/3034/1857 2010/2923/1885
f 2083/3338/1913 1996/3292/1859 2038/3348/1925
f 2084/3304/1873 2021/3310/1881 2022/3327/1900
f 2087/3349/1926 2028/3301/1870 2025/3350/1927
f 2095/3346/1928 1996/3292/1859 2094/3200/1858
f 2041/3351/1929 2001/3352/1930 2003/3097/1684
f 2014/3332/1905 2058/3294/1909 2013/3335/1910
f 2058/3294/1862 1996/3292/1859 2050/2993/1931
f 2045/3305/1874 1996/3292/1859 2044/3353/1932
f 2023/3354/1933 2084/3304/1873 2022/3327/1900
f 2089/3341/1916 1996/3292/1859 2042/3297/1866
f 1999/3355/1934 2086/3356/1935 2024/3357/1936
f 2080/3358/1937 1996/3292/1859 2079/3359/1938
f 2024/3357/1936 2085/3303/1872 2023/3354/1933
f 2024/3357/1936 1984/3360/1939 1985/3361/1940
f 2038/3348/1925 1996/3292/1859 2040/3362/1941
f 2044/3353/1932 1997/2918/1581 2006/2873/1942
f 2013/3335/1910 1973/3363/1943 1974/3364/1944
f 2036/3365/1945 1996/3292/1859 2080/3358/1937
f 2007/3111/1875 2044/3353/1932 2006/2873/1942
f 1989/3325/1897 2027/3300/1869 1988/3366/1946
f 2047/3290/1855 1996/3292/1859 2036/3365/1945
f 2026/3342/1917 2087/3349/1926 2025/3350/1927
f 1999/3355/1934 1985/3361/1940 1959/3140/1711
f 2091/3306/1877 1996/3292/1859 2041/3351/1929
f 1964/2874/1545 2011/2920/1891 1972/3320/1892
f 2088/3345/1921 1996/3292/1859 2087/3349/1926
f 2041/3351/1929 1996/3292/1859 2039/3344/1920
f 2012/2995/1642 1965/3323/1895 1973/3363/1943
f 2037/3367/1947 1996/3292/1859 2086/3356/1935
f 1988/3366/1946 2004/3194/1739 1963/3334/1907
f 2034/3308/1879 1996/3292/1859 2046/3295/1864
f 2001/3352/1930 2088/3345/1921 2026/3342/1917
f 2079/3359/1938 1996/3292/1859 2037/3367/1947
f 2087/3349/1926 1996/3292/1859 2090/3299/1868
f 2079/3359/1938 1999/3355/1934 2017/3139/1710
f 1975/3333/1906 2013/3335/1910 1974/3364/1944
f 2081/3309/1880 1996/3292/1859 2034/3308/1879
f 1987/3343/1918 2025/3350/1927 1986/3324/1896
f 2044/3353/1932 1996/3292/1859 2035/3302/1871
f 2048/3347/1924 1996/3292/1859 2047/3290/1855
f 2023/3354/1933 1983/3328/1901 1984/3360/1939
f 2040/3362/1941 1996/3292/1859 2078/3340/1915
f 2049/2919/1582 1996/3292/1859 2048/3347/1924
f 2080/3358/1937 2017/3139/1710 2018/2966/1948
f 2086/3356/1935 1996/3292/1859 2085/3303/1872
f 2082/3195/1740 1996/3292/1859 2081/3309/1880
f 2036/3365/1945 2018/2966/1948 1998/3291/1856
f 2078/3340/1915 1996/3292/1859 2077/3298/1867
f 2093/2935/1860 1996/3292/1859 2092/3055/1876
f 2089/3341/1916 2004/3194/1739 2027/3300/1869
f 2043/3368/1949 1996/3292/1859 2095/3346/1928
f 2050/2993/1931 1996/3292/1859 2043/3368/1949
f 2000/3339/1914 2040/3362/1941 2002/3331/1903
f 2084/3304/1873 1996/3292/1859 2083/3338/1913
f 2072/3369/1950 1667/3153/1718 2062/2852/1526
f 2065/3370/1951 1597/2732/1412 2071/3371/1952
f 2069/3372/1953 1671/2857/1531 2072/3369/1950
f 2068/3373/1954 2075/2760/1440 1612/2749/1429
f 2057/3374/1955 1601/2736/1416 2060/3375/1956
f 2112/3376/1649 2118/3377/1649 2234/3378/1649
f 2065/3370/1951 2055/2735/1415 1596/2730/1410
f 2071/3371/1952 1598/2728/1408 2073/2727/1407
f 2057/3374/1955 2056/2738/1418 1600/2740/1420
f 1682/2942/1601 2109/3379/1957 2114/3380/1958
f 1799/2866/1537 2069/3372/1953 2115/2864/1535
f 2112/3021/1658 1697/3008/1653 2118/3107/1691
f 1686/2897/1563 2102/3381/1959 2104/2898/1564
f 2069/3382/1960 2072/3383/1961 2226/3384/1962
f 2109/3379/1957 1681/2946/1605 2100/2899/1565
f 2114/3380/1958 1683/2915/1578 1682/2942/1601
f 2102/3381/1959 1685/2922/1585 2101/2927/1590
f 2121/3385/1963 2127/3386/1964 2128/3387/1965
f 2121/3385/1963 2129/3388/1966 2122/3389/1967
f 2122/3389/1967 2130/3390/1968 2123/3391/1969
f 2123/3391/1969 2131/3392/1970 2124/3393/1971
f 2219/3394/1972 2165/3395/1973 2226/3396/1974
f 2119/3397/1975 2196/3398/1976 2126/3399/1977
f 2119/3397/1975 2127/3386/1964 2120/3400/1978
f 2126/3399/1977 2134/3401/1979 2127/3386/1964
f 2128/3387/1965 2134/3401/1979 2135/3402/1980
f 2128/3387/1965 2136/3403/1981 2129/3388/1966
f 2129/3388/1966 2136/3403/1981 2215/3404/1982
f 2130/3390/1968 2138/3405/1983 2131/3392/1970
f 2124/3393/1984 2132/3406/1985 2125/3407/1984
f 2126/3399/1977 2196/3398/1976 2133/3408/1986
f 2133/3408/1986 2196/3398/1976 2140/3409/1987
f 2134/3401/1979 2140/3409/1987 2141/3410/1988
f 2134/3401/1979 2141/3410/1988 2216/3411/1989
f 2135/3402/1980 2143/3412/1990 2136/3403/1981
f 2140/3409/1987 2196/3398/1976 2144/3413/1991
f 2140/3409/1987 2145/3414/1992 2141/3410/1988
f 2144/3413/1991 2196/3398/1976 2146/3415/1993
f 2144/3413/1991 2146/3415/1993 2228/3416/1994
f 2146/3415/1993 2196/3398/1976 2148/3417/1995
f 2148/3417/1995 2196/3398/1976 2149/3418/1996
f 2149/3418/1996 2196/3398/1976 2150/3419/1997
f 2150/3419/1997 2196/3398/1976 2151/3420/1998
f 2151/3420/1998 2196/3398/1976 2152/3421/1999
f 2152/3421/1999 2196/3398/1976 2153/3422/2000
f 2153/3422/2000 2196/3398/1976 2154/3423/2001
f 2154/3423/2001 2157/3424/2002 2155/3425/2003
f 2154/3423/2001 2196/3398/1976 2156/3426/2004
f 2156/3426/2004 2196/3398/1976 2158/3427/2005
f 2156/3426/2004 2159/3428/2006 2157/3424/2002
f 2158/3427/2005 2163/3429/2007 2159/3428/2006
f 2159/3428/2006 2164/3430/2008 2160/3431/2009
f 2160/3431/2009 2165/3395/1973 2161/3432/2010
f 2169/3433/2011 2226/3396/1974 2165/3395/1973
f 2158/3427/2005 2196/3398/1976 2162/3434/2012
f 2162/3434/2012 2196/3398/1976 2166/3435/2013
f 2162/3434/2012 2167/3436/2014 2163/3429/2007
f 2164/3430/2008 2167/3436/2014 2168/3437/2015
f 2164/3430/2008 2169/3433/2011 2165/3395/1973
f 2170/3438/2016 2122/3389/1967 2123/3391/1969
f 2237/3439/2017 2180/3440/2018 2191/3441/2019
f 2119/3397/1975 2207/3442/2020 2196/3398/1976
f 2177/3443/2021 2120/3400/1978 2121/3385/1963
f 2124/3393/1984 2184/3444/2022 2171/3445/2023
f 2174/3446/2024 2207/3442/2020 2208/3447/2025
f 2177/3443/2021 2174/3446/2024 2208/3447/2025
f 2186/3448/2026 2177/3443/2021 2194/3449/2027
f 2233/3450/2028 2186/3448/2026 2194/3449/2027
f 2209/3451/2029 2170/3438/2016 2171/3445/2030
f 2194/3449/2027 2121/3385/1963 2122/3389/1967
f 2167/3436/2014 2188/3452/2031 2193/3453/2032
f 2171/3445/2030 2123/3391/1969 2124/3393/1971
f 2208/3447/2025 2119/3397/1975 2120/3400/1978
f 2207/3442/2020 2176/3454/2033 2196/3398/1976
f 2176/3454/2033 2200/3455/2034 2196/3398/1976
f 2174/3446/2024 2200/3455/2034 2176/3454/2033
f 2185/3456/2035 2175/3457/2036 2186/3448/2026
f 2199/3458/2037 2190/3459/2038 2196/3398/1976
f 2189/3460/2039 2192/3461/2040 2196/3398/1976
f 2205/3462/2041 2200/3455/2034 2178/3463/2042
f 2234/3464/2043 2178/3463/2042 2174/3446/2024
f 2180/3440/2018 2198/3465/2044 2191/3441/2019
f 2201/3466/2045 2197/3467/2046 2196/3398/1976
f 2179/3468/2047 2182/3469/2048 2198/3465/2044
f 2200/3455/2034 2199/3458/2037 2196/3398/1976
f 2173/3470/2049 2172/3471/2050 2196/3398/1976
f 2204/3472/2051 2201/3466/2045 2196/3398/1976
f 2245/3473/2052 2190/3459/2038 2199/3458/2037
f 2202/3474/2053 2181/3475/2054 2196/3398/1976
f 2188/3452/2031 2166/3435/2013 2196/3398/1976
f 2181/3475/2054 2188/3452/2031 2196/3398/1976
f 2172/3471/2050 2202/3474/2053 2196/3398/1976
f 2190/3459/2038 2189/3460/2039 2196/3398/1976
f 2192/3461/2040 2204/3472/2051 2196/3398/1976
f 2179/3468/2047 2167/3436/2014 2193/3453/2032
f 2193/3453/2032 2181/3475/2054 2182/3469/2048
f 2197/3467/2046 2173/3470/2049 2196/3398/1976
f 2243/3476/2055 2169/3433/2011 2180/3440/2018
f 2182/3469/2048 2202/3474/2053 2203/3477/2056
f 2203/3477/2056 2172/3471/2050 2195/3478/2057
f 2169/3433/2011 2179/3468/2047 2180/3440/2018
f 2183/3479/2058 2171/3445/2023 2184/3444/2022
f 2131/3392/2059 2139/3480/2060 2132/3406/1985
f 2212/3481/2061 2153/3422/2000 2220/3482/2062
f 2223/3483/2063 2152/3421/1999 2212/3481/2061
f 2225/3484/2064 2148/3417/1995 2149/3418/1996
f 2213/3485/2065 2211/3486/2066 2155/3425/2003
f 2227/3487/2067 2141/3410/1988 2145/3414/1992
f 2218/3488/2068 2146/3415/1993 2148/3417/1995
f 2221/3489/2069 2159/3428/2006 2160/3431/2009
f 2147/3490/2070 2227/3487/2067 2145/3414/1992
f 2197/3467/2046 2241/3491/2071 2230/3492/2072
f 2214/3493/2073 2160/3431/2009 2161/3432/2010
f 2173/3470/2049 2230/3492/2072 2238/3494/2074
f 2220/3482/2062 2154/3423/2001 2155/3425/2003
f 2143/3412/1990 2215/3404/1982 2136/3403/1981
f 2217/3495/2075 2149/3418/1996 2150/3419/1997
f 2213/3485/2065 2157/3424/2002 2221/3489/2069
f 2217/3495/2075 2151/3420/1998 2223/3483/2063
f 2219/3394/1972 2214/3493/2073 2161/3432/2010
f 2242/3496/2076 2189/3460/2039 2236/3497/2077
f 2231/3498/2078 2195/3478/2057 2229/3499/2079
f 2244/3500/2080 2178/3463/2042 2234/3464/2043
f 2236/3497/2077 2190/3459/2038 2245/3473/2052
f 2182/3469/2048 2203/3477/2056 2239/3501/2081
f 2210/3502/2082 2205/3462/2041 2244/3500/2080
f 2232/3503/2083 2198/3465/2044 2240/3504/2084
f 2172/3471/2050 2173/3470/2049 2238/3494/2074
f 2185/3456/2035 2186/3448/2026 2233/3450/2028
f 2235/3505/1568 2192/3461/2040 2242/3496/2076
f 2203/3477/2056 2231/3498/2078 2239/3501/2081
f 2201/3466/2045 2235/3505/1568 2241/3491/2071
f 2237/3439/2017 2191/3441/2019 2232/3503/2083
f 2061/3506/1715 2075/3507/1715 2227/3508/1715
f 1739/2724/1405 1592/2896/1405 1594/2725/1406
f 1740/2729/1409 1738/2726/1406 2073/2727/1407
f 1738/2726/1406 1594/2725/1406 2073/2727/1407
f 1596/2730/1410 1602/2737/1417 1603/2731/1411
f 1597/2732/1412 1603/2731/1411 1604/2733/1413
f 1740/2729/1409 1598/2728/1408 1604/2733/1413
f 1602/2737/1417 1596/2730/1410 2055/2735/1415
f 2055/2735/1415 2060/3375/1956 1601/2736/1416
f 2056/2738/1418 2074/2748/1428 1606/2739/1419
f 1600/2740/1420 1606/2739/1419 1607/2741/1421
f 1601/2736/1416 1607/2741/1421 1608/2742/1422
f 1603/2731/1411 1602/2737/1417 1608/2742/1422
f 1603/2731/1411 1609/2743/1423 1610/2744/1424
f 1741/2734/1414 1604/2733/1413 1610/2744/1424
f 1609/2743/1423 1616/2753/1433 1617/2746/1426
f 1610/2744/1424 1617/2746/1426 1743/2747/1427
f 1613/2750/1430 1606/2739/1419 2074/2748/1428
f 2074/2748/1428 2068/3373/1954 1612/2749/1429
f 1607/2741/1421 1606/2739/1419 1613/2750/1430
f 1607/2741/1421 1614/2751/1431 1615/2752/1432
f 1608/2742/1422 1615/2752/1432 1616/2753/1433
f 1612/2749/1429 1619/2761/1441 1620/2754/1434
f 1613/2750/1430 1620/2754/1434 1621/2755/1435
f 1614/2751/1431 1621/2755/1435 1622/2756/1436
f 1615/2752/1432 1622/2756/1436 1623/2757/1437
f 1616/2753/1433 1623/2757/1437 1624/2758/1438
f 1743/2747/1427 1617/2746/1426 1624/2758/1438
f 2075/2760/1440 2061/2764/1444 1619/2761/1441
f 1623/2757/1437 1628/2779/1458 1629/2762/1442
f 1624/2758/1438 1629/2762/1442 1745/2763/1443
f 2061/2764/1444 2070/2784/1462 1626/2765/1445
f 1619/2761/1441 1626/2765/1445 1627/2766/1446
f 1809/3509/2085 1621/2755/1435 1828/3510/1448
f 1621/2755/1435 1620/2754/1434 1827/2768/1448
f 1828/3510/1448 1621/2755/1435 1827/2768/1448
f 1620/2754/1434 1627/2766/1446 1804/2767/1447
f 1802/2771/1450 1622/2756/1436 1852/3511/1449
f 1622/2756/1436 1621/2755/1435 1851/2770/1449
f 1852/3511/1449 1622/2756/1436 1851/2770/1449
f 1621/2755/1435 1809/3509/2085 1853/3512/1449
f 1621/2755/1435 1853/3512/1449 1854/2769/1449
f 1628/2779/1458 1623/2757/1437 1807/2772/1451
f 1623/2757/1437 1622/2756/1436 1807/2772/1451
f 1815/2773/1452 1814/2802/1479 1894/2774/1453
f 1807/2776/1455 1890/3177/1729 1916/2777/1456
f 1628/2779/1458 1807/2772/1451 1857/3513/1459
f 1628/2779/1458 1857/3513/1459 1858/3514/1459
f 1811/3515/2086 1633/2801/1478 1861/3516/2087
f 1633/2801/1478 1628/2779/1458 1860/2781/1459
f 1861/3516/2087 1633/2801/1478 1860/2781/1459
f 1628/2779/1458 1858/3514/1459 1859/2780/1459
f 1628/2779/1458 1633/2801/1478 1634/2782/1460
f 1629/2762/1442 1634/2782/1460 1746/2783/1461
f 2070/2784/1462 2059/3517/2075 1631/2785/1463
f 1626/2765/1445 1631/2785/1463 1632/2786/1464
f 1746/2783/1461 1634/2782/1460 1639/2787/1465
f 1631/2785/1463 2059/3517/2075 2067/2789/1467
f 1631/2785/1463 1636/2790/1468 1637/2791/1469
f 1824/2792/1470 1904/2805/1482 1905/2793/1471
f 1827/2795/1473 1804/3234/1780 1882/2796/1474
f 1638/2800/1477 1633/2801/1478 1820/2798/1476
f 1633/2801/1478 1811/3515/2086 1819/3518/1476
f 1633/2801/1478 1819/3518/1476 1820/2798/1476
f 1823/3519/1476 1806/2806/1483 1638/2800/1477
f 1822/3520/2088 1823/3519/1476 1638/2800/1477
f 1821/2799/1476 1822/3520/2088 1638/2800/1477
f 1633/2801/1478 1638/2800/1477 1639/2787/1465
f 1814/2802/1479 1813/3180/1732 1893/2803/1480
f 1805/2804/1481 1886/3260/1809 1904/2805/1482
f 1645/2808/1485 1638/2800/1477 1806/2806/1483
f 1806/2806/1483 1808/3521/2089 1644/2807/1484
f 1638/2800/1477 1645/2808/1485 1646/2809/1486
f 1747/2788/1466 1639/2787/1465 1646/2809/1486
f 1636/2790/1468 2067/2789/1467 2052/2811/1488
f 1637/2791/1469 1636/2790/1468 1641/2812/1489
f 1646/2809/1486 1653/2822/1499 1749/2814/1491
f 1641/2812/1489 2052/2811/1488 2063/2815/1492
f 1641/2812/1489 1648/2816/1493 1649/2817/1494
f 1642/2813/1490 1649/2817/1494 1650/2818/1495
f 1643/2819/1496 1650/2818/1495 1651/2820/1497
f 1644/2807/1484 1651/2820/1497 1652/2821/1498
f 1646/2809/1486 1645/2808/1485 1652/2821/1498
f 1650/2818/1495 1656/2832/1508 1657/2823/1500
f 1652/2824/1498 1657/3522/1500 1796/2825/1501
f 1653/2822/1499 1652/2821/1498 1785/2827/1503
f 1653/2822/1499 1659/2828/1504 1750/2829/1505
f 1655/2833/1509 1649/2817/1494 2053/2831/1507
f 1649/2817/1494 1648/2816/1493 2053/2831/1507
f 1649/2817/1494 1655/2833/1509 1656/2832/1508
f 1655/2833/1509 2053/2831/1507 2064/2834/1510
f 1656/2832/1508 1655/2833/1509 1661/2835/1511
f 1656/2832/1508 1662/2836/1512 1663/2837/1513
f 1659/2828/1504 1785/2827/1503 1784/2839/1515
f 1750/2829/1505 1659/2828/1504 1665/2840/1516
f 1664/2842/1518 1792/3161/1721 1790/2843/1519
f 1669/2847/1522 1665/3523/1516 1784/2845/1515
f 1784/2845/1515 1793/3524/1515 1794/2846/1521
f 1751/2848/1517 1665/3523/1516 1669/2847/1522
f 1662/2836/1512 1661/2835/1511 2066/2850/1524
f 1667/3153/1718 1663/2837/1513 2062/2852/1526
f 1663/2837/1513 1662/2836/1512 2062/2852/1526
f 1673/2855/1529 1669/2847/1522 1794/2846/1521
f 1794/2846/1521 1791/3168/1527 1672/2854/1528
f 1669/2847/1522 1673/2855/1529 1753/2856/1530
f 1671/2857/1531 1675/3525/2090 1676/2858/1532
f 1672/2859/1528 1676/2858/1532 1677/2860/1533
f 1673/2861/1529 1677/2860/1533 1754/2862/1534
f 2115/2864/1535 2106/3169/1722 1788/2865/1536
f 2029/2867/1538 2003/3097/1684 1961/2868/1539
f 1781/2870/1541 2099/3170/1723 2110/2871/1542
f 2006/2873/1544 1997/2918/2091 1964/2874/1545
f 1968/2876/1547 2007/3111/1694 2006/2873/1544
f 1970/3526/2092 1966/3527/2093 1722/2877/1548
f 1722/2877/1548 1717/3050/1676 1972/2878/1549
f 1717/3050/1676 1964/3528/2094 1972/2878/1549
f 1971/2879/1549 1970/3526/2092 1722/2877/1548
f 1733/2882/1552 1734/3171/1724 2098/2880/1550
f 1734/3171/1724 1757/2903/1569 2098/2880/1550
f 1731/2883/1553 1730/3037/1669 1723/2884/1554
f 1706/2888/1557 1707/2964/1622 1986/2886/1556
f 1707/2964/1622 1880/2963/1621 1987/3529/1556
f 1707/2964/1622 1987/3529/1556 1986/2886/1556
f 1988/3530/1556 1963/3531/2095 1706/2888/1557
f 1989/2887/1556 1988/3530/1556 1706/2888/1557
f 1835/2889/1558 1719/2945/1604 1714/2890/1559
f 1838/2892/1561 1837/3532/1561 1732/2893/1561
f 1739/2724/1405 1826/3533/1562 1679/2895/1562
f 2100/2899/1565 1681/2946/1605 1687/2917/1580
f 1687/2917/1580 1686/2897/1563 2100/2899/1565
f 1716/2900/1566 1721/3112/1695 2111/2901/1567
f 1757/2903/1569 1780/2872/1543 2108/2904/1570
f 1732/2893/1561 1837/3532/1561 1836/2905/1561
f 1779/2907/1571 1867/3534/1571 1868/2908/1572
f 1782/2910/1573 1781/2870/1541 1758/2911/1574
f 1829/2913/1576 1830/2999/1646 1689/2914/1577
f 1693/2916/1579 1692/2921/1584 1686/2897/1563
f 1997/2918/1581 2035/3302/1871 2049/2919/1582
f 1692/2921/1584 1691/2926/1589 1685/2922/1585
f 2010/2923/1586 2009/3034/1667 1970/2924/1587
f 1691/2926/1589 2117/3022/1659 2101/2927/1590
f 1864/2928/1591 1865/3535/1592 1732/2929/1592
f 1679/2895/1562 1826/3533/1562 2116/2931/1593
f 1826/3533/1562 1829/2913/1576 2116/2931/1593
f 1736/2932/1594 1735/2982/1633 1728/2933/1595
f 2093/2935/1597 2092/3055/1679 2030/2936/1598
f 1688/2938/1600 1694/2961/1619 1693/2916/1579
f 1830/2939/1561 1829/3182/1561 1684/2940/1561
f 1689/2914/1577 1688/2938/1600 1682/2942/1601
f 1695/2943/1602 1694/2961/1619 1688/2938/1600
f 1724/2885/1555 1723/2884/1554 1718/2944/1603
f 1688/2938/1600 1687/2917/1580 1681/2946/1605
f 1836/2947/1606 1837/3156/1720 1731/2883/1553
f 1755/2948/1607 1778/2958/1616 1872/2949/1608
f 1847/2951/1610 1848/3536/1611 1684/2952/1611
f 1877/2956/1614 1797/3024/1660 1801/3537/1672
f 1801/3537/1672 1800/2954/1612 1877/2956/1614
f 1840/2957/1615 1786/3538/1661 1778/2958/1616
f 1702/2960/1618 1701/2987/1634 1694/2961/1619
f 1707/2964/1622 1708/3038/1670 1961/2962/1620
f 1708/3038/1670 1713/2988/1635 1961/2962/1620
f 1778/2958/1616 1786/3538/1661 1871/2965/1623
f 2018/2966/1624 2017/3139/1710 1978/2967/1625
f 1839/2959/1617 1778/2958/1616 1755/2948/1607
f 1832/2970/1628 1702/2960/1618 1695/2943/1602
f 1700/2973/1630 1699/3000/1647 1692/2921/1584
f 1835/2974/1561 1834/3539/1561 1715/2975/1561
f 1967/3540/1632 1964/3528/2094 1717/3050/1676
f 1712/2977/1631 1881/2990/1637 1969/2978/1632
f 1968/2979/1632 1967/3540/1632 1712/2977/1631
f 1967/3540/1632 1717/3050/1676 1712/2977/1631
f 1715/2975/1561 1834/3539/1561 1833/2980/1561
f 1759/2912/1575 1758/2911/1574 1735/2982/1633
f 1680/2983/1561 1826/3541/1561 1739/2984/1561
f 1833/2980/1561 1832/3542/1561 1703/2986/1561
f 1701/2987/1634 1700/2973/1630 1693/2916/1579
f 1714/2890/1559 1719/2945/1604 1718/2944/1603
f 1705/2991/1638 1706/2888/1557 1980/2989/1636
f 1706/2888/1557 1963/3531/2095 1981/3543/1636
f 1706/2888/1557 1981/3543/1636 1980/2989/1636
f 1881/2990/1637 1712/2977/1631 1705/2991/1638
f 1692/2921/1584 1699/3000/1647 1698/2992/1639
f 2050/2993/1640 2043/3368/2096 2005/2994/1641
f 1831/2971/1629 1695/2943/1602 1689/2914/1577
f 1706/2888/1557 1705/2991/1638 1698/2992/1639
f 1782/3001/1573 1759/3061/1575 1879/2998/1645
f 1863/3003/1649 1864/2928/1591 1725/2930/1591
f 1980/3005/1650 2019/3307/1899 1995/3006/1651
f 1705/2991/1638 1704/3028/1664 1697/3008/1653
f 1856/3009/1654 1862/3029/1655 1715/3010/1655
f 1703/3012/1656 1855/3544/1656 1856/3009/1654
f 1878/3016/1644 1783/3155/1719 1875/3017/1648
f 1871/3020/1623 1786/3025/1661 1797/3024/1660
f 1797/3024/1660 1877/2956/1614 1871/3020/1623
f 2117/3022/1659 1691/2926/1589 1698/2992/1639
f 1698/2992/1639 1697/3008/1653 2117/3022/1659
f 1840/3023/1615 1845/3142/1712 1797/3024/1660
f 1711/3026/1662 2113/3149/1716 2105/3027/1663
f 1862/3029/1655 1863/3003/1649 1720/3004/1649
f 1779/3030/1561 1839/3545/1561 1838/2892/1561
f 1707/2964/1622 1706/2888/1557 1699/3000/1647
f 2139/3546/2097 2073/3547/2097 1594/3548/2098
f 2139/3546/2097 1594/3548/2098 2132/3549/2099
f 1594/3548/2098 1592/3550/2100 2132/3549/2099
f 2125/3551/2100 2132/3549/2099 1592/3550/2100
f 2183/3033/1666 2184/3552/2101 1679/3031/1665
f 2184/3552/2101 2125/3551/2100 1592/3550/2100
f 1679/3031/1665 2184/3552/2101 1592/3550/2100
f 2009/3034/1667 1998/3291/1904 1966/3035/1668
f 1696/3036/1561 1831/3181/1561 1830/2939/1561
f 1737/2950/1609 1736/2932/1594 1729/2934/1596
f 1708/3038/1670 1707/2964/1622 1700/2973/1630
f 1846/3041/1671 1754/2862/1534 1677/2860/1533
f 1869/3043/1673 1870/3553/1674 1803/3044/1674
f 1803/3044/1674 1870/3553/1674 1777/3046/1675
f 1840/3048/1561 1839/3545/1561 1779/3030/1561
f 1872/3039/1608 1871/3020/1623 1878/2997/1644
f 1871/3020/1623 1876/3019/1623 1878/2997/1644
f 1722/2877/1548 1721/3112/1695 1716/2900/1566
f 1713/2988/1635 1718/2944/1603 1993/3051/1677
f 1718/2944/1603 1965/3554/2102 1994/3555/2103
f 1718/2944/1603 1994/3555/2103 1993/3051/1677
f 1990/3556/1677 1961/2962/1620 1713/2988/1635
f 1991/3557/1677 1990/3556/1677 1713/2988/1635
f 1992/3052/1677 1991/3557/1677 1713/2988/1635
f 1868/2908/1572 1869/3043/1673 1798/3045/1673
f 1866/3053/1678 1867/3534/1571 1779/2907/1571
f 1755/2948/1607 1737/2950/1609 1730/3037/1669
f 2092/3055/1679 2091/3306/1877 2029/2867/1538
f 1788/3057/1536 1782/3001/1573 1875/3002/1648
f 1789/3014/1657 1783/3155/1719 1876/3059/1623
f 1717/3050/1676 1716/2900/1566 1711/3026/1662
f 1709/3060/1681 1708/3038/1670 1701/2987/1634
f 1737/3040/1609 1760/2996/1643 1879/2998/1645
f 1832/2970/1628 1833/3099/1686 1709/3060/1681
f 1647/3062/1682 1654/3114/1683 1772/3063/1683
f 1595/3065/1561 1593/2985/1561 1739/2984/1561
f 1595/3065/1561 1738/3066/1561 1740/3067/1561
f 1599/3068/1561 1740/3067/1561 1741/3069/1561
f 1605/3070/1561 1741/3069/1561 1742/3071/1561
f 1611/3072/1561 1742/3071/1561 1743/3073/1561
f 1618/3074/1561 1743/3073/1561 1744/3075/1561
f 1630/3077/1561 1625/3076/1561 1744/3075/1561
f 1630/3077/1561 1745/3078/1561 1746/3079/1561
f 1640/3081/1561 1635/3080/1561 1746/3079/1561
f 1640/3081/1561 1747/3082/1561 1748/3083/1561
f 1647/3084/1561 1748/3083/1561 1749/3085/1561
f 1654/3086/1561 1749/3085/1561 1750/3087/1561
f 1660/3088/1561 1750/3087/1561 1751/3089/1561
f 1666/3090/1561 1751/3089/1561 1752/3091/1561
f 1670/3092/1561 1752/3091/1561 1753/3093/1561
f 1674/3094/1561 1753/3093/1561 1754/3095/1561
f 2003/3097/1684 2001/3352/1930 1880/3098/1685
f 1834/2891/1560 1714/2890/1559 1709/3060/1681
f 1762/3100/1687 1847/2951/1610 1680/2953/1610
f 1845/3102/1561 1840/3048/1561 1787/3049/1561
f 1726/3104/1688 1733/2882/1552 2107/3105/1689
f 1714/2890/1559 1713/2988/1635 1708/3038/1670
f 1704/3028/1664 2105/3027/1663 2118/3107/1691
f 1712/2977/1631 1711/3026/1662 1704/3028/1664
f 1965/3554/2102 1718/2944/1603 1973/3558/1692
f 1718/2944/1603 1723/2884/1554 1974/3109/1692
f 1973/3558/1692 1718/2944/1603 1974/3109/1692
f 1723/2884/1554 1960/3136/1708 1977/3559/1692
f 1723/2884/1554 1977/3559/1692 1976/3560/2104
f 1723/2884/1554 1976/3560/2104 1975/3108/1692
f 1969/3110/1693 2008/3296/1908 2007/3111/1694
f 1721/3112/1695 1726/3104/1688 2097/3106/1690
f 1660/3113/1696 1773/3119/1696 1772/3063/1683
f 1690/3115/1697 1849/3188/1697 1850/3116/1698
f 1666/3118/1699 1774/3121/1699 1773/3119/1696
f 1670/3120/1700 1775/3124/1700 1774/3121/1699
f 1593/3101/1687 1595/3125/1701 1761/3122/1701
f 1674/3123/1702 1776/3127/1702 1775/3124/1700
f 1595/3125/1701 1599/3129/1703 1763/3126/1703
f 1674/3123/1702 1678/3047/1675 1777/3046/1675
f 1605/3128/1704 1764/3134/1704 1763/3126/1703
f 1727/3130/1705 1734/3171/1724 1733/2882/1552
f 1846/3131/1561 1845/3102/1561 1798/3103/1561
f 1605/3128/1704 1611/3138/1706 1765/3133/1706
f 1960/3136/1708 1723/2884/1554 1730/3037/1669
f 1730/3037/1669 1729/2934/1596 1960/3136/1708
f 1618/3137/1709 1766/3144/1709 1765/3133/1706
f 2017/3139/1710 1999/3355/1934 1959/3140/1711
f 1846/3141/1671 1801/3537/1672 1797/3024/1660
f 1618/3137/1709 1625/3146/1713 1767/3143/1713
f 1850/3116/1698 1855/3544/1656 1703/3012/1656
f 1630/3145/1714 1768/3148/1714 1767/3143/1713
f 1801/3042/1672 1677/2860/1533 1676/2858/1532
f 1635/3147/1715 1769/3151/1715 1768/3148/1714
f 1716/2900/1566 2103/2902/1568 2113/3149/1716
f 1640/3150/1717 1770/3152/1717 1769/3151/1715
f 1722/2877/1548 1727/3130/1705 1726/3104/1688
f 1647/3062/1682 1771/3064/1682 1770/3152/1717
f 1835/2889/1558 1836/2947/1606 1724/2885/1555
f 1793/3524/1515 1784/2845/1515 1795/2838/1514
f 1784/2845/1515 1785/3154/1503 1795/2838/1514
f 1838/2969/1627 1755/2948/1607 1731/2883/1553
f 1735/2982/1633 1734/3171/1724 1727/3130/1705
f 1775/3561/1561 1776/3562/1561 1777/3157/1561
f 1777/3157/1561 1762/3563/1561 1764/3564/1561
f 1762/3563/1561 1761/3565/1561 1764/3564/1561
f 1761/3565/1561 1763/3566/1561 1764/3564/1561
f 1764/3564/1561 1765/3567/1561 1768/3158/1561
f 1765/3567/1561 1766/3568/1561 1768/3158/1561
f 1766/3568/1561 1767/3569/1561 1768/3158/1561
f 1768/3158/1561 1769/3570/1561 1772/3159/1561
f 1769/3570/1561 1770/3571/1561 1772/3159/1561
f 1770/3571/1561 1771/3572/1561 1772/3159/1561
f 1772/3159/1561 1773/3573/2105 1774/3574/2106
f 1774/3574/2106 1775/3561/1561 1772/3159/1561
f 1775/3561/1561 1777/3157/1561 1772/3159/1561
f 1777/3157/1561 1764/3564/1561 1768/3158/1561
f 1795/3160/1514 1796/3575/1501 1792/3161/1721
f 1796/2825/1501 1657/3522/1500 1663/3162/1513
f 1792/3163/1721 1663/3162/1513 1667/3164/1718
f 1793/3167/1515 1664/2842/1518 1668/2844/1520
f 1790/3165/1519 1667/3164/1718 1672/2854/1528
f 1781/2870/1541 1782/2910/1573 2106/3169/1722
f 1782/2910/1573 1788/2865/1536 2106/3169/1722
f 1758/2911/1574 1757/2903/1569 1734/3171/1724
f 1758/2911/1574 1781/2870/1541 1780/2872/1543
f 1783/3155/1719 1789/3014/1657 1873/3056/1680
f 1725/2906/1561 1836/2905/1561 1835/2974/1561
f 1632/2786/1464 1810/3576/2107 1813/3577/1725
f 1632/2786/1464 1813/3577/1725 1627/2766/1446
f 1813/3577/1725 1814/3172/1725 1627/2766/1446
f 1815/3173/1726 1804/2767/1447 1627/2766/1446
f 1637/2791/1469 1812/3578/2108 1816/3579/1727
f 1637/2791/1469 1816/3579/1727 1817/3174/1727
f 1810/3576/2107 1632/2786/1464 1818/3175/1727
f 1632/2786/1464 1637/2791/1469 1818/3175/1727
f 1802/3176/1728 1888/3254/1803 1890/3177/1729
f 1643/2819/1496 1805/3580/2109 1824/3581/1730
f 1825/3178/1730 1812/3578/2108 1642/2813/1490
f 1812/3578/2108 1637/2791/1469 1642/2813/1490
f 1643/2819/1496 1824/3581/1730 1825/3178/1730
f 1810/3179/1731 1884/3220/1797 1893/2803/1480
f 1703/2986/1561 1832/3542/1561 1831/3181/1561
f 1732/2929/1592 1865/3535/1592 1866/3053/1678
f 1676/2858/1532 1675/3525/2090 1799/2866/1537
f 1829/3182/1561 1826/3541/1561 1680/2983/1561
f 1806/3183/1733 1823/3186/1736 1903/3184/1734
f 1823/3186/1736 1822/3202/1747 1902/3187/1737
f 1684/2952/1611 1848/3536/1611 1849/3188/1697
f 1777/3157/1561 1870/3582/1561 1869/3191/1561
f 1869/3191/1561 1868/3583/1561 1867/3584/2106
f 1867/3584/2106 1866/3585/1561 1869/3191/1561
f 1866/3585/1561 1865/3586/1561 1869/3191/1561
f 1865/3586/1561 1864/3587/1561 1863/3588/1561
f 1863/3588/1561 1862/3589/1561 1856/3590/1561
f 1856/3590/1561 1855/3591/1561 1850/3189/1561
f 1850/3189/1561 1849/3592/2105 1848/3190/1561
f 1848/3190/1561 1847/3593/2105 1762/3563/1561
f 1762/3563/1561 1777/3157/1561 1848/3190/1561
f 1777/3157/1561 1869/3191/1561 1848/3190/1561
f 1865/3586/1561 1863/3588/1561 1869/3191/1561
f 1863/3588/1561 1856/3590/1561 1869/3191/1561
f 1856/3590/1561 1850/3189/1561 1869/3191/1561
f 1644/2807/1484 1808/3521/2089 1841/3594/1738
f 1644/2807/1484 1841/3594/1738 1842/3193/1738
f 1805/3580/2109 1643/2819/1496 1844/3595/1738
f 1643/2819/1496 1644/2807/1484 1842/3193/1738
f 1844/3595/1738 1643/2819/1496 1843/3192/1738
f 1754/3095/1561 1846/3131/1561 1803/3132/1561
f 2004/3194/1739 2042/3297/1866 2082/3195/1740
f 1851/3197/1742 1854/3262/1811 1915/3198/1743
f 2094/3200/1745 2093/2935/1597 2031/2937/1599
f 1822/3202/1747 1821/3261/1810 1901/3203/1748
f 1899/3204/1749 1937/3214/1759 1938/3205/1750
f 1887/3207/1752 1925/3285/1845 1946/3208/1753
f 1918/3210/1755 1956/3219/1764 1957/3211/1756
f 1892/3213/1758 1930/3276/1830 1937/3214/1759
f 1891/3215/1760 1907/3223/1768 1945/3216/1761
f 1917/3218/1763 1955/3225/1770 1956/3219/1764
f 1884/3220/1765 1898/3227/1772 1936/3221/1766
f 1907/3223/1768 1906/2797/1773 1944/3224/1769
f 1916/2777/1456 1954/3229/1775 1955/3225/1770
f 1897/3226/1771 1935/3288/1849 1936/3221/1766
f 1906/2797/1773 1882/2796/1843 1921/3228/1774
f 1890/3177/1729 1928/3287/1848 1954/3229/1775
f 1828/3230/1776 1827/2795/1473 1906/2797/1475
f 1825/2794/1472 1905/2793/1471 1885/3231/1777
f 1857/2778/1457 1916/2777/1456 1917/3218/1763
f 1804/3234/1780 1815/2773/1452 1895/2775/1454
f 1809/3235/1781 1828/3230/1776 1907/3223/1768
f 1808/3236/1782 1806/3183/1733 1889/3185/1735
f 1858/3233/1779 1917/3218/1763 1918/3210/1755
f 1812/3232/1778 1885/3231/1777 1896/3238/1784
f 1859/3237/1783 1918/3210/1755 1919/3212/1757
f 1816/3239/1785 1896/3238/1784 1897/3226/1787
f 1808/3236/1782 1887/3207/1752 1908/3209/1754
f 1861/3243/1790 1860/3240/1786 1919/3212/1757
f 1817/3241/1788 1897/3226/1787 1898/3227/1792
f 1841/3242/1789 1908/3209/1754 1909/3246/1794
f 1811/3248/1796 1861/3243/1790 1920/3244/1791
f 1810/3179/1731 1818/3245/1793 1898/3227/1792
f 1852/3249/1798 1851/3197/1742 1912/3199/1744
f 1842/3247/1795 1909/3246/1794 1910/3251/1800
f 1811/3248/1796 1892/3213/1758 1899/3204/1749
f 1802/3176/1728 1852/3249/1798 1913/3250/1799
f 1843/3252/1801 1910/3251/1800 1911/3255/1804
f 1819/3253/1802 1899/3204/1749 1900/3206/1751
f 1853/3258/1807 1809/3235/1781 1891/3215/1760
f 1844/3256/1805 1911/3255/1804 1886/3260/1809
f 1821/3261/1810 1820/3257/1806 1900/3206/1751
f 1854/3262/1811 1853/3258/1807 1914/3259/1808
f 1920/3244/1791 1919/3212/1757 1957/3211/1756
f 1908/3209/1754 1946/3208/1753 1947/3275/1824
f 1901/3203/1748 1900/3206/1751 1938/3205/1750
f 1892/3213/1758 1920/3244/1791 1958/3277/1828
f 1910/3251/1800 1909/3246/1794 1947/3275/1824
f 1902/3187/1737 1901/3203/1748 1939/3274/1829
f 1911/3255/1804 1910/3251/1800 1948/3273/1822
f 1903/3184/1734 1902/3187/1737 1940/3272/1831
f 1886/3260/1809 1911/3255/1804 1949/3271/1820
f 1889/3185/1735 1903/3184/1734 1941/3270/1819
f 1884/3220/1765 1922/3222/1767 1931/3268/1817
f 1913/3250/1799 1912/3199/1744 1950/3267/1816
f 1886/3260/1809 1924/3264/1813 1942/3263/1812
f 1894/2774/1833 1893/2803/1832 1931/3268/1817
f 1888/3254/1803 1913/3250/1799 1951/3266/1815
f 1904/2805/1482 1942/3263/1812 1943/3280/1836
f 1895/2775/1838 1894/2774/1833 1932/3278/1834
f 1891/3215/1760 1929/3217/1762 1952/3282/1840
f 1905/2793/1837 1943/3280/1836 1923/3283/1841
f 1882/2796/1843 1895/2775/1838 1933/3281/1839
f 1914/3259/1808 1952/3282/1840 1953/3284/1844
f 1887/3207/1752 1889/3185/1735 1927/3269/1818
f 1885/3231/1842 1923/3283/1841 1934/3286/1846
f 1915/3198/1743 1953/3284/1844 1950/3267/1816
f 1888/3254/1803 1926/3279/1835 1928/3287/1848
f 1896/3238/1847 1934/3286/1846 1935/3288/1849
f 2033/3289/1854 2095/3346/1923 2094/3200/1745
f 2047/3290/1855 2036/3365/1945 1998/3291/1856
f 1995/3006/1863 2034/3308/1879 2046/3295/1864
f 2090/3299/1868 2089/3341/1916 2027/3300/1869
f 2008/3296/1865 2046/3295/1864 2045/3305/1874
f 2019/3307/1878 2081/3309/1880 2034/3308/1879
f 2020/3196/1741 2082/3195/1740 2081/3309/1880
f 2021/3310/1881 2000/3339/1914 1962/3311/1882
f 1978/3314/1884 1959/3596/2110 1728/2933/1595
f 1728/2933/1595 1727/3130/1705 1979/3313/1884
f 1727/3130/1705 1722/2877/1548 1966/3527/2093
f 1979/3313/1884 1727/3130/1705 1966/3527/2093
f 2049/2919/1582 2048/3347/1924 2010/2923/1885
f 1800/2954/1612 1788/3057/1536 1873/3058/1680
f 1994/3315/1886 2033/3289/1854 2032/3201/1746
f 1960/3317/1888 2002/3331/1903 2016/3318/1889
f 2011/2920/1891 2010/2923/1586 1971/2925/1588
f 1977/3319/1890 2016/3318/1889 2015/3321/1893
f 2091/3306/1877 2041/3351/1929 2003/3097/1684
f 1965/3323/1895 2005/2994/1641 2033/3289/1854
f 1986/3324/1896 2025/3350/1927 2028/3301/1870
f 1981/3326/1898 2020/3196/1741 2019/3307/1899
f 2022/3327/1900 2021/3310/1881 1982/3312/1883
f 1982/3597/1902 1962/3135/1707 1729/2934/1596
f 1729/2934/1596 1728/2933/1595 1983/3330/1902
f 1728/2933/1595 1959/3596/2110 1985/3598/1902
f 1728/2933/1595 1985/3598/1902 1984/3329/1902
f 1983/3330/1902 1982/3597/1902 1729/2934/1596
f 1962/3311/1882 2000/3339/1914 2002/3331/1903
f 1998/3291/1904 2018/2966/1624 1979/2968/1626
f 1976/3322/1894 2015/3321/1893 2014/3332/1905
f 1963/3334/1907 2004/3194/1739 2020/3196/1741
f 1881/3007/1652 1995/3006/1651 2008/3296/1908
f 2058/3294/1909 2050/2993/1640 2012/2995/1642
f 2031/2937/1599 2030/2936/1598 1991/3336/1911
f 2030/2936/1598 2029/2867/1538 1990/2869/1540
f 2083/3338/1913 2038/3348/1925 2000/3339/1914
f 2032/3201/1746 2031/2937/1599 1992/3337/1912
f 2002/3331/1903 2040/3362/1941 2078/3340/1915
f 1880/3098/1685 2001/3352/1930 2026/3342/1917
f 2015/3321/1893 2077/3298/1922 2076/3293/1919
f 2016/3318/1889 2078/3340/1915 2077/3298/1922
f 2005/2994/1641 2043/3368/2096 2095/3346/1923
f 2048/3347/1924 2047/3290/1855 2009/3034/1857
f 2084/3304/1873 2083/3338/1913 2021/3310/1881
f 2087/3349/1926 2090/3299/1868 2028/3301/1870
f 2041/3351/1929 2039/3344/1920 2001/3352/1930
f 2014/3332/1905 2076/3293/1919 2058/3294/1909
f 2023/3354/1933 2085/3303/1872 2084/3304/1873
f 1999/3355/1934 2037/3367/1947 2086/3356/1935
f 2024/3357/1936 2086/3356/1935 2085/3303/1872
f 2024/3357/1936 2023/3354/1933 1984/3360/1939
f 2044/3353/1932 2035/3302/1871 1997/2918/1581
f 2013/3335/1910 2012/2995/1642 1973/3363/1943
f 2007/3111/1875 2045/3305/1874 2044/3353/1932
f 1989/3325/1897 2028/3301/1870 2027/3300/1869
f 2026/3342/1917 2088/3345/1921 2087/3349/1926
f 1999/3355/1934 2024/3357/1936 1985/3361/1940
f 1964/2874/1545 1997/2918/2091 2011/2920/1891
f 2012/2995/1642 2005/2994/1641 1965/3323/1895
f 1988/3366/1946 2027/3300/1869 2004/3194/1739
f 2001/3352/1930 2039/3344/1920 2088/3345/1921
f 2079/3359/1938 2037/3367/1947 1999/3355/1934
f 1975/3333/1906 2014/3332/1905 2013/3335/1910
f 1987/3343/1918 2026/3342/1917 2025/3350/1927
f 2023/3354/1933 2022/3327/1900 1983/3328/1901
f 2080/3358/1937 2079/3359/1938 2017/3139/1710
f 2036/3365/1945 2080/3358/1937 2018/2966/1948
f 2089/3341/1916 2042/3297/1866 2004/3194/1739
f 2000/3339/1914 2038/3348/1925 2040/3362/1941
f 2072/3369/1950 1671/2857/1531 1667/3153/1718
f 2065/3370/1951 1596/2730/1410 1597/2732/1412
f 2069/3372/1953 1675/3525/2090 1671/2857/1531
f 2057/3374/1955 1600/2740/1420 1601/2736/1416
f 2099/3599/1649 2106/3600/1649 2237/3601/1649
f 2237/3601/1649 2232/3602/1649 2110/3603/1649
f 2232/3602/1649 2240/3604/1649 2098/3605/1649
f 2098/3605/1649 2240/3604/1649 2096/3606/1649
f 2240/3604/1649 2239/3607/1649 2096/3606/1649
f 2239/3607/1649 2231/3608/1649 2107/3609/1649
f 2096/3606/1649 2239/3607/1649 2107/3609/1649
f 2231/3608/1649 2229/3610/1649 2097/3611/1649
f 2229/3610/1649 2238/3612/1649 2097/3611/1649
f 2238/3612/1649 2230/3613/1649 2111/3614/1649
f 2230/3613/1649 2241/3615/1649 2103/3616/1649
f 2238/3612/1649 2111/3614/1649 2097/3611/1649
f 2241/3615/1649 2235/3617/1649 2103/3616/1649
f 2235/3617/1649 2242/3618/1649 2113/3619/1649
f 2242/3618/1649 2236/3620/1649 2113/3619/1649
f 2236/3620/1649 2245/3621/1649 2105/3622/1649
f 2245/3621/1649 2210/3623/1649 2105/3622/1649
f 2210/3623/1649 2244/3624/1649 2105/3622/1649
f 2244/3624/1649 2234/3378/1649 2118/3377/1649
f 2234/3378/1649 2206/3625/1649 2112/3376/1649
f 2244/3624/1649 2118/3377/1649 2105/3622/1649
f 2206/3625/1649 2185/3626/1649 2117/3627/1649
f 2185/3626/1649 2233/3628/1649 2101/3629/1649
f 2101/3629/1649 2233/3628/1649 2102/3630/1649
f 2233/3628/1649 2187/3631/1649 2102/3630/1649
f 2187/3631/1649 2209/3632/1649 2104/3633/1649
f 2104/3633/1649 2209/3632/1649 2100/3634/1649
f 2209/3632/1649 2183/3635/1649 2114/3636/1649
f 2183/3635/1649 2116/3637/1649 2114/3636/1649
f 2110/3603/1649 2099/3599/1649 2237/3601/1649
f 2108/3638/1649 2110/3603/1649 2232/3602/1649
f 2107/3609/1649 2231/3608/1649 2097/3611/1649
f 2230/3613/1649 2103/3616/1649 2111/3614/1649
f 2236/3620/1649 2105/3622/1649 2113/3619/1649
f 2187/3631/1649 2104/3633/1649 2102/3630/1649
f 2209/3632/1649 2114/3636/1649 2109/3639/1649
f 2209/3632/1649 2109/3639/1649 2100/3634/1649
f 2098/3605/1649 2108/3638/1649 2232/3602/1649
f 2103/3616/1649 2235/3617/1649 2113/3619/1649
f 2185/3626/1649 2101/3629/1649 2117/3627/1649
f 2206/3625/1649 2117/3627/1649 2112/3376/1649
f 2071/3371/1952 1597/2732/1412 1598/2728/1408
f 1682/2942/1601 1681/2946/1605 2109/3379/1957
f 1799/2866/1537 1675/3525/2090 2069/3372/1953
f 1686/2897/1563 1685/2922/1585 2102/3381/1959
f 2072/3383/1961 2062/3640/2111 2219/3641/2111
f 2219/3641/2111 2226/3384/1962 2072/3383/1961
f 2226/3384/1962 2224/3642/1960 2069/3382/1960
f 2224/3642/1960 2243/3643/2112 2069/3382/1960
f 2243/3643/2112 2237/3644/2113 2115/3645/2114
f 2069/3382/1960 2243/3643/2112 2115/3645/2114
f 2237/3644/2113 2106/3646/2113 2115/3645/2114
f 2114/3380/1958 2116/2931/1593 1683/2915/1578
f 2121/3385/1963 2120/3400/1978 2127/3386/1964
f 2121/3385/1963 2128/3387/1965 2129/3388/1966
f 2122/3389/1967 2129/3388/1966 2130/3390/1968
f 2123/3391/1969 2130/3390/1968 2131/3392/1970
f 2219/3394/1972 2161/3432/2010 2165/3395/1973
f 2119/3397/1975 2126/3399/1977 2127/3386/1964
f 2126/3399/1977 2133/3408/1986 2134/3401/1979
f 2128/3387/1965 2127/3386/1964 2134/3401/1979
f 2128/3387/1965 2135/3402/1980 2136/3403/1981
f 2137/3647/2115 2130/3390/1968 2215/3404/1982
f 2130/3390/1968 2129/3388/1966 2215/3404/1982
f 2130/3390/1968 2137/3647/2115 2138/3405/1983
f 2124/3393/1984 2131/3392/2059 2132/3406/1985
f 2134/3401/1979 2133/3408/1986 2140/3409/1987
f 2142/3648/2116 2135/3402/1980 2216/3411/1989
f 2135/3402/1980 2134/3401/1979 2216/3411/1989
f 2135/3402/1980 2142/3648/2116 2143/3412/1990
f 2140/3409/1987 2144/3413/1991 2145/3414/1992
f 2147/3490/2070 2145/3414/1992 2228/3416/1994
f 2145/3414/1992 2144/3413/1991 2228/3416/1994
f 2154/3423/2001 2156/3426/2004 2157/3424/2002
f 2156/3426/2004 2158/3427/2005 2159/3428/2006
f 2158/3427/2005 2162/3434/2012 2163/3429/2007
f 2159/3428/2006 2163/3429/2007 2164/3430/2008
f 2160/3431/2009 2164/3430/2008 2165/3395/1973
f 2169/3433/2011 2224/3649/2117 2226/3396/1974
f 2162/3434/2012 2166/3435/2013 2167/3436/2014
f 2164/3430/2008 2163/3429/2007 2167/3436/2014
f 2164/3430/2008 2168/3437/2015 2169/3433/2011
f 2170/3438/2016 2194/3449/2027 2122/3389/1967
f 2237/3439/2017 2243/3476/2055 2180/3440/2018
f 2177/3443/2021 2208/3447/2025 2120/3400/1978
f 2124/3393/1984 2125/3407/1984 2184/3444/2022
f 2174/3446/2024 2176/3454/2033 2207/3442/2020
f 2177/3443/2021 2175/3457/2036 2174/3446/2024
f 2186/3448/2026 2175/3457/2036 2177/3443/2021
f 2194/3449/2027 2170/3438/2016 2233/3450/2028
f 2170/3438/2016 2187/3650/2118 2233/3450/2028
f 2209/3451/2029 2187/3650/2118 2170/3438/2016
f 2194/3449/2027 2177/3443/2021 2121/3385/1963
f 2167/3436/2014 2166/3435/2013 2188/3452/2031
f 2171/3445/2030 2170/3438/2016 2123/3391/1969
f 2208/3447/2025 2207/3442/2020 2119/3397/1975
f 2174/3446/2024 2178/3463/2042 2200/3455/2034
f 2185/3456/2035 2206/3651/2119 2175/3457/2036
f 2205/3462/2041 2199/3458/2037 2200/3455/2034
f 2174/3446/2024 2175/3457/2036 2234/3464/2043
f 2175/3457/2036 2206/3651/2119 2234/3464/2043
f 2180/3440/2018 2179/3468/2047 2198/3465/2044
f 2179/3468/2047 2193/3453/2032 2182/3469/2048
f 2199/3458/2037 2205/3462/2041 2245/3473/2052
f 2205/3462/2041 2210/3502/2082 2245/3473/2052
f 2179/3468/2047 2168/3437/2015 2167/3436/2014
f 2193/3453/2032 2188/3452/2031 2181/3475/2054
f 2243/3476/2055 2224/3649/2117 2169/3433/2011
f 2182/3469/2048 2181/3475/2054 2202/3474/2053
f 2203/3477/2056 2202/3474/2053 2172/3471/2050
f 2169/3433/2011 2168/3437/2015 2179/3468/2047
f 2183/3479/2058 2209/3451/2058 2171/3445/2023
f 2131/3392/2059 2138/3405/2060 2139/3480/2060
f 2212/3481/2061 2152/3421/1999 2153/3422/2000
f 2223/3483/2063 2151/3420/1998 2152/3421/1999
f 2225/3484/2064 2218/3488/2068 2148/3417/1995
f 2227/3487/2067 2216/3411/1989 2141/3410/1988
f 2218/3488/2068 2228/3416/1994 2146/3415/1993
f 2160/3431/2009 2222/3652/2120 2221/3489/2069
f 2221/3489/2069 2157/3424/2002 2159/3428/2006
f 2197/3467/2046 2201/3466/2045 2241/3491/2071
f 2214/3493/2073 2222/3652/2120 2160/3431/2009
f 2173/3470/2049 2197/3467/2046 2230/3492/2072
f 2155/3425/2003 2211/3486/2066 2220/3482/2062
f 2220/3482/2062 2153/3422/2000 2154/3423/2001
f 2217/3495/2075 2225/3484/2064 2149/3418/1996
f 2213/3485/2065 2155/3425/2003 2157/3424/2002
f 2217/3495/2075 2150/3419/1997 2151/3420/1998
f 2242/3496/2076 2192/3461/2040 2189/3460/2039
f 2244/3500/2080 2205/3462/2041 2178/3463/2042
f 2236/3497/2077 2189/3460/2039 2190/3459/2038
f 2239/3501/2081 2240/3504/2084 2198/3465/2044
f 2198/3465/2044 2182/3469/2048 2239/3501/2081
f 2232/3503/2083 2191/3441/2019 2198/3465/2044
f 2238/3494/2074 2229/3499/2079 2195/3478/2057
f 2195/3478/2057 2172/3471/2050 2238/3494/2074
f 2235/3505/1568 2204/3472/2051 2192/3461/2040
f 2203/3477/2056 2195/3478/2057 2231/3498/2078
f 2201/3466/2045 2204/3472/2051 2235/3505/1568
f 2071/3653/1715 2073/3654/1715 2139/3655/1715
f 2138/3656/1715 2137/3657/1715 2060/3658/1715
f 2137/3657/1715 2215/3659/1715 2057/3660/1715
f 2060/3658/1715 2137/3657/1715 2057/3660/1715
f 2071/3653/1715 2139/3655/1715 2138/3656/1715
f 2065/3661/1715 2071/3653/1715 2138/3656/1715
f 2215/3659/1715 2143/3662/1715 2056/3663/1715
f 2143/3662/1715 2142/3664/1715 2074/3665/1715
f 2142/3664/1715 2216/3666/1715 2068/3667/1715
f 2216/3666/1715 2227/3508/1715 2075/3507/1715
f 2227/3508/1715 2147/3668/1715 2061/3506/1715
f 2061/3506/1715 2147/3668/1715 2228/3669/1715
f 2228/3669/1715 2218/3670/1715 2061/3506/1715
f 2070/3671/1715 2218/3670/1715 2225/3672/1715
f 2225/3672/1715 2217/3673/1715 2070/3671/1715
f 2059/3674/1715 2217/3673/1715 2223/3675/1715
f 2223/3675/1715 2212/3676/1715 2059/3674/1715
f 2067/3677/1715 2212/3676/1715 2220/3678/1715
f 2220/3678/1715 2211/3679/1715 2052/3680/1715
f 2211/3679/1715 2213/3681/1715 2052/3680/1715
f 2213/3681/1715 2221/3682/1715 2063/3683/1715
f 2051/3684/1715 2221/3682/1715 2222/3685/1715
f 2222/3685/1715 2214/3686/1715 2053/3687/1715
f 2214/3686/1715 2219/3688/1715 2066/3689/1715
f 2219/3688/1715 2062/3690/1715 2054/3691/1715
f 2219/3688/1715 2054/3691/1715 2066/3689/1715
f 2221/3682/1715 2051/3684/1715 2063/3683/1715
f 2222/3685/1715 2053/3687/1715 2051/3684/1715
f 2212/3676/1715 2067/3677/1715 2059/3674/1715
f 2220/3678/1715 2052/3680/1715 2067/3677/1715
f 2052/3680/1715 2213/3681/1715 2063/3683/1715
f 2218/3670/1715 2070/3671/1715 2061/3506/1715
f 2217/3673/1715 2059/3674/1715 2070/3671/1715
f 2142/3664/1715 2068/3667/1715 2074/3665/1715
f 2065/3661/1715 2138/3656/1715 2055/3692/1715
f 2055/3692/1715 2138/3656/1715 2060/3658/1715
f 2214/3686/1715 2066/3689/1715 2064/3693/1715
f 2053/3687/1715 2214/3686/1715 2064/3693/1715
f 2057/3660/1715 2215/3659/1715 2056/3663/1715
f 2074/3665/1715 2056/3663/1715 2143/3662/1715
f 2075/3507/1715 2068/3667/1715 2216/3666/1715
o Sphere.003_Sphere.006
v -0.274993 0.249865 0.881805
v -0.189419 0.164291 0.946492
v -0.274993 0.386428 0.794751
v -0.216061 0.298230 0.881805
v -0.148825 0.197605 0.946492
v -0.222733 0.512596 0.688676
v -0.189418 0.432169 0.794751
v -0.148825 0.334168 0.881805
v -0.102513 0.222360 0.946492
v -0.113548 0.545717 0.688676
v -0.300000 0.433743 0.438250
v -0.300000 0.132865 0.739129
v -0.100000 0.132865 0.739129
v -0.100000 0.433743 0.438250
v -0.100000 0.459294 0.794751
v -0.100000 0.477606 0.773295
v -0.100000 0.132865 0.970911
v -0.105567 0.132865 0.970111
v -0.100000 0.216294 0.948484
v -0.246226 0.569314 0.573821
v -0.123020 0.593336 0.597842
v -0.264721 0.563148 0.567655
v -0.300000 0.544291 0.567655
v -0.100000 0.348979 0.881805
v -0.100000 0.223122 0.946492
v -0.300000 0.471296 0.688676
v -0.300000 0.132865 0.907571
v -0.236453 0.132865 0.937672
v -0.300000 0.175326 0.896821
v -0.157993 0.132865 0.959974
v -0.215209 0.132865 0.946492
v -0.300000 0.274872 0.852782
v -0.300000 0.219394 0.881805
v -0.100000 0.594813 0.599320
v -0.100000 0.547051 0.688676
v -0.300000 0.549100 0.553606
v -0.300000 0.365906 0.794751
v -0.300000 0.423854 0.739905
v -0.100000 0.248684 0.933354
v -0.205309 0.282139 0.892149
v -0.232529 0.284715 0.881805
v -0.117480 0.258494 0.925586
v -0.150342 0.276938 0.908530
v -0.184912 0.314879 0.881805
v -0.232004 0.322091 0.858254
v -0.300000 0.332503 0.816044
v -0.156329 0.352284 0.865713
v -0.100000 0.425997 0.821027
v -0.245819 0.342766 0.837847
v -0.164400 0.371770 0.848404
v -0.300000 0.350996 0.804255
v -0.191781 0.334558 0.864823
vt 0.403086 0.775614
vt 0.402643 0.791706
vt 0.444269 0.750302
vt 0.833167 0.692477
vt 0.830705 0.685698
vt 0.788934 0.703663
vt 0.305435 0.954162
vt 0.345787 0.954162
vt 0.334937 0.915479
vt 0.420237 0.726271
vt 0.415713 0.733862
vt 0.411569 0.742292
vt 0.407794 0.754347
vt 0.404814 0.767811
vt 0.403857 0.772131
vt 0.444269 0.836153
vt 0.410035 0.833463
vt 0.411354 0.836153
vt 0.403184 0.805783
vt 0.842439 0.733799
vt 0.840122 0.714140
vt 0.831395 0.686956
vt 0.822002 0.670596
vt 0.788934 0.789514
vt 0.842992 0.747972
vt 0.834893 0.789514
vt 0.840827 0.769952
vt 0.843441 0.742298
vt 0.345787 0.921247
vt 0.338669 0.917239
vt 0.310079 0.908625
vt 0.305435 0.908204
vt 0.619866 0.887594
vt 0.645060 0.905400
vt 0.638558 0.878666
vt 0.625293 0.930137
vt 0.622571 0.909517
vt 0.579354 0.886786
vt 0.585318 0.886758
vt 0.585137 0.886260
vt 0.602502 0.927922
vt 0.603558 0.913740
vt 0.593648 0.928195
vt 0.586571 0.886171
vt 0.578151 0.923630
vt 0.571692 0.930205
vt 0.584244 0.928721
vt 0.620595 0.930193
vt 0.603830 0.909100
vt 0.597479 0.903928
vt 0.619831 0.909715
vt 0.604017 0.897224
vt 0.590633 0.895893
vt 0.655322 0.931165
vt 0.663497 0.931875
vt 0.663105 0.928891
vt 0.572990 0.897808
vt 0.577207 0.890575
vt 0.657151 0.872785
vt 0.662375 0.886154
vt 0.663068 0.869980
vt 0.571681 0.909396
vt 0.570902 0.915262
vt 0.663497 0.866406
vt 0.950763 0.787100
vt 0.947949 0.780566
vt 0.944157 0.790603
vt 0.604017 0.886424
vt 0.604002 0.885288
vt 0.651190 0.930892
vt 0.942288 0.762995
vt 0.939880 0.774593
vt 0.944732 0.772982
vt 0.829287 0.438938
vt 0.788934 0.524788
vt 0.829287 0.524788
vt 0.861668 0.299839
vt 0.834138 0.259781
vt 0.821316 0.299839
vt 0.954670 0.785028
vt 0.953076 0.790718
vt 0.957430 0.773725
vt 0.962492 0.767069
vt 0.965061 0.763568
vt 0.968456 0.640069
vt 0.970792 0.631794
vt 0.963092 0.639256
vt 0.979114 0.665560
vt 0.973404 0.648635
vt 0.967930 0.648051
vt 0.619969 0.881867
vt 0.634512 0.862080
vt 0.652081 0.859986
vt 0.982959 0.620971
vt 0.977276 0.631499
vt 0.986956 0.622869
vt 0.661953 0.900308
vt 0.922482 0.763214
vt 0.788935 0.438938
vt 0.861668 0.253074
vt 0.860545 0.253236
vt 0.849968 0.255281
vt 0.838424 0.258001
vt 0.821316 0.265854
vt 0.937804 0.805606
vt 0.951601 0.805606
vt 0.986956 0.668987
vt 0.640977 0.854499
vn -1.0000 -0.0000 0.0000
vn 1.0000 0.0000 0.0000
vn 0.0000 0.7071 -0.7071
vn -0.2190 0.7427 0.6328
vn -0.3189 0.7699 0.5528
vn -0.2718 0.6561 0.7041
vn -0.1797 0.8634 0.4714
vn -0.1626 0.8173 0.5528
vn -0.1374 0.4528 0.8810
vn -0.1484 0.3584 0.9217
vn -0.1162 0.3828 0.9165
vn -0.4173 0.2231 0.8810
vn -0.3747 0.2874 0.8815
vn -0.3814 0.2776 0.8818
vn -0.1311 0.2598 0.9567
vn -0.3958 0.3958 0.8286
vn -0.4230 0.4736 0.7725
vn -0.3993 0.3277 0.8563
vn -0.0865 0.8786 0.4696
vn -0.3261 0.2676 0.9067
vn -0.2743 0.2743 0.9217
vn -0.0818 0.8305 0.5509
vn -0.1948 0.2157 0.9568
vn -0.2155 0.3225 0.9217
vn -0.4211 0.7879 0.4493
vn -0.4513 0.8443 0.2890
vn -0.4336 0.8112 0.3923
vn -0.2230 0.4173 0.8810
vn -0.1804 0.4355 0.8819
vn -0.3945 0.5905 0.7041
vn -0.3822 0.6729 0.6334
vn -0.4352 0.5303 0.7276
vn -0.2619 0.3920 0.8819
vn -0.3536 0.4309 0.8303
vn -0.4036 0.4918 0.7715
vn -0.3110 0.4654 0.8286
vn -0.2628 0.4916 0.8303
vn -0.3525 0.5275 0.7730
vn -0.1520 0.2475 0.9569
vn -0.1375 0.2571 0.9565
vn -0.3517 0.8088 0.4713
vn -0.1655 0.5457 0.8215
vn -0.2428 0.5861 0.7730
vn -0.2142 0.5172 0.8286
vn 0.0000 -0.7071 -0.7071
vn -0.0000 -1.0000 0.0000
vn -0.2999 0.5611 0.7715
vn -0.1847 0.6088 0.7715
vn -0.2085 0.6872 0.6959
vn -0.3879 0.7257 0.5682
usemtl Material
s off
f 2282/3694/2121 2283/3695/2121 2257/3696/2121
f 2284/3697/2122 2264/3698/2122 2258/3699/2122
f 2259/3700/2123 2256/3701/2123 2265/3702/2123
f 2257/3696/2121 2272/3703/2121 2274/3704/2121
f 2274/3704/2121 2278/3705/2121 2257/3696/2121
f 2278/3705/2121 2277/3706/2121 2257/3696/2121
f 2291/3707/2121 2296/3708/2121 2257/3696/2121
f 2296/3708/2121 2282/3694/2121 2257/3696/2121
f 2277/3706/2121 2291/3707/2121 2257/3696/2121
f 2256/3709/2121 2257/3696/2121 2283/3695/2121
f 2268/3710/2121 2281/3711/2121 2256/3709/2121
f 2283/3695/2121 2271/3712/2121 2256/3709/2121
f 2271/3712/2121 2268/3710/2121 2256/3709/2121
f 2293/3713/2122 2269/3714/2122 2258/3699/2122
f 2269/3714/2122 2284/3697/2122 2258/3699/2122
f 2284/3697/2122 2270/3715/2122 2264/3698/2122
f 2264/3698/2122 2262/3716/2122 2258/3699/2122
f 2258/3699/2122 2259/3717/2122 2261/3718/2122
f 2259/3717/2122 2279/3719/2122 2280/3720/2122
f 2258/3699/2122 2261/3718/2122 2293/3713/2122
f 2280/3720/2122 2261/3718/2122 2259/3717/2122
f 2261/3718/2122 2260/3721/2122 2293/3713/2122
f 2256/3701/2123 2281/3722/2123 2267/3723/2123
f 2267/3723/2123 2265/3702/2123 2256/3701/2123
f 2265/3702/2123 2266/3724/2123 2259/3700/2123
f 2266/3724/2123 2279/3725/2123 2259/3700/2123
s 1
f 2261/3726/2124 2251/3727/2125 2252/3728/2126
f 2266/3729/2127 2251/3727/2125 2255/3730/2128
f 2284/3731/2129 2254/3732/2130 2270/3733/2131
f 2272/3734/2132 2273/3735/2133 2274/3736/2134
f 2264/3737/2135 2270/3733/2131 2254/3732/2130
f 2246/3738/2136 2277/3739/2137 2278/3740/2138
f 2255/3730/2128 2279/3741/2139 2266/3729/2127
f 2273/3735/2133 2276/3742/2140 2247/3743/2141
f 2255/3730/2128 2261/3726/2124 2280/3744/2142
f 2275/3745/2143 2250/3746/2144 2247/3743/2141
f 2247/3743/2141 2276/3742/2140 2275/3745/2143
f 2267/3747/2145 2281/3748/2146 2268/3749/2147
f 2288/3750/2148 2250/3746/2144 2287/3751/2149
f 2248/3752/2150 2283/3753/2151 2282/3754/2152
f 2283/3753/2151 2252/3728/2126 2251/3727/2125
f 2285/3755/2153 2286/3756/2154 2246/3738/2136
f 2296/3757/2155 2248/3752/2150 2282/3754/2152
f 2249/3758/2156 2289/3759/2157 2290/3760/2158
f 2263/3761/2159 2262/3762/2160 2264/3737/2135
f 2251/3727/2125 2265/3763/2161 2267/3747/2145
f 2269/3764/2162 2292/3765/2163 2253/3766/2164
f 2258/3767/2165 2256/3768/2165 2259/3769/2165
f 2258/3770/2166 2273/3771/2166 2257/3772/2166
f 2285/3773/2153 2249/3758/2156 2286/3774/2154
f 2288/3775/2148 2289/3759/2157 2285/3773/2153
f 2269/3764/2162 2287/3776/2149 2284/3777/2129
f 2277/3739/2137 2246/3738/2136 2286/3756/2154
f 2289/3759/2157 2253/3766/2164 2292/3765/2163
f 2297/3778/2167 2290/3779/2158 2289/3780/2157
f 2286/3774/2154 2249/3758/2156 2290/3760/2158
f 2293/3781/2168 2295/3782/2163 2292/3783/2163
f 2260/3784/2169 2252/3728/2126 2295/3785/2163
f 2252/3728/2126 2248/3752/2150 2294/3786/2158
f 2291/3787/2155 2294/3788/2158 2296/3789/2155
f 2252/3728/2126 2260/3784/2169 2261/3726/2124
f 2261/3726/2124 2255/3730/2128 2251/3727/2125
f 2266/3729/2127 2265/3763/2161 2251/3727/2125
f 2284/3731/2129 2287/3751/2149 2254/3732/2130
f 2255/3730/2128 2280/3744/2142 2279/3741/2139
f 2247/3743/2141 2246/3738/2136 2274/3736/2134
f 2246/3738/2136 2278/3740/2138 2274/3736/2134
f 2274/3736/2134 2273/3735/2133 2247/3743/2141
f 2275/3745/2143 2263/3761/2159 2250/3746/2144
f 2285/3755/2153 2250/3746/2144 2288/3750/2148
f 2250/3746/2144 2254/3732/2130 2287/3751/2149
f 2251/3727/2125 2271/3790/2170 2283/3753/2151
f 2283/3753/2151 2248/3752/2150 2252/3728/2126
f 2246/3738/2136 2247/3743/2141 2285/3755/2153
f 2247/3743/2141 2250/3746/2144 2285/3755/2153
f 2296/3757/2155 2294/3786/2158 2248/3752/2150
f 2254/3732/2130 2250/3746/2144 2264/3737/2135
f 2250/3746/2144 2263/3761/2159 2264/3737/2135
f 2267/3747/2145 2268/3749/2147 2251/3727/2125
f 2268/3749/2147 2271/3790/2170 2251/3727/2125
f 2269/3764/2162 2293/3791/2168 2292/3765/2163
f 2258/3767/2165 2257/3792/2165 2256/3768/2165
f 2258/3770/2166 2262/3793/2166 2263/3794/2166
f 2263/3794/2166 2275/3795/2166 2258/3770/2166
f 2275/3795/2166 2276/3796/2166 2258/3770/2166
f 2276/3796/2166 2273/3771/2166 2258/3770/2166
f 2273/3771/2166 2272/3797/2166 2257/3772/2166
f 2288/3775/2148 2287/3776/2149 2253/3766/2164
f 2253/3766/2164 2289/3759/2157 2288/3775/2148
f 2289/3759/2157 2249/3758/2156 2285/3773/2153
f 2269/3764/2162 2253/3766/2164 2287/3776/2149
f 2289/3780/2157 2292/3783/2163 2297/3778/2167
f 2292/3783/2163 2295/3782/2163 2297/3778/2167
f 2297/3778/2167 2294/3788/2158 2290/3779/2158
f 2290/3760/2158 2291/3798/2155 2277/3799/2137
f 2277/3799/2137 2286/3774/2154 2290/3760/2158
f 2293/3781/2168 2260/3800/2169 2295/3782/2163
f 2297/3801/2167 2295/3785/2163 2294/3786/2158
f 2295/3785/2163 2252/3728/2126 2294/3786/2158
f 2291/3787/2155 2290/3779/2158 2294/3788/2158
o Cube.001_Cube.002
v 0.113548 0.324689 -1.230711
v 0.102513 0.735641 -1.184367
v 0.148825 0.610840 -1.217687
v 0.189419 0.479987 -1.225427
v 0.222733 0.348109 -1.207291
v 0.148825 0.753146 -1.166862
v 0.216061 0.636252 -1.192275
v 0.274993 0.512330 -1.193084
v 0.189419 0.776702 -1.143306
v 0.274993 0.670451 -1.158076
v 0.105567 0.815625 -1.137786
v 0.215210 0.798924 -1.121084
v 0.236452 0.792687 -1.114848
v 0.157992 0.808457 -1.130617
v 0.300000 0.226789 -1.137595
v 0.300000 0.240123 -1.144128
v 0.300000 0.226789 -0.974456
v 0.300000 0.652296 -0.974456
v 0.300000 0.447084 -1.180766
v 0.300000 0.377313 -1.178088
v 0.300000 0.632246 -1.155236
v 0.300000 0.526842 -1.178572
v 0.300000 0.691997 -1.136529
v 0.300000 0.733776 -1.115986
v 0.300000 0.771403 -1.093563
v 0.100000 0.652296 -0.974456
v 0.100000 0.741339 -1.181486
v 0.100000 0.816191 -1.138351
v 0.100000 0.735102 -1.184906
v 0.100000 0.323746 -1.231655
v 0.100000 0.226789 -1.202244
v 0.100000 0.226789 -0.974456
v 0.100000 0.600367 -1.228160
v 0.100000 0.460806 -1.244608
v 0.100000 0.432686 -1.242385
v 0.123020 0.226789 -1.200154
v 0.264722 0.226789 -1.157462
v 0.246226 0.226789 -1.166183
v 0.186844 0.488287 -1.224936
v 0.234990 0.497211 -1.208203
v 0.287808 0.478895 -1.186772
v 0.300000 0.474674 -1.180007
v 0.163882 0.483930 -1.229795
v 0.278220 0.665522 -1.157709
v 0.300000 0.700136 -1.132527
v 0.100000 0.543450 -1.234868
v 0.227839 0.611485 -1.192436
v 0.159958 0.574954 -1.219810
v 0.288803 0.682350 -1.146177
v 0.253037 0.625409 -1.177969
v 0.218845 0.630398 -1.192313
v 0.252235 0.657244 -1.171282
v 0.100000 0.567197 -1.232069
v 0.267063 0.680297 -1.156707
v 0.153666 0.595236 -1.218610
v 0.243959 0.644434 -1.177858
vt 0.066611 0.816342
vt 0.070358 0.804372
vt 0.102826 0.812326
vt 0.174985 0.785074
vt 0.177135 0.763251
vt 0.228659 0.743827
vt 0.927093 0.704337
vt 0.951775 0.711142
vt 0.922482 0.749550
vt 0.071160 0.802742
vt 0.074474 0.796003
vt 0.078965 0.788465
vt 0.102826 0.897567
vt 0.061496 0.853435
vt 0.061648 0.847908
vt 0.070144 0.897567
vt 0.068836 0.894896
vt 0.062033 0.867413
vt 0.061936 0.837458
vt 0.228659 0.829068
vt 0.195826 0.861901
vt 0.187185 0.846906
vt 0.186500 0.845657
vt 0.177835 0.818666
vt 0.177052 0.812021
vt 0.176491 0.807263
vt 0.174540 0.790708
vt 0.183027 0.743827
vt 0.962547 0.716869
vt 0.962547 0.749550
vt 0.955480 0.712889
vt 0.922482 0.703918
vt 0.177265 0.908758
vt 0.174540 0.908914
vt 0.174894 0.886933
vt 0.174994 0.929261
vt 0.179660 0.929275
vt 0.199678 0.905008
vt 0.205359 0.930411
vt 0.193629 0.878317
vt 0.193243 0.876615
vt 0.203565 0.875346
vt 0.501234 0.920441
vt 0.501737 0.920285
vt 0.501756 0.921715
vt 0.188486 0.877242
vt 0.175077 0.881236
vt 0.477230 0.902111
vt 0.490754 0.895094
vt 0.910188 0.909854
vt 0.912593 0.900080
vt 0.915789 0.906609
vt 0.214804 0.879679
vt 0.217161 0.886228
vt 0.491893 0.925275
vt 0.466743 0.913240
vt 0.469723 0.907761
vt 0.500462 0.891956
vt 0.209455 0.930746
vt 0.217213 0.928611
vt 0.217556 0.931578
vt 0.909492 0.931473
vt 0.911348 0.941752
vt 0.908607 0.943986
vt 0.919845 0.929483
vt 0.489893 0.938496
vt 0.483574 0.931656
vt 0.459499 0.935340
vt 0.459718 0.926541
vt 0.473509 0.937175
vt 0.478104 0.937690
vt 0.788934 0.888199
vt 0.829000 0.802958
vt 0.829000 0.888199
vt 0.860527 0.913670
vt 0.864783 0.911903
vt 0.887863 0.953444
vt 0.924186 0.903181
vt 0.939007 0.900007
vt 0.952035 0.911736
vt 0.939807 0.918360
vt 0.925468 0.926312
vt 0.217556 0.880689
vt 0.966614 0.917886
vt 0.973572 0.903382
vt 0.970694 0.918858
vt 0.965480 0.924239
vt 0.969589 0.925211
vt 0.908359 0.945786
vt 0.969624 0.901780
vt 0.976002 0.891198
vt 0.969578 0.938588
vt 0.968379 0.934142
vt 0.969558 0.934232
vt 0.972095 0.934427
vt 0.970846 0.943451
vt 0.970484 0.928415
vt 0.489494 0.892071
vt 0.476538 0.901010
vt 0.471312 0.904819
vt 0.909749 0.899382
vt 0.216511 0.900239
vt 0.501756 0.939086
vt 0.500626 0.939044
vt 0.914053 0.938025
vt 0.788934 0.802958
vt 0.876245 0.909202
vt 0.886747 0.907171
vt 0.887863 0.907011
vt 0.847797 0.953444
vt 0.847797 0.919700
vt 0.934324 0.900988
vt 0.952035 0.895056
vt 0.972312 0.888145
vt 0.976002 0.948923
vt 0.499906 0.885288
vn 1.0000 0.0000 0.0000
vn -1.0000 0.0000 0.0000
vn 0.0000 -1.0000 0.0000
vn 0.1626 -0.1871 -0.9688
vn 0.0818 -0.1977 -0.9768
vn 0.2190 -0.0777 -0.9726
vn 0.0865 -0.2892 -0.9534
vn 0.1797 -0.2772 -0.9439
vn 0.3189 -0.1535 -0.9353
vn 0.3517 -0.2386 -0.9052
vn 0.2718 0.0339 -0.9618
vn 0.2428 0.1322 -0.9610
vn 0.3341 0.0568 -0.9408
vn 0.1484 0.3983 -0.9052
vn 0.1161 0.3773 -0.9188
vn 0.1311 0.4928 -0.8602
vn 0.1847 0.1150 -0.9760
vn 0.2085 0.0062 -0.9780
vn 0.3110 0.2568 -0.9151
vn 0.2142 0.2203 -0.9516
vn 0.4352 0.1396 -0.8895
vn 0.4295 -0.0059 -0.9031
vn 0.3945 0.0803 -0.9154
vn 0.3822 -0.0279 -0.9237
vn 0.2155 0.4237 -0.8798
vn 0.3333 0.3879 -0.8593
vn 0.3536 0.2824 -0.8917
vn 0.1655 0.1950 -0.9667
vn 0.4211 -0.2394 -0.8748
vn 0.4336 -0.2962 -0.8510
vn 0.4513 -0.3926 -0.8014
vn 0.4230 0.2114 -0.8811
vn 0.4309 0.3370 -0.8371
vn 0.3993 0.3737 -0.8372
vn 0.4036 0.1978 -0.8933
vn 0.1948 0.5241 -0.8291
vn 0.2743 0.4578 -0.8457
vn 0.4173 0.4652 -0.7807
vn 0.3814 0.4272 -0.8198
vn 0.3747 0.4201 -0.8265
vn 0.3261 0.4519 -0.8303
vn 0.0000 -0.0000 1.0000
vn 0.0000 0.7071 0.7071
vn 0.3524 0.1736 -0.9196
vn 0.4913 0.0239 -0.8706
vn 0.3658 0.4107 -0.8352
vn 0.4486 0.2294 -0.8638
vn 0.3958 0.3061 -0.8658
vn 0.3879 -0.1114 -0.9149
vn 0.1375 0.4946 -0.8582
vn 0.1520 0.5016 -0.8516
usemtl Material
s off
f 2318/3802/2171 2320/3803/2171 2315/3804/2171
f 2332/3805/2172 2327/3806/2172 2329/3807/2172
f 2333/3808/2173 2335/3809/2173 2329/3810/2173
f 2342/3811/2171 2321/3812/2171 2315/3804/2171
f 2321/3812/2171 2322/3813/2171 2315/3804/2171
f 2315/3804/2171 2314/3814/2171 2316/3815/2171
f 2339/3816/2171 2315/3804/2171 2316/3815/2171
f 2314/3814/2171 2312/3817/2171 2313/3818/2171
f 2313/3818/2171 2317/3819/2171 2314/3814/2171
f 2317/3819/2171 2316/3815/2171 2314/3814/2171
f 2339/3816/2171 2319/3820/2171 2315/3804/2171
f 2319/3820/2171 2318/3802/2171 2315/3804/2171
f 2320/3803/2171 2342/3811/2171 2315/3804/2171
f 2329/3807/2172 2323/3821/2172 2332/3805/2172
f 2323/3821/2172 2325/3822/2172 2324/3823/2172
f 2326/3824/2172 2323/3821/2172 2324/3823/2172
f 2326/3824/2172 2330/3825/2172 2323/3821/2172
f 2330/3825/2172 2350/3826/2172 2323/3821/2172
f 2343/3827/2172 2331/3828/2172 2323/3821/2172
f 2331/3828/2172 2332/3805/2172 2323/3821/2172
f 2350/3826/2172 2343/3827/2172 2323/3821/2172
f 2327/3806/2172 2328/3829/2172 2329/3807/2172
f 2312/3830/2173 2314/3831/2173 2334/3832/2173
f 2314/3831/2173 2329/3810/2173 2335/3809/2173
f 2334/3832/2173 2314/3831/2173 2335/3809/2173
f 2329/3810/2173 2328/3833/2173 2333/3808/2173
s 1
f 2298/3834/2174 2327/3835/2175 2332/3836/2176
f 2298/3834/2174 2328/3837/2177 2327/3835/2175
f 2333/3838/2178 2302/3839/2179 2335/3840/2180
f 2302/3839/2179 2298/3834/2174 2332/3836/2176
f 2301/3841/2181 2336/3842/2182 2337/3843/2183
f 2299/3844/2184 2326/3845/2185 2324/3846/2186
f 2340/3847/2187 2301/3841/2181 2331/3848/2188
f 2299/3844/2184 2304/3849/2189 2300/3850/2190
f 2319/3851/2191 2338/3852/2192 2305/3853/2193
f 2337/3843/2183 2338/3854/2192 2316/3855/2194
f 2303/3856/2195 2351/3857/2196 2349/3858/2197
f 2303/3856/2195 2299/3844/2184 2324/3846/2186
f 2326/3845/2185 2300/3850/2190 2330/3859/2198
f 2334/3860/2199 2335/3840/2180 2302/3839/2179
f 2313/3861/2200 2312/3862/2201 2334/3860/2199
f 2318/3863/2202 2346/3864/2203 2320/3865/2204
f 2347/3866/2205 2318/3863/2202 2319/3851/2191
f 2303/3856/2195 2311/3867/2206 2306/3868/2207
f 2322/3869/2208 2321/3870/2209 2310/3871/2210
f 2306/3868/2207 2311/3867/2206 2309/3872/2211
f 2310/3871/2210 2351/3857/2196 2306/3868/2207
f 2314/3873/2212 2323/3874/2212 2329/3875/2212
f 2310/3876/2213 2309/3877/2213 2323/3878/2213
f 2338/3852/2192 2337/3879/2183 2305/3853/2193
f 2340/3880/2187 2343/3881/2187 2345/3882/2182
f 2344/3883/2214 2337/3879/2183 2345/3882/2182
f 2338/3854/2192 2339/3884/2215 2316/3855/2194
f 2344/3885/2214 2352/3886/2182 2348/3887/2214
f 2347/3888/2205 2348/3887/2214 2353/3889/2205
f 2346/3864/2203 2342/3890/2216 2320/3865/2204
f 2345/3891/2182 2350/3892/2187 2352/3886/2182
f 2346/3893/2203 2341/3894/2217 2307/3895/2218
f 2346/3893/2203 2351/3896/2196 2342/3897/2216
f 2349/3898/2197 2351/3896/2196 2307/3895/2218
f 2352/3899/2182 2330/3859/2198 2300/3850/2190
f 2348/3900/2214 2300/3850/2190 2304/3849/2189
f 2353/3901/2205 2304/3849/2189 2349/3858/2197
f 2298/3834/2174 2333/3838/2178 2328/3837/2177
f 2333/3838/2178 2298/3834/2174 2302/3839/2179
f 2331/3848/2188 2301/3841/2181 2332/3836/2176
f 2301/3841/2181 2302/3839/2179 2332/3836/2176
f 2340/3847/2187 2336/3842/2182 2301/3841/2181
f 2299/3844/2184 2303/3856/2195 2304/3849/2189
f 2319/3851/2191 2339/3902/2215 2338/3852/2192
f 2317/3903/2219 2302/3839/2179 2316/3855/2194
f 2302/3839/2179 2301/3841/2181 2337/3843/2183
f 2316/3855/2194 2302/3839/2179 2337/3843/2183
f 2349/3858/2197 2304/3849/2189 2303/3856/2195
f 2303/3856/2195 2306/3868/2207 2351/3857/2196
f 2325/3904/2220 2308/3905/2221 2324/3846/2186
f 2308/3905/2221 2303/3856/2195 2324/3846/2186
f 2326/3845/2185 2299/3844/2184 2300/3850/2190
f 2302/3839/2179 2317/3903/2219 2313/3861/2200
f 2313/3861/2200 2334/3860/2199 2302/3839/2179
f 2318/3863/2202 2341/3906/2217 2346/3864/2203
f 2319/3851/2191 2305/3853/2193 2344/3883/2214
f 2347/3866/2205 2341/3906/2217 2318/3863/2202
f 2319/3851/2191 2344/3883/2214 2347/3866/2205
f 2303/3856/2195 2308/3905/2221 2311/3867/2206
f 2306/3868/2207 2309/3872/2211 2310/3871/2210
f 2310/3871/2210 2321/3870/2209 2351/3857/2196
f 2314/3873/2212 2315/3907/2212 2323/3874/2212
f 2311/3908/2213 2308/3909/2213 2323/3878/2213
f 2308/3909/2213 2325/3910/2213 2323/3878/2213
f 2323/3878/2213 2315/3911/2213 2310/3876/2213
f 2311/3908/2213 2323/3878/2213 2309/3877/2213
f 2315/3911/2213 2322/3912/2213 2310/3876/2213
f 2345/3882/2182 2336/3913/2182 2340/3880/2187
f 2340/3880/2187 2331/3914/2188 2343/3881/2187
f 2305/3853/2193 2337/3879/2183 2344/3883/2214
f 2337/3879/2183 2336/3913/2182 2345/3882/2182
f 2344/3885/2214 2345/3891/2182 2352/3886/2182
f 2307/3895/2218 2341/3894/2217 2349/3898/2197
f 2341/3894/2217 2347/3888/2205 2349/3898/2197
f 2347/3888/2205 2344/3885/2214 2348/3887/2214
f 2353/3889/2205 2349/3898/2197 2347/3888/2205
f 2345/3891/2182 2343/3915/2187 2350/3892/2187
f 2307/3895/2218 2351/3896/2196 2346/3893/2203
f 2351/3896/2196 2321/3916/2209 2342/3897/2216
f 2352/3899/2182 2350/3917/2187 2330/3859/2198
f 2348/3900/2214 2352/3899/2182 2300/3850/2190
f 2353/3901/2205 2348/3900/2214 2304/3849/2189
o Cube_Cube.065
v -0.756103 0.035803 0.734665
v -0.756103 0.008798 -0.734665
v -0.756103 0.008798 0.734665
v -0.756103 0.035803 -0.734665
v 0.756103 0.008798 -0.734665
v 0.756103 0.035803 -0.734665
v 0.756103 0.008798 0.734665
v 0.756103 0.035803 0.734665
vt 0.625000 0.000000
vt 0.375000 0.250000
vt 0.375000 0.000000
vt 0.625000 0.250000
vt 0.375000 0.500000
vt 0.625000 0.500000
vt 0.375000 0.750000
vt 0.625000 0.750000
vt 0.375000 1.000000
vt 0.125000 0.750000
vt 0.125000 0.500000
vt 0.875000 0.500000
vt 0.625000 1.000000
vt 0.875000 0.750000
vn -1.0000 0.0000 0.0000
vn 0.0000 0.0000 -1.0000
vn 1.0000 0.0000 0.0000
vn 0.0000 0.0000 1.0000
vn 0.0000 -1.0000 -0.0000
vn 0.0000 1.0000 0.0000
usemtl None
s 1
f 2354/3918/2222 2355/3919/2222 2356/3920/2222
f 2357/3921/2223 2358/3922/2223 2355/3919/2223
f 2359/3923/2224 2360/3924/2224 2358/3922/2224
f 2361/3925/2225 2356/3926/2225 2360/3924/2225
f 2358/3922/2226 2356/3927/2226 2355/3928/2226
f 2357/3929/2227 2361/3925/2227 2359/3923/2227
f 2354/3918/2222 2357/3921/2222 2355/3919/2222
f 2357/3921/2223 2359/3923/2223 2358/3922/2223
f 2359/3923/2224 2361/3925/2224 2360/3924/2224
f 2361/3925/2225 2354/3930/2225 2356/3926/2225
f 2358/3922/2226 2360/3924/2226 2356/3927/2226
f 2357/3929/2227 2354/3931/2227 2361/3925/2227
