# Blender v2.82 (sub 7) OBJ File: ''
# www.blender.org
mtllib Skyress Hitbox.mtl
o Cube_Cube.065
v -0.756103 0.020919 0.734665
v -0.756103 0.047924 0.734665
v -0.756103 0.020919 -0.734665
v -0.756103 0.047924 -0.734665
v 0.756103 0.020919 0.734665
v 0.756103 0.047924 0.734665
v 0.756103 0.020919 -0.734665
v 0.756103 0.047924 -0.734665
vt 0.375000 0.000000
vt 0.625000 0.000000
vt 0.625000 0.250000
vt 0.375000 0.250000
vt 0.625000 0.500000
vt 0.375000 0.500000
vt 0.625000 0.750000
vt 0.375000 0.750000
vt 0.625000 1.000000
vt 0.375000 1.000000
vt 0.125000 0.500000
vt 0.125000 0.750000
vt 0.875000 0.500000
vt 0.875000 0.750000
vn -1.0000 0.0000 0.0000
vn 0.0000 0.0000 -1.0000
vn 1.0000 0.0000 0.0000
vn 0.0000 0.0000 1.0000
vn 0.0000 -1.0000 0.0000
vn 0.0000 1.0000 0.0000
usemtl None
s off
f 1/1/1 2/2/1 4/3/1 3/4/1
f 3/4/2 4/3/2 8/5/2 7/6/2
f 7/6/3 8/5/3 6/7/3 5/8/3
f 5/8/4 6/7/4 2/9/4 1/10/4
f 3/11/5 7/6/5 5/8/5 1/12/5
f 8/5/6 4/13/6 2/14/6 6/7/6
o Mesh_0014.rip_Mesh_0014.rip_mesh0000.035
v -0.544922 0.918891 0.000000
v -0.675781 0.901313 0.000000
v -0.646484 0.975532 0.000000
v -0.320312 0.448188 0.000000
v -0.320312 0.284126 0.437500
v -0.320312 0.407172 0.531250
v -0.179688 0.547797 0.654297
v -0.320312 0.407172 0.531250
v -0.179688 0.383735 0.585937
v -0.646484 0.975532 0.000000
v -0.482422 0.879829 0.035156
v -0.544922 0.918891 0.000000
v -0.091797 0.721626 0.492188
v -0.091797 0.721626 0.638672
v -0.091797 0.721626 0.544922
v -0.216797 1.291938 0.068359
v -0.216797 1.360298 0.169922
v -0.216797 1.270454 0.138672
v -0.121094 0.471626 -0.443359
v -0.121094 0.721626 -0.462891
v -0.099609 0.721626 -0.462891
v -0.349609 0.877876 0.585938
v -0.179688 0.895454 0.654297
v -0.214844 0.973579 0.605469
v -0.121094 0.721626 -0.683594
v -0.121094 0.721626 -0.462891
v -0.121094 0.545845 -0.660156
v -0.349609 0.565376 0.585938
v -0.320312 0.407172 0.531250
v -0.179688 0.547797 0.654297
v -0.607422 0.475532 -0.246094
v -0.492188 0.360298 -0.335938
v -0.603516 0.418891 -0.179688
v -0.494141 0.721626 -0.494141
v -0.494141 0.594673 -0.478516
v -0.607422 0.631782 -0.337891
v 0.179688 0.547797 0.654297
v 0.179688 0.383735 0.585937
v 0.320312 0.407172 0.531250
v 0.544922 0.918891 0.000000
v 0.646484 0.975532 0.000000
v 0.675781 0.901313 0.000000
v -0.675781 0.541938 0.000000
v -0.638672 0.448188 0.000000
v -0.634766 0.448188 0.072266
v 0.333984 0.870063 0.277344
v 0.333984 0.788032 0.279297
v 0.333984 0.940376 0.156250
v 0.333984 0.813423 -0.492187
v 0.273438 0.813423 -0.492187
v 0.273438 0.811469 -0.199219
v 0.214844 0.973579 0.546875
v 0.214844 0.973579 0.605469
v 0.214844 1.051704 0.572266
v 0.216797 1.291938 0.068359
v 0.216797 1.270454 0.138672
v 0.216797 1.360298 0.169922
v 0.216797 1.291938 0.068359
v 0.343750 1.123969 0.037109
v 0.310547 1.102485 0.105469
v 0.376953 1.100532 0.214844
v 0.492188 0.909126 0.232422
v 0.472656 0.870063 0.421875
v 0.376953 1.100532 0.214844
v 0.310547 1.102485 0.105469
v 0.447266 1.213813 0.220703
v 0.646484 0.975532 0.000000
v 0.628906 0.975532 0.146484
v 0.642578 0.977485 0.068359
v 0.376953 1.100532 0.214844
v 0.447266 1.213813 0.220703
v 0.498047 1.145454 0.228516
v 0.121094 0.471626 -0.443359
v 0.099609 0.721626 -0.462891
v 0.121094 0.721626 -0.462891
v 0.591797 0.721626 0.000000
v 0.472656 0.721626 0.462891
v 0.576172 0.721626 0.210938
v 0.121094 0.721626 -0.462891
v 0.093750 0.721626 -0.093750
v 0.591797 0.721626 0.000000
v 0.496094 0.434516 0.394531
v 0.320312 0.407172 0.531250
v 0.320312 0.448188 0.000000
v 0.701172 0.721626 0.000000
v 0.675781 0.631782 -0.156250
v 0.675781 0.721626 -0.179688
v 0.621094 0.448188 0.158203
v 0.675781 0.565376 0.089844
v 0.607422 0.475532 0.246094
v 0.179688 0.383735 -0.585938
v 0.320312 0.305610 -0.453125
v 0.179688 0.243110 -0.478516
v 0.320312 0.123969 -0.160156
v 0.320312 0.448188 0.000000
v 0.320312 0.102485 0.000000
v 0.320312 0.123969 0.160156
v 0.496094 0.434516 0.394531
v 0.560547 0.444282 0.298828
v 0.494141 0.475532 0.427734
v 0.607422 0.475532 0.246094
v 0.603516 0.418891 -0.179688
v 0.320312 0.448188 0.000000
v 0.492188 0.360298 -0.335938
v 0.320312 0.305610 -0.453125
v 0.349609 0.877876 0.585938
v 0.349609 1.024360 0.525391
v 0.214844 0.973579 0.605469
v 0.214844 1.051704 0.572266
v 0.091797 0.721626 0.687500
v 0.082031 0.661079 0.681641
v 0.179688 0.721626 0.675781
v 0.179688 0.547797 0.654297
v 0.091797 0.721626 0.492188
v 0.000000 0.721626 0.492188
v 0.091797 0.721626 0.544922
v 0.000000 0.721626 0.542969
v 0.136719 0.973579 0.626953
v 0.214844 0.973579 0.605469
v 0.136719 0.973579 0.564453
v 0.214844 0.973579 0.546875
v 0.179688 0.547797 0.654297
v 0.082031 0.661079 0.681641
v 0.000000 0.541938 0.675781
v 0.000000 0.661079 0.691406
v 0.216797 1.293891 0.330078
v 0.216797 1.360298 0.169922
v 0.216797 1.227485 0.289063
v 0.216797 1.270454 0.138672
v 0.591797 0.721626 0.000000
v 0.544922 0.918891 0.000000
v 0.701172 0.721626 0.000000
v 0.675781 0.901313 0.000000
v 0.492188 0.909126 0.232422
v 0.466797 0.875923 0.125000
v 0.576172 0.721626 0.210938
v 0.591797 0.721626 0.000000
v 0.544922 0.918891 0.000000
v 0.591797 0.721626 0.000000
v 0.482422 0.879829 0.035156
v 0.466797 0.875923 0.125000
v 0.091797 0.721626 0.123047
v 0.591797 0.721626 0.000000
v 0.091797 0.721626 0.083984
v 0.093750 0.721626 -0.093750
v 0.216797 1.227485 0.289063
v 0.359375 1.055610 0.375000
v 0.216797 1.143501 0.433594
v 0.214844 0.973579 0.546875
v 0.216797 1.323188 0.000000
v 0.394531 1.155219 0.000000
v 0.216797 1.291938 0.068359
v 0.343750 1.123969 0.037109
v 0.136719 0.973579 0.564453
v 0.091797 0.721626 0.638672
v 0.091797 0.721626 0.687500
v 0.082031 0.661079 0.681641
v 0.136719 0.973579 0.564453
v 0.091797 0.721626 0.687500
v 0.136719 0.973579 0.626953
v 0.123047 0.897407 0.660156
v 0.216797 1.188422 0.466797
v 0.216797 1.143501 0.433594
v 0.214844 1.051704 0.572266
v 0.214844 0.973579 0.546875
v 0.216797 1.227485 0.289063
v 0.216797 1.143501 0.433594
v 0.216797 1.293891 0.330078
v 0.216797 1.188422 0.466797
v 0.121094 0.471626 -0.443359
v 0.099609 0.526313 -0.326172
v 0.099609 0.721626 -0.462891
v 0.093750 0.721626 -0.316406
v 0.179688 0.383735 -0.585938
v 0.121094 0.471626 -0.630859
v 0.179688 0.547798 -0.654297
v 0.121094 0.545845 -0.660156
v 0.093750 0.721626 -0.093750
v 0.093750 0.721626 -0.316406
v 0.000000 0.721626 -0.095703
v 0.000000 0.721626 -0.318359
v 0.000000 0.721626 0.125000
v 0.091797 0.721626 0.123047
v 0.000000 0.721626 0.083984
v 0.091797 0.721626 0.083984
v 0.000000 0.577094 0.083984
v 0.091797 0.577094 0.083984
v 0.000000 0.577094 -0.095703
v 0.091797 0.577094 -0.095703
v 0.091797 0.577094 0.492187
v 0.091797 0.577094 0.125000
v 0.000000 0.577094 0.492187
v 0.000000 0.577094 0.125000
v 0.082031 0.661079 0.539062
v 0.000000 0.661079 0.542969
v 0.082031 0.661079 0.681641
v 0.000000 0.661079 0.691406
v 0.091797 0.721626 0.492188
v 0.091797 0.577094 0.492187
v 0.000000 0.721626 0.492188
v 0.000000 0.577094 0.492187
v 0.000000 0.721626 0.542969
v 0.000000 0.661079 0.542969
v 0.091797 0.721626 0.544922
v 0.082031 0.661079 0.539062
v 0.093750 0.721626 -0.316406
v 0.099609 0.526313 -0.326172
v 0.000000 0.721626 -0.318359
v 0.000000 0.526313 -0.326172
v 0.000000 0.721626 -0.095703
v 0.000000 0.577094 -0.095703
v 0.093750 0.721626 -0.093750
v 0.091797 0.577094 -0.095703
v 0.091797 0.721626 0.083984
v 0.091797 0.577094 0.083984
v 0.000000 0.721626 0.083984
v 0.000000 0.577094 0.083984
v 0.000000 0.721626 0.125000
v 0.000000 0.577094 0.125000
v 0.091797 0.721626 0.123047
v 0.091797 0.577094 0.125000
v 0.261719 0.721626 0.603516
v 0.091797 0.721626 0.492188
v 0.091797 0.721626 0.638672
v 0.091797 0.721626 0.544922
v 0.093750 0.721626 -0.093750
v 0.091797 0.577094 -0.095703
v 0.091797 0.721626 0.083984
v 0.091797 0.577094 0.083984
v 0.082031 0.661079 0.681641
v 0.091797 0.721626 0.638672
v 0.082031 0.661079 0.539062
v 0.091797 0.721626 0.544922
v 0.091797 0.721626 0.123047
v 0.091797 0.577094 0.125000
v 0.091797 0.721626 0.492188
v 0.091797 0.577094 0.492187
v 0.093750 0.721626 -0.093750
v 0.121094 0.721626 -0.462891
v 0.093750 0.721626 -0.316406
v 0.099609 0.721626 -0.462891
v 0.216797 1.291938 0.068359
v 0.216797 1.360298 0.169922
v 0.216797 1.323188 0.000000
v 0.216797 1.383735 0.000000
v 0.628906 0.975532 0.146484
v 0.646484 0.975532 0.000000
v 0.607422 0.971626 0.242188
v 0.492188 0.909126 0.232422
v 0.607422 0.971626 0.242188
v 0.492188 0.909126 0.232422
v 0.498047 1.145454 0.228516
v 0.376953 1.100532 0.214844
v 0.333984 0.870063 0.277344
v 0.113281 0.870063 0.277344
v 0.333984 0.788032 0.279297
v 0.113281 0.788032 0.279297
v 0.333984 0.788032 0.279297
v 0.113281 0.788032 0.279297
v 0.333984 0.719673 0.230469
v 0.113281 0.719673 0.230469
v 0.113281 0.870063 0.277344
v 0.333984 0.870063 0.277344
v 0.113281 0.940376 0.156250
v 0.333984 0.940376 0.156250
v 0.113281 0.811469 -0.199219
v 0.113281 0.940376 0.156250
v 0.333984 0.813423 -0.197266
v 0.333984 0.940376 0.156250
v 0.333984 0.813423 -0.492187
v 0.273438 0.811469 -0.199219
v 0.333984 0.813423 -0.197266
v 0.113281 0.811469 -0.199219
v 0.333984 0.719673 0.230469
v 0.333984 0.696235 -0.492188
v 0.333984 0.813423 -0.197266
v 0.333984 0.813423 -0.492187
v 0.333984 0.940376 0.156250
v 0.333984 0.788032 0.279297
v 0.333984 0.813423 -0.197266
v 0.333984 0.719673 0.230469
v 0.333984 0.813423 -0.492187
v 0.333984 0.696235 -0.492188
v 0.273438 0.813423 -0.492187
v 0.273438 0.696235 -0.492188
v 0.273438 0.813423 -0.492187
v 0.273438 0.696235 -0.492188
v 0.273438 0.811469 -0.199219
v 0.273438 0.696235 -0.261719
v 0.113281 0.696235 -0.261719
v 0.113281 0.811469 -0.199219
v 0.273438 0.696235 -0.261719
v 0.273438 0.811469 -0.199219
v 0.589844 1.032173 0.095703
v 0.632812 0.967719 0.099609
v 0.564453 1.012641 0.044922
v 0.605469 0.948188 0.048828
v 0.564453 1.012641 0.044922
v 0.605469 0.948188 0.048828
v 0.513672 0.979438 0.031250
v 0.554688 0.916938 0.035156
v 0.513672 0.979438 0.031250
v 0.554688 0.916938 0.035156
v 0.468750 0.954048 0.064453
v 0.509766 0.891548 0.068359
v 0.468750 0.954048 0.064453
v 0.509766 0.891548 0.068359
v 0.455078 0.950141 0.123047
v 0.498047 0.887641 0.128906
v 0.455078 0.950141 0.123047
v 0.498047 0.887641 0.128906
v 0.482422 0.969673 0.175781
v 0.523438 0.907173 0.179688
v 0.482422 0.969673 0.175781
v 0.523438 0.907173 0.179688
v 0.533203 1.000923 0.187500
v 0.574219 0.938423 0.193359
v 0.533203 1.000923 0.187500
v 0.574219 0.938423 0.193359
v 0.578125 1.028266 0.156250
v 0.619141 0.963813 0.160156
v 0.578125 1.028266 0.156250
v 0.619141 0.963813 0.160156
v 0.589844 1.032173 0.095703
v 0.632812 0.967719 0.099609
v 0.349609 1.247016 0.302734
v 0.447266 1.213813 0.220703
v 0.349609 1.307563 0.156250
v 0.472656 1.223579 0.130859
v 0.136719 0.973579 0.564453
v 0.214844 0.973579 0.546875
v 0.091797 0.721626 0.638672
v 0.261719 0.721626 0.603516
v 0.320312 0.123969 -0.160156
v 0.320312 0.186469 -0.308594
v 0.320312 0.448188 0.000000
v 0.320312 0.305610 -0.453125
v 0.099609 0.526313 -0.326172
v 0.121094 0.471626 -0.443359
v 0.000000 0.526313 -0.326172
v 0.000000 0.471626 -0.449219
v 0.000000 0.471626 -0.449219
v 0.121094 0.471626 -0.443359
v 0.000000 0.471626 -0.648438
v 0.121094 0.471626 -0.630859
v -0.675781 0.811469 0.156250
v -0.675781 0.877876 0.089844
v -0.701172 0.721626 0.000000
v -0.675781 0.901313 0.000000
v -0.642578 0.977485 0.068359
v -0.646484 0.975532 0.000000
v -0.675781 0.877876 0.089844
v -0.675781 0.901313 0.000000
v -0.607422 0.967719 0.246094
v -0.628906 0.975532 0.146484
v -0.675781 0.877876 0.089844
v -0.642578 0.977485 0.068359
v -0.498047 1.145454 0.228516
v -0.607422 0.971626 0.242188
v -0.607422 0.967719 0.246094
v -0.628906 0.975532 0.146484
v -0.675781 0.811469 0.156250
v -0.607422 0.895454 0.302734
v -0.675781 0.877876 0.089844
v -0.607422 0.967719 0.246094
v -0.607422 0.631782 0.337891
v -0.607422 0.721626 0.349609
v -0.675781 0.721626 0.179688
v -0.607422 0.811469 0.337891
v -0.675781 0.631782 0.156250
v -0.607422 0.547798 0.302734
v -0.675781 0.721626 0.179688
v -0.607422 0.631782 0.337891
v -0.621094 0.448188 0.158203
v -0.675781 0.565376 0.089844
v -0.634766 0.448188 0.072266
v -0.675781 0.541938 0.000000
v -0.494141 0.721626 -0.494141
v -0.607422 0.631782 -0.337891
v -0.607422 0.721626 -0.349609
v -0.675781 0.721626 -0.179688
v 0.320312 0.186469 -0.308594
v 0.320312 0.123969 -0.160156
v 0.179688 0.135688 -0.337891
v 0.179688 0.067329 -0.173828
v 0.496094 0.434516 0.394531
v 0.320312 0.448188 0.000000
v 0.560547 0.444282 0.298828
v 0.607422 0.446235 0.208984
v -0.349609 0.721626 -0.605469
v -0.349609 0.565376 -0.585938
v -0.494141 0.721626 -0.494141
v -0.494141 0.594673 -0.478516
v -0.349609 0.721626 0.607422
v -0.179688 0.721626 0.675781
v -0.349609 0.877876 0.585938
v -0.179688 0.895454 0.654297
v -0.179688 0.383735 0.585937
v -0.320312 0.407172 0.531250
v -0.179688 0.243110 0.478516
v -0.320312 0.284126 0.437500
v -0.179688 0.067329 0.173828
v -0.179688 0.135688 0.337891
v -0.320312 0.123969 0.160156
v -0.320312 0.186469 0.308594
v -0.179688 0.067329 -0.173828
v -0.179688 0.045844 0.000000
v -0.320312 0.123969 -0.160156
v -0.320312 0.102485 0.000000
v -0.214844 0.973579 0.605469
v -0.179688 0.895454 0.654297
v -0.136719 0.973579 0.626953
v -0.123047 0.897407 0.660156
v -0.091797 0.721626 0.687500
v -0.123047 0.897407 0.660156
v -0.179688 0.721626 0.675781
v -0.179688 0.895454 0.654297
v -0.179688 0.383735 0.585937
v 0.000000 0.372016 0.607422
v -0.179688 0.547797 0.654297
v 0.000000 0.541938 0.675781
v -0.179688 0.243110 0.478516
v 0.000000 0.227485 0.494141
v -0.179688 0.383735 0.585937
v 0.000000 0.372016 0.607422
v -0.179688 0.135688 0.337891
v 0.000000 0.114204 0.349609
v -0.179688 0.243110 0.478516
v 0.000000 0.227485 0.494141
v -0.179688 0.067329 0.173828
v 0.000000 0.045844 0.179687
v -0.179688 0.135688 0.337891
v 0.000000 0.114204 0.349609
v -0.179688 0.045844 0.000000
v 0.000000 0.020454 0.000000
v -0.179688 0.067329 0.173828
v 0.000000 0.045844 0.179687
v -0.179688 0.067329 -0.173828
v 0.000000 0.045844 -0.179688
v -0.179688 0.045844 0.000000
v 0.000000 0.020454 0.000000
v -0.179688 0.135688 -0.337891
v 0.000000 0.114204 -0.349609
v -0.179688 0.067329 -0.173828
v 0.000000 0.045844 -0.179688
v -0.179688 0.243110 -0.478516
v 0.000000 0.227485 -0.494141
v -0.179688 0.135688 -0.337891
v 0.000000 0.114204 -0.349609
v -0.179688 0.383735 -0.585938
v 0.000000 0.372016 -0.607422
v -0.179688 0.243110 -0.478516
v 0.000000 0.227485 -0.494141
v 0.000000 0.372016 -0.607422
v -0.179688 0.383735 -0.585938
v 0.000000 0.471626 -0.648438
v -0.121094 0.471626 -0.630859
v -0.179688 0.243110 0.478516
v -0.320312 0.284126 0.437500
v -0.179688 0.135688 0.337891
v -0.320312 0.186469 0.308594
v -0.179688 0.067329 0.173828
v -0.320312 0.123969 0.160156
v -0.179688 0.045844 0.000000
v -0.320312 0.102485 0.000000
v -0.179688 0.067329 -0.173828
v -0.320312 0.123969 -0.160156
v -0.179688 0.135688 -0.337891
v -0.320312 0.186469 -0.308594
v -0.607422 0.446235 0.208984
v -0.621094 0.448188 0.158203
v -0.320312 0.448188 0.000000
v -0.634766 0.448188 0.072266
v -0.630859 0.440376 -0.074219
v -0.320312 0.448188 0.000000
v -0.638672 0.448188 0.000000
v -0.634766 0.448188 0.072266
v -0.320312 0.123969 -0.160156
v -0.320312 0.102485 0.000000
v -0.320312 0.448188 0.000000
v -0.320312 0.123969 0.160156
v -0.496094 0.434516 0.394531
v -0.494141 0.475532 0.427734
v -0.560547 0.444282 0.298828
v -0.607422 0.475532 0.246094
v -0.349609 0.877876 0.585938
v -0.214844 0.973579 0.605469
v -0.349609 1.024360 0.525391
v -0.214844 1.051704 0.572266
v 0.000000 0.721626 0.542969
v 0.000000 0.721626 0.492188
v -0.091797 0.721626 0.544922
v -0.091797 0.721626 0.492188
v -0.214844 0.973579 0.546875
v -0.214844 0.973579 0.605469
v -0.136719 0.973579 0.564453
v -0.136719 0.973579 0.626953
v 0.000000 0.661079 0.691406
v -0.082031 0.661079 0.681641
v 0.000000 0.541938 0.675781
v -0.179688 0.547797 0.654297
v -0.216797 1.270454 0.138672
v -0.216797 1.360298 0.169922
v -0.216797 1.227485 0.289063
v -0.216797 1.293891 0.330078
v -0.214844 0.973579 0.546875
v -0.261719 0.721626 0.603516
v -0.472656 0.870063 0.421875
v -0.472656 0.721626 0.462891
v -0.591797 0.721626 0.000000
v -0.466797 0.875923 0.125000
v -0.576172 0.721626 0.210938
v -0.492188 0.909126 0.232422
v -0.091797 0.721626 0.083984
v -0.591797 0.721626 0.000000
v -0.091797 0.721626 0.123047
v -0.091797 0.721626 0.492188
v -0.136719 0.973579 0.564453
v -0.136719 0.973579 0.626953
v -0.091797 0.721626 0.687500
v -0.123047 0.897407 0.660156
v -0.136719 0.973579 0.564453
v -0.091797 0.721626 0.687500
v -0.091797 0.721626 0.638672
v -0.082031 0.661079 0.681641
v -0.216797 1.188422 0.466797
v -0.216797 1.143501 0.433594
v -0.216797 1.293891 0.330078
v -0.216797 1.227485 0.289063
v -0.179688 0.721626 -0.675781
v -0.591797 0.721626 0.000000
v -0.121094 0.721626 -0.683594
v -0.121094 0.721626 -0.462891
v -0.591797 0.721626 0.000000
v -0.179688 0.721626 -0.675781
v -0.494141 0.721626 -0.494141
v -0.349609 0.721626 -0.605469
v -0.093750 0.721626 -0.316406
v -0.099609 0.526313 -0.326172
v -0.099609 0.721626 -0.462891
v -0.121094 0.471626 -0.443359
v -0.121094 0.545845 -0.660156
v -0.121094 0.721626 -0.462891
v -0.121094 0.471626 -0.630859
v -0.121094 0.471626 -0.443359
v -0.121094 0.545845 -0.660156
v -0.121094 0.471626 -0.630859
v -0.179688 0.547798 -0.654297
v -0.179688 0.383735 -0.585938
v 0.000000 0.721626 -0.318359
v -0.093750 0.721626 -0.316406
v 0.000000 0.721626 -0.095703
v -0.093750 0.721626 -0.093750
v -0.091797 0.721626 0.083984
v -0.091797 0.721626 0.123047
v 0.000000 0.721626 0.083984
v 0.000000 0.721626 0.125000
v -0.091797 0.577094 -0.095703
v -0.091797 0.577094 0.083984
v 0.000000 0.577094 -0.095703
v 0.000000 0.577094 0.083984
v 0.000000 0.577094 0.125000
v -0.091797 0.577094 0.125000
v 0.000000 0.577094 0.492187
v -0.091797 0.577094 0.492187
v 0.000000 0.661079 0.691406
v 0.000000 0.661079 0.542969
v -0.082031 0.661079 0.681641
v -0.082031 0.661079 0.539062
v 0.000000 0.577094 0.492187
v -0.091797 0.577094 0.492187
v 0.000000 0.721626 0.492188
v -0.091797 0.721626 0.492188
v -0.082031 0.661079 0.539062
v 0.000000 0.661079 0.542969
v -0.091797 0.721626 0.544922
v 0.000000 0.721626 0.542969
v 0.000000 0.526313 -0.326172
v -0.099609 0.526313 -0.326172
v 0.000000 0.721626 -0.318359
v -0.093750 0.721626 -0.316406
v -0.091797 0.577094 -0.095703
v 0.000000 0.577094 -0.095703
v -0.093750 0.721626 -0.093750
v 0.000000 0.721626 -0.095703
v 0.000000 0.577094 0.083984
v -0.091797 0.577094 0.083984
v 0.000000 0.721626 0.083984
v -0.091797 0.721626 0.083984
v -0.091797 0.577094 0.125000
v 0.000000 0.577094 0.125000
v -0.091797 0.721626 0.123047
v 0.000000 0.721626 0.125000
v -0.091797 0.577094 0.083984
v -0.091797 0.577094 -0.095703
v -0.091797 0.721626 0.083984
v -0.093750 0.721626 -0.093750
v -0.091797 0.721626 0.544922
v -0.091797 0.721626 0.638672
v -0.082031 0.661079 0.539062
v -0.082031 0.661079 0.681641
v -0.091797 0.577094 0.492187
v -0.091797 0.577094 0.125000
v -0.091797 0.721626 0.492188
v -0.091797 0.721626 0.123047
v -0.216797 1.291938 0.068359
v -0.216797 1.270454 0.138672
v -0.310547 1.102485 0.105469
v -0.216797 1.227485 0.289063
v -0.216797 1.383735 0.000000
v -0.216797 1.360298 0.169922
v -0.216797 1.323188 0.000000
v -0.216797 1.291938 0.068359
v -0.607422 0.971626 0.242188
v -0.646484 0.975532 0.000000
v -0.628906 0.975532 0.146484
v -0.642578 0.977485 0.068359
v -0.310547 1.102485 0.105469
v -0.486328 1.225532 0.000000
v -0.343750 1.123969 0.037109
v -0.394531 1.155219 0.000000
v -0.472656 0.870063 0.421875
v -0.472656 0.721626 0.462891
v -0.492188 0.909126 0.232422
v -0.576172 0.721626 0.210938
v -0.113281 0.940376 0.156250
v -0.113281 0.811469 -0.199219
v -0.333984 0.813423 -0.197266
v -0.273438 0.811469 -0.199219
v -0.333984 0.813423 -0.197266
v -0.273438 0.811469 -0.199219
v -0.333984 0.813423 -0.492187
v -0.273438 0.813423 -0.492187
v -0.333984 0.719673 0.230469
v -0.333984 0.813423 -0.197266
v -0.333984 0.696235 -0.492188
v -0.333984 0.813423 -0.492187
v -0.273438 0.696235 -0.492188
v -0.333984 0.696235 -0.492188
v -0.273438 0.813423 -0.492187
v -0.333984 0.813423 -0.492187
v -0.273438 0.696235 -0.261719
v -0.273438 0.696235 -0.492188
v -0.273438 0.811469 -0.199219
v -0.273438 0.813423 -0.492187
v -0.273438 0.811469 -0.199219
v -0.113281 0.811469 -0.199219
v -0.273438 0.696235 -0.261719
v -0.113281 0.696235 -0.261719
v -0.113281 0.719673 0.230469
v -0.113281 0.940376 0.156250
v -0.113281 0.788032 0.279297
v -0.113281 0.870063 0.277344
v -0.113281 0.696235 -0.261719
v -0.113281 0.811469 -0.199219
v -0.113281 0.719673 0.230469
v -0.113281 0.940376 0.156250
v -0.472656 1.223579 0.130859
v -0.447266 1.213813 0.220703
v -0.349609 1.307563 0.156250
v -0.349609 1.247016 0.302734
v -0.261719 0.721626 0.603516
v -0.214844 0.973579 0.546875
v -0.091797 0.721626 0.638672
v -0.136719 0.973579 0.564453
v -0.320312 0.123969 -0.160156
v -0.320312 0.448188 0.000000
v -0.320312 0.186469 -0.308594
v -0.320312 0.305610 -0.453125
v -0.320312 0.284126 0.437500
v -0.320312 0.448188 0.000000
v -0.320312 0.186469 0.308594
v -0.320312 0.123969 0.160156
v 0.000000 0.471626 -0.449219
v -0.121094 0.471626 -0.443359
v 0.000000 0.526313 -0.326172
v -0.099609 0.526313 -0.326172
v -0.121094 0.471626 -0.630859
v -0.121094 0.471626 -0.443359
v 0.000000 0.471626 -0.648438
v 0.000000 0.471626 -0.449219
v 0.634766 0.448188 0.072266
v 0.621094 0.448188 0.158203
v 0.320312 0.448188 0.000000
v 0.607422 0.446235 0.208984
v 0.179688 0.721626 -0.675781
v 0.179688 0.547798 -0.654297
v 0.121094 0.721626 -0.683594
v 0.121094 0.545845 -0.660156
v 0.320312 0.102485 0.000000
v 0.320312 0.123969 0.160156
v 0.179688 0.045844 0.000000
v 0.179688 0.067329 0.173828
v 0.349609 0.721626 -0.605469
v 0.349609 0.565376 -0.585938
v 0.179688 0.721626 -0.675781
v 0.179688 0.547798 -0.654297
v 0.123047 0.897407 0.660156
v 0.179688 0.895454 0.654297
v 0.136719 0.973579 0.626953
v 0.214844 0.973579 0.605469
v 0.121094 0.471626 -0.630859
v 0.179688 0.383735 -0.585938
v 0.000000 0.471626 -0.648438
v 0.000000 0.372016 -0.607422
v 0.179688 0.895454 0.654297
v 0.123047 0.897407 0.660156
v 0.179688 0.721626 0.675781
v 0.091797 0.721626 0.687500
v 0.320312 0.186469 0.308594
v 0.179688 0.135688 0.337891
v 0.320312 0.123969 0.160156
v 0.179688 0.067329 0.173828
v 0.320312 0.186469 -0.308594
v 0.179688 0.135688 -0.337891
v 0.320312 0.305610 -0.453125
v 0.179688 0.243110 -0.478516
v 0.320312 0.102485 0.000000
v 0.179688 0.045844 0.000000
v 0.320312 0.123969 -0.160156
v 0.179688 0.067329 -0.173828
v 0.349609 1.307563 0.156250
v 0.216797 1.360298 0.169922
v 0.349609 1.247016 0.302734
v 0.216797 1.293891 0.330078
v 0.349609 1.149360 0.427734
v 0.216797 1.188422 0.466797
v 0.349609 1.024360 0.525391
v 0.214844 1.051704 0.572266
v 0.349609 1.247016 0.302734
v 0.216797 1.293891 0.330078
v 0.349609 1.149360 0.427734
v 0.216797 1.188422 0.466797
v 0.494141 0.475532 -0.427734
v 0.492188 0.360298 -0.335938
v 0.349609 0.418891 -0.525391
v 0.320312 0.305610 -0.453125
v 0.494141 0.594673 -0.478516
v 0.349609 0.565376 -0.585938
v 0.494141 0.721626 -0.494141
v 0.349609 0.721626 -0.605469
v 0.349609 0.418891 -0.525391
v 0.349609 0.565376 -0.585938
v 0.494141 0.475532 -0.427734
v 0.494141 0.594673 -0.478516
v 0.494141 0.594673 0.478516
v 0.320312 0.407172 0.531250
v 0.494141 0.475532 0.427734
v 0.496094 0.434516 0.394531
v 0.349609 1.024360 0.525391
v 0.494141 1.071235 0.349609
v 0.349609 1.149360 0.427734
v 0.498047 1.145454 0.228516
v 0.349609 1.149360 0.427734
v 0.498047 1.145454 0.228516
v 0.349609 1.247016 0.302734
v 0.447266 1.213813 0.220703
v 0.607422 0.475532 -0.246094
v 0.607422 0.547798 -0.302734
v 0.675781 0.565376 -0.089844
v 0.675781 0.631782 -0.156250
v 0.607422 0.475532 0.246094
v 0.607422 0.547798 0.302734
v 0.494141 0.475532 0.427734
v 0.607422 0.631782 0.337891
v 0.675781 0.721626 -0.179688
v 0.675781 0.631782 -0.156250
v 0.607422 0.631782 -0.337891
v 0.607422 0.547798 -0.302734
v 0.675781 0.901313 0.000000
v 0.646484 0.975532 0.000000
v 0.675781 0.877876 0.089844
v 0.642578 0.977485 0.068359
v 0.603516 0.418891 -0.179688
v 0.675781 0.541938 0.000000
v 0.630859 0.440376 -0.074219
v 0.638672 0.448188 0.000000
v 0.621094 0.448188 0.158203
v 0.607422 0.475532 0.246094
v 0.607422 0.446235 0.208984
v 0.560547 0.444282 0.298828
v 0.675781 0.631782 0.156250
v 0.701172 0.721626 0.000000
v 0.675781 0.721626 0.179688
v 0.675781 0.811469 0.156250
v 0.675781 0.631782 -0.156250
v 0.701172 0.721626 0.000000
v 0.675781 0.565376 -0.089844
v 0.675781 0.541938 0.000000
v 0.675781 0.541938 0.000000
v 0.701172 0.721626 0.000000
v 0.675781 0.565376 0.089844
v 0.675781 0.631782 0.156250
v -0.494141 0.594673 0.478516
v -0.494141 0.475532 0.427734
v -0.320312 0.407172 0.531250
v -0.496094 0.434516 0.394531
v -0.349609 1.307563 0.156250
v -0.349609 1.329048 0.000000
v -0.472656 1.223579 0.130859
v -0.486328 1.225532 0.000000
v 0.675781 0.811469 0.156250
v 0.701172 0.721626 0.000000
v 0.675781 0.877876 0.089844
v 0.675781 0.901313 0.000000
v -0.607422 0.895454 0.302734
v -0.675781 0.811469 0.156250
v -0.607422 0.811469 0.337891
v -0.675781 0.721626 0.179688
v -0.701172 0.721626 0.000000
v -0.675781 0.631782 0.156250
v 0.675781 0.721626 0.179688
v 0.675781 0.811469 0.156250
v 0.607422 0.811469 0.337891
v 0.607422 0.895454 0.302734
v 0.675781 0.877876 0.089844
v 0.607422 0.967719 0.246094
v 0.607422 0.811469 0.337891
v 0.607422 0.721626 0.349609
v 0.675781 0.721626 0.179688
v 0.607422 0.631782 0.337891
v 0.494141 0.594673 0.478516
v 0.494141 0.475532 0.427734
v 0.675781 0.565376 0.089844
v 0.675781 0.631782 0.156250
v 0.607422 0.475532 0.246094
v 0.607422 0.547798 0.302734
v 0.675781 0.721626 0.179688
v 0.607422 0.631782 0.337891
v 0.621094 0.448188 0.158203
v 0.634766 0.448188 0.072266
v 0.675781 0.565376 0.089844
v 0.675781 0.541938 0.000000
v 0.638672 0.448188 0.000000
v 0.675781 0.541938 0.000000
v 0.603516 0.418891 -0.179688
v 0.675781 0.565376 -0.089844
v 0.607422 0.475532 -0.246094
v 0.492188 0.360298 -0.335938
v 0.675781 0.721626 -0.179688
v 0.607422 0.631782 -0.337891
v 0.607422 0.721626 -0.349609
v 0.494141 0.721626 -0.494141
v 0.494141 0.594673 -0.478516
v 0.498047 1.145454 0.228516
v 0.494141 1.071235 0.349609
v 0.607422 0.967719 0.246094
v 0.494141 0.967719 0.427734
v 0.349609 1.024360 0.525391
v 0.349609 0.877876 0.585938
v 0.607422 0.967719 0.246094
v 0.494141 0.967719 0.427734
v 0.607422 0.895454 0.302734
v 0.494141 0.848579 0.478516
v 0.349609 0.877876 0.585938
v 0.349609 0.721626 0.607422
v 0.607422 0.895454 0.302734
v 0.494141 0.848579 0.478516
v 0.607422 0.811469 0.337891
v 0.494141 0.721626 0.494141
v 0.349609 0.721626 0.607422
v 0.349609 0.565376 0.585938
v 0.607422 0.811469 0.337891
v 0.494141 0.721626 0.494141
v 0.607422 0.721626 0.349609
v 0.494141 0.594673 0.478516
v 0.349609 0.565376 0.585938
v 0.320312 0.407172 0.531250
v 0.179688 0.547797 0.654297
v 0.607422 0.631782 -0.337891
v 0.607422 0.547798 -0.302734
v 0.494141 0.594673 -0.478516
v 0.494141 0.475532 -0.427734
v 0.607422 0.475532 -0.246094
v 0.492188 0.360298 -0.335938
v 0.216797 1.360298 0.169922
v 0.349609 1.307563 0.156250
v 0.216797 1.383735 0.000000
v 0.349609 1.329048 0.000000
v 0.472656 1.223579 0.130859
v 0.486328 1.225532 0.000000
v 0.349609 0.565376 0.585938
v 0.349609 0.721626 0.607422
v 0.179688 0.547797 0.654297
v 0.179688 0.721626 0.675781
v 0.349609 0.877876 0.585938
v 0.179688 0.895454 0.654297
v 0.214844 0.973579 0.605469
v 0.179688 0.383735 0.585937
v 0.179688 0.243110 0.478516
v 0.320312 0.407172 0.531250
v 0.320312 0.284126 0.437500
v 0.179688 0.135688 0.337891
v 0.320312 0.186469 0.308594
v 0.349609 0.565376 -0.585938
v 0.349609 0.418891 -0.525391
v 0.179688 0.547798 -0.654297
v 0.179688 0.383735 -0.585938
v 0.320312 0.305610 -0.453125
v 0.179688 0.067329 0.173828
v 0.179688 0.135688 0.337891
v 0.000000 0.045844 0.179687
v 0.000000 0.114204 0.349609
v 0.179688 0.243110 0.478516
v 0.000000 0.227485 0.494141
v 0.179688 0.383735 0.585937
v 0.000000 0.372016 0.607422
v 0.179688 0.547797 0.654297
v 0.000000 0.541938 0.675781
v 0.179688 0.383735 -0.585938
v 0.179688 0.243110 -0.478516
v 0.000000 0.372016 -0.607422
v 0.000000 0.227485 -0.494141
v 0.179688 0.135688 -0.337891
v 0.000000 0.114204 -0.349609
v 0.179688 0.067329 -0.173828
v 0.000000 0.045844 -0.179688
v 0.179688 0.045844 0.000000
v 0.000000 0.020454 0.000000
v 0.179688 0.067329 0.173828
v 0.000000 0.045844 0.179687
v 0.634766 0.448188 0.072266
v 0.320312 0.448188 0.000000
v 0.638672 0.448188 0.000000
v 0.630859 0.440376 -0.074219
v 0.603516 0.418891 -0.179688
v 0.214844 0.973579 0.546875
v 0.472656 0.870063 0.421875
v 0.261719 0.721626 0.603516
v 0.472656 0.721626 0.462891
v 0.492188 0.909126 0.232422
v 0.576172 0.721626 0.210938
v 0.091797 0.721626 0.123047
v 0.091797 0.721626 0.492188
v 0.591797 0.721626 0.000000
v 0.472656 0.721626 0.462891
v 0.261719 0.721626 0.603516
v 0.214844 0.973579 0.546875
v 0.359375 1.055610 0.375000
v 0.472656 0.870063 0.421875
v 0.376953 1.100532 0.214844
v 0.216797 1.227485 0.289063
v 0.310547 1.102485 0.105469
v 0.216797 1.270454 0.138672
v 0.216797 1.291938 0.068359
v 0.216797 1.383735 0.000000
v 0.349609 1.329048 0.000000
v 0.216797 1.323188 0.000000
v 0.394531 1.155219 0.000000
v 0.486328 1.225532 0.000000
v 0.701172 0.721626 0.000000
v 0.675781 0.721626 -0.179688
v 0.591797 0.721626 0.000000
v 0.494141 0.721626 -0.494141
v 0.607422 0.721626 -0.349609
v 0.349609 0.721626 -0.605469
v 0.179688 0.721626 -0.675781
v 0.494141 0.721626 -0.494141
v 0.591797 0.721626 0.000000
v 0.121094 0.721626 -0.683594
v 0.121094 0.721626 -0.462891
v 0.121094 0.471626 -0.443359
v 0.121094 0.721626 -0.462891
v 0.121094 0.471626 -0.630859
v 0.121094 0.545845 -0.660156
v 0.121094 0.721626 -0.683594
v 0.544922 0.918891 0.000000
v 0.482422 0.879829 0.035156
v 0.646484 0.975532 0.000000
v 0.492188 0.909126 0.232422
v 0.466797 0.875923 0.125000
v 0.394531 1.155219 0.000000
v 0.486328 1.225532 0.000000
v 0.343750 1.123969 0.037109
v 0.310547 1.102485 0.105469
v 0.472656 1.223579 0.130859
v 0.447266 1.213813 0.220703
v 0.113281 0.870063 0.277344
v 0.113281 0.940376 0.156250
v 0.113281 0.788032 0.279297
v 0.113281 0.719673 0.230469
v 0.113281 0.811469 -0.199219
v 0.113281 0.696235 -0.261719
v 0.320312 0.123969 0.160156
v 0.320312 0.448188 0.000000
v 0.320312 0.186469 0.308594
v 0.320312 0.284126 0.437500
v 0.320312 0.407172 0.531250
v 0.642578 0.977485 0.068359
v 0.628906 0.975532 0.146484
v 0.675781 0.877876 0.089844
v 0.607422 0.967719 0.246094
v 0.607422 0.971626 0.242188
v 0.498047 1.145454 0.228516
v -0.498047 1.145454 0.228516
v -0.607422 0.967719 0.246094
v -0.494141 1.071235 0.349609
v -0.494141 0.967719 0.427734
v -0.607422 0.895454 0.302734
v -0.494141 0.848579 0.478516
v -0.607422 0.811469 0.337891
v -0.494141 0.721626 0.494141
v -0.607422 0.721626 0.349609
v -0.494141 0.594673 0.478516
v -0.607422 0.631782 0.337891
v -0.494141 0.475532 0.427734
v -0.607422 0.547798 0.302734
v -0.607422 0.475532 0.246094
v -0.675781 0.631782 0.156250
v -0.675781 0.565376 0.089844
v -0.701172 0.721626 0.000000
v -0.675781 0.541938 0.000000
v -0.675781 0.541938 0.000000
v -0.701172 0.721626 0.000000
v -0.675781 0.565376 -0.089844
v -0.675781 0.631782 -0.156250
v -0.675781 0.721626 -0.179688
v -0.560547 0.444282 0.298828
v -0.607422 0.475532 0.246094
v -0.607422 0.446235 0.208984
v -0.621094 0.448188 0.158203
v -0.675781 0.565376 0.089844
v -0.638672 0.448188 0.000000
v -0.675781 0.541938 0.000000
v -0.630859 0.440376 -0.074219
v -0.603516 0.418891 -0.179688
v -0.675781 0.565376 -0.089844
v -0.607422 0.475532 -0.246094
v -0.492188 0.360298 -0.335938
v -0.607422 0.475532 -0.246094
v -0.494141 0.475532 -0.427734
v -0.607422 0.547798 -0.302734
v -0.675781 0.565376 -0.089844
v -0.675781 0.631782 -0.156250
v -0.179688 0.383735 -0.585938
v -0.349609 0.418891 -0.525391
v -0.179688 0.547798 -0.654297
v -0.349609 0.565376 -0.585938
v -0.494141 0.475532 -0.427734
v -0.494141 0.594673 -0.478516
v -0.607422 0.547798 -0.302734
v -0.607422 0.631782 -0.337891
v -0.675781 0.631782 -0.156250
v -0.675781 0.721626 -0.179688
v -0.447266 1.213813 0.220703
v -0.498047 1.145454 0.228516
v -0.349609 1.247016 0.302734
v -0.349609 1.149360 0.427734
v -0.494141 1.071235 0.349609
v -0.349609 1.024360 0.525391
v -0.494141 0.967719 0.427734
v -0.349609 0.877876 0.585938
v -0.494141 0.848579 0.478516
v -0.349609 0.721626 0.607422
v -0.494141 0.721626 0.494141
v -0.349609 0.565376 0.585938
v -0.494141 0.594673 0.478516
v -0.320312 0.407172 0.531250
v -0.494141 0.475532 -0.427734
v -0.349609 0.418891 -0.525391
v -0.492188 0.360298 -0.335938
v -0.320312 0.305610 -0.453125
v -0.179688 0.383735 -0.585938
v -0.349609 1.329048 0.000000
v -0.349609 1.307563 0.156250
v -0.216797 1.383735 0.000000
v -0.216797 1.360298 0.169922
v -0.349609 1.247016 0.302734
v -0.216797 1.293891 0.330078
v -0.349609 1.149360 0.427734
v -0.216797 1.188422 0.466797
v -0.349609 1.024360 0.525391
v -0.214844 1.051704 0.572266
v -0.091797 0.721626 0.687500
v -0.179688 0.721626 0.675781
v -0.082031 0.661079 0.681641
v -0.179688 0.547797 0.654297
v -0.349609 0.721626 0.607422
v -0.349609 0.565376 0.585938
v -0.320312 0.186469 -0.308594
v -0.320312 0.305610 -0.453125
v -0.179688 0.135688 -0.337891
v -0.179688 0.243110 -0.478516
v -0.179688 0.383735 -0.585938
v -0.349609 0.721626 -0.605469
v -0.179688 0.721626 -0.675781
v -0.349609 0.565376 -0.585938
v -0.179688 0.547798 -0.654297
v -0.121094 0.721626 -0.683594
v -0.121094 0.545845 -0.660156
v -0.607422 0.446235 0.208984
v -0.320312 0.448188 0.000000
v -0.560547 0.444282 0.298828
v -0.496094 0.434516 0.394531
v -0.320312 0.407172 0.531250
v -0.320312 0.305610 -0.453125
v -0.320312 0.448188 0.000000
v -0.492188 0.360298 -0.335938
v -0.603516 0.418891 -0.179688
v -0.630859 0.440376 -0.074219
v -0.466797 0.875923 0.125000
v -0.591797 0.721626 0.000000
v -0.482422 0.879829 0.035156
v -0.544922 0.918891 0.000000
v -0.701172 0.721626 0.000000
v -0.675781 0.901313 0.000000
v -0.576172 0.721626 0.210938
v -0.472656 0.721626 0.462891
v -0.591797 0.721626 0.000000
v -0.091797 0.721626 0.492188
v -0.261719 0.721626 0.603516
v -0.091797 0.721626 0.638672
v -0.091797 0.721626 0.083984
v -0.093750 0.721626 -0.093750
v -0.591797 0.721626 0.000000
v -0.121094 0.721626 -0.462891
v -0.093750 0.721626 -0.316406
v -0.099609 0.721626 -0.462891
v -0.214844 0.973579 0.546875
v -0.359375 1.055610 0.375000
v -0.216797 1.143501 0.433594
v -0.216797 1.227485 0.289063
v -0.376953 1.100532 0.214844
v -0.310547 1.102485 0.105469
v -0.216797 1.323188 0.000000
v -0.216797 1.291938 0.068359
v -0.394531 1.155219 0.000000
v -0.343750 1.123969 0.037109
v -0.310547 1.102485 0.105469
v -0.216797 1.188422 0.466797
v -0.214844 1.051704 0.572266
v -0.216797 1.143501 0.433594
v -0.214844 0.973579 0.546875
v -0.214844 0.973579 0.605469
v -0.486328 1.225532 0.000000
v -0.349609 1.329048 0.000000
v -0.394531 1.155219 0.000000
v -0.216797 1.323188 0.000000
v -0.216797 1.383735 0.000000
v -0.607422 0.721626 -0.349609
v -0.675781 0.721626 -0.179688
v -0.494141 0.721626 -0.494141
v -0.591797 0.721626 0.000000
v -0.701172 0.721626 0.000000
v -0.607422 0.971626 0.242188
v -0.492188 0.909126 0.232422
v -0.646484 0.975532 0.000000
v -0.482422 0.879829 0.035156
v -0.466797 0.875923 0.125000
v -0.486328 1.225532 0.000000
v -0.310547 1.102485 0.105469
v -0.472656 1.223579 0.130859
v -0.447266 1.213813 0.220703
v -0.376953 1.100532 0.214844
v -0.607422 0.971626 0.242188
v -0.498047 1.145454 0.228516
v -0.492188 0.909126 0.232422
v -0.376953 1.100532 0.214844
v -0.447266 1.213813 0.220703
v -0.214844 0.973579 0.546875
v -0.472656 0.870063 0.421875
v -0.359375 1.055610 0.375000
v -0.376953 1.100532 0.214844
v -0.492188 0.909126 0.232422
v -0.333984 0.870063 0.277344
v -0.333984 0.788032 0.279297
v -0.113281 0.870063 0.277344
v -0.113281 0.788032 0.279297
v -0.333984 0.719673 0.230469
v -0.113281 0.719673 0.230469
v -0.113281 0.870063 0.277344
v -0.113281 0.940376 0.156250
v -0.333984 0.870063 0.277344
v -0.333984 0.940376 0.156250
v -0.333984 0.813423 -0.197266
v -0.333984 0.719673 0.230469
v -0.333984 0.788032 0.279297
v -0.333984 0.813423 -0.197266
v -0.333984 0.940376 0.156250
v -0.333984 0.870063 0.277344
v -0.513672 0.979438 0.031250
v -0.468750 0.954048 0.064453
v -0.554688 0.916938 0.035156
v -0.509766 0.891548 0.068359
v -0.455078 0.950141 0.123047
v -0.498047 0.887641 0.128906
v -0.482422 0.969673 0.175781
v -0.523438 0.907173 0.179688
v -0.533203 1.000923 0.187500
v -0.574219 0.938423 0.193359
v -0.578125 1.028266 0.156250
v -0.619141 0.963813 0.160156
v -0.589844 1.032173 0.095703
v -0.632812 0.967719 0.099609
v -0.564453 1.012641 0.044922
v -0.605469 0.948188 0.048828
v -0.513672 0.979438 0.031250
v -0.554688 0.916938 0.035156
v -0.132812 0.985524 1.199154
v -0.099609 0.985524 0.931576
v -0.093750 0.772633 1.130794
v -0.085938 1.391774 0.712826
v -0.177734 1.403493 0.570248
v -0.177734 1.380055 0.746029
v -0.085938 0.731618 1.080013
v -0.085938 0.727711 1.259701
v -0.093750 0.772633 1.130794
v -0.085938 1.319508 0.913998
v -0.085938 1.079274 0.663997
v -0.085938 1.391774 0.712826
v -0.210938 0.985524 0.931576
v -0.085938 0.997243 0.886654
v -0.099609 0.985524 0.931576
v -0.085938 0.997243 0.886654
v -0.085938 1.210133 1.056576
v -0.085938 1.165211 1.091732
v 0.085938 0.731618 1.080013
v 0.093750 0.772633 1.130794
v 0.085938 0.727711 1.259701
v 0.210938 1.137868 0.507747
v 0.210938 1.366383 0.742123
v 0.210938 1.299977 0.902279
v -0.117188 1.231618 0.197201
v -0.117188 1.194508 0.158138
v -0.117188 1.196462 0.076107
v 0.085938 0.997243 0.886654
v 0.085938 1.165211 1.091732
v 0.085938 1.210133 1.056576
v 0.085938 1.079274 0.663997
v 0.130859 1.135915 0.505794
v 0.210938 1.137868 0.507747
v 0.085938 1.391774 0.712826
v 0.177734 1.380055 0.746029
v 0.177734 1.403493 0.570248
v 0.117188 1.231618 0.197201
v 0.125000 1.055837 0.361263
v 0.117188 1.342946 0.288997
v 0.117188 1.196462 0.076107
v 0.177734 1.194509 0.083919
v 0.117188 1.194508 0.158138
v 0.210938 0.985524 0.931576
v 0.099609 0.985524 0.931576
v 0.085938 0.997243 0.886654
v 0.210938 1.055837 0.361263
v 0.125000 1.055837 0.361263
v 0.210938 1.231618 0.197201
v 0.117188 1.231618 0.197201
v 0.085938 1.079274 0.663997
v 0.085938 1.391774 0.712826
v 0.000000 1.079274 0.663997
v 0.000000 1.407399 0.714779
v 0.117188 1.342946 0.288997
v 0.125000 1.055837 0.361263
v 0.130859 1.135915 0.505794
v 0.128906 1.065602 0.449154
v 0.000000 0.678883 1.080013
v 0.076172 0.678883 1.080013
v 0.000000 0.680836 1.265560
v 0.076172 0.678883 1.255794
v 0.000000 0.997243 0.886654
v 0.000000 1.174977 1.103451
v 0.085938 0.997243 0.886654
v 0.085938 1.165211 1.091732
v 0.210938 1.137868 0.507747
v 0.130859 1.135915 0.505794
v 0.210938 1.065602 0.449154
v 0.128906 1.065602 0.449154
v 0.210938 0.985524 0.931576
v 0.085938 0.997243 0.886654
v 0.210938 1.137868 0.507747
v 0.085938 1.079274 0.663997
v 0.130859 1.135915 0.505794
v 0.085938 1.079274 0.663997
v 0.000000 1.135915 0.505794
v 0.000000 1.079274 0.663997
v 0.085938 0.997243 0.886654
v 0.099609 0.985524 0.931576
v 0.000000 0.997243 0.886654
v 0.000000 0.979665 0.931576
v -0.085938 1.165211 1.091732
v 0.000000 1.077321 1.177669
v 0.000000 1.174977 1.103451
v 0.085938 1.165211 1.091732
v 0.210938 1.137868 0.507747
v 0.210938 1.299977 0.902279
v 0.210938 0.985524 0.931576
v 0.210938 1.194508 1.038998
v 0.099609 0.985524 0.931576
v 0.210938 0.985524 0.931576
v 0.132812 0.985524 1.199154
v 0.210938 0.985524 1.177669
v 0.177734 1.380055 0.398373
v 0.117188 1.342946 0.288997
v 0.000000 1.403493 0.390560
v 0.000000 1.360524 0.285091
v 0.000000 1.360524 0.285091
v 0.117188 1.342946 0.288997
v 0.000000 1.135915 0.505794
v 0.130859 1.135915 0.505794
v -0.210938 1.366383 0.400326
v -0.210938 1.387868 0.570248
v -0.177734 1.380055 0.398373
v -0.177734 1.403493 0.570248
v -0.177734 1.311696 0.234310
v -0.117188 1.319508 0.230404
v -0.177734 1.194509 0.083919
v -0.117188 1.196462 0.076107
v -0.177734 1.403493 0.570248
v 0.000000 1.426930 0.570248
v -0.177734 1.380055 0.398373
v 0.000000 1.403493 0.390560
v -0.177734 1.194509 0.083919
v -0.210938 1.194508 0.103451
v -0.177734 1.311696 0.234310
v -0.210938 1.299977 0.242122
v -0.177734 1.311696 0.234310
v -0.210938 1.299977 0.242122
v -0.177734 1.380055 0.398373
v -0.210938 1.366383 0.400326
v -0.177734 1.204274 1.050716
v -0.210938 1.194508 1.038998
v -0.177734 1.065602 1.158138
v -0.210938 1.059743 1.144466
v -0.132812 0.985524 1.199154
v -0.177734 1.065602 1.158138
v -0.210938 0.985524 1.177669
v -0.210938 1.059743 1.144466
v -0.177734 1.380055 0.746029
v -0.177734 1.403493 0.570248
v -0.210938 1.366383 0.742123
v -0.210938 1.387868 0.570248
v -0.177734 1.380055 0.746029
v -0.210938 1.366383 0.742123
v -0.177734 1.311696 0.910091
v -0.210938 1.299977 0.902279
v -0.177734 1.311696 0.910091
v -0.210938 1.299977 0.902279
v -0.177734 1.204274 1.050716
v -0.210938 1.194508 1.038998
v 0.125000 1.055837 0.361263
v 0.210938 1.055837 0.361263
v 0.128906 1.065602 0.449154
v 0.210938 1.065602 0.449154
v 0.000000 1.407399 0.714779
v 0.085938 1.391774 0.712826
v 0.000000 1.426930 0.570248
v 0.177734 1.403493 0.570248
v 0.000000 1.077321 1.177669
v -0.132812 0.985524 1.199154
v 0.000000 0.909352 1.247982
v -0.119141 0.905446 1.232357
v -0.132812 0.985524 1.199154
v -0.093750 0.772633 1.130794
v -0.119141 0.905446 1.232357
v -0.085938 0.727711 1.259701
v -0.076172 0.678883 1.255794
v -0.085938 0.727711 1.259701
v -0.076172 0.678883 1.080013
v -0.085938 0.731618 1.080013
v 0.000000 0.678883 1.080013
v -0.076172 0.678883 1.080013
v 0.000000 0.731618 1.080013
v -0.085938 0.731618 1.080013
v 0.000000 0.731618 1.080013
v -0.085938 0.731618 1.080013
v 0.000000 0.772633 1.130794
v -0.093750 0.772633 1.130794
v 0.000000 0.772633 1.130794
v -0.093750 0.772633 1.130794
v 0.000000 0.979665 0.931576
v -0.099609 0.985524 0.931576
v -0.210938 1.065602 0.449154
v -0.210938 1.055837 0.361263
v -0.128906 1.065602 0.449154
v -0.125000 1.055837 0.361263
v -0.117188 1.231618 0.197201
v -0.125000 1.055837 0.361263
v -0.210938 1.231618 0.197201
v -0.210938 1.055837 0.361263
v -0.210938 1.194508 0.158138
v -0.117188 1.194508 0.158138
v -0.210938 1.231618 0.197201
v -0.117188 1.231618 0.197201
v -0.210938 1.299977 0.242122
v -0.210938 1.065602 0.449154
v -0.210938 1.366383 0.400326
v -0.210938 1.137868 0.507747
v -0.085938 1.165211 1.091732
v -0.177734 1.065602 1.158138
v 0.000000 1.077321 1.177669
v -0.132812 0.985524 1.199154
v -0.177734 1.065602 1.158138
v -0.085938 1.165211 1.091732
v -0.177734 1.204274 1.050716
v -0.085938 1.210133 1.056576
v -0.177734 1.403493 0.570248
v -0.085938 1.391774 0.712826
v 0.000000 1.426930 0.570248
v 0.000000 1.407399 0.714779
v -0.177734 1.380055 0.398373
v -0.117188 1.342946 0.288997
v -0.177734 1.311696 0.234310
v -0.117188 1.319508 0.230404
v 0.000000 1.407399 0.714779
v -0.085938 1.391774 0.712826
v 0.000000 1.079274 0.663997
v -0.085938 1.079274 0.663997
v -0.085938 1.210133 1.056576
v -0.085938 0.997243 0.886654
v -0.085938 1.319508 0.913998
v -0.085938 1.079274 0.663997
v -0.117188 1.342946 0.288997
v -0.130859 1.135915 0.505794
v -0.125000 1.055837 0.361263
v -0.128906 1.065602 0.449154
v -0.076172 0.678883 1.255794
v -0.076172 0.678883 1.080013
v 0.000000 0.680836 1.265560
v 0.000000 0.678883 1.080013
v -0.085938 1.165211 1.091732
v 0.000000 1.174977 1.103451
v -0.085938 0.997243 0.886654
v 0.000000 0.997243 0.886654
v -0.128906 1.065602 0.449154
v -0.130859 1.135915 0.505794
v -0.210938 1.065602 0.449154
v -0.210938 1.137868 0.507747
v 0.000000 1.079274 0.663997
v -0.085938 1.079274 0.663997
v 0.000000 1.135915 0.505794
v -0.130859 1.135915 0.505794
v 0.000000 0.979665 0.931576
v -0.099609 0.985524 0.931576
v 0.000000 0.997243 0.886654
v -0.085938 0.997243 0.886654
v -0.210938 0.985524 1.177669
v -0.210938 0.985524 0.931576
v -0.132812 0.985524 1.199154
v -0.099609 0.985524 0.931576
v 0.000000 1.360524 0.285091
v -0.117188 1.342946 0.288997
v 0.000000 1.403493 0.390560
v -0.177734 1.380055 0.398373
v -0.130859 1.135915 0.505794
v -0.117188 1.342946 0.288997
v 0.000000 1.135915 0.505794
v 0.000000 1.360524 0.285091
v 0.119141 0.905446 1.232357
v 0.132812 0.985524 1.199154
v 0.000000 0.909352 1.247982
v 0.000000 1.077321 1.177669
v 0.085938 0.731618 1.080013
v 0.085938 0.727711 1.259701
v 0.076172 0.678883 1.080013
v 0.076172 0.678883 1.255794
v 0.085938 0.727711 1.259701
v 0.000000 0.727711 1.273372
v 0.076172 0.678883 1.255794
v 0.000000 0.680836 1.265560
v 0.210938 1.366383 0.400326
v 0.210938 1.387868 0.570248
v 0.210938 1.137868 0.507747
v 0.210938 1.366383 0.742123
v 0.210938 1.299977 0.242122
v 0.210938 1.231618 0.197201
v 0.210938 1.194508 0.103451
v 0.210938 1.194508 0.158138
v 0.210938 0.985524 0.931576
v 0.210938 1.194508 1.038998
v 0.210938 0.985524 1.177669
v 0.210938 1.059743 1.144466
v 0.000000 1.403493 0.390560
v 0.000000 1.426930 0.570248
v 0.177734 1.380055 0.398373
v 0.177734 1.403493 0.570248
v 0.210938 1.387868 0.570248
v 0.177734 1.403493 0.570248
v 0.210938 1.366383 0.742123
v 0.177734 1.380055 0.746029
v 0.210938 1.059743 1.144466
v 0.177734 1.065602 1.158138
v 0.210938 0.985524 1.177669
v 0.132812 0.985524 1.199154
v 0.177734 1.380055 0.746029
v 0.085938 1.391774 0.712826
v 0.177734 1.311696 0.910091
v 0.085938 1.319508 0.913998
v 0.119141 0.905446 1.232357
v 0.000000 0.909352 1.247982
v 0.085938 0.727711 1.259701
v 0.000000 0.727711 1.273372
v 0.177734 1.311696 0.910091
v 0.085938 1.319508 0.913998
v 0.177734 1.204274 1.050716
v 0.085938 1.210133 1.056576
v -0.210938 1.366383 0.400326
v -0.210938 1.137868 0.507747
v -0.210938 1.387868 0.570248
v -0.210938 1.366383 0.742123
v -0.210938 1.059743 1.144466
v -0.210938 1.194508 1.038998
v -0.210938 0.985524 1.177669
v -0.210938 0.985524 0.931576
v 0.177734 1.403493 0.570248
v 0.210938 1.387868 0.570248
v 0.177734 1.380055 0.398373
v 0.210938 1.366383 0.400326
v 0.117188 1.319508 0.230404
v 0.117188 1.196462 0.076107
v 0.117188 1.342946 0.288997
v 0.117188 1.231618 0.197201
v 0.117188 1.194508 0.158138
v 0.177734 1.194509 0.083919
v 0.177734 1.311696 0.234310
v 0.210938 1.194508 0.103451
v 0.210938 1.299977 0.242122
v 0.177734 1.380055 0.398373
v 0.210938 1.366383 0.400326
v 0.177734 1.380055 0.746029
v 0.177734 1.311696 0.910091
v 0.210938 1.366383 0.742123
v 0.210938 1.299977 0.902279
v 0.177734 1.204274 1.050716
v 0.210938 1.194508 1.038998
v 0.177734 1.065602 1.158138
v 0.210938 1.059743 1.144466
v 0.085938 0.727711 1.259701
v 0.093750 0.772633 1.130794
v 0.119141 0.905446 1.232357
v 0.132812 0.985524 1.199154
v 0.099609 0.985524 0.931576
v 0.000000 0.678883 1.080013
v 0.000000 0.731618 1.080013
v 0.076172 0.678883 1.080013
v 0.085938 0.731618 1.080013
v 0.000000 0.772633 1.130794
v 0.093750 0.772633 1.130794
v 0.000000 0.979665 0.931576
v 0.099609 0.985524 0.931576
v 0.210938 1.194508 0.103451
v 0.210938 1.194508 0.158138
v 0.177734 1.194509 0.083919
v 0.117188 1.194508 0.158138
v 0.210938 1.231618 0.197201
v 0.117188 1.231618 0.197201
v 0.210938 1.231618 0.197201
v 0.210938 1.299977 0.242122
v 0.210938 1.055837 0.361263
v 0.210938 1.065602 0.449154
v 0.210938 1.366383 0.400326
v 0.210938 1.137868 0.507747
v 0.132812 0.985524 1.199154
v 0.177734 1.065602 1.158138
v 0.000000 1.077321 1.177669
v 0.085938 1.165211 1.091732
v 0.177734 1.204274 1.050716
v 0.085938 1.210133 1.056576
v 0.177734 1.380055 0.398373
v 0.177734 1.311696 0.234310
v 0.117188 1.342946 0.288997
v 0.117188 1.319508 0.230404
v 0.177734 1.194509 0.083919
v 0.117188 1.196462 0.076107
v 0.085938 1.210133 1.056576
v 0.085938 1.319508 0.913998
v 0.085938 0.997243 0.886654
v 0.085938 1.079274 0.663997
v 0.085938 1.391774 0.712826
v -0.177734 1.380055 0.746029
v -0.177734 1.311696 0.910091
v -0.085938 1.391774 0.712826
v -0.085938 1.319508 0.913998
v -0.177734 1.204274 1.050716
v -0.085938 1.210133 1.056576
v -0.119141 0.905446 1.232357
v -0.085938 0.727711 1.259701
v 0.000000 0.909352 1.247982
v 0.000000 0.727711 1.273372
v -0.076172 0.678883 1.255794
v 0.000000 0.680836 1.265560
v -0.210938 1.065602 0.449154
v -0.210938 1.299977 0.242122
v -0.210938 1.055837 0.361263
v -0.210938 1.231618 0.197201
v -0.210938 1.194508 0.103451
v -0.210938 1.194508 0.158138
v -0.210938 1.194508 0.103451
v -0.177734 1.194509 0.083919
v -0.210938 1.194508 0.158138
v -0.117188 1.194508 0.158138
v -0.117188 1.196462 0.076107
v -0.117188 1.319508 0.230404
v -0.117188 1.342946 0.288997
v -0.117188 1.196462 0.076107
v -0.117188 1.231618 0.197201
v -0.125000 1.055837 0.361263
v -0.210938 0.985524 0.931576
v -0.210938 1.137868 0.507747
v -0.085938 0.997243 0.886654
v -0.085938 1.079274 0.663997
v -0.130859 1.135915 0.505794
v -0.210938 1.194508 1.038998
v -0.210938 1.299977 0.902279
v -0.210938 0.985524 0.931576
v -0.210938 1.137868 0.507747
v -0.210938 1.366383 0.742123
v -0.324219 0.361995 0.596014
v -0.324219 0.273651 0.737114
v -0.324219 0.113865 0.518547
v -0.386719 0.294710 0.032805
v -0.324219 0.380824 0.129303
v -0.324219 0.353664 0.080882
v -0.494141 0.180637 0.657249
v -0.562500 0.113084 0.601706
v -0.494141 0.102241 0.730689
v 0.386719 0.294710 0.032805
v 0.324219 0.294710 0.032805
v 0.324219 0.353664 0.080882
v 0.494141 0.266105 0.172539
v 0.386719 0.294710 0.032805
v 0.324219 0.380824 0.129303
v 0.324219 0.353664 0.080882
v 0.601562 0.111374 0.510175
v 0.324219 0.113865 0.518547
v 0.634766 0.079451 0.387534
v 0.324219 0.079451 0.387534
v 0.324219 0.159627 0.090300
v 0.541016 0.161890 0.088715
v 0.324219 0.122524 0.143255
v 0.583984 0.122524 0.143255
v 0.324219 0.159627 0.090300
v 0.324219 0.244250 0.037790
v 0.541016 0.161890 0.088715
v 0.445312 0.244250 0.037790
v 0.494141 0.102241 0.730689
v 0.324219 0.113865 0.518547
v 0.562500 0.113084 0.601706
v 0.601562 0.111374 0.510175
v 0.324219 0.135748 0.855592
v 0.324219 0.104164 0.731028
v 0.494141 0.102241 0.730689
v 0.324219 0.113865 0.518547
v 0.445312 0.244250 0.037790
v 0.324219 0.244250 0.037790
v 0.386719 0.294710 0.032805
v 0.324219 0.294710 0.032805
v 0.324219 0.353664 0.080882
v 0.324219 0.159627 0.090300
v 0.324219 0.380824 0.129303
v 0.324219 0.122524 0.143255
v 0.494141 0.266105 0.172539
v 0.617188 0.107601 0.227887
v 0.541016 0.161890 0.088715
v 0.583984 0.122524 0.143255
v -0.494141 0.293842 0.296425
v -0.494141 0.266105 0.172539
v -0.607422 0.150833 0.308890
v -0.617188 0.107601 0.227887
v -0.601562 0.111374 0.510175
v -0.494141 0.249412 0.548397
v -0.607422 0.146772 0.399404
v -0.494141 0.287184 0.424163
v 0.541016 0.161890 0.088715
v 0.445312 0.244250 0.037790
v 0.494141 0.266105 0.172539
v 0.386719 0.294710 0.032805
v 0.324219 0.353664 0.080882
v 0.324219 0.294710 0.032805
v 0.324219 0.159627 0.090300
v 0.324219 0.244250 0.037790
v -0.324219 0.408362 0.445529
v -0.494141 0.287184 0.424163
v -0.324219 0.361995 0.596014
v -0.494141 0.249412 0.548397
v -0.324219 0.273651 0.737114
v -0.494141 0.180637 0.657249
v -0.324219 0.135748 0.855592
v -0.494141 0.102241 0.730689
v -0.634766 0.079451 0.387534
v -0.607422 0.150833 0.308890
v -0.630859 0.092339 0.314442
v -0.617188 0.107601 0.227887
v -0.324219 0.380824 0.129303
v -0.386719 0.294710 0.032805
v -0.494141 0.266105 0.172539
v -0.445312 0.244250 0.037790
v -0.324219 0.244250 0.037790
v -0.324219 0.294710 0.032805
v -0.324219 0.159627 0.090300
v -0.324219 0.353664 0.080882
v -0.324219 0.079451 0.387534
v -0.617188 0.107601 0.227887
v -0.324219 0.122524 0.143255
v -0.583984 0.122524 0.143255
v -0.583984 0.122524 0.143255
v -0.541016 0.161890 0.088715
v -0.324219 0.122524 0.143255
v -0.324219 0.159627 0.090300
v -0.445312 0.244250 0.037790
v -0.324219 0.244250 0.037790
v -0.541016 0.161890 0.088715
v -0.324219 0.159627 0.090300
v -0.324219 0.122524 0.143255
v -0.324219 0.414675 0.285999
v -0.324219 0.079451 0.387534
v -0.324219 0.408362 0.445529
v -0.324219 0.361995 0.596014
v -0.324219 0.113865 0.518547
v -0.324219 0.408362 0.445529
v -0.324219 0.079451 0.387534
v -0.324219 0.113865 0.518547
v -0.324219 0.273651 0.737114
v -0.324219 0.104164 0.731028
v -0.324219 0.135748 0.855592
v 0.324219 0.414675 0.285999
v 0.494141 0.293842 0.296425
v 0.324219 0.380824 0.129303
v 0.494141 0.266105 0.172539
v -0.324219 0.414675 0.285999
v -0.494141 0.293842 0.296425
v -0.324219 0.408362 0.445529
v -0.494141 0.287184 0.424163
v -0.494141 0.266105 0.172539
v -0.494141 0.293842 0.296425
v -0.324219 0.380824 0.129303
v -0.324219 0.414675 0.285999
v 0.617188 0.107601 0.227887
v 0.494141 0.266105 0.172539
v 0.607422 0.150833 0.308890
v 0.494141 0.293842 0.296425
v -0.494141 0.293842 0.296425
v -0.607422 0.150833 0.308890
v -0.494141 0.287184 0.424163
v -0.607422 0.146772 0.399404
v -0.634766 0.079451 0.387534
v -0.601562 0.111374 0.510175
v 0.324219 0.414675 0.285999
v 0.324219 0.408362 0.445529
v 0.494141 0.293842 0.296425
v 0.494141 0.287184 0.424163
v 0.324219 0.361995 0.596014
v 0.494141 0.249412 0.548397
v 0.324219 0.273651 0.737114
v 0.494141 0.180637 0.657249
v 0.324219 0.135748 0.855592
v 0.494141 0.102241 0.730689
v 0.617188 0.107601 0.227887
v 0.607422 0.150833 0.308890
v 0.630859 0.092339 0.314442
v 0.634766 0.079451 0.387534
v 0.607422 0.146772 0.399404
v 0.601562 0.111374 0.510175
v 0.494141 0.249412 0.548397
v 0.494141 0.180637 0.657249
v 0.601562 0.111374 0.510175
v 0.562500 0.113084 0.601706
v 0.494141 0.102241 0.730689
v 0.634766 0.079451 0.387534
v 0.324219 0.079451 0.387534
v 0.630859 0.092339 0.314442
v 0.617188 0.107601 0.227887
v 0.324219 0.122524 0.143255
v 0.583984 0.122524 0.143255
v 0.324219 0.361995 0.596014
v 0.324219 0.408362 0.445529
v 0.324219 0.113865 0.518547
v 0.324219 0.079451 0.387534
v 0.324219 0.414675 0.285999
v 0.324219 0.122524 0.143255
v 0.324219 0.380824 0.129303
v 0.324219 0.135748 0.855592
v 0.324219 0.273651 0.737114
v 0.324219 0.104164 0.731028
v 0.324219 0.113865 0.518547
v 0.324219 0.361995 0.596014
v 0.601562 0.111374 0.510175
v 0.607422 0.146772 0.399404
v 0.494141 0.249412 0.548397
v 0.494141 0.287184 0.424163
v 0.607422 0.150833 0.308890
v 0.494141 0.293842 0.296425
v -0.562500 0.113084 0.601706
v -0.494141 0.180637 0.657249
v -0.601562 0.111374 0.510175
v -0.494141 0.249412 0.548397
v -0.324219 0.273651 0.737114
v -0.324219 0.361995 0.596014
v -0.445312 0.244250 0.037790
v -0.541016 0.161890 0.088715
v -0.494141 0.266105 0.172539
v -0.617188 0.107601 0.227887
v -0.583984 0.122524 0.143255
v -0.601562 0.111374 0.510175
v -0.634766 0.079451 0.387534
v -0.324219 0.113865 0.518547
v -0.324219 0.079451 0.387534
v -0.630859 0.092339 0.314442
v -0.617188 0.107601 0.227887
v -0.601562 0.111374 0.510175
v -0.324219 0.113865 0.518547
v -0.562500 0.113084 0.601706
v -0.494141 0.102241 0.730689
v -0.324219 0.104164 0.731028
v -0.324219 0.135748 0.855592
v -0.445312 0.244250 0.037790
v -0.386719 0.294710 0.032805
v -0.324219 0.244250 0.037790
v -0.324219 0.294710 0.032805
v -0.324219 0.353664 0.080882
v -0.324219 0.353664 0.080882
v -0.324219 0.380824 0.129303
v -0.324219 0.159627 0.090300
v -0.324219 0.122524 0.143255
v -0.324219 0.414675 0.285999
v -0.076172 0.581165 -0.744546
v -0.078125 0.561634 -0.551186
v -0.078125 0.655384 -0.732827
v 0.113281 0.819446 -1.314858
v 0.113281 0.788196 -1.213296
v 0.113281 0.756946 -1.219155
v -0.078125 0.655384 -0.732827
v 0.074219 0.655384 -0.732827
v 0.076172 0.659290 -0.863686
v 0.214844 0.690540 -1.185952
v 0.214844 0.754993 -1.185952
v 0.214844 0.739368 -1.119546
v -0.109375 0.694446 -0.588296
v -0.109375 0.602649 -0.723061
v -0.109375 0.661243 -0.510171
v 0.109375 0.661243 -0.510171
v -0.109375 0.661243 -0.510171
v 0.109375 0.581165 -0.476968
v -0.109375 0.581165 -0.476968
v 0.109375 0.501087 -0.543374
v 0.109375 0.661243 -0.510171
v 0.109375 0.528431 -0.494546
v 0.109375 0.581165 -0.476968
v 0.109375 0.501087 -0.543374
v -0.109375 0.501087 -0.543374
v 0.109375 0.477649 -0.721108
v -0.109375 0.477649 -0.721108
v 0.109375 0.581165 -0.476968
v -0.109375 0.581165 -0.476968
v 0.109375 0.528431 -0.494546
v -0.109375 0.528431 -0.494546
v 0.113281 0.819446 -1.314858
v 0.113281 0.661243 -1.185952
v 0.000000 0.811634 -1.326577
v 0.000000 0.649524 -1.195718
v 0.214844 0.653431 -1.006265
v 0.214844 0.588977 -1.051186
v 0.214844 0.739368 -1.119546
v 0.214844 0.690540 -1.185952
v 0.113281 0.733509 -1.191811
v 0.113281 0.661243 -1.185952
v 0.113281 0.756946 -1.219155
v 0.113281 0.819446 -1.314858
v 0.214844 0.817493 -1.205483
v 0.214844 0.784290 -1.213296
v 0.113281 0.788196 -1.213296
v 0.113281 0.756946 -1.219155
v 0.214844 0.754993 -1.185952
v 0.214844 0.690540 -1.185952
v 0.113281 0.733509 -1.191811
v 0.113281 0.661243 -1.185952
v 0.214844 0.817493 -1.205483
v 0.214844 0.739368 -1.119546
v 0.214844 0.784290 -1.213296
v 0.214844 0.754993 -1.185952
v 0.113281 0.733509 -1.191811
v 0.113281 0.756946 -1.219155
v 0.214844 0.754993 -1.185952
v 0.214844 0.784290 -1.213296
v -0.113281 0.661243 -1.185952
v 0.000000 0.649524 -1.195718
v 0.000000 0.555774 -1.070718
v 0.113281 0.661243 -1.185952
v 0.214844 0.602649 -0.723061
v 0.109375 0.602649 -0.723061
v 0.214844 0.501087 -0.723062
v 0.109375 0.477649 -0.721108
v -0.214844 0.588977 -1.051186
v 0.000000 0.555774 -1.070718
v -0.214844 0.524524 -0.891030
v 0.000000 0.485462 -0.900796
v 0.000000 0.872181 -1.351968
v 0.000000 0.811634 -1.326577
v -0.113281 0.874134 -1.336343
v -0.113281 0.819446 -1.314858
v 0.000000 0.555774 -1.070718
v -0.214844 0.588977 -1.051186
v -0.113281 0.661243 -1.185952
v -0.214844 0.690540 -1.185952
v 0.214844 0.739368 -1.119546
v -0.113281 0.788196 -1.213296
v -0.214844 0.739368 -1.119546
v -0.214844 0.817493 -1.205483
v -0.109375 0.661243 -0.510171
v -0.109375 0.602649 -0.723061
v -0.109375 0.501087 -0.543374
v -0.109375 0.477649 -0.721108
v -0.109375 0.501087 -0.543374
v -0.109375 0.528431 -0.494546
v -0.109375 0.661243 -0.510171
v -0.109375 0.581165 -0.476968
v 0.109375 0.602649 -0.723061
v -0.214844 0.604602 -0.867593
v -0.109375 0.602649 -0.723061
v -0.214844 0.602649 -0.723061
v 0.000000 0.649524 -1.195718
v -0.113281 0.661243 -1.185952
v 0.000000 0.811634 -1.326577
v -0.113281 0.819446 -1.314858
v 0.113281 0.874134 -1.336343
v 0.113281 0.881946 -1.277749
v 0.113281 0.819446 -1.314858
v 0.113281 0.788196 -1.213296
v 0.214844 0.501087 -0.723062
v 0.109375 0.477649 -0.721108
v 0.214844 0.524524 -0.891030
v 0.000000 0.485462 -0.900796
v -0.214844 0.754993 -1.185952
v -0.113281 0.733509 -1.191811
v -0.214844 0.690540 -1.185952
v -0.113281 0.661243 -1.185952
v -0.214844 0.784290 -1.213296
v -0.113281 0.756946 -1.219155
v -0.214844 0.754993 -1.185952
v -0.113281 0.733509 -1.191811
v -0.113281 0.874134 -1.336343
v -0.113281 0.819446 -1.314858
v -0.113281 0.881946 -1.277749
v -0.113281 0.788196 -1.213296
v -0.214844 0.588977 -1.051186
v -0.214844 0.739368 -1.119546
v -0.214844 0.690540 -1.185952
v -0.214844 0.754993 -1.185952
v -0.109375 0.477649 -0.721108
v -0.109375 0.602649 -0.723061
v -0.214844 0.501087 -0.723062
v -0.214844 0.602649 -0.723061
v -0.109375 0.602649 -0.723061
v -0.109375 0.694446 -0.588296
v 0.109375 0.602649 -0.723061
v 0.109375 0.694446 -0.588296
v 0.214844 0.602649 -0.723061
v 0.214844 0.604602 -0.867593
v 0.109375 0.602649 -0.723061
v -0.214844 0.604602 -0.867593
v 0.214844 0.588977 -1.051186
v 0.214844 0.653431 -1.006265
v 0.214844 0.524524 -0.891030
v 0.214844 0.604602 -0.867593
v 0.214844 0.524524 -0.891030
v 0.214844 0.604602 -0.867593
v 0.214844 0.501087 -0.723062
v 0.214844 0.602649 -0.723061
v 0.062500 0.780384 -1.125405
v 0.062500 0.712024 -1.168374
v -0.062500 0.780384 -1.125405
v -0.062500 0.712024 -1.168374
v -0.062500 0.712024 -1.168374
v -0.062500 0.561634 -0.928140
v -0.062500 0.780384 -1.125405
v -0.062500 0.633899 -0.885171
v 0.062500 0.633899 -0.885171
v 0.062500 0.780384 -1.125405
v -0.062500 0.633899 -0.885171
v -0.062500 0.780384 -1.125405
v 0.062500 0.561634 -0.928140
v 0.062500 0.712024 -1.168374
v 0.062500 0.633899 -0.885171
v 0.062500 0.780384 -1.125405
v 0.076172 0.563587 -0.894936
v 0.000000 0.631946 -1.017983
v 0.076172 0.659290 -0.863686
v 0.000000 0.715931 -0.973061
v -0.076172 0.563587 -0.894936
v -0.076172 0.581165 -0.744546
v -0.076172 0.659290 -0.863686
v -0.078125 0.655384 -0.732827
v 0.078125 0.770618 -0.549233
v 0.076172 0.760852 -0.738686
v -0.076172 0.770618 -0.549233
v -0.078125 0.760852 -0.738686
v 0.000000 0.631946 -1.017983
v -0.076172 0.563587 -0.894936
v 0.000000 0.715931 -0.973061
v -0.076172 0.659290 -0.863686
v -0.078125 0.655384 -0.732827
v 0.076172 0.659290 -0.863686
v -0.076172 0.659290 -0.863686
v 0.000000 0.715931 -0.973061
v 0.078125 0.770618 -0.549233
v 0.076172 0.561634 -0.551186
v 0.076172 0.760852 -0.738686
v 0.074219 0.655384 -0.732827
v 0.076172 0.760852 -0.738686
v 0.074219 0.655384 -0.732827
v -0.078125 0.760852 -0.738686
v -0.078125 0.655384 -0.732827
v -0.078125 0.760852 -0.738686
v -0.078125 0.655384 -0.732827
v -0.076172 0.770618 -0.549233
v -0.078125 0.561634 -0.551186
v -0.076172 0.770618 -0.549233
v -0.078125 0.561634 -0.551186
v 0.078125 0.770618 -0.549233
v 0.076172 0.561634 -0.551186
v 0.109375 0.694446 -0.588296
v -0.109375 0.694446 -0.588296
v 0.109375 0.661243 -0.510171
v -0.109375 0.661243 -0.510171
v 0.113281 0.819446 -1.314858
v 0.000000 0.811634 -1.326577
v 0.113281 0.874134 -1.336343
v 0.000000 0.872181 -1.351968
v -0.214844 0.817493 -1.205483
v -0.214844 0.784290 -1.213296
v -0.214844 0.739368 -1.119546
v -0.214844 0.754993 -1.185952
v -0.113281 0.756946 -1.219155
v -0.214844 0.784290 -1.213296
v -0.113281 0.788196 -1.213296
v -0.214844 0.817493 -1.205483
v -0.109375 0.501087 -0.543374
v 0.109375 0.501087 -0.543374
v -0.109375 0.528431 -0.494546
v 0.109375 0.528431 -0.494546
v 0.214844 0.604602 -0.867593
v 0.214844 0.653431 -1.006265
v -0.214844 0.604602 -0.867593
v -0.214844 0.653431 -1.006265
v 0.214844 0.739368 -1.119546
v -0.214844 0.739368 -1.119546
v 0.109375 0.477649 -0.721108
v 0.109375 0.602649 -0.723061
v 0.109375 0.501087 -0.543374
v 0.109375 0.661243 -0.510171
v 0.109375 0.694446 -0.588296
v -0.113281 0.881946 -1.277749
v 0.113281 0.881946 -1.277749
v -0.113281 0.874134 -1.336343
v 0.000000 0.872181 -1.351968
v 0.113281 0.874134 -1.336343
v 0.214844 0.817493 -1.205483
v 0.113281 0.788196 -1.213296
v 0.214844 0.739368 -1.119546
v -0.113281 0.788196 -1.213296
v 0.113281 0.881946 -1.277749
v -0.113281 0.881946 -1.277749
v 0.214844 0.690540 -1.185952
v 0.214844 0.588977 -1.051186
v 0.113281 0.661243 -1.185952
v 0.000000 0.555774 -1.070718
v 0.214844 0.524524 -0.891030
v 0.000000 0.485462 -0.900796
v -0.214844 0.602649 -0.723061
v -0.214844 0.604602 -0.867593
v -0.214844 0.501087 -0.723062
v -0.214844 0.524524 -0.891030
v -0.214844 0.653431 -1.006265
v -0.214844 0.588977 -1.051186
v -0.214844 0.739368 -1.119546
v -0.113281 0.733509 -1.191811
v -0.113281 0.756946 -1.219155
v -0.113281 0.661243 -1.185952
v -0.113281 0.819446 -1.314858
v -0.113281 0.788196 -1.213296
v 0.109375 0.477649 -0.721108
v -0.109375 0.477649 -0.721108
v 0.000000 0.485462 -0.900796
v -0.214844 0.524524 -0.891030
v -0.214844 0.501087 -0.723062
v 0.076172 0.561634 -0.551186
v 0.076172 0.581165 -0.744546
v 0.074219 0.655384 -0.732827
v 0.076172 0.659290 -0.863686
v 0.076172 0.563587 -0.894936
v 0.292047 1.452423 0.043444
v 0.507304 1.288119 0.158904
v 0.461322 1.249587 0.163894
v 0.470508 0.933081 0.123896
v 0.500466 0.947734 0.052122
v 0.472503 0.946498 0.174026
v 1.047387 1.450583 -0.040536
v 0.982767 1.530189 -0.041158
v 1.023386 1.581867 -0.124788
v 0.730666 0.961045 0.188393
v 0.823464 0.876768 0.122865
v 0.931810 1.004275 0.131987
v 0.730666 0.961045 0.188393
v 0.812612 0.896766 0.080962
v 0.823464 0.876768 0.122865
v 0.604402 1.095317 0.181757
v 0.663193 1.137460 0.191195
v 0.812612 0.896766 0.080962
v 0.912545 1.016280 0.088449
v 0.507304 1.288119 0.158904
v 0.567921 1.636594 0.019471
v 0.746355 1.577879 0.032269
v 0.718053 1.688508 -0.040882
v 0.746355 1.577879 0.032269
v 0.718053 1.688508 -0.040882
v 0.805107 1.644113 -0.047836
v 0.862458 1.709014 -0.128214
v 1.037458 1.303990 0.027173
v 0.943456 1.477083 0.042726
v 1.047387 1.450583 -0.040536
v 0.982767 1.530189 -0.041158
v 0.603303 1.086746 0.229296
v 0.448456 1.253872 0.209145
v 0.525716 1.010724 0.216204
v 0.369176 1.164144 0.187766
v 0.507304 1.288119 0.158904
v 0.663193 1.137460 0.191195
v 0.468525 1.223989 0.028006
v 0.619556 1.072094 0.063332
v 0.448456 1.253872 0.209145
v 0.461322 1.249587 0.163894
v 0.468525 1.223989 0.028006
v 0.507304 1.288119 0.158904
v 0.604402 1.095317 0.181757
v 0.812612 0.896766 0.080962
v 0.603303 1.086746 0.229296
v 0.730666 0.961045 0.188393
v 1.016885 1.153497 0.112710
v 0.905954 1.216269 0.180683
v 0.830504 1.077799 0.195862
v 0.745962 1.293342 0.221212
v 0.603303 1.086746 0.229296
v 0.619556 1.072094 0.063332
v 0.604402 1.095317 0.181757
v 0.663193 1.137460 0.191195
v 0.448456 1.253872 0.209145
v 0.468525 1.223989 0.028006
v 0.369176 1.164144 0.187766
v 0.404101 1.153199 -0.008393
v 0.982767 1.530189 -0.041158
v 0.862458 1.709014 -0.128214
v 1.023008 1.581691 -0.303933
v 1.002636 1.608831 -0.331769
v 1.023008 1.581691 -0.303933
v 1.002636 1.608831 -0.331769
v 1.058997 1.613564 -0.294948
v 1.039093 1.643464 -0.324683
v 1.039093 1.643464 -0.324683
v 0.965549 1.693652 -0.219597
v 1.058997 1.613564 -0.294948
v 1.023386 1.581867 -0.124788
v 1.002636 1.608831 -0.331769
v 0.862458 1.709014 -0.128214
v 1.039093 1.643464 -0.324683
v 0.965549 1.693652 -0.219597
v 1.058997 1.613564 -0.294948
v 1.023386 1.581867 -0.124788
v 1.023008 1.581691 -0.303933
v 0.982767 1.530189 -0.041158
v 0.525716 1.010724 0.216204
v 0.558682 1.003968 0.023644
v 0.603303 1.086746 0.229296
v 0.619556 1.072094 0.063332
v 0.420000 1.554411 0.048419
v 0.567921 1.636594 0.019471
v 0.292047 1.452423 0.043444
v 0.507304 1.288119 0.158904
v 0.730666 0.961045 0.188393
v 0.931810 1.004275 0.131987
v 0.830504 1.077799 0.195862
v 1.016885 1.153497 0.112710
v 0.470508 0.933081 0.123896
v 0.316583 1.083644 0.095966
v 0.500466 0.947734 0.052122
v 0.349719 1.100961 0.022819
v 0.472503 0.946498 0.174026
v 0.500466 0.947734 0.052122
v 0.525716 1.010724 0.216204
v 0.558682 1.003968 0.023644
v 0.830504 1.077799 0.195862
v 0.745962 1.293342 0.221212
v 0.683043 1.182092 0.234848
v 0.578657 1.364045 0.218536
v 0.267596 1.470993 0.078485
v 0.406672 1.580876 0.085622
v 0.292047 1.452423 0.043444
v 0.420000 1.554411 0.048419
v 0.564685 1.669623 0.056646
v 0.567921 1.636594 0.019471
v 0.725934 1.725340 -0.009505
v 0.718053 1.688508 -0.040882
v 0.880332 1.745557 -0.104843
v 0.862458 1.709014 -0.128214
v 0.988280 1.731431 -0.199261
v 0.965549 1.693652 -0.219597
v 0.564685 1.669623 0.056646
v 0.406672 1.580876 0.085622
v 0.596080 1.608779 0.108511
v 0.611021 1.531951 0.155188
v 0.430961 1.510612 0.136106
v 0.604746 1.447612 0.193762
v 0.413190 1.425327 0.168466
v 0.578657 1.364045 0.218536
v 0.534622 1.285341 0.227884
v 0.683043 1.182092 0.234848
v 0.448456 1.253872 0.209145
v 0.603303 1.086746 0.229296
v 0.534622 1.285341 0.227884
v 0.683043 1.182092 0.234848
v 0.730666 0.961045 0.188393
v 0.830504 1.077799 0.195862
v 0.596080 1.608779 0.108511
v 0.772654 1.637549 0.067226
v 0.564685 1.669623 0.056646
v 0.725934 1.725340 -0.009505
v 0.938636 1.636532 -0.011933
v 0.880332 1.745557 -0.104843
v 0.611021 1.531951 0.155188
v 0.792264 1.528638 0.134707
v 0.596080 1.608779 0.108511
v 0.772654 1.637549 0.067226
v 0.961330 1.506677 0.072066
v 0.938636 1.636532 -0.011933
v 0.604746 1.447612 0.193762
v 0.783647 1.412506 0.186754
v 0.611021 1.531951 0.155188
v 0.792264 1.528638 0.134707
v 0.950466 1.361512 0.137603
v 0.961330 1.506677 0.072066
v 0.578657 1.364045 0.218536
v 0.745962 1.293342 0.221212
v 0.604746 1.447612 0.193762
v 0.783647 1.412506 0.186754
v 0.905954 1.216269 0.180683
v 0.950466 1.361512 0.137603
v 1.016885 1.153497 0.112710
v 1.065698 1.312446 0.064497
v 0.905954 1.216269 0.180683
v 0.950466 1.361512 0.137603
v 1.076751 1.470081 -0.006972
v 0.961330 1.506677 0.072066
v 1.051537 1.612503 -0.097430
v 0.938636 1.636532 -0.011933
v 0.988280 1.731431 -0.199261
v 0.880332 1.745557 -0.104843
v 0.406672 1.580876 0.085622
v 0.267596 1.470993 0.078485
v 0.430961 1.510612 0.136106
v 0.413190 1.425327 0.168466
v 0.363641 1.351005 0.170772
v 0.534622 1.285341 0.227884
v 0.448456 1.253872 0.209145
v 0.267596 1.470993 0.078485
v 0.292047 1.452423 0.043444
v 0.363641 1.351005 0.170772
v 0.448456 1.253872 0.209145
v 0.461322 1.249587 0.163894
v 0.988280 1.731431 -0.199261
v 1.051537 1.612503 -0.097430
v 0.965549 1.693652 -0.219597
v 1.023386 1.581867 -0.124788
v 1.076751 1.470081 -0.006972
v 1.047387 1.450583 -0.040536
v 1.065698 1.312446 0.064497
v 1.037458 1.303990 0.027173
v 1.016885 1.153497 0.112710
v 0.991449 1.154654 0.069962
v 0.931810 1.004275 0.131987
v 0.912545 1.016280 0.088449
v 0.823464 0.876768 0.122865
v 0.812612 0.896766 0.080962
v 0.369176 1.164144 0.187766
v 0.316431 1.095729 0.149658
v 0.525716 1.010724 0.216204
v 0.472503 0.946498 0.174026
v 0.316583 1.083644 0.095966
v 0.470508 0.933081 0.123896
v 0.619556 1.072094 0.063332
v 0.558682 1.003968 0.023644
v 0.468525 1.223989 0.028006
v 0.404101 1.153199 -0.008393
v 0.500466 0.947734 0.052122
v 0.349719 1.100961 0.022819
v 0.507304 1.288119 0.158904
v 0.746355 1.577879 0.032269
v 0.663193 1.137460 0.191195
v 0.943456 1.477083 0.042726
v 0.805107 1.644113 -0.047836
v 0.982767 1.530189 -0.041158
v 0.862458 1.709014 -0.128214
v 0.943456 1.477083 0.042726
v 1.037458 1.303990 0.027173
v 0.663193 1.137460 0.191195
v 0.912545 1.016280 0.088449
v 0.991449 1.154654 0.069962
v 0.316583 1.083644 0.095966
v 0.316431 1.095729 0.149658
v 0.349719 1.100961 0.022819
v 0.404101 1.153199 -0.008393
v 0.369176 1.164144 0.187766
v -0.369176 1.164144 0.179166
v -0.316431 1.095729 0.141058
v -0.404101 1.153199 -0.016993
v -0.862830 1.709014 -0.138731
v -0.805107 1.644113 -0.056436
v -0.982767 1.530189 -0.049758
v -0.912545 1.016280 0.079849
v -0.991449 1.154654 0.061362
v -1.037458 1.303990 0.018573
v -0.449763 1.252444 0.200800
v -0.363641 1.351005 0.162173
v -0.534622 1.285341 0.219284
v -0.730666 0.961045 0.179794
v -0.823464 0.876768 0.114265
v -0.812984 0.896766 0.070445
v -0.449763 1.252444 0.200800
v -0.461695 1.249587 0.153377
v -0.292420 1.452423 0.032927
v -1.076751 1.470081 -0.015572
v -0.961330 1.506677 0.063466
v -1.051537 1.612503 -0.106029
v -0.938636 1.636532 -0.020532
v -0.912545 1.016280 0.079849
v -0.663193 1.137460 0.182596
v -0.812984 0.896766 0.070445
v -0.604402 1.095317 0.173158
v -0.267596 1.470993 0.069885
v -0.292420 1.452423 0.032927
v -0.406672 1.580876 0.077022
v -0.421308 1.552983 0.040073
v -0.449763 1.252444 0.200800
v -0.292420 1.452423 0.032927
v -0.363641 1.351005 0.162173
v -0.267596 1.470993 0.069885
v -0.406672 1.580876 0.077022
v -0.421308 1.552983 0.040073
v -0.564685 1.669623 0.048046
v -0.567921 1.636594 0.010871
v -0.564685 1.669623 0.048046
v -0.567921 1.636594 0.010871
v -0.725934 1.725340 -0.018104
v -0.718053 1.688508 -0.049482
v -0.725934 1.725340 -0.018104
v -0.718053 1.688508 -0.049482
v -0.880332 1.745557 -0.113442
v -0.862830 1.709014 -0.138731
v -0.730666 0.961045 0.179794
v -0.812984 0.896766 0.070445
v -0.603303 1.086746 0.220696
v -0.604402 1.095317 0.173158
v -0.988280 1.731431 -0.207861
v -0.965549 1.693652 -0.228197
v -1.051537 1.612503 -0.106029
v -1.023386 1.581867 -0.133388
v -0.880332 1.745557 -0.113442
v -0.862830 1.709014 -0.138731
v -0.988280 1.731431 -0.207861
v -0.965549 1.693652 -0.228197
v -1.051537 1.612503 -0.106029
v -1.023386 1.581867 -0.133388
v -1.076751 1.470081 -0.015572
v -1.047387 1.450583 -0.049135
v -1.076751 1.470081 -0.015572
v -1.047387 1.450583 -0.049135
v -1.065698 1.312446 0.055898
v -1.037458 1.303990 0.018573
v -1.065698 1.312446 0.055898
v -1.037458 1.303990 0.018573
v -1.016885 1.153497 0.104110
v -0.991449 1.154654 0.061362
v -1.016885 1.153497 0.104110
v -0.991449 1.154654 0.061362
v -0.931810 1.004275 0.123387
v -0.912545 1.016280 0.079849
v -0.931810 1.004275 0.123387
v -0.912545 1.016280 0.079849
v -0.823464 0.876768 0.114265
v -0.812984 0.896766 0.070445
v -1.065698 1.312446 0.055898
v -0.950466 1.361512 0.129003
v -1.076751 1.470081 -0.015572
v -0.961330 1.506677 0.063466
v -1.016885 1.153497 0.104110
v -0.905954 1.216269 0.172083
v -1.065698 1.312446 0.055898
v -0.950466 1.361512 0.129003
v -0.619556 1.072094 0.054733
v -0.663193 1.137460 0.182596
v -0.468525 1.223989 0.019406
v -0.507304 1.288119 0.150304
v -0.449763 1.252444 0.200800
v -0.468525 1.223989 0.019406
v -0.461695 1.249587 0.153377
v -0.507304 1.288119 0.150304
v -0.349719 1.100961 0.014220
v -0.316583 1.083644 0.087366
v -0.500466 0.947734 0.043522
v -0.470508 0.933081 0.115296
v -0.558682 1.003968 0.015044
v -0.404101 1.153199 -0.016993
v -0.500466 0.947734 0.043522
v -0.349719 1.100961 0.014220
v -0.316431 1.095729 0.141058
v -0.472503 0.946498 0.165426
v -0.316583 1.083644 0.087366
v -0.470508 0.933081 0.115296
v -0.449763 1.252444 0.200800
v -0.369176 1.164144 0.179166
v -0.468525 1.223989 0.019406
v -0.404101 1.153199 -0.016993
v -0.507304 1.288119 0.150304
v -0.663193 1.137460 0.182596
v -0.746355 1.577879 0.023669
v -0.943456 1.477083 0.034126
v -0.912545 1.016280 0.079849
v -1.037458 1.303990 0.018573
v -0.663193 1.137460 0.182596
v -0.943456 1.477083 0.034126
v -0.746355 1.577879 0.023669
v -0.943456 1.477083 0.034126
v -0.805107 1.644113 -0.056436
v -0.982767 1.530189 -0.049758
v -1.002636 1.608831 -0.340369
v -0.862830 1.709014 -0.138731
v -1.023008 1.581691 -0.312533
v -0.982767 1.530189 -0.049758
v -1.039093 1.643464 -0.333282
v -1.002636 1.608831 -0.340369
v -1.058997 1.613564 -0.303547
v -1.023008 1.581691 -0.312533
v -1.023386 1.581867 -0.133388
v -0.965549 1.693652 -0.228197
v -1.058997 1.613564 -0.303547
v -1.039093 1.643464 -0.333282
v -0.965549 1.693652 -0.228197
v -0.862830 1.709014 -0.138731
v -1.039093 1.643464 -0.333282
v -1.002636 1.608831 -0.340369
v -0.982767 1.530189 -0.049758
v -1.023386 1.581867 -0.133388
v -1.023008 1.581691 -0.312533
v -1.058997 1.613564 -0.303547
v -0.404101 1.153199 -0.016993
v -0.316431 1.095729 0.141058
v -0.349719 1.100961 0.014220
v -0.316583 1.083644 0.087366
v -1.051537 1.612503 -0.106029
v -0.938636 1.636532 -0.020532
v -0.988280 1.731431 -0.207861
v -0.880332 1.745557 -0.113442
v -0.603303 1.086746 0.220696
v -0.684351 1.180663 0.226502
v -0.730666 0.961045 0.179794
v -0.830504 1.077799 0.187262
v -0.604746 1.447612 0.185163
v -0.430961 1.510612 0.127506
v -0.611021 1.531951 0.146589
v -0.406672 1.580876 0.077022
v -0.619556 1.072094 0.054733
v -0.468525 1.223989 0.019406
v -0.558682 1.003968 0.015044
v -0.404101 1.153199 -0.016993
v -0.369176 1.164144 0.179166
v -0.525716 1.010724 0.207605
v -0.316431 1.095729 0.141058
v -0.472503 0.946498 0.165426
v -0.611021 1.531951 0.146589
v -0.406672 1.580876 0.077022
v -0.596080 1.608779 0.099911
v -0.564685 1.669623 0.048046
v -1.016885 1.153497 0.104110
v -0.931810 1.004275 0.123387
v -0.830504 1.077799 0.187262
v -0.730666 0.961045 0.179794
v -0.823464 0.876768 0.114265
v -0.267596 1.470993 0.069885
v -0.413190 1.425327 0.159866
v -0.363641 1.351005 0.162173
v -0.534622 1.285341 0.219284
v -0.578657 1.364045 0.209937
v -0.684351 1.180663 0.226502
v -0.745962 1.293342 0.212612
v -0.830504 1.077799 0.187262
v -0.905954 1.216269 0.172083
v -1.016885 1.153497 0.104110
v -0.684351 1.180663 0.226502
v -0.603303 1.086746 0.220696
v -0.534622 1.285341 0.219284
v -0.449763 1.252444 0.200800
v -0.525716 1.010724 0.207605
v -0.369176 1.164144 0.179166
v -0.725934 1.725340 -0.018104
v -0.772654 1.637549 0.058626
v -0.564685 1.669623 0.048046
v -0.596080 1.608779 0.099911
v -0.792264 1.528638 0.126108
v -0.611021 1.531951 0.146589
v -0.783647 1.412506 0.178154
v -0.604746 1.447612 0.185163
v -0.745962 1.293342 0.212612
v -0.578657 1.364045 0.209937
v -0.880332 1.745557 -0.113442
v -0.938636 1.636532 -0.020532
v -0.725934 1.725340 -0.018104
v -0.772654 1.637549 0.058626
v -0.961330 1.506677 0.063466
v -0.792264 1.528638 0.126108
v -0.950466 1.361512 0.129003
v -0.783647 1.412506 0.178154
v -0.905954 1.216269 0.172083
v -0.745962 1.293342 0.212612
v -0.406672 1.580876 0.077022
v -0.430961 1.510612 0.127506
v -0.267596 1.470993 0.069885
v -0.413190 1.425327 0.159866
v -0.604746 1.447612 0.185163
v -0.578657 1.364045 0.209937
v -0.421308 1.552983 0.040073
v -0.292420 1.452423 0.032927
v -0.567921 1.636594 0.010871
v -0.507304 1.288119 0.150304
v -0.461695 1.249587 0.153377
v -0.862830 1.709014 -0.138731
v -0.718053 1.688508 -0.049482
v -0.805107 1.644113 -0.056436
v -0.746355 1.577879 0.023669
v -0.567921 1.636594 0.010871
v -0.507304 1.288119 0.150304
v -1.037458 1.303990 0.018573
v -1.047387 1.450583 -0.049135
v -0.943456 1.477083 0.034126
v -0.982767 1.530189 -0.049758
v -1.023386 1.581867 -0.133388
v -0.663193 1.137460 0.182596
v -0.619556 1.072094 0.054733
v -0.604402 1.095317 0.173158
v -0.603303 1.086746 0.220696
v -0.558682 1.003968 0.015044
v -0.525716 1.010724 0.207605
v -0.500466 0.947734 0.043522
v -0.472503 0.946498 0.165426
v -0.470508 0.933081 0.115296
v -0.062500 1.455839 1.084928
v -0.062500 1.483183 0.989225
v -0.062500 1.483183 0.909146
v 0.080078 1.385527 1.190396
v 0.062500 1.410917 1.149381
v 0.080078 1.467558 1.211881
v 0.062500 1.473417 1.168912
v 0.062500 1.473417 1.168912
v 0.000000 1.473417 1.166959
v 0.080078 1.467558 1.211881
v 0.000000 1.465605 1.223600
v 0.000000 1.455839 1.092740
v 0.062500 1.455839 1.084928
v 0.000000 1.483183 0.997037
v 0.062500 1.483183 0.989225
v 0.000000 1.483183 0.997037
v 0.062500 1.483183 0.989225
v 0.000000 1.481230 0.907193
v 0.062500 1.483183 0.909146
v 0.062500 1.410917 1.149381
v 0.000000 1.414824 1.147428
v 0.062500 1.473417 1.168912
v 0.000000 1.473417 1.166959
v 0.062500 1.455839 1.084928
v 0.000000 1.455839 1.092740
v 0.062500 1.410917 1.149381
v 0.000000 1.414824 1.147428
v 0.080078 1.467558 1.211881
v 0.000000 1.465605 1.223600
v 0.080078 1.385527 1.190396
v 0.000000 1.379667 1.198209
v 0.080078 1.385527 1.190396
v 0.000000 1.379667 1.198209
v 0.080078 1.268339 1.135709
v 0.000000 1.262480 1.141568
v 0.080078 1.114042 0.918912
v 0.000000 1.102324 0.918912
v 0.080078 1.155058 0.903287
v 0.000000 1.143339 0.903287
v 0.080078 1.155058 0.903287
v 0.000000 1.143339 0.903287
v 0.062500 1.246855 0.903287
v 0.000000 1.233183 0.901334
v 0.062500 1.246855 0.903287
v 0.062500 1.410917 1.149381
v 0.080078 1.268339 1.135709
v 0.080078 1.385527 1.190396
v 0.080078 1.129667 1.030240
v 0.080078 1.090605 0.971646
v 0.080078 1.155058 0.903287
v 0.080078 1.114042 0.918912
v 0.062500 1.246855 0.903287
v 0.080078 1.268339 1.135709
v 0.080078 1.155058 0.903287
v 0.080078 1.129667 1.030240
v -0.062500 1.483183 0.909146
v 0.000000 1.481230 0.907193
v -0.062500 1.246855 0.903287
v 0.000000 1.233183 0.901334
v 0.000000 1.473417 1.166959
v 0.000000 1.414824 1.147428
v -0.062500 1.473417 1.168912
v -0.062500 1.410917 1.149381
v -0.062500 1.473417 1.168912
v -0.062500 1.410917 1.149381
v -0.080078 1.467558 1.211881
v -0.080078 1.385527 1.190396
v 0.000000 1.465605 1.223600
v 0.000000 1.473417 1.166959
v -0.080078 1.467558 1.211881
v -0.062500 1.473417 1.168912
v 0.000000 1.414824 1.147428
v 0.000000 1.455839 1.092740
v -0.062500 1.410917 1.149381
v -0.062500 1.455839 1.084928
v -0.080078 1.129667 1.030240
v 0.000000 1.121855 1.036100
v -0.080078 1.268339 1.135709
v 0.000000 1.262480 1.141568
v -0.080078 1.090605 0.971646
v 0.000000 1.078886 0.969693
v -0.080078 1.129667 1.030240
v 0.000000 1.121855 1.036100
v -0.080078 1.114042 0.918912
v 0.000000 1.102324 0.918912
v -0.080078 1.090605 0.971646
v 0.000000 1.078886 0.969693
v -0.062500 1.246855 0.903287
v -0.080078 1.268339 1.135709
v -0.062500 1.410917 1.149381
v -0.080078 1.385527 1.190396
v -0.080078 1.114042 0.918912
v -0.080078 1.090605 0.971646
v -0.080078 1.155058 0.903287
v -0.080078 1.129667 1.030240
v -0.080078 1.129667 1.030240
v -0.080078 1.268339 1.135709
v -0.080078 1.155058 0.903287
v -0.062500 1.246855 0.903287
v -0.062500 1.455839 1.084928
v -0.062500 1.483183 0.909146
v -0.062500 1.410917 1.149381
v -0.062500 1.246855 0.903287
v 0.000000 1.233183 0.901334
v 0.000000 1.481230 0.907193
v 0.062500 1.246855 0.903287
v 0.062500 1.483183 0.909146
v 0.062500 1.246855 0.903287
v 0.062500 1.483183 0.909146
v 0.062500 1.410917 1.149381
v 0.062500 1.455839 1.084928
v 0.062500 1.483183 0.989225
v 0.000000 1.455839 1.092740
v 0.000000 1.483183 0.997037
v -0.062500 1.455839 1.084928
v -0.062500 1.483183 0.989225
v 0.000000 1.481230 0.907193
v -0.062500 1.483183 0.909146
v -0.080078 1.467558 1.211881
v -0.080078 1.385527 1.190396
v 0.000000 1.465605 1.223600
v 0.000000 1.379667 1.198209
v -0.080078 1.268339 1.135709
v 0.000000 1.262480 1.141568
v -0.080078 1.114042 0.918912
v -0.080078 1.155058 0.903287
v 0.000000 1.102324 0.918912
v 0.000000 1.143339 0.903287
v -0.062500 1.246855 0.903287
v 0.000000 1.233183 0.901334
v 0.080078 1.114042 0.918912
v 0.080078 1.090605 0.971646
v 0.000000 1.102324 0.918912
v 0.000000 1.078886 0.969693
v 0.080078 1.129667 1.030240
v 0.000000 1.121855 1.036100
v 0.080078 1.268339 1.135709
v 0.000000 1.262480 1.141568
v 0.083984 1.104232 -0.047387
v 0.083984 1.045638 -0.053246
v 0.083984 1.110091 -0.115746
v 0.039062 1.252669 0.269019
v 0.035156 1.276107 0.341285
v 0.037109 1.012435 0.382301
v -0.083984 1.104232 -0.047387
v -0.083984 1.110091 -0.115746
v -0.083984 1.045638 -0.053246
v -0.109375 1.141341 -0.031762
v -0.109375 1.102279 -0.053246
v -0.109375 1.276107 0.341285
v -0.109375 0.844466 -0.059106
v 0.041016 0.969466 -0.061059
v 0.039062 0.844466 -0.059106
v -0.109375 1.088607 0.452613
v -0.109375 0.742904 0.149879
v -0.078125 0.817122 0.218238
v -0.078125 0.742904 0.151832
v -0.078125 0.641341 0.220191
v -0.078125 0.637435 0.153785
v 0.037109 0.641341 0.220191
v 0.037109 0.637435 0.153785
v 0.039062 0.742904 0.149879
v 0.037109 0.637435 0.153785
v -0.078125 0.742904 0.151832
v -0.078125 0.637435 0.153785
v -0.109375 1.221419 0.466285
v -0.109375 1.088607 0.452613
v 0.035156 1.221419 0.466285
v 0.035156 1.088607 0.452613
v -0.109375 1.141341 -0.031762
v 0.039062 1.252669 0.269019
v 0.109375 1.141341 -0.031762
v 0.109375 1.252669 0.267066
v 0.037109 0.637435 0.153785
v 0.039062 0.742904 0.149879
v 0.037109 0.641341 0.220191
v 0.041016 0.819076 0.222144
v -0.109375 1.276107 0.341285
v -0.109375 1.102279 -0.053246
v -0.109375 0.740951 0.005347
v -0.109375 0.844466 -0.059106
v -0.109375 1.221419 0.466285
v 0.035156 1.221419 0.466285
v -0.109375 1.276107 0.341285
v 0.035156 1.276107 0.341285
v 0.039062 0.740951 0.005347
v -0.109375 0.740951 0.005347
v 0.039062 0.844466 -0.059106
v -0.109375 0.844466 -0.059106
v -0.078125 0.817122 0.218238
v -0.078125 0.742904 0.151832
v -0.078125 0.641341 0.220191
v -0.078125 0.637435 0.153785
v 0.109375 1.010482 0.382301
v 0.109375 1.252669 0.267066
v 0.037109 1.012435 0.382301
v 0.039062 1.252669 0.269019
v 0.041016 0.819076 0.222144
v -0.078125 0.817122 0.218238
v 0.037109 0.641341 0.220191
v -0.078125 0.641341 0.220191
v 0.109375 1.102279 -0.053246
v 0.109375 1.141341 -0.031762
v 0.091797 0.961654 -0.061059
v 0.091797 0.817122 0.218238
v 0.130859 1.139388 0.403785
v 0.130859 1.180404 0.419410
v 0.021484 1.139388 0.403785
v 0.021484 1.180404 0.419410
v 0.130859 1.180404 0.419410
v 0.130859 1.196029 0.376441
v 0.021484 1.180404 0.419410
v 0.021484 1.196029 0.376441
v 0.130859 1.196029 0.376441
v 0.130859 1.155013 0.360816
v 0.021484 1.196029 0.376441
v 0.021484 1.155013 0.360816
v 0.130859 1.155013 0.360816
v 0.130859 1.139388 0.403785
v 0.021484 1.155013 0.360816
v 0.021484 1.139388 0.403785
v 0.083984 1.110091 -0.115746
v 0.083984 1.045638 -0.053246
v -0.083984 1.110091 -0.115746
v -0.083984 1.045638 -0.053246
v 0.083984 1.104232 -0.047387
v 0.083984 1.110091 -0.115746
v -0.083984 1.104232 -0.047387
v -0.083984 1.110091 -0.115746
v 0.083984 1.162826 0.048316
v 0.083984 1.414779 0.044410
v -0.083984 1.162826 0.048316
v -0.083984 1.414779 0.044410
v 0.083984 1.414779 0.044410
v 0.083984 1.162826 0.048316
v 0.083984 1.418685 -0.031762
v 0.083984 1.133529 -0.029809
v -0.083984 1.418685 -0.031762
v -0.083984 1.414779 0.044410
v 0.083984 1.418685 -0.031762
v 0.083984 1.414779 0.044410
v -0.083984 1.133529 -0.029809
v -0.083984 1.162826 0.048316
v -0.083984 1.418685 -0.031762
v -0.083984 1.414779 0.044410
v 0.083984 1.133529 -0.029809
v -0.083984 1.133529 -0.029809
v 0.083984 1.418685 -0.031762
v -0.083984 1.418685 -0.031762
v 0.041016 0.819076 0.222144
v 0.091797 0.817122 0.218238
v 0.037109 1.012435 0.382301
v 0.109375 1.010482 0.382301
v -0.109375 1.141341 -0.031762
v -0.109375 1.276107 0.341285
v 0.039062 1.252669 0.269019
v 0.035156 1.276107 0.341285
v -0.109375 1.102279 -0.053246
v -0.109375 1.141341 -0.031762
v 0.109375 1.102279 -0.053246
v 0.109375 1.141341 -0.031762
v 0.037109 1.012435 0.382301
v 0.035156 1.276107 0.341285
v 0.035156 1.088607 0.452613
v 0.035156 1.221419 0.466285
v 0.041016 0.819076 0.222144
v 0.041016 0.969466 -0.061059
v 0.091797 0.817122 0.218238
v 0.091797 0.961654 -0.061059
v 0.091797 0.817122 0.218238
v 0.109375 1.141341 -0.031762
v 0.109375 1.010482 0.382301
v 0.109375 1.252669 0.267066
v 0.041016 0.819076 0.222144
v 0.037109 1.012435 0.382301
v -0.078125 0.817122 0.218238
v -0.109375 1.088607 0.452613
v 0.035156 1.088607 0.452613
v -0.109375 0.740951 0.005347
v 0.039062 0.740951 0.005347
v -0.109375 0.742904 0.149879
v -0.078125 0.742904 0.151832
v 0.039062 0.742904 0.149879
v -0.109375 0.742904 0.149879
v -0.109375 1.088607 0.452613
v -0.109375 0.740951 0.005347
v -0.109375 1.276107 0.341285
v -0.109375 1.221419 0.466285
v -0.109375 1.102279 -0.053246
v 0.109375 1.102279 -0.053246
v -0.109375 0.844466 -0.059106
v 0.041016 0.969466 -0.061059
v 0.091797 0.961654 -0.061059
v 0.039062 0.742904 0.149879
v 0.039062 0.740951 0.005347
v 0.041016 0.819076 0.222144
v 0.041016 0.969466 -0.061059
v 0.039062 0.844466 -0.059106
vt 0.020630 1.043152
vt 0.006226 1.039978
vt 0.012512 1.054443
vt 0.277893 1.798950
vt 0.235718 1.772705
vt 0.226624 1.792480
vt 0.852844 1.108459
vt 0.788452 1.128174
vt 0.852844 1.128296
vt 0.290222 1.845947
vt 0.292542 1.815796
vt 0.295593 1.828491
vt 0.046692 1.982361
vt 0.014893 1.982361
vt 0.034424 1.982361
vt 0.258728 1.767029
vt 0.254639 1.766418
vt 0.257385 1.764648
vt 0.113159 1.235046
vt 0.049011 1.235291
vt 0.049255 1.197449
vt 0.597107 1.628479
vt 0.531311 1.621643
vt 0.549072 1.592102
vt 0.199280 1.003235
vt 0.199280 1.082520
vt 0.175842 1.003235
vt 0.597107 1.747009
vt 0.597229 1.802551
vt 0.530334 1.749939
vt 0.437988 1.918152
vt 0.495789 1.966248
vt 0.411743 1.941711
vt 0.546387 1.814636
vt 0.541687 1.868103
vt 0.471008 1.852356
vt 0.852844 1.108459
vt 0.852844 1.128296
vt 0.788452 1.128174
vt 0.020630 1.043152
vt 0.012512 1.054443
vt 0.006226 1.039978
vt 0.850281 1.756165
vt 0.850281 1.791199
vt 0.821960 1.791260
vt 0.331970 1.947937
vt 0.331787 1.974915
vt 0.365234 1.938232
vt 0.808594 1.996155
vt 0.808594 1.976196
vt 0.777954 1.976196
vt 0.252869 1.745605
vt 0.251343 1.744080
vt 0.250610 1.747192
vt 0.258728 1.767029
vt 0.257385 1.764648
vt 0.254639 1.766418
vt 0.034119 1.117676
vt 0.027954 1.084106
vt 0.041687 1.079895
vt 0.063110 1.079407
vt 0.066711 1.041504
vt 0.104004 1.033386
vt 0.449341 1.741699
vt 0.437683 1.769409
vt 0.474121 1.744141
vt 0.290222 1.845947
vt 0.265015 1.837280
vt 0.278320 1.842468
vt 0.157593 1.260254
vt 0.129211 1.245300
vt 0.128052 1.267456
vt 0.113159 1.235046
vt 0.049255 1.197449
vt 0.049011 1.235291
vt 0.162842 1.932190
vt 0.054443 1.944580
vt 0.112671 1.933044
vt 0.270691 1.979370
vt 0.184204 1.982300
vt 0.162842 1.932190
vt 0.236206 1.833557
vt 0.221741 1.802063
vt 0.277710 1.802063
vt 0.332397 1.814331
vt 0.394531 1.852356
vt 0.403687 1.814636
vt 0.788818 1.791443
vt 0.817566 1.747009
vt 0.755188 1.781189
vt 0.852844 1.289917
vt 0.788452 1.269470
vt 0.852844 1.269470
vt 0.293396 1.747009
vt 0.277893 1.798950
vt 0.277893 1.743591
vt 0.262451 1.747009
vt 0.685669 1.796448
vt 0.729736 1.792908
vt 0.675171 1.781189
vt 0.755188 1.781189
vt 0.296692 1.852539
vt 0.277710 1.802063
vt 0.313171 1.832764
vt 0.325378 1.802063
vt 0.597107 1.628479
vt 0.609192 1.573242
vt 0.549072 1.592102
vt 0.553467 1.562805
vt 0.497803 1.687744
vt 0.493347 1.707336
vt 0.529114 1.687744
vt 0.530334 1.749939
vt 0.046692 1.982361
vt 0.046814 1.989197
vt 0.034424 1.982361
vt 0.034851 1.989197
vt 0.251770 1.742188
vt 0.251343 1.744080
vt 0.253418 1.743774
vt 0.252869 1.745605
vt 0.952454 1.009277
vt 0.994629 1.009277
vt 0.952454 1.079285
vt 0.994629 1.079285
vt 0.251831 1.760376
vt 0.254639 1.766418
vt 0.254333 1.759521
vt 0.257385 1.764648
vt 0.023743 1.006042
vt 0.020630 1.043152
vt 0.009766 1.006042
vt 0.006226 1.039978
vt 0.066711 1.041504
vt 0.045288 1.034729
vt 0.062866 1.006042
vt 0.023743 1.006042
vt 0.020630 1.043152
vt 0.023743 1.006042
vt 0.027954 1.035400
vt 0.045288 1.034729
vt 0.132935 1.982361
vt 0.162842 1.932190
vt 0.142395 1.982361
vt 0.184204 1.982300
vt 0.077698 1.104736
vt 0.094788 1.070557
vt 0.106140 1.087952
vt 0.128357 1.054382
vt 0.025757 1.123840
vt 0.020630 1.090332
vt 0.034119 1.117676
vt 0.027954 1.084106
vt 0.253418 1.743774
vt 0.256775 1.734558
vt 0.255432 1.733276
vt 0.256897 1.731628
vt 0.253418 1.743774
vt 0.255432 1.733276
vt 0.251770 1.742188
vt 0.252502 1.739075
vt 0.250488 1.753845
vt 0.252319 1.753357
vt 0.250610 1.747192
vt 0.252869 1.745605
vt 0.254333 1.759521
vt 0.252319 1.753357
vt 0.251831 1.760376
vt 0.250488 1.753845
vt 0.932068 1.815308
vt 0.932068 1.832214
vt 0.949585 1.815308
vt 0.949524 1.832214
vt 0.678589 1.956116
vt 0.708618 1.919495
vt 0.686646 1.887756
vt 0.710938 1.888611
vt 0.184204 1.982300
vt 0.236328 1.982117
vt 0.184570 1.989197
vt 0.237061 1.989197
vt 0.132507 1.989197
vt 0.132935 1.982361
vt 0.142395 1.989197
vt 0.142395 1.982361
vt 0.715332 1.898987
vt 0.715332 1.919739
vt 0.754822 1.898987
vt 0.754822 1.919739
vt 0.127319 1.086182
vt 0.161438 1.086182
vt 0.127319 1.057739
vt 0.161438 1.057739
vt 0.806030 1.972961
vt 0.805847 1.945251
vt 0.782288 1.972961
vt 0.782288 1.945251
vt 0.851990 1.976440
vt 0.811646 1.976440
vt 0.851990 1.996826
vt 0.811646 1.996826
vt 0.995605 1.854492
vt 0.995605 1.835999
vt 0.970032 1.854492
vt 0.970032 1.835999
vt 0.966858 1.815308
vt 0.951477 1.815308
vt 0.966858 1.846680
vt 0.951477 1.846680
vt 0.269897 1.043457
vt 0.249817 1.043457
vt 0.269897 1.082520
vt 0.249817 1.082520
vt 0.738281 1.874146
vt 0.716064 1.874146
vt 0.738281 1.895447
vt 0.716064 1.895447
vt 0.995605 1.858215
vt 0.984375 1.858215
vt 0.995605 1.871887
vt 0.984375 1.871887
vt 0.022705 1.964661
vt 0.046692 1.982361
vt 0.014893 1.982361
vt 0.034424 1.982361
vt 0.995605 1.833191
vt 0.995789 1.815247
vt 0.969177 1.833191
vt 0.969238 1.815247
vt 0.242615 1.002930
vt 0.242615 1.041138
vt 0.269592 1.002930
vt 0.269592 1.041138
vt 0.058960 1.075684
vt 0.058777 1.043091
vt 0.026550 1.075684
vt 0.026611 1.043091
vt 0.184204 1.982300
vt 0.270691 1.979370
vt 0.236328 1.982117
vt 0.270691 1.981506
vt 0.258728 1.767029
vt 0.254639 1.766418
vt 0.259888 1.769714
vt 0.258606 1.771423
vt 0.265015 1.837280
vt 0.290222 1.845947
vt 0.249084 1.829651
vt 0.256775 1.810425
vt 0.129028 1.321350
vt 0.159302 1.318359
vt 0.128052 1.267456
vt 0.157593 1.260254
vt 0.270874 1.777466
vt 0.270874 1.768433
vt 0.279358 1.777466
vt 0.279358 1.768677
vt 0.279358 1.777466
vt 0.279358 1.768677
vt 0.286560 1.777466
vt 0.286560 1.768677
vt 0.731262 1.923584
vt 0.731262 1.996155
vt 0.743408 1.923584
vt 0.743408 1.996155
vt 0.777954 1.923584
vt 0.743408 1.923584
vt 0.777771 1.996155
vt 0.743408 1.996155
vt 0.808594 1.996155
vt 0.777954 1.976196
vt 0.777771 1.996155
vt 0.777954 1.923584
vt 0.342468 1.990417
vt 0.495300 1.990417
vt 0.432678 1.956787
vt 0.495300 1.970398
vt 0.365234 1.938232
vt 0.331787 1.974915
vt 0.432678 1.956787
vt 0.342468 1.990417
vt 0.444275 1.415039
vt 0.444275 1.441467
vt 0.471008 1.415039
vt 0.471008 1.441467
vt 0.436096 1.421509
vt 0.436096 1.405762
vt 0.412598 1.421204
vt 0.412598 1.405762
vt 0.431519 1.421692
vt 0.431396 1.405334
vt 0.410767 1.421692
vt 0.410828 1.405334
vt 0.322083 1.289734
vt 0.274231 1.289734
vt 0.322083 1.302124
vt 0.274231 1.302124
vt 0.322083 1.302124
vt 0.274231 1.302124
vt 0.322083 1.314514
vt 0.274231 1.314514
vt 0.322083 1.215393
vt 0.274231 1.215393
vt 0.322083 1.227783
vt 0.274231 1.227783
vt 0.322083 1.227783
vt 0.274231 1.227783
vt 0.322083 1.240173
vt 0.274231 1.240173
vt 0.322083 1.240173
vt 0.274231 1.240173
vt 0.322083 1.252563
vt 0.274231 1.252563
vt 0.322083 1.252563
vt 0.274231 1.252563
vt 0.322083 1.264954
vt 0.274231 1.264954
vt 0.322083 1.264954
vt 0.274231 1.264954
vt 0.322083 1.277344
vt 0.274231 1.277344
vt 0.322083 1.277344
vt 0.274231 1.277344
vt 0.322083 1.289734
vt 0.274231 1.289734
vt 0.664185 1.479736
vt 0.713989 1.489807
vt 0.703796 1.435059
vt 0.745056 1.474915
vt 0.151672 1.054382
vt 0.128357 1.054382
vt 0.157837 1.006042
vt 0.138123 1.006042
vt 0.293396 1.747009
vt 0.307739 1.756897
vt 0.277893 1.798950
vt 0.321716 1.776123
vt 0.246338 1.043457
vt 0.228027 1.043457
vt 0.246338 1.082520
vt 0.228027 1.080994
vt 0.228027 1.080994
vt 0.228027 1.043457
vt 0.203918 1.082520
vt 0.203918 1.043457
vt 0.794312 1.653503
vt 0.817566 1.628479
vt 0.850281 1.687744
vt 0.850281 1.619324
vt 0.824158 1.591064
vt 0.850281 1.591858
vt 0.817566 1.628479
vt 0.850281 1.619324
vt 0.755188 1.594238
vt 0.794006 1.591614
vt 0.817566 1.628479
vt 0.824158 1.591064
vt 0.727356 1.518860
vt 0.756714 1.593384
vt 0.755188 1.594238
vt 0.794006 1.591614
vt 0.794312 1.653503
vt 0.736511 1.621643
vt 0.817566 1.628479
vt 0.755188 1.594238
vt 0.725464 1.721924
vt 0.721802 1.687744
vt 0.786011 1.687744
vt 0.725464 1.653503
vt 0.794312 1.721924
vt 0.736511 1.753845
vt 0.786011 1.687744
vt 0.725464 1.721924
vt 0.788818 1.791443
vt 0.817566 1.747009
vt 0.821960 1.791260
vt 0.850281 1.756165
vt 0.546387 1.814636
vt 0.471008 1.852356
vt 0.475037 1.814636
vt 0.403687 1.814636
vt 0.788452 1.247742
vt 0.788452 1.227417
vt 0.852844 1.247742
vt 0.852844 1.227417
vt 0.236206 1.833557
vt 0.277710 1.802063
vt 0.246155 1.844788
vt 0.255676 1.853149
vt 0.617676 1.814636
vt 0.613586 1.880127
vt 0.546387 1.814636
vt 0.541687 1.868103
vt 0.593384 1.687744
vt 0.529114 1.687744
vt 0.597107 1.628479
vt 0.531311 1.621643
vt 0.852844 1.128296
vt 0.788452 1.128174
vt 0.852844 1.146179
vt 0.788452 1.146179
vt 0.852844 1.186829
vt 0.852844 1.166504
vt 0.788452 1.186829
vt 0.788452 1.166504
vt 0.852844 1.227417
vt 0.852844 1.207153
vt 0.788452 1.227417
vt 0.788452 1.207153
vt 0.549072 1.592102
vt 0.531311 1.621643
vt 0.517700 1.592041
vt 0.510315 1.620911
vt 0.497803 1.687744
vt 0.510315 1.620911
vt 0.529114 1.687744
vt 0.531311 1.621643
vt 0.912598 1.009277
vt 0.912598 1.079285
vt 0.952454 1.009277
vt 0.952454 1.079285
vt 0.872803 1.009277
vt 0.872803 1.079285
vt 0.912598 1.009277
vt 0.912598 1.079285
vt 0.832092 1.009277
vt 0.832092 1.079285
vt 0.872803 1.009277
vt 0.872803 1.079285
vt 0.796204 1.009277
vt 0.796204 1.079285
vt 0.832092 1.009277
vt 0.832092 1.079285
vt 0.868286 1.220093
vt 0.994141 1.220093
vt 0.868286 1.106079
vt 0.994141 1.106079
vt 0.868286 1.334106
vt 0.994141 1.334106
vt 0.868286 1.220093
vt 0.994141 1.220093
vt 0.868286 1.448120
vt 0.994141 1.448120
vt 0.868286 1.334106
vt 0.994141 1.334106
vt 0.868286 1.569946
vt 0.994141 1.569946
vt 0.868286 1.448120
vt 0.994141 1.448120
vt 0.868286 1.684875
vt 0.994141 1.684875
vt 0.868286 1.569946
vt 0.994141 1.569946
vt 0.994141 1.684875
vt 0.868286 1.684875
vt 0.994141 1.799377
vt 0.868286 1.799377
vt 0.852844 1.146179
vt 0.788452 1.146179
vt 0.852844 1.166504
vt 0.788452 1.166504
vt 0.852844 1.186829
vt 0.788452 1.186829
vt 0.852844 1.207153
vt 0.788452 1.207153
vt 0.852844 1.227417
vt 0.788452 1.227417
vt 0.852844 1.247742
vt 0.788452 1.247742
vt 0.255676 1.853149
vt 0.260986 1.855530
vt 0.277710 1.802063
vt 0.269958 1.857971
vt 0.285645 1.857300
vt 0.277710 1.802063
vt 0.277710 1.858704
vt 0.269958 1.857971
vt 0.293396 1.747009
vt 0.277893 1.743591
vt 0.277893 1.798950
vt 0.262451 1.747009
vt 0.685669 1.796448
vt 0.675171 1.781189
vt 0.729736 1.792908
vt 0.755188 1.781189
vt 0.597107 1.628479
vt 0.549072 1.592102
vt 0.609192 1.573242
vt 0.553467 1.562805
vt 0.034851 1.989197
vt 0.046814 1.989197
vt 0.034424 1.982361
vt 0.046692 1.982361
vt 0.252869 1.745605
vt 0.251343 1.744080
vt 0.253418 1.743774
vt 0.251770 1.742188
vt 0.994629 1.079285
vt 0.994629 1.009277
vt 0.952454 1.079285
vt 0.952454 1.009277
vt 0.257385 1.764648
vt 0.254639 1.766418
vt 0.254333 1.759521
vt 0.251831 1.760376
vt 0.128357 1.054382
vt 0.138123 1.006042
vt 0.104004 1.033386
vt 0.111023 1.006042
vt 0.023743 1.006042
vt 0.045288 1.034729
vt 0.062866 1.006042
vt 0.066711 1.041504
vt 0.142395 1.982361
vt 0.162842 1.932190
vt 0.132935 1.982361
vt 0.046692 1.982361
vt 0.253418 1.743774
vt 0.251770 1.742188
vt 0.255432 1.733276
vt 0.252502 1.739075
vt 0.253418 1.743774
vt 0.255432 1.733276
vt 0.256775 1.734558
vt 0.256897 1.731628
vt 0.250488 1.753845
vt 0.252319 1.753357
vt 0.251831 1.760376
vt 0.254333 1.759521
vt 0.320618 1.973083
vt 0.162842 1.932190
vt 0.322510 1.979370
vt 0.270691 1.979370
vt 0.162842 1.932190
vt 0.320618 1.973083
vt 0.278137 1.940063
vt 0.304260 1.955322
vt 0.949524 1.832214
vt 0.932068 1.832214
vt 0.949585 1.815308
vt 0.932068 1.815308
vt 0.175842 1.003235
vt 0.199280 1.082520
vt 0.164368 1.015442
vt 0.164368 1.082520
vt 0.710938 1.888611
vt 0.708618 1.919495
vt 0.686646 1.887756
vt 0.678589 1.956116
vt 0.237061 1.989197
vt 0.236328 1.982117
vt 0.184570 1.989197
vt 0.184204 1.982300
vt 0.142395 1.982361
vt 0.132935 1.982361
vt 0.142395 1.989197
vt 0.132507 1.989197
vt 0.754822 1.919739
vt 0.715332 1.919739
vt 0.754822 1.898987
vt 0.715332 1.898987
vt 0.161438 1.057739
vt 0.161438 1.086182
vt 0.127319 1.057739
vt 0.127319 1.086182
vt 0.782288 1.945251
vt 0.805847 1.945251
vt 0.782288 1.972961
vt 0.806030 1.972961
vt 0.811646 1.996826
vt 0.811646 1.976440
vt 0.851990 1.996826
vt 0.851990 1.976440
vt 0.970032 1.835999
vt 0.995605 1.835999
vt 0.970032 1.854492
vt 0.995605 1.854492
vt 0.951477 1.846680
vt 0.951477 1.815308
vt 0.966858 1.846680
vt 0.966858 1.815308
vt 0.249817 1.082520
vt 0.249817 1.043457
vt 0.269897 1.082520
vt 0.269897 1.043457
vt 0.716064 1.895447
vt 0.716064 1.874146
vt 0.738281 1.895447
vt 0.738281 1.874146
vt 0.984375 1.871887
vt 0.984375 1.858215
vt 0.995605 1.871887
vt 0.995605 1.858215
vt 0.969238 1.815247
vt 0.995789 1.815247
vt 0.969177 1.833191
vt 0.995605 1.833191
vt 0.269592 1.041138
vt 0.242615 1.041138
vt 0.269592 1.002930
vt 0.242615 1.002930
vt 0.026611 1.043091
vt 0.058777 1.043091
vt 0.026550 1.075684
vt 0.058960 1.075684
vt 0.034119 1.117676
vt 0.047974 1.113525
vt 0.041687 1.079895
vt 0.077698 1.104736
vt 0.258606 1.771423
vt 0.254639 1.766418
vt 0.259888 1.769714
vt 0.258728 1.767029
vt 0.249084 1.829651
vt 0.290222 1.845947
vt 0.265015 1.837280
vt 0.278320 1.842468
vt 0.437683 1.769409
vt 0.476807 1.802673
vt 0.444031 1.788574
vt 0.454590 1.799744
vt 0.104004 1.033386
vt 0.111023 1.006042
vt 0.066711 1.041504
vt 0.062866 1.006042
vt 0.743408 1.923584
vt 0.777954 1.923584
vt 0.777771 1.996155
vt 0.777954 1.976196
vt 0.777771 1.996155
vt 0.777954 1.976196
vt 0.808594 1.996155
vt 0.808594 1.976196
vt 0.342468 1.990417
vt 0.432678 1.956787
vt 0.495300 1.990417
vt 0.495300 1.970398
vt 0.471008 1.441467
vt 0.444275 1.441467
vt 0.471008 1.415039
vt 0.444275 1.415039
vt 0.412598 1.405762
vt 0.436096 1.405762
vt 0.412598 1.421204
vt 0.436096 1.421509
vt 0.410828 1.405334
vt 0.431396 1.405334
vt 0.410767 1.421692
vt 0.431519 1.421692
vt 0.308838 1.888306
vt 0.299988 1.938354
vt 0.322083 1.904297
vt 0.324768 1.922913
vt 0.196838 1.881592
vt 0.214844 1.908203
vt 0.308838 1.888306
vt 0.299988 1.938354
vt 0.745056 1.474915
vt 0.713989 1.489807
vt 0.703796 1.435059
vt 0.664185 1.479736
vt 0.138123 1.006042
vt 0.128357 1.054382
vt 0.157837 1.006042
vt 0.151672 1.054382
vt 0.293396 1.747009
vt 0.277893 1.798950
vt 0.307739 1.756897
vt 0.321716 1.776123
vt 0.235718 1.772705
vt 0.277893 1.798950
vt 0.248047 1.756897
vt 0.262451 1.747009
vt 0.228027 1.080994
vt 0.228027 1.043457
vt 0.246338 1.082520
vt 0.246338 1.043457
vt 0.203918 1.043457
vt 0.228027 1.043457
vt 0.203918 1.082520
vt 0.228027 1.080994
vt 0.269958 1.857971
vt 0.260986 1.855530
vt 0.277710 1.802063
vt 0.255676 1.853149
vt 0.689026 1.814636
vt 0.686646 1.887756
vt 0.712585 1.814697
vt 0.710938 1.888611
vt 0.788452 1.207153
vt 0.788452 1.186829
vt 0.852844 1.207153
vt 0.852844 1.186829
vt 0.617676 1.814636
vt 0.613586 1.880127
vt 0.689026 1.814636
vt 0.686646 1.887756
vt 0.510315 1.620911
vt 0.531311 1.621643
vt 0.517700 1.592041
vt 0.549072 1.592102
vt 0.868286 1.799377
vt 0.868286 1.684875
vt 0.994141 1.799377
vt 0.994141 1.684875
vt 0.531311 1.621643
vt 0.510315 1.620911
vt 0.529114 1.687744
vt 0.497803 1.687744
vt 0.788452 1.166504
vt 0.852844 1.166504
vt 0.788452 1.186829
vt 0.852844 1.186829
vt 0.788452 1.247742
vt 0.852844 1.247742
vt 0.788452 1.269470
vt 0.852844 1.269470
vt 0.788452 1.207153
vt 0.852844 1.207153
vt 0.788452 1.227417
vt 0.852844 1.227417
vt 0.703796 1.435059
vt 0.664062 1.396973
vt 0.664185 1.479736
vt 0.617432 1.448669
vt 0.632874 1.529297
vt 0.576721 1.509705
vt 0.609192 1.573242
vt 0.553467 1.562805
vt 0.664185 1.479736
vt 0.617432 1.448669
vt 0.632874 1.529297
vt 0.576721 1.509705
vt 0.526855 1.918152
vt 0.495789 1.966248
vt 0.600159 1.941467
vt 0.592529 1.988892
vt 0.541687 1.868103
vt 0.613586 1.880127
vt 0.546387 1.814636
vt 0.617676 1.814636
vt 0.600159 1.941467
vt 0.613586 1.880127
vt 0.526855 1.918152
vt 0.541687 1.868103
vt 0.661865 1.736145
vt 0.597229 1.802551
vt 0.675171 1.781189
vt 0.685669 1.796448
vt 0.609192 1.573242
vt 0.699280 1.555542
vt 0.632874 1.529297
vt 0.727356 1.518860
vt 0.632874 1.529297
vt 0.727356 1.518860
vt 0.664185 1.479736
vt 0.713989 1.489807
vt 0.437988 1.918152
vt 0.458740 1.887756
vt 0.368713 1.880127
vt 0.394531 1.852356
vt 0.755188 1.781189
vt 0.736511 1.753845
vt 0.675171 1.781189
vt 0.725464 1.721924
vt 0.403687 1.814636
vt 0.394531 1.852356
vt 0.471008 1.852356
vt 0.458740 1.887756
vt 0.850281 1.619324
vt 0.850281 1.591858
vt 0.817566 1.628479
vt 0.824158 1.591064
vt 0.411743 1.941711
vt 0.332397 1.890320
vt 0.364990 1.932861
vt 0.332397 1.929260
vt 0.788818 1.791443
vt 0.755188 1.781189
vt 0.768799 1.791626
vt 0.729736 1.792908
vt 0.794312 1.721924
vt 0.850281 1.687744
vt 0.786011 1.687744
vt 0.794312 1.653503
vt 0.394531 1.852356
vt 0.332397 1.814331
vt 0.368713 1.880127
vt 0.332397 1.890320
vt 0.850281 1.756165
vt 0.850281 1.687744
vt 0.817566 1.747009
vt 0.794312 1.721924
vt 0.661865 1.736145
vt 0.675171 1.781189
vt 0.597229 1.802551
vt 0.685669 1.796448
vt 0.703796 1.435059
vt 0.750305 1.396240
vt 0.745056 1.474915
vt 0.788269 1.449463
vt 0.794312 1.653503
vt 0.850281 1.687744
vt 0.817566 1.628479
vt 0.850281 1.619324
vt 0.736511 1.621643
vt 0.794312 1.653503
vt 0.725464 1.653503
vt 0.786011 1.687744
vt 0.850281 1.687744
vt 0.794312 1.721924
vt 0.786011 1.687744
vt 0.794312 1.653503
vt 0.725464 1.653503
vt 0.736511 1.621643
vt 0.817566 1.628479
vt 0.755188 1.594238
vt 0.725464 1.653503
vt 0.721802 1.687744
vt 0.786011 1.687744
vt 0.725464 1.721924
vt 0.661865 1.736145
vt 0.675171 1.781189
vt 0.817566 1.747009
vt 0.794312 1.721924
vt 0.755188 1.781189
vt 0.736511 1.753845
vt 0.786011 1.687744
vt 0.725464 1.721924
vt 0.788818 1.791443
vt 0.821960 1.791260
vt 0.817566 1.747009
vt 0.850281 1.756165
vt 0.850281 1.791199
vt 0.332397 1.890320
vt 0.411743 1.941711
vt 0.368713 1.880127
vt 0.437988 1.918152
vt 0.495789 1.966248
vt 0.403687 1.814636
vt 0.471008 1.852356
vt 0.475037 1.814636
vt 0.546387 1.814636
vt 0.541687 1.868103
vt 0.727356 1.518860
vt 0.699280 1.555542
vt 0.755188 1.594238
vt 0.675171 1.594238
vt 0.609192 1.573242
vt 0.597107 1.628479
vt 0.755188 1.594238
vt 0.675171 1.594238
vt 0.736511 1.621643
vt 0.661865 1.639343
vt 0.597107 1.628479
vt 0.593384 1.687744
vt 0.736511 1.621643
vt 0.661865 1.639343
vt 0.725464 1.653503
vt 0.657593 1.687744
vt 0.593384 1.687744
vt 0.597107 1.747009
vt 0.725464 1.653503
vt 0.657593 1.687744
vt 0.721802 1.687744
vt 0.661865 1.736145
vt 0.597107 1.747009
vt 0.597229 1.802551
vt 0.530334 1.749939
vt 0.471008 1.852356
vt 0.458740 1.887756
vt 0.541687 1.868103
vt 0.526855 1.918152
vt 0.437988 1.918152
vt 0.495789 1.966248
vt 0.664062 1.396973
vt 0.703796 1.435059
vt 0.715210 1.352905
vt 0.750305 1.396240
vt 0.745056 1.474915
vt 0.788269 1.449463
vt 0.597107 1.747009
vt 0.593384 1.687744
vt 0.530334 1.749939
vt 0.529114 1.687744
vt 0.597107 1.628479
vt 0.531311 1.621643
vt 0.549072 1.592102
vt 0.852844 1.128296
vt 0.852844 1.146179
vt 0.788452 1.128174
vt 0.788452 1.146179
vt 0.852844 1.166504
vt 0.788452 1.166504
vt 0.613586 1.880127
vt 0.600159 1.941467
vt 0.686646 1.887756
vt 0.678589 1.956116
vt 0.592529 1.988892
vt 0.796204 1.009277
vt 0.832092 1.009277
vt 0.796204 1.079285
vt 0.832092 1.079285
vt 0.872803 1.009277
vt 0.872803 1.079285
vt 0.912598 1.009277
vt 0.912598 1.079285
vt 0.952454 1.009277
vt 0.952454 1.079285
vt 0.868286 1.684875
vt 0.868286 1.569946
vt 0.994141 1.684875
vt 0.994141 1.569946
vt 0.868286 1.448120
vt 0.994141 1.448120
vt 0.868286 1.334106
vt 0.994141 1.334106
vt 0.868286 1.220093
vt 0.994141 1.220093
vt 0.868286 1.106079
vt 0.994141 1.106079
vt 0.269958 1.857971
vt 0.277710 1.802063
vt 0.277710 1.858704
vt 0.285645 1.857300
vt 0.296692 1.852539
vt 0.128357 1.054382
vt 0.104004 1.033386
vt 0.138123 1.006042
vt 0.111023 1.006042
vt 0.066711 1.041504
vt 0.062866 1.006042
vt 0.132935 1.982361
vt 0.046692 1.982361
vt 0.162842 1.932190
vt 0.054443 1.944580
vt 0.022705 1.964661
vt 0.128357 1.054382
vt 0.094788 1.070557
vt 0.104004 1.033386
vt 0.063110 1.079407
vt 0.077698 1.104736
vt 0.041687 1.079895
vt 0.047974 1.113525
vt 0.034119 1.117676
vt 0.020630 1.135864
vt 0.010803 1.124817
vt 0.025757 1.123840
vt 0.020630 1.090332
vt 0.009644 1.104614
vt 0.162842 1.919189
vt 0.204590 1.920959
vt 0.162842 1.932190
vt 0.278137 1.940063
vt 0.244141 1.928345
vt 0.304260 1.955322
vt 0.320618 1.973083
vt 0.278137 1.940063
vt 0.162842 1.932190
vt 0.322510 1.979370
vt 0.270691 1.979370
vt 0.164368 1.082520
vt 0.199280 1.082520
vt 0.164368 1.015442
vt 0.175842 1.003235
vt 0.199280 1.003235
vt 0.295593 1.828491
vt 0.292542 1.815796
vt 0.290222 1.845947
vt 0.256775 1.810425
vt 0.277832 1.809570
vt 0.454590 1.799744
vt 0.476807 1.802673
vt 0.444031 1.788574
vt 0.437683 1.769409
vt 0.477051 1.768066
vt 0.474121 1.744141
vt 0.324768 1.922913
vt 0.299988 1.938354
vt 0.322083 1.904297
vt 0.308838 1.888306
vt 0.214844 1.908203
vt 0.196838 1.881592
vt 0.262451 1.747009
vt 0.277893 1.798950
vt 0.248047 1.756897
vt 0.235718 1.772705
vt 0.226624 1.792480
vt 0.824158 1.591064
vt 0.794006 1.591614
vt 0.817566 1.628479
vt 0.755188 1.594238
vt 0.756714 1.593384
vt 0.727356 1.518860
vt 0.727356 1.518860
vt 0.755188 1.594238
vt 0.699280 1.555542
vt 0.675171 1.594238
vt 0.736511 1.621643
vt 0.661865 1.639343
vt 0.725464 1.653503
vt 0.657593 1.687744
vt 0.721802 1.687744
vt 0.661865 1.736145
vt 0.725464 1.721924
vt 0.675171 1.781189
vt 0.736511 1.753845
vt 0.755188 1.781189
vt 0.794312 1.721924
vt 0.817566 1.747009
vt 0.850281 1.687744
vt 0.850281 1.756165
vt 0.332397 1.890320
vt 0.332397 1.814331
vt 0.368713 1.880127
vt 0.394531 1.852356
vt 0.403687 1.814636
vt 0.729736 1.792908
vt 0.755188 1.781189
vt 0.768799 1.791626
vt 0.788818 1.791443
vt 0.817566 1.747009
vt 0.332397 1.929260
vt 0.332397 1.890320
vt 0.364990 1.932861
vt 0.411743 1.941711
vt 0.368713 1.880127
vt 0.437988 1.918152
vt 0.495789 1.966248
vt 0.437988 1.918152
vt 0.526855 1.918152
vt 0.458740 1.887756
vt 0.368713 1.880127
vt 0.394531 1.852356
vt 0.678589 1.956116
vt 0.600159 1.941467
vt 0.686646 1.887756
vt 0.613586 1.880127
vt 0.526855 1.918152
vt 0.541687 1.868103
vt 0.458740 1.887756
vt 0.471008 1.852356
vt 0.394531 1.852356
vt 0.403687 1.814636
vt 0.713989 1.489807
vt 0.727356 1.518860
vt 0.664185 1.479736
vt 0.632874 1.529297
vt 0.699280 1.555542
vt 0.609192 1.573242
vt 0.675171 1.594238
vt 0.597107 1.628479
vt 0.661865 1.639343
vt 0.593384 1.687744
vt 0.657593 1.687744
vt 0.597107 1.747009
vt 0.661865 1.736145
vt 0.597229 1.802551
vt 0.526855 1.918152
vt 0.600159 1.941467
vt 0.495789 1.966248
vt 0.592529 1.988892
vt 0.678589 1.956116
vt 0.750305 1.396240
vt 0.703796 1.435059
vt 0.715210 1.352905
vt 0.664062 1.396973
vt 0.664185 1.479736
vt 0.617432 1.448669
vt 0.632874 1.529297
vt 0.576721 1.509705
vt 0.609192 1.573242
vt 0.553467 1.562805
vt 0.497803 1.687744
vt 0.529114 1.687744
vt 0.493347 1.707336
vt 0.530334 1.749939
vt 0.593384 1.687744
vt 0.597107 1.747009
vt 0.788452 1.247742
vt 0.788452 1.269470
vt 0.852844 1.247742
vt 0.852844 1.269470
vt 0.852844 1.289917
vt 0.617676 1.814636
vt 0.689026 1.814636
vt 0.613586 1.880127
vt 0.686646 1.887756
vt 0.712585 1.814697
vt 0.710938 1.888611
vt 0.255676 1.853149
vt 0.277710 1.802063
vt 0.246155 1.844788
vt 0.236206 1.833557
vt 0.221741 1.802063
vt 0.325378 1.802063
vt 0.277710 1.802063
vt 0.313171 1.832764
vt 0.296692 1.852539
vt 0.285645 1.857300
vt 0.045288 1.034729
vt 0.023743 1.006042
vt 0.027954 1.035400
vt 0.020630 1.043152
vt 0.009766 1.006042
vt 0.006226 1.039978
vt 0.112671 1.933044
vt 0.054443 1.944580
vt 0.162842 1.932190
vt 0.046692 1.982361
vt 0.022705 1.964661
vt 0.014893 1.982361
vt 0.142395 1.982361
vt 0.184204 1.982300
vt 0.162842 1.932190
vt 0.270691 1.979370
vt 0.236328 1.982117
vt 0.270691 1.981506
vt 0.128357 1.054382
vt 0.094788 1.070557
vt 0.106140 1.087952
vt 0.077698 1.104736
vt 0.063110 1.079407
vt 0.041687 1.079895
vt 0.025757 1.123840
vt 0.034119 1.117676
vt 0.020630 1.090332
vt 0.027954 1.084106
vt 0.041687 1.079895
vt 0.250488 1.753845
vt 0.250610 1.747192
vt 0.252319 1.753357
vt 0.252869 1.745605
vt 0.251343 1.744080
vt 0.009644 1.104614
vt 0.010803 1.124817
vt 0.020630 1.090332
vt 0.025757 1.123840
vt 0.020630 1.135864
vt 0.244141 1.928345
vt 0.204590 1.920959
vt 0.278137 1.940063
vt 0.162842 1.932190
vt 0.162842 1.919189
vt 0.249084 1.829651
vt 0.256775 1.810425
vt 0.290222 1.845947
vt 0.292542 1.815796
vt 0.277832 1.809570
vt 0.476807 1.802673
vt 0.437683 1.769409
vt 0.477051 1.768066
vt 0.474121 1.744141
vt 0.449341 1.741699
vt 0.129028 1.321350
vt 0.128052 1.267456
vt 0.159302 1.318359
vt 0.157593 1.260254
vt 0.129211 1.245300
vt 0.128357 1.054382
vt 0.104004 1.033386
vt 0.094788 1.070557
vt 0.063110 1.079407
vt 0.066711 1.041504
vt 0.270874 1.777466
vt 0.279358 1.777466
vt 0.270874 1.768433
vt 0.279358 1.768677
vt 0.286560 1.777466
vt 0.286560 1.768677
vt 0.731262 1.923584
vt 0.743408 1.923584
vt 0.731262 1.996155
vt 0.743408 1.996155
vt 0.777771 1.996155
vt 0.342468 1.990417
vt 0.331787 1.974915
vt 0.432678 1.956787
vt 0.365234 1.938232
vt 0.331970 1.947937
vt 0.322083 1.215393
vt 0.322083 1.227783
vt 0.274231 1.215393
vt 0.274231 1.227783
vt 0.322083 1.240173
vt 0.274231 1.240173
vt 0.322083 1.252563
vt 0.274231 1.252563
vt 0.322083 1.264954
vt 0.274231 1.264954
vt 0.322083 1.277344
vt 0.274231 1.277344
vt 0.322083 1.289734
vt 0.274231 1.289734
vt 0.322083 1.302124
vt 0.274231 1.302124
vt 0.322083 1.314514
vt 0.274231 1.314514
vt 0.049500 1.832886
vt 0.139282 1.733826
vt 0.151978 1.856140
vt 0.218750 1.380737
vt 0.253052 1.321899
vt 0.253052 1.394287
vt 0.181641 1.850647
vt 0.121948 1.910217
vt 0.151978 1.856140
vt 0.003479 1.216064
vt 0.044312 1.216064
vt 0.003479 1.243774
vt 0.421387 1.010193
vt 0.399597 1.026001
vt 0.399597 1.010193
vt 0.044556 1.190796
vt 0.003418 1.190796
vt 0.003784 1.158264
vt 0.181641 1.850647
vt 0.151978 1.856140
vt 0.121948 1.910217
vt 0.188171 1.540222
vt 0.037537 1.556396
vt 0.012085 1.626099
vt 0.765015 1.353638
vt 0.780579 1.366394
vt 0.779480 1.414490
vt 0.044556 1.190796
vt 0.003784 1.158264
vt 0.003418 1.190796
vt 0.399597 1.039001
vt 0.399597 1.055542
vt 0.421387 1.055420
vt 0.218750 1.380737
vt 0.253052 1.394287
vt 0.253052 1.321899
vt 0.765015 1.353638
vt 0.781128 1.342102
vt 0.725647 1.304932
vt 0.440857 1.446472
vt 0.443481 1.471313
vt 0.471375 1.446472
vt 0.421387 1.010193
vt 0.399597 1.010193
vt 0.399597 1.026001
vt 0.295898 1.010193
vt 0.274292 1.010193
vt 0.295898 1.083130
vt 0.274292 1.083130
vt 0.277161 1.434448
vt 0.277161 1.479919
vt 0.318176 1.434448
vt 0.318176 1.482178
vt 0.725647 1.304932
vt 0.781128 1.342102
vt 0.737610 1.285706
vt 0.784058 1.299072
vt 0.160583 1.779419
vt 0.156677 1.779968
vt 0.161011 1.804260
vt 0.157104 1.803284
vt 0.201904 1.042358
vt 0.239380 1.042358
vt 0.201904 1.011108
vt 0.239380 1.011108
vt 0.047119 1.262573
vt 0.071777 1.262573
vt 0.047119 1.241150
vt 0.086304 1.241150
vt 0.421387 1.010193
vt 0.399597 1.026001
vt 0.421387 1.055420
vt 0.399597 1.039001
vt 0.399597 1.055542
vt 0.399597 1.039001
vt 0.372742 1.055542
vt 0.372742 1.039001
vt 0.399597 1.026001
vt 0.399597 1.010193
vt 0.372742 1.026001
vt 0.372742 1.010193
vt 0.220154 1.626160
vt 0.172119 1.674072
vt 0.172119 1.626221
vt 0.220154 1.626160
vt 0.188171 1.540222
vt 0.012085 1.626099
vt 0.112610 1.718750
vt 0.007019 1.698730
vt 0.139282 1.733826
vt 0.116943 1.716858
vt 0.049500 1.832886
vt 0.037476 1.805786
vt 0.253052 1.245789
vt 0.223877 1.196350
vt 0.168213 1.245789
vt 0.168213 1.197998
vt 0.372742 1.082947
vt 0.399597 1.082520
vt 0.372742 1.055542
vt 0.399597 1.055542
vt 0.268433 1.245789
vt 0.268433 1.321899
vt 0.253052 1.245789
vt 0.253052 1.321899
vt 0.253052 1.169678
vt 0.223694 1.169678
vt 0.253052 1.087708
vt 0.223694 1.085754
vt 0.253052 1.321899
vt 0.168213 1.321899
vt 0.253052 1.245789
vt 0.168213 1.245789
vt 0.253052 1.087708
vt 0.268433 1.093445
vt 0.253052 1.169678
vt 0.268433 1.169678
vt 0.253052 1.169678
vt 0.268433 1.169678
vt 0.253052 1.245789
vt 0.268433 1.245789
vt 0.257263 1.609375
vt 0.273926 1.609375
vt 0.257263 1.674072
vt 0.273926 1.674072
vt 0.233826 1.710144
vt 0.257263 1.674072
vt 0.273926 1.706787
vt 0.273926 1.674072
vt 0.253052 1.394287
vt 0.253052 1.321899
vt 0.268433 1.394287
vt 0.268433 1.321899
vt 0.257263 1.550964
vt 0.273926 1.550964
vt 0.257263 1.577026
vt 0.273926 1.577026
vt 0.257263 1.577026
vt 0.273926 1.577026
vt 0.257263 1.609375
vt 0.273926 1.609375
vt 0.322754 1.010193
vt 0.301147 1.010193
vt 0.322754 1.082581
vt 0.301147 1.082581
vt 0.168213 1.380432
vt 0.218750 1.380737
vt 0.168213 1.321899
vt 0.253052 1.321899
vt 0.172119 1.674072
vt 0.233826 1.710144
vt 0.172119 1.744629
vt 0.226746 1.744629
vt 0.049500 1.832886
vt 0.151978 1.856140
vt 0.069763 1.859009
vt 0.121948 1.910217
vt 0.146790 1.921082
vt 0.121948 1.910217
vt 0.199890 1.864502
vt 0.181641 1.850647
vt 0.160583 1.779419
vt 0.156677 1.779968
vt 0.160400 1.772400
vt 0.156067 1.772949
vt 0.160400 1.772400
vt 0.156067 1.772949
vt 0.160278 1.763611
vt 0.155579 1.764160
vt 0.160278 1.763611
vt 0.155579 1.764160
vt 0.159668 1.725037
vt 0.153687 1.725098
vt 0.301147 1.082581
vt 0.301147 1.010193
vt 0.322754 1.082581
vt 0.322754 1.010193
vt 0.274292 1.083130
vt 0.274292 1.010193
vt 0.295898 1.083130
vt 0.295898 1.010193
vt 0.471375 1.484314
vt 0.471375 1.446472
vt 0.486145 1.484314
vt 0.486145 1.446472
vt 0.212585 1.409302
vt 0.231201 1.539917
vt 0.143738 1.444153
vt 0.188171 1.540222
vt 0.220154 1.626160
vt 0.257263 1.674072
vt 0.172119 1.674072
vt 0.233826 1.710144
vt 0.257263 1.674072
vt 0.220154 1.626160
vt 0.257263 1.609375
vt 0.220154 1.609375
vt 0.253052 1.321899
vt 0.218750 1.380737
vt 0.168213 1.321899
vt 0.168213 1.380432
vt 0.253052 1.245789
vt 0.223877 1.196350
vt 0.253052 1.169678
vt 0.223694 1.169678
vt 0.318176 1.482178
vt 0.277161 1.479919
vt 0.318176 1.434448
vt 0.277161 1.434448
vt 0.003418 1.190796
vt 0.044556 1.190796
vt 0.003479 1.216064
vt 0.044312 1.216064
vt 0.725647 1.304932
vt 0.737610 1.285706
vt 0.781128 1.342102
vt 0.784058 1.299072
vt 0.157104 1.803284
vt 0.156677 1.779968
vt 0.161011 1.804260
vt 0.160583 1.779419
vt 0.239380 1.011108
vt 0.239380 1.042358
vt 0.201904 1.011108
vt 0.201904 1.042358
vt 0.086304 1.241150
vt 0.071777 1.262573
vt 0.047119 1.241150
vt 0.047119 1.262573
vt 0.372742 1.039001
vt 0.399597 1.039001
vt 0.372742 1.055542
vt 0.399597 1.055542
vt 0.372742 1.010193
vt 0.399597 1.010193
vt 0.372742 1.026001
vt 0.399597 1.026001
vt 0.037476 1.805786
vt 0.116943 1.716858
vt 0.049500 1.832886
vt 0.139282 1.733826
vt 0.168213 1.197998
vt 0.223877 1.196350
vt 0.168213 1.245789
vt 0.253052 1.245789
vt 0.399597 1.055542
vt 0.399597 1.082520
vt 0.372742 1.055542
vt 0.372742 1.082947
vt 0.226746 1.744629
vt 0.233826 1.710144
vt 0.172119 1.744629
vt 0.172119 1.674072
vt 0.181641 1.850647
vt 0.121948 1.910217
vt 0.199890 1.864502
vt 0.146790 1.921082
vt 0.209900 1.815186
vt 0.172119 1.815186
vt 0.205383 1.833984
vt 0.172119 1.833679
vt 0.143738 1.444153
vt 0.081604 1.494324
vt 0.188171 1.540222
vt 0.037537 1.556396
vt 0.212585 1.409302
vt 0.249084 1.427490
vt 0.260010 1.404053
vt 0.259949 1.425781
vt 0.112610 1.718750
vt 0.007019 1.698730
vt 0.039185 1.801636
vt 0.022644 1.769348
vt 0.168213 1.245789
vt 0.168213 1.321899
vt 0.253052 1.245789
vt 0.253052 1.321899
vt 0.268433 1.321899
vt 0.253052 1.321899
vt 0.268433 1.394287
vt 0.253052 1.394287
vt 0.273926 1.674072
vt 0.257263 1.674072
vt 0.273926 1.706787
vt 0.233826 1.710144
vt 0.257263 1.550964
vt 0.220154 1.546265
vt 0.257263 1.577026
vt 0.220154 1.577026
vt 0.226746 1.744629
vt 0.172119 1.744629
vt 0.209900 1.815186
vt 0.172119 1.815186
vt 0.257263 1.577026
vt 0.220154 1.577026
vt 0.257263 1.609375
vt 0.220154 1.609375
vt 0.143738 1.444153
vt 0.188171 1.540222
vt 0.081604 1.494324
vt 0.037537 1.556396
vt 0.022644 1.769348
vt 0.007019 1.698730
vt 0.039185 1.801636
vt 0.112610 1.718750
vt 0.253052 1.321899
vt 0.268433 1.321899
vt 0.253052 1.245789
vt 0.268433 1.245789
vt 0.711121 1.332092
vt 0.779480 1.414490
vt 0.725647 1.304932
vt 0.765015 1.353638
vt 0.780579 1.366394
vt 0.253052 1.087708
vt 0.253052 1.169678
vt 0.268433 1.093445
vt 0.268433 1.169678
vt 0.253052 1.245789
vt 0.268433 1.245789
vt 0.257263 1.550964
vt 0.257263 1.577026
vt 0.273926 1.550964
vt 0.273926 1.577026
vt 0.257263 1.609375
vt 0.273926 1.609375
vt 0.257263 1.674072
vt 0.273926 1.674072
vt 0.121948 1.910217
vt 0.151978 1.856140
vt 0.069763 1.859009
vt 0.049500 1.832886
vt 0.139282 1.733826
vt 0.160583 1.779419
vt 0.160400 1.772400
vt 0.156677 1.779968
vt 0.156067 1.772949
vt 0.160278 1.763611
vt 0.155579 1.764160
vt 0.159668 1.725037
vt 0.153687 1.725098
vt 0.450745 1.484314
vt 0.471375 1.484314
vt 0.443481 1.471313
vt 0.471375 1.446472
vt 0.486145 1.484314
vt 0.486145 1.446472
vt 0.249084 1.427490
vt 0.212585 1.409302
vt 0.261475 1.512756
vt 0.231201 1.539917
vt 0.143738 1.444153
vt 0.188171 1.540222
vt 0.233826 1.710144
vt 0.257263 1.674072
vt 0.172119 1.674072
vt 0.220154 1.626160
vt 0.257263 1.609375
vt 0.220154 1.609375
vt 0.253052 1.245789
vt 0.253052 1.169678
vt 0.223877 1.196350
vt 0.223694 1.169678
vt 0.253052 1.087708
vt 0.223694 1.085754
vt 0.003418 1.190796
vt 0.003479 1.216064
vt 0.044556 1.190796
vt 0.044312 1.216064
vt 0.003479 1.243774
vt 0.257263 1.550964
vt 0.257263 1.577026
vt 0.220154 1.546265
vt 0.220154 1.577026
vt 0.257263 1.609375
vt 0.220154 1.609375
vt 0.226746 1.744629
vt 0.209900 1.815186
vt 0.172119 1.744629
vt 0.172119 1.815186
vt 0.205383 1.833984
vt 0.172119 1.833679
vt 0.231201 1.539917
vt 0.212585 1.409302
vt 0.261475 1.512756
vt 0.249084 1.427490
vt 0.260010 1.404053
vt 0.259949 1.425781
vt 0.450745 1.484314
vt 0.443481 1.471313
vt 0.471375 1.484314
vt 0.471375 1.446472
vt 0.440857 1.446472
vt 0.711121 1.332092
vt 0.725647 1.304932
vt 0.779480 1.414490
vt 0.765015 1.353638
vt 0.781128 1.342102
vt 0.421387 1.010193
vt 0.421387 1.055420
vt 0.399597 1.026001
vt 0.399597 1.039001
vt 0.399597 1.055542
vt 0.007019 1.698730
vt 0.012085 1.626099
vt 0.112610 1.718750
vt 0.188171 1.540222
vt 0.037537 1.556396
vt 0.540710 1.543823
vt 0.533875 1.564148
vt 0.512329 1.539551
vt 0.979858 1.979431
vt 0.938599 1.992126
vt 0.957214 1.991516
vt 0.794678 1.835754
vt 0.825378 1.813904
vt 0.777527 1.803467
vt 0.509155 1.471130
vt 0.523315 1.472046
vt 0.515137 1.468628
vt 0.949341 1.927673
vt 0.979858 1.979431
vt 0.938599 1.992126
vt 0.957214 1.991516
vt 0.494385 1.538574
vt 0.512329 1.539551
vt 0.486511 1.523376
vt 0.506104 1.523254
vt 0.509216 1.482605
vt 0.495728 1.482361
vt 0.506104 1.490479
vt 0.489624 1.490479
vt 0.509216 1.482605
vt 0.512451 1.476807
vt 0.495728 1.482361
vt 0.502380 1.475281
vt 0.504517 1.567261
vt 0.512329 1.539551
vt 0.498840 1.550232
vt 0.494385 1.538574
vt 0.521179 1.582825
vt 0.515320 1.567383
vt 0.504517 1.567261
vt 0.512329 1.539551
vt 0.502380 1.475281
vt 0.512451 1.476807
vt 0.509155 1.471130
vt 0.523315 1.472046
vt 0.530212 1.476990
vt 0.509216 1.482605
vt 0.533875 1.482727
vt 0.506104 1.490479
vt 0.949341 1.927673
vt 0.954468 1.855103
vt 0.990295 1.902100
vt 0.979126 1.876221
vt 0.904846 1.918396
vt 0.949341 1.927673
vt 0.922852 1.858337
vt 0.954468 1.855103
vt 0.858887 1.819824
vt 0.824768 1.870789
vt 0.892822 1.844604
vt 0.862366 1.898987
vt 0.990295 1.902100
vt 0.991760 1.946838
vt 0.949341 1.927673
vt 0.979858 1.979431
vt 0.530212 1.476990
vt 0.523315 1.472046
vt 0.509216 1.482605
vt 0.512451 1.476807
vt 0.830383 1.956421
vt 0.862366 1.898987
vt 0.784851 1.922363
vt 0.824768 1.870789
vt 0.745850 1.877563
vt 0.794678 1.835754
vt 0.718567 1.821045
vt 0.777527 1.803467
vt 0.905457 1.822510
vt 0.922852 1.858337
vt 0.928467 1.836914
vt 0.954468 1.855103
vt 0.938599 1.992126
vt 0.979858 1.979431
vt 0.949341 1.927673
vt 0.991760 1.946838
vt 0.512451 1.476807
vt 0.523315 1.472046
vt 0.509216 1.482605
vt 0.530212 1.476990
vt 0.506104 1.523254
vt 0.487610 1.502075
vt 0.506104 1.490479
vt 0.489624 1.490479
vt 0.489624 1.490479
vt 0.495728 1.482361
vt 0.506104 1.490479
vt 0.509216 1.482605
vt 0.502380 1.475281
vt 0.512451 1.476807
vt 0.495728 1.482361
vt 0.509216 1.482605
vt 0.506104 1.490479
vt 0.540649 1.502380
vt 0.506104 1.523254
vt 0.542969 1.523376
vt 0.540710 1.543823
vt 0.512329 1.539551
vt 0.542969 1.523376
vt 0.506104 1.523254
vt 0.512329 1.539551
vt 0.533875 1.564148
vt 0.515320 1.567383
vt 0.521179 1.582825
vt 0.883118 1.980530
vt 0.904846 1.918396
vt 0.938599 1.992126
vt 0.949341 1.927673
vt 0.883118 1.980530
vt 0.904846 1.918396
vt 0.830383 1.956421
vt 0.862366 1.898987
vt 0.949341 1.927673
vt 0.904846 1.918396
vt 0.938599 1.992126
vt 0.883118 1.980530
vt 0.954468 1.855103
vt 0.949341 1.927673
vt 0.922852 1.858337
vt 0.904846 1.918396
vt 0.904846 1.918396
vt 0.922852 1.858337
vt 0.862366 1.898987
vt 0.892822 1.844604
vt 0.905457 1.822510
vt 0.858887 1.819824
vt 0.883118 1.980530
vt 0.830383 1.956421
vt 0.904846 1.918396
vt 0.862366 1.898987
vt 0.784851 1.922363
vt 0.824768 1.870789
vt 0.745850 1.877563
vt 0.794678 1.835754
vt 0.718567 1.821045
vt 0.777527 1.803467
vt 0.954468 1.855103
vt 0.922852 1.858337
vt 0.928467 1.836914
vt 0.905457 1.822510
vt 0.892822 1.844604
vt 0.858887 1.819824
vt 0.824768 1.870789
vt 0.794678 1.835754
vt 0.858887 1.819824
vt 0.825378 1.813904
vt 0.777527 1.803467
vt 0.486511 1.523376
vt 0.506104 1.523254
vt 0.486755 1.513489
vt 0.487610 1.502075
vt 0.506104 1.490479
vt 0.489624 1.490479
vt 0.540710 1.543823
vt 0.542969 1.523376
vt 0.512329 1.539551
vt 0.506104 1.523254
vt 0.540649 1.502380
vt 0.506104 1.490479
vt 0.533875 1.482727
vt 0.521179 1.582825
vt 0.533875 1.564148
vt 0.515320 1.567383
vt 0.512329 1.539551
vt 0.540710 1.543823
vt 0.858887 1.819824
vt 0.892822 1.844604
vt 0.824768 1.870789
vt 0.862366 1.898987
vt 0.922852 1.858337
vt 0.904846 1.918396
vt 0.825378 1.813904
vt 0.794678 1.835754
vt 0.858887 1.819824
vt 0.824768 1.870789
vt 0.745850 1.877563
vt 0.784851 1.922363
vt 0.991760 1.946838
vt 0.990295 1.902100
vt 0.949341 1.927673
vt 0.954468 1.855103
vt 0.979126 1.876221
vt 0.494385 1.538574
vt 0.486511 1.523376
vt 0.512329 1.539551
vt 0.506104 1.523254
vt 0.486755 1.513489
vt 0.487610 1.502075
vt 0.494385 1.538574
vt 0.512329 1.539551
vt 0.498840 1.550232
vt 0.504517 1.567261
vt 0.515320 1.567383
vt 0.521179 1.582825
vt 0.502380 1.475281
vt 0.509155 1.471130
vt 0.512451 1.476807
vt 0.523315 1.472046
vt 0.515137 1.468628
vt 0.530212 1.476990
vt 0.533875 1.482727
vt 0.509216 1.482605
vt 0.506104 1.490479
vt 0.540649 1.502380
vt 0.596008 1.041809
vt 0.596008 1.065063
vt 0.627319 1.041809
vt 0.259521 1.746460
vt 0.261230 1.751770
vt 0.257751 1.751221
vt 0.631836 1.026917
vt 0.662537 1.026917
vt 0.662537 1.019470
vt 0.252319 1.755188
vt 0.259033 1.753784
vt 0.260864 1.757202
vt 0.282288 1.782715
vt 0.265930 1.778503
vt 0.282654 1.787170
vt 0.781006 1.471924
vt 0.834900 1.471924
vt 0.781006 1.465210
vt 0.834900 1.465210
vt 0.263733 1.789124
vt 0.282593 1.787170
vt 0.269043 1.790771
vt 0.275696 1.790405
vt 0.434143 1.764832
vt 0.330505 1.764832
vt 0.434143 1.738220
vt 0.330505 1.738220
vt 0.434143 1.805176
vt 0.330505 1.805176
vt 0.434143 1.784485
vt 0.330505 1.784485
vt 0.435120 1.464233
vt 0.435303 1.493347
vt 0.382324 1.458984
vt 0.382324 1.490234
vt 0.257263 1.764282
vt 0.248169 1.763611
vt 0.260864 1.757202
vt 0.252319 1.755188
vt 0.255005 1.753113
vt 0.249573 1.754211
vt 0.257751 1.751221
vt 0.259521 1.746460
vt 0.266663 1.752991
vt 0.260803 1.751892
vt 0.261230 1.751770
vt 0.257751 1.751221
vt 0.259033 1.753784
vt 0.252319 1.755188
vt 0.255005 1.753113
vt 0.249573 1.754211
vt 0.266663 1.752991
vt 0.260864 1.757202
vt 0.260803 1.751892
vt 0.259033 1.753784
vt 0.255005 1.753113
vt 0.257751 1.751221
vt 0.259033 1.753784
vt 0.260803 1.751892
vt 0.329346 1.493347
vt 0.382324 1.490234
vt 0.382324 1.562134
vt 0.435303 1.493347
vt 0.265869 1.778503
vt 0.265869 1.778503
vt 0.254944 1.780701
vt 0.252441 1.781311
vt 0.282043 1.567078
vt 0.382324 1.562134
vt 0.282043 1.651550
vt 0.382324 1.651550
vt 0.382324 1.439453
vt 0.382324 1.458984
vt 0.329529 1.446472
vt 0.329529 1.464233
vt 0.382324 1.562134
vt 0.282043 1.567078
vt 0.329346 1.493347
vt 0.282043 1.489929
vt 0.755798 1.551208
vt 0.835388 1.564636
vt 0.860046 1.551208
vt 0.860046 1.564636
vt 0.282654 1.787170
vt 0.265930 1.778503
vt 0.263794 1.789124
vt 0.252502 1.781311
vt 0.263794 1.789124
vt 0.269104 1.790771
vt 0.282654 1.787170
vt 0.275757 1.790405
vt 0.781006 1.496948
vt 0.860046 1.515137
vt 0.834900 1.496948
vt 0.860046 1.496948
vt 0.382324 1.490234
vt 0.329346 1.493347
vt 0.382324 1.458984
vt 0.329529 1.464233
vt 0.264221 1.744263
vt 0.268005 1.746826
vt 0.259521 1.746460
vt 0.261230 1.751770
vt 0.482544 1.734375
vt 0.434143 1.738220
vt 0.482544 1.651550
vt 0.382324 1.651550
vt 0.259094 1.753723
vt 0.255066 1.753052
vt 0.252441 1.755188
vt 0.249634 1.754150
vt 0.260864 1.751831
vt 0.257812 1.751221
vt 0.259094 1.753723
vt 0.255066 1.753052
vt 0.264282 1.744263
vt 0.259583 1.746460
vt 0.268066 1.746826
vt 0.261292 1.751770
vt 0.248230 1.763611
vt 0.260925 1.757202
vt 0.252441 1.755188
vt 0.259094 1.753723
vt 0.252502 1.781311
vt 0.265930 1.778503
vt 0.255005 1.780701
vt 0.265930 1.778503
vt 0.834900 1.496948
vt 0.834900 1.483093
vt 0.781006 1.496948
vt 0.781006 1.483093
vt 0.755798 1.496948
vt 0.755798 1.515137
vt 0.781006 1.496948
vt 0.860046 1.515137
vt 0.248169 1.763611
vt 0.257263 1.764282
vt 0.249023 1.772461
vt 0.258789 1.771790
vt 0.249023 1.772461
vt 0.258789 1.771790
vt 0.254944 1.780701
vt 0.265869 1.778503
vt 0.761902 1.024292
vt 0.760437 1.008362
vt 0.733643 1.024292
vt 0.734985 1.008362
vt 0.713684 1.024292
vt 0.713684 1.066467
vt 0.733643 1.024292
vt 0.733643 1.066467
vt 0.761902 1.066467
vt 0.761902 1.024292
vt 0.733643 1.066467
vt 0.733643 1.024292
vt 0.781250 1.066467
vt 0.781250 1.024292
vt 0.761902 1.066467
vt 0.761902 1.024292
vt 0.698608 1.019470
vt 0.698608 1.005310
vt 0.668030 1.019470
vt 0.668030 1.005310
vt 0.596008 1.019470
vt 0.596008 1.041809
vt 0.627319 1.019470
vt 0.627319 1.041809
vt 0.662537 1.041809
vt 0.662537 1.034790
vt 0.631836 1.041809
vt 0.631836 1.034729
vt 0.596008 1.005310
vt 0.596008 1.019470
vt 0.627319 1.005310
vt 0.627319 1.019470
vt 0.631836 1.026917
vt 0.662537 1.019470
vt 0.631836 1.019470
vt 0.646362 1.005310
vt 0.662537 1.065063
vt 0.698608 1.065063
vt 0.662537 1.041809
vt 0.668030 1.041809
vt 0.662537 1.034790
vt 0.662537 1.026917
vt 0.631836 1.034729
vt 0.631836 1.026917
vt 0.631836 1.041809
vt 0.627319 1.041809
vt 0.631836 1.065063
vt 0.596008 1.065063
vt 0.631836 1.041809
vt 0.631836 1.065063
vt 0.662537 1.041809
vt 0.662537 1.065063
vt 0.781006 1.483093
vt 0.834900 1.483093
vt 0.781006 1.471924
vt 0.834900 1.471924
vt 0.435120 1.464233
vt 0.382324 1.458984
vt 0.435120 1.446472
vt 0.382324 1.439453
vt 0.266724 1.752991
vt 0.260864 1.751831
vt 0.260925 1.757202
vt 0.259094 1.753723
vt 0.257812 1.751221
vt 0.260864 1.751831
vt 0.261292 1.751770
vt 0.266724 1.752991
vt 0.330505 1.764832
vt 0.434143 1.764832
vt 0.330505 1.784485
vt 0.434143 1.784485
vt 0.755798 1.515137
vt 0.755798 1.534180
vt 0.860046 1.515137
vt 0.860046 1.534180
vt 0.755798 1.551208
vt 0.860046 1.551208
vt 0.252441 1.781311
vt 0.265869 1.778503
vt 0.263733 1.789124
vt 0.282593 1.787170
vt 0.282227 1.782776
vt 0.835388 1.575806
vt 0.780518 1.575806
vt 0.835388 1.583008
vt 0.807922 1.584839
vt 0.780518 1.583008
vt 0.755798 1.564636
vt 0.780518 1.564636
vt 0.755798 1.551208
vt 0.835388 1.564636
vt 0.780518 1.575806
vt 0.835388 1.575806
vt 0.482544 1.489929
vt 0.482544 1.567078
vt 0.435303 1.493347
vt 0.382324 1.562134
vt 0.482544 1.651550
vt 0.382324 1.651550
vt 0.265930 1.778503
vt 0.258850 1.771729
vt 0.255005 1.780701
vt 0.249084 1.772461
vt 0.257324 1.764282
vt 0.248230 1.763611
vt 0.260925 1.757202
vt 0.255066 1.753052
vt 0.257812 1.751221
vt 0.249634 1.754150
vt 0.259583 1.746460
vt 0.261292 1.751770
vt 0.434143 1.738220
vt 0.330505 1.738220
vt 0.382324 1.651550
vt 0.282043 1.651550
vt 0.282043 1.734375
vt 0.698608 1.065063
vt 0.698608 1.041809
vt 0.668030 1.041809
vt 0.668030 1.019470
vt 0.698608 1.019470
vt 0.158875 1.236755
vt 0.150146 1.184387
vt 0.158752 1.186646
vt 0.298462 1.751831
vt 0.297119 1.760864
vt 0.296326 1.746399
vt 0.058777 1.125793
vt 0.059265 1.154663
vt 0.038330 1.137878
vt 0.326721 1.213989
vt 0.302490 1.148071
vt 0.375793 1.110352
vt 0.258667 1.745544
vt 0.246521 1.755249
vt 0.245117 1.749939
vt 0.167847 1.135742
vt 0.147278 1.138184
vt 0.167725 1.092285
vt 0.146118 1.093811
vt 0.150146 1.184387
vt 0.106567 1.220947
vt 0.090820 1.190796
vt 0.080078 1.209229
vt 0.090820 1.190796
vt 0.080078 1.209229
vt 0.072876 1.190552
vt 0.055176 1.191711
vt 0.091064 1.110291
vt 0.087158 1.147461
vt 0.058777 1.125793
vt 0.059265 1.154663
vt 0.370605 1.296692
vt 0.443054 1.382263
vt 0.330688 1.318359
vt 0.391479 1.404724
vt 0.150146 1.184387
vt 0.147278 1.138184
vt 0.173218 1.184387
vt 0.171143 1.138184
vt 0.272156 1.768982
vt 0.271362 1.763367
vt 0.271973 1.747437
vt 0.265503 1.763184
vt 0.276245 1.750366
vt 0.246521 1.755249
vt 0.276550 1.744446
vt 0.258667 1.745544
vt 0.461182 1.083252
vt 0.472107 1.154663
vt 0.393799 1.179504
vt 0.488892 1.248474
vt 0.276550 1.744446
vt 0.280029 1.764038
vt 0.276245 1.750366
vt 0.269226 1.752197
vt 0.272156 1.768982
vt 0.271973 1.747437
vt 0.284058 1.765320
vt 0.281189 1.742493
vt 0.059265 1.154663
vt 0.055176 1.191711
vt 0.032898 1.142761
vt 0.021790 1.164001
vt 0.253723 1.749268
vt 0.253723 1.763428
vt 0.239136 1.749268
vt 0.239136 1.763428
vt 0.787842 1.264221
vt 0.757202 1.228760
vt 0.783569 1.278503
vt 0.736816 1.278992
vt 0.265869 1.735657
vt 0.265320 1.762939
vt 0.260864 1.736694
vt 0.260315 1.751892
vt 0.260620 1.750977
vt 0.259033 1.742798
vt 0.265930 1.749756
vt 0.261292 1.725586
vt 0.287415 1.743774
vt 0.289917 1.765930
vt 0.276550 1.744446
vt 0.280029 1.764038
vt 0.132935 1.231689
vt 0.106567 1.220947
vt 0.158875 1.236755
vt 0.150146 1.184387
vt 0.326721 1.213989
vt 0.375793 1.110352
vt 0.393799 1.179504
vt 0.461182 1.083252
vt 0.213562 1.138184
vt 0.213867 1.184387
vt 0.200989 1.138184
vt 0.200989 1.184387
vt 0.296326 1.746399
vt 0.297119 1.760864
vt 0.287415 1.743774
vt 0.289917 1.765930
vt 0.393799 1.179504
vt 0.488892 1.248474
vt 0.424988 1.268738
vt 0.507751 1.328796
vt 0.247192 1.719788
vt 0.250549 1.733276
vt 0.250732 1.718872
vt 0.253723 1.731201
vt 0.257690 1.744751
vt 0.260193 1.741821
vt 0.267944 1.752747
vt 0.269531 1.749268
vt 0.280273 1.756470
vt 0.280640 1.752930
vt 0.290649 1.757202
vt 0.291077 1.753296
vt 0.677917 1.355530
vt 0.614746 1.426025
vt 0.639832 1.335510
vt 0.597412 1.323975
vt 0.575867 1.408630
vt 0.552307 1.322205
vt 0.529785 1.411194
vt 0.507751 1.328796
vt 0.465149 1.343567
vt 0.424988 1.268738
vt 0.443054 1.382263
vt 0.370605 1.296692
vt 0.465149 1.343567
vt 0.424988 1.268738
vt 0.326721 1.213989
vt 0.393799 1.179504
vt 0.639832 1.335510
vt 0.681824 1.251465
vt 0.677917 1.355530
vt 0.730469 1.272705
vt 0.708313 1.158325
vt 0.768250 1.184509
vt 0.597412 1.323975
vt 0.621826 1.239502
vt 0.639832 1.335510
vt 0.681824 1.251465
vt 0.634888 1.143738
vt 0.708313 1.158325
vt 0.552307 1.322205
vt 0.556030 1.238525
vt 0.597412 1.323975
vt 0.621826 1.239502
vt 0.554321 1.142456
vt 0.634888 1.143738
vt 0.507751 1.328796
vt 0.488892 1.248474
vt 0.552307 1.322205
vt 0.556030 1.238525
vt 0.472107 1.154663
vt 0.554321 1.142456
vt 0.461182 1.083252
vt 0.550903 1.069946
vt 0.472107 1.154663
vt 0.554321 1.142456
vt 0.638733 1.071289
vt 0.634888 1.143738
vt 0.718811 1.087280
vt 0.708313 1.158325
vt 0.784302 1.115845
vt 0.768250 1.184509
vt 0.614746 1.426025
vt 0.554260 1.490356
vt 0.575867 1.408630
vt 0.529785 1.411194
vt 0.489258 1.431152
vt 0.465149 1.343567
vt 0.443054 1.382263
vt 0.241455 1.766663
vt 0.243164 1.761414
vt 0.258789 1.770630
vt 0.272156 1.768982
vt 0.271362 1.763367
vt 0.250488 1.719666
vt 0.249329 1.729858
vt 0.253174 1.719360
vt 0.252136 1.730896
vt 0.248840 1.740051
vt 0.251709 1.739868
vt 0.251587 1.749756
vt 0.253967 1.748596
vt 0.257141 1.757996
vt 0.259033 1.756104
vt 0.264709 1.764099
vt 0.266052 1.761658
vt 0.273315 1.767761
vt 0.274048 1.765015
vt 0.391479 1.404724
vt 0.349487 1.425171
vt 0.330688 1.318359
vt 0.296997 1.335266
vt 0.328186 1.436279
vt 0.275818 1.346741
vt 0.171143 1.138184
vt 0.187378 1.138184
vt 0.173218 1.184387
vt 0.188782 1.184387
vt 0.200989 1.138184
vt 0.200989 1.184387
vt 0.150146 1.184387
vt 0.090820 1.190796
vt 0.147278 1.138184
vt 0.087158 1.147461
vt 0.072876 1.190552
vt 0.059265 1.154663
vt 0.055176 1.191711
vt 0.087158 1.147461
vt 0.091064 1.110291
vt 0.147278 1.138184
vt 0.146118 1.093811
vt 0.116577 1.100769
vt 0.292542 1.753784
vt 0.292175 1.760071
vt 0.288696 1.745361
vt 0.281189 1.742493
vt 0.284058 1.765320
vt 0.284058 1.765320
vt 0.292175 1.760071
vt 0.281189 1.742493
vt 0.055176 1.191711
vt 0.072876 1.190552
vt 0.059265 1.154663
vt 0.146118 1.093811
vt 0.116577 1.100769
vt 0.091064 1.110291
vt 0.443054 1.382263
vt 0.489258 1.431152
vt 0.465149 1.343567
vt 0.258667 1.745544
vt 0.245117 1.749939
vt 0.246521 1.755249
vt 0.272156 1.768982
vt 0.271362 1.763367
vt 0.243164 1.761414
vt 0.638733 1.071289
vt 0.634888 1.143738
vt 0.718811 1.087280
vt 0.708313 1.158325
vt 0.146118 1.093811
vt 0.147278 1.138184
vt 0.167725 1.092285
vt 0.167847 1.135742
vt 0.247192 1.719788
vt 0.250732 1.718872
vt 0.250549 1.733276
vt 0.253723 1.731201
vt 0.272156 1.768982
vt 0.243164 1.761414
vt 0.258789 1.770630
vt 0.241455 1.766663
vt 0.250549 1.733276
vt 0.253723 1.731201
vt 0.257690 1.744751
vt 0.260193 1.741821
vt 0.257690 1.744751
vt 0.260193 1.741821
vt 0.267944 1.752747
vt 0.269531 1.749268
vt 0.267944 1.752747
vt 0.269531 1.749268
vt 0.280273 1.756470
vt 0.280640 1.752930
vt 0.258667 1.745544
vt 0.246521 1.755249
vt 0.276550 1.744446
vt 0.276245 1.750366
vt 0.250488 1.719666
vt 0.253174 1.719360
vt 0.249329 1.729858
vt 0.252136 1.730896
vt 0.280273 1.756470
vt 0.280640 1.752930
vt 0.290649 1.757202
vt 0.291077 1.753296
vt 0.249329 1.729858
vt 0.252136 1.730896
vt 0.248840 1.740051
vt 0.251709 1.739868
vt 0.248840 1.740051
vt 0.251709 1.739868
vt 0.251587 1.749756
vt 0.253967 1.748596
vt 0.251587 1.749756
vt 0.253967 1.748596
vt 0.257141 1.757996
vt 0.259033 1.756104
vt 0.257141 1.757996
vt 0.259033 1.756104
vt 0.264709 1.764099
vt 0.266052 1.761658
vt 0.264709 1.764099
vt 0.266052 1.761658
vt 0.273315 1.767761
vt 0.274048 1.765015
vt 0.550903 1.069946
vt 0.554321 1.142456
vt 0.638733 1.071289
vt 0.634888 1.143738
vt 0.461182 1.083252
vt 0.472107 1.154663
vt 0.550903 1.069946
vt 0.554321 1.142456
vt 0.171143 1.138184
vt 0.147278 1.138184
vt 0.173218 1.184387
vt 0.150146 1.184387
vt 0.272156 1.768982
vt 0.271973 1.747437
vt 0.271362 1.763367
vt 0.265503 1.763184
vt 0.200989 1.184387
vt 0.213867 1.184387
vt 0.200989 1.138184
vt 0.213562 1.138184
vt 0.187378 1.138184
vt 0.188782 1.184387
vt 0.200989 1.138184
vt 0.200989 1.184387
vt 0.349487 1.425171
vt 0.296997 1.335266
vt 0.328186 1.436279
vt 0.275818 1.346741
vt 0.272156 1.768982
vt 0.284058 1.765320
vt 0.271973 1.747437
vt 0.281189 1.742493
vt 0.150146 1.184387
vt 0.147278 1.138184
vt 0.090820 1.190796
vt 0.087158 1.147461
vt 0.146118 1.093811
vt 0.091064 1.110291
vt 0.147278 1.138184
vt 0.087158 1.147461
vt 0.090820 1.190796
vt 0.087158 1.147461
vt 0.072876 1.190552
vt 0.059265 1.154663
vt 0.021790 1.164001
vt 0.055176 1.191711
vt 0.032898 1.142761
vt 0.059265 1.154663
vt 0.239136 1.763428
vt 0.253723 1.763428
vt 0.239136 1.749268
vt 0.253723 1.749268
vt 0.736816 1.278992
vt 0.757202 1.228760
vt 0.783569 1.278503
vt 0.787842 1.264221
vt 0.260315 1.751892
vt 0.265320 1.762939
vt 0.260864 1.736694
vt 0.265869 1.735657
vt 0.261292 1.725586
vt 0.259033 1.742798
vt 0.265930 1.749756
vt 0.260620 1.750977
vt 0.281189 1.742493
vt 0.292175 1.760071
vt 0.288696 1.745361
vt 0.292542 1.753784
vt 0.718811 1.087280
vt 0.708313 1.158325
vt 0.784302 1.115845
vt 0.768250 1.184509
vt 0.370605 1.296692
vt 0.424988 1.268738
vt 0.326721 1.213989
vt 0.393799 1.179504
vt 0.552307 1.322205
vt 0.575867 1.408630
vt 0.597412 1.323975
vt 0.614746 1.426025
vt 0.171143 1.138184
vt 0.173218 1.184387
vt 0.187378 1.138184
vt 0.188782 1.184387
vt 0.391479 1.404724
vt 0.330688 1.318359
vt 0.349487 1.425171
vt 0.296997 1.335266
vt 0.597412 1.323975
vt 0.614746 1.426025
vt 0.639832 1.335510
vt 0.677917 1.355530
vt 0.461182 1.083252
vt 0.375793 1.110352
vt 0.393799 1.179504
vt 0.326721 1.213989
vt 0.302490 1.148071
vt 0.554260 1.490356
vt 0.529785 1.411194
vt 0.489258 1.431152
vt 0.465149 1.343567
vt 0.507751 1.328796
vt 0.424988 1.268738
vt 0.488892 1.248474
vt 0.393799 1.179504
vt 0.472107 1.154663
vt 0.461182 1.083252
vt 0.424988 1.268738
vt 0.370605 1.296692
vt 0.465149 1.343567
vt 0.443054 1.382263
vt 0.330688 1.318359
vt 0.391479 1.404724
vt 0.730469 1.272705
vt 0.681824 1.251465
vt 0.677917 1.355530
vt 0.639832 1.335510
vt 0.621826 1.239502
vt 0.597412 1.323975
vt 0.556030 1.238525
vt 0.552307 1.322205
vt 0.488892 1.248474
vt 0.507751 1.328796
vt 0.768250 1.184509
vt 0.708313 1.158325
vt 0.730469 1.272705
vt 0.681824 1.251465
vt 0.634888 1.143738
vt 0.621826 1.239502
vt 0.554321 1.142456
vt 0.556030 1.238525
vt 0.472107 1.154663
vt 0.488892 1.248474
vt 0.614746 1.426025
vt 0.575867 1.408630
vt 0.554260 1.490356
vt 0.529785 1.411194
vt 0.552307 1.322205
vt 0.507751 1.328796
vt 0.132935 1.231689
vt 0.158875 1.236755
vt 0.106567 1.220947
vt 0.150146 1.184387
vt 0.158752 1.186646
vt 0.055176 1.191711
vt 0.080078 1.209229
vt 0.072876 1.190552
vt 0.090820 1.190796
vt 0.106567 1.220947
vt 0.150146 1.184387
vt 0.091064 1.110291
vt 0.058777 1.125793
vt 0.087158 1.147461
vt 0.059265 1.154663
vt 0.038330 1.137878
vt 0.269226 1.752197
vt 0.280029 1.764038
vt 0.276245 1.750366
vt 0.276550 1.744446
vt 0.289917 1.765930
vt 0.287415 1.743774
vt 0.297119 1.760864
vt 0.296326 1.746399
vt 0.298462 1.751831
vt 0.082703 1.352234
vt 0.041687 1.341858
vt 0.005615 1.346436
vt 0.135193 1.383728
vt 0.116882 1.374084
vt 0.144165 1.347412
vt 0.124512 1.345581
vt 0.789551 1.457397
vt 0.850769 1.457397
vt 0.789673 1.443909
vt 0.850769 1.443909
vt 0.270020 1.741699
vt 0.247437 1.741699
vt 0.270081 1.748901
vt 0.247498 1.749573
vt 0.270081 1.748901
vt 0.247498 1.749573
vt 0.270142 1.756714
vt 0.247498 1.756714
vt 0.274353 1.755493
vt 0.296814 1.755493
vt 0.274353 1.744324
vt 0.296875 1.744324
vt 0.247437 1.741699
vt 0.270020 1.741699
vt 0.247498 1.734985
vt 0.269958 1.734985
vt 0.789673 1.443909
vt 0.850769 1.443909
vt 0.789856 1.433472
vt 0.850830 1.433472
vt 0.789856 1.433472
vt 0.850830 1.433472
vt 0.789856 1.380981
vt 0.850830 1.380981
vt 0.241882 1.790833
vt 0.270203 1.790833
vt 0.241882 1.787903
vt 0.270203 1.788696
vt 0.241882 1.787903
vt 0.270203 1.788696
vt 0.247559 1.782104
vt 0.270203 1.782898
vt 0.008301 1.453552
vt 0.116882 1.374084
vt 0.114075 1.438416
vt 0.135193 1.383728
vt 0.068909 1.504272
vt 0.042542 1.523315
vt 0.010132 1.495239
vt 0.018616 1.513672
vt 0.008301 1.453552
vt 0.114075 1.438416
vt 0.010132 1.495239
vt 0.068909 1.504272
vt 0.247498 1.765259
vt 0.270142 1.765259
vt 0.247559 1.782104
vt 0.270203 1.782898
vt 0.296875 1.744324
vt 0.296814 1.755493
vt 0.274353 1.744324
vt 0.274353 1.755493
vt 0.124512 1.345581
vt 0.116882 1.374084
vt 0.144165 1.347412
vt 0.135193 1.383728
vt 0.850769 1.443909
vt 0.850769 1.457397
vt 0.789673 1.443909
vt 0.789551 1.457397
vt 0.269958 1.734985
vt 0.270020 1.741699
vt 0.247498 1.734985
vt 0.247437 1.741699
vt 0.789856 1.333679
vt 0.850830 1.333679
vt 0.789856 1.380981
vt 0.850830 1.380981
vt 0.789856 1.311035
vt 0.850830 1.311035
vt 0.789856 1.333679
vt 0.850830 1.333679
vt 0.789856 1.294983
vt 0.850830 1.294983
vt 0.789856 1.311035
vt 0.850830 1.311035
vt 0.008301 1.453552
vt 0.114075 1.438416
vt 0.116882 1.374084
vt 0.135193 1.383728
vt 0.018616 1.513672
vt 0.042542 1.523315
vt 0.010132 1.495239
vt 0.068909 1.504272
vt 0.068909 1.504272
vt 0.114075 1.438416
vt 0.010132 1.495239
vt 0.008301 1.453552
vt 0.082703 1.352234
vt 0.005615 1.346436
vt 0.116882 1.374084
vt 0.008301 1.453552
vt 0.270203 1.782898
vt 0.270142 1.765259
vt 0.247559 1.782104
vt 0.247498 1.765259
vt 0.008301 1.453552
vt 0.005615 1.346436
vt 0.116882 1.374084
vt 0.082703 1.352234
vt 0.041687 1.341858
vt 0.270020 1.741699
vt 0.270081 1.748901
vt 0.247437 1.741699
vt 0.247498 1.749573
vt 0.270142 1.756714
vt 0.247498 1.756714
vt 0.789673 1.443909
vt 0.789856 1.433472
vt 0.850769 1.443909
vt 0.850830 1.433472
vt 0.789856 1.380981
vt 0.850830 1.380981
vt 0.241882 1.790833
vt 0.241882 1.787903
vt 0.270203 1.790833
vt 0.270203 1.788696
vt 0.247559 1.782104
vt 0.270203 1.782898
vt 0.789856 1.294983
vt 0.789856 1.311035
vt 0.850830 1.294983
vt 0.850830 1.311035
vt 0.789856 1.333679
vt 0.850830 1.333679
vt 0.789856 1.380981
vt 0.850830 1.380981
vt 0.296448 1.756714
vt 0.286682 1.753906
vt 0.286804 1.760498
vt 0.497375 1.044250
vt 0.489685 1.051025
vt 0.523560 1.067932
vt 0.297791 1.766846
vt 0.281738 1.766785
vt 0.281738 1.772461
vt 0.490051 1.031921
vt 0.487244 1.028076
vt 0.475952 1.069397
vt 0.257080 1.762268
vt 0.268799 1.754700
vt 0.268677 1.762268
vt 0.285706 1.753784
vt 0.259094 1.753784
vt 0.265076 1.755188
vt 0.259155 1.755188
vt 0.262634 1.747681
vt 0.262634 1.743103
vt 0.247314 1.747681
vt 0.247314 1.743103
vt 0.277039 1.753113
vt 0.276733 1.748230
vt 0.262451 1.753113
vt 0.262512 1.748230
vt 0.066528 1.324707
vt 0.066528 1.267273
vt 0.044128 1.324707
vt 0.044128 1.267273
vt 0.232910 1.756592
vt 0.240540 1.769043
vt 0.244141 1.756592
vt 0.244141 1.768921
vt 0.589233 1.061340
vt 0.575073 1.056030
vt 0.584595 1.068420
vt 0.560547 1.059753
vt 0.475952 1.069397
vt 0.487244 1.028076
vt 0.437805 1.013184
vt 0.455811 1.013611
vt 0.232910 1.776428
vt 0.240356 1.776428
vt 0.232910 1.772034
vt 0.240356 1.772034
vt 0.268677 1.769470
vt 0.257080 1.769470
vt 0.268677 1.762268
vt 0.257080 1.762268
vt 0.369080 1.082764
vt 0.369080 1.015015
vt 0.350220 1.082764
vt 0.350220 1.015015
vt 0.523804 1.067993
vt 0.503723 1.038940
vt 0.523560 1.067932
vt 0.497375 1.044250
vt 0.345703 1.082764
vt 0.345520 1.015015
vt 0.326416 1.082764
vt 0.326416 1.015015
vt 0.537842 1.016724
vt 0.531250 1.017334
vt 0.557617 1.022644
vt 0.560547 1.059753
vt 0.007568 1.314087
vt 0.007568 1.330322
vt 0.040894 1.314087
vt 0.040894 1.330322
vt 0.095398 1.267273
vt 0.095398 1.313354
vt 0.117188 1.267273
vt 0.117188 1.313354
vt 0.040894 1.293274
vt 0.040894 1.274902
vt 0.014648 1.293274
vt 0.014648 1.274902
vt 0.070740 1.267273
vt 0.070740 1.313354
vt 0.092590 1.267273
vt 0.092590 1.313354
vt 0.273499 1.747681
vt 0.273499 1.744751
vt 0.263489 1.747681
vt 0.263489 1.744751
vt 0.014648 1.252075
vt 0.014648 1.272217
vt 0.040894 1.252075
vt 0.040894 1.272217
vt 0.247314 1.753113
vt 0.261475 1.753113
vt 0.247314 1.748230
vt 0.261475 1.748230
vt 0.281677 1.765930
vt 0.298218 1.765930
vt 0.281799 1.761169
vt 0.298157 1.761292
vt 0.040894 1.312012
vt 0.040894 1.295227
vt 0.007568 1.312012
vt 0.007568 1.295227
vt 0.311096 1.750122
vt 0.319031 1.750000
vt 0.310913 1.756775
vt 0.319092 1.756775
vt 0.310303 1.756775
vt 0.303162 1.756775
vt 0.310303 1.745239
vt 0.303162 1.745239
vt 0.265320 1.760498
vt 0.265076 1.762695
vt 0.279663 1.760315
vt 0.279602 1.763550
vt 0.232910 1.756592
vt 0.232910 1.772034
vt 0.240540 1.769043
vt 0.240356 1.772034
vt 0.257080 1.748962
vt 0.257080 1.744263
vt 0.273743 1.748962
vt 0.273743 1.744263
vt 0.523560 1.067932
vt 0.489685 1.051025
vt 0.508850 1.071777
vt 0.489807 1.067017
vt 0.265320 1.760498
vt 0.247314 1.760498
vt 0.265076 1.762695
vt 0.247314 1.762756
vt 0.560547 1.059753
vt 0.531250 1.017334
vt 0.523804 1.067993
vt 0.503723 1.038940
vt 0.265320 1.760498
vt 0.279663 1.760315
vt 0.265076 1.755188
vt 0.285706 1.753784
vt 0.285706 1.760254
vt 0.247314 1.753784
vt 0.247314 1.758606
vt 0.259094 1.753784
vt 0.259155 1.755188
vt 0.259094 1.758606
vt 0.425842 1.025085
vt 0.443848 1.068115
vt 0.437805 1.013184
vt 0.475952 1.069397
vt 0.458862 1.076355
vt 0.257080 1.748962
vt 0.273743 1.748962
vt 0.257080 1.762268
vt 0.268799 1.754700
vt 0.273743 1.754700
vt 0.575073 1.056030
vt 0.584167 1.040344
vt 0.560547 1.059753
vt 0.557617 1.022644
vt 0.573853 1.028503
vn 0.1069 -0.0244 -0.9940
vn -0.0000 0.0000 -1.0000
vn -1.0000 -0.0000 0.0000
vn -0.2679 -0.2637 0.9267
vn -0.4669 -0.4241 0.7760
vn -0.2231 -0.5123 0.8293
vn 0.4909 0.8678 0.0773
vn 0.9239 -0.0000 0.3827
vn 0.9239 0.0000 -0.3827
vn 0.9239 0.2706 0.2706
vn 1.0000 0.0006 0.0001
vn 0.0000 0.9729 -0.2312
vn 0.0000 -0.0755 -0.9971
vn -0.4881 0.2247 0.8434
vn -0.3169 0.2273 0.9208
vn -0.3633 0.3634 0.8579
vn 1.0000 0.0000 0.0000
vn -0.5188 -0.2211 0.8258
vn -0.4670 -0.4241 0.7759
vn -0.8465 -0.3663 -0.3864
vn -0.6823 -0.4883 -0.5441
vn -0.8945 -0.3854 -0.2266
vn -0.6916 -0.0942 -0.7161
vn -0.7209 -0.1913 -0.6661
vn -0.8634 -0.1137 -0.4916
vn 0.2679 -0.2637 0.9267
vn 0.2231 -0.5123 0.8293
vn 0.4669 -0.4241 0.7760
vn -0.1069 -0.0244 -0.9940
vn -0.9609 -0.2753 -0.0295
vn -0.9239 -0.3826 -0.0007
vn -0.9268 -0.3613 0.1029
vn -0.0201 0.9998 0.0042
vn 0.0000 1.0000 0.0082
vn -0.0145 0.9233 -0.3839
vn -1.0000 0.0012 0.0002
vn -1.0000 0.0013 -0.0002
vn -1.0000 0.0011 0.0003
vn -1.0000 0.0006 0.0001
vn -0.7271 -0.4972 -0.4734
vn -0.6380 -0.3589 -0.6813
vn -0.7876 -0.6114 -0.0765
vn -0.7471 -0.6522 -0.1285
vn -0.9170 -0.3648 -0.1615
vn -0.7073 -0.3881 -0.5908
vn 0.1326 -0.0339 -0.9906
vn 0.7565 -0.4456 -0.4787
vn 0.1326 -0.0338 -0.9906
vn -0.4914 0.8688 -0.0603
vn -0.4914 0.8688 -0.0602
vn 0.0000 0.9729 -0.2311
vn 0.0007 1.0000 -0.0015
vn 0.0000 1.0000 0.0000
vn 0.0001 1.0000 -0.0011
vn 0.0810 -0.9942 -0.0708
vn 0.0916 -0.9929 -0.0755
vn 0.0594 -0.9936 0.0965
vn 0.9991 -0.0292 0.0293
vn 0.9598 -0.1319 -0.2479
vn 0.9538 -0.0618 -0.2939
vn 0.9239 -0.3274 0.1982
vn 0.9603 -0.2369 0.1475
vn 0.8849 -0.3134 0.3446
vn 0.2664 -0.4878 -0.8313
vn 0.4346 -0.6260 -0.6475
vn 0.2288 -0.6676 -0.7085
vn 0.6495 -0.4729 0.5954
vn 0.7881 -0.4041 0.4643
vn 0.7225 -0.3256 0.6098
vn 0.8849 -0.3134 0.3445
vn 0.0649 -0.9635 0.2596
vn 0.0929 -0.9506 0.2961
vn 0.0968 -0.9497 0.2979
vn 0.4881 0.2247 0.8433
vn 0.4988 0.4545 0.7380
vn 0.3633 0.3634 0.8579
vn 0.3823 0.4980 0.7784
vn 0.1303 0.0624 0.9895
vn 0.1294 -0.1294 0.9831
vn 0.2977 0.0274 0.9543
vn -0.0005 1.0000 0.0001
vn -0.0006 1.0000 -0.0000
vn 0.0009 1.0000 -0.0000
vn -0.0000 -0.2628 0.9648
vn -0.0000 -0.1305 0.9914
vn -1.0000 0.0006 0.0000
vn -1.0000 0.0005 0.0001
vn -1.0000 0.0005 0.0000
vn -0.7102 -0.4560 -0.5363
vn -0.8408 -0.5406 0.0275
vn -0.8773 -0.4633 -0.1255
vn -0.7102 -0.4560 -0.5364
vn -0.7307 -0.3606 -0.5797
vn -1.0000 0.0032 -0.0000
vn -1.0000 0.0083 -0.0041
vn -0.6991 -0.6995 -0.1481
vn -0.6409 -0.5866 -0.4951
vn -0.5798 -0.5806 -0.5716
vn -0.4402 -0.3548 -0.8248
vn -0.2834 -0.3012 -0.9105
vn -0.2886 -0.2374 -0.9276
vn -0.7272 -0.4972 -0.4734
vn -0.6380 -0.3588 -0.6813
vn -0.9851 0.1717 -0.0000
vn -0.9852 0.1717 -0.0000
vn -0.9851 0.1718 -0.0000
vn -1.0000 0.0009 0.0003
vn -1.0000 0.0009 0.0002
vn -1.0000 0.0012 0.0003
vn -1.0000 0.0007 0.0002
vn -0.0000 0.9052 -0.4249
vn 0.0007 1.0000 -0.0011
vn 0.0010 1.0000 -0.0010
vn 0.1294 -0.3795 -0.9161
vn 0.3133 -0.2664 -0.9115
vn 0.1303 -0.2083 -0.9693
vn 0.0003 1.0000 -0.0011
vn 0.0016 1.0000 -0.0005
vn -0.0000 1.0000 -0.0005
vn -0.0007 1.0000 -0.0000
vn -0.0011 1.0000 -0.0000
vn -0.0012 1.0000 0.0000
vn 0.0047 0.0036 -1.0000
vn 0.0023 0.0020 -1.0000
vn 0.0000 0.0021 -1.0000
vn 0.0000 0.0005 -1.0000
vn 0.0172 -0.0013 0.9999
vn -0.0334 -0.0769 0.9965
vn 0.0319 0.0512 -0.9982
vn 0.0155 0.0428 -0.9990
vn -0.0000 0.0428 -0.9991
vn 0.0000 0.0348 -0.9994
vn 0.0159 -0.0006 0.9999
vn 0.0000 -0.0109 0.9999
vn 0.0000 1.0000 -0.0012
vn 0.0019 0.0019 -1.0000
vn 0.0009 0.0012 -1.0000
vn 0.0000 0.0013 -1.0000
vn 0.0000 0.0007 -1.0000
vn -0.0000 -0.0007 1.0000
vn -0.0000 0.0050 1.0000
vn 0.0090 0.0050 0.9999
vn -0.0000 0.0107 0.9999
vn -1.0000 0.0032 0.0001
vn -0.1994 -0.2457 -0.9486
vn -0.9239 0.2706 -0.2706
vn 0.0009 1.0000 -0.0010
vn 0.0006 1.0000 -0.0009
vn -0.0001 0.0000 -1.0000
vn 0.0943 -0.0170 -0.9954
vn 0.0943 -0.0169 -0.9954
vn -0.0000 0.7362 0.6768
vn 0.0000 0.4630 0.8864
vn -0.0001 -0.1907 0.9816
vn 0.0000 -0.3898 0.9209
vn -0.0000 -0.1907 0.9816
vn 0.0000 -0.5616 0.8274
vn -0.0001 0.7362 0.6768
vn -0.0032 0.9928 -0.1196
vn -0.0000 0.9931 -0.1172
vn -0.0057 0.8293 -0.5588
vn -0.0076 0.9512 -0.3085
vn -0.0000 0.9931 -0.1173
vn -0.0057 0.8292 -0.5589
vn -1.0000 -0.0028 0.0011
vn -1.0000 -0.0067 0.0027
vn 0.0000 0.4646 -0.8855
vn -0.0058 0.8293 -0.5588
vn 0.8347 0.5492 -0.0398
vn 0.8030 0.5098 -0.3086
vn 0.5890 0.3394 -0.7334
vn 0.4067 0.2082 -0.8895
vn -0.0018 -0.0693 -0.9976
vn -0.2281 -0.2156 -0.9495
vn -0.0019 -0.0693 -0.9976
vn -0.5918 -0.4374 -0.6771
vn -0.7291 -0.5130 -0.4530
vn -0.7292 -0.5130 -0.4530
vn -0.8348 -0.5492 0.0398
vn -0.8030 -0.5098 0.3085
vn -0.8030 -0.5099 0.3086
vn -0.5890 -0.3394 0.7334
vn -0.4067 -0.2082 0.8895
vn 0.0018 0.0693 0.9976
vn 0.2281 0.2156 0.9495
vn 0.5918 0.4374 0.6771
vn 0.7292 0.5129 0.4530
vn 0.7291 0.5130 0.4530
vn 0.8348 0.5492 -0.0398
vn 0.4908 0.7549 0.4350
vn 0.5794 0.7358 0.3506
vn 0.4657 0.8610 0.2044
vn 0.5876 0.7994 0.1254
vn -0.2217 -0.2341 -0.9466
vn -0.4298 -0.2584 -0.8652
vn 0.0000 0.9074 -0.4202
vn -0.0000 0.9855 -0.1695
vn 0.0000 1.0000 0.0020
vn -0.9598 0.1315 0.2479
vn -0.9567 0.2379 0.1677
vn -0.9991 -0.0293 0.0294
vn -0.9767 0.2075 0.0556
vn -0.9312 0.3494 0.1035
vn -0.9295 0.3607 0.0771
vn -0.9567 0.2379 0.1678
vn -0.8416 0.3803 0.3835
vn -0.9239 0.3276 0.1978
vn -0.9567 0.2378 0.1677
vn -0.6765 0.5966 0.4317
vn -0.8184 0.4755 0.3227
vn -0.8644 0.2499 0.4362
vn -0.8516 -0.1557 0.5005
vn -0.8482 -0.0211 0.5293
vn -0.9525 -0.0209 0.3037
vn -0.8634 0.1135 0.4916
vn -0.9598 -0.1489 0.2379
vn -0.8817 -0.2179 0.4184
vn -0.9239 -0.3274 0.1982
vn -0.9603 -0.2369 0.1475
vn -0.9609 -0.2753 -0.0296
vn -0.8642 -0.0657 -0.4989
vn -0.9538 -0.0618 -0.2939
vn 0.3825 -0.7862 -0.4853
vn 0.3826 -0.8924 -0.2391
vn 0.2693 -0.8194 -0.5061
vn 0.2212 -0.9341 -0.2803
vn 0.0809 -0.9942 -0.0708
vn 0.0594 -0.9935 0.0966
vn 0.0388 -0.9982 -0.0457
vn 0.0126 -0.9997 -0.0220
vn -0.4968 -0.1132 -0.8605
vn -0.5086 -0.2034 -0.8366
vn -0.4942 -0.0085 0.8693
vn -0.2977 0.0275 0.9543
vn -0.4669 -0.4241 0.7759
vn -0.2434 -0.6920 0.6796
vn -0.3823 -0.6846 0.6206
vn -0.2211 -0.9491 0.2242
vn -0.2615 -0.8467 0.4635
vn -0.3826 -0.8924 0.2391
vn -0.3827 -0.8001 0.4620
vn -0.2212 -0.9341 -0.2803
vn -0.2615 -0.9650 -0.0219
vn -0.3826 -0.8924 -0.2391
vn -0.3827 -0.9239 -0.0000
vn -0.1958 0.4086 0.8914
vn -0.1300 0.1691 0.9770
vn -0.1302 0.0624 0.9895
vn -0.0000 -0.4624 0.8867
vn 0.0000 -0.2628 0.9649
vn -0.0000 -0.6762 0.7367
vn 0.0000 -0.8438 0.5366
vn -0.2211 -0.9491 0.2243
vn -0.0000 -0.9540 0.2999
vn -0.2615 -0.8466 0.4635
vn 0.0000 -0.9991 0.0428
vn -0.2211 -0.9341 -0.2803
vn 0.0000 -0.9761 -0.2172
vn -0.2693 -0.8194 -0.5061
vn -0.0000 -0.8867 -0.4624
vn -0.2288 -0.6676 -0.7085
vn -0.0000 -0.7367 -0.6762
vn -0.2664 -0.4878 -0.8313
vn 0.0000 -0.5601 -0.8284
vn -0.0000 -0.3827 -0.9239
vn -0.1294 -0.3795 -0.9161
vn -0.2434 -0.6920 0.6797
vn -0.3823 -0.6846 0.6207
vn -0.3827 -0.8001 0.4619
vn -0.3825 -0.7862 -0.4853
vn -0.0126 -0.9997 -0.0220
vn -0.0012 -1.0000 -0.0059
vn -0.0594 -0.9935 0.0966
vn -0.0003 -1.0000 -0.0036
vn -0.0120 -0.9871 0.1598
vn -0.0594 -0.9936 0.0965
vn -0.0000 -0.9985 0.0556
vn -0.6495 -0.4729 0.5954
vn -0.7225 -0.3256 0.6098
vn -0.7881 -0.4041 0.4643
vn -0.8849 -0.3134 0.3445
vn -0.4881 0.2247 0.8433
vn -0.4988 0.4545 0.7380
vn -0.3823 0.4980 0.7784
vn 0.0006 1.0000 -0.0000
vn 0.0005 1.0000 0.0001
vn -0.0009 1.0000 0.0000
vn -0.1294 -0.1294 0.9831
vn 1.0000 0.0005 0.0001
vn 1.0000 0.0005 0.0000
vn 0.4402 -0.3548 -0.8248
vn 0.4297 -0.2591 -0.8650
vn 0.7073 -0.3881 -0.5908
vn 0.8439 -0.2491 -0.4752
vn 0.7102 -0.4560 -0.5364
vn 0.8408 -0.5406 0.0275
vn 0.8773 -0.4633 -0.1255
vn 0.9170 -0.3648 -0.1615
vn 1.0000 0.0032 0.0000
vn -0.0007 1.0000 -0.0015
vn 1.0000 0.0032 -0.0001
vn 0.9851 0.1718 -0.0000
vn 0.9851 0.1717 -0.0000
vn 0.9852 0.1717 0.0000
vn 1.0000 0.0009 0.0003
vn 1.0000 0.0007 0.0002
vn 1.0000 0.0006 0.0000
vn -0.0006 1.0000 -0.0014
vn -0.0001 1.0000 -0.0011
vn -0.0017 1.0000 -0.0017
vn -0.0010 1.0000 -0.0010
vn -0.0007 1.0000 -0.0011
vn -0.1303 -0.2083 -0.9693
vn -0.3133 -0.2664 -0.9115
vn -0.0016 1.0000 -0.0005
vn -0.0003 1.0000 -0.0011
vn 0.0007 1.0000 -0.0000
vn 0.0012 1.0000 0.0000
vn 0.0011 1.0000 -0.0000
vn -0.0023 0.0020 -1.0000
vn -0.0047 0.0036 -1.0000
vn -0.0335 -0.0769 0.9965
vn 0.0173 -0.0013 0.9998
vn -0.0155 0.0428 -0.9990
vn -0.0319 0.0512 -0.9982
vn -0.0009 0.0012 -1.0000
vn -0.0019 0.0019 -1.0000
vn -0.0090 0.0050 0.9999
vn 0.1994 -0.2457 -0.9486
vn 0.7271 -0.4972 -0.4734
vn 0.8769 -0.4613 -0.1351
vn 0.7876 -0.6114 -0.0765
vn 0.6992 -0.6995 -0.1481
vn -0.0944 -0.0169 -0.9954
vn 0.3973 0.9163 -0.0498
vn 0.4914 0.8688 -0.0602
vn -0.7565 -0.4456 -0.4787
vn -0.5921 -0.8048 0.0405
vn -0.5948 -0.8025 0.0477
vn -0.6084 -0.7728 0.1807
vn 0.0032 0.9928 -0.1196
vn 0.0058 0.8292 -0.5589
vn 0.0076 0.9512 -0.3085
vn 0.0144 0.9233 -0.3839
vn 0.0145 0.9233 -0.3839
vn 0.0201 0.9998 0.0042
vn 1.0000 -0.0067 0.0027
vn 1.0000 -0.0028 0.0011
vn 0.0058 0.8293 -0.5588
vn 1.0000 0.0030 0.0006
vn 1.0000 0.0088 0.0019
vn 1.0000 0.0033 0.0007
vn -0.5876 0.7994 0.1254
vn -0.5794 0.7358 0.3506
vn -0.4657 0.8610 0.2044
vn -0.4908 0.7549 0.4350
vn 0.4298 -0.2584 -0.8652
vn 0.2217 -0.2341 -0.9466
vn 0.0003 -1.0000 -0.0036
vn 0.0012 -1.0000 -0.0059
vn 0.3441 -0.1225 -0.9309
vn 0.1294 -0.1294 -0.9831
vn 0.1303 -0.2083 -0.9694
vn 0.3827 -0.9239 0.0000
vn 0.3826 -0.8924 0.2391
vn 0.2615 -0.9650 -0.0219
vn 0.2211 -0.9491 0.2242
vn 0.4968 -0.1132 -0.8605
vn 0.5086 -0.2034 -0.8366
vn 0.1300 0.1691 0.9770
vn 0.3169 0.2273 0.9208
vn 0.1958 0.4086 0.8914
vn 0.2977 0.0275 0.9543
vn 0.1302 0.0624 0.9895
vn 0.3827 -0.8001 0.4620
vn 0.2615 -0.8467 0.4635
vn 0.4346 -0.6261 -0.6474
vn 0.3824 0.8819 0.2758
vn 0.3824 0.7804 0.4947
vn 0.5179 0.6381 0.5697
vn 0.3824 0.6258 0.6798
vn 0.4988 0.4545 0.7379
vn 0.3824 0.7804 0.4946
vn 0.3824 0.6258 0.6799
vn 0.6976 -0.3598 -0.6195
vn 0.6824 -0.4883 -0.5440
vn 0.4958 -0.4379 -0.7499
vn 0.4347 -0.6260 -0.6474
vn 0.7209 -0.1913 -0.6661
vn 0.6916 -0.0942 -0.7161
vn 0.4958 -0.4380 -0.7499
vn 0.5087 -0.2035 -0.8366
vn 0.6976 -0.3598 -0.6196
vn 0.6893 -0.2149 0.6919
vn 0.4670 -0.4241 0.7759
vn 0.7225 -0.3257 0.6099
vn 0.4988 0.4546 0.7379
vn 0.6856 0.5157 0.5139
vn 0.6765 0.5966 0.4317
vn 0.5794 0.7358 0.3505
vn 0.8465 -0.3663 -0.3864
vn 0.8644 -0.2499 -0.4362
vn 0.9546 -0.2419 -0.1739
vn 0.8850 -0.3133 0.3445
vn 0.8817 -0.2179 0.4184
vn 0.8516 -0.1557 0.5005
vn 0.9598 -0.1318 -0.2479
vn 0.8634 -0.1137 -0.4916
vn 0.9767 0.2075 0.0556
vn 0.9295 0.3607 0.0771
vn 0.9567 0.2379 0.1678
vn 0.9312 0.3494 0.1035
vn 0.8945 -0.3854 -0.2266
vn 0.9609 -0.2753 -0.0295
vn 0.9349 -0.3323 -0.1244
vn 0.9239 -0.3827 -0.0007
vn 0.8849 -0.3133 0.3446
vn 0.8243 -0.4533 0.3392
vn 0.9598 -0.1489 0.2379
vn 0.9991 -0.0292 0.0294
vn 0.9525 -0.0209 0.3037
vn 0.9598 0.1315 0.2479
vn -0.6893 -0.2149 0.6919
vn -0.7225 -0.3257 0.6099
vn -0.5219 0.8468 0.1030
vn -0.5977 0.7978 0.0791
vn 0.9991 -0.0293 0.0294
vn 0.9567 0.2379 0.1677
vn -0.9598 0.1316 0.2479
vn -0.9991 -0.0292 0.0294
vn 0.8634 0.1135 0.4916
vn 0.8644 0.2499 0.4363
vn 0.8416 0.3803 0.3835
vn 0.8482 -0.0211 0.5293
vn 0.7225 -0.3257 0.6098
vn 0.8818 -0.2179 0.4183
vn 0.9268 -0.3613 0.1029
vn 0.9239 -0.3826 -0.0007
vn 0.6823 -0.4883 -0.5441
vn 0.8642 -0.0657 -0.4989
vn 0.6916 -0.0943 -0.7161
vn 0.6765 0.5967 0.4317
vn 0.6989 0.3470 0.6254
vn 0.4988 0.4546 0.7380
vn 0.4881 0.2247 0.8434
vn 0.8416 0.3804 0.3835
vn 0.6989 0.3471 0.6254
vn 0.6989 0.1733 0.6939
vn 0.4942 -0.0086 0.8693
vn 0.8644 0.2499 0.4362
vn 0.6989 -0.0121 0.7151
vn 0.4942 -0.0085 0.8693
vn 0.5188 -0.2211 0.8258
vn 0.6824 -0.4882 -0.5440
vn 0.3799 0.9171 0.1208
vn 0.5219 0.8468 0.1030
vn 0.5977 0.7978 0.0791
vn 0.2434 -0.6920 0.6796
vn 0.4669 -0.4241 0.7759
vn 0.3823 -0.6846 0.6206
vn 0.3827 -0.8001 0.4619
vn 0.2211 -0.9491 0.2243
vn 0.0120 -0.9871 0.1598
vn -0.4298 -0.2584 -0.8651
vn -0.8439 -0.2491 -0.4752
vn -0.6409 -0.5866 -0.4952
vn -0.8769 -0.4613 -0.1351
vn -0.2886 -0.2373 -0.9276
vn 0.0000 1.0000 -0.0041
vn 0.0026 1.0000 -0.0024
vn 0.0017 1.0000 -0.0017
vn 0.0006 1.0000 -0.0014
vn 0.0007 1.0000 -0.0014
vn -0.4909 0.8678 0.0773
vn -0.5210 0.8465 -0.1099
vn -0.6550 0.7503 -0.0894
vn 0.6084 -0.7728 0.1807
vn 0.5921 -0.8048 0.0405
vn 0.5948 -0.8025 0.0477
vn 0.7565 -0.4457 -0.4787
vn 0.5870 -0.8058 0.0787
vn -1.0000 0.0030 0.0006
vn -1.0000 0.0033 0.0007
vn -1.0000 0.0088 0.0019
vn 0.9239 0.3276 0.1978
vn 0.9567 0.2378 0.1677
vn 0.8184 0.4755 0.3227
vn -0.6765 0.5967 0.4317
vn -0.6856 0.5157 0.5139
vn -0.6989 0.3471 0.6254
vn -0.6989 0.1733 0.6939
vn -0.6989 -0.0121 0.7151
vn -0.8481 -0.0211 0.5294
vn -0.8818 -0.2179 0.4184
vn -0.9546 -0.2419 -0.1739
vn -0.9598 -0.1318 -0.2479
vn -0.8849 -0.3134 0.3446
vn -0.8243 -0.4533 0.3392
vn -0.9239 -0.3827 -0.0007
vn -0.9349 -0.3323 -0.1244
vn -0.6824 -0.4882 -0.5440
vn -0.6976 -0.3598 -0.6196
vn -0.8644 -0.2499 -0.4362
vn -0.9598 -0.1319 -0.2479
vn -0.4958 -0.4380 -0.7499
vn -0.8644 -0.2499 -0.4363
vn -0.5794 0.7358 0.3505
vn -0.5179 0.6381 0.5697
vn -0.6989 0.1734 0.6939
vn -0.4942 -0.0086 0.8693
vn -0.6976 -0.3598 -0.6195
vn -0.6824 -0.4883 -0.5440
vn -0.4346 -0.6261 -0.6474
vn -0.3799 0.9171 0.1208
vn -0.3824 0.8819 0.2758
vn -0.3824 0.7804 0.4946
vn -0.3824 0.6258 0.6798
vn -0.4988 0.4545 0.7379
vn -0.1303 0.0624 0.9895
vn -0.4347 -0.6260 -0.6474
vn -0.3441 -0.1225 -0.9309
vn -0.3133 -0.2663 -0.9115
vn -0.1294 -0.1294 -0.9831
vn -0.1303 -0.2083 -0.9694
vn -0.0597 -0.9935 0.0965
vn -0.0388 -0.9982 -0.0457
vn -0.0809 -0.9942 -0.0708
vn -0.0916 -0.9929 -0.0755
vn -0.0968 -0.9497 0.2979
vn -0.0929 -0.9506 0.2961
vn -0.0649 -0.9635 0.2596
vn 0.7102 -0.4560 -0.5363
vn 0.7307 -0.3606 -0.5797
vn -0.0009 1.0000 -0.0010
vn -0.0006 1.0000 -0.0009
vn 0.6409 -0.5866 -0.4951
vn 0.5798 -0.5806 -0.5716
vn 0.6991 -0.6995 -0.1481
vn 0.7471 -0.6522 -0.1285
vn 0.7876 -0.6114 -0.0766
vn 0.2834 -0.3012 -0.9105
vn 0.7272 -0.4971 -0.4734
vn 0.2886 -0.2374 -0.9276
vn 0.6380 -0.3588 -0.6813
vn 1.0000 0.0011 0.0003
vn 1.0000 0.0009 0.0002
vn 1.0000 0.0012 0.0002
vn 1.0000 0.0013 -0.0002
vn 0.2886 -0.2373 -0.9276
vn -0.0026 1.0000 -0.0024
vn -0.0943 -0.0170 -0.9954
vn -0.1266 -0.0178 -0.9918
vn 0.6550 0.7503 -0.0894
vn -0.5870 -0.8058 0.0787
vn -0.1326 -0.0339 -0.9906
vn -0.0943 -0.0169 -0.9954
vn 0.0000 -0.3899 0.9209
vn 0.0019 -0.0693 -0.9976
vn 0.5918 -0.4374 -0.6771
vn 0.2281 -0.2156 -0.9495
vn 0.7292 -0.5130 -0.4530
vn 0.8348 -0.5492 0.0398
vn 0.8030 -0.5099 0.3086
vn 0.5890 -0.3394 0.7334
vn 0.4067 -0.2082 0.8895
vn -0.0018 0.0693 0.9976
vn -0.2281 0.2156 0.9495
vn -0.5918 0.4375 0.6771
vn -0.7292 0.5130 0.4530
vn -0.8348 0.5492 -0.0398
vn -0.8030 0.5099 -0.3085
vn -0.5890 0.3394 -0.7334
vn -0.4067 0.2082 -0.8895
vn 0.0018 -0.0693 -0.9976
vn -0.9842 -0.1430 -0.1040
vn -0.9830 -0.1362 -0.1234
vn -0.9851 -0.1548 -0.0744
vn -0.0942 0.9639 0.2492
vn -0.1830 0.9819 0.0498
vn -0.1446 0.9507 0.2745
vn -0.9832 -0.1823 -0.0036
vn 0.0000 -0.9998 -0.0194
vn 0.0000 -0.9681 -0.2505
vn 0.9832 -0.1823 -0.0036
vn 0.9851 -0.1548 -0.0744
vn 0.9997 -0.0140 0.0204
vn 1.0000 -0.0007 0.0019
vn 0.0264 -0.9369 -0.3486
vn -0.0000 -0.7110 -0.7032
vn 0.0942 0.9639 0.2492
vn 0.1446 0.9507 0.2745
vn 0.1830 0.9819 0.0498
vn -0.9997 -0.0140 0.0204
vn -0.9990 -0.0158 0.0413
vn -0.9992 -0.0155 0.0362
vn -1.0000 -0.0007 0.0020
vn -0.0046 -0.9992 -0.0397
vn -1.0000 0.0000 0.0001
vn 0.9830 -0.1362 -0.1234
vn 0.0000 -0.7328 0.6804
vn -0.0000 -0.1719 0.9851
vn -0.0000 -0.1720 0.9851
vn -0.9987 -0.0125 0.0491
vn -0.9993 0.0151 0.0350
vn 0.0000 -0.9999 -0.0120
vn 0.0000 0.7805 -0.6252
vn 0.0000 -0.7111 -0.7031
vn -0.0000 -0.6481 0.7616
vn -0.0000 -0.9998 -0.0193
vn 0.0000 -0.9347 -0.3554
vn -0.0556 -0.9287 -0.3667
vn -0.0556 -0.9287 -0.3666
vn -0.1224 0.5998 0.7908
vn 0.0000 0.4824 0.8760
vn 0.0000 0.5933 0.8050
vn 0.1224 0.5998 0.7908
vn 0.1905 0.9607 -0.2019
vn 0.1322 0.9232 -0.3610
vn 0.0000 0.9700 -0.2430
vn 0.0000 0.9344 -0.3563
vn 0.0806 -0.6864 -0.7228
vn -0.0806 -0.6864 -0.7228
vn 0.0000 -0.7110 -0.7031
vn -0.4164 0.8826 -0.2182
vn -0.4160 0.9091 -0.0228
vn -0.1905 0.9607 -0.2019
vn -0.2404 0.8448 -0.4780
vn -0.1060 0.8141 -0.5710
vn -0.1566 0.7865 -0.5974
vn -0.0761 0.7878 -0.6112
vn -0.0000 1.0000 -0.0069
vn -0.3823 0.7434 -0.5488
vn -0.4160 0.8158 -0.4018
vn -0.4160 0.8158 -0.4017
vn -0.1734 0.7044 0.6883
vn -0.4160 0.6006 0.6828
vn -0.1915 0.5182 0.8335
vn -0.4158 0.4842 0.7699
vn -0.1422 0.3555 0.9238
vn -0.1916 0.5182 0.8335
vn -0.3007 0.3237 0.8971
vn -0.1446 0.9506 0.2745
vn -0.1830 0.9818 0.0498
vn -0.4164 0.8735 0.2523
vn -0.4164 0.8735 0.2522
vn -0.1527 0.8755 0.4585
vn -0.4160 0.7569 0.5040
vn -0.4161 0.7569 0.5040
vn -0.0000 0.9887 0.1497
vn -0.1421 0.3555 0.9238
vn 0.0000 0.2312 0.9729
vn -0.1385 0.1838 0.9732
vn -0.9838 -0.1790 -0.0077
vn -0.9832 -0.1824 -0.0035
vn -0.9832 -0.1823 -0.0035
vn -0.9833 -0.1822 -0.0035
vn -0.9833 -0.1822 -0.0036
vn -0.0000 0.7832 -0.6218
vn 0.0000 -0.6817 -0.7317
vn 0.0000 -0.6816 -0.7317
vn 0.9990 -0.0158 0.0413
vn 0.0006 -0.7320 0.6813
vn 0.0016 -0.9993 -0.0372
vn 0.9997 -0.0141 0.0204
vn -0.0871 0.7374 0.6698
vn -0.1322 0.9232 -0.3610
vn 0.9992 -0.0155 0.0362
vn 0.9987 -0.0125 0.0491
vn 0.9993 0.0151 0.0350
vn -0.0264 -0.9369 -0.3486
vn -0.0001 -0.7110 -0.7032
vn 0.0806 -0.6864 -0.7227
vn 0.1385 0.1838 0.9732
vn 0.1421 0.3555 0.9238
vn 0.9833 -0.1822 -0.0036
vn 0.9832 -0.1823 -0.0035
vn 0.9833 -0.1822 -0.0035
vn 0.1395 0.0835 0.9867
vn 0.0000 0.0242 0.9997
vn 0.1412 -0.1493 0.9787
vn 0.0000 -0.1497 0.9887
vn 0.4160 0.9091 -0.0228
vn 0.1830 0.9818 0.0498
vn 0.4164 0.8735 0.2523
vn 0.1446 0.9506 0.2745
vn 0.4158 0.4842 0.7699
vn 0.1916 0.5182 0.8335
vn 0.3007 0.3237 0.8971
vn 0.1422 0.3555 0.9238
vn 0.1527 0.8755 0.4585
vn 0.0873 0.8444 0.5285
vn 0.1385 0.1839 0.9731
vn 0.1734 0.7044 0.6883
vn 0.0871 0.7374 0.6698
vn 0.4164 0.8826 -0.2182
vn -0.9998 -0.0168 0.0130
vn -1.0000 -0.0007 0.0019
vn 0.1566 0.7865 -0.5974
vn 0.2403 0.8448 -0.4780
vn 0.3823 0.7434 -0.5488
vn 0.4160 0.8158 -0.4018
vn 0.4164 0.8735 0.2522
vn 0.4160 0.7569 0.5040
vn 0.4160 0.6006 0.6828
vn 0.1915 0.5182 0.8335
vn 0.9838 -0.1790 -0.0077
vn 0.9842 -0.1430 -0.1040
vn 0.0005 -0.6816 -0.7317
vn 0.0407 -0.6711 -0.7402
vn -0.0021 -0.9993 -0.0369
vn -0.0016 -0.9993 -0.0372
vn -0.9997 -0.0141 0.0204
vn 0.2404 0.8448 -0.4780
vn 0.1060 0.8141 -0.5710
vn 0.0761 0.7878 -0.6112
vn -0.0873 0.8444 0.5285
vn -0.1385 0.1839 0.9731
vn -0.1395 0.0835 0.9867
vn -0.1412 -0.1493 0.9787
vn 0.0021 -0.9993 -0.0369
vn 0.0046 -0.9992 -0.0397
vn 1.0000 0.0000 0.0001
vn 1.0000 -0.0007 0.0020
vn 0.9998 -0.0168 0.0130
vn -0.5849 0.7414 -0.3289
vn -0.5751 0.7872 -0.2227
vn -0.4608 0.7872 -0.4098
vn -0.6532 0.5640 0.5052
vn -0.7932 0.4540 0.4058
vn -0.6474 0.5145 0.5622
vn -0.0000 0.1671 -0.9859
vn 0.0000 0.3574 -0.9340
vn 0.0000 0.6077 -0.7941
vn 0.7101 0.6619 -0.2401
vn 0.5849 0.7414 -0.3289
vn 0.5751 0.7872 -0.2227
vn 0.4608 0.7872 -0.4098
vn -0.0027 -0.9874 0.1585
vn 0.0041 -0.9957 0.0923
vn 0.0002 -0.9874 0.1582
vn 0.0001 -0.9978 -0.0656
vn 0.0024 -0.6574 -0.7535
vn 0.0013 -0.6819 -0.7314
vn 0.0006 -0.9591 -0.2829
vn 0.0000 -0.9303 -0.3668
vn 0.0002 -0.4364 -0.8997
vn -0.0000 -0.3804 -0.9248
vn 0.0099 -0.9998 0.0148
vn 0.0042 -0.9957 0.0923
vn 0.0116 -0.9995 -0.0309
vn 0.0019 -0.9675 0.2529
vn 0.0009 -0.9978 0.0664
vn 0.7101 0.6620 -0.2401
vn 0.8257 0.5291 -0.1956
vn 0.7732 0.5697 -0.2785
vn 0.7887 0.5842 -0.1914
vn -0.6460 0.7604 -0.0666
vn -0.7101 0.6619 -0.2401
vn -0.8247 0.5624 -0.0604
vn -0.8257 0.5291 -0.1956
vn -0.8183 0.5108 0.2637
vn -0.6805 0.6571 0.3243
vn -0.8272 0.5442 0.1401
vn -0.6780 0.7213 0.1418
vn 0.6775 0.6382 -0.3658
vn 0.5849 0.7415 -0.3289
vn -0.5805 0.8069 0.1096
vn -0.6779 0.7213 0.1418
vn -0.5790 0.7515 0.3161
vn -0.6804 0.6571 0.3243
vn -0.5798 0.6352 0.5103
vn -0.6532 0.5640 0.5051
vn -0.5695 0.5430 0.6171
vn -0.6474 0.5145 0.5623
vn -0.9240 0.3748 0.0754
vn -0.9239 0.3809 -0.0371
vn -0.5849 0.7415 -0.3289
vn -0.7100 0.6620 -0.2401
vn -0.6775 0.6382 -0.3658
vn -0.0001 -0.9978 -0.0656
vn 0.0000 -0.9848 -0.1736
vn -0.0006 -0.9591 -0.2829
vn -0.0013 -0.6819 -0.7314
vn -0.0025 -0.6574 -0.7535
vn -0.0002 -0.4364 -0.8997
vn -0.0024 -0.6574 -0.7535
vn 0.5810 0.8108 -0.0711
vn 0.6460 0.7604 -0.0666
vn -0.5810 0.8108 -0.0711
vn -0.5805 0.8069 0.1095
vn 0.8247 0.5624 -0.0604
vn -0.8247 0.5624 -0.0603
vn 0.5805 0.8069 0.1096
vn 0.6780 0.7213 0.1418
vn 0.5790 0.7515 0.3161
vn 0.6804 0.6571 0.3243
vn 0.5798 0.6352 0.5103
vn 0.6532 0.5640 0.5052
vn 0.5695 0.5430 0.6171
vn 0.6474 0.5145 0.5623
vn 0.9239 0.3809 -0.0371
vn 0.9240 0.3748 0.0754
vn 0.8272 0.5442 0.1401
vn 0.8183 0.5108 0.2637
vn 0.6805 0.6571 0.3243
vn 0.7932 0.4540 0.4058
vn 0.6474 0.5145 0.5622
vn 0.0004 -0.9851 -0.1719
vn 0.8272 0.5441 0.1401
vn 0.6779 0.7213 0.1418
vn -0.5791 0.7515 0.3161
vn -0.6774 0.6382 -0.3658
vn -0.7732 0.5697 -0.2786
vn -0.7887 0.5842 -0.1914
vn 0.0027 -0.9874 0.1585
vn -0.0002 -0.9874 0.1582
vn -0.0041 -0.9957 0.0923
vn -0.0004 -0.9851 -0.1719
vn -0.0042 -0.9957 0.0923
vn -0.0116 -0.9995 -0.0309
vn -0.0099 -0.9998 0.0148
vn -0.0009 -0.9978 0.0664
vn -0.0019 -0.9675 0.2529
vn -0.0000 0.1672 -0.9859
vn -0.9999 -0.0150 -0.0065
vn -0.9997 -0.0237 -0.0068
vn -0.9997 -0.0233 -0.0101
vn 1.0000 0.0019 0.0012
vn 1.0000 0.0043 0.0030
vn -0.0000 0.9997 0.0250
vn 0.0000 0.9853 0.1707
vn -0.0000 0.7918 0.6108
vn 0.0000 0.5949 0.8038
vn -0.0000 0.2102 0.9777
vn 0.0000 -0.0158 0.9999
vn -0.0000 -0.9618 0.2737
vn 0.0000 -0.9838 0.1791
vn 0.0622 -0.9981 -0.0006
vn -0.0804 -0.9960 -0.0389
vn -0.0000 -0.5191 0.8547
vn 0.0000 -0.7207 0.6932
vn 0.1307 -0.5739 -0.8084
vn 0.1617 -0.7308 -0.6632
vn 0.0000 -0.5766 -0.8170
vn -0.0000 -0.7071 -0.7071
vn 1.0000 0.0064 0.0056
vn 1.0000 0.0058 0.0040
vn 0.0064 0.2437 -0.9698
vn 0.0056 0.2210 -0.9753
vn 0.0047 0.1950 -0.9808
vn 0.0543 -0.0154 -0.9984
vn 0.0403 -0.0486 -0.9980
vn 0.0279 -0.0780 -0.9966
vn 0.1834 -0.7380 -0.6494
vn 0.1979 -0.6961 -0.6901
vn 0.2104 -0.6561 -0.7248
vn -0.1617 -0.7308 -0.6632
vn -0.0000 -0.8839 -0.4677
vn 0.0000 -0.0000 1.0000
vn 0.0068 0.0068 1.0000
vn 0.0123 0.0123 0.9998
vn -0.1870 -0.8481 -0.4957
vn -0.1839 -0.9416 -0.2822
vn -0.0000 -0.9732 -0.2298
vn -0.1308 -0.3783 -0.9164
vn -0.1307 -0.5739 -0.8084
vn -0.2243 -0.7750 -0.5908
vn -0.0159 0.8280 0.5606
vn 0.0250 0.7728 0.6341
vn 0.0273 0.8305 0.5564
vn 0.2636 0.7168 0.6455
vn -0.0000 0.9727 -0.2322
vn 0.0000 0.9824 0.1868
vn -0.0000 0.9672 -0.2539
vn -0.0000 1.0000 0.0042
vn 0.2244 -0.9662 -0.1272
vn 0.1839 -0.9416 -0.2822
vn -0.0000 -0.9733 -0.2297
vn -0.0543 -0.0154 -0.9984
vn -0.0403 -0.0486 -0.9980
vn -0.0279 -0.0780 -0.9966
vn -0.2104 -0.6561 -0.7248
vn -0.1979 -0.6961 -0.6901
vn -0.1834 -0.7380 -0.6494
vn -1.0000 0.0019 0.0012
vn -0.0123 0.0123 0.9998
vn -0.0068 0.0068 1.0000
vn 0.0000 0.9673 -0.2538
vn 0.0000 0.9654 -0.2609
vn 0.0000 0.9727 -0.2323
vn 0.0000 0.9875 0.1575
vn -0.0000 0.5402 -0.8415
vn 0.0000 0.8554 0.5180
vn 0.8728 0.1422 -0.4669
vn 0.4736 0.3650 -0.8016
vn 0.8609 0.1950 -0.4700
vn -0.5290 0.3517 -0.7723
vn -0.9999 -0.0094 -0.0062
vn 0.0000 0.9987 -0.0515
vn -0.8609 0.1950 -0.4700
vn -0.8391 0.1585 -0.5204
vn 0.0000 0.9691 0.2466
vn -0.0000 0.8827 0.4700
vn -0.0000 -0.0085 1.0000
vn -0.0000 -0.0084 1.0000
vn -0.0000 -0.0540 -0.9985
vn 0.0000 -0.0541 -0.9985
vn 0.0000 -0.0543 -0.9985
vn -0.9999 0.0133 0.0047
vn -0.9999 0.0134 0.0047
vn -0.0000 -0.0083 1.0000
vn 0.1308 -0.3783 -0.9164
vn -0.0047 0.1950 -0.9808
vn -0.0056 0.2210 -0.9753
vn -0.0064 0.2437 -0.9698
vn 0.0000 0.9019 0.4319
vn 0.0000 0.8526 0.5226
vn 0.0274 0.8305 0.5564
vn -0.0000 0.9903 -0.1393
vn 0.0000 0.9902 -0.1393
vn -0.2636 0.7168 0.6455
vn -0.0538 0.7434 0.6667
vn 0.0250 0.7729 0.6341
vn 0.0000 0.5605 0.8282
vn 0.2243 -0.7750 -0.5908
vn 0.1870 -0.8481 -0.4957
vn -1.0000 0.0064 0.0056
vn -1.0000 0.0043 0.0030
vn -1.0000 0.0058 0.0040
vn -0.2244 -0.9662 -0.1272
vn 0.9997 0.0237 0.0068
vn 0.9999 0.0150 0.0065
vn 0.9997 0.0233 0.0101
vn 0.9999 0.0094 0.0062
vn 0.1674 -0.3459 -0.9232
vn 0.1086 -0.2809 -0.9536
vn 0.2277 -0.3589 -0.9052
vn 0.7239 -0.6724 0.1544
vn 0.7143 -0.6846 0.1450
vn 0.7065 -0.6916 0.1504
vn -0.6307 -0.3939 -0.6686
vn -0.6057 -0.6296 -0.4865
vn -0.6124 -0.5013 -0.6113
vn 0.2266 -0.2597 0.9387
vn 0.3233 -0.3389 0.8835
vn 0.3732 -0.2723 0.8869
vn -0.7179 -0.6820 -0.1396
vn -0.1138 0.3609 -0.9256
vn -0.1373 -0.0302 -0.9901
vn -0.2066 0.3050 -0.9297
vn -0.3192 0.0520 -0.9463
vn 0.0441 -0.3823 -0.9230
vn -0.1306 -0.3851 -0.9136
vn -0.2544 -0.5766 -0.7764
vn -0.3533 -0.6199 -0.7007
vn -0.6373 -0.6473 -0.4182
vn -0.3858 -0.1006 -0.9171
vn -0.3111 -0.3285 -0.8918
vn -0.6307 -0.3939 -0.6687
vn -0.0647 -0.0697 0.9955
vn -0.1961 -0.0143 0.9805
vn -0.2743 -0.1240 0.9536
vn -0.2899 -0.1222 0.9492
vn 0.5726 0.4298 -0.6981
vn 0.5774 0.4232 -0.6982
vn -0.7002 0.6902 -0.1825
vn -0.6059 0.7753 -0.1782
vn -0.6838 0.7094 -0.1708
vn -0.6246 0.7607 -0.1764
vn 0.4944 -0.0694 0.8665
vn 0.4106 0.0586 0.9099
vn 0.3102 -0.1370 0.9407
vn 0.1824 0.1171 0.9762
vn 0.7263 -0.6739 0.1353
vn 0.7023 -0.6920 0.1673
vn 0.7130 -0.6648 0.2227
vn 0.5498 -0.8038 0.2271
vn -0.7002 0.6902 -0.1824
vn -0.7118 0.6824 -0.1663
vn -0.7147 0.6817 -0.1563
vn -0.6057 -0.6296 -0.4864
vn -0.7414 -0.6325 -0.2244
vn -0.7166 -0.6766 -0.1695
vn 0.7592 -0.6470 -0.0705
vn 0.5148 -0.3852 -0.7659
vn 0.9449 0.3062 0.1157
vn 0.8623 0.4982 -0.0902
vn 0.8623 0.4983 -0.0903
vn 0.7419 0.6237 0.2461
vn 0.9836 -0.0062 0.1805
vn -0.4682 0.6214 -0.6282
vn -0.4688 0.6210 -0.6281
vn -0.4690 0.6203 -0.6287
vn -0.4697 0.6198 -0.6286
vn 0.7592 -0.6471 -0.0706
vn 0.8114 -0.5844 0.0043
vn 0.7027 -0.6975 0.1405
vn 0.7002 -0.7008 0.1364
vn -0.4686 0.6217 -0.6276
vn 0.2267 -0.2597 0.9387
vn 0.3732 -0.2722 0.8869
vn -0.6778 -0.7190 -0.1539
vn -0.6739 -0.7165 -0.1804
vn -0.4129 -0.5572 -0.7204
vn -0.4271 -0.5554 -0.7135
vn 0.7027 -0.6974 0.1405
vn 0.3103 -0.1370 0.9407
vn 0.0915 -0.0407 0.9950
vn -0.0399 0.2031 0.9783
vn -0.8395 -0.0450 -0.5416
vn -0.8498 -0.3468 -0.3969
vn -0.4697 0.6199 -0.6286
vn -0.0035 0.6470 0.7625
vn -0.2224 0.5236 0.8224
vn -0.0041 0.5709 0.8210
vn -0.0130 0.4710 0.8820
vn -0.2493 0.4376 0.8639
vn -0.0245 0.3378 0.9409
vn -0.2619 0.3108 0.9137
vn -0.1457 0.0923 0.9850
vn 0.0914 -0.0407 0.9950
vn -0.0041 0.5708 0.8211
vn 0.2278 0.6135 0.7561
vn -0.0036 0.6470 0.7625
vn 0.2330 0.6981 0.6770
vn 0.4310 0.6499 0.6261
vn 0.4032 0.7062 0.5820
vn 0.2530 0.4586 0.8519
vn 0.4733 0.4685 0.7460
vn 0.4310 0.6499 0.6260
vn 0.2380 0.2885 0.9274
vn 0.4668 0.2660 0.8434
vn 0.5709 0.1514 0.8069
vn 0.5952 0.3720 0.7123
vn 0.4733 0.4685 0.7459
vn 0.5660 0.5754 0.5903
vn 0.5206 0.6946 0.4965
vn -0.4032 0.3878 0.8289
vn -0.2620 0.3108 0.9137
vn -0.3090 0.2346 0.9217
vn -0.8395 -0.0450 -0.5415
vn -0.8499 -0.3468 -0.3968
vn -0.7179 -0.6820 -0.1395
vn 0.7735 -0.1268 -0.6210
vn 0.7834 -0.1539 -0.6021
vn 0.7734 -0.1269 -0.6211
vn 0.7922 -0.1797 -0.5832
vn 0.8023 -0.2347 -0.5488
vn 0.8039 -0.2643 -0.5329
vn 0.7994 -0.3248 -0.5055
vn 0.7934 -0.3558 -0.4939
vn 0.7744 -0.4169 -0.4760
vn 0.7613 -0.4472 -0.4695
vn 0.7296 -0.5040 -0.4622
vn 0.7108 -0.5311 -0.4612
vn 0.6912 -0.5576 -0.4598
vn 0.6913 -0.5576 -0.4596
vn -0.4919 -0.3703 0.7880
vn -0.6209 -0.5451 0.5634
vn 0.5773 0.4232 -0.6983
vn 0.2292 0.0194 -0.9732
vn 0.0425 -0.1602 -0.9862
vn -0.3532 -0.6199 -0.7007
vn -0.6058 -0.6296 -0.4865
vn -0.6942 0.7056 -0.1419
vn -0.7309 0.6643 -0.1564
vn -0.7219 0.6754 -0.1504
vn 0.7118 0.6824 -0.1663
vn 0.7309 0.6643 -0.1564
vn 0.7147 0.6817 -0.1563
vn 0.6372 -0.6473 -0.4182
vn 0.3532 -0.6199 -0.7007
vn 0.6057 -0.6296 -0.4865
vn 0.3192 0.0519 -0.9463
vn -0.5148 -0.3852 -0.7659
vn 0.3858 -0.1007 -0.9171
vn 0.1961 -0.0143 0.9805
vn 0.3090 0.2346 0.9217
vn 0.1457 0.0923 0.9850
vn 0.7179 -0.6820 -0.1395
vn 0.7179 -0.6820 -0.1396
vn 0.8499 -0.3468 -0.3968
vn -0.5952 0.3720 0.7123
vn -0.4733 0.4685 0.7459
vn -0.5660 0.5754 0.5903
vn -0.4310 0.6499 0.6260
vn 0.3192 0.0520 -0.9463
vn 0.1373 -0.0302 -0.9901
vn 0.2065 0.3050 -0.9297
vn 0.1138 0.3609 -0.9256
vn 0.8395 -0.0450 -0.5415
vn 0.4686 0.6217 -0.6276
vn 0.8394 -0.0450 -0.5416
vn 0.4688 0.6210 -0.6281
vn -0.7735 -0.1268 -0.6210
vn -0.7734 -0.1269 -0.6211
vn -0.7834 -0.1540 -0.6021
vn -0.7922 -0.1797 -0.5832
vn 0.4697 0.6199 -0.6286
vn -0.8023 -0.2347 -0.5488
vn -0.8039 -0.2642 -0.5329
vn -0.8039 -0.2643 -0.5329
vn -0.7994 -0.3247 -0.5055
vn -0.7934 -0.3558 -0.4939
vn -0.7994 -0.3248 -0.5055
vn -0.7744 -0.4169 -0.4760
vn -0.7613 -0.4472 -0.4695
vn -0.7743 -0.4170 -0.4760
vn -0.7297 -0.5040 -0.4622
vn -0.7108 -0.5311 -0.4612
vn -0.7296 -0.5040 -0.4622
vn -0.6912 -0.5576 -0.4598
vn -0.6913 -0.5576 -0.4596
vn -0.5709 0.1514 0.8069
vn -0.4668 0.2660 0.8434
vn -0.4733 0.4685 0.7460
vn -0.4944 -0.0694 0.8665
vn -0.4106 0.0586 0.9099
vn -0.5774 0.4232 -0.6982
vn -0.5726 0.4298 -0.6981
vn -0.1086 -0.2809 -0.9536
vn 0.7002 0.6902 -0.1824
vn 0.6838 0.7094 -0.1708
vn 0.6059 0.7753 -0.1782
vn 0.6246 0.7607 -0.1764
vn 0.4271 -0.5555 -0.7135
vn 0.6739 -0.7165 -0.1804
vn 0.4129 -0.5572 -0.7204
vn 0.6778 -0.7190 -0.1539
vn -0.2292 0.0194 -0.9732
vn -0.0425 -0.1602 -0.9862
vn 0.4919 -0.3703 0.7880
vn 0.6209 -0.5451 0.5634
vn 0.1306 -0.3851 -0.9136
vn 0.3111 -0.3285 -0.8918
vn 0.6058 -0.6296 -0.4865
vn 0.7165 -0.6767 -0.1694
vn 0.6373 -0.6473 -0.4182
vn 0.7414 -0.6324 -0.2244
vn -0.8623 0.4982 -0.0902
vn -0.9449 0.3061 0.1157
vn -0.7592 -0.6470 -0.0705
vn -0.9836 -0.0062 0.1805
vn -0.7419 0.6237 0.2461
vn -0.9449 0.3062 0.1156
vn 0.4690 0.6203 -0.6287
vn 0.4681 0.6213 -0.6284
vn -0.8115 -0.5844 0.0043
vn -0.7592 -0.6471 -0.0706
vn -0.9449 0.3062 0.1157
vn 0.7309 0.6644 -0.1564
vn 0.7219 0.6754 -0.1504
vn 0.6942 0.7056 -0.1419
vn -0.5661 0.5754 0.5903
vn -0.5206 0.6946 0.4965
vn -0.4032 0.7062 0.5820
vn 0.0647 -0.0698 0.9955
vn -0.0915 -0.0407 0.9950
vn -0.2267 -0.2597 0.9387
vn -0.3102 -0.1370 0.9407
vn 0.0245 0.3378 0.9409
vn 0.2493 0.4376 0.8639
vn 0.0130 0.4710 0.8820
vn 0.2225 0.5236 0.8224
vn -0.5773 0.4232 -0.6983
vn 0.2899 -0.1222 0.9492
vn 0.2743 -0.1240 0.9536
vn 0.0131 0.4710 0.8820
vn 0.0041 0.5709 0.8210
vn 0.0035 0.6470 0.7625
vn -0.3732 -0.2722 0.8869
vn -0.2266 -0.2597 0.9387
vn -0.3233 -0.3389 0.8835
vn 0.4032 0.3878 0.8289
vn 0.2620 0.3108 0.9137
vn 0.0399 0.2031 0.9783
vn -0.1824 0.1171 0.9762
vn 0.0647 -0.0697 0.9955
vn -0.2330 0.6981 0.6770
vn -0.2278 0.6135 0.7561
vn 0.0036 0.6470 0.7625
vn -0.2530 0.4586 0.8519
vn -0.2380 0.2885 0.9274
vn -0.2329 0.6981 0.6770
vn -0.2381 0.2885 0.9274
vn 0.2224 0.5236 0.8224
vn -0.1674 -0.3459 -0.9232
vn -0.0441 -0.3823 -0.9230
vn -0.2277 -0.3589 -0.9052
vn 0.2544 -0.5766 -0.7764
vn 0.3858 -0.1006 -0.9171
vn 0.6307 -0.3939 -0.6686
vn 0.6124 -0.5013 -0.6113
vn -0.5498 -0.8038 0.2271
vn -0.7023 -0.6920 0.1673
vn -0.7130 -0.6648 0.2227
vn -0.7263 -0.6739 0.1353
vn -0.7002 -0.7008 0.1364
vn -0.7027 -0.6975 0.1405
vn -0.7143 -0.6846 0.1450
vn -0.7065 -0.6916 0.1504
vn -0.7239 -0.6724 0.1544
vn 0.9359 0.1260 -0.3290
vn 0.9962 0.0548 -0.0677
vn 0.9298 0.1036 -0.3531
vn 0.9253 0.1145 -0.3615
vn 0.0013 0.9906 0.1370
vn 0.0020 0.9897 0.1430
vn 0.1440 -0.2629 0.9540
vn 0.0019 0.9897 0.1429
vn -0.0000 0.8852 0.4652
vn 0.0353 0.9321 0.3605
vn 0.0000 0.9829 0.1840
vn -0.0006 0.9955 0.0943
vn -0.0000 1.0000 -0.0095
vn -0.0134 0.9999 -0.0101
vn 0.0547 0.8087 0.5857
vn -0.0321 0.3035 -0.9523
vn 0.0019 0.9897 0.1430
vn -0.0000 0.8031 0.5958
vn 0.0000 -0.2741 0.9617
vn 0.1337 -0.3325 0.9336
vn -0.0000 -0.3922 0.9199
vn 0.1081 -0.5271 0.8429
vn 0.0000 -0.5326 0.8464
vn 0.1015 -0.7210 -0.6855
vn -0.0000 -0.7249 -0.6888
vn 0.0275 -0.1856 -0.9822
vn 0.0000 -0.0835 -0.9965
vn 0.0275 -0.1855 -0.9823
vn -0.0000 -0.0834 -0.9965
vn 0.0174 0.0133 -0.9998
vn 0.0000 0.0112 -0.9999
vn 0.9962 0.0755 -0.0436
vn 0.9899 0.1141 -0.0843
vn 1.0000 -0.0021 0.0011
vn 1.0000 -0.0026 0.0004
vn 0.9960 0.0798 -0.0390
vn 1.0000 -0.0059 -0.0026
vn 0.9962 0.0754 -0.0436
vn -0.0245 0.0217 -0.9995
vn -0.0000 0.0207 -0.9998
vn -0.0174 0.0133 -0.9998
vn -0.0013 0.9906 0.1370
vn -0.0547 0.8087 0.5857
vn -0.9253 0.1145 -0.3615
vn -0.9962 0.0548 -0.0677
vn -0.9298 0.1036 -0.3531
vn -0.9359 0.1260 -0.3290
vn 0.0020 0.9897 0.1429
vn -0.1440 -0.2629 0.9540
vn -0.0353 0.9321 0.3605
vn -0.1162 -0.7193 0.6849
vn -0.0000 -0.6510 0.7591
vn -0.1081 -0.5271 0.8429
vn -0.1360 -0.9895 -0.0483
vn -0.0000 -0.9500 0.3122
vn 0.0000 -0.6509 0.7591
vn -0.1015 -0.7210 -0.6855
vn -0.9962 0.0755 -0.0436
vn -0.9899 0.1141 -0.0843
vn -1.0000 -0.0059 -0.0026
vn -1.0000 -0.0026 0.0004
vn -0.9960 0.0798 -0.0390
vn -1.0000 -0.0021 0.0011
vn -0.9962 0.0754 -0.0436
vn 0.0245 0.0217 -0.9995
vn 0.0006 0.9955 0.0943
vn 0.0134 0.9999 -0.0101
vn -0.1337 -0.3325 0.9336
vn -0.0275 -0.1855 -0.9823
vn 0.1360 -0.9895 -0.0483
vn 0.1162 -0.7193 0.6849
vn -0.0000 -0.2886 0.9575
vn 0.9992 -0.0389 0.0041
vn 0.9998 -0.0187 0.0032
vn 0.9996 -0.0265 0.0047
vn -0.0105 0.9925 0.1216
vn -0.0288 0.9734 0.2274
vn -0.0000 0.9843 -0.1766
vn -0.0006 -0.7575 -0.6529
vn -0.0291 -0.1455 -0.9889
vn -0.0009 -0.6242 -0.7813
vn -0.0025 0.0890 -0.9960
vn 0.0000 0.1403 -0.9901
vn 0.9997 0.0035 -0.0246
vn 0.9997 0.0034 -0.0246
vn -1.0000 -0.0034 -0.0045
vn -1.0000 0.0009 -0.0064
vn 0.0000 -0.9448 0.3277
vn 0.0007 -0.7576 -0.6527
vn -0.0000 -0.8379 -0.5458
vn -0.0089 0.2404 0.9706
vn -0.0042 0.0442 0.9990
vn -0.0000 0.2219 0.9751
vn 0.0187 -0.7247 0.6888
vn -0.0212 -0.9804 -0.1958
vn -0.0714 0.6294 -0.7738
vn 0.0000 -0.1232 0.9924
vn 0.0000 -0.3510 0.9364
vn 0.0000 0.4530 -0.8915
vn 0.0000 0.7431 -0.6692
vn -0.0106 0.9925 0.1216
vn 0.0008 -0.9545 -0.2983
vn 0.0134 -0.7917 -0.6108
vn -0.0042 0.0441 0.9990
vn -1.0000 -0.0035 -0.0046
vn 0.9629 -0.2009 -0.1802
vn 0.9984 0.0279 -0.0497
vn 0.9947 0.0518 -0.0883
vn 0.9961 0.0474 -0.0742
vn -0.0000 0.0792 -0.9969
vn 0.0000 -0.9969 -0.0792
vn 0.0000 -0.5347 -0.8451
vn 0.0000 -0.8451 0.5347
vn -0.0000 -0.9969 -0.0793
vn 0.0000 -0.0792 0.9969
vn 0.0000 -0.8451 0.5346
vn 0.0000 0.5347 0.8451
vn 0.0000 0.9969 0.0792
vn 0.0000 0.8451 -0.5347
vn -0.0000 0.9969 0.0793
vn 0.0000 0.8451 -0.5346
vn 0.0000 0.4183 0.9083
vn 0.0000 0.8428 -0.5382
vn 0.0000 0.9712 -0.2382
vn 0.0000 -0.2535 0.9673
vn -0.0000 0.9823 0.1875
vn 0.0019 -0.6333 -0.7739
vn -0.0010 -0.6307 -0.7761
vn 0.0152 -0.7917 -0.6107
vn 0.0018 0.2405 0.9707
vn -0.0126 -0.1232 0.9923
vn 0.0000 -0.3509 0.9364
vn 0.0000 0.9587 0.2844
vn -0.0089 0.2403 0.9707
vn -0.0117 0.9458 0.3246
vn 0.9996 -0.0265 0.0046
vn 1.0000 -0.0082 0.0028
vn -0.0714 0.6293 -0.7738
vn -0.0996 0.6244 -0.7747
vn -0.1279 0.6189 -0.7750
vn 0.9991 0.0206 -0.0378
vn 0.0018 -0.6333 -0.7739
vn 0.0135 -0.7917 -0.6107
vn 0.0008 -0.7576 -0.6528
vn 0.0000 0.7430 -0.6693
vn -0.0001 0.4530 -0.8915
vn -0.0292 -0.1455 -0.9889
vn -0.0014 0.1867 -0.9824
vn -0.0117 0.9458 0.3247
vn 0.0021 0.9926 0.1213
vn -0.0289 0.9734 0.2274
vn 0.0007 0.9696 0.2447
vn 0.9998 0.0035 -0.0184
vn 0.9999 0.0067 -0.0085
vn 1.0000 0.0050 -0.0085
vn 1.0000 0.0073 -0.0067
vn 0.9997 0.0209 -0.0079
usemtl mat0.488
s 1
f 9/15/7 10/16/8 11/17/8
f 12/18/9 13/19/9 14/20/9
f 15/21/10 16/22/11 17/23/12
f 18/24/8 19/25/13 20/26/13
f 21/27/14 22/28/15 23/29/16
f 24/30/17 25/31/17 26/32/17
f 27/33/18 28/34/19 29/35/19
f 30/36/20 31/37/21 32/38/22
f 33/39/23 34/40/23 35/41/23
f 36/42/24 37/43/25 38/44/10
f 39/45/26 40/46/27 41/47/28
f 42/48/29 43/49/30 44/50/31
f 45/51/32 46/52/33 47/53/34
f 48/54/35 49/55/8 50/56/8
f 51/57/36 52/58/37 53/59/38
f 54/60/23 55/61/23 56/62/23
f 57/63/39 58/64/40 59/65/41
f 60/66/42 61/67/43 62/68/44
f 63/69/45 64/70/45 65/71/45
f 66/72/46 67/73/47 68/74/48
f 69/75/49 70/76/50 71/77/51
f 72/78/52 73/79/53 74/80/54
f 75/81/8 76/82/55 77/83/56
f 78/84/52 79/85/52 80/86/52
f 81/87/57 82/88/19 83/89/19
f 84/90/58 85/91/59 86/92/59
f 87/93/60 88/94/60 89/95/58
f 90/96/61 91/97/62 92/98/63
f 93/99/64 94/100/65 95/101/66
f 96/102/67 97/103/68 98/104/69
f 99/105/70 100/106/71 101/107/72
f 102/108/23 103/109/23 104/110/23
f 104/110/23 103/109/23 105/111/23
f 106/112/73 107/113/74 108/114/75
f 108/114/75 107/113/74 109/115/76
f 110/116/77 111/117/63 112/118/78
f 112/118/78 111/117/63 113/119/79
f 114/120/80 115/121/81 116/122/82
f 116/122/82 115/121/81 117/123/83
f 118/124/84 119/125/85 120/126/86
f 120/126/86 119/125/85 121/127/32
f 122/128/87 123/129/59 124/130/88
f 124/130/88 123/129/59 125/131/59
f 126/132/89 127/133/89 128/134/89
f 128/134/89 127/133/89 129/135/89
f 130/136/32 131/137/85 132/138/90
f 132/138/90 131/137/85 133/139/91
f 134/140/92 135/141/93 136/142/94
f 136/142/94 135/141/93 137/143/93
f 138/144/95 139/145/35 140/146/8
f 140/146/8 139/145/35 141/147/8
f 142/148/50 143/149/96 144/150/97
f 144/150/97 143/149/96 145/151/98
f 146/152/35 147/153/95 148/154/99
f 148/154/99 147/153/95 149/155/96
f 150/156/100 151/157/58 152/158/101
f 152/158/101 151/157/58 153/159/60
f 154/160/102 155/161/103 156/162/104
f 156/162/104 155/161/103 157/163/105
f 158/164/106 159/165/107 160/166/108
f 160/166/108 159/165/107 161/167/109
f 162/168/110 163/169/111 164/170/111
f 164/170/111 163/169/111 165/171/110
f 166/172/112 167/173/111 168/174/110
f 168/174/110 167/173/111 169/175/110
f 170/176/113 171/177/114 172/178/44
f 172/178/44 171/177/114 173/179/115
f 174/180/94 175/181/116 176/182/94
f 176/182/94 175/181/116 177/183/113
f 178/184/9 179/185/117 180/186/118
f 180/186/118 179/185/117 181/187/119
f 182/188/70 183/189/120 184/190/121
f 184/190/121 183/189/120 185/191/122
f 186/192/123 187/193/124 188/194/125
f 188/194/125 187/193/124 189/195/59
f 190/196/59 191/197/126 192/198/59
f 192/198/59 191/197/126 193/199/126
f 194/200/59 195/201/59 196/202/59
f 196/202/59 195/201/59 197/203/59
f 198/204/59 199/205/59 200/206/59
f 200/206/59 199/205/59 201/207/59
f 202/208/127 203/209/59 204/210/128
f 204/210/128 203/209/59 205/211/59
f 206/212/129 207/213/130 208/214/131
f 208/214/131 207/213/130 209/215/132
f 210/216/133 211/217/134 212/218/112
f 212/218/112 211/217/134 213/219/111
f 214/220/135 215/221/136 216/222/137
f 216/222/137 215/221/136 217/223/138
f 218/224/139 219/225/140 220/226/141
f 220/226/141 219/225/140 221/227/101
f 222/228/142 223/229/143 224/230/144
f 224/230/144 223/229/143 225/231/145
f 226/232/146 227/233/147 228/234/148
f 228/234/148 227/233/147 229/235/149
f 230/236/59 231/237/150 232/238/151
f 232/238/151 231/237/150 233/239/152
f 234/240/60 235/241/101 236/242/101
f 236/242/101 235/241/101 237/243/100
f 238/244/110 239/245/151 240/246/110
f 240/246/110 239/245/151 241/247/110
f 242/248/100 243/249/100 244/250/100
f 244/250/100 243/249/100 245/251/100
f 246/252/60 247/253/60 248/254/153
f 248/254/153 247/253/60 249/255/154
f 250/256/93 251/257/93 252/258/45
f 252/258/45 251/257/93 253/259/93
f 254/260/56 255/261/155 256/262/156
f 256/262/156 255/261/155 257/263/156
f 258/264/157 259/265/156 260/266/52
f 260/266/52 259/265/156 261/267/52
f 262/268/158 263/269/159 264/270/160
f 264/270/160 263/269/159 265/271/161
f 266/272/162 267/273/161 268/274/163
f 268/274/163 267/273/161 269/275/163
f 270/276/159 271/277/164 272/278/165
f 272/278/165 271/277/164 273/279/166
f 274/280/167 275/281/165 276/282/168
f 276/282/168 275/281/165 277/283/169
f 278/284/39 279/285/41 280/286/168
f 280/286/168 279/285/41 281/287/170
f 282/288/23 283/289/23 284/290/23
f 284/290/23 283/289/23 285/291/23
f 286/292/23 287/293/23 288/294/23
f 288/294/23 287/293/23 289/295/23
f 290/296/8 291/297/8 292/298/8
f 292/298/8 291/297/8 293/299/8
f 294/300/9 295/301/171 296/302/171
f 296/302/171 295/301/171 297/303/172
f 298/304/173 299/305/174 300/306/173
f 300/306/173 299/305/174 301/307/41
f 302/308/175 303/309/176 304/310/177
f 304/310/177 303/309/176 305/311/178
f 306/312/177 307/313/178 308/314/179
f 308/314/179 307/313/178 309/315/180
f 310/316/181 311/317/180 312/318/182
f 312/318/182 311/317/180 313/319/183
f 314/320/182 315/321/184 316/322/185
f 316/322/185 315/321/184 317/323/186
f 318/324/185 319/325/187 320/326/188
f 320/326/188 319/325/187 321/327/189
f 322/328/188 323/329/189 324/330/190
f 324/330/190 323/329/189 325/331/191
f 326/332/190 327/333/191 328/334/192
f 328/334/192 327/333/191 329/335/193
f 330/336/192 331/337/194 332/338/195
f 332/338/195 331/337/194 333/339/176
f 334/340/196 335/341/197 336/342/198
f 336/342/198 335/341/197 337/343/199
f 338/344/200 339/345/105 340/346/151
f 340/346/151 339/345/105 341/347/201
f 342/348/23 343/349/23 344/350/23
f 344/350/23 343/349/23 345/351/23
f 346/352/117 347/353/18 348/354/202
f 348/354/202 347/353/18 349/355/203
f 350/356/203 351/357/18 352/358/204
f 352/358/204 351/357/18 353/359/59
f 354/360/205 355/361/206 356/362/207
f 356/362/207 355/361/206 357/363/208
f 358/364/209 359/365/210 360/366/211
f 360/366/211 359/365/210 361/367/208
f 362/368/212 363/369/213 364/370/214
f 364/370/214 363/369/213 365/371/209
f 366/372/215 367/373/216 368/374/212
f 368/374/212 367/373/216 369/375/213
f 370/376/205 371/377/217 372/378/206
f 372/378/206 371/377/217 373/379/212
f 374/380/218 375/381/219 376/382/220
f 376/382/220 375/381/219 377/383/221
f 378/384/222 379/385/223 380/386/220
f 380/386/220 379/385/223 381/387/218
f 382/388/224 383/389/225 384/390/38
f 384/390/38 383/389/225 385/391/226
f 386/392/29 387/393/31 388/394/227
f 388/394/227 387/393/31 389/395/228
f 390/396/229 391/397/230 392/398/231
f 392/398/231 391/397/230 393/399/232
f 394/400/233 395/401/234 396/402/235
f 396/402/235 395/401/234 397/403/236
f 398/404/237 399/405/238 400/406/29
f 400/406/29 399/405/238 401/407/30
f 402/408/239 403/409/240 404/410/20
f 404/410/20 403/409/240 405/411/21
f 406/412/12 407/413/241 408/414/242
f 408/414/242 407/413/241 409/415/243
f 410/416/244 411/417/245 412/418/246
f 412/418/246 411/417/245 413/419/247
f 414/420/248 415/421/249 416/422/250
f 416/422/250 415/421/249 417/423/251
f 418/424/22 419/425/21 420/426/252
f 420/426/252 419/425/21 421/427/253
f 422/428/254 423/429/253 424/430/240
f 424/430/240 423/429/253 425/431/21
f 426/432/12 427/433/255 428/434/10
f 428/434/10 427/433/255 429/435/256
f 430/436/242 431/437/257 432/438/12
f 432/438/12 431/437/257 433/439/255
f 434/440/245 435/441/258 436/442/242
f 436/442/242 435/441/258 437/443/257
f 438/444/259 439/445/260 440/446/261
f 440/446/261 439/445/260 441/447/258
f 442/448/249 443/449/262 444/450/259
f 444/450/259 443/449/262 445/451/260
f 446/452/263 447/453/264 448/454/249
f 448/454/249 447/453/264 449/455/262
f 450/456/265 451/457/266 452/458/263
f 452/458/263 451/457/266 453/459/264
f 454/460/267 455/461/268 456/462/265
f 456/462/265 455/461/268 457/463/266
f 458/464/269 459/465/270 460/466/267
f 460/466/267 459/465/270 461/467/268
f 462/468/270 463/469/269 464/470/271
f 464/470/271 463/469/269 465/471/272
f 466/472/273 467/473/274 468/474/245
f 468/474/245 467/473/274 469/475/275
f 470/476/244 471/477/246 472/478/249
f 472/478/249 471/477/246 473/479/251
f 474/480/248 475/481/250 476/482/265
f 476/482/265 475/481/250 477/483/276
f 478/484/277 479/485/278 480/486/279
f 480/486/279 479/485/278 481/487/280
f 482/488/281 483/489/282 484/490/283
f 484/490/283 483/489/282 485/491/280
f 486/492/9 487/493/9 488/494/9
f 488/494/9 487/493/9 489/495/9
f 490/496/284 491/497/285 492/498/286
f 492/498/286 491/497/285 493/499/287
f 494/500/288 495/501/22 496/502/289
f 496/502/289 495/501/22 497/503/290
f 498/504/59 499/505/59 500/506/291
f 500/506/291 499/505/59 501/507/292
f 502/508/293 503/509/293 504/510/293
f 504/510/293 503/509/293 505/511/293
f 506/512/91 507/513/294 508/514/90
f 508/514/90 507/513/294 509/515/10
f 510/516/295 511/517/295 512/518/296
f 512/518/296 511/517/295 513/519/296
f 514/520/297 515/521/298 516/522/299
f 516/522/299 515/521/298 517/523/300
f 518/524/301 519/525/302 520/526/303
f 520/526/303 519/525/302 521/527/304
f 522/528/305 523/529/306 524/530/305
f 524/530/305 523/529/306 525/531/307
f 526/532/308 527/533/309 528/534/310
f 528/534/310 527/533/309 529/535/309
f 530/536/309 531/537/310 532/538/310
f 532/538/310 531/537/310 533/539/309
f 534/540/311 535/541/312 536/542/296
f 536/542/296 535/541/312 537/543/313
f 538/544/314 539/545/306 540/546/315
f 540/546/315 539/545/306 541/547/315
f 542/548/306 543/549/314 544/550/316
f 544/550/316 543/549/314 545/551/59
f 546/552/317 547/553/117 548/554/318
f 548/554/318 547/553/117 549/555/23
f 550/556/23 551/557/23 552/558/23
f 552/558/23 551/557/23 553/559/23
f 554/560/319 555/561/272 556/562/320
f 556/562/320 555/561/272 557/563/269
f 558/564/59 559/565/321 560/566/125
f 560/566/125 559/565/321 561/567/322
f 562/568/323 563/569/323 564/570/59
f 564/570/59 563/569/323 565/571/59
f 566/572/59 567/573/59 568/574/59
f 568/574/59 567/573/59 569/575/59
f 570/576/59 571/577/59 572/578/59
f 572/578/59 571/577/59 573/579/59
f 574/580/59 575/581/59 576/582/324
f 576/582/324 575/581/59 577/583/325
f 578/584/132 579/585/326 580/586/131
f 580/586/131 579/585/326 581/587/327
f 582/588/310 583/589/328 584/590/308
f 584/590/308 583/589/328 585/591/329
f 586/592/138 587/593/330 588/594/137
f 588/594/137 587/593/330 589/595/331
f 590/596/23 591/597/140 592/598/141
f 592/598/141 591/597/140 593/599/139
f 594/600/145 595/601/332 596/602/144
f 596/602/144 595/601/332 597/603/333
f 598/604/149 599/605/147 600/606/334
f 600/606/334 599/605/147 601/607/146
f 602/608/305 603/609/305 604/610/305
f 604/610/305 603/609/305 605/611/315
f 606/612/309 607/613/335 608/614/309
f 608/614/309 607/613/335 609/615/309
f 610/616/305 611/617/305 612/618/305
f 612/618/305 611/617/305 613/619/305
f 614/620/336 615/621/337 616/622/338
f 616/622/338 615/621/337 617/623/339
f 618/624/295 619/625/295 620/626/17
f 620/626/17 619/625/295 621/627/295
f 622/628/340 623/629/155 624/630/341
f 624/630/341 623/629/155 625/631/342
f 626/632/343 627/633/344 628/634/345
f 628/634/345 627/633/344 629/635/346
f 630/636/299 631/637/300 632/638/304
f 632/638/304 631/637/300 633/639/303
f 634/640/347 635/641/348 636/642/349
f 636/642/349 635/641/348 637/643/350
f 638/644/349 639/645/351 640/646/352
f 640/646/352 639/645/351 641/647/40
f 642/648/9 643/649/9 644/650/9
f 644/650/9 643/649/9 645/651/9
f 646/652/8 647/653/8 648/654/8
f 648/654/8 647/653/8 649/655/8
f 650/656/353 651/657/354 652/658/354
f 652/658/354 651/657/354 653/659/23
f 654/660/351 655/661/355 656/662/173
f 656/662/173 655/661/355 657/663/173
f 658/664/356 659/665/23 660/666/23
f 660/666/23 659/665/23 661/667/23
f 662/668/357 663/669/358 664/670/356
f 664/670/356 663/669/358 665/671/23
f 666/672/359 667/673/360 668/674/361
f 668/674/361 667/673/360 669/675/362
f 670/676/363 671/677/297 672/678/335
f 672/678/335 671/677/297 673/679/364
f 674/680/9 675/681/9 676/682/9
f 676/682/9 675/681/9 677/683/9
f 678/684/9 679/685/9 680/686/9
f 680/686/9 679/685/9 681/687/9
f 682/688/203 683/689/18 684/690/202
f 684/690/202 683/689/18 685/691/117
f 686/692/59 687/693/18 688/694/204
f 688/694/204 687/693/18 689/695/203
f 690/696/365 691/697/366 692/698/234
f 692/698/234 691/697/366 693/699/236
f 694/700/367 695/701/121 696/702/368
f 696/702/368 695/701/121 697/703/369
f 698/704/370 699/705/371 700/706/372
f 700/706/372 699/705/371 701/707/373
f 702/708/374 703/709/375 704/710/367
f 704/710/367 703/709/375 705/711/121
f 706/712/376 707/713/377 708/714/378
f 708/714/378 707/713/377 709/715/82
f 710/716/120 711/717/70 712/718/271
f 712/718/271 711/717/70 713/719/270
f 714/720/377 715/721/376 716/722/379
f 716/722/379 715/721/376 717/723/380
f 718/724/381 719/725/382 720/726/371
f 720/726/371 719/725/382 721/727/373
f 722/728/229 723/729/231 724/730/383
f 724/730/383 723/729/231 725/731/72
f 726/732/370 727/733/372 728/734/230
f 728/734/230 727/733/372 729/735/232
f 730/736/198 731/737/384 732/738/196
f 732/738/196 731/737/384 733/739/385
f 734/740/386 735/741/387 736/742/388
f 736/742/388 735/741/387 737/743/83
f 738/744/196 739/745/389 740/746/386
f 740/746/386 739/745/389 741/747/390
f 742/748/391 743/749/392 744/750/393
f 744/750/393 743/749/392 745/751/394
f 746/752/395 747/753/375 748/754/396
f 748/754/396 747/753/375 749/755/374
f 750/756/397 751/757/398 752/758/399
f 752/758/399 751/757/398 753/759/395
f 754/760/400 755/761/401 756/762/402
f 756/762/402 755/761/401 757/763/73
f 758/764/403 759/765/404 760/766/386
f 760/766/386 759/765/404 761/767/405
f 762/768/386 763/769/405 764/770/196
f 764/770/196 763/769/405 765/771/406
f 766/772/407 767/773/408 768/774/409
f 768/774/409 767/773/408 769/775/65
f 770/776/410 771/777/411 772/778/75
f 772/778/75 771/777/411 773/779/412
f 774/780/66 775/781/413 776/782/414
f 776/782/414 775/781/413 777/783/408
f 778/784/415 779/785/416 780/786/417
f 780/786/417 779/785/416 781/787/418
f 782/788/419 783/789/420 784/790/421
f 784/790/421 783/789/420 785/791/422
f 786/792/67 787/793/423 788/794/424
f 788/794/424 787/793/423 789/795/74
f 790/796/425 791/797/426 792/798/427
f 792/798/427 791/797/426 793/799/428
f 794/800/413 795/801/426 796/802/409
f 796/802/409 795/801/426 797/803/420
f 798/804/420 799/805/426 800/806/68
f 800/806/68 799/805/426 801/807/425
f 802/808/429 803/809/430 804/810/25
f 804/810/25 803/809/430 805/811/284
f 806/812/361 807/813/431 808/814/359
f 808/814/359 807/813/431 809/815/432
f 810/816/428 811/817/433 812/818/434
f 812/818/434 811/817/433 813/819/415
f 814/820/217 815/821/435 816/822/221
f 816/822/221 815/821/435 817/823/220
f 815/821/435 818/824/436 817/823/220
f 817/823/220 818/824/436 819/825/222
f 820/826/427 821/827/428 822/828/437
f 822/828/437 821/827/428 823/829/438
f 821/827/428 824/830/434 823/829/438
f 823/829/438 824/830/434 825/831/439
f 826/832/437 827/833/440 828/834/427
f 828/834/427 827/833/440 829/835/412
f 827/833/440 830/836/400 829/835/412
f 829/835/412 830/836/400 831/837/441
f 832/838/68 833/839/425 834/840/69
f 834/840/69 833/839/425 835/841/442
f 833/839/425 836/842/427 835/841/442
f 835/841/442 836/842/427 837/843/412
f 838/844/67 839/845/443 840/846/68
f 840/846/68 839/845/443 841/847/420
f 839/845/443 842/848/444 841/847/420
f 843/849/420 844/850/419 845/851/409
f 845/851/409 844/850/419 846/852/407
f 844/850/419 847/853/445 846/852/407
f 848/854/66 849/855/414 850/856/446
f 850/856/446 849/855/414 851/857/447
f 849/855/414 852/858/395 851/857/447
f 853/859/448 854/860/404 855/861/439
f 855/861/439 854/860/404 856/862/449
f 854/860/404 857/863/450 856/862/449
f 856/862/449 857/863/450 858/864/451
f 859/865/452 860/866/453 861/867/438
f 861/867/438 860/866/453 862/868/454
f 860/866/453 863/869/451 862/868/454
f 862/868/454 863/869/451 864/870/455
f 865/871/456 866/872/454 867/873/437
f 867/873/437 866/872/454 868/874/457
f 866/872/454 869/875/458 868/874/457
f 868/874/457 869/875/458 870/876/459
f 871/877/437 872/878/457 873/879/440
f 873/879/440 872/878/457 874/880/400
f 872/878/457 875/881/459 874/880/400
f 874/880/400 875/881/459 876/882/401
f 875/881/459 877/883/32 876/882/401
f 878/884/414 879/885/408 880/886/395
f 880/886/395 879/885/408 881/887/399
f 879/885/408 882/888/407 881/887/399
f 881/887/399 882/888/407 883/889/460
f 884/890/384 885/891/198 886/892/461
f 886/892/461 885/891/198 887/893/462
f 885/891/198 888/894/199 887/893/462
f 887/893/462 888/894/199 889/895/463
f 890/896/459 891/897/458 892/898/32
f 892/898/32 891/897/458 893/899/379
f 891/897/458 894/900/451 893/899/379
f 893/899/379 894/900/451 895/901/377
f 894/900/451 896/902/82 895/901/377
f 897/903/33 898/904/464 899/905/465
f 899/905/465 898/904/464 900/906/466
f 898/904/464 901/907/382 900/906/466
f 900/906/466 901/907/382 902/908/467
f 903/909/375 904/910/397 905/911/121
f 905/911/121 904/910/397 906/912/70
f 904/910/397 907/913/383 906/912/70
f 908/914/468 909/915/382 910/916/260
f 910/916/260 909/915/382 911/917/258
f 909/915/382 912/918/464 911/917/258
f 911/917/258 912/918/464 913/919/257
f 912/918/464 914/920/33 913/919/257
f 913/919/257 914/920/33 915/921/255
f 914/920/33 916/922/32 915/921/255
f 915/921/255 916/922/32 917/923/256
f 918/924/70 919/925/72 920/926/270
f 920/926/270 919/925/72 921/927/268
f 919/925/72 922/928/231 921/927/268
f 921/927/268 922/928/231 923/929/266
f 922/928/231 924/930/232 923/929/266
f 923/929/266 924/930/232 925/931/264
f 924/930/232 926/932/372 925/931/264
f 925/931/264 926/932/372 927/933/262
f 926/932/372 928/934/468 927/933/262
f 927/933/262 928/934/468 929/935/260
f 930/936/365 931/937/234 932/938/283
f 932/938/283 931/937/234 933/939/469
f 931/937/234 934/940/77 933/939/469
f 935/941/105 936/942/51 937/943/470
f 937/943/470 936/942/51 938/944/471
f 936/942/51 939/945/50 938/944/471
f 938/944/471 939/945/50 940/946/97
f 941/947/100 942/948/100 943/949/58
f 943/949/58 942/948/100 944/950/59
f 942/948/100 945/951/59 944/950/59
f 946/952/105 947/953/472 948/954/51
f 948/954/51 947/953/472 949/955/49
f 947/953/472 950/956/102 949/955/49
f 949/955/49 950/956/102 951/957/48
f 950/956/102 952/958/473 951/957/48
f 951/957/48 952/958/473 953/959/46
f 954/960/8 955/961/8 956/962/106
f 956/962/106 955/961/8 957/963/474
f 955/961/8 958/964/8 957/963/474
f 959/965/475 960/966/476 961/967/58
f 961/967/58 960/966/476 962/968/477
f 960/966/476 963/969/59 962/968/477
f 964/970/59 965/971/478 966/972/477
f 966/972/477 965/971/478 967/973/479
f 965/971/478 968/974/60 967/973/479
f 967/973/479 968/974/60 969/975/60
f 970/976/9 971/977/9 972/978/9
f 972/978/9 971/977/9 973/979/9
f 971/977/9 974/980/9 973/979/9
f 975/981/480 976/982/481 977/983/8
f 977/983/8 976/982/481 978/984/156
f 976/982/481 979/985/482 978/984/156
f 980/986/483 981/987/484 982/988/485
f 982/988/485 981/987/484 983/989/486
f 981/987/484 984/990/487 983/989/486
f 983/989/486 984/990/487 985/991/52
f 986/992/9 987/993/9 988/994/9
f 988/994/9 987/993/9 989/995/488
f 987/993/9 990/996/489 989/995/488
f 989/995/488 990/996/489 991/997/490
f 992/998/23 993/999/23 994/1000/23
f 994/1000/23 993/999/23 995/1001/23
f 993/999/23 996/1002/23 995/1001/23
f 997/1003/418 998/1004/491 999/1005/492
f 999/1005/492 998/1004/491 1000/1006/439
f 998/1004/491 1001/1007/493 1000/1006/439
f 1000/1006/439 1001/1007/493 1002/1008/405
f 1003/1009/494 1004/1010/212 1005/1011/495
f 1005/1011/495 1004/1010/212 1006/1012/496
f 1004/1010/212 1007/1013/217 1006/1012/496
f 1006/1012/496 1007/1013/217 1008/1014/497
f 1007/1013/217 1009/1015/221 1008/1014/497
f 1008/1014/497 1009/1015/221 1010/1016/498
f 1009/1015/221 1011/1017/499 1010/1016/498
f 1010/1016/498 1011/1017/499 1012/1018/429
f 1011/1017/499 1013/1019/218 1012/1018/429
f 1012/1018/429 1013/1019/218 1014/1020/430
f 1013/1019/218 1015/1021/500 1014/1020/430
f 1014/1020/430 1015/1021/500 1016/1022/287
f 1015/1021/500 1017/1023/222 1016/1022/287
f 1016/1022/287 1017/1023/222 1018/1024/225
f 1017/1023/222 1019/1025/436 1018/1024/225
f 1018/1024/225 1019/1025/436 1020/1026/36
f 1021/1027/36 1022/1028/436 1023/1029/501
f 1023/1029/501 1022/1028/436 1024/1030/502
f 1022/1028/436 1025/1031/228 1024/1030/502
f 1026/1032/286 1027/1033/503 1028/1034/504
f 1028/1034/504 1027/1033/503 1029/1035/224
f 1027/1033/503 1030/1036/225 1029/1035/224
f 1031/1037/505 1032/1038/36 1033/1039/506
f 1033/1039/506 1032/1038/36 1034/1040/28
f 1032/1038/36 1035/1041/501 1034/1040/28
f 1034/1040/28 1035/1041/501 1036/1042/26
f 1037/1043/507 1038/1044/26 1039/1045/508
f 1039/1045/508 1038/1044/26 1040/1046/509
f 1038/1044/26 1041/1047/501 1040/1046/509
f 1040/1046/509 1041/1047/501 1042/1048/510
f 1043/1049/269 1044/1050/511 1045/1051/320
f 1045/1051/320 1044/1050/511 1046/1052/238
f 1044/1050/511 1047/1053/508 1046/1052/238
f 1046/1052/238 1047/1053/508 1048/1054/30
f 1047/1053/508 1049/1055/512 1048/1054/30
f 1048/1054/30 1049/1055/512 1050/1056/31
f 1049/1055/512 1051/1057/502 1050/1056/31
f 1050/1056/31 1051/1057/502 1052/1058/228
f 1053/1059/513 1054/1060/215 1055/1061/362
f 1055/1061/362 1054/1060/215 1056/1062/514
f 1054/1060/215 1057/1063/495 1056/1062/514
f 1056/1062/514 1057/1063/495 1058/1064/289
f 1057/1063/495 1059/1065/496 1058/1064/289
f 1058/1064/289 1059/1065/496 1060/1066/288
f 1059/1065/496 1061/1067/515 1060/1066/288
f 1060/1066/288 1061/1067/515 1062/1068/516
f 1061/1067/515 1063/1069/498 1062/1068/516
f 1062/1068/516 1063/1069/498 1064/1070/24
f 1063/1069/498 1065/1071/429 1064/1070/24
f 1064/1070/24 1065/1071/429 1066/1072/241
f 1067/1073/517 1068/1074/511 1069/1075/518
f 1069/1075/518 1068/1074/511 1070/1076/519
f 1068/1074/511 1071/1077/269 1070/1076/519
f 1072/1078/431 1073/1079/361 1074/1080/520
f 1074/1080/520 1073/1079/361 1075/1081/521
f 1073/1079/361 1076/1082/362 1075/1081/521
f 1075/1081/521 1076/1082/362 1077/1083/522
f 1076/1082/362 1078/1084/514 1077/1083/522
f 1077/1083/522 1078/1084/514 1079/1085/523
f 1078/1084/514 1080/1086/524 1079/1085/523
f 1079/1085/523 1080/1086/524 1081/1087/290
f 1082/1088/525 1083/1089/240 1084/1090/294
f 1084/1090/294 1083/1089/240 1085/1091/10
f 1083/1089/240 1086/1092/516 1085/1091/10
f 1085/1091/10 1086/1092/516 1087/1093/24
f 1088/1094/276 1089/1095/526 1090/1096/265
f 1090/1096/265 1089/1095/526 1091/1097/267
f 1089/1095/526 1092/1098/269 1091/1097/267
f 1093/1099/237 1094/1100/527 1095/1101/238
f 1095/1101/238 1094/1100/527 1096/1102/528
f 1094/1100/527 1097/1103/529 1096/1102/528
f 1096/1102/528 1097/1103/529 1098/1104/530
f 1099/1105/277 1100/1106/531 1101/1107/532
f 1101/1107/532 1100/1106/531 1102/1108/533
f 1100/1106/531 1103/1109/534 1102/1108/533
f 1104/1110/535 1105/1111/282 1106/1112/536
f 1106/1112/536 1105/1111/282 1107/1113/537
f 1105/1111/282 1108/1114/281 1107/1113/537
f 1109/1115/302 1110/1116/538 1111/1117/539
f 1111/1117/539 1110/1116/538 1112/1118/7
f 1110/1116/538 1113/1119/8 1112/1118/7
f 1112/1118/7 1113/1119/8 1114/1120/8
f 1115/1121/59 1116/1122/59 1117/1123/306
f 1117/1123/306 1116/1122/59 1118/1124/307
f 1116/1122/59 1119/1125/59 1118/1124/307
f 1118/1124/307 1119/1125/59 1120/1126/335
f 1121/1127/305 1122/1128/315 1123/1129/306
f 1123/1129/306 1122/1128/315 1124/1130/315
f 1122/1128/315 1125/1131/540 1124/1130/315
f 1124/1130/315 1125/1131/540 1126/1132/541
f 1127/1133/297 1128/1134/542 1129/1135/543
f 1129/1135/543 1128/1134/542 1130/1136/544
f 1128/1134/542 1131/1137/545 1130/1136/544
f 1130/1136/544 1131/1137/545 1132/1138/546
f 1133/1139/547 1134/1140/548 1135/1141/549
f 1135/1141/549 1134/1140/548 1136/1142/550
f 1134/1140/548 1137/1143/338 1136/1142/550
f 1138/1144/311 1139/1145/551 1140/1146/552
f 1140/1146/552 1139/1145/551 1141/1147/553
f 1139/1145/551 1142/1148/554 1141/1147/553
f 1143/1149/8 1144/1150/8 1145/1151/555
f 1145/1151/555 1144/1150/8 1146/1152/547
f 1144/1150/8 1147/1153/8 1146/1152/547
f 1148/1154/59 1149/1155/556 1150/1156/316
f 1150/1156/316 1149/1155/556 1151/1157/306
f 1149/1155/556 1152/1158/475 1151/1157/306
f 1153/1159/557 1154/1160/558 1155/1161/8
f 1155/1161/8 1154/1160/558 1156/1162/13
f 1154/1160/558 1157/1163/559 1156/1162/13
f 1158/1164/344 1159/1165/343 1160/1166/560
f 1160/1166/560 1159/1165/343 1161/1167/561
f 1159/1165/343 1162/1168/561 1161/1167/561
f 1163/1169/562 1164/1170/561 1165/1171/558
f 1165/1171/558 1164/1170/561 1166/1172/561
f 1164/1170/561 1167/1173/561 1166/1172/561
f 1168/1174/297 1169/1175/299 1170/1176/542
f 1170/1176/542 1169/1175/299 1171/1177/545
f 1169/1175/299 1172/1178/304 1171/1177/545
f 1173/1179/158 1174/1180/162 1175/1181/159
f 1175/1181/159 1174/1180/162 1176/1182/563
f 1174/1180/162 1177/1183/163 1176/1182/563
f 1176/1182/563 1177/1183/163 1178/1184/163
f 1179/1185/159 1180/1186/347 1181/1187/158
f 1181/1187/158 1180/1186/347 1182/1188/166
f 1180/1186/347 1183/1189/349 1182/1188/166
f 1184/1190/9 1185/1191/9 1186/1192/9
f 1186/1192/9 1185/1191/9 1187/1193/9
f 1185/1191/9 1188/1194/9 1187/1193/9
f 1189/1195/564 1190/1196/565 1191/1197/566
f 1191/1197/566 1190/1196/565 1192/1198/567
f 1190/1196/565 1193/1199/568 1192/1198/567
f 1192/1198/567 1193/1199/568 1194/1200/569
f 1193/1199/568 1195/1201/570 1194/1200/569
f 1194/1200/569 1195/1201/570 1196/1202/571
f 1195/1201/570 1197/1203/572 1196/1202/571
f 1196/1202/571 1197/1203/572 1198/1204/573
f 1197/1203/572 1199/1205/574 1198/1204/573
f 1198/1204/573 1199/1205/574 1200/1206/575
f 1199/1205/574 1201/1207/576 1200/1206/575
f 1200/1206/575 1201/1207/576 1202/1208/577
f 1201/1207/576 1203/1209/578 1202/1208/577
f 1202/1208/577 1203/1209/578 1204/1210/579
f 1203/1209/578 1205/1211/580 1204/1210/579
f 1204/1210/579 1205/1211/580 1206/1212/566
usemtl mat0.489
f 1207/1213/581 1208/1214/582 1209/1215/583
f 1210/1216/584 1211/1217/585 1212/1218/586
f 1213/1219/587 1214/1220/587 1215/1221/583
f 1216/1222/23 1217/1223/23 1218/1224/23
f 1219/1225/588 1220/1226/589 1221/1227/582
f 1222/1228/23 1223/1229/23 1224/1230/23
f 1225/1231/590 1226/1232/591 1227/1233/590
f 1228/1234/23 1229/1235/23 1230/1236/23
f 1231/1237/592 1232/1238/23 1233/1239/593
f 1234/1240/9 1235/1241/9 1236/1242/9
f 1237/1243/594 1238/1244/595 1239/1245/594
f 1240/1246/596 1241/1247/597 1242/1248/598
f 1243/1249/599 1244/1250/600 1245/1251/601
f 1246/1252/602 1247/1253/603 1248/1254/604
f 1249/1255/588 1250/1256/605 1251/1257/589
f 1252/1258/23 1253/1259/600 1254/1260/606
f 1254/1260/606 1253/1259/600 1255/1261/599
f 1256/1262/607 1257/1263/607 1258/1264/608
f 1258/1264/608 1257/1263/607 1259/1265/607
f 1260/1266/601 1261/1267/600 1262/1268/609
f 1262/1268/609 1261/1267/600 1263/1269/610
f 1264/1270/611 1265/1271/611 1266/1272/611
f 1266/1272/611 1265/1271/611 1267/1273/611
f 1268/1274/612 1269/1275/612 1270/1276/612
f 1270/1276/612 1269/1275/612 1271/1277/612
f 1272/1278/594 1273/1279/613 1274/1280/614
f 1274/1280/614 1273/1279/613 1275/1281/614
f 1276/1282/615 1277/1283/589 1278/1284/594
f 1278/1284/594 1277/1283/589 1279/1285/594
f 1280/1286/595 1281/1287/594 1282/1288/595
f 1282/1288/595 1281/1287/594 1283/1289/616
f 1284/1290/589 1285/1291/605 1286/1292/617
f 1286/1292/617 1285/1291/605 1287/1293/618
f 1288/1294/619 1289/1295/620 1290/1296/621
f 1290/1296/621 1289/1295/620 1291/1297/622
f 1292/1298/23 1293/1299/23 1294/1300/23
f 1294/1300/23 1293/1299/23 1295/1301/23
f 1296/1302/588 1297/1303/588 1298/1304/588
f 1298/1304/588 1297/1303/588 1299/1305/588
f 1300/1306/623 1301/1307/624 1302/1308/625
f 1302/1308/625 1301/1307/624 1303/1309/626
f 1304/1310/627 1305/1311/628 1306/1312/595
f 1306/1312/595 1305/1311/628 1307/1313/629
f 1308/1314/630 1309/1315/631 1310/1316/632
f 1310/1316/632 1309/1315/631 1311/1317/585
f 1312/1318/633 1313/1319/634 1314/1320/635
f 1314/1320/635 1313/1319/634 1315/1321/636
f 1316/1322/585 1317/1323/637 1318/1324/632
f 1318/1324/632 1317/1323/637 1319/1325/625
f 1320/1326/635 1321/1327/638 1322/1328/633
f 1322/1328/633 1321/1327/638 1323/1329/639
f 1324/1330/633 1325/1331/640 1326/1332/632
f 1326/1332/632 1325/1331/640 1327/1333/630
f 1328/1334/641 1329/1335/642 1330/1336/643
f 1330/1336/643 1329/1335/642 1331/1337/644
f 1332/1338/645 1333/1339/646 1334/1340/647
f 1334/1340/647 1333/1339/646 1335/1341/644
f 1336/1342/648 1337/1343/649 1338/1344/650
f 1338/1344/650 1337/1343/649 1339/1345/631
f 1340/1346/648 1341/1347/651 1342/1348/652
f 1342/1348/652 1341/1347/651 1343/1349/653
f 1344/1350/652 1345/1351/654 1346/1352/641
f 1346/1352/641 1345/1351/654 1347/1353/642
f 1348/1354/600 1349/1355/23 1350/1356/614
f 1350/1356/614 1349/1355/23 1351/1357/614
f 1352/1358/655 1353/1359/596 1354/1360/637
f 1354/1360/637 1353/1359/596 1355/1361/598
f 1356/1362/620 1357/1363/656 1358/1364/657
f 1358/1364/657 1357/1363/656 1359/1365/658
f 1360/1366/581 1361/1367/583 1362/1368/659
f 1362/1368/659 1361/1367/583 1363/1369/660
f 1364/1370/661 1365/1371/661 1366/1372/662
f 1366/1372/662 1365/1371/661 1367/1373/663
f 1368/1374/611 1369/1375/611 1370/1376/664
f 1370/1376/664 1369/1375/611 1371/1377/664
f 1372/1378/664 1373/1379/664 1374/1380/665
f 1374/1380/665 1373/1379/664 1375/1381/665
f 1376/1382/666 1377/1383/666 1378/1384/618
f 1378/1384/618 1377/1383/666 1379/1385/582
f 1380/1386/614 1381/1387/9 1382/1388/614
f 1382/1388/614 1381/1387/9 1383/1389/667
f 1384/1390/592 1385/1391/667 1386/1392/668
f 1386/1392/668 1385/1391/667 1387/1393/9
f 1388/1394/669 1389/1395/23 1390/1396/668
f 1390/1396/668 1389/1395/23 1391/1397/670
f 1392/1398/9 1393/1399/9 1394/1400/9
f 1394/1400/9 1393/1399/9 1395/1401/9
f 1396/1402/619 1397/1403/643 1398/1404/620
f 1398/1404/620 1397/1403/643 1399/1405/656
f 1400/1406/643 1401/1407/619 1402/1408/641
f 1402/1408/641 1401/1407/619 1403/1409/671
f 1404/1410/585 1405/1411/584 1406/1412/637
f 1406/1412/637 1405/1411/584 1407/1413/655
f 1408/1414/632 1409/1415/672 1410/1416/633
f 1410/1416/633 1409/1415/672 1411/1417/634
f 1412/1418/607 1413/1419/607 1414/1420/608
f 1414/1420/608 1413/1419/607 1415/1421/607
f 1416/1422/23 1417/1423/23 1418/1424/23
f 1418/1424/23 1417/1423/23 1419/1425/23
f 1420/1426/673 1421/1427/674 1422/1428/667
f 1422/1428/667 1421/1427/674 1423/1429/675
f 1424/1430/611 1425/1431/611 1426/1432/611
f 1426/1432/611 1425/1431/611 1427/1433/611
f 1428/1434/612 1429/1435/612 1430/1436/612
f 1430/1436/612 1429/1435/612 1431/1437/612
f 1432/1438/614 1433/1439/613 1434/1440/614
f 1434/1440/614 1433/1439/613 1435/1441/676
f 1436/1442/616 1437/1443/676 1438/1444/677
f 1438/1444/677 1437/1443/676 1439/1445/595
f 1440/1446/618 1441/1447/582 1442/1448/617
f 1442/1448/617 1441/1447/582 1443/1449/589
f 1444/1450/588 1445/1451/588 1446/1452/588
f 1446/1452/588 1445/1451/588 1447/1453/588
f 1448/1454/626 1449/1455/672 1450/1456/625
f 1450/1456/625 1449/1455/672 1451/1457/632
f 1452/1458/629 1453/1459/595 1454/1460/595
f 1454/1460/595 1453/1459/595 1455/1461/678
f 1456/1462/679 1457/1463/680 1458/1464/657
f 1458/1464/657 1457/1463/680 1459/1465/620
f 1460/1466/681 1461/1467/682 1462/1468/683
f 1462/1468/683 1461/1467/682 1463/1469/682
f 1464/1470/684 1465/1471/685 1466/1472/686
f 1466/1472/686 1465/1471/685 1467/1473/687
f 1468/1474/23 1469/1475/23 1470/1476/23
f 1470/1476/23 1469/1475/23 1471/1477/23
f 1472/1478/23 1473/1479/23 1474/1480/23
f 1474/1480/23 1473/1479/23 1475/1481/23
f 1476/1482/23 1477/1483/23 1478/1484/23
f 1478/1484/23 1477/1483/23 1479/1485/23
f 1480/1486/625 1481/1487/637 1482/1488/623
f 1482/1488/623 1481/1487/637 1483/1489/598
f 1484/1490/688 1485/1491/689 1486/1492/690
f 1486/1492/690 1485/1491/689 1487/1493/691
f 1488/1494/692 1489/1495/693 1490/1496/694
f 1490/1496/694 1489/1495/693 1491/1497/695
f 1492/1498/691 1493/1499/596 1494/1500/696
f 1494/1500/696 1493/1499/596 1495/1501/697
f 1496/1502/698 1497/1503/657 1498/1504/684
f 1498/1504/684 1497/1503/657 1499/1505/685
f 1500/1506/696 1501/1507/697 1502/1508/699
f 1502/1508/699 1501/1507/697 1503/1509/700
f 1504/1510/9 1505/1511/9 1506/1512/9
f 1506/1512/9 1505/1511/9 1507/1513/9
f 1508/1514/9 1509/1515/9 1510/1516/9
f 1510/1516/9 1509/1515/9 1511/1517/9
f 1512/1518/598 1513/1519/688 1514/1520/623
f 1514/1520/623 1513/1519/688 1515/1521/701
f 1516/1522/702 1517/1523/703 1518/1524/601
f 1518/1524/601 1517/1523/703 1519/1525/599
f 1517/1523/703 1520/1526/9 1519/1525/599
f 1521/1527/704 1522/1528/705 1523/1529/706
f 1523/1529/706 1522/1528/705 1524/1530/707
f 1522/1528/705 1525/1531/623 1524/1530/707
f 1524/1530/707 1525/1531/623 1526/1532/701
f 1527/1533/691 1528/1534/696 1529/1535/708
f 1529/1535/708 1528/1534/696 1530/1536/709
f 1528/1534/696 1531/1537/699 1530/1536/709
f 1530/1536/709 1531/1537/699 1532/1538/710
f 1531/1537/699 1533/1539/711 1532/1538/710
f 1532/1538/710 1533/1539/711 1534/1540/692
f 1535/1541/682 1536/1542/591 1537/1543/712
f 1537/1543/712 1536/1542/591 1538/1544/713
f 1536/1542/591 1539/1545/605 1538/1544/713
f 1540/1546/611 1541/1547/664 1542/1548/611
f 1542/1548/611 1541/1547/664 1543/1549/664
f 1541/1547/664 1544/1550/714 1543/1549/664
f 1543/1549/664 1544/1550/714 1545/1551/715
f 1544/1550/714 1546/1552/617 1545/1551/715
f 1545/1551/715 1546/1552/617 1547/1553/605
f 1548/1554/716 1549/1555/717 1550/1556/603
f 1550/1556/603 1549/1555/717 1551/1557/9
f 1549/1555/717 1552/1558/606 1551/1557/9
f 1551/1557/9 1552/1558/606 1553/1559/718
f 1554/1560/23 1555/1561/23 1556/1562/23
f 1556/1562/23 1555/1561/23 1557/1563/23
f 1555/1561/23 1558/1564/23 1557/1563/23
f 1557/1563/23 1558/1564/23 1559/1565/23
f 1560/1566/680 1561/1567/711 1562/1568/620
f 1562/1568/620 1561/1567/711 1563/1569/622
f 1561/1567/711 1564/1570/699 1563/1569/622
f 1563/1569/622 1564/1570/699 1565/1571/700
f 1566/1572/623 1567/1573/719 1568/1574/624
f 1568/1574/624 1567/1573/719 1569/1575/720
f 1567/1573/719 1570/1576/704 1569/1575/720
f 1569/1575/720 1570/1576/704 1571/1577/721
f 1572/1578/9 1573/1579/9 1574/1580/9
f 1574/1580/9 1573/1579/9 1575/1581/9
f 1573/1579/9 1576/1582/9 1575/1581/9
f 1577/1583/648 1578/1584/652 1579/1585/584
f 1579/1585/584 1578/1584/652 1580/1586/722
f 1578/1584/652 1581/1587/641 1580/1586/722
f 1580/1586/722 1581/1587/641 1582/1588/671
f 1583/1589/723 1584/1590/724 1585/1591/657
f 1585/1591/657 1584/1590/724 1586/1592/685
f 1584/1590/724 1587/1593/725 1586/1592/685
f 1586/1592/685 1587/1593/725 1588/1594/687
f 1589/1595/9 1590/1596/9 1591/1597/9
f 1591/1597/9 1590/1596/9 1592/1598/9
f 1590/1596/9 1593/1599/9 1592/1598/9
f 1592/1598/9 1593/1599/9 1594/1600/9
f 1595/1601/726 1596/1602/727 1597/1603/669
f 1597/1603/669 1596/1602/727 1598/1604/728
f 1596/1602/727 1599/1605/729 1598/1604/728
f 1600/1606/730 1601/1607/673 1602/1608/593
f 1602/1608/593 1601/1607/673 1603/1609/592
f 1601/1607/673 1604/1610/667 1603/1609/592
f 1605/1611/615 1606/1612/676 1607/1613/589
f 1607/1613/589 1606/1612/676 1608/1614/676
f 1606/1612/676 1609/1615/595 1608/1614/676
f 1610/1616/9 1611/1617/9 1612/1618/9
f 1612/1618/9 1611/1617/9 1613/1619/9
f 1611/1617/9 1614/1620/9 1613/1619/9
usemtl mat0.490
f 1615/1621/23 1616/1622/23 1617/1623/23
f 1618/1624/731 1619/1625/732 1620/1626/733
f 1621/1627/734 1622/1628/735 1623/1629/736
f 1624/1630/737 1625/1631/738 1626/1632/739
f 1627/1633/740 1628/1634/741 1629/1635/742
f 1629/1635/742 1628/1634/741 1630/1636/743
f 1631/1637/744 1632/1638/745 1633/1639/746
f 1633/1639/746 1632/1638/745 1634/1640/747
f 1635/1641/748 1636/1642/749 1637/1643/750
f 1637/1643/750 1636/1642/749 1638/1644/751
f 1639/1645/748 1640/1646/752 1641/1647/749
f 1641/1647/749 1640/1646/752 1642/1648/753
f 1643/1649/754 1644/1650/755 1645/1651/756
f 1645/1651/756 1644/1650/755 1646/1652/744
f 1647/1653/757 1648/1654/758 1649/1655/754
f 1649/1655/754 1648/1654/758 1650/1656/745
f 1651/1657/753 1652/1658/752 1653/1659/737
f 1653/1659/737 1652/1658/752 1654/1660/738
f 1655/1661/9 1656/1662/9 1657/1663/9
f 1657/1663/9 1656/1662/9 1658/1664/9
f 1659/1665/759 1660/1666/760 1661/1667/761
f 1661/1667/761 1660/1666/760 1662/1668/762
f 1663/1669/763 1664/1670/764 1665/1671/765
f 1665/1671/765 1664/1670/764 1666/1672/766
f 1667/1673/767 1668/1674/768 1669/1675/769
f 1669/1675/769 1668/1674/768 1670/1676/770
f 1671/1677/761 1672/1678/771 1673/1679/740
f 1673/1679/740 1672/1678/771 1674/1680/772
f 1675/1681/9 1676/1682/9 1677/1683/9
f 1677/1683/9 1676/1682/9 1678/1684/9
f 1679/1685/773 1680/1686/774 1681/1687/775
f 1681/1687/775 1680/1686/774 1682/1688/776
f 1683/1689/777 1684/1690/778 1685/1691/779
f 1685/1691/779 1684/1690/778 1686/1692/780
f 1687/1693/781 1688/1694/765 1689/1695/782
f 1689/1695/782 1688/1694/765 1690/1696/766
f 1691/1697/732 1692/1698/783 1693/1699/784
f 1693/1699/784 1692/1698/783 1694/1700/785
f 1695/1701/23 1696/1702/23 1697/1703/23
f 1697/1703/23 1696/1702/23 1698/1704/23
f 1699/1705/786 1700/1706/787 1701/1707/788
f 1701/1707/788 1700/1706/787 1702/1708/751
f 1703/1709/751 1704/1710/789 1705/1711/788
f 1705/1711/788 1704/1710/789 1706/1712/790
f 1707/1713/753 1708/1714/791 1709/1715/789
f 1709/1715/789 1708/1714/791 1710/1716/792
f 1711/1717/23 1712/1718/23 1713/1719/23
f 1713/1719/23 1712/1718/23 1714/1720/23
f 1715/1721/23 1716/1722/23 1717/1723/23
f 1717/1723/23 1716/1722/23 1718/1724/23
f 1719/1725/23 1720/1726/23 1721/1727/23
f 1721/1727/23 1720/1726/23 1722/1728/23
f 1723/1729/793 1724/1730/794 1725/1731/742
f 1725/1731/742 1724/1730/794 1726/1732/740
f 1727/1733/795 1728/1734/763 1729/1735/796
f 1729/1735/796 1728/1734/763 1730/1736/774
f 1731/1737/764 1732/1738/763 1733/1739/732
f 1733/1739/732 1732/1738/763 1734/1740/795
f 1735/1741/760 1736/1742/740 1737/1743/797
f 1737/1743/797 1736/1742/740 1738/1744/794
f 1739/1745/763 1740/1746/798 1741/1747/774
f 1741/1747/774 1740/1746/798 1742/1748/769
f 1740/1746/798 1743/1749/781 1742/1748/769
f 1742/1748/769 1743/1749/781 1744/1750/767
f 1745/1751/793 1746/1752/799 1747/1753/794
f 1747/1753/794 1746/1752/799 1748/1754/800
f 1746/1752/799 1749/1755/801 1748/1754/800
f 1748/1754/800 1749/1755/801 1750/1756/802
f 1749/1755/801 1751/1757/803 1750/1756/802
f 1750/1756/802 1751/1757/803 1752/1758/804
f 1751/1757/803 1753/1759/805 1752/1758/804
f 1752/1758/804 1753/1759/805 1754/1760/806
f 1755/1761/760 1756/1762/797 1757/1763/807
f 1757/1763/807 1756/1762/797 1758/1764/808
f 1756/1762/797 1759/1765/809 1758/1764/808
f 1758/1764/808 1759/1765/809 1760/1766/810
f 1761/1767/811 1762/1768/804 1763/1769/810
f 1763/1769/810 1762/1768/804 1764/1770/812
f 1762/1768/804 1765/1771/813 1764/1770/812
f 1766/1772/746 1767/1773/747 1768/1774/814
f 1768/1774/814 1767/1773/747 1769/1775/787
f 1767/1773/747 1770/1776/750 1769/1775/787
f 1769/1775/787 1770/1776/750 1771/1777/751
f 1772/1778/9 1773/1779/9 1774/1780/9
f 1774/1780/9 1773/1779/9 1775/1781/9
f 1773/1779/9 1776/1782/9 1775/1781/9
f 1775/1781/9 1776/1782/9 1777/1783/9
f 1776/1782/9 1778/1784/9 1777/1783/9
f 1779/1785/9 1780/1786/9 1781/1787/9
f 1781/1787/9 1780/1786/9 1782/1788/9
f 1780/1786/9 1783/1789/9 1782/1788/9
f 1784/1790/810 1785/1791/815 1786/1792/811
f 1786/1792/811 1785/1791/815 1787/1793/816
f 1785/1791/815 1788/1794/797 1787/1793/816
f 1787/1793/816 1788/1794/797 1789/1795/794
f 1790/1796/735 1791/1797/734 1792/1798/767
f 1792/1798/767 1791/1797/734 1793/1799/776
f 1791/1797/734 1794/1800/777 1793/1799/776
f 1793/1799/776 1794/1800/777 1795/1801/817
f 1796/1802/818 1797/1803/819 1798/1804/764
f 1798/1804/764 1797/1803/819 1799/1805/766
f 1797/1803/819 1800/1806/820 1799/1805/766
f 1801/1807/821 1802/1808/822 1803/1809/823
f 1803/1809/823 1802/1808/822 1804/1810/786
f 1802/1808/822 1805/1811/824 1804/1810/786
f 1804/1810/786 1805/1811/824 1806/1812/787
f 1807/1813/821 1808/1814/825 1809/1815/826
f 1809/1815/826 1808/1814/825 1810/1816/827
f 1808/1814/825 1811/1817/828 1810/1816/827
f 1810/1816/827 1811/1817/828 1812/1818/829
f 1813/1819/753 1814/1820/830 1815/1821/791
f 1815/1821/791 1814/1820/830 1816/1822/738
f 1814/1820/830 1817/1823/739 1816/1822/738
f 1818/1824/23 1819/1825/23 1820/1826/23
f 1820/1826/23 1819/1825/23 1821/1827/23
f 1819/1825/23 1822/1828/23 1821/1827/23
usemtl mat0.491
f 1823/1829/831 1824/1830/832 1825/1831/833
f 1826/1832/834 1827/1833/23 1828/1834/835
f 1829/1835/836 1830/1836/836 1831/1837/837
f 1832/1838/23 1833/1839/23 1834/1840/23
f 1835/1841/9 1836/1842/9 1837/1843/9
f 1838/1844/838 1839/1845/839 1840/1846/840
f 1840/1846/840 1839/1845/839 1841/1847/841
f 1842/1848/23 1843/1849/23 1844/1850/23
f 1844/1850/23 1843/1849/23 1845/1851/23
f 1846/1852/842 1847/1853/843 1848/1854/844
f 1848/1854/844 1847/1853/843 1849/1855/845
f 1850/1856/840 1851/1857/841 1852/1858/846
f 1852/1858/846 1851/1857/841 1853/1859/847
f 1854/1860/848 1855/1861/849 1856/1862/850
f 1856/1862/850 1855/1861/849 1857/1863/851
f 1858/1864/23 1859/1865/23 1860/1866/23
f 1860/1866/23 1859/1865/23 1861/1867/23
f 1862/1868/852 1863/1869/853 1864/1870/835
f 1864/1870/835 1863/1869/853 1865/1871/834
f 1866/1872/854 1867/1873/855 1868/1874/855
f 1868/1874/855 1867/1873/855 1869/1875/856
f 1870/1876/857 1871/1877/858 1872/1878/858
f 1872/1878/858 1871/1877/858 1873/1879/859
f 1874/1880/23 1875/1881/23 1876/1882/23
f 1876/1882/23 1875/1881/23 1877/1883/23
f 1878/1884/860 1879/1885/861 1880/1886/861
f 1880/1886/861 1879/1885/861 1881/1887/862
f 1882/1888/863 1883/1889/851 1884/1890/864
f 1884/1890/864 1883/1889/851 1885/1891/849
f 1886/1892/865 1887/1893/866 1888/1894/866
f 1888/1894/866 1887/1893/866 1889/1895/867
f 1890/1896/868 1891/1897/864 1892/1898/869
f 1892/1898/869 1891/1897/864 1893/1899/870
f 1894/1900/271 1895/1901/850 1896/1902/871
f 1896/1902/871 1895/1901/850 1897/1903/872
f 1898/1904/864 1899/1905/868 1900/1906/863
f 1900/1906/863 1899/1905/868 1901/1907/873
f 1902/1908/874 1903/1909/875 1904/1910/876
f 1904/1910/876 1903/1909/875 1905/1911/877
f 1906/1912/9 1907/1913/9 1908/1914/9
f 1908/1914/9 1907/1913/9 1909/1915/9
f 1910/1916/9 1911/1917/9 1912/1918/9
f 1912/1918/9 1911/1917/9 1913/1919/9
f 1914/1920/878 1915/1921/879 1916/1922/880
f 1916/1922/880 1915/1921/879 1917/1923/881
f 1918/1924/851 1919/1925/863 1920/1926/850
f 1920/1926/850 1919/1925/863 1921/1927/872
f 1922/1928/23 1923/1929/23 1924/1930/834
f 1924/1930/834 1923/1929/23 1925/1931/23
f 1926/1932/882 1927/1933/844 1928/1934/883
f 1928/1934/883 1927/1933/844 1929/1935/884
f 1930/1936/885 1931/1937/886 1932/1938/886
f 1932/1938/886 1931/1937/886 1933/1939/887
f 1934/1940/888 1935/1941/889 1936/1942/889
f 1936/1942/889 1935/1941/889 1937/1943/890
f 1938/1944/9 1939/1945/891 1940/1946/9
f 1940/1946/9 1939/1945/891 1941/1947/9
f 1942/1948/9 1943/1949/9 1944/1950/9
f 1944/1950/9 1943/1949/9 1945/1951/9
f 1946/1952/892 1947/1953/893 1948/1954/893
f 1948/1954/893 1947/1953/893 1949/1955/865
f 1950/1956/894 1951/1957/895 1952/1958/896
f 1952/1958/896 1951/1957/895 1953/1959/895
f 1954/1960/881 1955/1961/897 1956/1962/878
f 1956/1962/878 1955/1961/897 1957/1963/879
f 1958/1964/23 1959/1965/23 1960/1966/23
f 1960/1966/23 1959/1965/23 1961/1967/23
f 1962/1968/23 1963/1969/23 1964/1970/23
f 1964/1970/23 1963/1969/23 1965/1971/23
f 1966/1972/898 1967/1973/898 1968/1974/898
f 1968/1974/898 1967/1973/898 1969/1975/898
f 1970/1976/9 1971/1977/9 1972/1978/9
f 1972/1978/9 1971/1977/9 1973/1979/9
f 1974/1980/899 1975/1981/899 1976/1982/899
f 1976/1982/899 1975/1981/899 1977/1983/899
f 1978/1984/23 1979/1985/23 1980/1986/23
f 1980/1986/23 1979/1985/23 1981/1987/23
f 1982/1988/900 1983/1989/901 1984/1990/902
f 1984/1990/902 1983/1989/901 1985/1991/903
f 1986/1992/9 1987/1993/831 1988/1994/904
f 1988/1994/904 1987/1993/831 1989/1995/833
f 1990/1996/905 1991/1997/905 1992/1998/905
f 1992/1998/905 1991/1997/905 1993/1999/905
f 1994/2000/901 1995/2001/906 1996/2002/903
f 1996/2002/903 1995/2001/906 1997/2003/907
f 1998/2004/836 1999/2005/837 2000/2006/908
f 2000/2006/908 1999/2005/837 2001/2007/909
f 2002/2008/910 2003/2009/911 2004/2010/912
f 2004/2010/912 2003/2009/911 2005/2011/912
f 2006/2012/913 2007/2013/914 2008/2014/915
f 2008/2014/915 2007/2013/914 2009/2015/916
f 2010/2016/916 2011/2017/915 2012/2018/910
f 2012/2018/910 2011/2017/915 2013/2019/917
f 2014/2020/910 2015/2021/910 2016/2022/910
f 2016/2022/910 2015/2021/910 2017/2023/910
f 2018/2024/895 2019/2025/895 2020/2026/838
f 2020/2026/838 2019/2025/895 2021/2027/839
f 2022/2028/848 2023/2029/850 2024/2030/918
f 2024/2030/918 2023/2029/850 2025/2031/271
f 2026/2032/9 2027/2033/9 2028/2034/9
f 2028/2034/9 2027/2033/9 2029/2035/9
f 2030/2036/919 2031/2037/920 2032/2038/920
f 2032/2038/920 2031/2037/920 2033/2039/921
f 2034/2040/843 2035/2041/842 2036/2042/847
f 2036/2042/847 2035/2041/842 2037/2043/846
f 2038/2044/897 2039/2045/922 2040/2046/879
f 2040/2046/879 2039/2045/922 2041/2047/923
f 2039/2045/922 2042/2048/874 2041/2047/923
f 2041/2047/923 2042/2048/874 2043/2049/924
f 2044/2050/23 2045/2051/23 2046/2052/23
f 2046/2052/23 2045/2051/23 2047/2053/23
f 2045/2051/23 2048/2054/23 2047/2053/23
f 2049/2055/925 2050/2056/925 2051/2057/925
f 2051/2057/925 2050/2056/925 2052/2058/926
f 2050/2056/925 2053/2059/925 2052/2058/926
f 2054/2060/927 2055/2061/928 2056/2062/874
f 2056/2062/874 2055/2061/928 2057/2063/929
f 2055/2061/928 2058/2064/930 2057/2063/929
f 2057/2063/929 2058/2064/930 2059/2065/930
f 2060/2066/931 2061/2067/932 2062/2068/849
f 2062/2068/849 2061/2067/932 2063/2069/864
f 2061/2067/932 2064/2070/883 2063/2069/864
f 2063/2069/864 2064/2070/883 2065/2071/870
f 2066/2072/9 2067/2073/9 2068/2074/9
f 2068/2074/9 2067/2073/9 2069/2075/9
f 2067/2073/9 2070/2076/9 2069/2075/9
f 2069/2075/9 2070/2076/9 2071/2077/9
f 2070/2076/9 2072/2078/9 2071/2077/9
f 2073/2079/933 2074/2080/934 2075/2081/935
f 2075/2081/935 2074/2080/934 2076/2082/891
f 2074/2080/934 2077/2083/9 2076/2082/891
f 2078/2084/844 2079/2085/845 2080/2086/884
f 2080/2086/884 2079/2085/845 2081/2087/869
f 2079/2085/845 2082/2088/936 2081/2087/869
f 2083/2089/937 2084/2090/938 2085/2091/939
f 2085/2091/939 2084/2090/938 2086/2092/940
f 2084/2090/938 2087/2093/23 2086/2092/940
usemtl mat0.492
f 2088/2094/941 2089/2095/942 2090/2096/943
f 2091/2097/944 2092/2098/945 2093/2099/946
f 2094/2100/947 2095/2101/948 2096/2102/949
f 2097/2103/950 2098/2104/951 2099/2105/952
f 2100/2106/953 2101/2107/953 2102/2108/953
f 2103/2109/954 2104/2110/955 2105/2111/956
f 2105/2111/956 2104/2110/955 2106/2112/957
f 2107/2113/942 2108/2114/958 2109/2115/959
f 2109/2115/959 2108/2114/958 2110/2116/960
f 2111/2117/959 2112/2118/960 2113/2119/961
f 2113/2119/961 2112/2118/960 2114/2120/962
f 2115/2121/963 2116/2122/964 2117/2123/965
f 2117/2123/965 2116/2122/964 2118/2124/948
f 2119/2125/966 2120/2126/967 2121/2127/968
f 2121/2127/968 2120/2126/967 2122/2128/969
f 2123/2129/942 2124/2130/955 2125/2131/970
f 2125/2131/970 2124/2130/955 2126/2132/971
f 2127/2133/972 2128/2134/973 2129/2135/974
f 2129/2135/974 2128/2134/973 2130/2136/975
f 2131/2137/953 2132/2138/953 2133/2139/953
f 2133/2139/953 2132/2138/953 2134/2140/953
f 2135/2141/976 2136/2142/977 2137/2143/978
f 2137/2143/978 2136/2142/977 2138/2144/979
f 2139/2145/980 2140/2146/981 2141/2147/982
f 2141/2147/982 2140/2146/981 2142/2148/983
f 2143/2149/984 2144/2150/974 2145/2151/985
f 2145/2151/985 2144/2150/974 2146/2152/986
f 2147/2153/987 2148/2154/962 2149/2155/988
f 2149/2155/988 2148/2154/962 2150/2156/989
f 2151/2157/990 2152/2158/991 2153/2159/992
f 2153/2159/992 2152/2158/991 2154/2160/993
f 2155/2161/994 2156/2162/995 2157/2163/992
f 2157/2163/992 2156/2162/995 2158/2164/996
f 2159/2165/997 2160/2166/998 2161/2167/999
f 2161/2167/999 2160/2166/998 2162/2168/1000
f 2163/2169/992 2164/2170/996 2165/2171/1001
f 2165/2171/1001 2164/2170/996 2166/2172/1002
f 2167/2173/1003 2168/2174/1004 2169/2175/980
f 2169/2175/980 2168/2174/1004 2170/2176/981
f 2171/2177/1005 2172/2178/958 2173/2179/941
f 2173/2179/941 2172/2178/958 2174/2180/942
f 2175/2181/1006 2176/2182/1007 2177/2183/978
f 2177/2183/978 2176/2182/1007 2178/2184/976
f 2179/2185/1008 2180/2186/1009 2181/2187/1010
f 2181/2187/1010 2180/2186/1009 2182/2188/1011
f 2183/2189/946 2184/2190/945 2185/2191/1012
f 2185/2191/1012 2184/2190/945 2186/2192/1004
f 2187/2193/1013 2188/2194/979 2189/2195/1014
f 2189/2195/1014 2188/2194/979 2190/2196/1015
f 2191/2197/1016 2192/2198/1005 2193/2199/1017
f 2193/2199/1017 2192/2198/1005 2194/2200/1005
f 2192/2198/1005 2195/2201/1005 2194/2200/1005
f 2194/2200/1005 2195/2201/1005 2196/2202/1005
f 2195/2201/1005 2197/2203/1005 2196/2202/1005
f 2196/2202/1005 2197/2203/1005 2198/2204/1005
f 2197/2203/1005 2199/2205/1005 2198/2204/1005
f 2198/2204/1005 2199/2205/1005 2200/2206/998
f 2199/2205/1005 2201/2207/1005 2200/2206/998
f 2200/2206/998 2201/2207/1005 2202/2208/1018
f 2203/2209/1019 2204/2210/1020 2205/2211/1021
f 2205/2211/1021 2204/2210/1020 2206/2212/1022
f 2204/2210/1020 2207/2213/1023 2206/2212/1022
f 2206/2212/1022 2207/2213/1023 2208/2214/1024
f 2207/2213/1023 2209/2215/1025 2208/2214/1024
f 2208/2214/1024 2209/2215/1025 2210/2216/1015
f 2209/2215/1025 2211/2217/1026 2210/2216/1015
f 2210/2216/1015 2211/2217/1026 2212/2218/1027
f 2213/2219/967 2214/2220/966 2215/2221/1026
f 2215/2221/1026 2214/2220/966 2216/2222/1014
f 2214/2220/966 2217/2223/950 2216/2222/1014
f 2216/2222/1014 2217/2223/950 2218/2224/978
f 2219/2225/1028 2220/2226/1029 2221/2227/1030
f 2221/2227/1030 2220/2226/1029 2222/2228/1031
f 2220/2226/1029 2223/2229/1032 2222/2228/1031
f 2222/2228/1031 2223/2229/1032 2224/2230/1033
f 2225/2231/1022 2226/2232/1034 2227/2233/1021
f 2227/2233/1021 2226/2232/1034 2228/2234/1029
f 2226/2232/1034 2229/2235/1035 2228/2234/1029
f 2228/2234/1029 2229/2235/1035 2230/2236/1036
f 2231/2237/1024 2232/2238/1037 2233/2239/1022
f 2233/2239/1022 2232/2238/1037 2234/2240/1034
f 2232/2238/1037 2235/2241/1038 2234/2240/1034
f 2234/2240/1034 2235/2241/1038 2236/2242/1035
f 2237/2243/1015 2238/2244/979 2239/2245/1024
f 2239/2245/1024 2238/2244/979 2240/2246/1037
f 2238/2244/979 2241/2247/977 2240/2246/1037
f 2240/2246/1037 2241/2247/977 2242/2248/1038
f 2243/2249/976 2244/2250/1039 2245/2251/977
f 2245/2251/977 2244/2250/1039 2246/2252/1038
f 2244/2250/1039 2247/2253/1040 2246/2252/1038
f 2246/2252/1038 2247/2253/1040 2248/2254/1041
f 2247/2253/1040 2249/2255/1042 2248/2254/1041
f 2248/2254/1041 2249/2255/1042 2250/2256/1032
f 2249/2255/1042 2251/2257/1043 2250/2256/1032
f 2250/2256/1032 2251/2257/1043 2252/2258/1033
f 2253/2259/1020 2254/2260/1044 2255/2261/1023
f 2255/2261/1023 2254/2260/1044 2256/2262/1045
f 2254/2260/1044 2257/2263/1046 2256/2262/1045
f 2256/2262/1045 2257/2263/1046 2258/2264/1026
f 2257/2263/1046 2259/2265/967 2258/2264/1026
f 2260/2266/1047 2261/2267/1048 2262/2268/953
f 2262/2268/953 2261/2267/1048 2263/2269/1049
f 2261/2267/1048 2264/2270/1049 2263/2269/1049
f 2265/2271/1050 2266/2272/1051 2267/2273/1052
f 2267/2273/1052 2266/2272/1051 2268/2274/1053
f 2266/2272/1051 2269/2275/1054 2268/2274/1053
f 2268/2274/1053 2269/2275/1054 2270/2276/1055
f 2269/2275/1054 2271/2277/1056 2270/2276/1055
f 2270/2276/1055 2271/2277/1056 2272/2278/1057
f 2271/2277/1056 2273/2279/1058 2272/2278/1057
f 2272/2278/1057 2273/2279/1058 2274/2280/1059
f 2273/2279/1058 2275/2281/1060 2274/2280/1059
f 2274/2280/1059 2275/2281/1060 2276/2282/1061
f 2275/2281/1060 2277/2283/1062 2276/2282/1061
f 2276/2282/1061 2277/2283/1062 2278/2284/1063
f 2279/2285/969 2280/2286/1064 2281/2287/968
f 2281/2287/968 2280/2286/1064 2282/2288/1065
f 2280/2286/1064 2283/2289/1009 2282/2288/1065
f 2282/2288/1065 2283/2289/1009 2284/2290/1008
f 2285/2291/1066 2286/2292/1067 2287/2293/970
f 2287/2293/970 2286/2292/1067 2288/2294/1068
f 2286/2292/1067 2289/2295/1010 2288/2294/1068
f 2288/2294/1068 2289/2295/1010 2290/2296/1011
f 2291/2297/942 2292/2298/959 2293/2299/955
f 2293/2299/955 2292/2298/959 2294/2300/964
f 2292/2298/959 2295/2301/1069 2294/2300/964
f 2294/2300/964 2295/2301/1069 2296/2302/1070
f 2295/2301/1069 2297/2303/962 2296/2302/1070
f 2298/2304/964 2299/2305/963 2300/2306/955
f 2300/2306/955 2299/2305/963 2301/2307/957
f 2299/2305/963 2302/2308/991 2301/2307/957
f 2303/2309/1071 2304/2310/1072 2305/2311/1073
f 2305/2311/1073 2304/2310/1072 2306/2312/986
f 2304/2310/1072 2307/2313/985 2306/2312/986
usemtl mat0.493
f 2308/2314/1074 2309/2315/1075 2310/2316/1076
f 2311/2317/1077 2312/2318/1078 2313/2319/1079
f 2314/2320/1080 2315/2321/1081 2316/2322/1082
f 2317/2323/1083 2318/2324/1084 2319/2325/1085
f 2320/2326/1086 2321/2327/1086 2322/2328/1086
f 2323/2329/1087 2324/2330/1087 2325/2331/1088
f 2326/2332/1089 2327/2333/1090 2328/2334/1091
f 2328/2334/1091 2327/2333/1090 2329/2335/1092
f 2330/2336/1093 2331/2337/1094 2332/2338/1095
f 2332/2338/1095 2331/2337/1094 2333/2339/1096
f 2334/2340/1097 2335/2341/1088 2336/2342/1098
f 2336/2342/1098 2335/2341/1088 2337/2343/1098
f 2338/2344/1087 2339/2345/1088 2340/2346/1087
f 2340/2346/1087 2339/2345/1088 2341/2347/1099
f 2342/2348/1098 2343/2349/1098 2344/2350/1098
f 2344/2350/1098 2343/2349/1098 2345/2351/1098
f 2346/2352/1098 2347/2353/1098 2348/2354/1098
f 2348/2354/1098 2347/2353/1098 2349/2355/1098
f 2350/2356/1098 2351/2357/1098 2352/2358/1098
f 2352/2358/1098 2351/2357/1098 2353/2359/1100
f 2354/2360/1086 2355/2361/1086 2356/2362/1087
f 2356/2362/1087 2355/2361/1086 2357/2363/1087
f 2358/2364/1101 2359/2365/1102 2360/2366/1103
f 2360/2366/1103 2359/2365/1102 2361/2367/1104
f 2362/2368/1098 2363/2369/1100 2364/2370/1098
f 2364/2370/1098 2363/2369/1100 2365/2371/1105
f 2366/2372/1103 2367/2373/1104 2368/2374/1106
f 2368/2374/1106 2367/2373/1104 2369/2375/1107
f 2370/2376/1106 2371/2377/1108 2372/2378/1109
f 2372/2378/1109 2371/2377/1108 2373/2379/1110
f 2374/2380/1111 2375/2381/1110 2376/2382/1112
f 2376/2382/1112 2375/2381/1110 2377/2383/1113
f 2378/2384/1114 2379/2385/1113 2380/2386/1115
f 2380/2386/1115 2379/2385/1113 2381/2387/1116
f 2382/2388/1117 2383/2389/1116 2384/2390/1118
f 2384/2390/1118 2383/2389/1116 2385/2391/1119
f 2386/2392/1120 2387/2393/1121 2388/2394/1089
f 2388/2394/1089 2387/2393/1121 2389/2395/1122
f 2390/2396/1123 2391/2397/1124 2392/2398/1120
f 2392/2398/1120 2391/2397/1124 2393/2399/1121
f 2394/2400/1125 2395/2401/1094 2396/2402/1126
f 2396/2402/1126 2395/2401/1094 2397/2403/1127
f 2398/2404/1128 2399/2405/1129 2400/2406/1130
f 2400/2406/1130 2399/2405/1129 2401/2407/1131
f 2402/2408/1132 2403/2409/1133 2404/2410/1134
f 2404/2410/1134 2403/2409/1133 2405/2411/1135
f 2406/2412/1136 2407/2413/1137 2408/2414/1134
f 2408/2414/1134 2407/2413/1137 2409/2415/1132
f 2410/2416/1138 2411/2417/1139 2412/2418/1133
f 2412/2418/1133 2411/2417/1139 2413/2419/1135
f 2414/2420/1128 2415/2421/1074 2416/2422/1129
f 2416/2422/1129 2415/2421/1074 2417/2423/1076
f 2418/2424/1127 2419/2425/1094 2420/2426/1140
f 2420/2426/1140 2419/2425/1094 2421/2427/1141
f 2422/2428/1093 2423/2429/1082 2424/2430/1094
f 2424/2430/1094 2423/2429/1082 2425/2431/1141
f 2426/2432/1140 2427/2433/1141 2428/2434/1078
f 2428/2434/1078 2427/2433/1141 2429/2435/1142
f 2430/2436/1143 2431/2437/1144 2432/2438/1145
f 2432/2438/1145 2431/2437/1144 2433/2439/1079
f 2434/2440/1146 2435/2441/1081 2436/2442/1147
f 2436/2442/1147 2435/2441/1081 2437/2443/1148
f 2438/2444/1149 2439/2445/1150 2440/2446/1151
f 2440/2446/1151 2439/2445/1150 2441/2447/1146
f 2442/2448/1105 2443/2449/1100 2444/2450/1152
f 2444/2450/1152 2443/2449/1100 2445/2451/1153
f 2446/2452/1154 2447/2453/1149 2448/2454/1155
f 2448/2454/1155 2447/2453/1149 2449/2455/1156
f 2450/2456/1076 2451/2457/1157 2452/2458/1158
f 2452/2458/1158 2451/2457/1157 2453/2459/1159
f 2454/2460/1160 2455/2461/1092 2456/2462/1161
f 2456/2462/1161 2455/2461/1092 2457/2463/1162
f 2458/2464/1163 2459/2465/1164 2460/2466/1165
f 2460/2466/1165 2459/2465/1164 2461/2467/1166
f 2462/2468/1167 2463/2469/1168 2464/2470/1169
f 2464/2470/1169 2463/2469/1168 2465/2471/1170
f 2466/2472/1171 2467/2473/1126 2468/2474/1136
f 2468/2474/1136 2467/2473/1126 2469/2475/1137
f 2470/2476/1172 2471/2477/1173 2472/2478/1138
f 2472/2478/1138 2471/2477/1173 2473/2479/1139
f 2474/2480/1174 2475/2481/1170 2476/2482/1175
f 2476/2482/1175 2475/2481/1170 2477/2483/1176
f 2478/2484/1123 2479/2485/1177 2480/2486/1166
f 2480/2486/1166 2479/2485/1177 2481/2487/1178
f 2479/2485/1177 2482/2488/1179 2481/2487/1178
f 2483/2489/1180 2484/2490/1181 2485/2491/1084
f 2485/2491/1084 2484/2490/1181 2486/2492/1085
f 2484/2490/1181 2487/2493/1182 2486/2492/1085
f 2486/2492/1085 2487/2493/1182 2488/2494/1164
f 2487/2493/1182 2489/2495/1183 2488/2494/1164
f 2488/2494/1164 2489/2495/1183 2490/2496/1166
f 2489/2495/1183 2491/2497/1124 2490/2496/1166
f 2490/2496/1166 2491/2497/1124 2492/2498/1123
f 2493/2499/1164 2494/2500/1184 2495/2501/1085
f 2495/2501/1085 2494/2500/1184 2496/2502/1083
f 2494/2500/1184 2497/2503/1173 2496/2502/1083
f 2496/2502/1083 2497/2503/1173 2498/2504/1172
f 2499/2505/1185 2500/2506/1186 2501/2507/1187
f 2501/2507/1187 2500/2506/1186 2502/2508/1175
f 2500/2506/1186 2503/2509/1188 2502/2508/1175
f 2502/2508/1175 2503/2509/1188 2504/2510/1174
f 2503/2509/1188 2505/2511/1189 2504/2510/1174
f 2504/2510/1174 2505/2511/1189 2506/2512/1167
f 2505/2511/1189 2507/2513/1183 2506/2512/1167
f 2506/2512/1167 2507/2513/1183 2508/2514/1182
f 2509/2515/1162 2510/2516/1092 2511/2517/1190
f 2511/2517/1190 2510/2516/1092 2512/2518/1186
f 2510/2516/1092 2513/2519/1122 2512/2518/1186
f 2512/2518/1186 2513/2519/1122 2514/2520/1188
f 2513/2519/1122 2515/2521/1121 2514/2520/1188
f 2514/2520/1188 2515/2521/1121 2516/2522/1191
f 2515/2521/1121 2517/2523/1124 2516/2522/1191
f 2516/2522/1191 2517/2523/1124 2518/2524/1183
f 2519/2525/1192 2520/2526/1168 2521/2527/1180
f 2521/2527/1180 2520/2526/1168 2522/2528/1181
f 2520/2526/1168 2523/2529/1167 2522/2528/1181
f 2522/2528/1181 2523/2529/1167 2524/2530/1182
f 2525/2531/1098 2526/2532/1193 2527/2533/1194
f 2527/2533/1194 2526/2532/1193 2528/2534/1127
f 2526/2532/1193 2529/2535/1195 2528/2534/1127
f 2530/2536/1144 2531/2537/1196 2532/2538/1078
f 2532/2538/1078 2531/2537/1196 2533/2539/1140
f 2531/2537/1196 2534/2540/1194 2533/2539/1140
f 2533/2539/1140 2534/2540/1194 2535/2541/1127
f 2536/2542/1197 2537/2543/1198 2538/2544/1141
f 2538/2544/1141 2537/2543/1198 2539/2545/1079
f 2537/2543/1198 2540/2546/1199 2539/2545/1079
f 2541/2547/1200 2542/2548/1201 2543/2549/1202
f 2543/2549/1202 2542/2548/1201 2544/2550/1203
f 2542/2548/1201 2545/2551/1204 2544/2550/1203
f 2544/2550/1203 2545/2551/1204 2546/2552/1205
f 2545/2551/1204 2547/2553/1206 2546/2552/1205
f 2546/2552/1205 2547/2553/1206 2548/2554/1207
f 2547/2553/1206 2549/2555/1208 2548/2554/1207
usemtl mat0.494
f 2550/2556/9 2551/2557/9 2552/2558/9
f 2553/2559/1209 2554/2560/1210 2555/2561/1211
f 2555/2561/1211 2554/2560/1210 2556/2562/1212
f 2557/2563/1213 2558/2564/1214 2559/2565/1215
f 2559/2565/1215 2558/2564/1214 2560/2566/1216
f 2561/2567/1217 2562/2568/1218 2563/2569/1219
f 2563/2569/1219 2562/2568/1218 2564/2570/1220
f 2565/2571/1219 2566/2572/1220 2567/2573/1221
f 2567/2573/1221 2566/2572/1220 2568/2574/1222
f 2569/2575/1223 2570/2576/1224 2571/2577/1213
f 2571/2577/1213 2570/2576/1224 2572/2578/1225
f 2573/2579/1218 2574/2580/1217 2575/2581/1223
f 2575/2581/1223 2574/2580/1217 2576/2582/1226
f 2577/2583/1215 2578/2584/1227 2579/2585/1228
f 2579/2585/1228 2578/2584/1227 2580/2586/1229
f 2581/2587/1228 2582/2588/1229 2583/2589/1230
f 2583/2589/1230 2582/2588/1229 2584/2590/1231
f 2585/2591/1232 2586/2592/1233 2587/2593/1234
f 2587/2593/1234 2586/2592/1233 2588/2594/1235
f 2589/2595/1236 2590/2596/1237 2591/2597/1238
f 2591/2597/1238 2590/2596/1237 2592/2598/1239
f 2593/2599/1240 2594/2600/1210 2595/2601/1241
f 2595/2601/1241 2594/2600/1210 2596/2602/1209
f 2597/2603/1242 2598/2604/1243 2599/2605/1244
f 2599/2605/1244 2598/2604/1243 2600/2606/1245
f 2601/2607/1246 2602/2608/1241 2603/2609/1244
f 2603/2609/1244 2602/2608/1241 2604/2610/1242
f 2605/2611/1247 2606/2612/1248 2607/2613/1249
f 2607/2613/1249 2606/2612/1248 2608/2614/1239
f 2609/2615/1216 2610/2616/1224 2611/2617/1250
f 2611/2617/1250 2610/2616/1224 2612/2618/1251
f 2613/2619/1252 2614/2620/1253 2615/2621/1254
f 2615/2621/1254 2614/2620/1253 2616/2622/1255
f 2617/2623/1225 2618/2624/1256 2619/2625/1257
f 2619/2625/1257 2618/2624/1256 2620/2626/1250
f 2621/2627/1226 2622/2628/1217 2623/2629/1251
f 2623/2629/1251 2622/2628/1217 2624/2630/1258
f 2625/2631/1259 2626/2632/1260 2627/2633/1261
f 2627/2633/1261 2626/2632/1260 2628/2634/1231
f 2629/2635/1262 2630/2636/1263 2631/2637/1259
f 2631/2637/1259 2630/2636/1263 2632/2638/1264
f 2633/2639/1265 2634/2640/1233 2635/2641/1262
f 2635/2641/1262 2634/2640/1233 2636/2642/1263
f 2637/2643/1266 2638/2644/1267 2639/2645/1253
f 2639/2645/1253 2638/2644/1267 2640/2646/1255
f 2641/2647/1268 2642/2648/1269 2643/2649/1270
f 2643/2649/1270 2642/2648/1269 2644/2650/1271
f 2645/2651/1271 2646/2652/1267 2647/2653/1270
f 2647/2653/1270 2646/2652/1267 2648/2654/1272
f 2649/2655/9 2650/2656/9 2651/2657/1253
f 2651/2657/1253 2650/2656/9 2652/2658/1266
f 2653/2659/1239 2654/2660/1248 2655/2661/1238
f 2655/2661/1238 2654/2660/1248 2656/2662/1273
f 2657/2663/1240 2658/2664/23 2659/2665/1210
f 2659/2665/1210 2658/2664/23 2660/2666/23
f 2658/2664/23 2661/2667/23 2660/2666/23
f 2662/2668/1217 2663/2669/1219 2664/2670/1258
f 2664/2670/1258 2663/2669/1219 2665/2671/1274
f 2663/2669/1219 2666/2672/1221 2665/2671/1274
f 2665/2671/1274 2666/2672/1221 2667/2673/1275
f 2668/2674/1257 2669/2675/1276 2670/2676/1227
f 2670/2676/1227 2669/2675/1276 2671/2677/1229
f 2669/2675/1276 2672/2678/1261 2671/2677/1229
f 2671/2677/1229 2672/2678/1261 2673/2679/1231
f 2674/2680/1265 2675/2681/1277 2676/2682/1233
f 2676/2682/1233 2675/2681/1277 2677/2683/1237
f 2675/2681/1277 2678/2684/1249 2677/2683/1237
f 2677/2683/1237 2678/2684/1249 2679/2685/1239
f 2680/2686/1232 2681/2687/1278 2682/2688/1233
f 2682/2688/1233 2681/2687/1278 2683/2689/1263
f 2681/2687/1278 2684/2690/1279 2683/2689/1263
f 2683/2689/1263 2684/2690/1279 2685/2691/1260
f 2684/2690/1279 2686/2692/1230 2685/2691/1260
f 2685/2691/1260 2686/2692/1230 2687/2693/1231
usemtl mat0.495
f 2688/2694/1280 2689/2695/23 2690/2696/23
f 2691/2697/1281 2692/2698/1282 2693/2699/1283
f 2694/2700/9 2695/2701/9 2696/2702/9
f 2697/2703/9 2698/2704/9 2699/2705/9
f 2700/2706/1284 2701/2707/1285 2702/2708/1286
f 2703/2709/1287 2704/2710/1288 2705/2711/1289
f 2705/2711/1289 2704/2710/1288 2706/2712/1290
f 2707/2713/1291 2708/2714/1291 2709/2715/1291
f 2709/2715/1291 2708/2714/1291 2710/2716/1291
f 2711/2717/1292 2712/2718/1293 2713/2719/1294
f 2713/2719/1294 2712/2718/1293 2714/2720/1295
f 2715/2721/1296 2716/2722/1297 2717/2723/1296
f 2717/2723/1296 2716/2722/1297 2718/2724/1298
f 2719/2725/1299 2720/2726/1300 2721/2727/1301
f 2721/2727/1301 2720/2726/1300 2722/2728/1302
f 2723/2729/1292 2724/2730/1292 2725/2731/1303
f 2725/2731/1303 2724/2730/1292 2726/2732/1304
f 2727/2733/9 2728/2734/9 2729/2735/9
f 2729/2735/9 2728/2734/9 2730/2736/9
f 2731/2737/1296 2732/2738/1296 2733/2739/1305
f 2733/2739/1305 2732/2738/1296 2734/2740/1306
f 2735/2741/1307 2736/2742/1308 2737/2743/1286
f 2737/2743/1286 2736/2742/1308 2738/2744/1309
f 2739/2745/1294 2740/2746/1294 2741/2747/1294
f 2741/2747/1294 2740/2746/1294 2742/2748/1295
f 2743/2749/1310 2744/2750/1302 2745/2751/1311
f 2745/2751/1311 2744/2750/1302 2746/2752/1312
f 2747/2753/1304 2748/2754/1294 2749/2755/1303
f 2749/2755/1303 2748/2754/1294 2750/2756/1313
f 2751/2757/1314 2752/2758/1315 2753/2759/1316
f 2753/2759/1316 2752/2758/1315 2754/2760/1317
f 2755/2761/1318 2756/2762/1319 2757/2763/1320
f 2757/2763/1320 2756/2762/1319 2758/2764/1321
f 2759/2765/1322 2760/2766/1323 2761/2767/1324
f 2761/2767/1324 2760/2766/1323 2762/2768/1325
f 2763/2769/1323 2764/2770/1326 2765/2771/1325
f 2765/2771/1325 2764/2770/1326 2766/2772/1327
f 2767/2773/1328 2768/2774/1318 2769/2775/1329
f 2769/2775/1329 2768/2774/1318 2770/2776/1320
f 2771/2777/1330 2772/2778/1331 2773/2779/1332
f 2773/2779/1332 2772/2778/1331 2774/2780/1331
f 2775/2781/1280 2776/2782/1330 2777/2783/1280
f 2777/2783/1280 2776/2782/1330 2778/2784/1332
f 2779/2785/23 2780/2786/1333 2781/2787/9
f 2781/2787/9 2780/2786/1333 2782/2788/9
f 2783/2789/1333 2784/2790/23 2785/2791/1334
f 2785/2791/1334 2784/2790/23 2786/2792/1334
f 2787/2793/1333 2788/2794/1333 2789/2795/1333
f 2789/2795/1333 2788/2794/1333 2790/2796/1333
f 2791/2797/1334 2792/2798/9 2793/2799/1334
f 2793/2799/1334 2792/2798/9 2794/2800/9
f 2795/2801/1334 2796/2802/1334 2797/2803/1334
f 2797/2803/1334 2796/2802/1334 2798/2804/1334
f 2799/2805/1335 2800/2806/1336 2801/2807/1337
f 2801/2807/1337 2800/2806/1336 2802/2808/1310
f 2803/2809/1338 2804/2810/1339 2805/2811/1300
f 2805/2811/1300 2804/2810/1339 2806/2812/1340
f 2807/2813/1341 2808/2814/1342 2809/2815/1343
f 2809/2815/1343 2808/2814/1342 2810/2816/1301
f 2811/2817/1344 2812/2818/1282 2813/2819/1345
f 2813/2819/1345 2812/2818/1282 2814/2820/23
f 2815/2821/1346 2816/2822/1347 2817/2823/1347
f 2817/2823/1347 2816/2822/1347 2818/2824/1348
f 2819/2825/1317 2820/2826/1315 2821/2827/1349
f 2821/2827/1349 2820/2826/1315 2822/2828/23
f 2823/2829/1350 2824/2830/1351 2825/2831/1289
f 2825/2831/1289 2824/2830/1351 2826/2832/1352
f 2824/2830/1351 2827/2833/1298 2826/2832/1352
f 2828/2834/1353 2829/2835/1354 2830/2836/1355
f 2830/2836/1355 2829/2835/1354 2831/2837/1290
f 2829/2835/1354 2832/2838/1356 2831/2837/1290
f 2833/2839/9 2834/2840/9 2835/2841/9
f 2835/2841/9 2834/2840/9 2836/2842/9
f 2834/2840/9 2837/2843/9 2836/2842/9
f 2838/2844/1341 2839/2845/1357 2840/2846/1358
f 2840/2846/1358 2839/2845/1357 2841/2847/1359
f 2839/2845/1357 2842/2848/1360 2841/2847/1359
f 2843/2849/1361 2844/2850/1362 2845/2851/1363
f 2845/2851/1363 2844/2850/1362 2846/2852/1364
f 2844/2850/1362 2847/2853/1365 2846/2852/1364
