# Blender v2.82 (sub 7) OBJ File: ''
# www.blender.org
mtllib OLeonidas Hitbox.mtl
o Cube_Cube.065
v -0.756103 0.020919 0.734665
v -0.756103 0.047924 0.734665
v -0.756103 0.020919 -0.734665
v -0.756103 0.047924 -0.734665
v 0.756103 0.020919 0.734665
v 0.756103 0.047924 0.734665
v 0.756103 0.020919 -0.734665
v 0.756103 0.047924 -0.734665
vt 0.375000 0.000000
vt 0.625000 0.000000
vt 0.625000 0.250000
vt 0.375000 0.250000
vt 0.625000 0.500000
vt 0.375000 0.500000
vt 0.625000 0.750000
vt 0.375000 0.750000
vt 0.625000 1.000000
vt 0.375000 1.000000
vt 0.125000 0.500000
vt 0.125000 0.750000
vt 0.875000 0.500000
vt 0.875000 0.750000
vn -1.0000 0.0000 0.0000
vn 0.0000 0.0000 -1.0000
vn 1.0000 0.0000 0.0000
vn 0.0000 0.0000 1.0000
vn 0.0000 -1.0000 0.0000
vn 0.0000 1.0000 0.0000
usemtl None
s off
f 1/1/1 2/2/1 4/3/1 3/4/1
f 3/4/2 4/3/2 8/5/2 7/6/2
f 7/6/3 8/5/3 6/7/3 5/8/3
f 5/8/4 6/7/4 2/9/4 1/10/4
f 3/11/5 7/6/5 5/8/5 1/12/5
f 8/5/6 4/13/6 2/14/6 6/7/6
o Mesh_0028.rip_Mesh_0028.rip_mesh0000
v -0.287109 0.948557 -0.214844
v -0.310547 0.948557 -0.205078
v -0.312500 1.206369 -0.205078
v -0.287109 0.948557 -0.171875
v -0.195312 0.948557 0.009766
v -0.195312 0.948557 -0.171875
v -0.619141 0.380197 0.078125
v -0.658203 0.528635 0.175781
v -0.681641 0.528635 0.000000
v -0.279297 0.054025 0.115234
v -0.277344 0.427072 0.578125
v -0.259766 0.380197 0.078125
v -0.611328 0.388010 0.162109
v -0.453125 0.415353 0.453125
v -0.552734 0.403635 0.318359
v -0.582031 0.307932 0.021484
v -0.263672 0.309885 -0.228516
v -0.261719 0.307932 0.021484
v -0.453125 0.415353 0.453125
v -0.482422 0.528635 0.482422
v -0.589844 0.528635 0.339844
v 0.091797 0.569650 -0.623047
v 0.095703 0.247385 -0.533203
v 0.097656 0.278635 -0.521484
v 0.287109 0.948557 -0.171875
v 0.310547 0.948557 -0.183594
v 0.312500 1.204416 -0.183594
v 0.056641 0.888010 -0.638672
v 0.060547 0.895822 -0.656250
v 0.087891 0.682932 -0.687500
v 0.289062 1.044260 -0.523437
v 0.289062 0.682932 -0.632812
v 0.291016 0.895822 -0.595703
v 0.312500 0.915353 0.244141
v 0.312500 0.948557 -0.195312
v 0.312500 0.948557 0.189453
v 0.619141 0.380197 0.078125
v 0.681641 0.528635 0.000000
v 0.658203 0.528635 0.175781
v 0.277344 0.247385 -0.468750
v 0.277344 0.345041 -0.537109
v 0.261719 0.382150 -0.296875
v 0.611328 0.388010 0.162109
v 0.259766 0.380197 0.078125
v 0.619141 0.380197 0.078125
v 0.056641 0.888010 -0.638672
v 0.087891 0.682932 -0.687500
v 0.091797 0.569650 -0.623047
v 0.095703 0.526682 -0.667969
v 0.289062 1.272775 -0.246094
v 0.287109 0.948557 -0.214844
v 0.289062 1.177072 -0.400391
v 0.289062 1.044260 -0.523437
v 0.345703 1.227854 -0.205078
v 0.345703 1.227854 -0.183594
v 0.345703 1.214182 -0.205078
v 0.345703 1.212229 -0.183594
v 0.000000 0.948557 0.009766
v 0.195312 0.948557 0.009766
v 0.000000 1.227854 -0.087891
v 0.195312 1.227854 -0.087891
v 0.277344 0.247385 -0.468750
v 0.261719 0.382150 -0.296875
v 0.277344 0.124338 -0.304688
v 0.263672 0.309885 -0.228516
v 0.312500 0.948557 -0.195312
v 0.312500 0.915353 0.244141
v 0.312500 0.682932 -0.195312
v 0.312500 0.682932 0.281250
v 0.312500 0.948557 0.189453
v 0.000000 0.948557 0.191406
v 0.312500 0.915353 0.244141
v 0.000000 0.915353 0.244141
v 0.000000 0.915353 0.244141
v 0.000000 0.682932 0.281250
v 0.312500 0.915353 0.244141
v 0.312500 0.682932 0.281250
v 0.287109 0.948557 -0.214844
v 0.312500 0.948557 -0.195312
v 0.287109 0.682932 -0.214844
v 0.312500 0.682932 -0.195312
v 0.289062 0.682932 -0.632812
v 0.289062 1.044260 -0.523437
v 0.287109 0.682932 -0.214844
v 0.287109 0.948557 -0.214844
v 0.289062 1.227854 -0.171875
v 0.289062 1.227854 -0.089844
v 0.195312 1.227854 -0.171875
v 0.195312 1.227854 -0.087891
v 0.289062 1.227854 -0.171875
v 0.289062 1.227854 -0.214844
v 0.289062 1.272775 -0.246094
v 0.287109 0.948557 -0.214844
v 0.289062 1.227854 -0.171875
v 0.289062 1.272775 -0.246094
v 0.289062 1.227854 -0.089844
v 0.289062 1.307932 -0.130859
v 0.195312 0.948557 0.009766
v 0.195312 0.948557 -0.171875
v 0.195312 1.227854 -0.087891
v 0.195312 1.227854 -0.171875
v 0.195312 1.227854 -0.171875
v 0.195312 0.948557 -0.171875
v 0.289062 1.227854 -0.171875
v 0.287109 0.948557 -0.171875
v 0.289062 1.227854 -0.171875
v 0.312500 1.227854 -0.183594
v 0.289062 1.227854 -0.214844
v 0.312500 1.227854 -0.205078
v 0.000000 1.368479 -0.134766
v 0.000000 1.227854 -0.087891
v 0.195312 1.341135 -0.130859
v 0.195312 1.227854 -0.087891
v 0.195312 1.341135 -0.130859
v 0.195312 1.227854 -0.087891
v 0.289062 1.307932 -0.130859
v 0.289062 1.227854 -0.089844
v 0.195312 1.054025 -0.556641
v 0.060547 0.895822 -0.656250
v 0.000000 1.069650 -0.580078
v 0.000000 0.905588 -0.662109
v 0.195312 1.054025 -0.556641
v 0.000000 1.069650 -0.580078
v 0.195312 1.198557 -0.421875
v 0.000000 1.220041 -0.441406
v 0.195312 1.198557 -0.421875
v 0.000000 1.220041 -0.441406
v 0.195312 1.302072 -0.255859
v 0.000000 1.327463 -0.267578
v 0.195312 1.302072 -0.255859
v 0.000000 1.327463 -0.267578
v 0.195312 1.341135 -0.130859
v 0.000000 1.368479 -0.134766
v 0.060547 0.895822 -0.656250
v 0.291016 0.895822 -0.595703
v 0.087891 0.682932 -0.687500
v 0.289062 0.682932 -0.632812
v 0.195312 1.302072 -0.255859
v 0.289062 1.272775 -0.246094
v 0.195312 1.198557 -0.421875
v 0.289062 1.177072 -0.400391
v 0.195312 1.341135 -0.130859
v 0.289062 1.307932 -0.130859
v 0.195312 1.302072 -0.255859
v 0.289062 1.272775 -0.246094
v 0.000000 0.682932 0.455078
v 0.115234 0.682932 0.455078
v 0.000000 0.682932 0.281250
v 0.699219 0.682932 0.000000
v 0.699219 0.682932 0.000000
v 0.494141 0.682932 -0.494141
v 0.000000 0.682932 0.281250
v 0.289062 0.682932 -0.632812
v 0.605469 0.682932 -0.349609
v 0.494141 0.682932 -0.494141
v 0.675781 0.682932 -0.179688
v 0.699219 0.682932 0.000000
v 0.091797 0.569650 -0.623047
v 0.000000 0.567697 -0.632812
v 0.056641 0.888010 -0.638672
v 0.000000 0.897775 -0.642578
v 0.312500 1.204416 -0.183594
v 0.310547 0.948557 -0.183594
v 0.312500 1.206369 -0.205078
v 0.310547 0.948557 -0.205078
v 0.345703 1.227854 -0.205078
v 0.345703 1.214182 -0.205078
v 0.312500 1.227854 -0.205078
v 0.312500 1.206369 -0.205078
v 0.345703 1.227854 -0.183594
v 0.345703 1.227854 -0.205078
v 0.312500 1.227854 -0.183594
v 0.312500 1.227854 -0.205078
v 0.345703 1.214182 -0.205078
v 0.345703 1.212229 -0.183594
v 0.312500 1.206369 -0.205078
v 0.312500 1.204416 -0.183594
v 0.494141 0.682932 0.494141
v 0.115234 0.682932 0.455078
v 0.349609 0.682931 0.605469
v 0.130859 0.682931 0.675781
v 0.095703 0.614572 0.490234
v 0.000000 0.608713 0.492188
v 0.111328 0.610666 0.667969
v 0.000000 0.610666 0.691406
v 0.115234 0.682932 0.455078
v 0.095703 0.614572 0.490234
v 0.130859 0.682931 0.675781
v 0.111328 0.610666 0.667969
v 0.261719 0.307932 0.021484
v 0.277344 0.054025 -0.111328
v 0.263672 0.309885 -0.228516
v 0.277344 0.124338 -0.304688
v 0.277344 0.247385 -0.468750
v 0.095703 0.247385 -0.533203
v 0.277344 0.345041 -0.537109
v 0.097656 0.380197 -0.617188
v 0.056641 0.888010 -0.638672
v 0.000000 0.897775 -0.642578
v 0.060547 0.895822 -0.656250
v 0.000000 0.905588 -0.662109
v 0.095703 0.247385 -0.533203
v 0.091797 0.569650 -0.623047
v 0.097656 0.380197 -0.617188
v 0.095703 0.526682 -0.667969
v 0.097656 0.278635 -0.521484
v 0.000000 0.278635 -0.533203
v 0.091797 0.569650 -0.623047
v 0.000000 0.567697 -0.632812
v 0.097656 0.278635 -0.521484
v 0.095703 0.247385 -0.533203
v 0.000000 0.278635 -0.533203
v 0.000000 0.247385 -0.546875
v -0.154297 0.096994 -0.335938
v -0.154297 0.001291 -0.144531
v -0.277344 0.124338 -0.304688
v -0.277344 0.054025 -0.111328
v 0.000000 0.095041 0.369141
v -0.154297 0.098947 0.363281
v 0.000000 0.001291 0.154297
v -0.154297 0.009103 0.138672
v 0.000000 0.247385 0.546875
v -0.154297 0.247385 0.527344
v 0.000000 0.095041 0.369141
v -0.154297 0.098947 0.363281
v -0.154297 0.430978 0.625000
v -0.277344 0.427072 0.578125
v -0.154297 0.247385 0.527344
v -0.277344 0.247385 0.468750
v -0.154297 0.247385 0.527344
v 0.000000 0.247385 0.546875
v -0.154297 0.430978 0.625000
v 0.000000 0.432932 0.648437
v -0.552734 0.382150 -0.296875
v -0.533203 0.309885 -0.228516
v -0.607422 0.380197 -0.162109
v -0.564453 0.307932 -0.150391
v -0.349609 0.682931 0.605469
v -0.494141 0.682932 0.494141
v -0.339844 0.528635 0.589844
v -0.482422 0.528635 0.482422
v 0.277344 0.345041 -0.537109
v 0.435547 0.360666 -0.435547
v 0.261719 0.382150 -0.296875
v 0.552734 0.382150 -0.296875
v 0.259766 0.380197 0.078125
v 0.279297 0.054025 0.115234
v 0.261719 0.307932 0.021484
v 0.277344 0.054025 -0.111328
v -0.675781 0.682932 -0.179688
v -0.658203 0.528635 -0.175781
v -0.699219 0.682932 0.000000
v -0.681641 0.528635 0.000000
v -0.699219 0.682932 0.000000
v -0.681641 0.528635 0.000000
v -0.675781 0.682932 0.179688
v -0.658203 0.528635 0.175781
v -0.675781 0.682932 0.179688
v -0.658203 0.528635 0.175781
v -0.605469 0.682932 0.349609
v -0.589844 0.528635 0.339844
v -0.605469 0.682932 0.349609
v -0.589844 0.528635 0.339844
v -0.494141 0.682932 0.494141
v -0.482422 0.528635 0.482422
v -0.339844 0.528635 0.589844
v -0.111328 0.610666 0.667969
v -0.349609 0.682931 0.605469
v -0.130859 0.682931 0.675781
v -0.115234 0.682932 0.455078
v -0.095703 0.614572 0.490234
v 0.000000 0.682932 0.455078
v 0.000000 0.608713 0.492188
v -0.494141 0.682932 -0.494141
v -0.482422 0.528635 -0.482422
v -0.605469 0.682932 -0.349609
v -0.589844 0.528635 -0.339844
v -0.605469 0.682932 -0.349609
v -0.589844 0.528635 -0.339844
v -0.675781 0.682932 -0.179688
v -0.658203 0.528635 -0.175781
v -0.619141 0.380197 0.078125
v -0.681641 0.528635 0.000000
v -0.607422 0.380197 -0.162109
v -0.658203 0.528635 -0.175781
v -0.552734 0.403635 0.318359
v -0.658203 0.528635 0.175781
v -0.611328 0.388010 0.162109
v -0.619141 0.380197 0.078125
v -0.453125 0.415353 0.453125
v -0.589844 0.528635 0.339844
v -0.552734 0.403635 0.318359
v -0.658203 0.528635 0.175781
v -0.589844 0.528635 -0.339844
v -0.482422 0.528635 -0.482422
v -0.552734 0.382150 -0.296875
v -0.435547 0.360666 -0.435547
v -0.607422 0.380197 -0.162109
v -0.658203 0.528635 -0.175781
v -0.552734 0.382150 -0.296875
v -0.589844 0.528635 -0.339844
v -0.564453 0.307932 -0.150391
v -0.582031 0.307932 0.021484
v -0.607422 0.380197 -0.162109
v -0.619141 0.380197 0.078125
v -0.283203 0.528635 -0.617188
v -0.289062 0.682932 -0.632812
v -0.095703 0.526682 -0.667969
v -0.087891 0.682932 -0.687500
v -0.263672 0.309885 -0.228516
v -0.582031 0.307932 0.021484
v -0.533203 0.309885 -0.228516
v -0.564453 0.307932 -0.150391
v -0.263672 0.309885 -0.228516
v -0.533203 0.309885 -0.228516
v -0.261719 0.382150 -0.296875
v -0.552734 0.382150 -0.296875
v -0.261719 0.307932 0.021484
v -0.259766 0.380197 0.078125
v -0.582031 0.307932 0.021484
v -0.619141 0.380197 0.078125
v -0.552734 0.382150 -0.296875
v -0.435547 0.360666 -0.435547
v -0.261719 0.382150 -0.296875
v -0.277344 0.345041 -0.537109
v -0.277344 0.427072 0.578125
v -0.279297 0.054025 0.115234
v -0.277344 0.247385 0.468750
v -0.277344 0.124338 0.304687
v -0.345703 1.212229 -0.183594
v -0.345703 1.227854 -0.183594
v -0.345703 1.214182 -0.205078
v -0.345703 1.227854 -0.205078
v 0.000000 0.948557 0.009766
v 0.000000 1.227854 -0.087891
v -0.195312 0.948557 0.009766
v -0.195312 1.227854 -0.087891
v -0.312500 0.948557 0.189453
v -0.312500 0.915353 0.244141
v 0.000000 0.948557 0.191406
v 0.000000 0.915353 0.244141
v 0.000000 0.915353 0.244141
v -0.312500 0.915353 0.244141
v 0.000000 0.682932 0.281250
v -0.312500 0.682932 0.281250
v -0.287109 0.948557 -0.214844
v -0.287109 0.682932 -0.214844
v -0.312500 0.948557 -0.195312
v -0.312500 0.682932 -0.195312
v -0.289062 1.227854 -0.171875
v -0.195312 1.227854 -0.171875
v -0.289062 1.227854 -0.089844
v -0.195312 1.227854 -0.087891
v -0.289062 1.307932 -0.130859
v -0.289062 1.272775 -0.246094
v -0.289062 1.227854 -0.089844
v -0.289062 1.227854 -0.171875
v -0.195312 0.948557 0.009766
v -0.195312 1.227854 -0.087891
v -0.195312 0.948557 -0.171875
v -0.195312 1.227854 -0.171875
v -0.195312 1.227854 -0.171875
v -0.289062 1.227854 -0.171875
v -0.195312 0.948557 -0.171875
v -0.287109 0.948557 -0.171875
v -0.287109 0.948557 -0.214844
v -0.312500 1.206369 -0.205078
v -0.289062 1.227854 -0.214844
v -0.312500 1.227854 -0.205078
v -0.312500 1.227854 -0.205078
v -0.312500 1.227854 -0.183594
v -0.289062 1.227854 -0.214844
v -0.289062 1.227854 -0.171875
v 0.000000 0.905588 -0.662109
v -0.060547 0.895822 -0.656250
v 0.000000 1.069650 -0.580078
v -0.195312 1.054025 -0.556641
v -0.060547 0.895822 -0.656250
v -0.087891 0.682932 -0.687500
v -0.291016 0.895822 -0.595703
v -0.289062 0.682932 -0.632812
v -0.289062 1.044260 -0.523437
v -0.195312 1.054025 -0.556641
v -0.291016 0.895822 -0.595703
v -0.060547 0.895822 -0.656250
v -0.289062 1.177072 -0.400391
v -0.195312 1.198557 -0.421875
v -0.289062 1.044260 -0.523437
v -0.195312 1.054025 -0.556641
v -0.699219 0.682932 0.000000
v -0.115234 0.682932 0.455078
v 0.000000 0.682932 0.281250
v 0.000000 0.682932 0.455078
v -0.289062 0.682932 -0.632812
v -0.675781 0.682932 -0.179688
v 0.000000 0.682932 0.281250
v -0.699219 0.682932 0.000000
v -0.605469 0.682932 -0.349609
v -0.675781 0.682932 -0.179688
v -0.494141 0.682932 -0.494141
v -0.289062 0.682932 -0.632812
v -0.312500 1.204416 -0.183594
v -0.312500 1.206369 -0.205078
v -0.310547 0.948557 -0.183594
v -0.310547 0.948557 -0.205078
v -0.345703 1.227854 -0.205078
v -0.312500 1.227854 -0.205078
v -0.345703 1.214182 -0.205078
v -0.312500 1.206369 -0.205078
v -0.345703 1.227854 -0.183594
v -0.312500 1.227854 -0.183594
v -0.345703 1.227854 -0.205078
v -0.312500 1.227854 -0.205078
v -0.345703 1.227854 -0.183594
v -0.345703 1.212229 -0.183594
v -0.312500 1.227854 -0.183594
v -0.312500 1.204416 -0.183594
v -0.345703 1.214182 -0.205078
v -0.312500 1.206369 -0.205078
v -0.345703 1.212229 -0.183594
v -0.312500 1.204416 -0.183594
v -0.494141 0.682932 0.494141
v -0.349609 0.682931 0.605469
v -0.115234 0.682932 0.455078
v -0.130859 0.682931 0.675781
v -0.095703 0.614572 0.490234
v -0.111328 0.610666 0.667969
v 0.000000 0.608713 0.492188
v 0.000000 0.610666 0.691406
v -0.115234 0.682932 0.455078
v -0.130859 0.682931 0.675781
v -0.095703 0.614572 0.490234
v -0.111328 0.610666 0.667969
v -0.277344 0.054025 -0.111328
v -0.154297 0.009103 0.138672
v -0.279297 0.054025 0.115234
v -0.154297 0.098947 0.363281
v -0.056641 0.888010 -0.638672
v -0.060547 0.895822 -0.656250
v 0.000000 0.897775 -0.642578
v 0.000000 0.905588 -0.662109
v 0.000000 0.247385 -0.546875
v -0.095703 0.247385 -0.533203
v 0.000000 0.278635 -0.533203
v -0.097656 0.278635 -0.521484
v 0.619141 0.380197 0.078125
v 0.259766 0.380197 0.078125
v 0.582031 0.307932 0.021484
v 0.261719 0.307932 0.021484
v 0.263672 0.309885 -0.228516
v 0.261719 0.382150 -0.296875
v 0.533203 0.309885 -0.228516
v 0.552734 0.382150 -0.296875
v 0.087891 0.682932 -0.687500
v 0.289062 0.682932 -0.632812
v 0.095703 0.526682 -0.667969
v 0.283203 0.528635 -0.617188
v 0.619141 0.380197 0.078125
v 0.582031 0.307932 0.021484
v 0.607422 0.380197 -0.162109
v 0.564453 0.307932 -0.150391
v 0.607422 0.380197 -0.162109
v 0.552734 0.382150 -0.296875
v 0.658203 0.528635 -0.175781
v 0.589844 0.528635 -0.339844
v 0.435547 0.360666 -0.435547
v 0.482422 0.528635 -0.482422
v 0.552734 0.382150 -0.296875
v 0.589844 0.528635 -0.339844
v 0.000000 0.610666 0.691406
v 0.000000 0.432932 0.648437
v 0.111328 0.610666 0.667969
v 0.154297 0.430978 0.625000
v 0.658203 0.528635 -0.175781
v 0.681641 0.528635 0.000000
v 0.607422 0.380197 -0.162109
v 0.619141 0.380197 0.078125
v 0.115234 0.682932 0.455078
v 0.000000 0.682932 0.455078
v 0.095703 0.614572 0.490234
v 0.000000 0.608713 0.492188
v 0.482422 0.528635 -0.482422
v 0.283203 0.528635 -0.617188
v 0.494141 0.682932 -0.494141
v 0.289062 0.682932 -0.632812
v 0.349609 0.682931 0.605469
v 0.339844 0.528635 0.589844
v 0.494141 0.682932 0.494141
v 0.482422 0.528635 0.482422
v 0.564453 0.307932 -0.150391
v 0.533203 0.309885 -0.228516
v 0.607422 0.380197 -0.162109
v 0.552734 0.382150 -0.296875
v -0.095703 0.526682 -0.667969
v -0.097656 0.380197 -0.617188
v -0.283203 0.528635 -0.617188
v -0.277344 0.345041 -0.537109
v -0.277344 0.427072 0.578125
v -0.339844 0.528635 0.589844
v -0.453125 0.415353 0.453125
v -0.482422 0.528635 0.482422
v 0.277344 0.247385 0.468750
v 0.154297 0.098947 0.363281
v 0.277344 0.124338 0.304687
v 0.279297 0.054025 0.115234
v 0.000000 0.001291 0.154297
v -0.154297 0.009103 0.138672
v 0.000000 0.001291 -0.154297
v -0.154297 0.001291 -0.144531
v -0.277344 0.054025 -0.111328
v 0.277344 0.054025 -0.111328
v 0.154297 0.001291 -0.144531
v 0.277344 0.124338 -0.304688
v 0.154297 0.096994 -0.335938
v 0.000000 0.001291 -0.154297
v 0.000000 0.095041 -0.369141
v 0.277344 0.124338 -0.304688
v 0.154297 0.096994 -0.335938
v 0.277344 0.247385 -0.468750
v 0.095703 0.247385 -0.533203
v 0.000000 0.095041 -0.369141
v 0.000000 0.247385 -0.546875
v 0.154297 0.430978 0.625000
v 0.154297 0.247385 0.527344
v 0.277344 0.427072 0.578125
v 0.277344 0.247385 0.468750
v 0.154297 0.098947 0.363281
v 0.277344 0.427072 0.578125
v 0.453125 0.415353 0.453125
v 0.339844 0.528635 0.589844
v 0.482422 0.528635 0.482422
v 0.589844 0.528635 0.339844
v 0.095703 0.526682 -0.667969
v 0.283203 0.528635 -0.617188
v 0.097656 0.380197 -0.617188
v 0.277344 0.345041 -0.537109
v 0.482422 0.528635 -0.482422
v 0.435547 0.360666 -0.435547
v 0.482422 0.528635 0.482422
v 0.589844 0.528635 0.339844
v 0.494141 0.682932 0.494141
v 0.605469 0.682932 0.349609
v 0.658203 0.528635 0.175781
v 0.675781 0.682932 0.179688
v 0.681641 0.528635 0.000000
v 0.699219 0.682932 0.000000
v 0.658203 0.528635 -0.175781
v 0.675781 0.682932 -0.179688
v 0.589844 0.528635 -0.339844
v 0.605469 0.682932 -0.349609
v 0.482422 0.528635 -0.482422
v 0.494141 0.682932 -0.494141
v 0.277344 0.427072 0.578125
v 0.339844 0.528635 0.589844
v 0.154297 0.430978 0.625000
v 0.111328 0.610666 0.667969
v 0.349609 0.682931 0.605469
v 0.130859 0.682931 0.675781
v 0.619141 0.380197 0.078125
v 0.658203 0.528635 0.175781
v 0.611328 0.388010 0.162109
v 0.552734 0.403635 0.318359
v 0.589844 0.528635 0.339844
v 0.453125 0.415353 0.453125
v 0.564453 0.307932 -0.150391
v 0.582031 0.307932 0.021484
v 0.533203 0.309885 -0.228516
v 0.263672 0.309885 -0.228516
v 0.261719 0.307932 0.021484
v 0.552734 0.403635 0.318359
v 0.453125 0.415353 0.453125
v 0.611328 0.388010 0.162109
v 0.259766 0.380197 0.078125
v 0.277344 0.427072 0.578125
v 0.277344 0.124338 0.304687
v 0.279297 0.054025 0.115234
v 0.277344 0.247385 0.468750
v 0.277344 0.427072 0.578125
v 0.259766 0.380197 0.078125
v 0.287109 0.948557 -0.214844
v 0.287109 0.948557 -0.171875
v 0.312500 0.948557 -0.195312
v 0.195312 0.948557 0.009766
v 0.195312 0.948557 -0.171875
v 0.312500 0.948557 -0.195312
v 0.195312 0.948557 0.009766
v 0.312500 0.948557 0.189453
v 0.000000 0.948557 0.191406
v 0.000000 0.948557 0.009766
v -0.195312 0.948557 0.009766
v 0.312500 1.227854 -0.205078
v 0.312500 1.206369 -0.205078
v 0.289062 1.227854 -0.214844
v 0.287109 0.948557 -0.214844
v 0.310547 0.948557 -0.205078
v 0.345703 1.227854 -0.183594
v 0.312500 1.227854 -0.183594
v 0.345703 1.212229 -0.183594
v 0.312500 1.204416 -0.183594
v 0.289062 1.227854 -0.171875
v 0.287109 0.948557 -0.171875
v 0.289062 1.177072 -0.400391
v 0.289062 1.044260 -0.523437
v 0.195312 1.198557 -0.421875
v 0.195312 1.054025 -0.556641
v 0.291016 0.895822 -0.595703
v 0.060547 0.895822 -0.656250
v 0.605469 0.682932 0.349609
v 0.675781 0.682932 0.179688
v 0.494141 0.682932 0.494141
v 0.115234 0.682932 0.455078
v 0.699219 0.682932 0.000000
v 0.154297 0.098947 0.363281
v 0.154297 0.009103 0.138672
v 0.279297 0.054025 0.115234
v 0.277344 0.054025 -0.111328
v 0.154297 0.001291 -0.144531
v 0.000000 0.432932 0.648437
v 0.000000 0.247385 0.546875
v 0.154297 0.430978 0.625000
v 0.154297 0.247385 0.527344
v 0.000000 0.095041 0.369141
v 0.154297 0.098947 0.363281
v 0.000000 0.001291 0.154297
v 0.154297 0.009103 0.138672
v 0.000000 0.001291 -0.154297
v 0.154297 0.001291 -0.144531
v -0.279297 0.054025 0.115234
v -0.154297 0.098947 0.363281
v -0.277344 0.124338 0.304687
v -0.277344 0.247385 0.468750
v -0.154297 0.247385 0.527344
v -0.154297 0.001291 -0.144531
v -0.154297 0.096994 -0.335938
v 0.000000 0.001291 -0.154297
v 0.000000 0.095041 -0.369141
v -0.095703 0.247385 -0.533203
v 0.000000 0.247385 -0.546875
v -0.289062 0.682932 -0.632812
v -0.283203 0.528635 -0.617188
v -0.494141 0.682932 -0.494141
v -0.482422 0.528635 -0.482422
v -0.277344 0.345041 -0.537109
v -0.435547 0.360666 -0.435547
v -0.277344 0.427072 0.578125
v -0.154297 0.430978 0.625000
v -0.339844 0.528635 0.589844
v -0.111328 0.610666 0.667969
v 0.000000 0.432932 0.648437
v 0.000000 0.610666 0.691406
v -0.097656 0.380197 -0.617188
v -0.095703 0.247385 -0.533203
v -0.277344 0.345041 -0.537109
v -0.277344 0.247385 -0.468750
v -0.154297 0.096994 -0.335938
v -0.277344 0.124338 -0.304688
v -0.619141 0.380197 0.078125
v -0.259766 0.380197 0.078125
v -0.611328 0.388010 0.162109
v -0.453125 0.415353 0.453125
v -0.277344 0.427072 0.578125
v -0.259766 0.380197 0.078125
v -0.261719 0.307932 0.021484
v -0.279297 0.054025 0.115234
v -0.277344 0.054025 -0.111328
v -0.263672 0.309885 -0.228516
v -0.277344 0.124338 -0.304688
v -0.261719 0.382150 -0.296875
v -0.277344 0.247385 -0.468750
v -0.277344 0.345041 -0.537109
v -0.095703 0.526682 -0.667969
v -0.087891 0.682932 -0.687500
v -0.091797 0.569650 -0.623047
v -0.056641 0.888010 -0.638672
v -0.060547 0.895822 -0.656250
v -0.289062 1.044260 -0.523437
v -0.287109 0.948557 -0.214844
v -0.289062 1.177072 -0.400391
v -0.289062 1.272775 -0.246094
v -0.289062 1.227854 -0.214844
v -0.289062 1.227854 -0.171875
v -0.312500 0.682932 0.281250
v -0.312500 0.915353 0.244141
v -0.312500 0.682932 -0.195312
v -0.312500 0.948557 -0.195312
v -0.312500 0.948557 0.189453
v -0.287109 0.948557 -0.214844
v -0.312500 0.948557 -0.195312
v -0.287109 0.948557 -0.171875
v -0.195312 0.948557 0.009766
v -0.312500 0.948557 0.189453
v 0.000000 0.948557 0.191406
v -0.287109 0.948557 -0.214844
v -0.289062 1.044260 -0.523437
v -0.287109 0.682932 -0.214844
v -0.289062 0.682932 -0.632812
v -0.291016 0.895822 -0.595703
v -0.312500 1.227854 -0.183594
v -0.312500 1.204416 -0.183594
v -0.289062 1.227854 -0.171875
v -0.287109 0.948557 -0.171875
v -0.310547 0.948557 -0.183594
v 0.000000 1.368479 -0.134766
v -0.195312 1.341135 -0.130859
v 0.000000 1.227854 -0.087891
v -0.195312 1.227854 -0.087891
v -0.289062 1.307932 -0.130859
v -0.289062 1.227854 -0.089844
v 0.000000 1.368479 -0.134766
v 0.000000 1.327463 -0.267578
v -0.195312 1.341135 -0.130859
v -0.195312 1.302072 -0.255859
v 0.000000 1.220041 -0.441406
v -0.195312 1.198557 -0.421875
v 0.000000 1.069650 -0.580078
v -0.195312 1.054025 -0.556641
v -0.289062 1.177072 -0.400391
v -0.289062 1.272775 -0.246094
v -0.195312 1.198557 -0.421875
v -0.195312 1.302072 -0.255859
v -0.289062 1.307932 -0.130859
v -0.195312 1.341135 -0.130859
v 0.000000 0.897775 -0.642578
v 0.000000 0.567697 -0.632812
v -0.056641 0.888010 -0.638672
v -0.091797 0.569650 -0.623047
v 0.000000 0.278635 -0.533203
v -0.097656 0.278635 -0.521484
v -0.699219 0.682932 0.000000
v -0.675781 0.682932 0.179688
v -0.115234 0.682932 0.455078
v -0.494141 0.682932 0.494141
v -0.605469 0.682932 0.349609
v -0.095703 0.526682 -0.667969
v -0.091797 0.569650 -0.623047
v -0.097656 0.380197 -0.617188
v -0.095703 0.247385 -0.533203
v -0.097656 0.278635 -0.521484
v 0.531925 0.124420 0.574176
v 0.563175 0.124420 0.498004
v 0.461613 0.241608 0.499957
v 0.274113 0.114655 -0.109418
v 0.276066 0.179108 -0.132855
v 0.369816 0.114655 -0.109418
v 0.276066 0.390045 0.345661
v 0.276066 0.311920 0.650348
v 0.276066 0.378326 0.462848
v 0.276066 0.378327 0.228473
v 0.461613 0.241608 0.191364
v 0.276066 0.311920 0.040973
v 0.461613 0.241608 0.499957
v 0.563175 0.124420 0.498004
v 0.488956 0.241608 0.345661
v 0.582706 0.124420 0.345661
v 0.274113 0.124420 0.574176
v 0.531925 0.124420 0.574176
v 0.274113 0.052155 0.644489
v 0.551456 0.052155 0.644489
v 0.531925 0.124420 0.574176
v 0.580753 0.124420 0.324176
v 0.563175 0.124420 0.498004
v 0.582706 0.124420 0.345661
v 0.274113 0.124420 0.324176
v 0.580753 0.124420 0.324176
v 0.274113 0.124420 0.574176
v 0.531925 0.124420 0.574176
v 0.617863 0.054108 0.267536
v 0.580753 0.124420 0.324176
v 0.274113 0.054108 0.267536
v 0.274113 0.124420 0.324176
v 0.276066 0.186920 -0.126996
v 0.276066 0.311920 0.040973
v 0.383488 0.186920 -0.041058
v 0.461613 0.241608 0.191364
v 0.551456 0.052155 0.644489
v 0.434269 0.073639 0.783161
v 0.274113 0.052155 0.644489
v 0.276066 0.089264 0.882770
v 0.434269 0.073639 0.783161
v 0.551456 0.052155 0.644489
v 0.383488 0.186920 0.732379
v 0.531925 0.124420 0.574176
v 0.274113 0.114655 -0.109418
v 0.369816 0.114655 -0.109418
v 0.274113 0.063873 -0.050824
v 0.473331 0.063873 -0.050824
v 0.274113 0.054108 0.267536
v 0.520206 0.054108 -0.000043
v 0.617863 0.054108 0.267536
v 0.606144 0.054108 0.183551
v 0.473331 0.063873 -0.050824
v 0.383488 0.186920 -0.041058
v 0.520206 0.054108 -0.000043
v 0.461613 0.241608 0.191364
v 0.582706 0.124420 0.345661
v 0.580753 0.124420 0.324176
v 0.488956 0.241608 0.345661
v 0.461613 0.241608 0.191364
v 0.276066 0.390045 0.345661
v 0.276066 0.378326 0.462848
v 0.488956 0.241608 0.345661
v 0.461613 0.241608 0.499957
v 0.274113 0.124420 0.324176
v 0.274113 0.063873 -0.050824
v 0.274113 0.054108 0.267536
v 0.274113 0.054108 -0.000043
v 0.276066 0.311920 0.650348
v 0.276066 0.390045 0.345661
v 0.276066 0.311920 0.040973
v 0.276066 0.378327 0.228473
v 0.276066 0.390045 0.345661
v 0.488956 0.241608 0.345661
v 0.276066 0.378327 0.228473
v 0.461613 0.241608 0.191364
v 0.276066 0.311920 0.650348
v 0.276066 0.186920 0.816364
v 0.383488 0.186920 0.732379
v 0.434269 0.073639 0.783161
v 0.276066 0.089264 0.882770
v 0.617863 0.054108 0.267536
v 0.606144 0.054108 0.183551
v 0.580753 0.124420 0.324176
v 0.461613 0.241608 0.191364
v 0.520206 0.054108 -0.000043
v 0.473331 0.063873 -0.050824
v 0.369816 0.114655 -0.109418
v 0.383488 0.186920 -0.041058
v 0.276066 0.186920 -0.126996
v 0.276066 0.179108 -0.132855
v 0.276066 0.186920 -0.126996
v 0.276066 0.179108 -0.132855
v 0.276066 0.311920 0.040973
v 0.274113 0.063873 -0.050824
v 0.274113 0.114655 -0.109418
v 0.274113 0.063873 -0.050824
v 0.274113 0.124420 0.324176
v 0.276066 0.311920 0.040973
v 0.276066 0.311920 0.650348
v 0.274113 0.124420 0.574176
v 0.274113 0.052155 0.644489
v 0.276066 0.089264 0.882770
v 0.274113 0.124420 0.574176
v 0.276066 0.311920 0.650348
v 0.276066 0.186920 0.816364
v 0.274113 0.054108 0.267536
v 0.274113 0.054108 -0.000043
v 0.520206 0.054108 -0.000043
v 0.473331 0.063873 -0.050824
v 0.274113 0.063873 -0.050824
v 0.531925 0.124420 0.574176
v 0.461613 0.241608 0.499957
v 0.383488 0.186920 0.732379
v 0.276066 0.311920 0.650348
v 0.276066 0.378326 0.462848
v -0.462908 0.245933 0.192909
v -0.521502 0.058433 0.001503
v -0.607439 0.058433 0.183144
v -0.533220 0.128745 0.573769
v -0.462908 0.245933 0.497597
v -0.564470 0.130698 0.495644
v -0.275408 0.118980 -0.107872
v -0.371111 0.118980 -0.107872
v -0.279314 0.183433 -0.131309
v -0.279314 0.191245 -0.125450
v -0.279314 0.183433 -0.131309
v -0.371111 0.118980 -0.107872
v -0.564470 0.130698 0.495644
v -0.275408 0.128745 0.573769
v -0.533220 0.128745 0.573769
v -0.435564 0.077964 0.780800
v -0.277361 0.093589 0.882362
v -0.277361 0.191245 0.814003
v -0.279314 0.316245 0.649941
v -0.279314 0.384605 0.460487
v -0.462908 0.245933 0.497597
v -0.279314 0.384605 0.230019
v -0.279314 0.316245 0.040566
v -0.462908 0.245933 0.192909
v -0.277361 0.093589 0.882362
v -0.435564 0.077964 0.780800
v -0.275408 0.056480 0.642128
v -0.552752 0.056480 0.642128
v -0.462908 0.245933 0.192909
v -0.607439 0.058433 0.183144
v -0.582049 0.130698 0.323769
v -0.619158 0.058433 0.267128
v -0.279314 0.191245 -0.125450
v -0.371111 0.118980 -0.107872
v -0.386736 0.191245 -0.041466
v -0.474627 0.068198 -0.051231
v -0.279314 0.183433 -0.131309
v -0.275408 0.130698 0.323769
v -0.275408 0.058433 0.001503
v -0.275408 0.058433 0.267128
v -0.275408 0.058433 0.001503
v -0.275408 0.068198 -0.051231
v -0.279314 0.183433 -0.131309
v -0.275408 0.118980 -0.107872
v -0.275408 0.128745 0.573769
v -0.275408 0.056480 0.642128
v -0.533220 0.128745 0.573769
v -0.552752 0.056480 0.642128
v -0.275408 0.130698 0.323769
v -0.582049 0.130698 0.323769
v -0.275408 0.058433 0.267128
v -0.619158 0.058433 0.267128
v -0.533220 0.128745 0.573769
v -0.552752 0.056480 0.642128
v -0.386736 0.191245 0.731972
v -0.435564 0.077964 0.780800
v -0.275408 0.058433 0.267128
v -0.619158 0.058433 0.267128
v -0.521502 0.058433 0.001503
v -0.607439 0.058433 0.183144
v -0.474627 0.068198 -0.051231
v -0.275408 0.058433 0.001503
v -0.521502 0.058433 0.001503
v -0.275408 0.058433 0.267128
v -0.474627 0.068198 -0.051231
v -0.521502 0.058433 0.001503
v -0.386736 0.191245 -0.041466
v -0.462908 0.245933 0.192909
v -0.584002 0.130698 0.345253
v -0.490252 0.245933 0.345253
v -0.582049 0.130698 0.323769
v -0.462908 0.245933 0.192909
v -0.435564 0.077964 0.780800
v -0.277361 0.191245 0.814003
v -0.386736 0.191245 0.731972
v -0.279314 0.316245 0.649941
v -0.279314 0.191245 -0.125450
v -0.386736 0.191245 -0.041466
v -0.279314 0.316245 0.040566
v -0.462908 0.245933 0.192909
v -0.584002 0.130698 0.345253
v -0.564470 0.130698 0.495644
v -0.490252 0.245933 0.345253
v -0.462908 0.245933 0.497597
v -0.279314 0.316245 0.649941
v -0.462908 0.245933 0.497597
v -0.386736 0.191245 0.731972
v -0.533220 0.128745 0.573769
v -0.462908 0.245933 0.497597
v -0.279314 0.384605 0.460487
v -0.490252 0.245933 0.345253
v -0.279314 0.394370 0.345253
v -0.275408 0.130698 0.323769
v -0.279314 0.183433 -0.131309
v -0.275408 0.128745 0.573769
v -0.279314 0.394370 0.345253
v -0.279314 0.394370 0.345253
v -0.277361 0.093589 0.882362
v -0.275408 0.128745 0.573769
v -0.275408 0.056480 0.642128
v -0.279314 0.394370 0.345253
v -0.279314 0.384605 0.230019
v -0.490252 0.245933 0.345253
v -0.462908 0.245933 0.192909
v -0.279314 0.191245 -0.125450
v -0.279314 0.316245 0.040566
v -0.279314 0.183433 -0.131309
v -0.279314 0.394370 0.345253
v -0.279314 0.384605 0.230019
v -0.279314 0.384605 0.460487
v -0.279314 0.316245 0.649941
v -0.279314 0.394370 0.345253
v -0.277361 0.093589 0.882362
v -0.277361 0.191245 0.814003
v -0.275408 0.118980 -0.107872
v -0.275408 0.068198 -0.051231
v -0.371111 0.118980 -0.107872
v -0.474627 0.068198 -0.051231
v -0.275408 0.058433 0.001503
v -0.584002 0.130698 0.345253
v -0.582049 0.130698 0.323769
v -0.564470 0.130698 0.495644
v -0.275408 0.128745 0.573769
v -0.275408 0.130698 0.323769
v -0.094693 0.420225 -0.488168
v -0.094693 0.426084 -0.585825
v -0.094693 0.334288 -0.617075
v 0.092807 0.420225 -0.488168
v 0.092807 0.334288 -0.617075
v 0.092807 0.426084 -0.585825
v -0.000943 0.238584 -0.747934
v 0.090854 0.242491 -0.747934
v -0.000943 0.293272 -0.603403
v 0.092807 0.295225 -0.603403
v -0.000943 0.221006 -0.911997
v 0.084995 0.228819 -0.911997
v -0.000943 0.238584 -0.747934
v 0.090854 0.242491 -0.747934
v 0.084995 0.228819 -0.911997
v -0.000943 0.221006 -0.911997
v 0.055698 0.262022 -1.117075
v -0.000943 0.256163 -1.124887
v 0.090854 0.242491 -0.747934
v 0.090854 0.281553 -0.759653
v 0.092807 0.295225 -0.603403
v 0.092807 0.334288 -0.617075
v 0.092807 0.295225 -0.603403
v 0.092807 0.334288 -0.617075
v 0.092807 0.381163 -0.474497
v 0.092807 0.420225 -0.488168
v 0.092807 0.381163 -0.474497
v 0.092807 0.420225 -0.488168
v -0.000943 0.383116 -0.474497
v -0.000943 0.422178 -0.488168
v -0.000943 0.332334 -0.617075
v -0.000943 0.426084 -0.585825
v 0.092807 0.334288 -0.617075
v 0.092807 0.426084 -0.585825
v -0.000943 0.293272 -0.603403
v 0.092807 0.295225 -0.603403
v -0.000943 0.383116 -0.474497
v 0.092807 0.381163 -0.474497
v -0.000943 0.256163 -1.124887
v -0.000943 0.265928 -1.126840
v 0.055698 0.262022 -1.117075
v 0.055698 0.269834 -1.117075
v 0.092807 0.426084 -0.585825
v -0.000943 0.426084 -0.585825
v 0.092807 0.420225 -0.488168
v -0.000943 0.422178 -0.488168
v -0.000943 0.277647 -0.759653
v -0.092740 0.281553 -0.759653
v -0.000943 0.332334 -0.617075
v -0.094693 0.334288 -0.617075
v -0.000943 0.254209 -0.911997
v -0.086880 0.262022 -0.911997
v -0.000943 0.277647 -0.759653
v -0.092740 0.281553 -0.759653
v -0.086880 0.228819 -0.911997
v -0.057584 0.262022 -1.117075
v -0.000943 0.221006 -0.911997
v -0.000943 0.256163 -1.124887
v -0.086880 0.262022 -0.911997
v -0.086880 0.228819 -0.911997
v -0.092740 0.281553 -0.759653
v -0.092740 0.242491 -0.747934
v -0.057584 0.269834 -1.117075
v -0.057584 0.262022 -1.117075
v -0.086880 0.262022 -0.911997
v -0.086880 0.228819 -0.911997
v -0.057584 0.269834 -1.117075
v -0.000943 0.265928 -1.126840
v -0.057584 0.262022 -1.117075
v -0.000943 0.256163 -1.124887
v -0.000943 0.422178 -0.488168
v -0.094693 0.420225 -0.488168
v -0.000943 0.383116 -0.474497
v -0.094693 0.381163 -0.474497
v -0.094693 0.426084 -0.585825
v -0.000943 0.426084 -0.585825
v -0.094693 0.334288 -0.617075
v -0.000943 0.332334 -0.617075
v -0.094693 0.426084 -0.585825
v -0.094693 0.420225 -0.488168
v -0.000943 0.426084 -0.585825
v -0.000943 0.422178 -0.488168
v -0.086880 0.262022 -0.911997
v -0.000943 0.254209 -0.911997
v -0.057584 0.269834 -1.117075
v -0.000943 0.265928 -1.126840
v 0.084995 0.262022 -0.911997
v 0.055698 0.269834 -1.117075
v -0.000943 0.254209 -0.911997
v -0.000943 0.265928 -1.126840
v 0.090854 0.242491 -0.747934
v 0.084995 0.228819 -0.911997
v 0.090854 0.281553 -0.759653
v 0.084995 0.262022 -0.911997
v 0.055698 0.262022 -1.117075
v 0.055698 0.269834 -1.117075
v -0.094693 0.381163 -0.474497
v -0.094693 0.295225 -0.603403
v -0.000943 0.383116 -0.474497
v -0.000943 0.293272 -0.603403
v -0.092740 0.242491 -0.747934
v -0.000943 0.238584 -0.747934
v -0.086880 0.228819 -0.911997
v -0.000943 0.221006 -0.911997
v -0.092740 0.242491 -0.747934
v -0.094693 0.295225 -0.603403
v -0.092740 0.281553 -0.759653
v -0.094693 0.334288 -0.617075
v -0.094693 0.381163 -0.474497
v -0.094693 0.420225 -0.488168
v 0.092807 0.334288 -0.617075
v 0.090854 0.281553 -0.759653
v -0.000943 0.332334 -0.617075
v -0.000943 0.277647 -0.759653
v 0.084995 0.262022 -0.911997
v -0.000943 0.254209 -0.911997
v 0.662966 0.688007 -0.438195
v 0.556919 0.689960 -0.254830
v 0.424188 0.688007 -0.364756
v 0.980405 0.688006 0.184814
v 0.944200 0.688006 0.363281
v 0.883117 0.686053 0.256305
v 0.620645 0.900897 -0.374982
v 0.569134 0.771991 -0.256670
v 0.713840 0.900897 -0.295329
v 0.314544 1.082538 -0.425068
v 0.391115 1.002460 -0.464082
v 0.290603 1.002460 -0.472054
v 0.713840 0.900897 -0.295329
v 0.697357 0.844256 -0.280354
v 0.784245 0.900897 -0.225984
v 0.450283 0.900897 -0.494230
v 0.269322 0.900897 -0.513820
v 0.391115 1.002460 -0.464082
v 0.290603 1.002460 -0.472054
v 0.873893 0.900897 -0.153291
v 0.861521 0.900897 -0.057114
v 0.929300 0.900897 0.011378
v 0.883117 0.900897 0.256305
v 0.689635 0.898944 0.543405
v 0.709209 0.898944 0.590425
v 0.795724 0.900897 0.480582
v 0.839628 0.900897 0.510821
v 0.883117 0.900897 0.256305
v 0.883117 0.686053 0.256305
v 0.795724 0.900897 0.480582
v 0.788796 0.686053 0.488496
v 0.672862 0.686053 0.635249
v 0.868590 0.688006 0.528944
v 0.709209 0.898944 0.590425
v 0.839628 0.900897 0.510821
v 0.873893 0.900897 -0.153291
v 0.905218 0.688006 -0.169252
v 0.773240 0.900897 -0.294906
v 0.799278 0.688006 -0.316941
v 0.861521 0.900897 -0.057114
v 0.861521 0.686053 -0.057114
v 0.883117 0.900897 0.256305
v 0.883117 0.686053 0.256305
v 0.795724 0.900897 0.480582
v 0.788796 0.686053 0.488496
v 0.689635 0.898944 0.543405
v 0.648888 0.686053 0.583895
v 0.620645 0.900897 -0.374982
v 0.713840 0.900897 -0.295329
v 0.644843 0.900897 -0.409232
v 0.773240 0.900897 -0.294906
v 0.644843 0.900897 -0.409232
v 0.450283 0.900897 -0.494230
v 0.620645 0.900897 -0.374982
v 0.438466 0.900897 -0.439984
v 0.672862 0.686053 0.635249
v 0.709209 0.898944 0.590425
v 0.648888 0.686053 0.583895
v 0.689635 0.898944 0.543405
v 0.450283 0.900897 -0.494230
v 0.391115 1.002460 -0.464082
v 0.438466 0.900897 -0.439984
v 0.377557 1.004413 -0.408950
v 0.334051 1.049335 -0.386782
v 0.377557 1.004413 -0.408950
v 0.314544 1.082538 -0.425068
v 0.391115 1.002460 -0.464082
v 0.784245 0.900897 -0.225984
v 0.784245 0.686053 -0.225984
v 0.861521 0.900897 -0.057114
v 0.861521 0.686053 -0.057114
v 0.912676 0.900897 0.353038
v 0.944200 0.688006 0.363281
v 0.946321 0.900897 0.182452
v 0.980405 0.688006 0.184814
v 0.569134 0.771991 -0.256670
v 0.425041 0.770038 -0.367383
v 0.556919 0.689960 -0.254830
v 0.424188 0.688007 -0.364756
v 0.334051 1.049335 -0.386782
v 0.314544 1.082538 -0.425068
v 0.318977 1.004413 -0.416366
v 0.290603 1.002460 -0.472054
v 0.318977 1.004413 -0.416366
v 0.290603 1.002460 -0.472054
v 0.299470 0.904803 -0.454652
v 0.269322 0.900897 -0.513820
v 0.245522 0.770038 -0.427164
v 0.245522 0.689960 -0.427164
v 0.274651 0.770038 -0.387205
v 0.274651 0.689960 -0.387205
v 0.438466 0.900897 -0.439984
v 0.299470 0.904803 -0.454652
v 0.425041 0.770038 -0.367383
v 0.274651 0.770038 -0.387205
v 0.269322 0.900897 -0.513820
v 0.252475 0.688007 -0.546885
v 0.245522 0.770038 -0.427164
v 0.245522 0.689960 -0.427164
v 0.861521 0.686053 -0.057114
v 0.962431 0.688006 0.003265
v 0.883117 0.686053 0.256305
v 0.980405 0.688006 0.184814
v 0.274651 0.770038 -0.387205
v 0.299470 0.904803 -0.454652
v 0.245522 0.770038 -0.427164
v 0.269322 0.900897 -0.513820
v 0.868590 0.688006 0.528944
v 0.672862 0.686053 0.635249
v 0.788796 0.686053 0.488496
v 0.648888 0.686053 0.583895
v 0.868590 0.688006 0.528944
v 0.788796 0.686053 0.488496
v 0.944200 0.688006 0.363281
v 0.883117 0.686053 0.256305
v 0.784245 0.686053 -0.225984
v 0.905218 0.688006 -0.169252
v 0.861521 0.686053 -0.057114
v 0.962431 0.688006 0.003265
v 0.698111 0.689960 -0.296083
v 0.799278 0.688006 -0.316941
v 0.784245 0.686053 -0.225984
v 0.905218 0.688006 -0.169252
v 0.556919 0.689960 -0.254830
v 0.662966 0.688007 -0.438195
v 0.698111 0.689960 -0.296083
v 0.799278 0.688006 -0.316941
v 0.569134 0.771991 -0.256670
v 0.620645 0.900897 -0.374982
v 0.425041 0.770038 -0.367383
v 0.438466 0.900897 -0.439984
v 0.929300 0.900897 0.011378
v 0.962431 0.688006 0.003265
v 0.873893 0.900897 -0.153291
v 0.905218 0.688006 -0.169252
v 0.946321 0.900897 0.182452
v 0.980405 0.688006 0.184814
v 0.929300 0.900897 0.011378
v 0.962431 0.688006 0.003265
v 0.784245 0.900897 -0.225984
v 0.697357 0.844256 -0.280354
v 0.784245 0.686053 -0.225984
v 0.698111 0.689960 -0.296083
v 0.424188 0.688007 -0.364756
v 0.425041 0.770038 -0.367383
v 0.274651 0.689960 -0.387205
v 0.274651 0.770038 -0.387205
v 0.839628 0.900897 0.510821
v 0.868590 0.688006 0.528944
v 0.912676 0.900897 0.353038
v 0.944200 0.688006 0.363281
v 0.713840 0.900897 -0.295329
v 0.784245 0.900897 -0.225984
v 0.773240 0.900897 -0.294906
v 0.873893 0.900897 -0.153291
v 0.861521 0.900897 -0.057114
v 0.839628 0.900897 0.510821
v 0.912676 0.900897 0.353038
v 0.795724 0.900897 0.480582
v 0.883117 0.900897 0.256305
v 0.946321 0.900897 0.182452
v 0.929300 0.900897 0.011378
v 0.713840 0.900897 -0.295329
v 0.569134 0.771991 -0.256670
v 0.697357 0.844256 -0.280354
v 0.698111 0.689960 -0.296083
v 0.556919 0.689960 -0.254830
v 0.438466 0.900897 -0.439984
v 0.377557 1.004413 -0.408950
v 0.299470 0.904803 -0.454652
v 0.318977 1.004413 -0.416366
v 0.334051 1.049335 -0.386782
v 0.245522 0.689960 -0.427164
v 0.252475 0.688007 -0.546885
v 0.274651 0.689960 -0.387205
v 0.424188 0.688007 -0.364756
v 0.493789 0.688007 -0.516398
v 0.662966 0.688007 -0.438195
v 0.269322 0.900897 -0.513820
v 0.450283 0.900897 -0.494230
v 0.252475 0.688007 -0.546885
v 0.493789 0.688007 -0.516398
v 0.644843 0.900897 -0.409232
v 0.662966 0.688007 -0.438195
v 0.773240 0.900897 -0.294906
v 0.799278 0.688006 -0.316941
v -0.970616 0.682909 0.199615
v -0.873328 0.682909 0.271106
v -0.934411 0.682909 0.378081
v -0.689209 0.684862 -0.279542
v -0.548017 0.684862 -0.238289
v -0.559345 0.768847 -0.241869
v -0.610003 0.897753 -0.357554
v -0.704051 0.897753 -0.280528
v -0.559345 0.768847 -0.241869
v -0.325149 1.046191 -0.370241
v -0.366915 1.001269 -0.391522
v -0.309188 1.001269 -0.401565
v -0.305642 1.079394 -0.408526
v -0.280814 0.999316 -0.457253
v -0.380472 0.999316 -0.446655
v -0.704051 0.897753 -0.280528
v -0.774456 0.897753 -0.211183
v -0.688455 0.841112 -0.263813
v -0.829839 0.897753 0.525622
v -0.699420 0.895800 0.605226
v -0.785048 0.897753 0.493643
v -0.677219 0.895800 0.557352
v -0.610003 0.897753 -0.357554
v -0.635054 0.897753 -0.394431
v -0.704051 0.897753 -0.280528
v -0.764338 0.897753 -0.278365
v -0.426937 0.897753 -0.424297
v -0.441381 0.897753 -0.477689
v -0.610003 0.897753 -0.357554
v -0.635054 0.897753 -0.394431
v -0.663073 0.682909 0.650049
v -0.639099 0.682909 0.598696
v -0.699420 0.895800 0.605226
v -0.677219 0.895800 0.557352
v -0.366915 1.001269 -0.391522
v -0.380472 0.999316 -0.446655
v -0.426937 0.897753 -0.424297
v -0.441381 0.897753 -0.477689
v -0.325149 1.046191 -0.370241
v -0.305642 1.079394 -0.408526
v -0.366915 1.001269 -0.391522
v -0.380472 0.999316 -0.446655
v -0.309188 1.001269 -0.401565
v -0.366915 1.001269 -0.391522
v -0.289681 0.901659 -0.439851
v -0.426937 0.897753 -0.424297
v -0.689209 0.684862 -0.279542
v -0.688455 0.841112 -0.263813
v -0.774456 0.682909 -0.211183
v -0.774456 0.897753 -0.211183
v -0.873328 0.897753 0.271106
v -0.900261 0.897753 0.366985
v -0.785048 0.897753 0.493643
v -0.829839 0.897753 0.525622
v -0.689209 0.684862 -0.279542
v -0.559345 0.768847 -0.241869
v -0.688455 0.841112 -0.263813
v -0.704051 0.897753 -0.280528
v -0.264862 0.684862 -0.372404
v -0.236620 0.684862 -0.410623
v -0.264862 0.766894 -0.372404
v -0.236620 0.766894 -0.410623
v -0.426937 0.897753 -0.424297
v -0.413512 0.766894 -0.351695
v -0.289681 0.901659 -0.439851
v -0.264862 0.766894 -0.372404
v -0.259533 0.897753 -0.499019
v -0.236620 0.766894 -0.410623
v -0.242686 0.682909 -0.532084
v -0.236620 0.684862 -0.410623
v -0.259533 0.897753 -0.499019
v -0.289681 0.901659 -0.439851
v -0.236620 0.766894 -0.410623
v -0.264862 0.766894 -0.372404
v -0.639099 0.682909 0.598696
v -0.663073 0.682909 0.650049
v -0.778120 0.682909 0.501557
v -0.858801 0.682909 0.543745
v -0.858801 0.682909 0.543745
v -0.934411 0.682909 0.378081
v -0.778120 0.682909 0.501557
v -0.873328 0.682909 0.271106
v -0.414399 0.682909 -0.349955
v -0.242686 0.682909 -0.532084
v -0.264862 0.684862 -0.372404
v -0.236620 0.684862 -0.410623
v -0.653177 0.682909 -0.423394
v -0.483147 0.682909 -0.498970
v -0.414399 0.682909 -0.349955
v -0.242686 0.682909 -0.532084
v -0.426937 0.897753 -0.424297
v -0.610003 0.897753 -0.357554
v -0.413512 0.766894 -0.351695
v -0.559345 0.768847 -0.241869
v -0.441381 0.897753 -0.477689
v -0.483147 0.682909 -0.498970
v -0.635054 0.897753 -0.394431
v -0.653177 0.682909 -0.423394
v -0.864104 0.897753 -0.138490
v -0.774456 0.897753 -0.211183
v -0.764338 0.897753 -0.278365
v -0.704051 0.897753 -0.280528
v -0.829839 0.897753 0.525622
v -0.858801 0.682909 0.543745
v -0.699420 0.895800 0.605226
v -0.663073 0.682909 0.650049
v -0.264862 0.766894 -0.372404
v -0.413512 0.766894 -0.351695
v -0.264862 0.684862 -0.372404
v -0.414399 0.682909 -0.349955
v -0.559345 0.768847 -0.241869
v -0.548017 0.684862 -0.238289
v -0.413512 0.766894 -0.351695
v -0.414399 0.682909 -0.349955
v -0.789489 0.682909 -0.302140
v -0.764338 0.897753 -0.278365
v -0.653177 0.682909 -0.423394
v -0.635054 0.897753 -0.394431
v -0.789489 0.682909 -0.302140
v -0.895429 0.682909 -0.154451
v -0.764338 0.897753 -0.278365
v -0.864104 0.897753 -0.138490
v -0.952642 0.682909 0.018066
v -0.918624 0.897753 0.024438
v -0.970616 0.682909 0.199615
v -0.936532 0.897753 0.197253
v -0.934411 0.682909 0.378081
v -0.900261 0.897753 0.366985
v -0.858801 0.682909 0.543745
v -0.829839 0.897753 0.525622
v -0.900261 0.897753 0.366985
v -0.873328 0.897753 0.271106
v -0.936532 0.897753 0.197253
v -0.918624 0.897753 0.024438
v -0.849992 0.897753 -0.041426
v -0.864104 0.897753 -0.138490
v -0.774456 0.897753 -0.211183
v -0.873328 0.897753 0.271106
v -0.785048 0.897753 0.493643
v -0.873328 0.682909 0.271106
v -0.778120 0.682909 0.501557
v -0.677219 0.895800 0.557352
v -0.639099 0.682909 0.598696
v -0.873328 0.682909 0.271106
v -0.849992 0.682909 -0.041426
v -0.873328 0.897753 0.271106
v -0.849992 0.897753 -0.041426
v -0.774456 0.682909 -0.211183
v -0.774456 0.897753 -0.211183
v -0.325149 1.046191 -0.370241
v -0.309188 1.001269 -0.401565
v -0.305642 1.079394 -0.408526
v -0.280814 0.999316 -0.457253
v -0.289681 0.901659 -0.439851
v -0.259533 0.897753 -0.499019
v -0.970616 0.682909 0.199615
v -0.952642 0.682909 0.018066
v -0.873328 0.682909 0.271106
v -0.849992 0.682909 -0.041426
v -0.895429 0.682909 -0.154451
v -0.774456 0.682909 -0.211183
v -0.789489 0.682909 -0.302140
v -0.689209 0.684862 -0.279542
v -0.653177 0.682909 -0.423394
v -0.548017 0.684862 -0.238289
v -0.414399 0.682909 -0.349955
v -0.280814 0.999316 -0.457253
v -0.259533 0.897753 -0.499019
v -0.380472 0.999316 -0.446655
v -0.441381 0.897753 -0.477689
v -0.242686 0.682909 -0.532084
v -0.483147 0.682909 -0.498970
v 0.180906 1.089126 0.542655
v 0.167234 1.206516 0.447361
v 0.165281 1.130558 0.622757
v -0.149172 1.118128 0.731861
v -0.141359 1.075315 0.771913
v -0.143313 1.105698 0.816107
v -0.178469 1.089126 0.542655
v -0.162844 1.130558 0.622757
v -0.164797 1.206516 0.447361
v -0.149172 1.083601 0.531607
v -0.153078 1.029740 0.541274
v 0.001219 1.024215 0.530226
v 0.001219 1.094650 0.658665
v 0.001219 1.122271 0.730480
v 0.001219 1.138844 0.608946
v -0.035891 1.261759 0.320303
v -0.035891 1.311478 0.309255
v -0.037844 1.370863 0.561990
v 0.145750 1.105698 0.816107
v 0.001219 1.122271 0.730480
v 0.143797 1.075315 0.771913
v 0.112547 1.043550 1.002551
v 0.118406 1.142987 1.066080
v 0.048094 1.026978 1.027410
v 0.044187 1.125033 1.100607
v 0.001219 1.053218 0.976311
v 0.001219 1.097412 0.871349
v 0.137937 1.067029 0.951451
v 0.141844 1.097412 0.876874
v 0.165281 1.130558 0.622757
v 0.151609 1.118128 0.731861
v 0.001219 1.122271 0.730480
v 0.143797 1.075315 0.771913
v 0.040281 1.303191 0.648997
v 0.038328 1.261759 0.320303
v 0.001219 1.307334 0.644854
v 0.001219 1.267283 0.314779
v 0.118406 1.254854 0.929354
v 0.114500 1.192706 1.024648
v 0.155516 1.191325 0.918306
v 0.139891 1.166465 1.006694
v 0.167234 1.206516 0.447361
v 0.173094 1.299048 0.318922
v 0.184812 1.289380 0.615852
v 0.157469 1.358434 0.555085
v 0.155516 1.029740 0.541274
v 0.001219 1.024215 0.530226
v 0.155516 0.962067 0.490175
v 0.001219 0.956543 0.479126
v 0.165281 1.130558 0.622757
v 0.001219 1.122271 0.730480
v 0.001219 1.138844 0.608946
v 0.001219 1.094650 0.658665
v 0.001219 1.138844 0.608946
v 0.001219 1.090507 0.524701
v 0.165281 1.130558 0.622757
v 0.180906 1.089126 0.542655
v 0.040281 1.300429 0.869968
v 0.040281 1.347385 0.726337
v 0.042234 1.254854 0.832679
v 0.040281 1.303191 0.648997
v 0.001219 1.160941 1.039840
v 0.061766 1.163703 1.037078
v 0.001219 1.216184 0.970786
v 0.063719 1.218946 0.976310
v 0.112547 1.043550 1.002551
v 0.139891 1.166465 1.006694
v 0.118406 1.142987 1.066080
v 0.114500 1.192706 1.024648
v 0.167234 1.206516 0.447361
v 0.149656 1.194087 0.443218
v 0.190672 1.090507 0.309255
v 0.177000 1.091888 0.316160
v 0.149656 1.194087 0.443218
v 0.151609 1.083601 0.531607
v 0.155516 0.962067 0.490175
v 0.155516 1.029740 0.541274
v 0.149656 1.194087 0.443218
v 0.155516 0.962067 0.490175
v 0.177000 1.091888 0.316160
v 0.190672 0.975878 0.260917
v 0.167234 1.206516 0.447361
v 0.180906 1.089126 0.542655
v 0.149656 1.194087 0.443218
v 0.151609 1.083601 0.531607
v 0.177000 1.091888 0.316160
v 0.190672 0.975878 0.260917
v 0.190672 1.090507 0.309255
v 0.202391 0.973116 0.252631
v 0.155516 1.029740 0.541274
v 0.151609 1.083601 0.531607
v 0.001219 1.090507 0.524701
v 0.180906 1.089126 0.542655
v 0.202391 1.051837 0.030279
v 0.001219 1.062885 0.010944
v 0.190672 1.202373 0.167005
v 0.001219 1.220327 0.140764
v 0.001219 1.303191 0.872730
v 0.001219 1.267283 0.941784
v 0.040281 1.300429 0.869968
v 0.075437 1.263140 0.937641
v 0.001219 1.303191 0.872730
v 0.040281 1.300429 0.869968
v 0.001219 1.254854 0.838204
v 0.042234 1.254854 0.832679
v 0.040281 1.370863 0.561990
v 0.157469 1.358434 0.555085
v 0.038328 1.311478 0.309255
v 0.173094 1.299048 0.318922
v 0.001219 1.317002 0.303730
v 0.001219 1.267283 0.314779
v 0.038328 1.311478 0.309255
v 0.038328 1.261759 0.320303
v 0.001219 0.922016 0.944546
v 0.091062 0.928922 0.937641
v 0.001219 0.989689 0.995645
v 0.091062 0.995213 0.990121
v 0.147703 1.009024 0.559228
v 0.139891 1.108461 0.633806
v 0.091062 0.928922 0.937641
v 0.091062 0.995213 0.990121
v 0.001219 0.922016 0.944546
v 0.001219 1.009024 0.559228
v 0.091062 0.928922 0.937641
v 0.147703 1.009024 0.559228
v 0.001219 0.989689 0.995645
v 0.091062 0.995213 0.990121
v 0.001219 1.111223 0.625519
v 0.139891 1.108461 0.633806
v 0.149656 1.154036 0.491556
v 0.001219 1.148512 0.491556
v 0.141844 1.174752 0.578563
v 0.001219 1.171990 0.578563
v 0.001219 1.009024 0.559228
v 0.001219 1.148512 0.491556
v 0.147703 1.009024 0.559228
v 0.149656 1.154036 0.491556
v 0.147703 1.009024 0.559228
v 0.149656 1.154036 0.491556
v 0.139891 1.108461 0.633806
v 0.141844 1.174752 0.578563
v 0.139891 1.108461 0.633806
v 0.141844 1.174752 0.578563
v 0.001219 1.111223 0.625519
v 0.001219 1.171990 0.578563
v 0.044187 1.125033 1.100607
v 0.001219 1.123652 1.101988
v 0.048094 1.026978 1.027410
v 0.001219 1.025596 1.026029
v 0.001219 1.122271 0.730480
v 0.145750 1.105698 0.816107
v 0.001219 1.097412 0.871349
v 0.141844 1.097412 0.876874
v 0.155516 1.191325 0.918306
v 0.157469 1.232757 0.857539
v 0.118406 1.254854 0.929354
v 0.128172 1.289381 0.864444
v 0.067625 1.234138 0.980454
v 0.001219 1.234138 0.980454
v 0.063719 1.218946 0.976310
v 0.001219 1.216184 0.970786
v 0.069578 1.173371 1.052269
v 0.067625 1.234138 0.980454
v 0.061766 1.163703 1.037078
v 0.063719 1.218946 0.976310
v 0.069578 1.173371 1.052269
v 0.061766 1.163703 1.037078
v 0.001219 1.173371 1.052269
v 0.001219 1.160941 1.039840
v 0.075437 1.263140 0.937641
v 0.001219 1.267283 0.941784
v 0.067625 1.234138 0.980454
v 0.001219 1.234138 0.980454
v 0.069578 1.173371 1.052269
v 0.001219 1.173371 1.052269
v 0.059812 1.147130 1.070223
v 0.001219 1.151274 1.071604
v -0.164797 1.206516 0.447361
v -0.170656 1.299048 0.318922
v -0.188234 1.090507 0.309255
v -0.188234 1.202373 0.167005
v -0.188234 0.975878 0.260917
v 0.001219 1.062885 0.010944
v -0.153078 0.962067 0.490175
v 0.001219 0.956543 0.479126
v 0.001219 1.220327 0.140764
v 0.038328 1.311478 0.309255
v 0.190672 1.202373 0.167005
v 0.173094 1.299048 0.318922
v 0.001219 1.254854 0.838204
v 0.042234 1.254854 0.832679
v 0.001219 1.307334 0.644854
v 0.040281 1.303191 0.648997
v 0.001219 1.220327 0.140764
v -0.188234 1.202373 0.167005
v -0.035891 1.311478 0.309255
v -0.170656 1.299048 0.318922
v 0.001219 1.254854 0.838204
v 0.001219 1.307334 0.644854
v -0.039797 1.254854 0.832679
v -0.037844 1.303191 0.648997
v -0.037844 1.303191 0.648997
v 0.001219 1.307334 0.644854
v -0.035891 1.261759 0.320303
v 0.001219 1.267283 0.314779
v -0.041750 1.125033 1.100607
v -0.115969 1.142987 1.066080
v -0.045656 1.026978 1.027410
v -0.110109 1.043550 1.002551
v 0.001219 1.053218 0.976311
v -0.135500 1.067029 0.951451
v 0.001219 1.097412 0.871349
v -0.139406 1.097412 0.876874
v -0.155031 1.232757 0.857539
v -0.125734 1.289381 0.864444
v -0.168703 1.274189 0.736005
v -0.137453 1.347385 0.723575
v -0.137453 1.166465 1.006694
v -0.112063 1.192706 1.024648
v -0.153078 1.191325 0.918306
v -0.115969 1.254854 0.929354
v -0.164797 1.206516 0.447361
v -0.182375 1.289380 0.615852
v -0.170656 1.299048 0.318922
v -0.155031 1.358434 0.555085
v 0.001219 0.956543 0.479126
v 0.001219 1.024215 0.530226
v -0.153078 0.962067 0.490175
v -0.153078 1.029740 0.541274
v -0.037844 1.300429 0.869968
v -0.039797 1.254854 0.832679
v -0.037844 1.347385 0.726337
v -0.037844 1.303191 0.648997
v 0.001219 1.160941 1.039840
v 0.001219 1.216184 0.970786
v -0.059328 1.163703 1.037078
v -0.061281 1.218946 0.976310
v -0.035891 1.261759 0.320303
v -0.037844 1.370863 0.561990
v -0.037844 1.303191 0.648997
v -0.037844 1.347385 0.726337
v 0.001219 1.032502 1.008075
v -0.110109 1.043550 1.002551
v 0.001219 1.053218 0.976311
v -0.135500 1.067029 0.951451
v -0.110109 1.043550 1.002551
v -0.115969 1.142987 1.066080
v -0.137453 1.166465 1.006694
v -0.112063 1.192706 1.024648
v -0.067141 1.173371 1.052269
v -0.115969 1.142987 1.066080
v -0.057375 1.147130 1.070223
v -0.041750 1.125033 1.100607
v 0.001219 1.025596 1.026029
v -0.045656 1.026978 1.027410
v 0.001219 1.032502 1.008075
v -0.110109 1.043550 1.002551
v -0.153078 1.191325 0.918306
v -0.135500 1.067029 0.951451
v -0.137453 1.166465 1.006694
v -0.110109 1.043550 1.002551
v -0.174563 1.091888 0.316160
v -0.147219 1.194087 0.443218
v -0.188234 1.090507 0.309255
v -0.164797 1.206516 0.447361
v -0.153078 1.029740 0.541274
v -0.149172 1.083601 0.531607
v -0.153078 0.962067 0.490175
v -0.147219 1.194087 0.443218
v -0.147219 1.194087 0.443218
v -0.174563 1.091888 0.316160
v -0.153078 0.962067 0.490175
v -0.188234 0.975878 0.260917
v -0.164797 1.206516 0.447361
v -0.147219 1.194087 0.443218
v -0.178469 1.089126 0.542655
v -0.149172 1.083601 0.531607
v -0.174563 1.091888 0.316160
v -0.188234 1.090507 0.309255
v -0.188234 0.975878 0.260917
v -0.199953 0.973116 0.252631
v -0.188234 1.090507 0.309255
v -0.188234 1.202373 0.167005
v -0.199953 0.973116 0.252631
v -0.199953 1.051837 0.030279
v -0.199953 1.051837 0.030279
v -0.188234 1.202373 0.167005
v 0.001219 1.062885 0.010944
v 0.001219 1.220327 0.140764
v 0.001219 1.303191 0.872730
v 0.001219 1.254854 0.838204
v -0.037844 1.300429 0.869968
v -0.039797 1.254854 0.832679
v -0.035891 1.261759 0.320303
v 0.001219 1.267283 0.314779
v -0.035891 1.311478 0.309255
v 0.001219 1.317002 0.303730
v -0.088625 0.995213 0.990121
v -0.088625 0.928922 0.937641
v 0.001219 0.989689 0.995645
v 0.001219 0.922016 0.944546
v -0.145266 1.009024 0.559228
v -0.088625 0.928922 0.937641
v -0.137453 1.108461 0.633806
v -0.088625 0.995213 0.990121
v 0.001219 0.922016 0.944546
v -0.088625 0.928922 0.937641
v 0.001219 1.009024 0.559228
v -0.145266 1.009024 0.559228
v -0.137453 1.108461 0.633806
v -0.088625 0.995213 0.990121
v 0.001219 1.111223 0.625519
v 0.001219 0.989689 0.995645
v -0.147219 1.154036 0.491556
v -0.139406 1.174752 0.578563
v 0.001219 1.148512 0.491556
v 0.001219 1.171990 0.578563
v -0.147219 1.154036 0.491556
v 0.001219 1.148512 0.491556
v -0.145266 1.009024 0.559228
v 0.001219 1.009024 0.559228
v -0.145266 1.009024 0.559228
v -0.137453 1.108461 0.633806
v -0.147219 1.154036 0.491556
v -0.139406 1.174752 0.578563
v -0.137453 1.108461 0.633806
v 0.001219 1.111223 0.625519
v -0.139406 1.174752 0.578563
v 0.001219 1.171990 0.578563
v -0.041750 1.125033 1.100607
v -0.045656 1.026978 1.027410
v 0.001219 1.123652 1.101988
v 0.001219 1.025596 1.026029
v -0.164797 1.206516 0.447361
v -0.162844 1.130558 0.622757
v -0.182375 1.289380 0.615852
v -0.149172 1.118128 0.731861
v -0.153078 1.191325 0.918306
v -0.115969 1.254854 0.929354
v -0.155031 1.232757 0.857539
v -0.125734 1.289381 0.864444
v -0.065188 1.234138 0.980454
v -0.112063 1.192706 1.024648
v -0.067141 1.173371 1.052269
v -0.115969 1.142987 1.066080
v -0.065188 1.234138 0.980454
v -0.061281 1.218946 0.976310
v 0.001219 1.234138 0.980454
v 0.001219 1.216184 0.970786
v -0.067141 1.173371 1.052269
v -0.059328 1.163703 1.037078
v -0.065188 1.234138 0.980454
v -0.061281 1.218946 0.976310
v 0.001219 1.160941 1.039840
v -0.059328 1.163703 1.037078
v 0.001219 1.173371 1.052269
v -0.067141 1.173371 1.052269
v 0.001219 1.234138 0.980454
v 0.001219 1.267283 0.941784
v -0.065188 1.234138 0.980454
v -0.073000 1.263140 0.937641
v -0.035891 1.311478 0.309255
v 0.001219 1.317002 0.303730
v 0.001219 1.220327 0.140764
v 0.038328 1.311478 0.309255
v 0.001219 0.956543 0.479126
v 0.001219 1.062885 0.010944
v 0.155516 0.962067 0.490175
v 0.190672 0.975878 0.260917
v 0.157469 1.358434 0.555085
v 0.040281 1.370863 0.561990
v 0.139891 1.347385 0.723575
v 0.040281 1.347385 0.726337
v 0.139891 1.347385 0.723575
v 0.040281 1.347385 0.726337
v 0.128172 1.289381 0.864444
v 0.040281 1.300429 0.869968
v -0.199953 1.051837 0.030279
v 0.001219 1.062885 0.010944
v -0.199953 0.973116 0.252631
v -0.188234 0.975878 0.260917
v -0.112063 1.192706 1.024648
v -0.065188 1.234138 0.980454
v -0.115969 1.254854 0.929354
v -0.073000 1.263140 0.937641
v 0.190672 0.975878 0.260917
v 0.001219 1.062885 0.010944
v 0.202391 0.973116 0.252631
v 0.202391 1.051837 0.030279
v 0.155516 1.029740 0.541274
v 0.001219 1.090507 0.524701
v 0.001219 1.024215 0.530226
v -0.149172 1.083601 0.531607
v -0.178469 1.089126 0.542655
v 0.040281 1.300429 0.869968
v 0.075437 1.263140 0.937641
v 0.128172 1.289381 0.864444
v 0.118406 1.254854 0.929354
v 0.067625 1.234138 0.980454
v 0.114500 1.192706 1.024648
v 0.157469 1.232757 0.857539
v 0.171141 1.274189 0.736005
v 0.128172 1.289381 0.864444
v 0.139891 1.347385 0.723575
v 0.184812 1.289380 0.615852
v 0.157469 1.358434 0.555085
v 0.040281 1.347385 0.726337
v 0.040281 1.370863 0.561990
v 0.040281 1.303191 0.648997
v 0.038328 1.261759 0.320303
v 0.038328 1.311478 0.309255
v 0.001219 1.025596 1.026029
v 0.001219 1.032502 1.008075
v 0.048094 1.026978 1.027410
v 0.112547 1.043550 1.002551
v 0.001219 1.053218 0.976311
v 0.137937 1.067029 0.951451
v 0.001219 1.123652 1.101988
v 0.044187 1.125033 1.100607
v 0.001219 1.151274 1.071604
v 0.059812 1.147130 1.070223
v 0.118406 1.142987 1.066080
v 0.069578 1.173371 1.052269
v 0.114500 1.192706 1.024648
v 0.067625 1.234138 0.980454
v 0.112547 1.043550 1.002551
v 0.137937 1.067029 0.951451
v 0.139891 1.166465 1.006694
v 0.155516 1.191325 0.918306
v 0.141844 1.097412 0.876874
v 0.145750 1.105698 0.816107
v 0.167234 1.206516 0.447361
v 0.184812 1.289380 0.615852
v 0.165281 1.130558 0.622757
v 0.151609 1.118128 0.731861
v 0.171141 1.274189 0.736005
v 0.157469 1.232757 0.857539
v 0.202391 1.051837 0.030279
v 0.190672 1.202373 0.167005
v 0.202391 0.973116 0.252631
v 0.190672 1.090507 0.309255
v 0.173094 1.299048 0.318922
v 0.167234 1.206516 0.447361
v 0.155516 1.191325 0.918306
v 0.145750 1.105698 0.816107
v 0.157469 1.232757 0.857539
v 0.151609 1.118128 0.731861
v 0.143797 1.075315 0.771913
v -0.170656 1.299048 0.318922
v -0.155031 1.358434 0.555085
v -0.035891 1.311478 0.309255
v -0.037844 1.370863 0.561990
v -0.137453 1.347385 0.723575
v -0.037844 1.347385 0.726337
v -0.125734 1.289381 0.864444
v -0.037844 1.300429 0.869968
v -0.141359 1.075315 0.771913
v -0.149172 1.118128 0.731861
v 0.001219 1.122271 0.730480
v 0.001219 1.138844 0.608946
v -0.162844 1.130558 0.622757
v 0.001219 1.090507 0.524701
v -0.178469 1.089126 0.542655
v -0.155031 1.358434 0.555085
v -0.182375 1.289380 0.615852
v -0.137453 1.347385 0.723575
v -0.168703 1.274189 0.736005
v -0.149172 1.118128 0.731861
v -0.155031 1.232757 0.857539
v -0.135500 1.067029 0.951451
v -0.153078 1.191325 0.918306
v -0.139406 1.097412 0.876874
v -0.143313 1.105698 0.816107
v -0.155031 1.232757 0.857539
v -0.149172 1.118128 0.731861
v 0.001219 1.303191 0.872730
v -0.037844 1.300429 0.869968
v 0.001219 1.267283 0.941784
v -0.073000 1.263140 0.937641
v -0.125734 1.289381 0.864444
v -0.115969 1.254854 0.929354
v -0.139406 1.097412 0.876874
v -0.143313 1.105698 0.816107
v 0.001219 1.097412 0.871349
v 0.001219 1.122271 0.730480
v -0.141359 1.075315 0.771913
v -0.067141 1.173371 1.052269
v -0.057375 1.147130 1.070223
v 0.001219 1.173371 1.052269
v 0.001219 1.151274 1.071604
v -0.041750 1.125033 1.100607
v 0.001219 1.123652 1.101988
v -0.739143 1.563773 -0.054708
v -0.775480 1.584840 0.060303
v -0.753996 1.572581 -0.072159
v -0.468858 1.328154 -0.426860
v -0.506358 1.361582 -0.471630
v -0.524492 1.245755 -0.480555
v -0.718952 1.653886 -0.109479
v -0.695655 1.610384 -0.057268
v -0.666491 1.585949 -0.061853
v -0.922154 1.217184 -0.084798
v -0.954954 1.212701 -0.087341
v -0.907542 1.080133 -0.189143
v -0.350128 1.157625 -0.571581
v -0.437710 1.023897 -0.491736
v -0.426920 1.073318 -0.557514
v -0.395451 1.115267 -0.509351
v -0.278823 1.009354 -0.560866
v -0.363218 1.070185 -0.559103
v -0.402744 0.802240 -0.395974
v -0.382026 0.785711 -0.409055
v -0.388274 0.822765 -0.329291
v -0.359362 0.814767 -0.311593
v -0.409634 0.853547 -0.295574
v -0.451776 0.794782 -0.267941
v -0.388274 0.822765 -0.329291
v -0.430417 0.764000 -0.301658
v -0.402744 0.802240 -0.395974
v -0.388274 0.822765 -0.329291
v -0.444927 0.744655 -0.369897
v -0.430417 0.764000 -0.301658
v -0.441348 0.813952 -0.430217
v -0.402744 0.802240 -0.395974
v -0.480143 0.764000 -0.405795
v -0.444927 0.744655 -0.369897
v -0.540290 0.798410 -0.400188
v -0.496975 0.855946 -0.428784
v -0.480143 0.764000 -0.405795
v -0.441348 0.813952 -0.430217
v -0.466822 0.894587 -0.294824
v -0.508964 0.835822 -0.267191
v -0.409634 0.853547 -0.295574
v -0.451776 0.794782 -0.267941
v -0.466822 0.894587 -0.294824
v -0.503824 0.906073 -0.326828
v -0.508964 0.835822 -0.267191
v -0.546007 0.848488 -0.300751
v -0.496975 0.855946 -0.428784
v -0.540290 0.798410 -0.400188
v -0.519507 0.887958 -0.394104
v -0.561650 0.829193 -0.366471
v -0.278823 1.009354 -0.560866
v -0.395451 1.115267 -0.509351
v -0.317891 1.128299 -0.364180
v -0.371226 1.145278 -0.411206
v -0.503824 0.906073 -0.326828
v -0.519507 0.887958 -0.394104
v -0.546007 0.848488 -0.300751
v -0.561650 0.829193 -0.366471
v -0.950039 1.350013 0.016690
v -0.906458 1.485661 0.118450
v -0.864149 1.494107 -0.062602
v -0.766003 1.657742 0.054056
v -0.864149 1.494107 -0.062602
v -0.886975 1.310808 -0.201051
v -0.950039 1.350013 0.016690
v -0.954954 1.212701 -0.087341
v -0.846999 1.191212 -0.292817
v -0.772669 1.084834 -0.375455
v -0.907542 1.080133 -0.189143
v -0.825777 0.960783 -0.281815
v -0.713060 1.536249 -0.059104
v -0.624525 1.463584 -0.226880
v -0.666491 1.585949 -0.061853
v -0.576833 1.521015 -0.226246
v -0.632738 1.469038 -0.271569
v -0.573558 1.522833 -0.264185
v -0.624525 1.463584 -0.226880
v -0.576833 1.521015 -0.226246
v -0.403100 1.366970 -0.435914
v -0.424358 1.401894 -0.514302
v -0.459021 1.428156 -0.388038
v -0.514726 1.497725 -0.441698
v -0.553795 0.823429 -0.393117
v -0.581894 0.806249 -0.405415
v -0.510570 0.891106 -0.418922
v -0.520981 0.935072 -0.495639
v -0.510570 0.891106 -0.418922
v -0.520981 0.935072 -0.495639
v -0.437710 1.023897 -0.491736
v -0.426920 1.073318 -0.557514
v -0.437710 1.023897 -0.491736
v -0.350128 1.157625 -0.571581
v -0.384333 1.093887 -0.516052
v -0.346282 1.147647 -0.510594
v -0.703425 0.866249 -0.356724
v -0.683140 0.886437 -0.341940
v -0.825777 0.960783 -0.281815
v -0.839530 1.032179 -0.227297
v -0.460648 1.313247 -0.536462
v -0.583285 1.417618 -0.446729
v -0.424358 1.401894 -0.514302
v -0.514726 1.497725 -0.441698
v -0.620041 1.588864 -0.306058
v -0.514726 1.497725 -0.441698
v -0.684643 1.496717 -0.342392
v -0.583285 1.417618 -0.446729
v -0.819531 1.592569 0.194823
v -0.791793 1.584225 0.187768
v -0.786871 1.616154 0.204503
v -0.772406 1.603587 0.194592
v -0.388861 0.859574 -0.262121
v -0.409634 0.853547 -0.295574
v -0.359362 0.814767 -0.311593
v -0.388274 0.822765 -0.329291
v -0.474470 0.922815 -0.260951
v -0.466822 0.894587 -0.294824
v -0.388861 0.859574 -0.262121
v -0.409634 0.853547 -0.295574
v -0.745532 1.621504 0.057908
v -0.766003 1.657742 0.054056
v -0.772406 1.603587 0.194592
v -0.786871 1.616154 0.204503
v -0.553795 0.823429 -0.393117
v -0.510570 0.891106 -0.418922
v -0.683140 0.886437 -0.341940
v -0.656845 0.999469 -0.386841
v -0.494703 0.914155 -0.409209
v -0.420113 1.008609 -0.454753
v -0.584359 0.998001 -0.399658
v -0.542989 1.080764 -0.431135
v -0.420113 1.008609 -0.454753
v -0.437710 1.023897 -0.491736
v -0.542989 1.080764 -0.431135
v -0.575444 1.142580 -0.454503
v -0.420113 1.008609 -0.454753
v -0.494703 0.914155 -0.409209
v -0.437710 1.023897 -0.491736
v -0.510570 0.891106 -0.418922
v -0.494703 0.914155 -0.409209
v -0.584359 0.998001 -0.399658
v -0.510570 0.891106 -0.418922
v -0.656845 0.999469 -0.386841
v -0.584359 0.998001 -0.399658
v -0.542989 1.080764 -0.431135
v -0.656845 0.999469 -0.386841
v -0.575444 1.142580 -0.454503
v -0.575444 1.142580 -0.454503
v -0.839530 1.032179 -0.227297
v -0.656845 0.999469 -0.386841
v -0.683140 0.886437 -0.341940
v -0.954954 1.212701 -0.087341
v -0.922154 1.217184 -0.084798
v -0.950039 1.350013 0.016690
v -0.926695 1.358910 0.017925
v -0.922154 1.217184 -0.084798
v -0.907542 1.080133 -0.189143
v -0.839530 1.032179 -0.227297
v -0.825777 0.960783 -0.281815
v -0.553795 0.823429 -0.393117
v -0.683140 0.886437 -0.341940
v -0.581894 0.806249 -0.405415
v -0.703425 0.866249 -0.356724
v -0.880361 1.478723 0.107601
v -0.906458 1.485661 0.118450
v -0.926695 1.358910 0.017925
v -0.950039 1.350013 0.016690
v -0.745532 1.621504 0.057908
v -0.695655 1.610384 -0.057268
v -0.766003 1.657742 0.054056
v -0.718952 1.653886 -0.109479
v -0.791793 1.584225 0.187768
v -0.880361 1.478723 0.107601
v -0.775480 1.584840 0.060303
v -0.753996 1.572581 -0.072159
v -0.575444 1.142580 -0.454503
v -0.682017 1.523719 -0.302362
v -0.839530 1.032179 -0.227297
v -0.922154 1.217184 -0.084798
v -0.620041 1.588864 -0.306058
v -0.573558 1.522833 -0.264185
v -0.514726 1.497725 -0.441698
v -0.459021 1.428156 -0.388038
v -0.403100 1.366970 -0.435914
v -0.452643 1.286904 -0.473286
v -0.424358 1.401894 -0.514302
v -0.460648 1.313247 -0.536462
v -0.437710 1.023897 -0.491736
v -0.384333 1.093887 -0.516052
v -0.575444 1.142580 -0.454503
v -0.524492 1.245755 -0.480555
v -0.460648 1.313247 -0.536462
v -0.452643 1.286904 -0.473286
v -0.350128 1.157625 -0.571581
v -0.346282 1.147647 -0.510594
v -0.468858 1.328154 -0.426860
v -0.524492 1.245755 -0.480555
v -0.511362 1.240713 -0.470010
v -0.384333 1.093887 -0.516052
v -0.452643 1.286904 -0.473286
v -0.511362 1.240713 -0.470010
v -0.346282 1.147647 -0.510594
v -0.384333 1.093887 -0.516052
v -0.739143 1.563773 -0.054708
v -0.713060 1.536249 -0.059104
v -0.695655 1.610384 -0.057268
v -0.666491 1.585949 -0.061853
v -0.511362 1.240713 -0.470010
v -0.452643 1.286904 -0.473286
v -0.468858 1.328154 -0.426860
v -0.403100 1.366970 -0.435914
v -0.466822 0.894587 -0.294824
v -0.474470 0.922815 -0.260951
v -0.503824 0.906073 -0.326828
v -0.526632 0.938566 -0.308940
v -0.278823 1.009354 -0.560866
v -0.435789 0.801687 -0.459283
v -0.363218 1.070185 -0.559103
v -0.519796 0.864702 -0.455874
v -0.363218 1.070185 -0.559103
v -0.519796 0.864702 -0.455874
v -0.395451 1.115267 -0.509351
v -0.550856 0.908555 -0.407085
v -0.786871 1.616154 0.204503
v -0.766003 1.657742 0.054056
v -0.819531 1.592569 0.194823
v -0.906458 1.485661 0.118450
v -0.791793 1.584225 0.187768
v -0.819531 1.592569 0.194823
v -0.880361 1.478723 0.107601
v -0.906458 1.485661 0.118450
v -0.395451 1.115267 -0.509351
v -0.550856 0.908555 -0.407085
v -0.371226 1.145278 -0.411206
v -0.526632 0.938566 -0.308940
v -0.583285 1.417618 -0.446729
v -0.460648 1.313247 -0.536462
v -0.725514 1.256688 -0.410610
v -0.549993 1.116803 -0.521310
v -0.350128 1.157625 -0.571581
v -0.426920 1.073318 -0.557514
v -0.402744 0.802240 -0.395974
v -0.441348 0.813952 -0.430217
v -0.382026 0.785711 -0.409055
v -0.435789 0.801687 -0.459283
v -0.496975 0.855946 -0.428784
v -0.519796 0.864702 -0.455874
v -0.233456 1.066286 -0.364387
v -0.317891 1.128299 -0.364180
v -0.388861 0.859574 -0.262121
v -0.474470 0.922815 -0.260951
v -0.371226 1.145278 -0.411206
v -0.526632 0.938566 -0.308940
v -0.496975 0.855946 -0.428784
v -0.519507 0.887958 -0.394104
v -0.519796 0.864702 -0.455874
v -0.550856 0.908555 -0.407085
v -0.503824 0.906073 -0.326828
v -0.526632 0.938566 -0.308940
v -0.233456 1.066286 -0.364387
v -0.202784 1.020250 -0.414823
v -0.317891 1.128299 -0.364180
v -0.278823 1.009354 -0.560866
v -0.225488 0.992374 -0.513840
v -0.703425 0.866249 -0.356724
v -0.662436 1.000408 -0.442379
v -0.581894 0.806249 -0.405415
v -0.520981 0.935072 -0.495639
v -0.549993 1.116803 -0.521310
v -0.426920 1.073318 -0.557514
v -0.954954 1.212701 -0.087341
v -0.886975 1.310808 -0.201051
v -0.907542 1.080133 -0.189143
v -0.846999 1.191212 -0.292817
v -0.725514 1.256688 -0.410610
v -0.772669 1.084834 -0.375455
v -0.825777 0.960783 -0.281815
v -0.772669 1.084834 -0.375455
v -0.703425 0.866249 -0.356724
v -0.662436 1.000408 -0.442379
v -0.725514 1.256688 -0.410610
v -0.549993 1.116803 -0.521310
v -0.864149 1.494107 -0.062602
v -0.779668 1.476617 -0.242363
v -0.886975 1.310808 -0.201051
v -0.725514 1.256688 -0.410610
v -0.684643 1.496717 -0.342392
v -0.583285 1.417618 -0.446729
v -0.388861 0.859574 -0.262121
v -0.359362 0.814767 -0.311593
v -0.233456 1.066286 -0.364387
v -0.202784 1.020250 -0.414823
v -0.382026 0.785711 -0.409055
v -0.225488 0.992374 -0.513840
v -0.435789 0.801687 -0.459283
v -0.278823 1.009354 -0.560866
v -0.766003 1.657742 0.054056
v -0.718952 1.653886 -0.109479
v -0.864149 1.494107 -0.062602
v -0.779668 1.476617 -0.242363
v -0.620041 1.588864 -0.306058
v -0.684643 1.496717 -0.342392
v -0.695655 1.610384 -0.057268
v -0.745532 1.621504 0.057908
v -0.739143 1.563773 -0.054708
v -0.775480 1.584840 0.060303
v -0.772406 1.603587 0.194592
v -0.791793 1.584225 0.187768
v -0.632738 1.469038 -0.271569
v -0.518169 1.380961 -0.387965
v -0.573558 1.522833 -0.264185
v -0.459021 1.428156 -0.388038
v -0.468858 1.328154 -0.426860
v -0.403100 1.366970 -0.435914
v -0.632738 1.469038 -0.271569
v -0.624525 1.463584 -0.226880
v -0.682017 1.523719 -0.302362
v -0.753996 1.572581 -0.072159
v -0.713060 1.536249 -0.059104
v -0.739143 1.563773 -0.054708
v -0.682017 1.523719 -0.302362
v -0.553109 1.398250 -0.432785
v -0.632738 1.469038 -0.271569
v -0.518169 1.380961 -0.387965
v -0.506358 1.361582 -0.471630
v -0.468858 1.328154 -0.426860
v -0.666491 1.585949 -0.061853
v -0.576833 1.521015 -0.226246
v -0.718952 1.653886 -0.109479
v -0.620041 1.588864 -0.306058
v -0.573558 1.522833 -0.264185
v -0.506358 1.361582 -0.471630
v -0.553109 1.398250 -0.432785
v -0.524492 1.245755 -0.480555
v -0.575444 1.142580 -0.454503
v -0.682017 1.523719 -0.302362
v -0.880361 1.478723 0.107601
v -0.926695 1.358910 0.017925
v -0.753996 1.572581 -0.072159
v -0.682017 1.523719 -0.302362
v -0.922154 1.217184 -0.084798
v 0.068359 1.171936 1.029933
v 0.066406 1.193421 0.990871
v 0.056641 1.255921 1.055324
v 0.062500 1.265686 1.045558
v 0.068359 1.171936 1.029933
v 0.056641 1.255921 1.055324
v 0.000000 1.173889 1.027980
v 0.000000 1.253968 1.055324
v 0.000000 1.193421 0.992824
v 0.066406 1.193421 0.990871
v 0.000000 1.173889 1.027980
v 0.068359 1.171936 1.029933
v 0.000000 1.265686 1.045558
v 0.062500 1.265686 1.045558
v 0.000000 1.193421 0.992824
v 0.066406 1.193421 0.990871
v 0.000000 1.253968 1.055324
v 0.056641 1.255921 1.055324
v 0.000000 1.265686 1.045558
v 0.062500 1.265686 1.045558
v -0.062500 1.265686 1.045558
v -0.066406 1.193421 0.990871
v -0.056641 1.255921 1.055324
v -0.068359 1.171936 1.029933
v -0.068359 1.171936 1.029933
v 0.000000 1.173889 1.027980
v -0.056641 1.255921 1.055324
v 0.000000 1.253968 1.055324
v -0.068359 1.171936 1.029933
v -0.066406 1.193421 0.990871
v 0.000000 1.173889 1.027980
v 0.000000 1.193421 0.992824
v -0.066406 1.193421 0.990871
v -0.062500 1.265686 1.045558
v 0.000000 1.193421 0.992824
v 0.000000 1.265686 1.045558
v -0.062500 1.265686 1.045558
v -0.056641 1.255921 1.055324
v 0.000000 1.265686 1.045558
v 0.000000 1.253968 1.055324
v -0.001953 1.605346 0.643743
v 0.015625 1.605346 0.638219
v -0.001953 1.432713 0.335765
v 0.029297 1.429951 0.338527
v -0.001953 1.432713 0.335765
v 0.029297 1.429951 0.338527
v -0.001953 1.254555 0.276379
v 0.033203 1.254555 0.279141
v -0.001953 1.548723 0.634076
v 0.013672 1.550104 0.629933
v -0.001953 1.605346 0.643743
v 0.015625 1.605346 0.638219
v 0.027344 1.389900 0.442107
v 0.029297 1.429951 0.338527
v 0.013672 1.550104 0.629933
v 0.015625 1.605346 0.638219
v -0.001953 1.260080 0.439345
v -0.001953 1.254555 0.276379
v 0.019531 1.260080 0.436583
v 0.033203 1.254555 0.279141
v 0.027344 1.389900 0.442107
v 0.013672 1.550104 0.629933
v -0.001953 1.391281 0.440726
v -0.001953 1.548723 0.634076
v 0.019531 1.260080 0.436583
v 0.027344 1.389900 0.442107
v -0.001953 1.260080 0.439345
v -0.001953 1.391281 0.440726
v 0.027344 1.389900 0.442107
v 0.019531 1.260080 0.436583
v 0.029297 1.429951 0.338527
v 0.033203 1.254555 0.279141
v -0.001953 1.548723 0.634076
v -0.001953 1.605346 0.643743
v -0.019531 1.550104 0.629933
v -0.021484 1.605346 0.638219
v -0.033203 1.389900 0.442107
v -0.019531 1.550104 0.629933
v -0.035156 1.429951 0.338527
v -0.021484 1.605346 0.638219
v -0.037109 1.254555 0.279141
v -0.001953 1.254555 0.276379
v -0.025391 1.260080 0.436583
v -0.001953 1.260080 0.439345
v -0.033203 1.389900 0.442107
v -0.001953 1.391281 0.440726
v -0.019531 1.550104 0.629933
v -0.001953 1.548723 0.634076
v -0.025391 1.260080 0.436583
v -0.001953 1.260080 0.439345
v -0.033203 1.389900 0.442107
v -0.001953 1.391281 0.440726
v -0.033203 1.389900 0.442107
v -0.035156 1.429951 0.338527
v -0.025391 1.260080 0.436583
v -0.037109 1.254555 0.279141
v -0.001953 1.605346 0.643743
v -0.001953 1.432713 0.335765
v -0.021484 1.605346 0.638219
v -0.035156 1.429951 0.338527
v -0.001953 1.254555 0.276379
v -0.037109 1.254555 0.279141
v -0.156269 1.324622 0.534383
v -0.179706 1.324779 0.538747
v -0.181659 1.265634 0.522525
v -0.218769 1.658066 0.061745
v -0.212909 1.696042 0.072612
v -0.199237 1.694264 0.071802
v -0.175800 1.469237 0.424285
v -0.218769 1.658066 0.061745
v -0.185565 1.581547 0.290878
v -0.199237 1.694264 0.071802
v -0.179706 1.324779 0.538747
v -0.156269 1.324622 0.534383
v -0.199237 1.469395 0.428649
v -0.175800 1.469237 0.424285
v -0.218769 1.658066 0.061745
v -0.175800 1.469237 0.424285
v -0.205097 1.406764 0.340008
v -0.201190 1.408181 0.379288
v -0.185565 1.581547 0.290878
v -0.205097 1.579927 0.294433
v -0.175800 1.469237 0.424285
v -0.199237 1.469395 0.428649
v -0.181659 1.265634 0.522525
v -0.179706 1.324779 0.538747
v -0.201190 1.408181 0.379288
v -0.199237 1.469395 0.428649
v -0.181659 1.265634 0.522525
v -0.201190 1.408181 0.379288
v -0.156269 1.324622 0.534383
v -0.175800 1.469237 0.424285
v -0.199237 1.694264 0.071802
v -0.212909 1.696042 0.072612
v -0.185565 1.581547 0.290878
v -0.205097 1.579927 0.294433
v -0.205097 1.406764 0.340008
v -0.205097 1.579927 0.294433
v -0.218769 1.658066 0.061745
v -0.212909 1.696042 0.072612
v -0.205097 1.579927 0.294433
v -0.205097 1.406764 0.340008
v -0.199237 1.469395 0.428649
v -0.201190 1.408181 0.379288
v 0.157412 1.329828 0.537609
v 0.180849 1.271234 0.525891
v 0.178896 1.329828 0.541516
v 0.219912 1.661859 0.063000
v 0.198427 1.697015 0.072766
v 0.212099 1.698968 0.072766
v 0.204287 1.407953 0.344250
v 0.219912 1.661859 0.063000
v 0.204287 1.581781 0.299328
v 0.212099 1.698968 0.072766
v 0.180849 1.271234 0.525891
v 0.202333 1.411859 0.383312
v 0.178896 1.329828 0.541516
v 0.198427 1.472406 0.432140
v 0.180849 1.271234 0.525891
v 0.157412 1.329828 0.537609
v 0.202333 1.411859 0.383312
v 0.174990 1.472406 0.428234
v 0.174990 1.472406 0.428234
v 0.184755 1.583734 0.295422
v 0.219912 1.661859 0.063000
v 0.198427 1.697015 0.072766
v 0.219912 1.661859 0.063000
v 0.204287 1.407953 0.344250
v 0.174990 1.472406 0.428234
v 0.202333 1.411859 0.383312
v 0.204287 1.581781 0.299328
v 0.198427 1.472406 0.432140
v 0.204287 1.407953 0.344250
v 0.202333 1.411859 0.383312
v 0.198427 1.697015 0.072766
v 0.184755 1.583734 0.295422
v 0.212099 1.698968 0.072766
v 0.204287 1.581781 0.299328
v 0.174990 1.472406 0.428234
v 0.198427 1.472406 0.432140
v 0.157412 1.329828 0.537609
v 0.178896 1.329828 0.541516
v 0.754715 1.690159 -0.107568
v 0.689498 1.627755 -0.062299
v 0.717816 1.653045 -0.056078
v 0.687671 1.605338 -0.309956
v 0.632660 1.545744 -0.271055
v 0.628526 1.547535 -0.233756
v 0.925878 1.408732 0.085693
v 0.745887 1.541378 -0.290410
v 0.935081 1.255826 -0.001779
v 0.456926 1.147555 -0.573847
v 0.478119 1.089263 -0.505697
v 0.440765 1.143967 -0.512668
v 0.379925 1.003126 -0.559697
v 0.487005 1.114311 -0.499574
v 0.464325 1.063684 -0.549875
v 0.455213 0.875144 -0.260676
v 0.439903 0.841376 -0.295321
v 0.492611 0.819468 -0.220516
v 0.475920 0.785701 -0.253780
v 0.577870 0.958133 -0.262315
v 0.448385 1.153602 -0.411135
v 0.516149 0.948202 -0.221837
v 0.385705 1.142266 -0.371616
v 0.583336 0.897816 -0.342476
v 0.617483 0.917485 -0.349761
v 0.557370 0.924510 -0.280054
v 0.577870 0.958133 -0.262315
v 0.510403 0.806301 -0.409884
v 0.510092 0.820447 -0.382574
v 0.448683 0.796369 -0.369406
v 0.467822 0.814730 -0.355790
v 0.278625 1.031081 -0.431740
v 0.409070 0.837017 -0.281961
v 0.302686 1.081708 -0.382820
v 0.430790 0.886239 -0.232619
v 0.516149 0.948202 -0.221837
v 0.385705 1.142266 -0.371616
v 0.430790 0.886239 -0.232619
v 0.302686 1.081708 -0.382820
v 0.467822 0.814730 -0.355790
v 0.502880 0.757650 -0.315209
v 0.439903 0.841376 -0.295321
v 0.475920 0.785701 -0.253780
v 0.510092 0.820447 -0.382574
v 0.543482 0.772960 -0.346422
v 0.467822 0.814730 -0.355790
v 0.502880 0.757650 -0.315209
v 0.510092 0.820447 -0.382574
v 0.567638 0.862692 -0.374746
v 0.543482 0.772960 -0.346422
v 0.602661 0.808373 -0.334199
v 0.514141 0.917389 -0.254229
v 0.455213 0.875144 -0.260676
v 0.550157 0.861714 -0.212688
v 0.492611 0.819468 -0.220516
v 0.567638 0.862692 -0.374746
v 0.594804 0.866858 -0.400061
v 0.583336 0.897816 -0.342476
v 0.617483 0.917485 -0.349761
v 0.514141 0.917389 -0.254229
v 0.550157 0.861714 -0.212688
v 0.557370 0.924510 -0.280054
v 0.591434 0.868787 -0.240465
v 0.487005 1.114311 -0.499574
v 0.379925 1.003126 -0.559697
v 0.278625 1.031081 -0.431740
v 0.317245 0.991790 -0.520178
v 0.557370 0.924510 -0.280054
v 0.591434 0.868787 -0.240465
v 0.583336 0.897816 -0.342476
v 0.619353 0.842141 -0.300935
v 0.949318 1.400785 0.089797
v 0.881445 1.535344 -0.019507
v 0.891977 1.546040 0.165039
v 0.770300 1.711757 0.059935
v 0.967494 1.252141 0.003013
v 0.924102 1.338347 -0.131530
v 0.949318 1.400785 0.089797
v 0.881445 1.535344 -0.019507
v 0.896659 1.209910 -0.214216
v 0.924102 1.338347 -0.131530
v 0.936554 1.109703 -0.091457
v 0.967494 1.252141 0.003013
v 0.670990 1.418471 -0.437122
v 0.800333 1.262204 -0.357498
v 0.561377 1.305400 -0.535687
v 0.641479 1.110861 -0.485968
v 0.770300 1.711757 0.059935
v 0.881445 1.535344 -0.019507
v 0.754715 1.690159 -0.107568
v 0.831785 1.499263 -0.207274
v 0.735556 1.580173 -0.046625
v 0.689498 1.627755 -0.062299
v 0.673726 1.490262 -0.218940
v 0.628526 1.547535 -0.233756
v 0.628526 1.547535 -0.233756
v 0.632660 1.545744 -0.271055
v 0.673726 1.490262 -0.218940
v 0.690440 1.489925 -0.262993
v 0.717816 1.653045 -0.056078
v 0.760539 1.605414 -0.040977
v 0.749509 1.677018 0.064003
v 0.776808 1.640193 0.074729
v 0.561377 1.305400 -0.535687
v 0.641479 1.110861 -0.485968
v 0.456926 1.147555 -0.573847
v 0.526288 1.064600 -0.537630
v 0.567638 0.862692 -0.374746
v 0.583336 0.897816 -0.342476
v 0.602661 0.808373 -0.334199
v 0.619353 0.842141 -0.300935
v 0.317245 0.991790 -0.520178
v 0.448683 0.796369 -0.369406
v 0.278625 1.031081 -0.431740
v 0.409070 0.837017 -0.281961
v 0.561377 1.305400 -0.535687
v 0.524873 1.397556 -0.530759
v 0.670990 1.418471 -0.437122
v 0.606052 1.500359 -0.452342
v 0.670990 1.418471 -0.437122
v 0.606052 1.500359 -0.452342
v 0.754302 1.509305 -0.323427
v 0.687671 1.605338 -0.309956
v 0.795868 1.661502 0.215323
v 0.763332 1.688733 0.215933
v 0.770530 1.651378 0.203796
v 0.749445 1.673230 0.204808
v 0.891977 1.546040 0.165039
v 0.795868 1.661502 0.215323
v 0.867986 1.538678 0.152097
v 0.770530 1.651378 0.203796
v 0.763332 1.688733 0.215933
v 0.795868 1.661502 0.215323
v 0.770300 1.711757 0.059935
v 0.891977 1.546040 0.165039
v 0.763332 1.688733 0.215933
v 0.770300 1.711757 0.059935
v 0.749445 1.673230 0.204808
v 0.749509 1.677018 0.064003
v 0.561548 0.922141 -0.364264
v 0.651112 1.006342 -0.346515
v 0.500695 1.011735 -0.430641
v 0.617973 1.085468 -0.393465
v 0.500695 1.011735 -0.430641
v 0.617973 1.085468 -0.393465
v 0.524662 1.024042 -0.464679
v 0.656833 1.143657 -0.418134
v 0.579721 0.898835 -0.368188
v 0.561548 0.922141 -0.364264
v 0.524662 1.024042 -0.464679
v 0.500695 1.011735 -0.430641
v 0.721037 1.008904 -0.320785
v 0.651112 1.006342 -0.346515
v 0.579721 0.898835 -0.368188
v 0.561548 0.922141 -0.364264
v 0.656833 1.143657 -0.418134
v 0.617973 1.085468 -0.393465
v 0.721037 1.008904 -0.320785
v 0.651112 1.006342 -0.346515
v 0.614881 0.833470 -0.327504
v 0.645750 0.815832 -0.332543
v 0.736413 0.900708 -0.261214
v 0.757736 0.878759 -0.270274
v 0.749509 1.677018 0.064003
v 0.770300 1.711757 0.059935
v 0.717816 1.653045 -0.056078
v 0.754715 1.690159 -0.107568
v 0.770530 1.651378 0.203796
v 0.776808 1.640193 0.074729
v 0.867986 1.538678 0.152097
v 0.777009 1.613699 -0.057652
v 0.777009 1.613699 -0.057652
v 0.673726 1.490262 -0.218940
v 0.745887 1.541378 -0.290410
v 0.690440 1.489925 -0.262993
v 0.489077 1.371825 -0.453307
v 0.524873 1.397556 -0.530759
v 0.543046 1.286598 -0.473917
v 0.561377 1.305400 -0.535687
v 0.561377 1.305400 -0.535687
v 0.456926 1.147555 -0.573847
v 0.543046 1.286598 -0.473917
v 0.440765 1.143967 -0.512668
v 0.770530 1.651378 0.203796
v 0.749445 1.673230 0.204808
v 0.776808 1.640193 0.074729
v 0.749509 1.677018 0.064003
v 0.638340 1.403017 -0.425578
v 0.595126 1.389160 -0.385929
v 0.597270 1.360531 -0.469410
v 0.551464 1.332865 -0.426828
v 0.689498 1.627755 -0.062299
v 0.754715 1.690159 -0.107568
v 0.628526 1.547535 -0.233756
v 0.687671 1.605338 -0.309956
v 0.540026 1.438003 -0.402358
v 0.595126 1.389160 -0.385929
v 0.632660 1.545744 -0.271055
v 0.690440 1.489925 -0.262993
v 0.689498 1.627755 -0.062299
v 0.735556 1.580173 -0.046625
v 0.717816 1.653045 -0.056078
v 0.760539 1.605414 -0.040977
v 0.745887 1.541378 -0.290410
v 0.925878 1.408732 0.085693
v 0.777009 1.613699 -0.057652
v 0.867986 1.538678 0.152097
v 0.745887 1.541378 -0.290410
v 0.690440 1.489925 -0.262993
v 0.638340 1.403017 -0.425578
v 0.595126 1.389160 -0.385929
v 0.510092 0.820447 -0.382574
v 0.510403 0.806301 -0.409884
v 0.567638 0.862692 -0.374746
v 0.594804 0.866858 -0.400061
v 0.379925 1.003126 -0.559697
v 0.510403 0.806301 -0.409884
v 0.317245 0.991790 -0.520178
v 0.448683 0.796369 -0.369406
v 0.478119 1.089263 -0.505697
v 0.456926 1.147555 -0.573847
v 0.524662 1.024042 -0.464679
v 0.526288 1.064600 -0.537630
v 0.489077 1.371825 -0.453307
v 0.551464 1.332865 -0.426828
v 0.540026 1.438003 -0.402358
v 0.595126 1.389160 -0.385929
v 0.577870 0.958133 -0.262315
v 0.617483 0.917485 -0.349761
v 0.448385 1.153602 -0.411135
v 0.487005 1.114311 -0.499574
v 0.526288 1.064600 -0.537630
v 0.604991 0.934111 -0.445117
v 0.524662 1.024042 -0.464679
v 0.579721 0.898835 -0.368188
v 0.645750 0.815832 -0.332543
v 0.614881 0.833470 -0.327504
v 0.455213 0.875144 -0.260676
v 0.514141 0.917389 -0.254229
v 0.430790 0.886239 -0.232619
v 0.516149 0.948202 -0.221837
v 0.557370 0.924510 -0.280054
v 0.577870 0.958133 -0.262315
v 0.467822 0.814730 -0.355790
v 0.439903 0.841376 -0.295321
v 0.448683 0.796369 -0.369406
v 0.409070 0.837017 -0.281961
v 0.455213 0.875144 -0.260676
v 0.430790 0.886239 -0.232619
v 0.302686 1.081708 -0.382820
v 0.385705 1.142266 -0.371616
v 0.278625 1.031081 -0.431740
v 0.487005 1.114311 -0.499574
v 0.448385 1.153602 -0.411135
v 0.868533 0.980639 -0.184337
v 0.757736 0.878759 -0.270274
v 0.834898 1.094848 -0.298074
v 0.736103 1.002899 -0.374771
v 0.645750 0.815832 -0.332543
v 0.604991 0.934111 -0.445117
v 0.881445 1.535344 -0.019507
v 0.924102 1.338347 -0.131530
v 0.831785 1.499263 -0.207274
v 0.800333 1.262204 -0.357498
v 0.896659 1.209910 -0.214216
v 0.834898 1.094848 -0.298074
v 0.936554 1.109703 -0.091457
v 0.868533 0.980639 -0.184337
v 0.834898 1.094848 -0.298074
v 0.736103 1.002899 -0.374771
v 0.800333 1.262204 -0.357498
v 0.641479 1.110861 -0.485968
v 0.604991 0.934111 -0.445117
v 0.526288 1.064600 -0.537630
v 0.754715 1.690159 -0.107568
v 0.831785 1.499263 -0.207274
v 0.687671 1.605338 -0.309956
v 0.754302 1.509305 -0.323427
v 0.800333 1.262204 -0.357498
v 0.670990 1.418471 -0.437122
v 0.687671 1.605338 -0.309956
v 0.606052 1.500359 -0.452342
v 0.632660 1.545744 -0.271055
v 0.540026 1.438003 -0.402358
v 0.524873 1.397556 -0.530759
v 0.489077 1.371825 -0.453307
v 0.379925 1.003126 -0.559697
v 0.464325 1.063684 -0.549875
v 0.510403 0.806301 -0.409884
v 0.594804 0.866858 -0.400061
v 0.487005 1.114311 -0.499574
v 0.617483 0.917485 -0.349761
v 0.757736 0.878759 -0.270274
v 0.868533 0.980639 -0.184337
v 0.736413 0.900708 -0.261214
v 0.873780 1.060047 -0.134895
v 0.936554 1.109703 -0.091457
v 0.935081 1.255826 -0.001779
v 0.967494 1.252141 0.003013
v 0.614881 0.833470 -0.327504
v 0.736413 0.900708 -0.261214
v 0.579721 0.898835 -0.368188
v 0.721037 1.008904 -0.320785
v 0.873780 1.060047 -0.134895
v 0.656833 1.143657 -0.418134
v 0.967494 1.252141 0.003013
v 0.949318 1.400785 0.089797
v 0.935081 1.255826 -0.001779
v 0.925878 1.408732 0.085693
v 0.891977 1.546040 0.165039
v 0.867986 1.538678 0.152097
v 0.935081 1.255826 -0.001779
v 0.745887 1.541378 -0.290410
v 0.873780 1.060047 -0.134895
v 0.656833 1.143657 -0.418134
v 0.638340 1.403017 -0.425578
v 0.673726 1.490262 -0.218940
v 0.777009 1.613699 -0.057652
v 0.735556 1.580173 -0.046625
v 0.760539 1.605414 -0.040977
v 0.776808 1.640193 0.074729
v 0.597270 1.360531 -0.469410
v 0.613990 1.244780 -0.463739
v 0.638340 1.403017 -0.425578
v 0.656833 1.143657 -0.418134
v 0.478119 1.089263 -0.505697
v 0.524662 1.024042 -0.464679
v 0.478119 1.089263 -0.505697
v 0.613990 1.244780 -0.463739
v 0.598683 1.240565 -0.454187
v 0.551464 1.332865 -0.426828
v 0.597270 1.360531 -0.469410
v 0.478119 1.089263 -0.505697
v 0.598683 1.240565 -0.454187
v 0.440765 1.143967 -0.512668
v 0.543046 1.286598 -0.473917
v 0.551464 1.332865 -0.426828
v 0.489077 1.371825 -0.453307
v -0.155404 0.728039 0.166183
v -0.155404 1.164456 0.163421
v -0.155404 0.935199 -0.049263
v -0.005013 0.935199 -0.049263
v 0.145378 0.935199 -0.049263
v -0.005013 0.728039 0.166183
v 0.145378 0.728039 0.166183
v 0.145378 1.004252 0.412014
v -0.005013 1.004252 0.412014
v 0.145378 0.728039 0.166183
v -0.005013 0.728039 0.166183
v 0.145378 1.121643 0.250429
v 0.145378 1.058114 0.280812
v 0.145378 0.728039 0.166183
v 0.145378 1.004252 0.412014
v 0.145378 0.935199 -0.049263
v -0.005013 0.935199 -0.049263
v 0.145378 1.164456 0.163421
v -0.005013 1.164456 0.163421
v 0.145378 0.728039 0.166183
v 0.145378 0.935199 -0.049263
v 0.145378 1.121643 0.250429
v 0.145378 1.164456 0.163421
v 0.145378 1.121643 0.250429
v -0.005013 1.121643 0.250429
v 0.145378 1.058114 0.280812
v -0.005013 1.058114 0.280812
v 0.145378 1.164456 0.163421
v -0.005013 1.164456 0.163421
v 0.145378 1.121643 0.250429
v -0.005013 1.121643 0.250429
v -0.155404 0.935199 -0.049263
v -0.155404 1.164456 0.163421
v -0.005013 0.935199 -0.049263
v -0.005013 1.164456 0.163421
v -0.005013 0.935199 -0.049263
v -0.005013 0.728039 0.166183
v -0.155404 0.935199 -0.049263
v -0.155404 0.728039 0.166183
v -0.155404 1.004252 0.412014
v -0.155404 0.728039 0.166183
v -0.005013 1.004252 0.412014
v -0.005013 0.728039 0.166183
v 0.145378 1.058114 0.280812
v -0.005013 1.058114 0.280812
v 0.145378 1.004252 0.412014
v -0.005013 1.004252 0.412014
v -0.155404 1.004252 0.412014
v -0.155404 1.058114 0.280812
v -0.155404 0.728039 0.166183
v -0.155404 1.164456 0.163421
v -0.155404 1.121643 0.250429
v -0.005013 1.004252 0.412014
v -0.005013 1.058114 0.280812
v -0.155404 1.004252 0.412014
v -0.155404 1.058114 0.280812
v -0.005013 1.121643 0.250429
v -0.155404 1.121643 0.250429
v -0.005013 1.164456 0.163421
v -0.155404 1.164456 0.163421
v -0.615586 0.819373 0.421789
v -0.609002 0.758826 0.409649
v -0.697526 0.821326 0.358503
v -0.705054 0.762732 0.335882
v -0.615586 0.819373 0.421789
v -0.572351 0.776404 0.478227
v -0.609002 0.758826 0.409649
v -0.555956 0.743201 0.475806
v -0.713808 0.733435 0.550769
v -0.725453 0.774451 0.566449
v -0.795747 0.737341 0.487482
v -0.821504 0.776404 0.492682
v -0.697526 0.821326 0.358503
v -0.791850 0.833045 0.485511
v -0.615586 0.819373 0.421789
v -0.709911 0.831091 0.548797
v -0.821504 0.776404 0.492682
v -0.725453 0.774451 0.566449
v -0.791850 0.833045 0.485511
v -0.709911 0.831091 0.548797
v -0.705054 0.762732 0.335882
v -0.609002 0.758826 0.409649
v -0.704916 0.725623 0.365178
v -0.622976 0.723670 0.428465
v -0.555956 0.743201 0.475806
v -0.577009 0.723670 0.484499
v -0.709911 0.831091 0.548797
v -0.725453 0.774451 0.566449
v -0.645714 0.784216 0.577011
v -0.646787 0.752966 0.598110
v -0.713808 0.733435 0.550769
v -0.646879 0.731482 0.578579
v -0.709911 0.831091 0.548797
v -0.645714 0.784216 0.577011
v -0.615586 0.819373 0.421789
v -0.572351 0.776404 0.478227
v -0.646787 0.752966 0.598110
v -0.555956 0.743201 0.475806
v -0.646879 0.731482 0.578579
v -0.577009 0.723670 0.484499
v -0.713808 0.733435 0.550769
v -0.622976 0.723670 0.428465
v -0.795747 0.737341 0.487482
v -0.704916 0.725623 0.365178
v -0.821504 0.776404 0.492682
v -0.705054 0.762732 0.335882
v -0.791850 0.833045 0.485511
v -0.697526 0.821326 0.358503
v 0.738024 0.739143 0.538822
v 0.616356 0.729378 0.447139
v 0.798761 0.743050 0.454975
v 0.677094 0.731331 0.363292
v 0.681670 0.737190 0.584397
v 0.588080 0.729378 0.513872
v 0.738024 0.739143 0.538822
v 0.616356 0.729378 0.447139
v 0.733728 0.836800 0.538031
v 0.607382 0.825081 0.442822
v 0.680110 0.789925 0.583222
v 0.581840 0.782112 0.509170
v 0.733728 0.836800 0.538031
v 0.794466 0.838753 0.454184
v 0.607382 0.825081 0.442822
v 0.668119 0.827034 0.358975
v 0.733728 0.836800 0.538031
v 0.753622 0.780159 0.550576
v 0.794466 0.838753 0.454184
v 0.824938 0.782112 0.452691
v 0.565429 0.748909 0.511477
v 0.581840 0.782112 0.509170
v 0.597638 0.764534 0.433034
v 0.607382 0.825081 0.442822
v 0.798761 0.743050 0.454975
v 0.677094 0.731331 0.363292
v 0.824938 0.782112 0.452691
v 0.668955 0.768440 0.335149
v 0.668955 0.768440 0.335149
v 0.677094 0.731331 0.363292
v 0.597638 0.764534 0.433034
v 0.616356 0.729378 0.447139
v 0.597638 0.764534 0.433034
v 0.616356 0.729378 0.447139
v 0.565429 0.748909 0.511477
v 0.588080 0.729378 0.513872
v 0.607382 0.825081 0.442822
v 0.668119 0.827034 0.358975
v 0.597638 0.764534 0.433034
v 0.668955 0.768440 0.335149
v 0.794466 0.838753 0.454184
v 0.824938 0.782112 0.452691
v 0.588080 0.729378 0.513872
v 0.681670 0.737190 0.584397
v 0.565429 0.748909 0.511477
v 0.687096 0.758675 0.603159
v 0.738024 0.739143 0.538822
v 0.753622 0.780159 0.550576
v 0.798761 0.743050 0.454975
v 0.824938 0.782112 0.452691
v 0.565429 0.748909 0.511477
v 0.687096 0.758675 0.603159
v 0.581840 0.782112 0.509170
v 0.680110 0.789925 0.583222
v 0.753622 0.780159 0.550576
v 0.733728 0.836800 0.538031
vt 0.531433 1.282959
vt 0.521423 1.283020
vt 0.521179 1.368835
vt 0.838562 1.802246
vt 0.869934 1.754822
vt 0.869629 1.802429
vt 0.497375 1.592407
vt 0.473572 1.532959
vt 0.519470 1.532959
vt 0.997131 1.156982
vt 0.952637 1.223816
vt 0.952637 1.155823
vt 0.900269 1.168030
vt 0.923096 1.206787
vt 0.909058 1.188843
vt 0.903442 1.147827
vt 0.945374 1.112366
vt 0.947021 1.146240
vt 0.381836 1.578308
vt 0.381836 1.532959
vt 0.427673 1.532959
vt 0.222595 1.618530
vt 0.237671 1.586731
vt 0.222595 1.588257
vt 0.552124 1.282959
vt 0.540344 1.283020
vt 0.540344 1.368591
vt 0.222595 1.646667
vt 0.237671 1.646667
vt 0.237671 1.629944
vt 0.765320 1.102478
vt 0.856445 1.075867
vt 0.807800 1.083862
vt 0.916626 1.391541
vt 0.905762 1.238586
vt 0.905396 1.378723
vt 0.497375 1.592407
vt 0.519470 1.532959
vt 0.473572 1.532959
vt 0.963989 1.080078
vt 0.949951 1.072083
vt 0.947754 1.104858
vt 0.900269 1.168030
vt 0.947571 1.154602
vt 0.898682 1.156433
vt 0.222595 1.646667
vt 0.237671 1.629944
vt 0.222595 1.618530
vt 0.237671 1.602600
vt 0.708008 1.170593
vt 0.789246 1.178711
vt 0.732056 1.132812
vt 0.765320 1.102478
vt 0.521179 1.376160
vt 0.540344 1.376160
vt 0.521179 1.368835
vt 0.540344 1.368591
vt 0.720520 1.424561
vt 0.720520 1.362854
vt 0.625671 1.424561
vt 0.625549 1.362854
vt 0.963989 1.080078
vt 0.947754 1.104858
vt 0.982666 1.100830
vt 0.958496 1.113403
vt 0.905762 1.238586
vt 0.916626 1.391541
vt 0.995117 1.239014
vt 0.995117 1.391541
vt 0.830078 1.719788
vt 0.937439 1.720154
vt 0.830200 1.697998
vt 0.937561 1.698669
vt 0.937561 1.698669
vt 0.937988 1.625183
vt 0.830200 1.697998
vt 0.830627 1.624634
vt 0.905823 1.230469
vt 0.905762 1.238586
vt 0.995239 1.230835
vt 0.995117 1.239014
vt 0.856445 1.075867
vt 0.765320 1.102478
vt 0.856079 1.178955
vt 0.789246 1.178711
vt 0.425537 1.784485
vt 0.424500 1.812012
vt 0.456848 1.785645
vt 0.455811 1.813538
vt 0.719116 1.189026
vt 0.719177 1.178467
vt 0.708008 1.170593
vt 0.789246 1.178711
vt 0.719116 1.189026
vt 0.708008 1.170593
vt 0.719055 1.209290
vt 0.699097 1.198975
vt 0.952698 1.458679
vt 0.912170 1.458374
vt 0.930969 1.398865
vt 0.912598 1.398743
vt 0.576172 1.375793
vt 0.575684 1.282654
vt 0.552002 1.376099
vt 0.552124 1.282959
vt 0.131958 1.694702
vt 0.138367 1.681091
vt 0.156433 1.694702
vt 0.150574 1.681091
vt 0.578308 1.424561
vt 0.625671 1.424561
vt 0.587341 1.362854
vt 0.625549 1.362854
vt 0.587341 1.362854
vt 0.625549 1.362854
vt 0.596924 1.332825
vt 0.625427 1.333008
vt 0.752136 1.361633
vt 0.794739 1.414246
vt 0.812988 1.361633
vt 0.813599 1.414246
vt 0.752136 1.361633
vt 0.812988 1.361633
vt 0.752136 1.298523
vt 0.812988 1.298523
vt 0.752136 1.298523
vt 0.812988 1.298523
vt 0.752136 1.237854
vt 0.812988 1.237854
vt 0.752136 1.237854
vt 0.812988 1.237854
vt 0.752136 1.184021
vt 0.812988 1.184021
vt 0.794739 1.414246
vt 0.724121 1.416870
vt 0.794250 1.473572
vt 0.724121 1.473572
vt 0.752136 1.237854
vt 0.724121 1.237854
vt 0.752136 1.298523
vt 0.724121 1.298523
vt 0.752136 1.184021
vt 0.724121 1.184021
vt 0.752136 1.237854
vt 0.724121 1.237854
vt 0.457947 1.647095
vt 0.457947 1.672546
vt 0.496216 1.647095
vt 0.557800 1.800232
vt 0.557800 1.800232
vt 0.666077 1.755432
vt 0.496216 1.647095
vt 0.696411 1.710693
vt 0.634399 1.779724
vt 0.666077 1.755432
vt 0.597473 1.795044
vt 0.557800 1.800232
vt 0.222595 1.618530
vt 0.147156 1.618286
vt 0.222595 1.646667
vt 0.147156 1.646667
vt 0.540344 1.368591
vt 0.540344 1.283020
vt 0.521179 1.368835
vt 0.521423 1.283020
vt 0.521179 1.376160
vt 0.521179 1.368835
vt 0.521179 1.376160
vt 0.521179 1.368835
vt 0.540344 1.376160
vt 0.521179 1.376160
vt 0.540344 1.376160
vt 0.521179 1.376160
vt 0.521179 1.368835
vt 0.540344 1.368591
vt 0.521179 1.368835
vt 0.540344 1.368591
vt 0.449524 1.755432
vt 0.457947 1.672546
vt 0.425232 1.723694
vt 0.409912 1.675842
vt 0.601501 1.297485
vt 0.601501 1.323120
vt 0.648621 1.297485
vt 0.648621 1.322754
vt 0.601501 1.277222
vt 0.601501 1.297485
vt 0.648621 1.276611
vt 0.648621 1.297485
vt 0.961609 1.147217
vt 0.994507 1.125916
vt 0.958496 1.113403
vt 0.982666 1.100830
vt 0.724121 1.651794
vt 0.789917 1.651794
vt 0.724121 1.608398
vt 0.790283 1.593872
vt 0.222595 1.646667
vt 0.147156 1.646667
vt 0.222595 1.662109
vt 0.147156 1.662109
vt 0.237671 1.586731
vt 0.222595 1.618530
vt 0.238220 1.594177
vt 0.237671 1.602600
vt 0.222595 1.588257
vt 0.147156 1.588074
vt 0.222595 1.618530
vt 0.147156 1.618286
vt 0.222595 1.588257
vt 0.222595 1.573242
vt 0.147156 1.588074
vt 0.147156 1.573303
vt 0.775574 1.744751
vt 0.775574 1.819031
vt 0.724121 1.744751
vt 0.724121 1.819031
vt 0.244141 1.740967
vt 0.290039 1.740967
vt 0.244141 1.830078
vt 0.290039 1.830078
vt 0.244141 1.651794
vt 0.290039 1.651794
vt 0.244141 1.740967
vt 0.290039 1.740967
vt 0.290039 1.572021
vt 0.322937 1.573730
vt 0.290039 1.651794
vt 0.322937 1.651794
vt 0.290039 1.651794
vt 0.244141 1.651794
vt 0.290039 1.572021
vt 0.244141 1.571167
vt 0.606934 1.591492
vt 0.592651 1.624268
vt 0.565735 1.592407
vt 0.565735 1.624329
vt 0.335938 1.473511
vt 0.381836 1.473511
vt 0.335938 1.532959
vt 0.381836 1.532959
vt 0.941895 1.071045
vt 0.920959 1.085571
vt 0.945190 1.103638
vt 0.905823 1.105103
vt 0.952637 1.155823
vt 0.997131 1.156982
vt 0.961609 1.147217
vt 0.994507 1.125916
vt 0.565735 1.473511
vt 0.565735 1.532959
vt 0.519470 1.473511
vt 0.519470 1.532959
vt 0.519470 1.473511
vt 0.519470 1.532959
vt 0.473572 1.473511
vt 0.473572 1.532959
vt 0.473572 1.473511
vt 0.473572 1.532959
vt 0.427673 1.473511
vt 0.427673 1.532959
vt 0.427673 1.473511
vt 0.427673 1.532959
vt 0.381836 1.473511
vt 0.381836 1.532959
vt 0.335938 1.532959
vt 0.279785 1.500488
vt 0.335938 1.473511
vt 0.283691 1.473511
vt 0.579407 1.297485
vt 0.601501 1.297485
vt 0.579712 1.322754
vt 0.601501 1.323120
vt 0.657959 1.473511
vt 0.657959 1.532959
vt 0.612061 1.473511
vt 0.612061 1.532959
vt 0.612061 1.473511
vt 0.612061 1.532959
vt 0.565735 1.473511
vt 0.565735 1.532959
vt 0.497375 1.592407
vt 0.519470 1.532959
vt 0.565735 1.592407
vt 0.565735 1.532959
vt 0.427673 1.583252
vt 0.473572 1.532959
vt 0.475220 1.588928
vt 0.497375 1.592407
vt 0.381836 1.578308
vt 0.427673 1.532959
vt 0.427673 1.583252
vt 0.473572 1.532959
vt 0.612061 1.532959
vt 0.657959 1.532959
vt 0.606934 1.591492
vt 0.658325 1.601379
vt 0.565735 1.592407
vt 0.565735 1.532959
vt 0.606934 1.591492
vt 0.612061 1.532959
vt 0.565735 1.624329
vt 0.513367 1.624390
vt 0.565735 1.592407
vt 0.497375 1.592407
vt 0.724121 1.532959
vt 0.724121 1.473572
vt 0.791748 1.533264
vt 0.794250 1.473572
vt 0.945374 1.112366
vt 0.903442 1.147827
vt 0.908813 1.113770
vt 0.904907 1.124329
vt 0.945374 1.112366
vt 0.908813 1.113770
vt 0.945190 1.103638
vt 0.905823 1.105103
vt 0.947021 1.146240
vt 0.947571 1.154602
vt 0.903442 1.147827
vt 0.898682 1.156433
vt 0.905823 1.105103
vt 0.920959 1.085571
vt 0.945190 1.103638
vt 0.941895 1.071045
vt 0.952637 1.223816
vt 0.997131 1.156982
vt 0.975464 1.206970
vt 0.990173 1.183228
vt 0.540344 1.368591
vt 0.540344 1.376160
vt 0.521179 1.368835
vt 0.521179 1.376160
vt 0.720520 1.424561
vt 0.625671 1.424561
vt 0.720520 1.362854
vt 0.625549 1.362854
vt 0.830078 1.719788
vt 0.830200 1.697998
vt 0.937439 1.720154
vt 0.937561 1.698669
vt 0.937561 1.698669
vt 0.830200 1.697998
vt 0.937988 1.625183
vt 0.830627 1.624634
vt 0.905823 1.230469
vt 0.995239 1.230835
vt 0.905762 1.238586
vt 0.995117 1.239014
vt 0.425537 1.784485
vt 0.456848 1.785645
vt 0.424500 1.812012
vt 0.455811 1.813538
vt 0.699097 1.198975
vt 0.708008 1.170593
vt 0.719055 1.209290
vt 0.719116 1.189026
vt 0.952698 1.458679
vt 0.930969 1.398865
vt 0.912170 1.458374
vt 0.912598 1.398743
vt 0.576172 1.375793
vt 0.552002 1.376099
vt 0.575684 1.282654
vt 0.552124 1.282959
vt 0.531433 1.282959
vt 0.521179 1.368835
vt 0.531189 1.376038
vt 0.521179 1.376160
vt 0.150574 1.681091
vt 0.138367 1.681091
vt 0.156433 1.694702
vt 0.131958 1.694702
vt 0.813599 1.414246
vt 0.794739 1.414246
vt 0.812988 1.361633
vt 0.752136 1.361633
vt 0.794739 1.414246
vt 0.794250 1.473572
vt 0.724121 1.416870
vt 0.724121 1.473572
vt 0.724121 1.361633
vt 0.752136 1.361633
vt 0.724121 1.416870
vt 0.794739 1.414246
vt 0.724121 1.298523
vt 0.752136 1.298523
vt 0.724121 1.361633
vt 0.752136 1.361633
vt 0.557800 1.800232
vt 0.457947 1.672546
vt 0.496216 1.647095
vt 0.457947 1.647095
vt 0.696411 1.710693
vt 0.597473 1.795044
vt 0.496216 1.647095
vt 0.557800 1.800232
vt 0.634399 1.779724
vt 0.597473 1.795044
vt 0.666077 1.755432
vt 0.696411 1.710693
vt 0.540344 1.368591
vt 0.521179 1.368835
vt 0.540344 1.283020
vt 0.521423 1.283020
vt 0.521179 1.376160
vt 0.521179 1.376160
vt 0.521179 1.368835
vt 0.521179 1.368835
vt 0.540344 1.376160
vt 0.540344 1.376160
vt 0.521179 1.376160
vt 0.521179 1.376160
vt 0.540344 1.376160
vt 0.540344 1.368591
vt 0.540344 1.376160
vt 0.540344 1.368591
vt 0.521179 1.368835
vt 0.521179 1.368835
vt 0.540344 1.368591
vt 0.540344 1.368591
vt 0.449524 1.755432
vt 0.425232 1.723694
vt 0.457947 1.672546
vt 0.409912 1.675842
vt 0.601501 1.297485
vt 0.648621 1.297485
vt 0.601501 1.323120
vt 0.648621 1.322754
vt 0.601501 1.277222
vt 0.648621 1.276611
vt 0.601501 1.297485
vt 0.648621 1.297485
vt 0.322937 1.887024
vt 0.290039 1.830078
vt 0.322937 1.830078
vt 0.290039 1.740967
vt 0.222595 1.646667
vt 0.222595 1.662109
vt 0.147156 1.646667
vt 0.147156 1.662109
vt 0.147156 1.573303
vt 0.222595 1.573242
vt 0.147156 1.588074
vt 0.222595 1.588257
vt 0.898682 1.156433
vt 0.947571 1.154602
vt 0.903442 1.147827
vt 0.947021 1.146240
vt 0.945374 1.112366
vt 0.945190 1.103638
vt 0.908813 1.113770
vt 0.905823 1.105103
vt 0.794250 1.473572
vt 0.724121 1.473572
vt 0.791748 1.533264
vt 0.724121 1.532959
vt 0.497375 1.592407
vt 0.513367 1.624390
vt 0.565735 1.592407
vt 0.565735 1.624329
vt 0.565735 1.592407
vt 0.606934 1.591492
vt 0.565735 1.532959
vt 0.612061 1.532959
vt 0.658325 1.601379
vt 0.657959 1.532959
vt 0.606934 1.591492
vt 0.612061 1.532959
vt 0.244141 1.500488
vt 0.244141 1.571167
vt 0.279785 1.500488
vt 0.290039 1.572021
vt 0.565735 1.532959
vt 0.519470 1.532959
vt 0.565735 1.592407
vt 0.497375 1.592407
vt 0.579407 1.297485
vt 0.579712 1.322754
vt 0.601501 1.297485
vt 0.601501 1.323120
vt 0.657959 1.532959
vt 0.724121 1.532959
vt 0.657959 1.473511
vt 0.724121 1.473572
vt 0.335938 1.473511
vt 0.335938 1.532959
vt 0.381836 1.473511
vt 0.381836 1.532959
vt 0.565735 1.624329
vt 0.592651 1.624268
vt 0.565735 1.592407
vt 0.606934 1.591492
vt 0.791748 1.533264
vt 0.790283 1.593872
vt 0.724121 1.532959
vt 0.724121 1.608398
vt 0.322937 1.573730
vt 0.335938 1.532959
vt 0.381836 1.578308
vt 0.381836 1.532959
vt 0.322937 1.651794
vt 0.290039 1.740967
vt 0.322937 1.740967
vt 0.322937 1.830078
vt 0.244141 1.830078
vt 0.290039 1.830078
vt 0.244141 1.887024
vt 0.290039 1.887024
vt 0.322937 1.887024
vt 0.724121 1.819031
vt 0.775574 1.819031
vt 0.724121 1.744751
vt 0.775574 1.744751
vt 0.817322 1.819031
vt 0.817322 1.744751
vt 0.724121 1.744751
vt 0.775574 1.744751
vt 0.724121 1.651794
vt 0.789917 1.651794
vt 0.817322 1.744751
vt 0.817017 1.651794
vt 0.290039 1.572021
vt 0.290039 1.651794
vt 0.322937 1.573730
vt 0.322937 1.651794
vt 0.290039 1.740967
vt 0.322937 1.573730
vt 0.381836 1.578308
vt 0.335938 1.532959
vt 0.381836 1.532959
vt 0.427673 1.532959
vt 0.791748 1.533264
vt 0.724121 1.532959
vt 0.790283 1.593872
vt 0.724121 1.608398
vt 0.657959 1.532959
vt 0.658325 1.601379
vt 0.381836 1.532959
vt 0.427673 1.532959
vt 0.381836 1.473511
vt 0.427673 1.473511
vt 0.473572 1.532959
vt 0.473572 1.473511
vt 0.519470 1.532959
vt 0.519470 1.473511
vt 0.565735 1.532959
vt 0.565735 1.473511
vt 0.612061 1.532959
vt 0.612061 1.473511
vt 0.657959 1.532959
vt 0.657959 1.473511
vt 0.322937 1.573730
vt 0.335938 1.532959
vt 0.290039 1.572021
vt 0.279785 1.500488
vt 0.335938 1.473511
vt 0.283691 1.473511
vt 0.497375 1.592407
vt 0.473572 1.532959
vt 0.475220 1.588928
vt 0.427673 1.583252
vt 0.427673 1.532959
vt 0.381836 1.578308
vt 0.904907 1.124329
vt 0.903442 1.147827
vt 0.908813 1.113770
vt 0.945374 1.112366
vt 0.947021 1.146240
vt 0.909058 1.188843
vt 0.923096 1.206787
vt 0.900269 1.168030
vt 0.947571 1.154602
vt 0.947571 1.222778
vt 0.990173 1.183228
vt 0.997131 1.156982
vt 0.975464 1.206970
vt 0.952637 1.223816
vt 0.952637 1.155823
vt 0.838745 1.813293
vt 0.838562 1.802246
vt 0.830078 1.808044
vt 0.869934 1.754822
vt 0.869629 1.802429
vt 0.830078 1.808044
vt 0.869934 1.754822
vt 0.830078 1.719788
vt 0.937439 1.720154
vt 0.937256 1.755127
vt 0.869934 1.754822
vt 0.521179 1.376160
vt 0.521179 1.368835
vt 0.531189 1.376038
vt 0.531433 1.282959
vt 0.521423 1.283020
vt 0.540344 1.376160
vt 0.540344 1.376160
vt 0.540344 1.368591
vt 0.540344 1.368591
vt 0.552002 1.376099
vt 0.552124 1.282959
vt 0.724121 1.298523
vt 0.724121 1.361633
vt 0.752136 1.298523
vt 0.752136 1.361633
vt 0.724121 1.416870
vt 0.794739 1.414246
vt 0.481262 1.779724
vt 0.518188 1.795044
vt 0.449524 1.755432
vt 0.457947 1.672546
vt 0.557800 1.800232
vt 0.290039 1.740967
vt 0.290039 1.830078
vt 0.322937 1.830078
vt 0.322937 1.887024
vt 0.290039 1.887024
vt 0.244141 1.571167
vt 0.244141 1.651794
vt 0.290039 1.572021
vt 0.290039 1.651794
vt 0.244141 1.740967
vt 0.290039 1.740967
vt 0.244141 1.830078
vt 0.290039 1.830078
vt 0.244141 1.887024
vt 0.290039 1.887024
vt 0.322937 1.830078
vt 0.290039 1.740967
vt 0.322937 1.740967
vt 0.322937 1.651794
vt 0.290039 1.651794
vt 0.775574 1.819031
vt 0.775574 1.744751
vt 0.817322 1.819031
vt 0.817322 1.744751
vt 0.789917 1.651794
vt 0.817017 1.651794
vt 0.724121 1.473572
vt 0.724121 1.532959
vt 0.657959 1.473511
vt 0.657959 1.532959
vt 0.724121 1.608398
vt 0.658325 1.601379
vt 0.322937 1.573730
vt 0.290039 1.572021
vt 0.335938 1.532959
vt 0.279785 1.500488
vt 0.244141 1.571167
vt 0.244141 1.500488
vt 0.790283 1.593872
vt 0.789917 1.651794
vt 0.724121 1.608398
vt 0.724121 1.651794
vt 0.775574 1.744751
vt 0.724121 1.744751
vt 0.898682 1.156433
vt 0.947571 1.154602
vt 0.900269 1.168030
vt 0.923096 1.206787
vt 0.947571 1.222778
vt 0.952637 1.155823
vt 0.961609 1.147217
vt 0.997131 1.156982
vt 0.994507 1.125916
vt 0.958496 1.113403
vt 0.982666 1.100830
vt 0.947754 1.104858
vt 0.963989 1.080078
vt 0.949951 1.072083
vt 0.237671 1.602600
vt 0.237671 1.629944
vt 0.222595 1.618530
vt 0.222595 1.646667
vt 0.237671 1.646667
vt 0.765320 1.102478
vt 0.789246 1.178711
vt 0.732056 1.132812
vt 0.708008 1.170593
vt 0.719177 1.178467
vt 0.719116 1.189026
vt 0.995117 1.391541
vt 0.916626 1.391541
vt 0.995117 1.239014
vt 0.905762 1.238586
vt 0.905396 1.378723
vt 0.838745 1.813293
vt 0.830078 1.808044
vt 0.838562 1.802246
vt 0.869934 1.754822
vt 0.830078 1.719788
vt 0.937439 1.720154
vt 0.789246 1.178711
vt 0.765320 1.102478
vt 0.856079 1.178955
vt 0.856445 1.075867
vt 0.807800 1.083862
vt 0.540344 1.376160
vt 0.540344 1.368591
vt 0.552002 1.376099
vt 0.552124 1.282959
vt 0.540344 1.283020
vt 0.578308 1.424561
vt 0.587341 1.362854
vt 0.625671 1.424561
vt 0.625549 1.362854
vt 0.596924 1.332825
vt 0.625427 1.333008
vt 0.812988 1.184021
vt 0.812988 1.237854
vt 0.752136 1.184021
vt 0.752136 1.237854
vt 0.812988 1.298523
vt 0.752136 1.298523
vt 0.812988 1.361633
vt 0.752136 1.361633
vt 0.724121 1.298523
vt 0.724121 1.237854
vt 0.752136 1.298523
vt 0.752136 1.237854
vt 0.724121 1.184021
vt 0.752136 1.184021
vt 0.147156 1.646667
vt 0.147156 1.618286
vt 0.222595 1.646667
vt 0.222595 1.618530
vt 0.147156 1.588074
vt 0.222595 1.588257
vt 0.557800 1.800232
vt 0.518188 1.795044
vt 0.457947 1.672546
vt 0.449524 1.755432
vt 0.481262 1.779724
vt 0.237671 1.602600
vt 0.222595 1.618530
vt 0.238220 1.594177
vt 0.237671 1.586731
vt 0.222595 1.588257
vt 0.124146 1.340759
vt 0.138733 1.376038
vt 0.092163 1.375122
vt 0.334778 1.588867
vt 0.335510 1.586243
vt 0.354553 1.588867
vt 0.454346 1.594238
vt 0.435486 1.596497
vt 0.443542 1.594116
vt 0.007751 1.498901
vt 0.092163 1.515808
vt 0.007751 1.585022
vt 0.092163 1.375122
vt 0.138733 1.376038
vt 0.104858 1.445496
vt 0.147827 1.445496
vt 0.334778 1.728577
vt 0.388000 1.728577
vt 0.334778 1.740479
vt 0.392151 1.740479
vt 0.388000 1.728577
vt 0.398132 1.677490
vt 0.394592 1.712830
vt 0.398682 1.681946
vt 0.334778 1.677490
vt 0.398132 1.677490
vt 0.334778 1.728577
vt 0.388000 1.728577
vt 0.405762 1.663757
vt 0.398132 1.677490
vt 0.334778 1.663757
vt 0.334778 1.677490
vt 0.007751 1.661560
vt 0.007751 1.585022
vt 0.056824 1.622620
vt 0.092163 1.515808
vt 0.392151 1.740479
vt 0.367981 1.769409
vt 0.334778 1.740479
vt 0.335388 1.790405
vt 0.079773 1.235046
vt 0.134033 1.299561
vt 0.056824 1.268311
vt 0.124146 1.340759
vt 0.334778 1.588867
vt 0.354553 1.588867
vt 0.334778 1.599060
vt 0.375977 1.599060
vt 0.334778 1.663757
vt 0.385742 1.609253
vt 0.405762 1.663757
vt 0.403503 1.646362
vt 0.097473 1.627075
vt 0.056824 1.622620
vt 0.119202 1.603577
vt 0.092163 1.515808
vt 0.147827 1.445496
vt 0.146545 1.455383
vt 0.104858 1.445496
vt 0.092163 1.515808
vt 0.007751 1.445496
vt 0.007751 1.392029
vt 0.104858 1.445496
vt 0.092163 1.375122
vt 0.457458 1.619751
vt 0.493896 1.624268
vt 0.463135 1.626343
vt 0.488953 1.625427
vt 0.435486 1.596497
vt 0.454346 1.594238
vt 0.484070 1.600647
vt 0.465698 1.594849
vt 0.007751 1.445496
vt 0.104858 1.445496
vt 0.007751 1.498901
vt 0.092163 1.515808
vt 0.007751 1.305908
vt 0.007446 1.230408
vt 0.056824 1.268311
vt 0.079773 1.235046
vt 0.007446 1.189026
vt 0.163513 1.481262
vt 0.158447 1.520142
vt 0.146545 1.455383
vt 0.092163 1.515808
vt 0.119202 1.603577
vt 0.097473 1.627075
vt 0.049866 1.653687
vt 0.056824 1.622620
vt 0.007751 1.661560
vt 0.007751 1.664185
vt 0.500732 1.612122
vt 0.501282 1.612854
vt 0.484070 1.600647
vt 0.493896 1.624268
vt 0.499329 1.619080
vt 0.493896 1.624268
vt 0.457458 1.619751
vt 0.484070 1.600647
vt 0.435486 1.596497
vt 0.436096 1.625977
vt 0.419128 1.635559
vt 0.399536 1.625549
vt 0.436096 1.625977
vt 0.435486 1.596497
vt 0.406494 1.608215
vt 0.334778 1.663757
vt 0.334778 1.609253
vt 0.385742 1.609253
vt 0.375977 1.599060
vt 0.334778 1.599060
vt 0.124146 1.340759
vt 0.092163 1.375122
vt 0.056824 1.268311
vt 0.007751 1.305908
vt 0.007751 1.392029
vt 0.092163 1.515808
vt 0.119202 1.603577
vt 0.158447 1.520142
vt 0.124146 1.340759
vt 0.092163 1.375122
vt 0.138733 1.376038
vt 0.334778 1.588867
vt 0.354553 1.588867
vt 0.335510 1.586243
vt 0.007751 1.661560
vt 0.007751 1.664185
vt 0.049866 1.653687
vt 0.394592 1.712830
vt 0.334778 1.728577
vt 0.388000 1.728577
vt 0.079773 1.235046
vt 0.007446 1.189026
vt 0.007446 1.230408
vt 0.007751 1.305908
vt 0.007751 1.392029
vt 0.092163 1.375122
vt 0.007751 1.498901
vt 0.007751 1.585022
vt 0.092163 1.515808
vt 0.335388 1.790405
vt 0.367981 1.769409
vt 0.334778 1.740479
vt 0.392151 1.740479
vt 0.092163 1.515808
vt 0.158447 1.520142
vt 0.146545 1.455383
vt 0.163513 1.481262
vt 0.007751 1.661560
vt 0.049866 1.653687
vt 0.056824 1.622620
vt 0.097473 1.627075
vt 0.501282 1.612854
vt 0.457458 1.619751
vt 0.488953 1.625427
vt 0.463135 1.626343
vt 0.488953 1.625427
vt 0.493896 1.624268
vt 0.501282 1.612854
vt 0.499329 1.619080
vt 0.334778 1.728577
vt 0.334778 1.740479
vt 0.388000 1.728577
vt 0.392151 1.740479
vt 0.334778 1.677490
vt 0.398132 1.677490
vt 0.334778 1.663757
vt 0.405762 1.663757
vt 0.124146 1.340759
vt 0.134033 1.299561
vt 0.056824 1.268311
vt 0.079773 1.235046
vt 0.334778 1.663757
vt 0.405762 1.663757
vt 0.385742 1.609253
vt 0.403503 1.646362
vt 0.375977 1.599060
vt 0.334778 1.609253
vt 0.385742 1.609253
vt 0.334778 1.663757
vt 0.097473 1.627075
vt 0.119202 1.603577
vt 0.056824 1.622620
vt 0.092163 1.515808
vt 0.147827 1.445496
vt 0.104858 1.445496
vt 0.146545 1.455383
vt 0.092163 1.515808
vt 0.079773 1.235046
vt 0.007446 1.230408
vt 0.056824 1.268311
vt 0.007751 1.305908
vt 0.007751 1.661560
vt 0.056824 1.622620
vt 0.007751 1.585022
vt 0.092163 1.515808
vt 0.147827 1.445496
vt 0.138733 1.376038
vt 0.104858 1.445496
vt 0.092163 1.375122
vt 0.007751 1.305908
vt 0.092163 1.375122
vt 0.056824 1.268311
vt 0.124146 1.340759
vt 0.092163 1.375122
vt 0.007751 1.392029
vt 0.104858 1.445496
vt 0.007751 1.445496
vt 0.457458 1.619751
vt 0.501282 1.612854
vt 0.436096 1.625977
vt 0.454346 1.594238
vt 0.454346 1.594238
vt 0.399536 1.625549
vt 0.436096 1.625977
vt 0.419128 1.635559
vt 0.007751 1.445496
vt 0.007751 1.498901
vt 0.104858 1.445496
vt 0.092163 1.515808
vt 0.500732 1.612122
vt 0.484070 1.600647
vt 0.501282 1.612854
vt 0.454346 1.594238
vt 0.465698 1.594849
vt 0.443542 1.594116
vt 0.435486 1.596497
vt 0.454346 1.594238
vt 0.399536 1.625549
vt 0.406494 1.608215
vt 0.334778 1.588867
vt 0.334778 1.599060
vt 0.354553 1.588867
vt 0.375977 1.599060
vt 0.334778 1.609253
vt 0.398682 1.681946
vt 0.398132 1.677490
vt 0.394592 1.712830
vt 0.334778 1.728577
vt 0.334778 1.677490
vt 0.102173 1.640259
vt 0.115784 1.667725
vt 0.102539 1.687866
vt 0.102173 1.640259
vt 0.102539 1.687866
vt 0.115784 1.667725
vt 0.039673 1.871582
vt 0.009033 1.870483
vt 0.039673 1.928589
vt 0.009033 1.927307
vt 0.039673 1.809875
vt 0.009033 1.809326
vt 0.039673 1.871582
vt 0.009033 1.870483
vt 0.009033 1.809326
vt 0.039673 1.809875
vt 0.010010 1.734558
vt 0.039673 1.734558
vt 0.085327 1.740967
vt 0.102539 1.744995
vt 0.085327 1.687683
vt 0.102539 1.687866
vt 0.085327 1.687683
vt 0.102539 1.687866
vt 0.085327 1.640259
vt 0.102173 1.640259
vt 0.009033 1.981873
vt 0.009033 1.991821
vt 0.039673 1.983459
vt 0.039673 1.993408
vt 0.045776 1.911377
vt 0.045776 1.947510
vt 0.073608 1.911011
vt 0.073608 1.946899
vt 0.039673 1.928589
vt 0.009033 1.927307
vt 0.039673 1.983459
vt 0.009033 1.981873
vt 0.039673 1.734558
vt 0.039673 1.734558
vt 0.010010 1.734558
vt 0.009644 1.734558
vt 0.073608 1.946899
vt 0.045776 1.947510
vt 0.073608 1.993896
vt 0.045776 1.994690
vt 0.045776 1.853149
vt 0.073608 1.853088
vt 0.045776 1.911377
vt 0.073608 1.911011
vt 0.045776 1.810730
vt 0.073608 1.811340
vt 0.045776 1.853149
vt 0.073608 1.853088
vt 0.009033 1.809326
vt 0.010010 1.734558
vt 0.039673 1.809875
vt 0.039673 1.734558
vt 0.102539 1.804749
vt 0.085327 1.805542
vt 0.102539 1.744995
vt 0.085327 1.740967
vt 0.102539 1.831726
vt 0.085327 1.831299
vt 0.102539 1.804749
vt 0.085327 1.805542
vt 0.009644 1.734558
vt 0.039673 1.734558
vt 0.010010 1.734558
vt 0.039673 1.734558
vt 0.039673 1.993408
vt 0.009033 1.991821
vt 0.039673 1.983459
vt 0.009033 1.981873
vt 0.073608 1.946899
vt 0.045776 1.947510
vt 0.073608 1.911011
vt 0.045776 1.911377
vt 0.073608 1.946899
vt 0.073608 1.993896
vt 0.045776 1.947510
vt 0.045776 1.994690
vt 0.073608 1.811340
vt 0.045776 1.810730
vt 0.075317 1.733521
vt 0.045776 1.733521
vt 0.073608 1.811340
vt 0.075317 1.733521
vt 0.045776 1.810730
vt 0.045776 1.733521
vt 0.085327 1.740967
vt 0.085327 1.805542
vt 0.102539 1.744995
vt 0.102539 1.804749
vt 0.085327 1.831299
vt 0.102539 1.831726
vt 0.009033 1.981873
vt 0.009033 1.927307
vt 0.039673 1.983459
vt 0.039673 1.928589
vt 0.009033 1.870483
vt 0.039673 1.871582
vt 0.009033 1.809326
vt 0.039673 1.809875
vt 0.085327 1.740967
vt 0.085327 1.687683
vt 0.102539 1.744995
vt 0.102539 1.687866
vt 0.085327 1.640259
vt 0.102173 1.640259
vt 0.073608 1.911011
vt 0.073608 1.853088
vt 0.045776 1.911377
vt 0.045776 1.853149
vt 0.073608 1.811340
vt 0.045776 1.810730
vt 0.807251 1.898743
vt 0.811829 1.919434
vt 0.866455 1.919434
vt 0.609680 1.898743
vt 0.555176 1.898743
vt 0.587097 1.919373
vt 0.849243 1.498718
vt 0.905823 1.493530
vt 0.849243 1.461609
vt 0.914124 1.756226
vt 0.889771 1.787720
vt 0.923157 1.787720
vt 0.849243 1.461609
vt 0.866333 1.460449
vt 0.849243 1.431396
vt 0.873108 1.824890
vt 0.934631 1.824890
vt 0.889771 1.787720
vt 0.923157 1.787720
vt 0.839722 1.395996
vt 0.849243 1.376465
vt 0.839722 1.359558
vt 0.849243 1.300293
vt 0.849243 1.199097
vt 0.839722 1.199097
vt 0.849243 1.250061
vt 0.839722 1.253784
vt 0.849243 1.300293
vt 0.899109 1.300293
vt 0.849243 1.250061
vt 0.899109 1.250061
vt 0.442383 1.898743
vt 0.500793 1.898743
vt 0.442383 1.824524
vt 0.500305 1.824524
vt 0.716797 1.824524
vt 0.716797 1.898743
vt 0.752930 1.824707
vt 0.752869 1.898743
vt 0.849243 1.376465
vt 0.899109 1.376465
vt 0.849243 1.300293
vt 0.899109 1.300293
vt 0.849243 1.250061
vt 0.899109 1.250061
vt 0.849243 1.199097
vt 0.899109 1.199097
vt 0.849243 1.498718
vt 0.849243 1.461609
vt 0.839722 1.501892
vt 0.839722 1.448975
vt 0.839722 1.501892
vt 0.839722 1.545227
vt 0.849243 1.498718
vt 0.849243 1.551270
vt 0.899109 1.183777
vt 0.849243 1.183777
vt 0.899109 1.199097
vt 0.849243 1.199097
vt 0.839722 1.545227
vt 0.815186 1.564270
vt 0.849243 1.551270
vt 0.824768 1.572815
vt 0.811829 1.583374
vt 0.824768 1.572815
vt 0.802124 1.571899
vt 0.815186 1.564270
vt 0.849243 1.431396
vt 0.899109 1.429077
vt 0.849243 1.376465
vt 0.899109 1.376465
vt 0.554443 1.824524
vt 0.555176 1.898743
vt 0.608521 1.824524
vt 0.609680 1.898743
vt 0.905823 1.493530
vt 0.905823 1.543457
vt 0.928162 1.494385
vt 0.928162 1.542053
vt 0.811829 1.583374
vt 0.805237 1.595154
vt 0.826477 1.583374
vt 0.824219 1.595154
vt 0.826477 1.583374
vt 0.824219 1.595154
vt 0.852478 1.583374
vt 0.850464 1.595154
vt 0.905823 1.595154
vt 0.928162 1.595154
vt 0.905823 1.583374
vt 0.928162 1.583374
vt 0.849243 1.551270
vt 0.852478 1.583374
vt 0.905823 1.543457
vt 0.905823 1.583374
vt 0.850464 1.595154
vt 0.916809 1.622620
vt 0.905823 1.595154
vt 0.928162 1.595154
vt 0.684692 1.919373
vt 0.662109 1.898743
vt 0.587097 1.919373
vt 0.609680 1.898743
vt 0.905823 1.583374
vt 0.852478 1.583374
vt 0.905823 1.595154
vt 0.850464 1.595154
vt 0.500793 1.898743
vt 0.442383 1.898743
vt 0.500549 1.919373
vt 0.442383 1.919861
vt 0.500793 1.898743
vt 0.500549 1.919373
vt 0.555176 1.898743
vt 0.587097 1.919373
vt 0.732483 1.919373
vt 0.716797 1.898743
vt 0.684692 1.919373
vt 0.662109 1.898743
vt 0.775085 1.919373
vt 0.752869 1.898743
vt 0.732483 1.919373
vt 0.716797 1.898743
vt 0.811829 1.919434
vt 0.807251 1.898743
vt 0.775085 1.919373
vt 0.752869 1.898743
vt 0.905823 1.493530
vt 0.849243 1.498718
vt 0.905823 1.543457
vt 0.849243 1.551270
vt 0.662659 1.824524
vt 0.662109 1.898743
vt 0.716797 1.824524
vt 0.716797 1.898743
vt 0.608521 1.824524
vt 0.609680 1.898743
vt 0.662659 1.824524
vt 0.662109 1.898743
vt 0.849243 1.431396
vt 0.866333 1.460449
vt 0.899109 1.429077
vt 0.899109 1.462463
vt 0.928162 1.542053
vt 0.905823 1.543457
vt 0.928162 1.583374
vt 0.905823 1.583374
vt 0.500305 1.824524
vt 0.500793 1.898743
vt 0.554443 1.824524
vt 0.555176 1.898743
vt 0.849243 1.461609
vt 0.849243 1.431396
vt 0.839722 1.448975
vt 0.839722 1.395996
vt 0.849243 1.376465
vt 0.839722 1.253784
vt 0.839722 1.282410
vt 0.849243 1.250061
vt 0.849243 1.300293
vt 0.839722 1.312561
vt 0.839722 1.359558
vt 0.849243 1.461609
vt 0.905823 1.493530
vt 0.866333 1.460449
vt 0.899109 1.462463
vt 0.928162 1.494385
vt 0.849243 1.551270
vt 0.824768 1.572815
vt 0.852478 1.583374
vt 0.826477 1.583374
vt 0.811829 1.583374
vt 0.934631 1.919434
vt 0.934631 1.898743
vt 0.934631 1.919434
vt 0.866455 1.919434
vt 0.862122 1.898743
vt 0.807251 1.898743
vt 0.934631 1.824890
vt 0.873108 1.824890
vt 0.934631 1.898743
vt 0.862122 1.898743
vt 0.807129 1.824890
vt 0.807251 1.898743
vt 0.752930 1.824707
vt 0.752869 1.898743
vt 0.609680 1.898743
vt 0.587097 1.919373
vt 0.555176 1.898743
vt 0.899109 1.462463
vt 0.928162 1.494385
vt 0.905823 1.493530
vt 0.849243 1.498718
vt 0.849243 1.461609
vt 0.905823 1.493530
vt 0.811829 1.583374
vt 0.824768 1.572815
vt 0.826477 1.583374
vt 0.914124 1.756226
vt 0.923157 1.787720
vt 0.889771 1.787720
vt 0.849243 1.461609
vt 0.849243 1.431396
vt 0.866333 1.460449
vt 0.839722 1.253784
vt 0.839722 1.199097
vt 0.849243 1.250061
vt 0.849243 1.199097
vt 0.849243 1.498718
vt 0.839722 1.501892
vt 0.849243 1.461609
vt 0.839722 1.448975
vt 0.849243 1.551270
vt 0.839722 1.545227
vt 0.849243 1.498718
vt 0.839722 1.501892
vt 0.899109 1.183777
vt 0.899109 1.199097
vt 0.849243 1.183777
vt 0.849243 1.199097
vt 0.824768 1.572815
vt 0.815186 1.564270
vt 0.849243 1.551270
vt 0.839722 1.545227
vt 0.811829 1.583374
vt 0.802124 1.571899
vt 0.824768 1.572815
vt 0.815186 1.564270
vt 0.826477 1.583374
vt 0.824768 1.572815
vt 0.852478 1.583374
vt 0.849243 1.551270
vt 0.899109 1.462463
vt 0.866333 1.460449
vt 0.899109 1.429077
vt 0.849243 1.431396
vt 0.849243 1.300293
vt 0.839722 1.282410
vt 0.849243 1.250061
vt 0.839722 1.253784
vt 0.899109 1.462463
vt 0.905823 1.493530
vt 0.866333 1.460449
vt 0.849243 1.461609
vt 0.928162 1.583374
vt 0.928162 1.595154
vt 0.905823 1.583374
vt 0.905823 1.595154
vt 0.849243 1.551270
vt 0.905823 1.543457
vt 0.852478 1.583374
vt 0.905823 1.583374
vt 0.850464 1.595154
vt 0.905823 1.595154
vt 0.916809 1.622620
vt 0.928162 1.595154
vt 0.850464 1.595154
vt 0.852478 1.583374
vt 0.905823 1.595154
vt 0.905823 1.583374
vt 0.442383 1.919861
vt 0.442383 1.898743
vt 0.500549 1.919373
vt 0.500793 1.898743
vt 0.500793 1.898743
vt 0.555176 1.898743
vt 0.500549 1.919373
vt 0.587097 1.919373
vt 0.866455 1.919434
vt 0.934631 1.898743
vt 0.934631 1.919434
vt 0.934631 1.919434
vt 0.807251 1.898743
vt 0.862122 1.898743
vt 0.866455 1.919434
vt 0.934631 1.898743
vt 0.849243 1.551270
vt 0.849243 1.498718
vt 0.905823 1.543457
vt 0.905823 1.493530
vt 0.873108 1.824890
vt 0.862122 1.898743
vt 0.807129 1.824890
vt 0.807251 1.898743
vt 0.839722 1.395996
vt 0.849243 1.431396
vt 0.839722 1.448975
vt 0.849243 1.461609
vt 0.500305 1.824524
vt 0.500793 1.898743
vt 0.442383 1.824524
vt 0.442383 1.898743
vt 0.905823 1.583374
vt 0.905823 1.543457
vt 0.928162 1.583374
vt 0.928162 1.542053
vt 0.905823 1.493530
vt 0.928162 1.494385
vt 0.905823 1.543457
vt 0.928162 1.542053
vt 0.752869 1.898743
vt 0.752930 1.824707
vt 0.807251 1.898743
vt 0.807129 1.824890
vt 0.752869 1.898743
vt 0.716797 1.898743
vt 0.752930 1.824707
vt 0.716797 1.824524
vt 0.662109 1.898743
vt 0.662659 1.824524
vt 0.609680 1.898743
vt 0.608521 1.824524
vt 0.555176 1.898743
vt 0.554443 1.824524
vt 0.500793 1.898743
vt 0.500305 1.824524
vt 0.839722 1.282410
vt 0.849243 1.300293
vt 0.839722 1.312561
vt 0.839722 1.359558
vt 0.849243 1.376465
vt 0.839722 1.395996
vt 0.849243 1.431396
vt 0.849243 1.300293
vt 0.849243 1.250061
vt 0.899109 1.300293
vt 0.899109 1.250061
vt 0.849243 1.199097
vt 0.899109 1.199097
vt 0.899109 1.300293
vt 0.899109 1.376465
vt 0.849243 1.300293
vt 0.849243 1.376465
vt 0.899109 1.429077
vt 0.849243 1.431396
vt 0.811829 1.583374
vt 0.826477 1.583374
vt 0.805237 1.595154
vt 0.824219 1.595154
vt 0.852478 1.583374
vt 0.850464 1.595154
vt 0.609680 1.898743
vt 0.662109 1.898743
vt 0.587097 1.919373
vt 0.684692 1.919373
vt 0.716797 1.898743
vt 0.732483 1.919373
vt 0.752869 1.898743
vt 0.775085 1.919373
vt 0.807251 1.898743
vt 0.811829 1.919434
vt 0.866455 1.919434
vt 0.923157 1.787720
vt 0.934631 1.824890
vt 0.889771 1.787720
vt 0.873108 1.824890
vt 0.934631 1.898743
vt 0.862122 1.898743
vt 0.363098 1.351624
vt 0.373779 1.278870
vt 0.332153 1.371033
vt 0.301880 1.403992
vt 0.307434 1.432495
vt 0.283875 1.435486
vt 0.363098 1.351624
vt 0.332153 1.371033
vt 0.373779 1.278870
vt 0.915222 1.060974
vt 0.909058 1.060974
vt 0.909180 1.002502
vt 0.928772 1.002502
vt 0.951660 1.002502
vt 0.923279 1.002502
vt 0.222595 1.588257
vt 0.144836 1.588074
vt 0.146240 1.611328
vt 0.958923 1.060974
vt 0.951660 1.002502
vt 0.955261 1.060974
vt 0.232788 1.518860
vt 0.172119 1.514160
vt 0.231995 1.546204
vt 0.168152 1.548645
vt 0.981873 1.002502
vt 0.964233 1.002502
vt 0.981873 1.060974
vt 0.964233 1.060974
vt 0.923279 1.060974
vt 0.951660 1.060974
vt 0.951660 1.002502
vt 0.955261 1.060974
vt 0.221802 1.617920
vt 0.222595 1.588257
vt 0.237061 1.615173
vt 0.238586 1.587280
vt 0.160767 1.412415
vt 0.159180 1.463684
vt 0.205322 1.424683
vt 0.183411 1.472229
vt 0.373779 1.278870
vt 0.371277 1.196960
vt 0.283386 1.301514
vt 0.258728 1.254028
vt 0.909058 1.060974
vt 0.909180 1.002502
vt 0.900879 1.060974
vt 0.900024 1.002502
vt 0.923279 1.060974
vt 0.951660 1.002502
vt 0.923279 1.002502
vt 0.928772 1.002502
vt 0.923279 1.002502
vt 0.917480 1.002502
vt 0.923279 1.060974
vt 0.917480 1.060974
vt 0.144836 1.646667
vt 0.145691 1.628662
vt 0.222595 1.646667
vt 0.221802 1.617920
vt 0.144775 1.646545
vt 0.222351 1.646545
vt 0.144775 1.588928
vt 0.222351 1.588928
vt 0.232788 1.518860
vt 0.183411 1.472229
vt 0.172119 1.514160
vt 0.159180 1.463684
vt 0.373779 1.278870
vt 0.375244 1.287109
vt 0.441406 1.277832
vt 0.439758 1.285828
vt 0.375244 1.287109
vt 0.373718 1.349670
vt 0.427795 1.371277
vt 0.382568 1.371216
vt 0.375244 1.287109
vt 0.427795 1.371277
vt 0.439758 1.285828
vt 0.516724 1.285034
vt 0.373779 1.278870
vt 0.363098 1.351624
vt 0.375244 1.287109
vt 0.373718 1.349670
vt 0.439758 1.285828
vt 0.516724 1.285034
vt 0.441406 1.277832
vt 0.520752 1.277161
vt 0.909058 1.060974
vt 0.915222 1.060974
vt 0.917480 1.002502
vt 0.917480 1.060974
vt 0.657288 1.355347
vt 0.713684 1.358093
vt 0.657288 1.322693
vt 0.713684 1.328735
vt 0.713684 1.095520
vt 0.713684 1.070374
vt 0.695801 1.095520
vt 0.678467 1.070374
vt 0.144836 1.662109
vt 0.144836 1.646667
vt 0.222595 1.662109
vt 0.222595 1.646667
vt 0.695801 1.202393
vt 0.657288 1.206482
vt 0.695801 1.281738
vt 0.657288 1.280334
vt 0.144836 1.573303
vt 0.222595 1.573242
vt 0.144836 1.588074
vt 0.222595 1.588257
vt 0.607605 1.012146
vt 0.607605 1.046692
vt 0.642273 1.012146
vt 0.642273 1.046692
vt 0.607605 1.170837
vt 0.642273 1.170837
vt 0.607605 1.046692
vt 0.642273 1.046692
vt 0.602234 1.813232
vt 0.677124 1.812866
vt 0.604370 1.798584
vt 0.676758 1.775269
vt 0.560608 1.638977
vt 0.564392 1.661438
vt 0.675049 1.639099
vt 0.671021 1.693848
vt 0.607788 1.221313
vt 0.607910 1.241455
vt 0.642273 1.221985
vt 0.642273 1.242676
vt 0.677124 1.812866
vt 0.716187 1.811951
vt 0.676758 1.775269
vt 0.715942 1.770447
vt 0.607605 1.170837
vt 0.607788 1.221313
vt 0.642273 1.170837
vt 0.642273 1.221985
vt 0.671021 1.693848
vt 0.700745 1.692078
vt 0.675049 1.639099
vt 0.700500 1.639709
vt 0.168152 1.548645
vt 0.168274 1.563721
vt 0.231995 1.546204
vt 0.231506 1.562805
vt 0.951660 1.002502
vt 0.958923 1.060974
vt 0.964233 1.002502
vt 0.964233 1.060974
vt 0.205322 1.424683
vt 0.204773 1.387451
vt 0.160767 1.412415
vt 0.177856 1.373901
vt 0.222351 1.576660
vt 0.144775 1.574158
vt 0.222351 1.588928
vt 0.144775 1.588928
vt 0.234375 1.646545
vt 0.233643 1.588928
vt 0.222351 1.646545
vt 0.222351 1.588928
vt 0.222351 1.659546
vt 0.222351 1.646545
vt 0.144775 1.660645
vt 0.144775 1.646545
vt 0.678467 1.070374
vt 0.713684 1.070374
vt 0.678528 1.052307
vt 0.713257 1.052490
vt 0.680054 1.023010
vt 0.713684 1.023254
vt 0.685364 1.011597
vt 0.713684 1.014709
vt 0.373779 1.278870
vt 0.371277 1.196960
vt 0.441406 1.277832
vt 0.436707 1.196655
vt 0.516724 1.285034
vt 0.516541 1.285278
vt 0.427795 1.371277
vt 0.432983 1.370056
vt 0.713684 1.328735
vt 0.695801 1.281738
vt 0.657288 1.322693
vt 0.657288 1.280334
vt 0.237671 1.646667
vt 0.222595 1.646667
vt 0.237061 1.615173
vt 0.221802 1.617920
vt 0.713684 1.328735
vt 0.657288 1.322693
vt 0.695801 1.281738
vt 0.657288 1.280334
vt 0.237671 1.646667
vt 0.237061 1.615173
vt 0.222595 1.646667
vt 0.221802 1.617920
vt 0.221802 1.617920
vt 0.237061 1.615173
vt 0.222595 1.588257
vt 0.238586 1.587280
vt 0.168152 1.548645
vt 0.172119 1.514160
vt 0.231995 1.546204
vt 0.232788 1.518860
vt 0.981873 1.002502
vt 0.981873 1.060974
vt 0.964233 1.002502
vt 0.964233 1.060974
vt 0.204773 1.387451
vt 0.177856 1.373901
vt 0.239014 1.344543
vt 0.206604 1.313843
vt 0.183411 1.472229
vt 0.159180 1.463684
vt 0.205322 1.424683
vt 0.160767 1.412415
vt 0.373779 1.278870
vt 0.283386 1.301514
vt 0.371277 1.196960
vt 0.258728 1.254028
vt 0.900024 1.002502
vt 0.909180 1.002502
vt 0.900879 1.060974
vt 0.909058 1.060974
vt 0.144836 1.646667
vt 0.222595 1.646667
vt 0.145691 1.628662
vt 0.221802 1.617920
vt 0.144775 1.646545
vt 0.144775 1.588928
vt 0.222351 1.646545
vt 0.222351 1.588928
vt 0.222595 1.588257
vt 0.146240 1.611328
vt 0.221802 1.617920
vt 0.145691 1.628662
vt 0.997498 1.002502
vt 0.997498 1.060974
vt 0.981873 1.002502
vt 0.981873 1.060974
vt 0.232788 1.518860
vt 0.172119 1.514160
vt 0.183411 1.472229
vt 0.159180 1.463684
vt 0.680054 1.023010
vt 0.657288 1.008545
vt 0.685364 1.011597
vt 0.691406 1.002441
vt 0.997498 1.002502
vt 0.997498 1.028625
vt 0.997498 1.002502
vt 0.997498 1.060974
vt 0.205322 1.424683
vt 0.240173 1.489380
vt 0.183411 1.472229
vt 0.232788 1.518860
vt 0.439758 1.285828
vt 0.375244 1.287109
vt 0.441406 1.277832
vt 0.373779 1.278870
vt 0.382568 1.371216
vt 0.373718 1.349670
vt 0.427795 1.371277
vt 0.375244 1.287109
vt 0.375244 1.287109
vt 0.439758 1.285828
vt 0.427795 1.371277
vt 0.516724 1.285034
vt 0.373779 1.278870
vt 0.375244 1.287109
vt 0.363098 1.351624
vt 0.373718 1.349670
vt 0.439758 1.285828
vt 0.441406 1.277832
vt 0.516724 1.285034
vt 0.520752 1.277161
vt 0.441406 1.277832
vt 0.436707 1.196655
vt 0.520752 1.277161
vt 0.519409 1.198059
vt 0.657288 1.355347
vt 0.657288 1.322693
vt 0.713684 1.358093
vt 0.713684 1.328735
vt 0.144836 1.662109
vt 0.222595 1.662109
vt 0.144836 1.646667
vt 0.222595 1.646667
vt 0.222595 1.588257
vt 0.222595 1.573242
vt 0.144836 1.588074
vt 0.144836 1.573303
vt 0.642273 1.046692
vt 0.607605 1.046692
vt 0.642273 1.012146
vt 0.607605 1.012146
vt 0.607605 1.170837
vt 0.607605 1.046692
vt 0.642273 1.170837
vt 0.642273 1.046692
vt 0.602234 1.813232
vt 0.604370 1.798584
vt 0.677124 1.812866
vt 0.676758 1.775269
vt 0.671021 1.693848
vt 0.564392 1.661438
vt 0.675049 1.639099
vt 0.560608 1.638977
vt 0.607788 1.221313
vt 0.642273 1.221985
vt 0.607910 1.241455
vt 0.642273 1.242676
vt 0.715942 1.770447
vt 0.716187 1.811951
vt 0.676758 1.775269
vt 0.677124 1.812866
vt 0.607605 1.170837
vt 0.642273 1.170837
vt 0.607788 1.221313
vt 0.642273 1.221985
vt 0.671021 1.693848
vt 0.675049 1.639099
vt 0.700745 1.692078
vt 0.700500 1.639709
vt 0.168152 1.548645
vt 0.231995 1.546204
vt 0.168274 1.563721
vt 0.231506 1.562805
vt 0.373779 1.278870
vt 0.332153 1.371033
vt 0.283386 1.301514
vt 0.301880 1.403992
vt 0.205322 1.424683
vt 0.160767 1.412415
vt 0.204773 1.387451
vt 0.177856 1.373901
vt 0.678528 1.052307
vt 0.657288 1.032837
vt 0.680054 1.023010
vt 0.657288 1.008545
vt 0.222351 1.576660
vt 0.222351 1.588928
vt 0.144775 1.574158
vt 0.144775 1.588928
vt 0.234375 1.646545
vt 0.222351 1.646545
vt 0.233643 1.588928
vt 0.222351 1.588928
vt 0.144775 1.646545
vt 0.222351 1.646545
vt 0.144775 1.660645
vt 0.222351 1.659546
vt 0.713257 1.052490
vt 0.713684 1.070374
vt 0.678528 1.052307
vt 0.678467 1.070374
vt 0.695801 1.281738
vt 0.713684 1.283142
vt 0.713684 1.328735
vt 0.695801 1.281738
vt 0.432983 1.370056
vt 0.516541 1.285278
vt 0.427795 1.371277
vt 0.516724 1.285034
vt 0.657288 1.206482
vt 0.695801 1.202393
vt 0.657288 1.148682
vt 0.695801 1.145020
vt 0.657288 1.148682
vt 0.695801 1.145020
vt 0.657288 1.095520
vt 0.695801 1.095520
vt 0.519409 1.198059
vt 0.516541 1.285278
vt 0.520752 1.277161
vt 0.516724 1.285034
vt 0.657288 1.032837
vt 0.678528 1.052307
vt 0.657288 1.070374
vt 0.678467 1.070374
vt 0.516724 1.285034
vt 0.516541 1.285278
vt 0.520752 1.277161
vt 0.519409 1.198059
vt 0.909058 1.060974
vt 0.917480 1.002502
vt 0.909180 1.002502
vt 0.915222 1.060974
vt 0.917480 1.060974
vt 0.695801 1.095520
vt 0.678467 1.070374
vt 0.657288 1.095520
vt 0.657288 1.070374
vt 0.678528 1.052307
vt 0.657288 1.032837
vt 0.204773 1.387451
vt 0.239014 1.344543
vt 0.177856 1.373901
vt 0.206604 1.313843
vt 0.283386 1.301514
vt 0.258728 1.254028
vt 0.145691 1.628662
vt 0.146240 1.611328
vt 0.221802 1.617920
vt 0.222595 1.588257
vt 0.144836 1.588074
vt 0.997498 1.002502
vt 0.997498 1.002502
vt 0.997498 1.028625
vt 0.997498 1.060974
vt 0.981873 1.002502
vt 0.981873 1.060974
vt 0.713684 1.002441
vt 0.691406 1.002441
vt 0.713684 1.014709
vt 0.685364 1.011597
vt 0.657288 1.008545
vt 0.680054 1.023010
vt 0.657288 1.032837
vt 0.678528 1.052307
vt 0.232788 1.518860
vt 0.240173 1.489380
vt 0.183411 1.472229
vt 0.205322 1.424683
vt 0.270813 1.458374
vt 0.283875 1.435486
vt 0.373779 1.278870
vt 0.283386 1.301514
vt 0.332153 1.371033
vt 0.301880 1.403992
vt 0.239014 1.344543
vt 0.204773 1.387451
vt 0.519409 1.198059
vt 0.436707 1.196655
vt 0.520752 1.277161
vt 0.441406 1.277832
vt 0.371277 1.196960
vt 0.373779 1.278870
vt 0.205322 1.424683
vt 0.283875 1.435486
vt 0.204773 1.387451
vt 0.301880 1.403992
vt 0.307434 1.432495
vt 0.657288 1.280334
vt 0.657288 1.206482
vt 0.695801 1.281738
vt 0.695801 1.202393
vt 0.657288 1.148682
vt 0.695801 1.145020
vt 0.657288 1.095520
vt 0.695801 1.095520
vt 0.955261 1.060974
vt 0.951660 1.060974
vt 0.951660 1.002502
vt 0.923279 1.002502
vt 0.923279 1.060974
vt 0.917480 1.002502
vt 0.917480 1.060974
vt 0.258728 1.254028
vt 0.283386 1.301514
vt 0.206604 1.313843
vt 0.239014 1.344543
vt 0.301880 1.403992
vt 0.204773 1.387451
vt 0.240173 1.489380
vt 0.205322 1.424683
vt 0.270813 1.458374
vt 0.283875 1.435486
vt 0.204773 1.387451
vt 0.301880 1.403992
vt 0.713684 1.095520
vt 0.695801 1.095520
vt 0.713684 1.070374
vt 0.678467 1.070374
vt 0.657288 1.095520
vt 0.657288 1.070374
vt 0.964233 1.060974
vt 0.958923 1.060974
vt 0.964233 1.002502
vt 0.951660 1.002502
vt 0.955261 1.060974
vt 0.680054 1.023010
vt 0.685364 1.011597
vt 0.713684 1.023254
vt 0.713684 1.014709
vt 0.691406 1.002441
vt 0.713684 1.002441
vt 0.507324 1.406067
vt 0.534912 1.414001
vt 0.502991 1.421936
vt 0.364441 1.406067
vt 0.367371 1.421936
vt 0.347351 1.421936
vt 0.997986 1.770386
vt 0.957031 1.781189
vt 0.944580 1.770142
vt 0.570007 1.175293
vt 0.557678 1.177307
vt 0.557678 1.129883
vt 0.575989 1.010010
vt 0.589905 1.062622
vt 0.575989 1.062622
vt 0.198242 1.308899
vt 0.222717 1.238037
vt 0.222717 1.285278
vt 0.078491 1.851685
vt 0.078491 1.837158
vt 0.154663 1.851685
vt 0.154663 1.837158
vt 0.183044 1.851685
vt 0.183044 1.888672
vt 0.154663 1.851685
vt 0.154663 1.888672
vt 0.078491 1.851685
vt 0.154663 1.851685
vt 0.078491 1.888672
vt 0.154663 1.888672
vt 0.154663 1.851685
vt 0.183044 1.851685
vt 0.154663 1.888672
vt 0.183044 1.888672
vt 0.078491 1.888672
vt 0.078491 1.851685
vt 0.154663 1.888672
vt 0.154663 1.851685
vt 0.154663 1.851685
vt 0.154663 1.888672
vt 0.078491 1.851685
vt 0.078491 1.888672
vt 0.154663 1.851685
vt 0.183044 1.851685
vt 0.154663 1.888672
vt 0.183044 1.888672
vt 0.183044 1.851685
vt 0.183044 1.888672
vt 0.154663 1.851685
vt 0.154663 1.888672
vt 0.222717 1.238037
vt 0.198242 1.308899
vt 0.124756 1.285278
vt 0.149292 1.308899
vt 0.078491 1.851685
vt 0.154663 1.851685
vt 0.078491 1.888672
vt 0.154663 1.888672
vt 0.242737 1.091064
vt 0.276978 1.126099
vt 0.232361 1.140686
vt 0.276978 1.207031
vt 0.232361 1.140686
vt 0.185181 1.098450
vt 0.242737 1.091064
vt 0.204956 1.061340
vt 0.145325 1.079834
vt 0.103088 1.068726
vt 0.160400 1.040466
vt 0.113098 1.026978
vt 0.571960 1.926392
vt 0.688538 1.926392
vt 0.575378 1.988708
vt 0.688354 1.988708
vt 0.704407 1.926392
vt 0.704712 1.988708
vt 0.688538 1.926392
vt 0.688354 1.988708
vt 0.957031 1.521851
vt 0.997986 1.521851
vt 0.957031 1.574951
vt 0.997986 1.573425
vt 0.589905 1.267639
vt 0.575989 1.267639
vt 0.589905 1.174500
vt 0.575989 1.174500
vt 0.589905 1.174500
vt 0.575989 1.174500
vt 0.589905 1.062622
vt 0.575989 1.062622
vt 0.589905 1.062622
vt 0.575989 1.010010
vt 0.589905 1.042114
vt 0.589905 1.010010
vt 0.557678 1.040039
vt 0.570007 1.044739
vt 0.557678 1.082886
vt 0.570007 1.107910
vt 0.051697 1.175842
vt 0.096863 1.173157
vt 0.062134 1.207031
vt 0.091187 1.207031
vt 0.159668 1.207031
vt 0.091187 1.207031
vt 0.150513 1.178406
vt 0.096863 1.173157
vt 0.594421 1.180969
vt 0.604431 1.181519
vt 0.593384 1.275208
vt 0.604431 1.271851
vt 0.183044 1.837158
vt 0.183044 1.851685
vt 0.154663 1.837158
vt 0.154663 1.851685
vt 0.154663 1.837158
vt 0.154663 1.851685
vt 0.078491 1.837158
vt 0.078491 1.851685
vt 0.957031 1.844727
vt 0.997986 1.851868
vt 0.957031 1.918213
vt 0.997986 1.918213
vt 0.550232 1.005981
vt 0.550232 1.049683
vt 0.503845 1.005981
vt 0.476990 1.049683
vt 0.550232 1.059753
vt 0.550232 1.106079
vt 0.494568 1.059753
vt 0.494568 1.106079
vt 0.550232 1.106079
vt 0.550232 1.117432
vt 0.494568 1.106079
vt 0.476990 1.117432
vt 0.600952 1.082764
vt 0.600952 1.155396
vt 0.589905 1.062622
vt 0.589905 1.174500
vt 0.550232 1.059753
vt 0.494568 1.059753
vt 0.550232 1.049683
vt 0.476990 1.049683
vt 0.494568 1.059753
vt 0.494568 1.106079
vt 0.476990 1.049683
vt 0.476990 1.117432
vt 0.476990 1.117432
vt 0.421448 1.005981
vt 0.476990 1.049683
vt 0.503845 1.005981
vt 0.557678 1.177307
vt 0.570007 1.175293
vt 0.557678 1.221619
vt 0.570007 1.221008
vt 0.570007 1.175293
vt 0.557678 1.129883
vt 0.570007 1.107910
vt 0.557678 1.082886
vt 0.570007 1.011963
vt 0.570007 1.044739
vt 0.557678 1.009094
vt 0.557678 1.040039
vt 0.569458 1.239014
vt 0.557129 1.244507
vt 0.570007 1.221008
vt 0.557678 1.221619
vt 0.957031 1.844727
vt 0.957031 1.781189
vt 0.997986 1.851868
vt 0.997986 1.770386
vt 0.164001 1.005981
vt 0.230103 1.005981
vt 0.217712 1.059509
vt 0.263550 1.106140
vt 0.476990 1.117432
vt 0.339783 1.157715
vt 0.421448 1.005981
vt 0.339783 1.005981
vt 0.997986 1.661804
vt 0.957031 1.660889
vt 0.997986 1.573425
vt 0.957031 1.574951
vt 0.957031 1.521851
vt 0.957031 1.495361
vt 0.997986 1.521851
vt 0.997986 1.495361
vt 0.550232 1.117432
vt 0.550232 1.153503
vt 0.476990 1.117432
vt 0.464294 1.155884
vt 0.997986 1.495361
vt 0.957031 1.495361
vt 0.997986 1.403809
vt 0.957031 1.403931
vt 0.364441 1.406067
vt 0.347351 1.421936
vt 0.346497 1.406067
vt 0.310547 1.421936
vt 0.893921 1.988708
vt 0.886597 1.926392
vt 0.974548 1.988708
vt 0.978577 1.926392
vt 0.556458 1.926392
vt 0.571960 1.926392
vt 0.558716 1.988708
vt 0.575378 1.988708
vt 0.886597 1.926392
vt 0.893921 1.988708
vt 0.852905 1.926392
vt 0.867371 1.988708
vt 0.154663 1.851685
vt 0.154663 1.837158
vt 0.183044 1.851685
vt 0.183044 1.837158
vt 0.317749 1.893311
vt 0.317749 1.993469
vt 0.374939 1.893311
vt 0.374023 1.993469
vt 0.374939 1.893311
vt 0.374023 1.993469
vt 0.392517 1.893311
vt 0.392517 1.993469
vt 0.319763 1.207581
vt 0.276978 1.207031
vt 0.319824 1.178894
vt 0.276978 1.126099
vt 0.569458 1.269592
vt 0.557129 1.274963
vt 0.569458 1.239014
vt 0.557129 1.244507
vt 0.080994 1.893311
vt 0.080994 1.993469
vt 0.146179 1.893311
vt 0.146179 1.993469
vt 0.096863 1.173157
vt 0.051697 1.175842
vt 0.111938 1.108154
vt 0.042908 1.120850
vt 0.006653 1.176941
vt 0.006653 1.139954
vt 0.183044 1.851685
vt 0.154663 1.851685
vt 0.183044 1.837158
vt 0.154663 1.837158
vt 0.078491 1.851685
vt 0.078491 1.837158
vt 0.224792 1.893311
vt 0.165955 1.893311
vt 0.224792 1.993469
vt 0.165527 1.993469
vt 0.146179 1.893311
vt 0.146179 1.993469
vt 0.183044 1.851685
vt 0.154663 1.851685
vt 0.183044 1.837158
vt 0.154663 1.837158
vt 0.078491 1.851685
vt 0.078491 1.837158
vt 0.124756 1.238037
vt 0.149292 1.214355
vt 0.124756 1.285278
vt 0.222717 1.238037
vt 0.198242 1.214355
vt 0.065979 1.026978
vt 0.060913 1.067810
vt 0.006653 1.026978
vt 0.006653 1.065796
vt 0.042908 1.120850
vt 0.006653 1.139954
vt 0.204956 1.061340
vt 0.185181 1.098450
vt 0.160400 1.040466
vt 0.145325 1.079834
vt 0.111938 1.108154
vt 0.103088 1.068726
vt 0.113098 1.026978
vt 0.103088 1.068726
vt 0.065979 1.026978
vt 0.060913 1.067810
vt 0.111938 1.108154
vt 0.042908 1.120850
vt 0.232361 1.140686
vt 0.182251 1.155334
vt 0.185181 1.098450
vt 0.111938 1.108154
vt 0.150513 1.178406
vt 0.096863 1.173157
vt 0.224792 1.993469
vt 0.243225 1.993469
vt 0.224792 1.893311
vt 0.243225 1.893311
vt 0.297302 1.993469
vt 0.297302 1.893311
vt 0.317749 1.993469
vt 0.317749 1.893311
vt 0.276978 1.207031
vt 0.221558 1.207031
vt 0.232361 1.140686
vt 0.182251 1.155334
vt 0.159668 1.207031
vt 0.150513 1.178406
vt 0.558716 1.988708
vt 0.491638 1.988708
vt 0.556458 1.926392
vt 0.492188 1.926392
vt 0.429810 1.988708
vt 0.431580 1.926392
vt 0.704407 1.926392
vt 0.808655 1.926392
vt 0.704712 1.988708
vt 0.814392 1.988708
vt 0.852905 1.926392
vt 0.867371 1.988708
vt 0.435608 1.406067
vt 0.442383 1.392395
vt 0.441589 1.421936
vt 0.502991 1.421936
vt 0.500000 1.392395
vt 0.507324 1.406067
vt 0.441589 1.421936
vt 0.386719 1.421936
vt 0.435608 1.406067
vt 0.386658 1.406067
vt 0.367371 1.421936
vt 0.364441 1.406067
vt 0.944580 1.770142
vt 0.944580 1.676392
vt 0.997986 1.770386
vt 0.997986 1.661804
vt 0.957031 1.660889
vt 0.437561 1.185364
vt 0.413391 1.178894
vt 0.464294 1.155884
vt 0.476990 1.117432
vt 0.339783 1.157715
vt 0.230103 1.005981
vt 0.281128 1.005554
vt 0.263550 1.106140
vt 0.339783 1.157715
vt 0.339783 1.005981
vt 0.008850 1.728088
vt 0.020020 1.728088
vt 0.008850 1.673767
vt 0.020020 1.673767
vt 0.836121 1.441345
vt 0.836121 1.522339
vt 0.803162 1.441345
vt 0.803162 1.522339
vt 0.803162 1.439148
vt 0.803162 1.420227
vt 0.836121 1.439636
vt 0.836121 1.420227
vt 0.803162 1.522339
vt 0.836121 1.522339
vt 0.803162 1.441345
vt 0.836121 1.441345
vt 0.836121 1.544067
vt 0.836121 1.522644
vt 0.803162 1.544067
vt 0.803162 1.521973
vt 0.020020 1.673767
vt 0.020020 1.728088
vt 0.008850 1.673767
vt 0.008850 1.728088
vt 0.836121 1.441345
vt 0.803162 1.441345
vt 0.836121 1.522339
vt 0.803162 1.522339
vt 0.836121 1.420227
vt 0.803162 1.420227
vt 0.836121 1.439636
vt 0.803162 1.439148
vt 0.836121 1.441345
vt 0.836121 1.522339
vt 0.803162 1.441345
vt 0.803162 1.522339
vt 0.803162 1.521973
vt 0.836121 1.522644
vt 0.803162 1.544067
vt 0.836121 1.544067
vt 0.848511 1.025330
vt 0.848511 1.005249
vt 0.769287 1.025330
vt 0.769287 1.005249
vt 0.769287 1.025330
vt 0.769287 1.005249
vt 0.720032 1.025330
vt 0.720276 1.005249
vt 0.897461 1.168762
vt 0.897461 1.150818
vt 0.858459 1.168762
vt 0.858154 1.150818
vt 0.897461 1.081604
vt 0.858154 1.081604
vt 0.897461 1.150818
vt 0.858154 1.150818
vt 0.897461 1.019958
vt 0.858154 1.019958
vt 0.897461 1.029419
vt 0.858154 1.029419
vt 0.770874 1.051025
vt 0.850098 1.051025
vt 0.770874 1.031616
vt 0.850098 1.031616
vt 0.721191 1.051025
vt 0.770874 1.051025
vt 0.721436 1.031616
vt 0.770874 1.031616
vt 0.897461 1.081604
vt 0.897461 1.029419
vt 0.858154 1.081604
vt 0.858154 1.029419
vt 0.897461 1.168762
vt 0.858459 1.168762
vt 0.897461 1.150818
vt 0.858154 1.150818
vt 0.897461 1.081604
vt 0.897461 1.150818
vt 0.858154 1.081604
vt 0.858154 1.150818
vt 0.858154 1.029419
vt 0.858154 1.019958
vt 0.897461 1.029419
vt 0.897461 1.019958
vt 0.770874 1.051025
vt 0.770874 1.031616
vt 0.850098 1.051025
vt 0.850098 1.031616
vt 0.721191 1.051025
vt 0.721436 1.031616
vt 0.770874 1.051025
vt 0.770874 1.031616
vt 0.897461 1.081604
vt 0.858154 1.081604
vt 0.897461 1.029419
vt 0.858154 1.029419
vt 0.848511 1.025330
vt 0.769287 1.025330
vt 0.848511 1.005249
vt 0.769287 1.005249
vt 0.720032 1.025330
vt 0.720276 1.005249
vt 0.699341 1.470520
vt 0.698853 1.456665
vt 0.712769 1.433167
vt 0.467102 1.426208
vt 0.458252 1.442505
vt 0.467102 1.456665
vt 0.397095 1.430176
vt 0.287964 1.459473
vt 0.349854 1.432312
vt 0.283630 1.449097
vt 0.698853 1.456665
vt 0.699341 1.470520
vt 0.626038 1.456665
vt 0.627869 1.469849
vt 0.287964 1.459473
vt 0.397095 1.430176
vt 0.391418 1.459473
vt 0.398804 1.452087
vt 0.558228 1.470764
vt 0.559509 1.456665
vt 0.627869 1.469849
vt 0.626038 1.456665
vt 0.712769 1.433167
vt 0.698853 1.456665
vt 0.632385 1.433167
vt 0.626038 1.456665
vt 0.454407 1.453369
vt 0.398804 1.452087
vt 0.445984 1.437500
vt 0.397095 1.430176
vt 0.467102 1.469666
vt 0.467102 1.456665
vt 0.558228 1.470764
vt 0.559509 1.456665
vt 0.623718 1.426208
vt 0.559509 1.456665
vt 0.467102 1.426208
vt 0.467102 1.456665
vt 0.559509 1.456665
vt 0.623718 1.426208
vt 0.626038 1.456665
vt 0.632385 1.433167
vt 0.699341 1.470520
vt 0.712769 1.433167
vt 0.698853 1.456665
vt 0.467102 1.426208
vt 0.467102 1.456665
vt 0.458252 1.442505
vt 0.623718 1.426208
vt 0.467102 1.426208
vt 0.559509 1.456665
vt 0.467102 1.456665
vt 0.712769 1.433167
vt 0.632385 1.433167
vt 0.698853 1.456665
vt 0.626038 1.456665
vt 0.454407 1.453369
vt 0.445984 1.437500
vt 0.398804 1.452087
vt 0.397095 1.430176
vt 0.397095 1.430176
vt 0.349854 1.432312
vt 0.287964 1.459473
vt 0.283630 1.449097
vt 0.287964 1.459473
vt 0.391418 1.459473
vt 0.397095 1.430176
vt 0.398804 1.452087
vt 0.559509 1.456665
vt 0.626038 1.456665
vt 0.623718 1.426208
vt 0.632385 1.433167
vt 0.467102 1.469666
vt 0.558228 1.470764
vt 0.467102 1.456665
vt 0.559509 1.456665
vt 0.627869 1.469849
vt 0.626038 1.456665
vt 0.699341 1.470520
vt 0.698853 1.456665
vt 0.997986 1.770386
vt 0.944580 1.770142
vt 0.957031 1.781189
vt 0.997986 1.661804
vt 0.957031 1.660889
vt 0.944580 1.676392
vt 0.281128 1.005554
vt 0.339783 1.157715
vt 0.339783 1.005981
vt 0.575989 1.010010
vt 0.589905 1.042114
vt 0.589905 1.010010
vt 0.222717 1.238037
vt 0.198242 1.308899
vt 0.222717 1.285278
vt 0.183044 1.851685
vt 0.154663 1.851685
vt 0.183044 1.888672
vt 0.154663 1.888672
vt 0.146179 1.993469
vt 0.146179 1.893311
vt 0.165527 1.993469
vt 0.165955 1.893311
vt 0.154663 1.851685
vt 0.154663 1.837158
vt 0.078491 1.851685
vt 0.078491 1.837158
vt 0.154663 1.837158
vt 0.154663 1.851685
vt 0.183044 1.837158
vt 0.183044 1.851685
vt 0.243225 1.893311
vt 0.243225 1.993469
vt 0.224792 1.893311
vt 0.224792 1.993469
vt 0.165527 1.993469
vt 0.165955 1.893311
vt 0.224792 1.993469
vt 0.224792 1.893311
vt 0.078491 1.851685
vt 0.078491 1.888672
vt 0.154663 1.851685
vt 0.154663 1.888672
vt 0.154663 1.851685
vt 0.154663 1.888672
vt 0.183044 1.851685
vt 0.183044 1.888672
vt 0.154663 1.851685
vt 0.078491 1.851685
vt 0.154663 1.888672
vt 0.078491 1.888672
vt 0.154663 1.851685
vt 0.078491 1.851685
vt 0.154663 1.888672
vt 0.078491 1.888672
vt 0.183044 1.851685
vt 0.183044 1.837158
vt 0.154663 1.851685
vt 0.154663 1.837158
vt 0.154663 1.851685
vt 0.154663 1.888672
vt 0.183044 1.851685
vt 0.183044 1.888672
vt 0.198242 1.308899
vt 0.222717 1.238037
vt 0.149292 1.214355
vt 0.198242 1.214355
vt 0.078491 1.851685
vt 0.078491 1.888672
vt 0.154663 1.851685
vt 0.154663 1.888672
vt 0.242737 1.091064
vt 0.232361 1.140686
vt 0.276978 1.126099
vt 0.276978 1.207031
vt 0.204956 1.061340
vt 0.185181 1.098450
vt 0.242737 1.091064
vt 0.232361 1.140686
vt 0.145325 1.079834
vt 0.185181 1.098450
vt 0.160400 1.040466
vt 0.204956 1.061340
vt 0.096863 1.173157
vt 0.111938 1.108154
vt 0.051697 1.175842
vt 0.042908 1.120850
vt 0.276978 1.207031
vt 0.232361 1.140686
vt 0.221558 1.207031
vt 0.182251 1.155334
vt 0.571960 1.926392
vt 0.575378 1.988708
vt 0.688538 1.926392
vt 0.688354 1.988708
vt 0.688354 1.988708
vt 0.704712 1.988708
vt 0.688538 1.926392
vt 0.704407 1.926392
vt 0.558716 1.988708
vt 0.556458 1.926392
vt 0.491638 1.988708
vt 0.492188 1.926392
vt 0.051697 1.175842
vt 0.042908 1.120850
vt 0.006653 1.176941
vt 0.006653 1.139954
vt 0.183044 1.851685
vt 0.154663 1.851685
vt 0.183044 1.888672
vt 0.154663 1.888672
vt 0.297302 1.893311
vt 0.297302 1.993469
vt 0.243225 1.893311
vt 0.243225 1.993469
vt 0.051697 1.175842
vt 0.062134 1.207031
vt 0.096863 1.173157
vt 0.091187 1.207031
vt 0.096863 1.173157
vt 0.091187 1.207031
vt 0.150513 1.178406
vt 0.159668 1.207031
vt 0.594421 1.180969
vt 0.593384 1.275208
vt 0.604431 1.181519
vt 0.604431 1.271851
vt 0.557129 1.244507
vt 0.557129 1.274963
vt 0.569458 1.239014
vt 0.569458 1.269592
vt 0.319763 1.207581
vt 0.319824 1.178894
vt 0.276978 1.207031
vt 0.276978 1.126099
vt 0.997986 1.918213
vt 0.997986 1.851868
vt 0.957031 1.918213
vt 0.957031 1.844727
vt 0.550232 1.059753
vt 0.494568 1.059753
vt 0.550232 1.106079
vt 0.494568 1.106079
vt 0.550232 1.106079
vt 0.494568 1.106079
vt 0.550232 1.117432
vt 0.476990 1.117432
vt 0.589905 1.174500
vt 0.600952 1.155396
vt 0.589905 1.062622
vt 0.600952 1.082764
vt 0.476990 1.049683
vt 0.494568 1.059753
vt 0.550232 1.049683
vt 0.550232 1.059753
vt 0.476990 1.117432
vt 0.494568 1.106079
vt 0.476990 1.049683
vt 0.494568 1.059753
vt 0.570007 1.011963
vt 0.557678 1.009094
vt 0.570007 1.044739
vt 0.557678 1.040039
vt 0.957031 1.844727
vt 0.997986 1.851868
vt 0.957031 1.781189
vt 0.997986 1.770386
vt 0.164001 1.005981
vt 0.217712 1.059509
vt 0.230103 1.005981
vt 0.263550 1.106140
vt 0.502991 1.421936
vt 0.442383 1.392395
vt 0.441589 1.421936
vt 0.435608 1.406067
vt 0.957031 1.521851
vt 0.997986 1.521851
vt 0.957031 1.495361
vt 0.997986 1.495361
vt 0.997986 1.495361
vt 0.997986 1.403809
vt 0.957031 1.495361
vt 0.957031 1.403931
vt 0.431580 1.926392
vt 0.429810 1.988708
vt 0.492188 1.926392
vt 0.491638 1.988708
vt 0.386719 1.421936
vt 0.386658 1.406067
vt 0.367371 1.421936
vt 0.364441 1.406067
vt 0.944580 1.770142
vt 0.997986 1.770386
vt 0.944580 1.676392
vt 0.997986 1.661804
vt 0.814392 1.988708
vt 0.808655 1.926392
vt 0.704712 1.988708
vt 0.704407 1.926392
vt 0.575378 1.988708
vt 0.571960 1.926392
vt 0.558716 1.988708
vt 0.556458 1.926392
vt 0.339783 1.157715
vt 0.281128 1.005554
vt 0.263550 1.106140
vt 0.230103 1.005981
vt 0.441589 1.421936
vt 0.435608 1.406067
vt 0.386719 1.421936
vt 0.386658 1.406067
vt 0.154663 1.851685
vt 0.154663 1.837158
vt 0.078491 1.851685
vt 0.078491 1.837158
vt 0.317749 1.893311
vt 0.317749 1.993469
vt 0.297302 1.893311
vt 0.297302 1.993469
vt 0.589905 1.042114
vt 0.575989 1.010010
vt 0.589905 1.062622
vt 0.575989 1.062622
vt 0.867371 1.988708
vt 0.852905 1.926392
vt 0.814392 1.988708
vt 0.808655 1.926392
vt 0.146179 1.993469
vt 0.080994 1.993469
vt 0.146179 1.893311
vt 0.080994 1.893311
vt 0.575989 1.062622
vt 0.575989 1.174500
vt 0.589905 1.062622
vt 0.589905 1.174500
vt 0.575989 1.267639
vt 0.589905 1.267639
vt 0.078491 1.851685
vt 0.154663 1.851685
vt 0.078491 1.837158
vt 0.154663 1.837158
vt 0.183044 1.851685
vt 0.183044 1.837158
vt 0.078491 1.851685
vt 0.154663 1.851685
vt 0.078491 1.837158
vt 0.154663 1.837158
vt 0.183044 1.851685
vt 0.183044 1.837158
vt 0.124756 1.238037
vt 0.124756 1.285278
vt 0.149292 1.214355
vt 0.198242 1.308899
vt 0.149292 1.308899
vt 0.113098 1.026978
vt 0.065979 1.026978
vt 0.103088 1.068726
vt 0.060913 1.067810
vt 0.006653 1.026978
vt 0.006653 1.065796
vt 0.232361 1.140686
vt 0.185181 1.098450
vt 0.182251 1.155334
vt 0.111938 1.108154
vt 0.145325 1.079834
vt 0.103088 1.068726
vt 0.160400 1.040466
vt 0.113098 1.026978
vt 0.103088 1.068726
vt 0.060913 1.067810
vt 0.111938 1.108154
vt 0.042908 1.120850
vt 0.006653 1.065796
vt 0.006653 1.139954
vt 0.221558 1.207031
vt 0.182251 1.155334
vt 0.159668 1.207031
vt 0.150513 1.178406
vt 0.111938 1.108154
vt 0.096863 1.173157
vt 0.997986 1.661804
vt 0.997986 1.573425
vt 0.957031 1.660889
vt 0.957031 1.574951
vt 0.997986 1.521851
vt 0.957031 1.521851
vt 0.317749 1.893311
vt 0.374939 1.893311
vt 0.317749 1.993469
vt 0.374023 1.993469
vt 0.392517 1.893311
vt 0.392517 1.993469
vt 0.557678 1.040039
vt 0.557678 1.082886
vt 0.570007 1.044739
vt 0.570007 1.107910
vt 0.557678 1.129883
vt 0.570007 1.175293
vt 0.557678 1.177307
vt 0.550232 1.005981
vt 0.503845 1.005981
vt 0.550232 1.049683
vt 0.476990 1.049683
vt 0.421448 1.005981
vt 0.476990 1.117432
vt 0.557678 1.177307
vt 0.557678 1.221619
vt 0.570007 1.175293
vt 0.570007 1.221008
vt 0.557129 1.244507
vt 0.569458 1.239014
vt 0.339783 1.005981
vt 0.339783 1.157715
vt 0.421448 1.005981
vt 0.476990 1.117432
vt 0.413391 1.178894
vt 0.442383 1.392395
vt 0.502991 1.421936
vt 0.500000 1.392395
vt 0.507324 1.406067
vt 0.534912 1.414001
vt 0.437561 1.185364
vt 0.464294 1.155884
vt 0.413391 1.178894
vt 0.476990 1.117432
vt 0.550232 1.153503
vt 0.550232 1.117432
vt 0.310547 1.421936
vt 0.347351 1.421936
vt 0.346497 1.406067
vt 0.364441 1.406067
vt 0.367371 1.421936
vt 0.978577 1.926392
vt 0.886597 1.926392
vt 0.974548 1.988708
vt 0.893921 1.988708
vt 0.852905 1.926392
vt 0.867371 1.988708
vt 0.109009 1.710388
vt 0.186646 1.822754
vt 0.109009 1.822754
vt 0.231384 1.822754
vt 0.186646 1.822754
vt 0.231384 1.710388
vt 0.186646 1.710388
vt 0.186646 1.710388
vt 0.231384 1.710388
vt 0.186646 1.687988
vt 0.231384 1.687988
vt 0.186646 1.789185
vt 0.186646 1.768005
vt 0.109009 1.710388
vt 0.186646 1.710388
vt 0.186646 1.850708
vt 0.231384 1.850708
vt 0.186646 1.822754
vt 0.231384 1.822754
vt 0.109009 1.710388
vt 0.109009 1.822754
vt 0.186646 1.789185
vt 0.186646 1.822754
vt 0.186646 1.789185
vt 0.231384 1.789185
vt 0.186646 1.768005
vt 0.231384 1.768005
vt 0.186646 1.822754
vt 0.231384 1.822754
vt 0.186646 1.789185
vt 0.231384 1.789185
vt 0.186646 1.850708
vt 0.186646 1.822754
vt 0.231384 1.850708
vt 0.231384 1.822754
vt 0.231384 1.822754
vt 0.231384 1.710388
vt 0.186646 1.822754
vt 0.186646 1.710388
vt 0.186646 1.710388
vt 0.186646 1.687988
vt 0.231384 1.710388
vt 0.231384 1.687988
vt 0.186646 1.768005
vt 0.231384 1.768005
vt 0.186646 1.710388
vt 0.231384 1.710388
vt 0.186646 1.710388
vt 0.186646 1.768005
vt 0.109009 1.710388
vt 0.186646 1.822754
vt 0.186646 1.789185
vt 0.231384 1.710388
vt 0.231384 1.768005
vt 0.186646 1.710388
vt 0.186646 1.768005
vt 0.231384 1.789185
vt 0.186646 1.789185
vt 0.231384 1.822754
vt 0.186646 1.822754
vt 0.338196 1.850647
vt 0.330078 1.849365
vt 0.337463 1.878418
vt 0.329163 1.885986
vt 0.338196 1.850647
vt 0.346497 1.799500
vt 0.330078 1.849365
vt 0.340210 1.790833
vt 0.409180 1.848938
vt 0.418884 1.849731
vt 0.408447 1.876709
vt 0.417969 1.886353
vt 0.337463 1.878418
vt 0.409668 1.878662
vt 0.338196 1.850647
vt 0.410400 1.850891
vt 0.417969 1.886353
vt 0.418884 1.849731
vt 0.409668 1.878662
vt 0.410400 1.850891
vt 0.329163 1.885986
vt 0.330078 1.849365
vt 0.338989 1.876404
vt 0.339722 1.848633
vt 0.340210 1.790833
vt 0.347656 1.798401
vt 0.410400 1.850891
vt 0.418884 1.849731
vt 0.402405 1.799744
vt 0.408936 1.791077
vt 0.409180 1.848938
vt 0.401367 1.798645
vt 0.410400 1.850891
vt 0.402405 1.799744
vt 0.338196 1.850647
vt 0.346497 1.799500
vt 0.408936 1.791077
vt 0.340210 1.790833
vt 0.401367 1.798645
vt 0.347656 1.798401
vt 0.409180 1.848938
vt 0.339722 1.848633
vt 0.408447 1.876709
vt 0.338989 1.876404
vt 0.417969 1.886353
vt 0.329163 1.885986
vt 0.409668 1.878662
vt 0.337463 1.878418
vt 0.409180 1.848938
vt 0.339722 1.848633
vt 0.408447 1.876709
vt 0.338989 1.876404
vt 0.401367 1.798645
vt 0.347656 1.798401
vt 0.409180 1.848938
vt 0.339722 1.848633
vt 0.410400 1.850891
vt 0.338196 1.850647
vt 0.402405 1.799744
vt 0.346497 1.799500
vt 0.410400 1.850891
vt 0.409668 1.878662
vt 0.338196 1.850647
vt 0.337463 1.878418
vt 0.410400 1.850891
vt 0.418884 1.849731
vt 0.409668 1.878662
vt 0.417969 1.886353
vt 0.340210 1.790833
vt 0.346497 1.799500
vt 0.330078 1.849365
vt 0.338196 1.850647
vt 0.408447 1.876709
vt 0.338989 1.876404
vt 0.417969 1.886353
vt 0.329163 1.885986
vt 0.329163 1.885986
vt 0.338989 1.876404
vt 0.330078 1.849365
vt 0.339722 1.848633
vt 0.330078 1.849365
vt 0.339722 1.848633
vt 0.340210 1.790833
vt 0.347656 1.798401
vt 0.338196 1.850647
vt 0.337463 1.878418
vt 0.330078 1.849365
vt 0.329163 1.885986
vt 0.409668 1.878662
vt 0.417969 1.886353
vt 0.347656 1.798401
vt 0.401367 1.798645
vt 0.340210 1.790833
vt 0.408936 1.791077
vt 0.409180 1.848938
vt 0.418884 1.849731
vt 0.408447 1.876709
vt 0.417969 1.886353
vt 0.340210 1.790833
vt 0.408936 1.791077
vt 0.346497 1.799500
vt 0.402405 1.799744
vt 0.418884 1.849731
vt 0.410400 1.850891
vn -0.3915 -0.0039 -0.9202
vn -0.3907 -0.0038 -0.9205
vn -0.3741 -0.0037 -0.9274
vn -0.0001 1.0000 0.0007
vn -0.0000 1.0000 0.0005
vn -0.0003 1.0000 0.0008
vn -0.9240 -0.3816 0.0258
vn -0.9337 -0.2251 0.2785
vn -0.9691 -0.2465 0.0117
vn -0.9985 0.0480 -0.0262
vn -0.9984 0.0446 -0.0336
vn -0.9976 0.0556 -0.0416
vn -0.0014 -0.9956 0.0934
vn -0.0014 -0.9958 0.0920
vn -0.0000 -0.9959 0.0909
vn -0.0000 -1.0000 -0.0011
vn 0.0001 -1.0000 -0.0011
vn -0.6486 -0.3531 0.6742
vn -0.6917 -0.2077 0.6917
vn -0.8254 -0.2098 0.5241
vn -0.9947 -0.0598 -0.0834
vn -0.9994 -0.0250 -0.0259
vn -0.9986 -0.0034 0.0523
vn 0.1581 -0.0014 0.9874
vn 0.4341 -0.0042 0.9009
vn 0.4125 -0.0037 0.9109
vn -0.9806 -0.1051 -0.1656
vn -0.9694 -0.0880 -0.2290
vn -0.9856 -0.0937 -0.1405
vn 1.0000 -0.0029 0.0090
vn 1.0000 -0.0032 0.0079
vn 0.9999 -0.0045 0.0121
vn 1.0000 -0.0005 -0.0035
vn 1.0000 -0.0006 -0.0037
vn 1.0000 -0.0069 -0.0042
vn 0.9240 -0.3816 0.0258
vn 0.9691 -0.2465 0.0117
vn 0.9337 -0.2251 0.2785
vn 0.9974 0.0531 0.0490
vn 0.9975 0.0432 0.0568
vn 0.9973 0.0543 0.0486
vn 0.0014 -0.9956 0.0934
vn 0.0013 -0.9957 0.0931
vn 0.0000 -0.9950 0.0996
vn -0.9857 -0.0937 -0.1404
vn -0.9947 -0.0597 -0.0834
vn -0.9960 -0.0465 -0.0763
vn 1.0000 -0.0079 0.0030
vn 1.0000 -0.0046 0.0084
vn 0.9999 -0.0076 0.0075
vn 0.9999 -0.0163 -0.0042
vn 0.9999 -0.0145 -0.0054
vn 0.9999 -0.0128 -0.0065
vn -0.0000 0.3348 0.9423
vn 0.0031 0.3362 0.9418
vn 0.0000 0.3352 0.9421
vn 0.0201 0.3503 0.9364
vn 0.9974 0.0625 0.0371
vn 0.9978 0.0632 0.0206
vn 1.0000 -0.0006 -0.0035
vn 1.0000 -0.0002 -0.0035
vn 1.0000 -0.0005 -0.0033
vn 0.0002 0.9961 0.0887
vn -0.0000 0.9865 0.1637
vn 0.0012 0.8542 0.5200
vn -0.0000 0.8535 0.5211
vn 0.0000 0.1507 0.9886
vn 0.0000 0.1514 0.9885
vn -0.0001 0.1514 0.9885
vn -0.0006 0.1521 0.9884
vn 0.6231 0.0004 -0.7822
vn 0.6246 0.0001 -0.7809
vn 0.6262 -0.0001 -0.7796
vn 1.0000 -0.0029 0.0091
vn 1.0000 -0.0020 0.0088
vn 0.0000 -1.0000 0.0000
vn 1.0000 -0.0067 -0.0018
vn 0.9999 -0.0098 -0.0058
vn 1.0000 -0.0018 -0.0004
vn 1.0000 0.0000 0.0000
vn 0.0007 -0.0000 1.0000
vn 0.0009 -0.0000 1.0000
vn 0.0587 -0.0005 0.9983
vn 0.0000 1.0000 0.0000
vn 0.0045 1.0000 -0.0001
vn 0.0054 1.0000 -0.0001
vn 0.0000 0.3233 0.9463
vn 0.0000 0.3352 0.9422
vn 0.0342 0.3347 0.9417
vn 0.0822 0.3939 0.9155
vn 0.0122 0.4610 0.8873
vn 0.2145 0.5106 -0.8326
vn 0.2103 0.3215 -0.9233
vn -0.0000 0.5971 -0.8022
vn 0.0000 0.4383 -0.8988
vn 0.2086 0.7381 -0.6416
vn 0.0000 0.7994 -0.6008
vn 0.1925 0.8756 -0.4430
vn -0.0000 0.9181 -0.3964
vn 0.1755 0.9421 -0.2858
vn -0.0000 0.9570 -0.2902
vn 0.2636 0.2466 -0.9326
vn 0.2614 0.0993 -0.9601
vn 0.3481 -0.0239 -0.9372
vn 0.3098 0.8374 -0.4504
vn 0.3137 0.7337 -0.6027
vn 0.3140 0.9084 -0.2761
vn -0.0000 1.0000 -0.0049
vn -0.0008 1.0000 -0.0012
vn -0.0011 1.0000 -0.0004
vn -0.0008 1.0000 0.0005
vn -0.0005 1.0000 0.0007
vn -0.0007 1.0000 0.0005
vn 0.1187 -0.2278 -0.9665
vn 0.0000 -0.1409 -0.9900
vn 0.1048 -0.0341 -0.9939
vn 0.0000 -0.0308 -0.9995
vn 0.9999 -0.0083 -0.0063
vn 0.9998 -0.0093 -0.0186
vn 0.9995 -0.0103 -0.0308
vn -0.0053 0.0004 -1.0000
vn -0.0053 0.0002 -1.0000
vn 0.1257 0.0000 -0.9921
vn 0.3741 -0.0037 -0.9274
vn 0.0093 1.0000 -0.0002
vn 0.2260 -0.9733 -0.0409
vn 0.2260 -0.9733 -0.0410
vn -0.0574 0.9978 0.0332
vn -0.0000 0.9999 0.0130
vn -0.0254 0.9996 0.0130
vn -0.0000 1.0000 -0.0026
vn -0.9541 0.2923 0.0653
vn -0.9593 0.2725 0.0736
vn -0.9648 0.2493 0.0833
vn 0.9980 0.0636 -0.0020
vn 0.9978 0.0657 0.0091
vn 0.9973 0.0626 0.0371
vn 0.2629 -0.7069 -0.6566
vn 0.2033 -0.6872 -0.6974
vn 0.4043 -0.4194 -0.8128
vn 0.2793 -0.4073 -0.8695
vn -0.0897 -0.9076 -0.4101
vn -0.0000 -0.9147 -0.4041
vn -0.0882 -0.9112 -0.4025
vn -0.0000 -0.9179 -0.3968
vn -0.9969 -0.0347 -0.0701
vn -0.9960 -0.0465 -0.0762
vn 0.1252 -0.2620 -0.9569
vn 0.0000 -0.2608 -0.9654
vn 0.1187 -0.2278 -0.9664
vn 0.1253 -0.2620 -0.9569
vn 0.1209 0.3694 -0.9214
vn -0.0000 0.3731 -0.9278
vn -0.1783 -0.8294 -0.5294
vn -0.2171 -0.9545 -0.2044
vn -0.3448 -0.8296 -0.4392
vn -0.3896 -0.9175 -0.0800
vn 0.0000 -0.8160 0.5781
vn -0.2161 -0.8498 0.4807
vn -0.0000 -0.9713 0.2380
vn -0.1904 -0.9741 0.1221
vn -0.0000 -0.5856 0.8106
vn -0.1943 -0.6244 0.7566
vn -0.2035 -0.3463 0.9158
vn -0.3861 -0.4284 0.8170
vn -0.3636 -0.6489 0.6684
vn -0.2035 -0.3464 0.9157
vn -0.0000 -0.3267 0.9451
vn -0.8071 -0.3646 -0.4644
vn -0.7845 -0.5266 -0.3274
vn -0.8961 -0.4163 -0.1537
vn -0.8315 -0.5311 -0.1629
vn -0.4032 -0.1232 0.9068
vn -0.7027 -0.1119 0.7027
vn -0.4470 -0.2017 0.8715
vn -0.0041 -0.9880 0.1544
vn -0.0020 -0.9876 0.1570
vn -0.0000 -0.9872 0.1595
vn 0.9976 0.0557 -0.0416
vn 0.9985 0.0480 -0.0262
vn -0.9479 -0.1118 -0.2983
vn -0.9442 -0.2183 -0.2468
vn -0.9928 -0.1118 -0.0428
vn -0.9691 -0.2464 0.0116
vn -0.9701 -0.1118 0.2156
vn -0.9337 -0.2251 0.2784
vn -0.8812 -0.1118 0.4593
vn -0.8254 -0.2098 0.5242
vn -0.2414 -0.1672 0.9559
vn -0.3004 -0.1665 0.9392
vn 0.0000 0.4573 0.8893
vn 0.0109 0.4452 0.8954
vn 0.0000 0.4453 0.8954
vn 0.0000 0.4315 0.9021
vn -0.6279 -0.1095 -0.7706
vn -0.6629 -0.2618 -0.7014
vn -0.8384 -0.1118 -0.5335
vn -0.8608 -0.2051 -0.4658
vn -0.8961 -0.4163 -0.1538
vn -0.9441 -0.2184 -0.2468
vn -0.8394 -0.3299 0.4319
vn -0.9006 -0.3300 0.2828
vn -0.6487 -0.3531 0.6742
vn -0.8394 -0.3299 0.4318
vn -0.6630 -0.2618 -0.7014
vn -0.6394 -0.3576 -0.6806
vn -0.8315 -0.5311 -0.1628
vn -0.8770 -0.4767 -0.0596
vn -0.4359 -0.2420 -0.8668
vn -0.3480 -0.0239 -0.9372
vn -0.2632 -0.1767 -0.9484
vn -0.2614 0.0993 -0.9601
vn -0.0000 -0.6890 -0.7248
vn -0.0000 -0.6890 -0.7247
vn 0.0000 -0.6231 0.7821
vn 0.0020 -0.9876 0.1570
vn 0.0041 -0.9880 0.1544
vn -0.9985 0.0481 -0.0262
vn -1.0000 -0.0002 0.0019
vn -0.9999 -0.0086 0.0065
vn -0.9999 -0.0128 -0.0065
vn -0.9999 -0.0145 -0.0054
vn -0.9999 -0.0163 -0.0042
vn -0.0031 0.3362 0.9418
vn -0.0201 0.3503 0.9364
vn -0.0002 0.9961 0.0887
vn -0.0012 0.8542 0.5200
vn 0.0006 0.1521 0.9884
vn -0.6231 0.0004 -0.7822
vn -0.6246 0.0000 -0.7809
vn -0.6246 0.0001 -0.7809
vn -0.6262 -0.0001 -0.7796
vn -1.0000 0.0000 0.0000
vn -1.0000 -0.0079 0.0030
vn -1.0000 -0.0018 -0.0004
vn -1.0000 -0.0067 -0.0018
vn -0.0007 -0.0000 1.0000
vn -0.0587 -0.0005 0.9983
vn -0.0009 -0.0000 1.0000
vn -0.1581 -0.0014 0.9874
vn -0.3916 -0.0039 -0.9201
vn -0.3923 -0.0040 -0.9198
vn -0.1257 0.0000 -0.9921
vn -0.0054 1.0000 -0.0001
vn -0.0045 1.0000 -0.0001
vn -0.2103 0.3215 -0.9233
vn -0.2145 0.5106 -0.8326
vn -0.2636 0.2466 -0.9326
vn -0.3481 -0.0239 -0.9372
vn -0.3291 0.5804 -0.7449
vn -0.2146 0.5106 -0.8326
vn -0.3137 0.7337 -0.6027
vn -0.2086 0.7381 -0.6416
vn 0.0014 1.0000 -0.0012
vn 0.0008 1.0000 -0.0012
vn 0.0007 1.0000 0.0006
vn 0.0009 1.0000 0.0006
vn 0.0008 1.0000 0.0005
vn -0.9999 -0.0083 -0.0063
vn -0.9998 -0.0093 -0.0186
vn -0.9995 -0.0103 -0.0308
vn 0.0053 0.0004 -1.0000
vn -0.1257 -0.0010 -0.9921
vn 0.0053 0.0002 -1.0000
vn -0.0093 1.0000 -0.0002
vn -0.0053 -0.0010 1.0000
vn -0.0054 -0.0008 1.0000
vn -0.1462 0.0000 0.9893
vn -0.4125 -0.0038 0.9110
vn -0.2260 -0.9733 -0.0409
vn -0.2260 -0.9733 -0.0410
vn 0.0574 0.9978 0.0332
vn 0.0254 0.9996 0.0130
vn -0.0000 0.9999 0.0133
vn 0.9541 0.2923 0.0653
vn 0.9593 0.2725 0.0736
vn 0.9648 0.2493 0.0833
vn -0.3895 -0.9175 -0.0800
vn -0.3583 -0.9058 0.2261
vn 0.0897 -0.9076 -0.4101
vn 0.0882 -0.9112 -0.4025
vn -0.1209 0.3694 -0.9214
vn -0.1253 -0.2620 -0.9569
vn 0.3480 -0.0239 -0.9372
vn 0.2632 -0.1767 -0.9484
vn 0.4359 -0.2420 -0.8668
vn 0.8770 -0.4767 -0.0596
vn 0.8961 -0.4163 -0.1538
vn 0.8315 -0.5311 -0.1628
vn 0.8071 -0.3646 -0.4644
vn 0.9442 -0.2183 -0.2468
vn 0.8608 -0.2051 -0.4658
vn 0.6394 -0.3576 -0.6806
vn 0.6630 -0.2618 -0.7014
vn 0.0000 -0.2385 0.9711
vn 0.2414 -0.1672 0.9559
vn 0.2035 -0.3463 0.9158
vn 0.9441 -0.2184 -0.2468
vn -0.0109 0.4452 0.8954
vn 0.6629 -0.2618 -0.7014
vn 0.4359 -0.2420 -0.8669
vn 0.6279 -0.1095 -0.7705
vn 0.4032 -0.1232 0.9068
vn 0.4470 -0.2017 0.8715
vn 0.7027 -0.1119 0.7027
vn 0.6917 -0.2077 0.6917
vn 0.8315 -0.5311 -0.1629
vn 0.7845 -0.5266 -0.3274
vn 0.8961 -0.4163 -0.1537
vn -0.2632 -0.1766 -0.9484
vn -0.2793 -0.4073 -0.8695
vn -0.4359 -0.2420 -0.8669
vn -0.4043 -0.4195 -0.8128
vn -0.3860 -0.4284 0.8170
vn 0.3636 -0.6489 0.6684
vn 0.2162 -0.8498 0.4807
vn 0.3696 -0.8155 0.4455
vn 0.3583 -0.9058 0.2262
vn -0.0000 -0.9712 0.2381
vn -0.0000 -0.9838 -0.1791
vn 0.3896 -0.9175 -0.0800
vn 0.2171 -0.9545 -0.2044
vn 0.3448 -0.8296 -0.4392
vn 0.1783 -0.8294 -0.5294
vn -0.0000 -0.8324 -0.5541
vn 0.2629 -0.7070 -0.6566
vn 0.2032 -0.6872 -0.6974
vn 0.0000 -0.8324 -0.5542
vn 0.0000 -0.7579 -0.6524
vn 0.1943 -0.6244 0.7566
vn 0.3861 -0.4284 0.8170
vn 0.2161 -0.8498 0.4807
vn 0.3860 -0.4284 0.8170
vn 0.6487 -0.3530 0.6742
vn 0.8254 -0.2098 0.5241
vn 0.2632 -0.1766 -0.9484
vn 0.4043 -0.4195 -0.8128
vn 0.8254 -0.2098 0.5242
vn 0.8812 -0.1118 0.4593
vn 0.9701 -0.1118 0.2156
vn 0.9928 -0.1118 -0.0428
vn 0.9479 -0.1118 -0.2983
vn 0.8384 -0.1118 -0.5335
vn 0.6279 -0.1095 -0.7706
vn 0.2035 -0.3464 0.9158
vn 0.3004 -0.1665 0.9392
vn 0.9006 -0.3300 0.2828
vn 0.8394 -0.3299 0.4319
vn 0.6487 -0.3531 0.6742
vn 0.0014 -0.9958 0.0920
vn 0.0011 -0.9957 0.0931
vn 0.0010 -0.9957 0.0924
vn 0.9999 -0.0086 0.0065
vn 1.0000 -0.0002 0.0019
vn 0.9984 0.0446 -0.0336
vn 0.9976 0.0556 -0.0416
vn -0.0004 1.0000 0.0009
vn 0.0001 1.0000 0.0007
vn -0.0002 1.0000 0.0004
vn 0.0003 1.0000 0.0008
vn 0.1257 -0.0010 -0.9921
vn 0.3923 -0.0040 -0.9198
vn 0.3915 -0.0039 -0.9202
vn 0.3907 -0.0038 -0.9205
vn 0.0053 -0.0010 1.0000
vn 0.1462 -0.0020 0.9893
vn 0.0054 -0.0008 1.0000
vn 0.4125 -0.0037 0.9110
vn 0.3291 0.5804 -0.7449
vn 0.1904 -0.9741 0.1221
vn 0.3583 -0.9058 0.2261
vn 0.3895 -0.9175 -0.0800
vn 0.2171 -0.9545 -0.2043
vn 0.2035 -0.3464 0.9157
vn -0.3583 -0.9058 0.2262
vn -0.3696 -0.8155 0.4455
vn -0.2032 -0.6872 -0.6974
vn -0.6279 -0.1095 -0.7705
vn -0.2033 -0.6872 -0.6974
vn -0.4043 -0.4194 -0.8128
vn -0.2629 -0.7069 -0.6566
vn -0.0010 -0.9957 0.0931
vn -0.0013 -0.9956 0.0934
vn -0.0010 -0.9957 0.0924
vn -0.9976 0.0557 -0.0416
vn -0.9980 0.0636 -0.0020
vn -0.9978 0.0657 0.0091
vn -0.9978 0.0632 0.0206
vn -0.9974 0.0626 0.0371
vn -0.9973 0.0543 0.0486
vn -0.9974 0.0531 0.0490
vn -0.9975 0.0432 0.0568
vn 0.9960 -0.0465 -0.0763
vn 0.9856 -0.0937 -0.1404
vn 0.9947 -0.0597 -0.0834
vn 0.9806 -0.1051 -0.1656
vn 0.9694 -0.0880 -0.2290
vn -1.0000 -0.0029 0.0090
vn -1.0000 -0.0046 0.0084
vn -0.9999 -0.0076 0.0075
vn -0.9999 -0.0098 -0.0058
vn -1.0000 -0.0005 -0.0033
vn -1.0000 -0.0005 -0.0035
vn -1.0000 -0.0002 -0.0035
vn -1.0000 -0.0006 -0.0037
vn -1.0000 -0.0069 -0.0042
vn 0.0004 1.0000 0.0009
vn 0.0002 1.0000 0.0004
vn -1.0000 -0.0029 0.0091
vn -1.0000 -0.0020 0.0088
vn -1.0000 -0.0032 0.0079
vn -0.9999 -0.0045 0.0121
vn -0.1462 -0.0020 0.9893
vn -0.4125 -0.0037 0.9110
vn -0.4341 -0.0042 0.9009
vn -0.0342 0.3347 0.9417
vn -0.0822 0.3939 0.9155
vn -0.0122 0.4610 0.8873
vn -0.1755 0.9421 -0.2858
vn -0.1925 0.8756 -0.4430
vn -0.3098 0.8374 -0.4504
vn -0.3140 0.9084 -0.2761
vn -0.1048 -0.0341 -0.9939
vn -0.1187 -0.2278 -0.9664
vn -0.1252 -0.2620 -0.9569
vn 0.9960 -0.0465 -0.0762
vn 0.9947 -0.0598 -0.0834
vn 0.9969 -0.0347 -0.0701
vn 0.9993 -0.0250 -0.0260
vn 0.9986 -0.0034 0.0523
vn 0.6886 0.6204 0.3755
vn 0.7555 0.6360 0.1573
vn 0.6218 0.7353 0.2698
vn -0.0000 -0.5762 -0.8173
vn 0.0000 -0.3372 -0.9414
vn -0.0000 -0.6750 -0.7379
vn -0.9999 0.0136 0.0021
vn 0.5623 0.8094 -0.1696
vn 0.6690 0.6901 -0.2760
vn 0.5305 0.7601 -0.3752
vn 0.6217 0.7353 0.2698
vn 0.6516 0.7585 0.0098
vn 0.7767 0.6252 0.0768
vn 0.0000 -0.6891 -0.7247
vn -0.0000 -1.0000 -0.0012
vn 0.4664 0.6604 -0.5885
vn 0.6052 0.6486 -0.4615
vn 0.0021 -0.9876 0.1571
vn 0.0043 -0.9880 0.1546
vn 0.5815 0.5209 0.6249
vn 0.6927 0.5562 0.4591
vn 0.6070 0.6484 0.4596
vn 0.6885 0.6204 0.3756
vn -0.0000 -0.6749 -0.7379
vn 0.0000 -0.8489 -0.5285
vn -0.0000 -0.9200 -0.3920
vn -0.0000 -1.0000 0.0020
vn -0.0000 -0.9999 -0.0124
vn 0.0000 -1.0000 0.0021
vn 0.6306 0.5036 -0.5905
vn 0.7155 0.5886 -0.3764
vn 0.7767 0.6251 0.0769
vn 0.7816 0.6066 -0.1456
vn 0.5733 0.8193 -0.0000
vn 0.5623 0.8094 0.1695
vn -0.9999 0.0159 -0.0007
vn -0.9999 0.0145 -0.0034
vn -0.9999 0.0141 -0.0023
vn 0.5623 0.8094 -0.1695
vn 0.5292 0.7602 0.3768
vn 0.4789 0.5960 0.6446
vn 0.4997 0.4939 0.7116
vn 0.8415 0.5288 -0.1108
vn 0.7638 0.5916 -0.2582
vn 0.7815 0.6066 -0.1456
vn 0.7155 0.5886 -0.3763
vn 0.6307 0.5036 -0.5904
vn 0.5637 0.5023 -0.6557
vn 0.5309 0.5233 -0.6665
vn -0.9997 0.0240 -0.0085
vn -0.9999 0.0142 -0.0023
vn -0.9945 0.0791 0.0693
vn -0.9999 0.0135 0.0021
vn -0.9999 0.0152 0.0068
vn -0.9999 0.0099 0.0104
vn -0.9999 0.0115 0.0091
vn -1.0000 -0.0056 -0.0081
vn 0.0000 -0.9988 -0.0497
vn 0.0000 -0.8490 -0.5284
vn 0.6886 0.6203 0.3756
vn 0.6070 0.6484 0.4595
vn 0.5623 0.8094 0.1696
vn -0.6690 0.6901 -0.2760
vn -0.7155 0.5886 -0.3764
vn -0.7638 0.5916 -0.2583
vn -0.6886 0.6204 0.3755
vn -0.6217 0.7353 0.2698
vn -0.7555 0.6360 0.1573
vn -0.4664 0.6604 -0.5885
vn -0.5309 0.5233 -0.6665
vn -0.5637 0.5023 -0.6557
vn -0.5815 0.5209 0.6249
vn -0.4997 0.4939 0.7116
vn -0.4789 0.5960 0.6446
vn -0.5293 0.7602 0.3768
vn -0.5623 0.8094 0.1696
vn -0.6218 0.7353 0.2698
vn -0.5623 0.8094 -0.1696
vn -0.5305 0.7601 -0.3752
vn -0.0043 -0.9880 0.1546
vn -0.0021 -0.9876 0.1571
vn -0.7638 0.5916 -0.2582
vn -0.7815 0.6066 -0.1456
vn -0.8415 0.5287 -0.1108
vn -0.6052 0.6486 -0.4615
vn -0.6306 0.5036 -0.5905
vn 0.9999 0.0148 -0.0028
vn 0.9997 0.0244 -0.0030
vn 0.9998 0.0177 -0.0029
vn 0.9984 0.0501 0.0280
vn 0.9945 0.0791 0.0693
vn -0.6885 0.6204 0.3756
vn -0.6927 0.5562 0.4591
vn -0.6070 0.6484 0.4595
vn -0.6307 0.5036 -0.5905
vn -0.7155 0.5886 -0.3763
vn -0.7767 0.6252 0.0768
vn -0.6516 0.7585 0.0098
vn -0.7816 0.6066 -0.1456
vn -0.5292 0.7602 0.3768
vn -0.6070 0.6484 0.4596
vn -0.6886 0.6204 0.3756
vn -0.5733 0.8193 0.0000
vn 0.9999 0.0159 0.0012
vn 0.9999 0.0107 0.0005
vn 0.9999 0.0138 0.0071
vn 0.9999 0.0159 0.0013
vn 0.9999 0.0099 0.0104
vn 1.0000 0.0023 -0.0002
vn 1.0000 -0.0056 -0.0081
vn -0.0001 -0.5762 -0.8173
vn -0.0001 -0.8490 -0.5284
vn -1.0000 -0.0018 -0.0045
vn -1.0000 -0.0020 -0.0044
vn -1.0000 -0.0021 -0.0057
vn 1.0000 -0.0018 -0.0045
vn 1.0000 -0.0021 -0.0057
vn 1.0000 -0.0020 -0.0044
vn 0.0000 -0.9831 0.1831
vn 0.0335 -0.9651 0.2597
vn 0.0000 -0.9029 0.4299
vn 0.0065 -0.8684 0.4958
vn 0.0000 -0.9966 -0.0819
vn 0.0837 -0.9965 -0.0051
vn 0.1063 -0.9797 -0.1702
vn 0.0000 -0.9855 -0.1696
vn 0.9996 -0.0087 -0.0272
vn 0.9996 -0.0054 -0.0272
vn 1.0000 -0.0026 -0.0081
vn 1.0000 -0.0015 -0.0047
vn 0.0053 0.3074 0.9516
vn 0.0000 0.3074 0.9516
vn 0.0000 0.3160 -0.9488
vn 0.0000 0.3186 -0.9479
vn -0.0034 0.3191 -0.9477
vn -0.0004 0.3213 -0.9470
vn 0.0065 -0.8684 0.4959
vn -0.0000 -0.8260 0.5637
vn -0.0145 -0.8311 0.5560
vn 0.0000 -0.1822 -0.9833
vn 0.1520 -0.1800 -0.9719
vn -0.0007 0.9983 0.0578
vn -0.0000 0.9988 0.0489
vn 0.0083 0.9988 0.0489
vn 0.0000 0.9992 0.0400
vn -0.0000 0.9768 -0.2141
vn 0.0331 0.9603 -0.2769
vn 0.0000 0.9360 -0.3519
vn 0.0182 0.9381 -0.3459
vn 0.0000 0.9999 -0.0115
vn 0.0842 0.9944 -0.0635
vn 0.0331 0.9603 -0.2770
vn -0.0837 -0.9965 -0.0051
vn -0.1063 -0.9797 -0.1702
vn -0.9949 -0.0030 -0.1013
vn -0.9969 -0.0049 -0.0783
vn -0.9996 -0.0054 -0.0272
vn -0.9996 -0.0087 -0.0272
vn -0.9909 -0.0245 -0.1321
vn -0.9912 -0.0048 -0.1322
vn -0.9969 -0.0049 -0.0782
vn -0.1520 -0.1800 -0.9719
vn -0.0053 0.3074 0.9516
vn 0.0004 0.3213 -0.9470
vn 0.0033 0.3188 -0.9478
vn 0.0007 0.9983 0.0578
vn -0.0083 0.9988 0.0489
vn 0.1009 0.9936 0.0504
vn -0.0000 0.9987 0.0517
vn -0.0842 0.9944 -0.0635
vn -0.1009 0.9936 0.0504
vn 0.9969 -0.0049 -0.0782
vn 0.9949 -0.0030 -0.1013
vn 0.9912 -0.0048 -0.1322
vn 0.9909 -0.0245 -0.1321
vn 0.0145 -0.8311 0.5560
vn -0.0065 -0.8684 0.4959
vn -0.0335 -0.9651 0.2597
vn -1.0000 -0.0026 -0.0080
vn -1.0000 -0.0020 -0.0056
vn -1.0000 -0.0015 -0.0047
vn -0.0183 0.9381 -0.3459
vn -0.0331 0.9603 -0.2769
vn -0.0023 -0.9999 0.0131
vn 0.0036 -0.9999 0.0134
vn -0.0041 -0.9999 0.0101
vn 0.0128 -0.9999 0.0007
vn 0.0123 -0.9999 0.0045
vn 0.0121 -0.9999 0.0012
vn -0.4035 0.6300 0.6635
vn -0.5042 0.5815 0.6385
vn -0.4639 0.6892 0.5566
vn 0.0858 0.4983 -0.8627
vn 0.0984 0.3837 -0.9182
vn 0.0897 0.4233 -0.9015
vn -0.6527 0.3706 0.6608
vn -0.5900 0.0186 0.8072
vn -0.7998 0.0337 0.5994
vn 0.2025 0.1717 -0.9641
vn 0.1087 0.2337 -0.9662
vn -0.0169 0.9998 0.0076
vn -0.0129 0.9999 0.0107
vn -0.0047 1.0000 0.0039
vn -0.0042 1.0000 0.0060
vn -0.9987 0.0000 -0.0507
vn -0.9790 0.0073 -0.2037
vn -0.8728 0.0043 -0.4880
vn -0.7534 -0.0126 -0.6575
vn 0.4730 0.1015 0.8752
vn 0.7244 0.1428 0.6745
vn 0.4906 0.1179 0.8634
vn 0.7508 0.1551 0.6421
vn 0.9015 0.1562 -0.4035
vn 0.8579 0.1563 -0.4894
vn 0.7341 0.1558 -0.6609
vn -0.9654 -0.0000 0.2607
vn -0.9886 -0.0000 0.1508
vn -0.9790 0.0055 -0.2037
vn -0.5413 -0.0372 -0.8400
vn -0.5679 -0.0544 -0.8213
vn -0.8802 0.2329 0.4136
vn -0.8835 0.2341 0.4058
vn -0.8870 0.2353 0.3974
vn 0.8689 0.4474 0.2117
vn 0.8390 0.5078 0.1956
vn 0.8702 0.4470 0.2072
vn 0.8088 0.5590 0.1829
vn 0.7544 0.6350 0.1663
vn 0.8389 0.5079 0.1956
vn -0.8272 -0.0118 0.5618
vn -0.9654 0.0000 0.2606
vn 0.9264 0.1557 0.3429
vn 0.9503 0.1557 0.2696
vn 0.9825 0.1562 0.1013
vn 0.9877 0.1562 0.0051
vn -0.3312 0.3967 0.8561
vn -0.6225 0.0587 0.7804
vn -0.4242 0.0221 0.9053
vn -0.8910 0.0000 0.4540
vn -0.8517 0.2409 0.4654
vn -0.9806 0.1674 0.1015
vn -0.9753 0.1824 0.1247
vn -0.9709 0.0022 0.2396
vn -0.7961 0.2007 0.5709
vn -0.8094 0.0001 0.5872
vn -0.2112 0.4913 0.8450
vn -0.1033 0.4797 0.8713
vn -0.1251 0.3123 0.9417
vn -0.9807 0.1674 0.1015
vn -0.9919 0.0690 -0.1066
vn -0.9709 0.0023 0.2396
vn 0.0128 -0.9999 -0.0031
vn 0.0125 -0.9999 -0.0018
vn 0.0122 -0.9999 0.0012
vn -0.7961 0.2008 0.5709
vn 0.0114 -0.9999 0.0069
vn 0.0067 -1.0000 0.0053
vn 0.0097 -0.9999 0.0051
vn 0.0113 -0.9999 0.0069
vn 0.0022 -0.9999 -0.0104
vn 0.0139 -0.9999 -0.0068
vn -0.0089 -0.9999 0.0137
vn -0.0134 -0.9999 0.0032
vn 0.0036 -0.9999 0.0133
vn -0.0089 -0.9999 0.0138
vn -0.0133 -0.9999 0.0032
vn 0.9737 0.1557 -0.1664
vn 0.9578 0.1557 -0.2416
vn 0.8580 0.1563 -0.4894
vn 0.9877 0.1563 0.0051
vn -0.6284 -0.0799 0.7738
vn -0.1374 0.0124 0.9904
vn 0.7243 0.1428 0.6745
vn -0.0043 1.0000 0.0060
vn 0.0209 0.2705 0.9625
vn 0.2161 -0.0135 0.9763
vn 0.1848 -0.0132 0.9827
vn 0.2506 -0.0679 0.9657
vn 0.2834 -0.0142 0.9589
vn -0.1113 -0.3522 0.9293
vn -0.1174 -0.3702 0.9215
vn -0.1173 -0.3480 0.9301
vn -0.1274 -0.3998 0.9077
vn -0.1162 -0.5193 0.8467
vn -0.0526 -0.9983 0.0253
vn -0.0090 -0.9999 0.0126
vn -0.0204 -0.9996 0.0210
vn -0.0017 -1.0000 0.0063
vn 0.1239 0.1335 -0.9833
vn 0.3022 0.1502 -0.9413
vn 0.4818 0.1618 -0.8612
vn 0.5746 0.1563 -0.8034
vn -0.0127 -0.9999 0.0007
vn -0.0121 -0.9999 0.0012
vn -0.0124 -0.9999 0.0045
vn -0.2506 -0.0679 0.9657
vn -0.2834 -0.0142 0.9589
vn -0.2161 -0.0135 0.9763
vn 0.4035 0.6300 0.6635
vn 0.4639 0.6892 0.5566
vn 0.5042 0.5815 0.6385
vn 0.1162 -0.5193 0.8466
vn 0.1174 -0.3702 0.9215
vn 0.1274 -0.3998 0.9077
vn -0.0859 0.4983 -0.8627
vn -0.0897 0.4233 -0.9015
vn -0.0984 0.3837 -0.9182
vn 0.6526 0.3707 0.6608
vn 0.7998 0.0337 0.5994
vn 0.5901 0.0186 0.8071
vn 0.0043 1.0000 0.0060
vn 0.0129 0.9999 0.0107
vn 0.0047 1.0000 0.0039
vn 0.0169 0.9998 0.0076
vn 0.8802 0.2329 0.4136
vn 0.8835 0.2341 0.4058
vn 0.8870 0.2353 0.3973
vn -0.8088 0.5590 0.1829
vn -0.8390 0.5078 0.1956
vn -0.8702 0.4470 0.2072
vn -0.8690 0.4473 0.2117
vn -0.7544 0.6351 0.1663
vn -0.7544 0.6350 0.1663
vn 0.1174 -0.3480 0.9301
vn 0.1113 -0.3521 0.9293
vn 0.6284 -0.0798 0.7738
vn 0.5900 0.0186 0.8072
vn 0.8272 -0.0118 0.5618
vn -0.1848 -0.0132 0.9827
vn -0.0209 0.2705 0.9625
vn 0.8094 0.0000 0.5873
vn 0.9709 0.0023 0.2396
vn 0.7961 0.2008 0.5709
vn 0.9753 0.1824 0.1247
vn 0.2112 0.4912 0.8450
vn 0.3312 0.3967 0.8561
vn 0.1033 0.4797 0.8713
vn 0.1251 0.3123 0.9417
vn 0.9806 0.1674 0.1015
vn 0.9753 0.1825 0.1247
vn 0.9919 0.0690 -0.1066
vn 0.9807 0.1674 0.1015
vn 0.8517 0.2409 0.4654
vn 0.7961 0.2007 0.5709
vn -0.0067 -1.0000 0.0053
vn -0.0097 -0.9999 0.0051
vn -0.0113 -0.9999 0.0069
vn 0.0041 -0.9999 0.0101
vn 0.0090 -0.9999 0.0127
vn 0.0204 -0.9996 0.0210
vn 0.0526 -0.9983 0.0253
vn 0.0023 -0.9999 0.0131
vn 0.0017 -1.0000 0.0063
vn -0.2025 0.1717 -0.9641
vn -0.3022 0.1502 -0.9413
vn -0.4818 0.1618 -0.8612
vn -0.5746 0.1563 -0.8033
vn -0.7508 0.1551 0.6421
vn -0.7243 0.1428 0.6745
vn -0.4905 0.1179 0.8634
vn -0.4729 0.1014 0.8753
vn 0.1374 0.0125 0.9904
vn 0.4242 0.0218 0.9053
vn 0.6224 0.0587 0.7805
vn 0.4242 0.0221 0.9053
vn -0.7341 0.1558 -0.6609
vn -0.5746 0.1563 -0.8034
vn -0.4817 0.1618 -0.8612
vn -0.8580 0.1563 -0.4894
vn -0.9015 0.1562 -0.4035
vn -0.9578 0.1557 -0.2416
vn -0.9737 0.1557 -0.1663
vn -0.9877 0.1563 0.0051
vn -0.9825 0.1562 0.1013
vn -0.9503 0.1557 0.2697
vn -0.9264 0.1557 0.3429
vn -0.7244 0.1428 0.6745
vn 0.9987 0.0000 -0.0506
vn 0.8728 0.0043 -0.4881
vn 0.9790 0.0055 -0.2037
vn 0.7534 -0.0126 -0.6575
vn 0.5413 -0.0372 -0.8400
vn 0.5679 -0.0544 -0.8213
vn 0.9886 -0.0000 0.1508
vn 0.9987 0.0000 -0.0507
vn 0.9654 -0.0000 0.2607
vn 0.8272 -0.0119 0.5618
vn 0.8910 0.0000 0.4540
vn -0.0125 -0.9999 -0.0018
vn -0.0128 -0.9999 -0.0031
vn -0.0139 -0.9999 -0.0068
vn -0.0022 -0.9999 -0.0104
vn 0.0133 -0.9999 0.0034
vn 0.0089 -0.9999 0.0136
vn 0.0023 -0.9999 0.0132
vn -0.0036 -0.9999 0.0134
vn -0.1087 0.2337 -0.9662
vn -0.1239 0.1335 -0.9833
vn -0.3022 0.1501 -0.9413
vn 0.9798 0.0979 0.1744
vn 0.9995 -0.0259 0.0206
vn 0.9980 -0.0534 0.0337
vn -0.9892 -0.1211 0.0831
vn -0.9923 -0.1119 0.0539
vn -0.9927 -0.1173 0.0263
vn -0.9751 0.1980 0.0997
vn -0.9980 -0.0534 0.0337
vn -0.9995 -0.0259 0.0206
vn 0.0594 0.0351 0.9976
vn 0.0554 -0.3268 0.9435
vn 0.0040 -0.3740 0.9274
vn 1.0000 -0.0058 0.0053
vn 0.9999 -0.0084 0.0065
vn 1.0000 -0.0072 0.0039
vn -0.0992 -0.9951 -0.0047
vn -0.0000 -0.9993 0.0381
vn -0.3978 -0.7496 0.5291
vn 0.4204 -0.5044 0.7542
vn 0.4402 -0.5113 0.7381
vn 0.2913 -0.5560 0.7785
vn 0.3234 -0.5530 0.7679
vn -0.0000 -0.9019 -0.4319
vn 0.0000 -0.9634 -0.2682
vn 0.0195 -0.9179 -0.3964
vn 0.0075 -0.9620 -0.2730
vn -0.0540 -0.9857 0.1594
vn -0.0209 -0.9374 -0.3477
vn 0.0550 -0.9560 -0.2882
vn -0.0073 -0.6837 -0.7297
vn 0.0840 0.9964 0.0117
vn 0.1316 0.9835 -0.1241
vn -0.0000 0.9998 0.0214
vn 0.0000 0.9927 -0.1207
vn 0.8440 0.4266 0.3252
vn 0.8134 0.4704 0.3422
vn 0.9873 0.0713 0.1420
vn 0.9625 -0.0327 0.2694
vn 0.9965 0.0785 0.0292
vn 0.9987 0.0405 0.0312
vn 0.9213 0.3876 0.0297
vn -0.0516 -0.1950 0.9794
vn -0.0339 -0.5995 0.7996
vn -0.0000 -0.5954 0.8034
vn 0.0599 -0.9936 0.0960
vn -0.0000 -0.8826 0.4702
vn -0.0559 -0.8924 0.4478
vn -0.9997 -0.0249 -0.0044
vn -0.9998 -0.0187 -0.0014
vn -0.9998 -0.0212 -0.0011
vn -0.9999 -0.0097 0.0026
vn 0.0000 0.7825 0.6226
vn -0.0387 0.7640 0.6440
vn -0.0000 0.7646 0.6445
vn -0.0791 0.7426 0.6651
vn 0.9351 -0.2060 0.2885
vn 0.9526 -0.0488 0.3002
vn 0.8134 0.4703 0.3422
vn 0.3808 -0.6776 0.6292
vn 0.3403 -0.6965 0.6317
vn 0.4008 -0.5692 0.7179
vn 0.3473 -0.5612 0.7513
vn 0.9923 0.0432 0.1162
vn 0.9995 0.0299 0.0068
vn 0.9914 0.0463 0.1228
vn 0.9965 0.0543 -0.0643
vn 0.9913 0.0463 0.1228
vn 0.9862 0.0510 0.1574
vn 0.9863 0.0507 0.1571
vn 0.5675 -0.4711 -0.6753
vn 0.4464 -0.5414 -0.7124
vn 0.3570 -0.5835 -0.7294
vn 0.4750 -0.3310 0.8154
vn 0.5476 -0.3141 0.7755
vn -0.0517 -0.1951 0.9794
vn -0.0458 -0.0086 0.9989
vn -0.0204 0.0017 0.9998
vn 0.9798 0.0980 0.1744
vn 0.1060 0.6756 -0.7296
vn 0.0000 0.6592 -0.7520
vn 0.1371 0.7463 -0.6513
vn 0.0000 0.7676 -0.6409
vn 0.0000 0.8852 0.4651
vn -0.0000 0.8538 0.5206
vn 0.1277 0.9148 0.3832
vn 0.1415 0.8675 0.4768
vn 0.0000 0.5874 -0.8093
vn -0.0602 0.6203 -0.7820
vn -0.0000 0.6214 -0.7835
vn -0.1189 0.6493 -0.7512
vn 0.0779 0.9958 -0.0475
vn 0.1018 0.9814 -0.1627
vn 0.1223 0.9168 -0.3803
vn 0.1095 0.9245 -0.3652
vn -0.0000 0.2243 0.9745
vn -0.0000 0.2238 0.9746
vn -0.1017 0.2227 0.9696
vn -0.1011 0.2222 0.9697
vn 0.0000 -0.6128 0.7902
vn 0.1027 -0.6096 0.7860
vn 0.9929 -0.0218 0.1172
vn 0.9931 -0.0349 0.1121
vn 0.9905 -0.0561 0.1254
vn 0.9905 -0.0844 0.1087
vn -0.0000 -0.9752 -0.2214
vn 0.0000 -0.9769 -0.2135
vn 0.0219 -0.9767 -0.2134
vn -0.0000 -0.9781 -0.2084
vn -0.0000 0.9492 0.3148
vn -0.0150 0.9515 0.3073
vn 0.0000 0.9101 0.4144
vn 0.0007 0.9164 0.4002
vn -0.0255 0.9669 -0.2537
vn -0.0000 0.9676 -0.2526
vn -0.0263 0.9672 -0.2525
vn 0.0000 0.9679 -0.2513
vn 0.0000 -0.4369 -0.8995
vn 0.0000 -0.4309 -0.9024
vn 0.0073 -0.4307 -0.9024
vn 0.0142 -0.4248 -0.9052
vn 0.9929 -0.0218 0.1171
vn 0.9970 0.0297 0.0711
vn 0.9946 0.0637 0.0816
vn -0.0239 0.6283 0.7776
vn -0.0000 0.6237 0.7816
vn 0.0000 -0.5987 0.8010
vn 0.0000 -0.6063 0.7952
vn 0.0075 -0.9620 -0.2729
vn 0.9911 0.0593 0.1196
vn 0.8680 0.4215 0.2626
vn -0.0021 -0.3358 0.9419
vn -0.0000 -0.4337 0.9010
vn -0.0294 -0.4335 0.9007
vn -0.0000 -0.5125 0.8587
vn -0.9234 0.2844 0.2578
vn -0.9392 0.2595 0.2247
vn -0.9581 0.2242 0.1781
vn 0.0030 0.8591 -0.5118
vn -0.0311 0.7938 -0.6074
vn -0.0000 0.7942 -0.6077
vn 0.0000 0.7031 -0.7111
vn -0.0000 0.8538 0.5205
vn 0.1345 0.7995 0.5855
vn -0.0000 0.7742 0.6330
vn 0.1073 0.6656 0.7385
vn -0.0000 0.6006 0.7995
vn 0.0570 0.6735 0.7370
vn 0.0000 0.7336 0.6795
vn -0.9994 -0.0260 0.0206
vn -0.9965 0.0785 0.0292
vn -0.9946 0.0732 0.0736
vn -0.9969 0.0671 0.0413
vn 0.2958 -0.9496 -0.1035
vn -0.0000 -0.9764 -0.2158
vn 0.0956 -0.9802 -0.1735
vn -0.0000 -0.9751 -0.2218
vn 0.0000 0.7677 -0.6408
vn 0.1223 0.9167 -0.3803
vn 0.1372 0.7463 -0.6513
vn 0.1095 0.9245 -0.3651
vn -0.0000 0.9633 0.2684
vn 0.0360 0.9640 0.2636
vn -0.0000 0.9998 0.0215
vn -0.1372 0.7463 -0.6513
vn -0.1223 0.9167 -0.3803
vn -0.1095 0.9245 -0.3651
vn -0.0360 0.9640 0.2636
vn -0.0840 0.9964 0.0117
vn -0.1316 0.9835 -0.1241
vn -0.3234 -0.5530 0.7679
vn -0.4402 -0.5113 0.7381
vn -0.2913 -0.5560 0.7785
vn -0.4204 -0.5044 0.7542
vn -0.0195 -0.9179 -0.3964
vn -0.0075 -0.9620 -0.2730
vn -0.9910 0.0593 0.1196
vn -0.8680 0.4215 0.2626
vn -0.9828 0.1106 0.1477
vn -0.8885 0.4236 0.1765
vn -0.9625 -0.0327 0.2694
vn -0.8134 0.4703 0.3422
vn -0.9873 0.0713 0.1420
vn -0.8440 0.4266 0.3252
vn -0.9987 0.0405 0.0312
vn -0.9213 0.3876 0.0297
vn 0.0339 -0.5995 0.7996
vn 0.9997 -0.0249 -0.0044
vn 0.9998 -0.0212 -0.0011
vn 0.9998 -0.0187 -0.0014
vn 0.9999 -0.0097 0.0026
vn 0.0387 0.7640 0.6440
vn 0.0791 0.7426 0.6651
vn 0.9999 -0.0097 0.0025
vn -0.0000 -0.8719 -0.4896
vn -0.0383 -0.8822 -0.4693
vn -0.9351 -0.2060 0.2885
vn -0.9526 -0.0488 0.3002
vn -0.8134 0.4704 0.3422
vn -0.1073 0.6656 0.7386
vn -0.1438 0.6656 0.7324
vn -0.0570 0.6735 0.7370
vn -0.0515 0.7725 0.6329
vn 0.0000 -0.9313 -0.3643
vn -0.0587 -0.9108 -0.4087
vn -0.9773 -0.1446 0.1546
vn -0.3472 -0.5612 0.7513
vn -0.3403 -0.6965 0.6317
vn -0.4008 -0.5692 0.7179
vn -0.3808 -0.6776 0.6292
vn -0.9965 0.0543 -0.0643
vn -0.9995 0.0299 0.0068
vn -0.9914 0.0463 0.1228
vn -0.9923 0.0432 0.1162
vn -0.9862 0.0510 0.1574
vn -0.9913 0.0463 0.1228
vn -0.9863 0.0507 0.1571
vn -0.5675 -0.4711 -0.6753
vn -0.4464 -0.5414 -0.7124
vn -0.3570 -0.5835 -0.7294
vn -0.3473 -0.5612 0.7513
vn -0.4750 -0.3310 0.8154
vn -0.5476 -0.3141 0.7755
vn -0.9974 0.0636 0.0336
vn -0.9980 0.0593 0.0222
vn -0.1060 0.6756 -0.7296
vn -0.1371 0.7463 -0.6513
vn 0.0602 0.6203 -0.7820
vn 0.1189 0.6493 -0.7512
vn 0.1011 0.2222 0.9697
vn 0.1017 0.2227 0.9696
vn -0.1027 -0.6096 0.7860
vn -0.9929 -0.0218 0.1172
vn -0.9905 -0.0561 0.1254
vn -0.9931 -0.0349 0.1121
vn -0.9905 -0.0844 0.1087
vn -0.0219 -0.9767 -0.2134
vn 0.0000 -0.9781 -0.2083
vn -0.0007 0.9164 0.4002
vn 0.0150 0.9515 0.3073
vn 0.0255 0.9669 -0.2537
vn 0.0263 0.9672 -0.2525
vn -0.0142 -0.4248 -0.9052
vn -0.0073 -0.4308 -0.9024
vn -0.9929 -0.0218 0.1171
vn -0.9970 0.0297 0.0711
vn -0.9946 0.0637 0.0816
vn 0.0239 0.6283 0.7776
vn -0.9987 0.0404 0.0312
vn -0.9911 0.0593 0.1196
vn -0.1345 0.7995 0.5855
vn -0.1817 0.7600 0.6240
vn -0.1073 0.6656 0.7385
vn 0.0021 -0.3358 0.9419
vn 0.0294 -0.4335 0.9007
vn 0.9234 0.2844 0.2578
vn 0.9392 0.2595 0.2247
vn 0.9581 0.2242 0.1781
vn 0.0311 0.7938 -0.6074
vn -0.0030 0.8591 -0.5118
vn -0.1415 0.8675 0.4768
vn 0.0000 0.8588 -0.5123
vn -0.0956 -0.9802 -0.1735
vn -0.2958 -0.9496 -0.1035
vn 0.0507 0.9797 0.1941
vn 0.0516 0.9593 0.2775
vn 0.1032 0.9211 0.3754
vn 0.1278 0.9148 0.3832
vn 0.0149 -0.9432 -0.3320
vn 0.0371 -0.9482 -0.3155
vn -0.2353 0.8181 0.5248
vn -0.0371 -0.9482 -0.3155
vn -0.0149 -0.9432 -0.3320
vn -0.0204 0.0016 0.9998
vn 0.0595 0.0351 0.9976
vn 0.0675 -0.8122 0.5794
vn 0.1031 0.9211 0.3754
vn 0.2353 0.8181 0.5248
vn 0.1817 0.7600 0.6240
vn 0.9910 0.0593 0.1196
vn 0.9828 0.1106 0.1477
vn 0.8885 0.4236 0.1764
vn 0.9987 0.0404 0.0312
vn 0.9214 0.3876 0.0296
vn -1.0000 -0.0072 0.0039
vn -0.9999 -0.0097 0.0025
vn -1.0000 -0.0058 0.0053
vn -0.9999 -0.0084 0.0065
vn 0.0587 -0.9108 -0.4087
vn 0.0383 -0.8822 -0.4693
vn 0.0000 0.7558 0.6548
vn 0.0515 0.7725 0.6329
vn -0.0000 0.7337 0.6795
vn 0.0569 0.6735 0.7370
vn 0.1437 0.6655 0.7324
vn 0.9773 -0.1446 0.1546
vn 0.9874 -0.1582 0.0101
vn 0.9928 -0.1173 0.0262
vn 0.9892 -0.1211 0.0831
vn 0.9828 0.1106 0.1476
vn 0.9980 0.0593 0.0222
vn 0.9969 0.0671 0.0413
vn 0.9974 0.0636 0.0336
vn 0.9946 0.0732 0.0736
vn 0.9994 -0.0260 0.0206
vn 0.9922 -0.1120 0.0539
vn -0.1095 0.9245 -0.3652
vn -0.1018 0.9814 -0.1627
vn -0.1223 0.9168 -0.3803
vn -0.0779 0.9958 -0.0475
vn -0.0507 0.9797 0.1941
vn -0.0517 0.9593 0.2775
vn -0.1032 0.9211 0.3754
vn -0.1278 0.9148 0.3832
vn 0.0073 -0.6837 -0.7297
vn 0.0299 -0.9668 -0.2538
vn 0.0634 -0.9612 0.2686
vn 0.0559 -0.8924 0.4478
vn -0.9214 0.3876 0.0296
vn -0.8885 0.4236 0.1764
vn -0.9828 0.1106 0.1476
vn -0.9773 -0.1446 0.1547
vn -0.9874 -0.1582 0.0101
vn -0.1031 0.9211 0.3754
vn -0.0075 -0.9620 -0.2729
vn 0.0992 -0.9951 -0.0047
vn 0.3978 -0.7496 0.5291
vn -0.0569 0.6735 0.7370
vn -0.5955 -0.8031 0.0202
vn -0.5616 -0.8272 -0.0199
vn -0.6726 -0.7384 -0.0483
vn -0.7279 0.0329 0.6849
vn -0.7503 0.0660 0.6578
vn -0.7329 -0.1437 0.6650
vn 0.7288 0.6664 0.1574
vn 0.7495 0.6169 0.2400
vn 0.7210 0.6765 0.1503
vn 0.0391 -0.6014 0.7980
vn 0.0208 -0.6042 0.7965
vn 0.7070 -0.6348 -0.3118
vn 0.6703 -0.6316 -0.3896
vn 0.6758 -0.6420 -0.3621
vn -0.4223 0.7367 -0.5281
vn 0.4724 0.3576 -0.8056
vn -0.3406 -0.1081 -0.9340
vn -0.4523 -0.8361 0.3105
vn 0.6682 -0.7282 -0.1527
vn -0.4369 -0.8204 0.3689
vn 0.7502 -0.4915 0.4423
vn 0.3754 0.1555 0.9137
vn 0.5590 -0.0165 0.8290
vn 0.8356 -0.4726 0.2801
vn 0.6179 -0.6564 -0.4328
vn 0.7421 -0.6355 -0.2131
vn 0.0446 -0.4500 -0.8919
vn 0.0448 -0.4496 -0.8921
vn 0.7422 -0.6354 -0.2131
vn -0.5674 0.0255 -0.8230
vn -0.3863 -0.1402 -0.9117
vn 0.0445 -0.4500 -0.8919
vn -0.0451 0.4492 0.8923
vn -0.0450 0.4492 0.8923
vn -0.6227 0.6518 0.4329
vn -0.7479 0.6332 0.1995
vn -0.5674 0.0254 -0.8230
vn -0.8356 0.4726 -0.2801
vn 0.4110 0.7957 0.4449
vn -0.6476 0.7084 0.2808
vn -0.6226 0.6519 0.4329
vn -0.7478 0.6332 0.1995
vn -0.8940 0.3510 -0.2786
vn -0.8218 0.5559 -0.1250
vn -0.8167 0.4979 -0.2918
vn -0.7723 0.6227 -0.1259
vn -0.8364 0.2658 -0.4793
vn -0.8939 0.3511 -0.2786
vn -0.9047 0.1620 -0.3940
vn -0.7932 0.0640 -0.6056
vn -0.7008 -0.1179 -0.7035
vn -0.8466 -0.0201 -0.5319
vn -0.7303 -0.1811 -0.6587
vn 0.6080 -0.5576 0.5651
vn 0.6656 -0.5924 0.4538
vn 0.6218 -0.5468 0.5607
vn 0.6714 -0.5658 0.4786
vn 0.6872 -0.6972 -0.2041
vn 0.7271 -0.6766 -0.1163
vn 0.7612 0.6438 0.0784
vn 0.7531 0.6537 0.0740
vn 0.7374 0.6678 0.1010
vn 0.7374 0.6645 0.1210
vn 0.5971 -0.5799 -0.5543
vn 0.6500 -0.6087 -0.4549
vn 0.6851 -0.6027 -0.4092
vn 0.6763 -0.6159 -0.4041
vn 0.7564 -0.6073 -0.2430
vn 0.8093 -0.5649 -0.1608
vn -0.3927 0.1556 -0.9064
vn -0.4578 0.3081 -0.8340
vn -0.3334 0.3488 -0.8759
vn -0.4125 0.4687 -0.7811
vn -0.5728 0.5953 -0.5636
vn -0.5843 0.4187 -0.6952
vn 0.0669 -0.6105 0.7892
vn 0.0459 -0.5743 0.8174
vn 0.1245 -0.4651 0.8765
vn 0.1677 -0.4672 0.8681
vn 0.3134 0.0712 0.9470
vn -0.4846 -0.7586 0.4355
vn -0.2247 0.4202 0.8792
vn -0.5368 -0.7188 0.4417
vn 0.3134 0.0711 0.9470
vn 0.8282 0.4923 0.2679
vn 0.7808 0.5779 0.2374
vn 0.8064 0.5388 0.2438
vn 0.7465 0.6090 0.2681
vn 0.3995 0.0932 0.9120
vn 0.3906 0.1995 0.8987
vn 0.5270 0.1705 0.8326
vn 0.5371 0.1435 0.8312
vn 0.2982 0.2176 0.9294
vn 0.2989 0.2118 0.9305
vn 0.2768 0.2232 0.9347
vn 0.1993 0.2862 0.9372
vn 0.5198 0.8445 0.1289
vn 0.5971 0.6910 0.4074
vn 0.6134 0.5410 0.5754
vn 0.5193 -0.6623 -0.5400
vn 0.6531 -0.6352 -0.4123
vn 0.6702 -0.6316 -0.3896
vn -0.1536 -0.2708 0.9503
vn 0.0653 -0.1285 0.9896
vn 0.0654 -0.1285 0.9896
vn 0.1684 -0.0574 0.9840
vn 0.1993 0.2861 0.9372
vn 0.5372 0.1435 0.8312
vn 0.6113 -0.0562 0.7894
vn 0.6113 -0.0563 0.7894
vn 0.7038 -0.0874 0.7050
vn 0.0392 -0.6014 0.7980
vn 0.0936 -0.6045 0.7911
vn 0.1374 -0.6105 0.7800
vn 0.0205 -0.6039 0.7968
vn 0.0823 -0.6262 0.7753
vn 0.1277 -0.6302 0.7658
vn 0.0936 -0.6044 0.7912
vn 0.8282 0.4923 0.2680
vn 0.7206 -0.6876 0.0895
vn 0.7714 -0.5999 0.2122
vn 0.7422 -0.6541 0.1462
vn 0.7904 -0.5302 0.3068
vn 0.7515 -0.2139 0.6241
vn 0.7037 -0.0874 0.7051
vn 0.7918 -0.2164 0.5712
vn 0.7420 0.6543 0.1462
vn 0.7359 0.6631 0.1371
vn 0.7375 0.6678 0.1010
vn 0.8533 -0.3460 -0.3902
vn 0.8860 -0.3309 -0.3249
vn 0.8859 -0.3309 -0.3250
vn 0.9214 -0.3083 -0.2368
vn 0.3263 0.0947 0.9405
vn 0.3237 0.0825 0.9425
vn 0.4651 -0.0271 0.8848
vn 0.8218 0.5558 0.1250
vn 0.8126 0.5759 0.0892
vn 0.8001 0.5980 0.0474
vn -0.7328 -0.1437 0.6651
vn -0.6372 -0.4645 0.6150
vn -0.5966 -0.6523 0.4675
vn 0.3070 -0.3411 0.8885
vn 0.2024 -0.2335 0.9511
vn 0.1451 -0.1658 0.9754
vn 0.1276 -0.1951 0.9724
vn 0.0953 -0.0531 0.9940
vn 0.1083 -0.0563 0.9925
vn 0.1083 -0.0564 0.9925
vn 0.1200 -0.0592 0.9910
vn 0.2024 -0.2334 0.9511
vn 0.3920 -0.4559 0.7991
vn 0.3948 -0.4559 0.7977
vn -0.6084 -0.6963 0.3808
vn -0.7603 0.5445 0.3543
vn -0.0093 -0.5205 -0.8538
vn -0.6193 -0.0732 -0.7817
vn -0.4223 0.7367 -0.5282
vn -0.8895 0.4386 -0.1279
vn -0.6217 0.7745 0.1169
vn -0.7489 0.6624 0.0184
vn 0.0459 -0.5743 0.8173
vn 0.0823 -0.6263 0.7753
vn -0.8895 0.4387 -0.1279
vn -0.7603 0.5444 0.3543
vn -0.3927 0.1555 -0.9064
vn -0.6039 0.1764 -0.7773
vn -0.4101 -0.0046 -0.9120
vn -0.2542 0.0470 -0.9660
vn -0.3068 -0.0898 -0.9475
vn -0.5179 -0.8196 0.2451
vn -0.5865 -0.7738 0.2391
vn 0.6054 0.0509 0.7943
vn 0.3133 0.0712 0.9470
vn -0.6252 -0.7167 0.3091
vn -0.7603 0.5445 0.3544
vn 0.9915 -0.1302 -0.0087
vn 0.6540 -0.6058 -0.4531
vn -0.6002 -0.2925 -0.7444
vn -0.5262 -0.1842 -0.8302
vn -0.4741 -0.3540 -0.8061
vn -0.4103 -0.2482 -0.8775
vn -0.8465 -0.0201 -0.5320
vn -0.6039 0.1763 -0.7773
vn -0.7212 0.4502 -0.5265
vn -0.8365 0.2658 -0.4793
vn 0.3133 0.0711 0.9470
vn 0.6682 -0.7282 -0.1526
vn -0.7083 0.5883 -0.3900
vn -0.7212 0.4503 -0.5264
vn -0.5727 0.5953 -0.5636
vn 0.6871 -0.6255 0.3696
vn 0.7477 -0.6080 0.2669
vn 0.7154 -0.6001 0.3579
vn 0.7549 -0.6519 0.0721
vn 0.3788 -0.5165 0.7679
vn 0.3829 -0.4820 0.7881
vn 0.3979 -0.5065 0.7649
vn 0.3760 -0.4307 0.8205
vn 0.3948 -0.4559 0.7976
vn -0.6686 -0.7435 0.0138
vn -0.6864 -0.7258 -0.0450
vn -0.7040 -0.7084 -0.0498
vn -0.6726 -0.7385 -0.0482
vn -0.6754 -0.7368 -0.0306
vn -0.6435 -0.7651 0.0222
vn -0.6685 -0.7435 0.0139
vn -0.5917 -0.8011 0.0906
vn -0.6435 -0.7609 0.0833
vn -0.7084 -0.7033 0.0592
vn 0.7210 0.6765 0.1502
vn 0.7339 0.6645 0.1407
vn 0.5440 -0.1578 0.8241
vn 0.6309 -0.1263 0.7655
vn 0.7515 -0.2140 0.6241
vn 0.8146 -0.4287 0.3908
vn 0.9905 0.1362 0.0175
vn 0.9931 0.0403 0.1103
vn 0.9129 -0.2167 0.3460
vn -0.0237 -0.3038 0.9524
vn -0.0096 -0.3128 0.9498
vn 0.0000 -0.3129 0.9498
vn 0.0000 -0.3241 0.9460
vn 0.0000 -0.8932 -0.4497
vn -0.0150 -0.8853 -0.4647
vn 0.0000 -0.8854 -0.4648
vn -0.0246 -0.8779 -0.4782
vn 0.0000 0.5924 -0.8056
vn -0.0058 0.5960 -0.8030
vn 0.0000 0.5960 -0.8030
vn -0.0118 0.5994 -0.8004
vn 0.0000 0.6825 0.7309
vn 0.0008 0.6874 0.7263
vn 0.0000 0.6874 0.7263
vn 0.0024 0.6919 0.7220
vn -0.9129 -0.2167 0.3460
vn -0.9931 0.0403 0.1103
vn -0.9905 0.1362 0.0175
vn 0.0237 -0.3038 0.9524
vn 0.0096 -0.3128 0.9498
vn 0.0246 -0.8779 -0.4782
vn 0.0150 -0.8853 -0.4647
vn 0.0118 0.5994 -0.8004
vn 0.0058 0.5960 -0.8030
vn -0.0024 0.6919 0.7220
vn -0.0008 0.6874 0.7263
vn -0.0000 0.8720 -0.4895
vn 0.0483 0.8661 -0.4975
vn 0.0000 0.7649 -0.6441
vn 0.1300 0.6134 -0.7790
vn 0.0000 0.3232 -0.9463
vn 0.0729 0.3266 -0.9423
vn 0.0000 -0.6870 0.7266
vn 0.0486 -0.6984 0.7141
vn 0.0000 -0.1626 0.9867
vn 0.2216 -0.1498 0.9636
vn 0.9995 -0.0017 0.0326
vn 0.9985 -0.0114 0.0538
vn 0.9986 0.0032 0.0520
vn 0.9974 -0.0306 0.0659
vn 0.0000 -0.9995 0.0304
vn 0.0000 -0.9995 0.0318
vn -0.0413 -0.9986 0.0319
vn -0.0477 -0.9983 0.0328
vn -0.0396 -0.7656 0.6421
vn 0.0487 -0.6984 0.7141
vn 0.0000 -0.7690 0.6393
vn 0.0000 -0.6870 0.7267
vn 0.0740 -0.0391 0.9965
vn 0.0059 -0.0233 0.9997
vn 0.0000 -0.0233 0.9997
vn 0.0000 -0.0105 0.9999
vn 0.9981 -0.0253 0.0555
vn 0.9970 -0.0136 0.0756
vn -0.0487 -0.6984 0.7141
vn -0.2216 -0.1498 0.9636
vn -0.9995 -0.0017 0.0326
vn -0.9986 0.0032 0.0520
vn -0.9985 -0.0114 0.0538
vn -0.9974 -0.0306 0.0659
vn 0.0477 -0.9983 0.0328
vn 0.0412 -0.9986 0.0319
vn 0.0396 -0.7656 0.6421
vn -0.0486 -0.6984 0.7141
vn -0.0740 -0.0391 0.9965
vn -0.0059 -0.0233 0.9997
vn -0.9985 -0.0115 0.0538
vn -0.9981 -0.0252 0.0556
vn -0.9971 -0.0137 0.0755
vn -0.0483 0.8661 -0.4975
vn -0.1300 0.6134 -0.7790
vn -0.0729 0.3266 -0.9423
vn 0.2047 -0.2686 0.9413
vn 0.2046 -0.2686 0.9413
vn -0.0197 0.2800 -0.9598
vn 0.9601 -0.1661 -0.2249
vn 0.9554 -0.2048 -0.2126
vn 0.9383 -0.2607 -0.2272
vn 0.8670 -0.4184 -0.2706
vn 0.1355 0.6120 0.7792
vn 0.1467 0.6132 0.7762
vn 0.1414 0.6654 0.7329
vn 0.1415 0.7145 0.6852
vn 0.9642 -0.1803 -0.1946
vn 0.9102 -0.2214 -0.3501
vn 0.1104 0.8559 0.5052
vn 0.1153 0.8193 0.5617
vn 0.1414 0.6654 0.7330
vn -0.9905 -0.0022 0.1372
vn -0.9919 -0.0293 0.1232
vn -0.9924 -0.0287 0.1196
vn -0.9968 -0.0145 0.0785
vn 0.8651 -0.2900 -0.4092
vn 0.9031 -0.2073 -0.3760
vn 0.1141 0.8859 0.4497
vn 0.1001 0.8865 0.4518
vn -0.9978 0.0155 0.0637
vn -0.9969 0.0357 0.0701
vn -0.9961 0.0440 0.0770
vn -0.9834 0.1441 0.1099
vn -0.9979 0.0154 0.0637
vn -0.9968 -0.0145 0.0784
vn -0.2047 -0.2667 0.9418
vn 0.0196 0.2781 -0.9604
vn 0.9978 0.0156 0.0637
vn 0.9961 0.0442 0.0769
vn 0.9969 0.0358 0.0700
vn 0.9834 0.1444 0.1096
vn 0.9905 -0.0018 0.1373
vn 0.9924 -0.0284 0.1196
vn 0.9919 -0.0290 0.1233
vn 0.9968 -0.0143 0.0785
vn -0.8652 -0.2907 -0.4086
vn -0.9031 -0.2080 -0.3756
vn -0.9101 -0.2221 -0.3497
vn -0.9601 -0.1665 -0.2246
vn -0.9383 -0.2611 -0.2266
vn -0.9554 -0.2053 -0.2122
vn -0.8670 -0.4189 -0.2697
vn -0.9554 -0.2052 -0.2122
vn -0.9642 -0.1807 -0.1943
vn -0.9101 -0.2221 -0.3498
vn 0.9979 0.0156 0.0636
vn -0.1141 0.8868 0.4479
vn -0.1104 0.8570 0.5034
vn -0.1001 0.8874 0.4500
vn -0.1153 0.8204 0.5601
vn -0.1415 0.7158 0.6838
vn -0.1414 0.6669 0.7316
vn -0.1467 0.6147 0.7750
vn -0.1355 0.6136 0.7779
vn -0.7263 0.6859 -0.0458
vn -0.7171 0.6950 -0.0525
vn -0.7626 0.6459 0.0366
vn -0.7376 0.6727 -0.0577
vn -0.7298 0.6804 -0.0666
vn -0.7284 0.6822 -0.0629
vn -0.8820 -0.3764 0.2836
vn -0.8549 -0.1380 0.5002
vn -0.8853 -0.1459 0.4416
vn -0.6588 -0.6590 -0.3630
vn -0.7186 -0.6238 -0.3074
vn -0.7840 -0.5722 -0.2408
vn -0.2100 0.0315 -0.9772
vn 0.2972 0.7595 -0.5787
vn 0.4959 -0.2124 -0.8420
vn -0.5252 0.2576 0.8110
vn -0.8845 -0.4320 0.1762
vn -0.6958 0.0789 0.7139
vn 0.7013 0.5734 0.4237
vn 0.6078 0.7292 0.3144
vn 0.0788 0.5118 0.8555
vn -0.3989 0.7681 0.5009
vn 0.5412 -0.6840 0.4892
vn 0.9100 0.4144 -0.0141
vn 0.5127 -0.6558 0.5541
vn 0.1443 -0.6107 -0.7786
vn 0.4440 -0.7923 0.4185
vn -0.6511 -0.7347 -0.1906
vn 0.3675 -0.8010 0.4725
vn -0.9522 0.0976 -0.2896
vn -0.8295 -0.4337 0.3519
vn -0.7335 0.1426 0.6645
vn -0.4724 0.1770 0.8634
vn -0.4723 0.1769 0.8635
vn -0.5505 -0.6944 -0.4633
vn -0.7107 -0.6485 -0.2726
vn 0.0999 -0.5443 -0.8329
vn 0.0997 -0.5439 -0.8332
vn 0.1001 -0.5444 -0.8328
vn 0.5359 -0.2423 -0.8088
vn 0.7033 -0.0694 -0.7075
vn -0.0994 0.5436 0.8334
vn -0.0995 0.5436 0.8334
vn 0.5139 -0.7481 0.4199
vn 0.7444 -0.1635 -0.6474
vn 0.9100 0.4144 -0.0142
vn 0.5551 0.6898 0.4648
vn 0.7186 0.6448 0.2605
vn -0.5811 -0.6461 -0.4949
vn 0.8845 0.4320 -0.1762
vn 0.9383 0.3108 -0.1515
vn 0.8687 0.4560 -0.1937
vn 0.8461 0.5319 -0.0357
vn 0.7994 0.5985 -0.0524
vn 0.9639 0.1102 -0.2424
vn 0.9145 0.2047 -0.3490
vn 0.8687 0.4560 -0.1936
vn 0.8885 -0.0094 -0.4588
vn 0.9145 0.2046 -0.3489
vn 0.9258 -0.0853 -0.3684
vn 0.6052 0.2112 -0.7676
vn 0.7355 0.0852 -0.6722
vn 0.5496 0.0522 -0.8338
vn 0.5632 -0.1078 -0.8192
vn 0.7818 0.5361 -0.3184
vn 0.8145 0.3838 -0.4350
vn -0.7129 -0.4872 0.5043
vn -0.7254 -0.4769 0.4964
vn -0.7511 -0.5335 0.3889
vn -0.7604 -0.5043 0.4093
vn -0.7140 -0.6790 -0.1709
vn -0.7510 -0.5336 0.3889
vn -0.6599 -0.7094 -0.2475
vn -0.7584 -0.5754 0.3061
vn -0.7834 -0.5513 0.2871
vn -0.7995 -0.5688 0.1931
vn -0.7742 -0.6277 0.0808
vn 0.5632 -0.1077 -0.8193
vn 0.4208 -0.0611 -0.9051
vn 0.4654 -0.1955 -0.8632
vn 0.5359 -0.2422 -0.8088
vn 0.7033 -0.0695 -0.7075
vn -0.5810 -0.6461 -0.4949
vn -0.6511 -0.7347 -0.1905
vn -0.9522 0.0975 -0.2896
vn 0.4913 0.2480 -0.8350
vn 0.5559 0.3770 -0.7409
vn 0.7085 0.3351 -0.6211
vn 0.6789 0.5252 -0.5131
vn -0.2210 -0.5201 0.8250
vn -0.2890 -0.3654 0.8848
vn -0.2043 -0.4811 0.8525
vn -0.3301 -0.3680 0.8692
vn -0.2774 -0.5416 0.7935
vn -0.2343 -0.5371 0.8103
vn 0.6129 0.7772 0.1424
vn 0.7522 0.6540 0.0804
vn -0.7647 0.6410 0.0655
vn -0.7939 0.6071 0.0327
vn -0.8214 0.5690 0.0384
vn -0.8483 0.5257 0.0632
vn -0.4502 0.3204 0.8334
vn -0.4299 0.3264 0.8418
vn -0.4513 0.3148 0.8350
vn -0.3524 0.3885 0.8514
vn -0.5107 0.8580 -0.0556
vn -0.6399 0.7364 0.2197
vn -0.6399 0.7364 0.2196
vn -0.6895 0.6058 0.3969
vn -0.6193 -0.6379 -0.4578
vn -0.5881 -0.6709 -0.4517
vn -0.6089 -0.6646 -0.4330
vn -0.4349 -0.7129 -0.5501
vn -0.3397 0.0519 0.9391
vn -0.2413 -0.0190 0.9703
vn -0.0229 -0.1667 0.9857
vn -0.7415 0.0356 0.6700
vn -0.6703 0.2381 0.7029
vn -0.1768 -0.5133 0.8398
vn -0.7625 0.6459 0.0366
vn -0.7439 -0.6675 0.0328
vn -0.7742 -0.6278 0.0808
vn -0.8131 -0.5664 0.1346
vn -0.8464 -0.4867 0.2164
vn 0.6498 -0.7451 0.1503
vn 0.6632 -0.7323 0.1546
vn 0.6819 -0.7156 0.1511
vn 0.6349 -0.7433 0.2108
vn -0.7810 -0.3792 -0.4963
vn -0.8241 -0.3568 -0.4399
vn -0.8738 -0.3243 -0.3622
vn -0.8153 0.5732 -0.0823
vn -0.7994 0.5891 -0.1178
vn -0.7792 0.6063 -0.1588
vn -0.7736 -0.6336 0.0059
vn 0.6081 -0.7637 0.2169
vn 0.5442 -0.7914 0.2784
vn 0.5976 -0.7528 0.2762
vn 0.6672 -0.6987 0.2580
vn -0.7376 0.6728 -0.0577
vn -0.5257 -0.3352 0.7818
vn -0.5283 -0.3897 0.7543
vn -0.5397 -0.4164 0.7317
vn -0.5217 -0.4262 0.7390
vn -0.2934 0.0505 0.9547
vn -0.2820 0.0534 0.9579
vn -0.2694 0.0567 0.9614
vn -0.8548 -0.1380 0.5002
vn 0.6819 -0.7157 0.1511
vn 0.1442 -0.6107 -0.7786
vn -0.6588 -0.6589 -0.3630
vn -0.6195 -0.6719 -0.4059
vn -0.5409 -0.3626 0.7589
vn -0.5384 -0.3624 0.7608
vn 0.2972 0.7595 -0.5786
vn -0.6119 -0.6506 -0.4499
vn -0.5769 -0.6492 -0.4957
vn -0.5067 -0.6318 -0.5866
vn 0.3796 -0.7106 0.5924
vn 0.4310 -0.6709 0.6035
vn -0.4723 0.1770 0.8635
vn 0.5127 -0.6558 0.5542
vn 0.3426 -0.7789 0.5253
vn -0.7335 0.1425 0.6645
vn -0.3990 0.7681 0.5009
vn 0.8291 -0.2582 -0.4960
vn 0.7130 -0.3772 -0.5910
vn 0.8097 -0.2000 -0.5517
vn 0.6582 -0.2782 -0.6996
vn 0.5980 -0.4440 -0.6672
vn 0.5506 -0.3461 -0.7597
vn 0.9146 0.2046 -0.3489
vn 0.8096 -0.2000 -0.5518
vn 0.5632 -0.1077 -0.8192
vn 0.7085 0.3352 -0.6211
vn -0.7284 0.6801 -0.0827
vn -0.7298 0.6804 -0.0665
vn -0.7249 0.6811 -0.1028
vn -0.7359 0.6644 -0.1304
vn -0.7450 0.6550 -0.1264
vn -0.2100 0.0314 -0.9772
vn 0.9100 0.4143 -0.0141
vn -0.1768 -0.5132 0.8398
vn -0.1767 -0.5131 0.8399
vn -0.1951 -0.5103 0.8376
vn -0.5504 0.1957 0.8117
vn -0.6598 0.2650 0.7032
vn -0.5363 0.2998 0.7890
vn -0.6703 0.2380 0.7029
vn -0.8185 -0.0038 0.5744
vn -0.2475 -0.5136 0.8216
vn -0.2889 -0.5205 0.8035
vn -0.2343 -0.5370 0.8104
vn -0.7585 -0.0366 0.6506
vn 0.6633 -0.7323 0.1545
vn 0.6496 -0.7415 0.1679
vn 0.5602 -0.8012 0.2104
vn 0.5331 -0.8292 0.1678
vn -0.6841 -0.0621 0.7267
vn -0.6135 0.0738 0.7862
vn -0.4814 0.1877 0.8562
vn -0.4833 0.1998 0.8524
vn 0.4872 -0.6025 0.6322
vn 0.6008 -0.0765 0.7958
vn 0.5065 -0.3999 0.7639
vn 0.5974 0.1012 0.7956
vn 0.6250 0.1310 0.7696
vn -0.3013 -0.0866 0.9496
vn -0.3723 -0.1264 0.9195
vn -0.3183 -0.0570 0.9463
vn -0.4672 -0.2394 0.8511
vn -0.0000 -0.7237 -0.6901
vn 0.0000 -0.6675 0.7446
vn 0.0000 -0.6676 0.7445
vn 0.0000 0.6812 -0.7321
vn -0.0000 0.8045 0.5939
vn 0.0000 0.6484 0.7613
vn 0.0000 0.7215 0.6924
vn -0.0000 0.8602 0.5100
vn 0.0000 0.8956 0.4449
vn -0.0001 0.8045 0.5940
vn -0.0000 0.9229 0.3850
vn -0.0000 0.8045 0.5940
vn 0.3536 -0.9329 -0.0684
vn 0.8629 0.0656 0.5012
vn 0.2385 -0.7940 0.5592
vn -0.2324 -0.0796 0.9694
vn 0.3536 -0.9329 -0.0683
vn 0.7027 -0.5857 -0.4040
vn 0.8629 0.0655 0.5012
vn 0.8761 0.2661 -0.4019
vn -0.2228 0.9613 -0.1622
vn -0.7389 -0.0786 -0.6692
vn -0.3209 0.9466 -0.0325
vn -0.8834 0.0717 0.4632
vn -0.4010 -0.8932 0.2035
vn -0.0237 -0.9293 -0.3685
vn -0.8834 0.0716 0.4632
vn -0.4010 -0.8932 0.2034
vn -0.0920 0.8780 0.4698
vn 0.0804 0.9947 0.0646
vn 0.8762 0.2661 -0.4019
vn 0.0586 0.9944 -0.0883
vn -0.0236 -0.9293 -0.3685
vn -0.7389 -0.0785 -0.6692
vn 0.2500 -0.7622 -0.5971
vn 0.1714 -0.0023 -0.9852
vn -0.2229 0.9613 -0.1621
vn 0.1030 0.9025 -0.4181
vn 0.2500 -0.7623 -0.5971
vn 0.1029 0.9026 -0.4181
vn 0.0585 0.9944 -0.0883
vn -0.2228 0.9613 -0.1621
vn 0.0804 0.9947 0.0647
vn -0.0919 0.8780 0.4697
vn 0.2386 -0.7939 0.5592
vn 0.2217 -0.9613 0.1637
vn -0.0800 -0.9947 -0.0652
vn 0.3207 -0.9465 0.0348
vn 0.0952 -0.8780 -0.4691
vn -0.1059 -0.9025 0.4174
vn -0.0591 -0.9944 0.0879
vn 0.2216 -0.9613 0.1637
vn 0.0211 0.9293 0.3687
vn -0.3540 0.9329 0.0659
vn -0.2542 0.7622 0.5953
vn -0.7055 0.5856 0.3991
vn 0.4025 0.8932 -0.2006
vn -0.2347 0.7940 -0.5609
vn 0.7342 0.0786 0.6743
vn 0.4025 0.8932 -0.2007
vn 0.8866 -0.0717 -0.4569
vn -0.8789 -0.2661 0.3958
vn -0.8594 -0.0655 -0.5072
vn -0.3541 0.9329 0.0659
vn 0.0952 -0.8780 -0.4690
vn 0.8866 -0.0716 -0.4570
vn 0.2391 0.0796 -0.9677
vn -0.8593 -0.0655 -0.5072
vn -0.0799 -0.9947 -0.0652
vn -0.8790 -0.2661 0.3958
vn -0.2346 0.7940 -0.5609
vn 0.4024 0.8932 -0.2007
vn 0.8866 -0.0717 -0.4570
vn -0.1059 -0.9026 0.4173
vn -0.1783 0.0022 0.9840
vn 0.2217 -0.9613 0.1636
vn 0.7342 0.0785 0.6743
vn -0.1783 0.0023 0.9840
vn -0.7055 0.5857 0.3991
vn -0.2541 0.7622 0.5953
usemtl mat0.401
s 1
f 9/15/7 10/16/8 11/17/9
f 12/18/10 13/19/11 14/20/12
f 15/21/13 16/22/14 17/23/15
f 18/24/16 19/25/17 20/26/18
f 21/27/19 22/28/20 23/29/21
f 24/30/22 25/31/23 26/32/22
f 27/33/24 28/34/25 29/35/26
f 30/36/27 31/37/28 32/38/29
f 33/39/30 34/40/31 35/41/32
f 36/42/33 37/43/34 38/44/35
f 39/45/36 40/46/37 41/47/38
f 42/48/39 43/49/40 44/50/41
f 45/51/42 46/52/43 47/53/44
f 48/54/45 49/55/46 50/56/47
f 51/57/48 52/58/49 53/59/50
f 54/60/33 55/61/51 56/62/52
f 56/62/52 55/61/51 57/63/53
f 58/64/54 59/65/55 60/66/56
f 60/66/56 59/65/55 61/67/36
f 62/68/57 63/69/58 64/70/58
f 64/70/58 63/69/58 65/71/59
f 66/72/60 67/73/61 68/74/62
f 68/74/62 67/73/61 69/75/63
f 70/76/45 71/77/47 72/78/64
f 72/78/64 71/77/47 73/79/65
f 74/80/40 75/81/66 76/82/67
f 76/82/67 75/81/66 77/83/68
f 78/84/69 79/85/70 80/86/71
f 80/86/71 79/85/70 81/87/72
f 82/88/73 83/89/74 84/90/75
f 84/90/75 83/89/74 85/91/76
f 86/92/77 87/93/78 88/94/78
f 88/94/78 87/93/78 89/95/79
f 90/96/37 91/97/80 92/98/81
f 92/98/81 91/97/80 93/99/55
f 94/100/82 95/101/82 96/102/82
f 96/102/82 95/101/82 97/103/82
f 98/104/83 99/105/84 100/106/54
f 100/106/54 99/105/84 101/107/55
f 102/108/83 103/109/54 104/110/85
f 104/110/85 103/109/54 105/111/86
f 106/112/86 107/113/86 108/114/86
f 108/114/86 107/113/86 109/115/86
f 110/116/87 111/117/88 112/118/89
f 112/118/89 111/117/88 113/119/30
f 114/120/90 115/121/91 116/122/90
f 116/122/90 115/121/91 117/123/92
f 118/124/93 119/125/94 120/126/95
f 120/126/95 119/125/94 121/127/63
f 122/128/95 123/129/63 124/130/96
f 124/130/96 123/129/63 125/131/97
f 126/132/98 127/133/99 128/134/100
f 128/134/100 127/133/99 129/135/101
f 130/136/98 131/137/100 132/138/102
f 132/138/102 131/137/100 133/139/103
f 134/140/102 135/141/103 136/142/104
f 136/142/104 135/141/103 137/143/105
f 138/144/104 139/145/105 140/146/106
f 140/146/106 139/145/105 141/147/107
f 142/148/99 143/149/108 144/150/109
f 144/150/109 143/149/108 145/151/110
f 146/152/104 147/153/111 148/154/102
f 148/154/102 147/153/111 149/155/112
f 150/156/106 151/157/113 152/158/104
f 152/158/104 151/157/113 153/159/111
f 154/160/114 155/161/115 156/162/90
f 156/162/90 155/161/115 157/163/116
f 158/164/116 159/165/117 160/166/90
f 160/166/90 159/165/117 161/167/118
f 162/168/90 163/169/119 164/170/90
f 164/170/90 163/169/119 165/171/116
f 166/172/120 167/173/121 168/174/122
f 168/174/122 167/173/121 169/175/123
f 170/176/124 171/177/125 172/178/125
f 172/178/125 171/177/125 173/179/126
f 174/180/127 175/181/128 176/182/129
f 176/182/129 175/181/128 177/183/130
f 178/184/131 179/185/131 180/186/91
f 180/186/91 179/185/131 181/187/92
f 182/188/132 183/189/132 184/190/132
f 184/190/132 183/189/132 185/191/133
f 186/192/90 187/193/115 188/194/90
f 188/194/90 187/193/115 189/195/90
f 190/196/134 191/197/135 192/198/136
f 192/198/136 191/197/135 193/199/137
f 194/200/138 195/201/139 196/202/139
f 196/202/139 195/201/139 197/203/140
f 198/204/141 199/205/142 200/206/65
f 200/206/65 199/205/142 201/207/143
f 202/208/144 203/209/145 204/210/146
f 204/210/146 203/209/145 205/211/147
f 206/212/148 207/213/149 208/214/150
f 208/214/150 207/213/149 209/215/151
f 210/216/28 211/217/27 212/218/152
f 212/218/152 211/217/27 213/219/153
f 214/220/154 215/221/155 216/222/156
f 216/222/156 215/221/155 217/223/121
f 218/224/157 219/225/158 220/226/155
f 220/226/155 219/225/158 221/227/159
f 222/228/160 223/229/161 224/230/162
f 224/230/162 223/229/161 225/231/163
f 226/232/164 227/233/165 228/234/166
f 228/234/166 227/233/165 229/235/167
f 230/236/168 231/237/169 232/238/164
f 232/238/164 231/237/169 233/239/165
f 234/240/170 235/241/171 236/242/169
f 236/242/169 235/241/171 237/243/172
f 238/244/169 239/245/168 240/246/173
f 240/246/173 239/245/168 241/247/174
f 242/248/175 243/249/176 244/250/177
f 244/250/177 243/249/176 245/251/178
f 246/252/179 247/253/180 248/254/181
f 248/254/181 247/253/180 249/255/25
f 250/256/182 251/257/183 252/258/183
f 252/258/183 251/257/183 253/259/184
f 254/260/185 255/261/186 256/262/141
f 256/262/141 255/261/186 257/263/142
f 258/264/187 259/265/188 260/266/189
f 260/266/189 259/265/188 261/267/190
f 262/268/189 263/269/15 264/270/191
f 264/270/191 263/269/15 265/271/14
f 266/272/191 267/273/192 268/274/193
f 268/274/193 267/273/192 269/275/194
f 270/276/193 271/277/26 272/278/180
f 272/278/180 271/277/26 273/279/25
f 274/280/181 275/281/195 276/282/179
f 276/282/179 275/281/195 277/283/196
f 278/284/197 279/285/198 280/286/199
f 280/286/199 279/285/198 281/287/200
f 282/288/201 283/289/202 284/290/203
f 284/290/203 283/289/202 285/291/204
f 286/292/203 287/293/204 288/294/187
f 288/294/187 287/293/204 289/295/188
f 290/296/13 291/297/15 292/298/205
f 292/298/205 291/297/15 293/299/206
f 294/300/207 295/301/192 296/302/208
f 296/302/208 295/301/192 297/303/13
f 298/304/209 299/305/26 300/306/210
f 300/306/210 299/305/26 301/307/14
f 302/308/204 303/309/211 304/310/175
f 304/310/175 303/309/211 305/311/212
f 306/312/205 307/313/188 308/314/175
f 308/314/175 307/313/188 309/315/204
f 310/316/213 311/317/214 312/318/205
f 312/318/205 311/317/214 313/319/13
f 314/320/215 315/321/216 316/322/217
f 316/322/217 315/321/216 317/323/218
f 318/324/22 319/325/22 320/326/22
f 320/326/22 319/325/22 321/327/22
f 322/328/219 323/329/220 324/330/219
f 324/330/219 323/329/220 325/331/219
f 326/332/221 327/333/221 328/334/221
f 328/334/221 327/333/221 329/335/221
f 330/336/184 331/337/222 332/338/222
f 332/338/222 331/337/222 333/339/223
f 334/340/17 335/341/224 336/342/225
f 336/342/225 335/341/224 337/343/226
f 338/344/227 339/345/228 340/346/228
f 340/346/228 339/345/228 341/347/229
f 342/348/60 343/349/62 344/350/230
f 344/350/230 343/349/62 345/351/231
f 346/352/232 347/353/233 348/354/70
f 348/354/70 347/353/233 349/355/72
f 350/356/73 351/357/74 352/358/74
f 352/358/74 351/357/74 353/359/234
f 354/360/235 355/361/236 356/362/237
f 356/362/237 355/361/236 357/363/238
f 358/364/82 359/365/82 360/366/82
f 360/366/82 359/365/82 361/367/82
f 362/368/239 363/369/240 364/370/241
f 364/370/241 363/369/240 365/371/242
f 366/372/239 367/373/239 368/374/239
f 368/374/239 367/373/239 369/375/239
f 370/376/243 371/377/244 372/378/245
f 372/378/245 371/377/244 373/379/246
f 374/380/247 375/381/9 376/382/248
f 376/382/248 375/381/9 377/383/249
f 378/384/250 379/385/251 380/386/90
f 380/386/90 379/385/251 381/387/90
f 382/388/101 383/389/252 384/390/100
f 384/390/100 383/389/252 385/391/253
f 386/392/252 387/393/218 388/394/254
f 388/394/254 387/393/218 389/395/255
f 390/396/256 391/397/257 392/398/254
f 392/398/254 391/397/257 393/399/252
f 394/400/258 395/401/259 396/402/256
f 396/402/256 395/401/259 397/403/257
f 398/404/260 399/405/261 400/406/90
f 400/406/90 399/405/261 401/407/114
f 402/408/262 403/409/263 404/410/90
f 404/410/90 403/409/263 405/411/260
f 406/412/90 407/413/264 408/414/90
f 408/414/90 407/413/264 409/415/262
f 410/416/265 411/417/266 412/418/266
f 412/418/266 411/417/266 413/419/267
f 414/420/268 415/421/269 416/422/270
f 416/422/270 415/421/269 417/423/9
f 418/424/271 419/425/251 420/426/271
f 420/426/271 419/425/251 421/427/250
f 422/428/272 423/429/273 424/430/274
f 424/430/274 423/429/273 425/431/275
f 426/432/276 427/433/276 428/434/276
f 428/434/276 427/433/276 429/435/277
f 430/436/90 431/437/90 432/438/261
f 432/438/261 431/437/90 433/439/90
f 434/440/278 435/441/279 436/442/280
f 436/442/280 435/441/279 437/443/137
f 438/444/281 439/445/282 440/446/282
f 440/446/282 439/445/282 441/447/283
f 442/448/284 443/449/167 444/450/285
f 444/450/285 443/449/167 445/451/165
f 446/452/286 447/453/287 448/454/149
f 448/454/149 447/453/287 449/455/151
f 450/456/159 451/457/288 452/458/155
f 452/458/155 451/457/288 453/459/289
f 454/460/221 455/461/221 456/462/221
f 456/462/221 455/461/221 457/463/221
f 458/464/219 459/465/219 460/466/220
f 460/466/220 459/465/219 461/467/219
f 462/468/109 463/469/290 464/470/291
f 464/470/291 463/469/290 465/471/292
f 466/472/42 467/473/293 468/474/294
f 468/474/294 467/473/293 469/475/295
f 470/476/294 471/477/296 472/478/297
f 472/478/297 471/477/296 473/479/298
f 474/480/299 475/481/300 476/482/296
f 476/482/296 475/481/300 477/483/298
f 478/484/301 479/485/174 480/486/302
f 480/486/302 479/485/174 481/487/303
f 482/488/304 483/489/43 484/490/294
f 484/490/294 483/489/43 485/491/42
f 486/492/197 487/493/199 488/494/305
f 488/494/305 487/493/199 489/495/200
f 490/496/306 491/497/307 492/498/308
f 492/498/308 491/497/307 493/499/290
f 494/500/309 495/501/310 496/502/311
f 496/502/311 495/501/310 497/503/312
f 498/504/313 499/505/314 500/506/315
f 500/506/315 499/505/314 501/507/296
f 502/508/316 503/509/317 504/510/318
f 504/510/318 503/509/317 505/511/319
f 506/512/320 507/513/181 508/514/24
f 508/514/24 507/513/181 509/515/25
f 510/516/321 511/517/322 512/518/323
f 512/518/323 511/517/322 513/519/324
f 514/520/325 515/521/167 516/522/326
f 516/522/326 515/521/167 517/523/161
f 515/521/167 518/524/284 517/523/161
f 519/525/327 520/526/328 521/527/329
f 521/527/329 520/526/328 522/528/330
f 520/526/328 523/529/326 522/528/330
f 522/528/330 523/529/326 524/530/331
f 525/531/329 526/532/330 527/533/332
f 527/533/332 526/532/330 528/534/333
f 526/532/330 529/535/334 528/534/333
f 528/534/333 529/535/334 530/536/335
f 531/537/303 532/538/336 533/539/337
f 533/539/337 532/538/336 534/540/321
f 532/538/336 535/541/338 534/540/321
f 536/542/339 537/543/340 538/544/310
f 538/544/310 537/543/340 539/545/312
f 537/543/340 540/546/341 539/545/312
f 541/547/342 542/548/307 543/549/147
f 543/549/147 542/548/307 544/550/343
f 542/548/307 545/551/300 544/550/343
f 544/550/343 545/551/300 546/552/299
f 547/553/312 548/554/344 549/555/311
f 549/555/311 548/554/344 550/556/345
f 548/554/344 551/557/44 550/556/345
f 550/556/345 551/557/44 552/558/346
f 551/557/44 553/559/43 552/558/346
f 552/558/346 553/559/43 554/560/347
f 553/559/43 555/561/297 554/560/347
f 554/560/347 555/561/297 556/562/348
f 555/561/297 557/563/298 556/562/348
f 556/562/348 557/563/298 558/564/349
f 557/563/298 559/565/306 558/564/349
f 558/564/349 559/565/306 560/566/350
f 561/567/337 562/568/310 563/569/351
f 563/569/351 562/568/310 564/570/302
f 562/568/310 565/571/309 564/570/302
f 564/570/302 565/571/309 566/572/352
f 567/573/42 568/574/44 569/575/353
f 569/575/353 568/574/44 570/576/354
f 568/574/44 571/577/341 570/576/354
f 570/576/354 571/577/341 572/578/355
f 573/579/22 574/580/22 575/581/22
f 575/581/22 574/580/22 576/582/22
f 574/580/22 577/583/22 576/582/22
f 578/584/21 579/585/356 580/586/48
f 580/586/48 579/585/356 581/587/357
f 579/585/356 582/588/358 581/587/357
f 583/589/359 584/590/186 585/591/360
f 585/591/360 584/590/186 586/592/361
f 584/590/186 587/593/362 586/592/361
f 588/594/363 589/595/364 590/596/365
f 590/596/365 589/595/364 591/597/11
f 589/595/364 592/598/366 591/597/11
f 593/599/365 594/600/11 595/601/69
f 595/601/69 594/600/11 596/602/70
f 594/600/11 597/603/11 596/602/70
f 596/602/70 597/603/11 598/604/11
f 599/605/367 600/606/130 601/607/368
f 601/607/368 600/606/130 602/608/369
f 600/606/130 603/609/370 602/608/369
f 604/610/371 605/611/372 606/612/373
f 606/612/373 605/611/372 607/613/374
f 605/611/372 608/614/89 607/613/374
f 607/613/374 608/614/89 609/615/30
f 610/616/112 611/617/375 612/618/102
f 612/618/102 611/617/375 613/619/98
f 611/617/375 614/620/108 613/619/98
f 613/619/98 614/620/108 615/621/99
f 616/622/90 617/623/90 618/624/90
f 618/624/90 617/623/90 619/625/115
f 617/623/90 620/626/116 619/625/115
f 621/627/338 622/628/376 623/629/377
f 623/629/377 622/628/376 624/630/378
f 622/628/376 625/631/379 624/630/378
f 626/632/174 627/633/168 628/634/380
f 628/634/380 627/633/168 629/635/336
f 627/633/168 630/636/164 629/635/336
f 629/635/336 630/636/164 631/637/322
f 630/636/164 632/638/325 631/637/322
f 631/637/322 632/638/325 633/639/376
f 632/638/325 634/640/326 633/639/376
f 633/639/376 634/640/326 635/641/328
f 636/642/381 637/643/165 638/644/382
f 638/644/382 637/643/165 639/645/172
f 637/643/165 640/646/169 639/645/172
f 641/647/161 642/648/160 643/649/326
f 643/649/326 642/648/160 644/650/334
f 642/648/160 645/651/383 644/650/334
f 644/650/334 645/651/383 646/652/335
f 647/653/216 648/654/318 649/655/384
f 649/655/384 648/654/318 650/656/202
f 648/654/318 651/657/319 650/656/202
f 650/656/202 651/657/319 652/658/212
f 653/659/171 654/660/170 655/661/181
f 655/661/181 654/660/170 656/662/195
f 654/660/170 657/663/174 656/662/195
f 656/662/195 657/663/174 658/664/301
f 659/665/317 660/666/385 661/667/386
f 661/667/386 660/666/385 662/668/387
f 660/666/385 663/669/160 662/668/387
f 662/668/387 663/669/160 664/670/162
f 665/671/50 666/672/388 667/673/389
f 667/673/389 666/672/388 668/674/20
f 666/672/388 669/675/390 668/674/20
f 670/676/391 671/677/392 672/678/16
f 672/678/16 671/677/392 673/679/393
f 671/677/392 674/680/394 673/679/393
f 673/679/393 674/680/394 675/681/395
f 674/680/394 676/682/396 675/681/395
f 675/681/395 676/682/396 677/683/397
f 676/682/396 678/684/398 677/683/397
f 679/685/399 680/686/400 681/687/401
f 681/687/401 680/686/400 682/688/402
f 680/686/400 683/689/403 682/688/402
f 684/690/404 685/691/405 686/692/406
f 686/692/406 685/691/405 687/693/240
f 685/691/405 688/694/407 687/693/240
f 687/693/240 688/694/407 689/695/242
f 690/696/408 691/697/409 692/698/410
f 692/698/410 691/697/409 693/699/411
f 691/697/409 694/700/412 693/699/411
f 695/701/413 696/702/414 697/703/10
f 697/703/10 696/702/414 698/704/11
f 696/702/414 699/705/232 698/704/11
f 698/704/11 699/705/232 700/706/70
f 701/707/405 702/708/415 703/709/416
f 703/709/416 702/708/415 704/710/417
f 702/708/415 705/711/418 704/710/417
f 706/712/419 707/713/420 708/714/244
f 708/714/244 707/713/420 709/715/246
f 707/713/420 710/716/421 709/715/246
f 711/717/93 712/718/422 713/719/94
f 713/719/94 712/718/422 714/720/231
f 712/718/422 715/721/423 714/720/231
f 714/720/231 715/721/423 716/722/424
f 717/723/107 718/724/105 719/725/425
f 719/725/425 718/724/105 720/726/426
f 718/724/105 721/727/103 720/726/426
f 720/726/426 721/727/103 722/728/259
f 721/727/103 723/729/100 722/728/259
f 722/728/259 723/729/100 724/730/253
f 725/731/258 726/732/427 727/733/259
f 727/733/259 726/732/427 728/734/426
f 726/732/427 729/735/428 728/734/426
f 728/734/426 729/735/428 730/736/425
f 731/737/123 732/738/121 733/739/429
f 733/739/429 732/738/121 734/740/430
f 732/738/121 735/741/155 734/740/430
f 734/740/430 735/741/155 736/742/431
f 737/743/260 738/744/90 739/745/261
f 739/745/261 738/744/90 740/746/90
f 738/744/90 741/747/90 740/746/90
f 742/748/432 743/749/433 744/750/434
f 744/750/434 743/749/433 745/751/435
f 743/749/433 746/752/436 745/751/435
usemtl mat0.402
f 747/753/437 748/754/438 749/755/439
f 750/756/440 751/757/441 752/758/442
f 753/759/239 754/760/443 755/761/239
f 756/762/444 757/763/445 758/764/446
f 759/765/447 760/766/438 761/767/448
f 761/767/448 760/766/438 762/768/449
f 763/769/450 764/770/450 765/771/450
f 765/771/450 764/770/450 766/772/450
f 767/773/22 768/774/451 769/775/22
f 769/775/22 768/774/451 770/776/451
f 771/777/22 772/778/22 773/779/451
f 773/779/451 772/778/22 774/780/22
f 775/781/221 776/782/221 777/783/221
f 777/783/221 776/782/221 778/784/221
f 779/785/452 780/786/446 781/787/453
f 781/787/453 780/786/446 782/788/445
f 783/789/184 784/790/454 785/791/454
f 785/791/454 784/790/454 786/792/455
f 787/793/456 788/794/457 789/795/458
f 789/795/458 788/794/457 790/796/459
f 791/797/440 792/798/460 793/799/461
f 793/799/461 792/798/460 794/800/462
f 795/801/463 796/802/464 797/803/463
f 797/803/463 796/802/464 798/804/465
f 799/805/466 800/806/453 801/807/467
f 801/807/467 800/806/453 802/808/445
f 803/809/468 804/810/469 805/811/448
f 805/811/448 804/810/469 806/812/445
f 807/813/470 808/814/471 809/815/448
f 809/815/448 808/814/471 810/816/439
f 811/817/472 812/818/473 813/819/239
f 813/819/239 812/818/473 814/820/239
f 815/821/443 816/822/239 817/823/474
f 817/823/474 816/822/239 818/824/239
f 819/825/470 820/826/448 821/827/475
f 821/827/475 820/826/448 822/828/445
f 823/829/476 824/830/477 825/831/458
f 825/831/458 824/830/477 826/832/456
f 824/830/477 827/833/478 826/832/456
f 828/834/479 829/835/480 830/836/481
f 830/836/481 829/835/480 831/837/445
f 829/835/480 832/838/482 831/837/445
f 833/839/483 834/840/484 835/841/453
f 835/841/453 834/840/484 836/842/452
f 834/840/484 837/843/485 836/842/452
f 838/844/239 839/845/486 840/846/487
f 840/846/487 839/845/486 841/847/473
f 839/845/486 842/848/488 841/847/473
f 843/849/473 844/850/472 845/851/474
f 845/851/474 844/850/472 846/852/489
f 844/850/472 847/853/490 846/852/489
f 848/854/491 849/855/492 850/856/490
f 850/856/490 849/855/492 851/857/443
f 849/855/492 852/858/493 851/857/443
f 853/859/463 854/860/494 855/861/464
f 855/861/464 854/860/494 856/862/462
f 854/860/494 857/863/495 856/862/462
f 858/864/496 859/865/447 860/866/497
f 860/866/497 859/865/447 861/867/476
f 859/865/447 862/868/498 861/867/476
usemtl mat0.403
f 863/869/499 864/870/500 865/871/501
f 866/872/502 867/873/503 868/874/504
f 869/875/440 870/876/442 871/877/441
f 872/878/505 873/879/506 874/880/507
f 875/881/22 876/882/22 877/883/22
f 878/884/508 879/885/509 880/886/510
f 881/887/511 882/888/512 883/889/513
f 884/890/514 885/891/515 886/892/499
f 887/893/516 888/894/517 889/895/517
f 889/895/517 888/894/517 890/896/184
f 891/897/499 892/898/518 893/899/519
f 893/899/519 892/898/518 894/900/520
f 895/901/505 896/902/507 897/903/521
f 897/903/521 896/902/507 898/904/522
f 899/905/523 900/906/524 901/907/525
f 901/907/525 900/906/524 902/908/86
f 903/909/525 904/910/526 905/911/523
f 905/911/523 904/910/526 906/912/527
f 907/913/220 908/914/219 909/915/450
f 909/915/450 908/914/219 910/916/450
f 911/917/221 912/918/221 913/919/221
f 913/919/221 912/918/221 914/920/221
f 915/921/528 916/922/529 917/923/530
f 917/923/530 916/922/529 918/924/508
f 919/925/463 920/926/463 921/927/464
f 921/927/464 920/926/463 922/928/463
f 923/929/462 924/930/494 925/931/464
f 925/931/464 924/930/494 926/932/463
f 927/933/531 928/934/532 929/935/521
f 929/935/521 928/934/532 930/936/499
f 931/937/533 932/938/534 933/939/535
f 933/939/535 932/938/534 934/940/499
f 935/941/508 936/942/510 937/943/530
f 937/943/530 936/942/510 938/944/511
f 939/945/505 940/946/521 941/947/515
f 941/947/515 940/946/521 942/948/499
f 943/949/533 944/950/504 945/951/534
f 945/951/534 944/950/504 946/952/513
f 947/953/536 948/954/503 949/955/537
f 949/955/537 948/954/503 950/956/538
f 951/957/503 952/958/512 953/959/534
f 953/959/534 952/958/512 954/960/539
f 955/961/524 956/962/523 957/963/540
f 957/963/540 956/962/523 958/964/541
f 959/965/541 960/966/542 961/967/543
f 961/967/543 960/966/542 962/968/544
f 963/969/539 964/970/514 965/971/534
f 965/971/534 964/970/514 966/972/499
f 967/973/86 968/974/86 969/975/523
f 969/975/523 968/974/86 970/976/541
f 968/974/86 971/977/86 970/976/541
f 972/978/86 973/979/545 974/980/541
f 974/980/541 973/979/545 975/981/542
f 973/979/545 976/982/546 975/981/542
f 977/983/547 978/984/548 979/985/460
f 979/985/460 978/984/548 980/986/462
f 978/984/548 981/987/494 980/986/462
f 982/988/22 983/989/22 984/990/22
f 984/990/22 983/989/22 985/991/22
f 983/989/22 986/992/22 985/991/22
usemtl mat0.404
f 987/993/549 988/994/550 989/995/551
f 990/996/552 991/997/553 992/998/554
f 993/999/555 994/1000/556 995/1001/557
f 995/1001/557 994/1000/556 996/1002/558
f 997/1003/559 998/1004/560 999/1005/555
f 999/1005/555 998/1004/560 1000/1006/556
f 1001/1007/560 1002/1008/559 1003/1009/561
f 1003/1009/561 1002/1008/559 1004/1010/562
f 1005/1011/563 1006/1012/564 1007/1013/565
f 1007/1013/565 1006/1012/564 1008/1014/553
f 1009/1015/565 1010/1016/553 1011/1017/566
f 1011/1017/566 1010/1016/553 1012/1018/552
f 1013/1019/567 1014/1020/567 1015/1021/568
f 1015/1021/568 1014/1020/567 1016/1022/568
f 1017/1023/569 1018/1024/570 1019/1025/571
f 1019/1025/571 1018/1024/570 1020/1026/572
f 1021/1027/557 1022/1028/573 1023/1029/574
f 1023/1029/574 1022/1028/573 1024/1030/575
f 1025/1031/576 1026/1032/576 1027/1033/577
f 1027/1033/577 1026/1032/576 1028/1034/577
f 1029/1035/578 1030/1036/579 1031/1037/580
f 1031/1037/580 1030/1036/579 1032/1038/581
f 1033/1039/582 1034/1040/583 1035/1041/584
f 1035/1041/584 1034/1040/583 1036/1042/585
f 1037/1043/586 1038/1044/587 1039/1045/582
f 1039/1045/582 1038/1044/587 1040/1046/588
f 1041/1047/589 1042/1048/590 1043/1049/559
f 1043/1049/559 1042/1048/590 1044/1050/562
f 1045/1051/591 1046/1052/592 1047/1053/593
f 1047/1053/593 1046/1052/592 1048/1054/594
f 1049/1055/595 1050/1056/596 1051/1057/591
f 1051/1057/591 1050/1056/596 1052/1058/597
f 1053/1059/598 1054/1060/576 1055/1061/598
f 1055/1061/598 1054/1060/576 1056/1062/576
f 1057/1063/568 1058/1064/599 1059/1065/568
f 1059/1065/568 1058/1064/599 1060/1066/599
f 1061/1067/600 1062/1068/570 1063/1069/601
f 1063/1069/601 1062/1068/570 1064/1070/569
f 1065/1071/602 1066/1072/603 1067/1073/579
f 1067/1073/579 1066/1072/603 1068/1074/581
f 1069/1075/587 1070/1076/586 1071/1077/604
f 1071/1077/604 1070/1076/586 1072/1078/605
f 1073/1079/606 1074/1080/607 1075/1081/586
f 1075/1081/586 1074/1080/607 1076/1082/605
f 1077/1083/563 1078/1084/608 1079/1085/564
f 1079/1085/564 1078/1084/608 1080/1086/609
f 1078/1084/608 1081/1087/610 1080/1086/609
f 1080/1086/609 1081/1087/610 1082/1088/611
f 1083/1089/612 1084/1090/613 1085/1091/574
f 1085/1091/574 1084/1090/613 1086/1092/557
f 1084/1090/613 1087/1093/614 1086/1092/557
f 1086/1092/557 1087/1093/614 1088/1094/555
f 1087/1093/614 1089/1095/589 1088/1094/555
f 1088/1094/555 1089/1095/589 1090/1096/559
f 1091/1097/594 1092/1098/615 1093/1099/593
f 1093/1099/593 1092/1098/615 1094/1100/616
f 1092/1098/615 1095/1101/617 1094/1100/616
f 1094/1100/616 1095/1101/617 1096/1102/549
f 1097/1103/618 1098/1104/619 1099/1105/584
f 1099/1105/584 1098/1104/619 1100/1106/582
f 1098/1104/619 1101/1107/606 1100/1106/582
f 1100/1106/582 1101/1107/606 1102/1108/586
usemtl mat0.405
f 1103/1109/620 1104/1110/621 1105/1111/622
f 1106/1112/623 1107/1113/624 1108/1114/625
f 1109/1115/626 1110/1116/627 1111/1117/628
f 1112/1118/629 1113/1119/630 1114/1120/631
f 1115/1121/632 1116/1122/633 1117/1123/634
f 1118/1124/635 1119/1125/636 1120/1126/630
f 1120/1126/630 1119/1125/636 1121/1127/631
f 1122/1128/90 1123/1129/90 1124/1130/90
f 1124/1130/90 1123/1129/90 1125/1131/90
f 1126/1132/637 1127/1133/638 1128/1134/639
f 1128/1134/639 1127/1133/638 1129/1135/640
f 1130/1136/641 1131/1137/642 1132/1138/643
f 1132/1138/643 1131/1137/642 1133/1139/644
f 1134/1140/645 1135/1141/646 1136/1142/647
f 1136/1142/647 1135/1141/646 1137/1143/648
f 1138/1144/649 1139/1145/650 1140/1146/651
f 1140/1146/651 1139/1145/650 1141/1147/651
f 1142/1148/652 1143/1149/653 1144/1150/641
f 1144/1150/641 1143/1149/653 1145/1151/654
f 1146/1152/643 1147/1153/644 1148/1154/655
f 1148/1154/655 1147/1153/644 1149/1155/656
f 1150/1156/90 1151/1157/90 1152/1158/90
f 1152/1158/90 1151/1157/90 1153/1159/90
f 1154/1160/90 1155/1161/90 1156/1162/90
f 1156/1162/90 1155/1161/90 1157/1163/90
f 1158/1164/657 1159/1165/658 1160/1166/658
f 1160/1166/658 1159/1165/658 1161/1167/659
f 1162/1168/660 1163/1169/661 1164/1170/662
f 1164/1170/662 1163/1169/661 1165/1171/663
f 1166/1172/664 1167/1173/663 1168/1174/664
f 1168/1174/664 1167/1173/663 1169/1175/665
f 1170/1176/634 1171/1177/666 1172/1178/667
f 1172/1178/667 1171/1177/666 1173/1179/653
f 1174/1180/668 1175/1181/669 1176/1182/670
f 1176/1182/670 1175/1181/669 1177/1183/671
f 1178/1184/627 1179/1185/672 1180/1186/673
f 1180/1186/673 1179/1185/672 1181/1187/674
f 1182/1188/675 1183/1189/675 1184/1190/675
f 1184/1190/675 1183/1189/675 1185/1191/675
f 1186/1192/675 1187/1193/675 1188/1194/676
f 1188/1194/676 1187/1193/675 1189/1195/677
f 1190/1196/678 1191/1197/679 1192/1198/680
f 1192/1198/680 1191/1197/679 1193/1199/681
f 1194/1200/682 1195/1201/683 1196/1202/672
f 1196/1202/672 1195/1201/683 1197/1203/684
f 1198/1204/685 1199/1205/686 1200/1206/678
f 1200/1206/678 1199/1205/686 1201/1207/687
f 1202/1208/688 1203/1209/689 1204/1210/690
f 1204/1210/690 1203/1209/689 1205/1211/623
f 1206/1212/691 1207/1213/676 1208/1214/678
f 1208/1214/678 1207/1213/676 1209/1215/677
f 1210/1216/692 1211/1217/693 1212/1218/694
f 1212/1218/694 1211/1217/693 1213/1219/82
f 1214/1220/695 1215/1221/694 1216/1222/624
f 1216/1222/624 1215/1221/694 1217/1223/690
f 1218/1224/696 1219/1225/697 1220/1226/688
f 1220/1226/688 1219/1225/697 1221/1227/689
f 1222/1228/698 1223/1229/699 1224/1230/696
f 1224/1230/696 1223/1229/699 1225/1231/697
f 1226/1232/700 1227/1233/620 1228/1234/701
f 1228/1234/701 1227/1233/620 1229/1235/702
f 1230/1236/627 1231/1237/626 1232/1238/672
f 1232/1238/672 1231/1237/626 1233/1239/682
f 1234/1240/703 1235/1241/704 1236/1242/649
f 1236/1242/649 1235/1241/704 1237/1243/705
f 1238/1244/670 1239/1245/706 1240/1246/703
f 1240/1246/703 1239/1245/706 1241/1247/704
f 1242/1248/634 1243/1249/633 1244/1250/666
f 1244/1250/666 1243/1249/633 1245/1251/707
f 1246/1252/674 1247/1253/672 1248/1254/708
f 1248/1254/708 1247/1253/672 1249/1255/684
f 1250/1256/648 1251/1257/709 1252/1258/668
f 1252/1258/668 1251/1257/709 1253/1259/669
f 1254/1260/90 1255/1261/90 1256/1262/90
f 1256/1262/90 1255/1261/90 1257/1263/90
f 1255/1261/90 1258/1264/90 1257/1263/90
f 1259/1265/710 1260/1266/90 1261/1267/639
f 1261/1267/639 1260/1266/90 1262/1268/90
f 1260/1266/90 1263/1269/90 1262/1268/90
f 1262/1268/90 1263/1269/90 1264/1270/90
f 1265/1271/711 1266/1272/712 1267/1273/713
f 1267/1273/713 1266/1272/712 1268/1274/714
f 1266/1272/712 1269/1275/715 1268/1274/714
f 1270/1276/716 1271/1277/717 1272/1278/718
f 1272/1278/718 1271/1277/717 1273/1279/719
f 1271/1277/717 1274/1280/720 1273/1279/719
f 1275/1281/721 1276/1282/722 1277/1283/723
f 1277/1283/723 1276/1282/722 1278/1284/622
f 1276/1282/722 1279/1285/724 1278/1284/622
f 1278/1284/622 1279/1285/724 1280/1286/620
f 1281/1287/636 1282/1288/635 1283/1289/725
f 1283/1289/725 1282/1288/635 1284/1290/726
f 1282/1288/635 1285/1291/727 1284/1290/726
f 1284/1290/726 1285/1291/727 1286/1292/728
f 1285/1291/727 1287/1293/651 1286/1292/728
f 1286/1292/728 1287/1293/651 1288/1294/651
usemtl mat0.406
f 1289/1295/729 1290/1296/730 1291/1297/731
f 1292/1298/732 1293/1299/733 1294/1300/734
f 1295/1301/735 1296/1302/736 1297/1303/737
f 1298/1304/738 1299/1305/739 1300/1306/740
f 1301/1307/741 1302/1308/742 1303/1309/743
f 1304/1310/744 1305/1311/745 1306/1312/746
f 1307/1313/747 1308/1314/748 1309/1315/749
f 1309/1315/749 1308/1314/748 1310/1316/750
f 1311/1317/90 1312/1318/90 1313/1319/90
f 1313/1319/90 1312/1318/90 1314/1320/90
f 1315/1321/90 1316/1322/90 1317/1323/90
f 1317/1323/90 1316/1322/90 1318/1324/90
f 1319/1325/751 1320/1326/752 1321/1327/752
f 1321/1327/752 1320/1326/752 1322/1328/753
f 1323/1329/754 1324/1330/755 1325/1331/756
f 1325/1331/756 1324/1330/755 1326/1332/757
f 1327/1333/758 1328/1334/759 1329/1335/754
f 1329/1335/754 1328/1334/759 1330/1336/755
f 1331/1337/740 1332/1338/739 1333/1339/760
f 1333/1339/760 1332/1338/739 1334/1340/761
f 1335/1341/762 1336/1342/763 1337/1343/764
f 1337/1343/764 1336/1342/763 1338/1344/745
f 1339/1345/90 1340/1346/90 1341/1347/749
f 1341/1347/749 1340/1346/90 1342/1348/747
f 1343/1349/732 1344/1350/734 1345/1351/765
f 1345/1351/765 1344/1350/734 1346/1352/766
f 1347/1353/767 1348/1354/768 1349/1355/769
f 1349/1355/769 1348/1354/768 1350/1356/770
f 1351/1357/771 1352/1358/772 1353/1359/773
f 1353/1359/773 1352/1358/772 1354/1360/774
f 1355/1361/775 1356/1362/776 1357/1363/777
f 1357/1363/777 1356/1362/776 1358/1364/768
f 1359/1365/778 1360/1366/779 1361/1367/770
f 1361/1367/770 1360/1366/779 1362/1368/780
f 1363/1369/82 1364/1370/781 1365/1371/782
f 1365/1371/782 1364/1370/781 1366/1372/783
f 1367/1373/783 1368/1374/731 1369/1375/782
f 1369/1375/782 1368/1374/731 1370/1376/730
f 1371/1377/784 1372/1378/785 1373/1379/786
f 1373/1379/786 1372/1378/785 1374/1380/787
f 1375/1381/788 1376/1382/789 1377/1383/784
f 1377/1383/784 1376/1382/789 1378/1384/785
f 1379/1385/771 1380/1386/735 1381/1387/772
f 1381/1387/772 1380/1386/735 1382/1388/737
f 1383/1389/790 1384/1390/791 1385/1391/792
f 1385/1391/792 1384/1390/791 1386/1392/793
f 1387/1393/90 1388/1394/90 1389/1395/90
f 1389/1395/90 1388/1394/90 1390/1396/90
f 1391/1397/794 1392/1398/795 1393/1399/796
f 1393/1399/796 1392/1398/795 1394/1400/797
f 1395/1401/774 1396/1402/772 1397/1403/798
f 1397/1403/798 1396/1402/772 1398/1404/799
f 1399/1405/737 1400/1406/800 1401/1407/772
f 1401/1407/772 1400/1406/800 1402/1408/801
f 1403/1409/802 1404/1410/802 1405/1411/803
f 1405/1411/803 1404/1410/802 1406/1412/804
f 1407/1413/802 1408/1414/805 1409/1415/802
f 1409/1415/802 1408/1414/805 1410/1416/806
f 1408/1414/805 1411/1417/807 1410/1416/806
f 1410/1416/806 1411/1417/807 1412/1418/808
f 1411/1417/807 1413/1419/809 1412/1418/808
f 1412/1418/808 1413/1419/809 1414/1420/810
f 1413/1419/809 1415/1421/811 1414/1420/810
f 1414/1420/810 1415/1421/811 1416/1422/812
f 1415/1421/811 1417/1423/813 1416/1422/812
f 1416/1422/812 1417/1423/813 1418/1424/794
f 1419/1425/90 1420/1426/90 1421/1427/90
f 1421/1427/90 1420/1426/90 1422/1428/90
f 1420/1426/90 1423/1429/90 1422/1428/90
f 1422/1428/90 1423/1429/90 1424/1430/90
f 1423/1429/90 1425/1431/90 1424/1430/90
f 1426/1432/814 1427/1433/815 1428/1434/816
f 1428/1434/816 1427/1433/815 1429/1435/817
f 1427/1433/815 1430/1436/818 1429/1435/817
f 1429/1435/817 1430/1436/818 1431/1437/819
f 1432/1438/816 1433/1439/820 1434/1440/821
f 1434/1440/821 1433/1439/820 1435/1441/822
f 1433/1439/820 1436/1442/823 1435/1441/822
f 1435/1441/822 1436/1442/823 1437/1443/745
f 1438/1444/824 1439/1445/824 1440/1446/824
f 1440/1446/824 1439/1445/824 1441/1447/824
f 1439/1445/824 1442/1448/779 1441/1447/824
f 1441/1447/824 1442/1448/779 1443/1449/775
f 1444/1450/729 1445/1451/825 1446/1452/730
f 1446/1452/730 1445/1451/825 1447/1453/826
f 1445/1451/825 1448/1454/827 1447/1453/826
f 1447/1453/826 1448/1454/827 1449/1455/828
f 1448/1454/827 1450/1456/829 1449/1455/828
f 1449/1455/828 1450/1456/829 1451/1457/830
f 1450/1456/829 1452/1458/831 1451/1457/830
f 1451/1457/830 1452/1458/831 1453/1459/832
f 1452/1458/831 1454/1460/784 1453/1459/832
f 1455/1461/742 1456/1462/833 1457/1463/743
f 1457/1463/743 1456/1462/833 1458/1464/790
f 1456/1462/833 1459/1465/834 1458/1464/790
f 1458/1464/790 1459/1465/834 1460/1466/835
usemtl mat0.407
f 1461/1467/836 1462/1468/837 1463/1469/838
f 1464/1470/839 1465/1471/840 1466/1472/841
f 1467/1473/842 1468/1474/843 1469/1475/844
f 1470/1476/845 1471/1477/846 1472/1478/847
f 1473/1479/239 1474/1480/239 1475/1481/239
f 1476/1482/848 1477/1483/849 1478/1484/850
f 1479/1485/851 1480/1486/852 1481/1487/853
f 1482/1488/854 1483/1489/855 1484/1490/856
f 1484/1490/856 1483/1489/855 1485/1491/857
f 1486/1492/858 1487/1493/859 1488/1494/860
f 1488/1494/860 1487/1493/859 1489/1495/861
f 1490/1496/862 1491/1497/863 1492/1498/864
f 1492/1498/864 1491/1497/863 1493/1499/865
f 1494/1500/866 1495/1501/867 1496/1502/868
f 1496/1502/868 1495/1501/867 1497/1503/869
f 1498/1504/870 1499/1505/871 1500/1506/872
f 1500/1506/872 1499/1505/871 1501/1507/873
f 1502/1508/837 1503/1509/874 1504/1510/875
f 1504/1510/875 1503/1509/874 1505/1511/876
f 1506/1512/877 1507/1513/847 1508/1514/878
f 1508/1514/878 1507/1513/847 1509/1515/879
f 1510/1516/862 1511/1517/864 1512/1518/880
f 1512/1518/880 1511/1517/864 1513/1519/86
f 1514/1520/880 1515/1521/881 1516/1522/862
f 1516/1522/862 1515/1521/881 1517/1523/882
f 1518/1524/883 1519/1525/884 1520/1526/885
f 1520/1526/885 1519/1525/884 1521/1527/886
f 1522/1528/887 1523/1529/888 1524/1530/889
f 1524/1530/889 1523/1529/888 1525/1531/890
f 1526/1532/891 1527/1533/873 1528/1534/892
f 1528/1534/892 1527/1533/873 1529/1535/893
f 1530/1536/894 1531/1537/895 1532/1538/896
f 1532/1538/896 1531/1537/895 1533/1539/897
f 1534/1540/898 1535/1541/899 1536/1542/900
f 1536/1542/900 1535/1541/899 1537/1543/901
f 1538/1544/898 1539/1545/902 1540/1546/903
f 1540/1546/903 1539/1545/902 1541/1547/904
f 1542/1548/905 1543/1549/906 1544/1550/906
f 1544/1550/906 1543/1549/906 1545/1551/907
f 1546/1552/897 1547/1553/908 1548/1554/896
f 1548/1554/896 1547/1553/908 1549/1555/909
f 1550/1556/910 1551/1557/911 1552/1558/912
f 1552/1558/912 1551/1557/911 1553/1559/913
f 1554/1560/914 1555/1561/915 1556/1562/916
f 1556/1562/916 1555/1561/915 1557/1563/917
f 1558/1564/918 1559/1565/919 1560/1566/920
f 1560/1566/920 1559/1565/919 1561/1567/921
f 1562/1568/922 1563/1569/923 1564/1570/924
f 1564/1570/924 1563/1569/923 1565/1571/925
f 1566/1572/926 1567/1573/927 1568/1574/928
f 1568/1574/928 1567/1573/927 1569/1575/929
f 1570/1576/930 1571/1577/931 1572/1578/932
f 1572/1578/932 1571/1577/931 1573/1579/933
f 1574/1580/934 1575/1581/935 1576/1582/934
f 1576/1582/934 1575/1581/935 1577/1583/935
f 1578/1584/936 1579/1585/937 1580/1586/938
f 1580/1586/938 1579/1585/937 1581/1587/939
f 1582/1588/940 1583/1589/941 1584/1590/942
f 1584/1590/942 1583/1589/941 1585/1591/943
f 1586/1592/944 1587/1593/945 1588/1594/946
f 1588/1594/946 1587/1593/945 1589/1595/947
f 1590/1596/948 1591/1597/949 1592/1598/950
f 1592/1598/950 1591/1597/949 1593/1599/951
f 1594/1600/952 1595/1601/953 1596/1602/954
f 1596/1602/954 1595/1601/953 1597/1603/955
f 1598/1604/956 1599/1605/957 1600/1606/937
f 1600/1606/937 1599/1605/957 1601/1607/958
f 1602/1608/947 1603/1609/959 1604/1610/946
f 1604/1610/946 1603/1609/959 1605/1611/960
f 1606/1612/857 1607/1613/961 1608/1614/856
f 1608/1614/856 1607/1613/961 1609/1615/962
f 1610/1616/852 1611/1617/851 1612/1618/859
f 1612/1618/859 1611/1617/851 1613/1619/963
f 1614/1620/872 1615/1621/964 1616/1622/870
f 1616/1622/870 1615/1621/964 1617/1623/965
f 1618/1624/966 1619/1625/967 1620/1626/968
f 1620/1626/968 1619/1625/967 1621/1627/969
f 1622/1628/970 1623/1629/971 1624/1630/971
f 1624/1630/971 1623/1629/971 1625/1631/972
f 1626/1632/973 1627/1633/974 1628/1634/975
f 1628/1634/975 1627/1633/974 1629/1635/976
f 1630/1636/921 1631/1637/977 1632/1638/978
f 1632/1638/978 1631/1637/977 1633/1639/979
f 1634/1640/980 1635/1641/981 1636/1642/982
f 1636/1642/982 1635/1641/981 1637/1643/983
f 1638/1644/984 1639/1645/985 1640/1646/986
f 1640/1646/986 1639/1645/985 1641/1647/987
f 1642/1648/988 1643/1649/989 1644/1650/990
f 1644/1650/990 1643/1649/989 1645/1651/991
f 1646/1652/992 1647/1653/993 1648/1654/994
f 1648/1654/994 1647/1653/993 1649/1655/995
f 1650/1656/996 1651/1657/997 1652/1658/998
f 1652/1658/998 1651/1657/997 1653/1659/866
f 1654/1660/992 1655/1661/999 1656/1662/1000
f 1656/1662/1000 1655/1661/999 1657/1663/1001
f 1658/1664/996 1659/1665/998 1660/1666/1002
f 1660/1666/1002 1659/1665/998 1661/1667/1003
f 1662/1668/1003 1663/1669/868 1664/1670/1004
f 1664/1670/1004 1663/1669/868 1665/1671/869
f 1666/1672/1005 1667/1673/1006 1668/1674/1007
f 1668/1674/1007 1667/1673/1006 1669/1675/1008
f 1670/1676/858 1671/1677/1009 1672/1678/859
f 1672/1678/859 1671/1677/1009 1673/1679/1010
f 1674/1680/1011 1675/1681/1012 1676/1682/1013
f 1676/1682/1013 1675/1681/1012 1677/1683/1014
f 1678/1684/1015 1679/1685/1016 1680/1686/1017
f 1680/1686/1017 1679/1685/1016 1681/1687/1018
f 1682/1688/844 1683/1689/1019 1684/1690/985
f 1684/1690/985 1683/1689/1019 1685/1691/1020
f 1686/1692/879 1687/1693/847 1688/1694/1021
f 1688/1694/1021 1687/1693/847 1689/1695/846
f 1690/1696/1022 1691/1697/1023 1692/1698/1024
f 1692/1698/1024 1691/1697/1023 1693/1699/1025
f 1694/1700/887 1695/1701/889 1696/1702/1026
f 1696/1702/1026 1695/1701/889 1697/1703/1027
f 1698/1704/848 1699/1705/850 1700/1706/1028
f 1700/1706/1028 1699/1705/850 1701/1707/1024
f 1702/1708/1029 1703/1709/1030 1704/1710/858
f 1704/1710/858 1703/1709/1030 1705/1711/1009
f 1706/1712/1031 1707/1713/1032 1708/1714/1015
f 1708/1714/1015 1707/1713/1032 1709/1715/1033
f 1710/1716/1034 1711/1717/1035 1712/1718/1036
f 1712/1718/1036 1711/1717/1035 1713/1719/1037
f 1714/1720/1038 1715/1721/1039 1716/1722/1029
f 1716/1722/1029 1715/1721/1039 1717/1723/1030
f 1718/1724/1017 1719/1725/1040 1720/1726/1015
f 1720/1726/1015 1719/1725/1040 1721/1727/1031
f 1722/1728/1041 1723/1729/1042 1724/1730/1043
f 1724/1730/1043 1723/1729/1042 1725/1731/1044
f 1726/1732/1045 1727/1733/1046 1728/1734/1047
f 1728/1734/1047 1727/1733/1046 1729/1735/1048
f 1730/1736/1048 1731/1737/1049 1732/1738/1050
f 1732/1738/1050 1731/1737/1049 1733/1739/1051
f 1734/1740/1052 1735/1741/1053 1736/1742/1053
f 1736/1742/1053 1735/1741/1053 1737/1743/1054
f 1738/1744/1055 1739/1745/1043 1740/1746/1056
f 1740/1746/1056 1739/1745/1043 1741/1747/1057
f 1742/1748/986 1743/1749/987 1744/1750/1058
f 1744/1750/1058 1743/1749/987 1745/1751/1059
f 1746/1752/1060 1747/1753/1061 1748/1754/915
f 1748/1754/915 1747/1753/1061 1749/1755/917
f 1750/1756/922 1751/1757/924 1752/1758/1062
f 1752/1758/1062 1751/1757/924 1753/1759/1063
f 1754/1760/1064 1755/1761/931 1756/1762/1065
f 1756/1762/1065 1755/1761/931 1757/1763/930
f 1758/1764/1066 1759/1765/1066 1760/1766/934
f 1760/1766/934 1759/1765/1066 1761/1767/934
f 1762/1768/1067 1763/1769/1068 1764/1770/1069
f 1764/1770/1069 1763/1769/1068 1765/1771/1070
f 1766/1772/940 1767/1773/1071 1768/1774/941
f 1768/1774/941 1767/1773/1071 1769/1775/1072
f 1770/1776/1073 1771/1777/1074 1772/1778/946
f 1772/1778/946 1771/1777/1074 1773/1779/944
f 1774/1780/1075 1775/1781/1076 1776/1782/949
f 1776/1782/949 1775/1781/1076 1777/1783/951
f 1778/1784/1077 1779/1785/953 1780/1786/1078
f 1780/1786/1078 1779/1785/953 1781/1787/952
f 1782/1788/1079 1783/1789/1069 1784/1790/1080
f 1784/1790/1080 1783/1789/1069 1785/1791/1081
f 1786/1792/1073 1787/1793/946 1788/1794/1082
f 1788/1794/1082 1787/1793/946 1789/1795/960
f 1790/1796/1005 1791/1797/1007 1792/1798/961
f 1792/1798/961 1791/1797/1007 1793/1799/962
f 1794/1800/844 1795/1801/843 1796/1802/1083
f 1796/1802/1083 1795/1801/843 1797/1803/839
f 1798/1804/1017 1799/1805/1018 1800/1806/1084
f 1800/1806/1084 1799/1805/1018 1801/1807/1012
f 1802/1808/1085 1803/1809/1086 1804/1810/1087
f 1804/1810/1087 1803/1809/1086 1805/1811/1035
f 1806/1812/1088 1807/1813/1089 1808/1814/967
f 1808/1814/967 1807/1813/1089 1809/1815/969
f 1810/1816/1090 1811/1817/1091 1812/1818/1091
f 1812/1818/1091 1811/1817/1091 1813/1819/1092
f 1814/1820/976 1815/1821/1093 1816/1822/975
f 1816/1822/975 1815/1821/1093 1817/1823/1094
f 1818/1824/979 1819/1825/977 1820/1826/1085
f 1820/1826/1085 1819/1825/977 1821/1827/1095
f 1822/1828/1000 1823/1829/1096 1824/1830/992
f 1824/1830/992 1823/1829/1096 1825/1831/993
f 1826/1832/991 1827/1833/989 1828/1834/1097
f 1828/1834/1097 1827/1833/989 1829/1835/1098
f 1830/1836/927 1831/1837/926 1832/1838/1099
f 1832/1838/1099 1831/1837/926 1833/1839/1100
f 1834/1840/1099 1835/1841/1100 1836/1842/1101
f 1836/1842/1101 1835/1841/1100 1837/1843/1102
f 1838/1844/1103 1839/1845/989 1840/1846/1104
f 1840/1846/1104 1839/1845/989 1841/1847/988
f 1842/1848/1086 1843/1849/1085 1844/1850/1105
f 1844/1850/1105 1843/1849/1085 1845/1851/1095
f 1846/1852/1098 1847/1853/989 1848/1854/1106
f 1848/1854/1106 1847/1853/989 1849/1855/1107
f 1850/1856/877 1851/1857/1108 1852/1858/847
f 1852/1858/847 1851/1857/1108 1853/1859/1109
f 1851/1857/1108 1854/1860/1110 1853/1859/1109
f 1855/1861/920 1856/1862/921 1857/1863/1111
f 1857/1863/1111 1856/1862/921 1858/1864/1112
f 1856/1862/921 1859/1865/978 1858/1864/1112
f 1858/1864/1112 1859/1865/978 1860/1866/1113
f 1861/1867/1114 1862/1868/1115 1863/1869/965
f 1863/1869/965 1862/1868/1115 1864/1870/1116
f 1862/1868/1115 1865/1871/1117 1864/1870/1116
f 1864/1870/1116 1865/1871/1117 1866/1872/1118
f 1867/1873/884 1868/1874/1119 1869/1875/1120
f 1869/1875/1120 1868/1874/1119 1870/1876/1121
f 1868/1874/1119 1871/1877/1122 1870/1876/1121
f 1872/1878/1038 1873/1879/1029 1874/1880/1123
f 1874/1880/1123 1873/1879/1029 1875/1881/1124
f 1873/1879/1029 1876/1882/858 1875/1881/1124
f 1875/1881/1124 1876/1882/858 1877/1883/860
f 1878/1884/1125 1879/1885/1126 1880/1886/1127
f 1880/1886/1127 1879/1885/1126 1881/1887/1128
f 1879/1885/1126 1882/1888/1129 1881/1887/1128
f 1881/1887/1128 1882/1888/1129 1883/1889/980
f 1882/1888/1129 1884/1890/1113 1883/1889/980
f 1883/1889/980 1884/1890/1113 1885/1891/978
f 1886/1892/891 1887/1893/1130 1888/1894/873
f 1888/1894/873 1887/1893/1130 1889/1895/872
f 1887/1893/1130 1890/1896/1131 1889/1895/872
f 1889/1895/872 1890/1896/1131 1891/1897/1132
f 1892/1898/837 1893/1899/875 1894/1900/838
f 1894/1900/838 1893/1899/875 1895/1901/1133
f 1893/1899/875 1896/1902/1134 1895/1901/1133
f 1895/1901/1133 1896/1902/1134 1897/1903/1114
f 1898/1904/1135 1899/1905/1136 1900/1906/1137
f 1900/1906/1137 1899/1905/1136 1901/1907/1138
f 1899/1905/1136 1902/1908/874 1901/1907/1138
f 1901/1907/1138 1902/1908/874 1903/1909/1139
f 1904/1910/872 1905/1911/1132 1906/1912/1114
f 1906/1912/1114 1905/1911/1132 1907/1913/1133
f 1905/1911/1132 1908/1914/1140 1907/1913/1133
f 1909/1915/1141 1910/1916/1142 1911/1917/1143
f 1911/1917/1143 1910/1916/1142 1912/1918/1144
f 1910/1916/1142 1913/1919/1145 1912/1918/1144
f 1912/1918/1144 1913/1919/1145 1914/1920/1146
f 1913/1919/1145 1915/1921/1147 1914/1920/1146
f 1914/1920/1146 1915/1921/1147 1916/1922/1148
f 1917/1923/1149 1918/1924/1150 1919/1925/864
f 1919/1925/864 1918/1924/1150 1920/1926/880
f 1918/1924/1150 1921/1927/1151 1920/1926/880
f 1920/1926/880 1921/1927/1151 1922/1928/881
f 1921/1927/1151 1923/1929/1152 1922/1928/881
f 1924/1930/1153 1925/1931/1019 1926/1932/1154
f 1926/1932/1154 1925/1931/1019 1927/1933/1155
f 1925/1931/1019 1928/1934/839 1927/1933/1155
f 1927/1933/1155 1928/1934/839 1929/1935/1084
f 1930/1936/1156 1931/1937/1017 1932/1938/1157
f 1932/1938/1157 1931/1937/1017 1933/1939/841
f 1931/1937/1017 1934/1940/1084 1933/1939/841
f 1933/1939/841 1934/1940/1084 1935/1941/839
f 1936/1942/918 1937/1943/1148 1938/1944/977
f 1938/1944/977 1937/1943/1148 1939/1945/1095
f 1937/1943/1148 1940/1946/1158 1939/1945/1095
f 1939/1945/1095 1940/1946/1158 1941/1947/1105
f 1942/1948/1159 1943/1949/1160 1944/1950/859
f 1944/1950/859 1943/1949/1160 1945/1951/852
f 1943/1949/1160 1946/1952/1161 1945/1951/852
f 1947/1953/1087 1948/1954/1162 1949/1955/981
f 1949/1955/981 1948/1954/1162 1950/1956/983
f 1948/1954/1162 1951/1957/1037 1950/1956/983
f 1950/1956/983 1951/1957/1037 1952/1958/1125
usemtl mat0.408
f 1953/1959/1163 1954/1960/1164 1955/1961/1165
f 1956/1962/1166 1957/1963/1167 1958/1964/1168
f 1959/1965/1169 1960/1966/1170 1961/1967/1171
f 1962/1968/1172 1963/1969/1173 1964/1970/1173
f 1965/1971/1174 1966/1972/1175 1967/1973/1176
f 1968/1974/1177 1969/1975/1178 1970/1976/1179
f 1971/1977/1180 1972/1978/1181 1973/1979/1182
f 1973/1979/1182 1972/1978/1181 1974/1980/1183
f 1975/1981/1184 1976/1982/1185 1977/1983/1186
f 1977/1983/1186 1976/1982/1185 1978/1984/1186
f 1979/1985/1187 1980/1986/1186 1981/1987/1188
f 1981/1987/1188 1980/1986/1186 1982/1988/1186
f 1983/1989/1189 1984/1990/1187 1985/1991/1190
f 1985/1991/1190 1984/1990/1187 1986/1992/1191
f 1987/1993/1192 1988/1994/1193 1989/1995/1190
f 1989/1995/1190 1988/1994/1193 1990/1996/1194
f 1991/1997/1195 1992/1998/1195 1993/1999/1184
f 1993/1999/1184 1992/1998/1195 1994/2000/1185
f 1995/2001/1196 1996/2002/1197 1997/2003/1195
f 1997/2003/1195 1996/2002/1197 1998/2004/1198
f 1999/2005/1193 2000/2006/1199 2001/2007/1200
f 2001/2007/1200 2000/2006/1199 2002/2008/1200
f 2003/2009/1178 2004/2010/1177 2005/2011/1201
f 2005/2011/1201 2004/2010/1177 2006/2012/1202
f 2007/2013/1203 2008/2014/1200 2009/2015/1204
f 2009/2015/1204 2008/2014/1200 2010/2016/1200
f 2011/2017/1205 2012/2018/1206 2013/2019/1207
f 2013/2019/1207 2012/2018/1206 2014/2020/1208
f 2015/2021/1207 2016/2022/1209 2017/2023/1210
f 2017/2023/1210 2016/2022/1209 2018/2024/1211
f 2019/2025/1212 2020/2026/1213 2021/2027/1214
f 2021/2027/1214 2020/2026/1213 2022/2028/1215
f 2023/2029/1216 2024/2030/1217 2025/2031/1218
f 2025/2031/1218 2024/2030/1217 2026/2032/1219
f 2027/2033/1220 2028/2034/1221 2029/2035/1217
f 2029/2035/1217 2028/2034/1221 2030/2036/1219
f 2031/2037/1222 2032/2038/1223 2033/2039/1224
f 2033/2039/1224 2032/2038/1223 2034/2040/1225
f 2035/2041/1226 2036/2042/1227 2037/2043/1228
f 2037/2043/1228 2036/2042/1227 2038/2044/1229
f 2039/2045/1228 2040/2046/1229 2041/2047/1175
f 2041/2047/1175 2040/2046/1229 2042/2048/1176
f 2043/2049/1175 2044/2050/1174 2045/2051/1230
f 2045/2051/1230 2044/2050/1174 2046/2052/1231
f 2047/2053/1173 2048/2054/1173 2049/2055/1173
f 2049/2055/1173 2048/2054/1173 2050/2056/1173
f 2051/2057/1232 2052/2058/1233 2053/2059/1234
f 2053/2059/1234 2052/2058/1233 2054/2060/1235
f 2055/2061/1236 2056/2062/1235 2057/2063/1237
f 2057/2063/1237 2056/2062/1235 2058/2064/1233
f 2059/2065/1238 2060/2066/1239 2061/2067/1240
f 2061/2067/1240 2060/2066/1239 2062/2068/1241
f 2063/2069/1242 2064/2070/1243 2065/2071/1183
f 2065/2071/1183 2064/2070/1243 2066/2072/1182
f 2067/2073/1244 2068/2074/1245 2069/2075/1246
f 2069/2075/1246 2068/2074/1245 2070/2076/1243
f 2071/2077/1247 2072/2078/1248 2073/2079/1249
f 2073/2079/1249 2072/2078/1248 2074/2080/1250
f 2075/2081/1251 2076/2082/1252 2077/2083/1253
f 2077/2083/1253 2076/2082/1252 2078/2084/1254
f 2079/2085/1255 2080/2086/1256 2081/2087/1257
f 2081/2087/1257 2080/2086/1256 2082/2088/1258
f 2083/2089/1259 2084/2090/1260 2085/2091/1260
f 2085/2091/1260 2084/2090/1260 2086/2092/1261
f 2087/2093/1262 2088/2094/1263 2089/2095/1264
f 2089/2095/1264 2088/2094/1263 2090/2096/1228
f 2091/2097/1265 2092/2098/1266 2093/2099/1267
f 2093/2099/1267 2092/2098/1266 2094/2100/1268
f 2095/2101/1257 2096/2102/1269 2097/2103/1270
f 2097/2103/1270 2096/2102/1269 2098/2104/1271
f 2099/2105/1272 2100/2106/1273 2101/2107/1270
f 2101/2107/1270 2100/2106/1273 2102/2108/1253
f 2103/2109/1173 2104/2110/1274 2105/2111/1275
f 2105/2111/1275 2104/2110/1274 2106/2112/1276
f 2107/2113/1274 2108/2114/1173 2109/2115/1173
f 2109/2115/1173 2108/2114/1173 2110/2116/1173
f 2111/2117/1173 2112/2118/1173 2113/2119/1277
f 2113/2119/1277 2112/2118/1173 2114/2120/1173
f 2115/2121/1278 2116/2122/1279 2117/2123/1276
f 2117/2123/1276 2116/2122/1279 2118/2124/1280
f 2119/2125/1281 2120/2126/1170 2121/2127/1248
f 2121/2127/1248 2120/2126/1170 2122/2128/1169
f 2123/2129/1282 2124/2130/1283 2125/2131/1284
f 2125/2131/1284 2124/2130/1283 2126/2132/1285
f 2127/2133/1272 2128/2134/1286 2129/2135/1287
f 2129/2135/1287 2128/2134/1286 2130/2136/1288
f 2131/2137/1289 2132/2138/1290 2133/2139/1225
f 2133/2139/1225 2132/2138/1290 2134/2140/1291
f 2135/2141/1292 2136/2142/1293 2137/2143/1294
f 2137/2143/1294 2136/2142/1293 2138/2144/1295
f 2139/2145/1296 2140/2146/1297 2141/2147/1272
f 2141/2147/1272 2140/2146/1297 2142/2148/1298
f 2143/2149/1299 2144/2150/1300 2145/2151/1300
f 2145/2151/1300 2144/2150/1300 2146/2152/1301
f 2147/2153/1166 2148/2154/1302 2149/2155/1303
f 2149/2155/1303 2148/2154/1302 2150/2156/1304
f 2151/2157/1305 2152/2158/1306 2153/2159/1307
f 2153/2159/1307 2152/2158/1306 2154/2160/1308
f 2155/2161/1309 2156/2162/1310 2157/2163/1311
f 2157/2163/1311 2156/2162/1310 2158/2164/1312
f 2159/2165/1313 2160/2166/1305 2161/2167/1314
f 2161/2167/1314 2160/2166/1305 2162/2168/1315
f 2163/2169/1245 2164/2170/1244 2165/2171/1316
f 2165/2171/1316 2164/2170/1244 2166/2172/1317
f 2167/2173/1178 2168/2174/1318 2169/2175/1179
f 2169/2175/1179 2168/2174/1318 2170/2176/1319
f 2171/2177/1179 2172/2178/1319 2173/2179/1320
f 2173/2179/1320 2172/2178/1319 2174/2180/1321
f 2175/2181/1322 2176/2182/1208 2177/2183/1323
f 2177/2183/1323 2176/2182/1208 2178/2184/1206
f 2179/2185/1324 2180/2186/1238 2181/2187/1325
f 2181/2187/1325 2180/2186/1238 2182/2188/1279
f 2183/2189/1177 2184/2190/1326 2185/2191/1202
f 2185/2191/1202 2184/2190/1326 2186/2192/1327
f 2187/2193/1233 2188/2194/1328 2189/2195/1329
f 2189/2195/1329 2188/2194/1328 2190/2196/1330
f 2188/2194/1328 2191/2197/1331 2190/2196/1330
f 2190/2196/1330 2191/2197/1331 2192/2198/1332
f 2193/2199/1180 2194/2200/1333 2195/2201/1181
f 2195/2201/1181 2194/2200/1333 2196/2202/1318
f 2194/2200/1333 2197/2203/1334 2196/2202/1318
f 2196/2202/1318 2197/2203/1334 2198/2204/1319
f 2199/2205/1335 2200/2206/1201 2201/2207/1336
f 2201/2207/1336 2200/2206/1201 2202/2208/1244
f 2200/2206/1201 2203/2209/1202 2202/2208/1244
f 2202/2208/1244 2203/2209/1202 2204/2210/1327
f 2205/2211/1334 2206/2212/1337 2207/2213/1319
f 2207/2213/1319 2206/2212/1337 2208/2214/1321
f 2206/2212/1337 2209/2215/1316 2208/2214/1321
f 2208/2214/1321 2209/2215/1316 2210/2216/1338
f 2211/2217/1335 2212/2218/1339 2213/2219/1201
f 2213/2219/1201 2212/2218/1339 2214/2220/1178
f 2212/2218/1339 2215/2221/1340 2214/2220/1178
f 2216/2222/1341 2217/2223/1342 2218/2224/1343
f 2218/2224/1343 2217/2223/1342 2219/2225/1344
f 2217/2223/1342 2220/2226/1330 2219/2225/1344
f 2219/2225/1344 2220/2226/1330 2221/2227/1332
f 2222/2228/1211 2223/2229/1209 2224/2230/1345
f 2224/2230/1345 2223/2229/1209 2225/2231/1212
f 2223/2229/1209 2226/2232/1329 2225/2231/1212
f 2225/2231/1212 2226/2232/1329 2227/2233/1213
f 2228/2234/1215 2229/2235/1213 2230/2236/1341
f 2230/2236/1341 2229/2235/1213 2231/2237/1342
f 2229/2235/1213 2232/2238/1346 2231/2237/1342
f 2231/2237/1342 2232/2238/1346 2233/2239/1330
f 2234/2240/1207 2235/2241/1347 2236/2242/1348
f 2236/2242/1348 2235/2241/1347 2237/2243/1329
f 2235/2241/1347 2238/2244/1237 2237/2243/1329
f 2237/2243/1329 2238/2244/1237 2239/2245/1233
f 2240/2246/1349 2241/2247/1183 2242/2248/1335
f 2242/2248/1335 2241/2247/1183 2243/2249/1339
f 2241/2247/1183 2244/2250/1350 2243/2249/1339
f 2243/2249/1339 2244/2250/1350 2245/2251/1340
f 2244/2250/1350 2246/2252/1318 2245/2251/1340
f 2245/2251/1340 2246/2252/1318 2247/2253/1178
f 2248/2254/1208 2249/2255/1351 2250/2256/1207
f 2250/2256/1207 2249/2255/1351 2251/2257/1352
f 2249/2255/1351 2252/2258/1353 2251/2257/1352
f 2251/2257/1352 2252/2258/1353 2253/2259/1237
f 2254/2260/1354 2255/2261/1355 2256/2262/1356
f 2256/2262/1356 2255/2261/1355 2257/2263/1284
f 2255/2261/1355 2258/2264/1357 2257/2263/1284
f 2257/2263/1284 2258/2264/1357 2259/2265/1282
f 2260/2266/1358 2261/2267/1359 2262/2268/1360
f 2262/2268/1360 2261/2267/1359 2263/2269/1361
f 2261/2267/1359 2264/2270/1314 2263/2269/1361
f 2263/2269/1361 2264/2270/1314 2265/2271/1362
f 2266/2272/1363 2267/2273/1364 2268/2274/1365
f 2268/2274/1365 2267/2273/1364 2269/2275/1366
f 2267/2273/1364 2270/2276/1367 2269/2275/1366
f 2269/2275/1366 2270/2276/1367 2271/2277/1163
f 2272/2278/1365 2273/2279/1368 2274/2280/1369
f 2274/2280/1369 2273/2279/1368 2275/2281/1370
f 2273/2279/1368 2276/2282/1371 2275/2281/1370
f 2275/2281/1370 2276/2282/1371 2277/2283/1372
f 2278/2284/1373 2279/2285/1374 2280/2286/1169
f 2280/2286/1169 2279/2285/1374 2281/2287/1289
f 2279/2285/1374 2282/2288/1290 2281/2287/1289
f 2283/2289/1375 2284/2290/1376 2285/2291/1298
f 2285/2291/1298 2284/2290/1376 2286/2292/1272
f 2284/2290/1376 2287/2293/1377 2286/2292/1272
f 2288/2294/1283 2289/2295/1378 2290/2296/1285
f 2290/2296/1285 2289/2295/1378 2291/2297/1286
f 2289/2295/1378 2292/2298/1288 2291/2297/1286
usemtl mat0.409
f 2293/2299/1379 2294/2300/1380 2295/2301/1380
f 2295/2301/1380 2294/2300/1380 2296/2302/1381
f 2297/2303/1382 2298/2304/1383 2299/2305/1384
f 2299/2305/1384 2298/2304/1383 2300/2306/1385
f 2301/2307/1386 2302/2308/1387 2303/2309/1388
f 2303/2309/1388 2302/2308/1387 2304/2310/1389
f 2305/2311/1390 2306/2312/1391 2307/2313/1392
f 2307/2313/1392 2306/2312/1391 2308/2314/1393
f 2309/2315/1394 2310/2316/1395 2311/2317/1396
f 2311/2317/1396 2310/2316/1395 2312/2318/1397
f 2313/2319/1398 2314/2320/1399 2315/2321/1399
f 2315/2321/1399 2314/2320/1399 2316/2322/1400
f 2317/2323/1401 2318/2324/1384 2319/2325/1402
f 2319/2325/1402 2318/2324/1384 2320/2326/1385
f 2321/2327/1403 2322/2328/1404 2323/2329/1388
f 2323/2329/1388 2322/2328/1404 2324/2330/1386
f 2325/2331/1405 2326/2332/1406 2327/2333/1392
f 2327/2333/1392 2326/2332/1406 2328/2334/1390
f 2329/2335/1407 2330/2336/1408 2331/2337/1396
f 2331/2337/1396 2330/2336/1408 2332/2338/1394
usemtl mat0.410
f 2333/2339/1409 2334/2340/1410 2335/2341/1411
f 2335/2341/1411 2334/2340/1410 2336/2342/1412
f 2337/2343/1411 2338/2344/1412 2339/2345/1413
f 2339/2345/1413 2338/2344/1412 2340/2346/1414
f 2341/2347/1415 2342/2348/1416 2343/2349/1417
f 2343/2349/1417 2342/2348/1416 2344/2350/1418
f 2345/2351/1419 2346/2352/1420 2347/2353/1421
f 2347/2353/1421 2346/2352/1420 2348/2354/1422
f 2349/2355/1423 2350/2356/1424 2351/2357/1425
f 2351/2357/1425 2350/2356/1424 2352/2358/1426
f 2353/2359/1427 2354/2360/1428 2355/2361/1429
f 2355/2361/1429 2354/2360/1428 2356/2362/1430
f 2357/2363/1431 2358/2364/1432 2359/2365/1433
f 2359/2365/1433 2358/2364/1432 2360/2366/1434
f 2361/2367/1419 2362/2368/1435 2363/2369/1420
f 2363/2369/1420 2362/2368/1435 2364/2370/1436
f 2365/2371/1415 2366/2372/1417 2367/2373/1437
f 2367/2373/1437 2366/2372/1417 2368/2374/1438
f 2369/2375/1439 2370/2376/1440 2371/2377/1441
f 2371/2377/1441 2370/2376/1440 2372/2378/1442
f 2373/2379/1443 2374/2380/1424 2375/2381/1444
f 2375/2381/1444 2374/2380/1424 2376/2382/1423
f 2377/2383/1445 2378/2384/1429 2379/2385/1446
f 2379/2385/1446 2378/2384/1429 2380/2386/1415
f 2381/2387/1447 2382/2388/1433 2383/2389/1448
f 2383/2389/1448 2382/2388/1433 2384/2390/1434
f 2385/2391/1439 2386/2392/1449 2387/2393/1450
f 2387/2393/1450 2386/2392/1449 2388/2394/1451
f 2389/2395/1409 2390/2396/1411 2391/2397/1452
f 2391/2397/1452 2390/2396/1411 2392/2398/1453
f 2390/2396/1411 2393/2399/1413 2392/2398/1453
f 2392/2398/1453 2393/2399/1413 2394/2400/1454
usemtl mat0.411
f 2395/2401/1455 2396/2402/1456 2397/2403/1455
f 2398/2404/1457 2399/2405/1457 2400/2406/1457
f 2401/2407/1458 2402/2408/1459 2403/2409/1460
f 2403/2409/1460 2402/2408/1459 2404/2410/1461
f 2405/2411/1462 2406/2412/1463 2407/2413/1464
f 2407/2413/1464 2406/2412/1463 2408/2414/1465
f 2409/2415/1459 2410/2416/1458 2411/2417/1466
f 2411/2417/1466 2410/2416/1458 2412/2418/1467
f 2413/2419/1468 2414/2420/1469 2415/2421/1465
f 2415/2421/1465 2414/2420/1469 2416/2422/1470
f 2417/2423/1471 2418/2424/1472 2419/2425/1473
f 2419/2425/1473 2418/2424/1472 2420/2426/1474
f 2421/2427/1475 2422/2428/1467 2423/2429/1476
f 2423/2429/1476 2422/2428/1467 2424/2430/1458
f 2425/2431/1477 2426/2432/1478 2427/2433/1468
f 2427/2433/1468 2426/2432/1478 2428/2434/1469
f 2429/2435/1479 2430/2436/1480 2431/2437/1481
f 2431/2437/1481 2430/2436/1480 2432/2438/1482
f 2433/2439/1480 2434/2440/1483 2435/2441/1484
f 2435/2441/1484 2434/2440/1483 2436/2442/1473
usemtl mat0.412
f 2437/2443/1485 2438/2444/1485 2439/2445/1485
f 2440/2446/1486 2441/2447/1486 2442/2448/1486
f 2443/2449/1487 2444/2450/1488 2445/2451/1489
f 2445/2451/1489 2444/2450/1488 2446/2452/1490
f 2447/2453/1491 2448/2454/1492 2449/2455/1493
f 2449/2455/1493 2448/2454/1492 2450/2456/1494
f 2451/2457/1495 2452/2458/1496 2453/2459/1497
f 2453/2459/1497 2452/2458/1496 2454/2460/1498
f 2455/2461/1498 2456/2462/1499 2457/2463/1500
f 2457/2463/1500 2456/2462/1499 2458/2464/1501
f 2459/2465/1502 2460/2466/1503 2461/2467/1498
f 2461/2467/1498 2460/2466/1503 2462/2468/1504
f 2463/2469/1489 2464/2470/1494 2465/2471/1505
f 2465/2471/1505 2464/2470/1494 2466/2472/1492
f 2467/2473/1506 2468/2474/1507 2469/2475/1508
f 2469/2475/1508 2468/2474/1507 2470/2476/1509
f 2468/2474/1507 2471/2477/1510 2470/2476/1509
f 2470/2476/1509 2471/2477/1510 2472/2478/1511
f 2471/2477/1510 2473/2479/1512 2472/2478/1511
f 2472/2478/1511 2473/2479/1512 2474/2480/1513
usemtl mat0.413
f 2475/2481/1514 2476/2482/1515 2477/2483/1516
f 2478/2484/1517 2479/2485/1518 2480/2486/1519
f 2481/2487/1520 2482/2488/1521 2483/2489/1522
f 2484/2490/1523 2485/2491/1524 2486/2492/1525
f 2487/2493/1526 2488/2494/1527 2489/2495/1528
f 2490/2496/1529 2491/2497/1530 2492/2498/1531
f 2492/2498/1531 2491/2497/1530 2493/2499/1530
f 2494/2500/1532 2495/2501/1533 2496/2502/1534
f 2496/2502/1534 2495/2501/1533 2497/2503/1535
f 2498/2504/1536 2499/2505/1537 2500/2506/1538
f 2500/2506/1538 2499/2505/1537 2501/2507/1532
f 2502/2508/1539 2503/2509/1540 2504/2510/1541
f 2504/2510/1541 2503/2509/1540 2505/2511/1542
f 2506/2512/1543 2507/2513/1544 2508/2514/1545
f 2508/2514/1545 2507/2513/1544 2509/2515/1546
f 2510/2516/1534 2511/2517/1535 2512/2518/1547
f 2512/2518/1547 2511/2517/1535 2513/2519/1545
f 2514/2520/1548 2515/2521/1549 2516/2522/1530
f 2516/2522/1530 2515/2521/1549 2517/2523/1530
f 2518/2524/1550 2519/2525/1551 2520/2526/1548
f 2520/2526/1548 2519/2525/1551 2521/2527/1549
f 2522/2528/1552 2523/2529/1553 2524/2530/1551
f 2524/2530/1551 2523/2529/1553 2525/2531/1554
f 2526/2532/1555 2527/2533/1529 2528/2534/1556
f 2528/2534/1556 2527/2533/1529 2529/2535/1531
f 2530/2536/1557 2531/2537/1558 2532/2538/1536
f 2532/2538/1536 2531/2537/1558 2533/2539/1559
f 2534/2540/1556 2535/2541/1555 2536/2542/1560
f 2536/2542/1560 2535/2541/1555 2537/2543/1561
f 2538/2544/1527 2539/2545/1526 2540/2546/1543
f 2540/2546/1543 2539/2545/1526 2541/2547/1562
f 2542/2548/1560 2543/2549/1561 2544/2550/1563
f 2544/2550/1563 2543/2549/1561 2545/2551/1563
f 2546/2552/1564 2547/2553/1565 2548/2554/1566
f 2548/2554/1566 2547/2553/1565 2549/2555/1567
f 2550/2556/1568 2551/2557/1569 2552/2558/1564
f 2552/2558/1564 2551/2557/1569 2553/2559/1570
f 2554/2560/1571 2555/2561/1572 2556/2562/1573
f 2556/2562/1573 2555/2561/1572 2557/2563/1568
f 2558/2564/1574 2559/2565/1575 2560/2566/1576
f 2560/2566/1576 2559/2565/1575 2561/2567/1577
f 2562/2568/1567 2563/2569/1565 2564/2570/1578
f 2564/2570/1578 2563/2569/1565 2565/2571/1579
f 2566/2572/1580 2567/2573/1581 2568/2574/1582
f 2568/2574/1582 2567/2573/1581 2569/2575/1583
f 2570/2576/1583 2571/2577/1584 2572/2578/1585
f 2572/2578/1585 2571/2577/1584 2573/2579/1586
f 2574/2580/1587 2575/2581/1588 2576/2582/1589
f 2576/2582/1589 2575/2581/1588 2577/2583/1590
f 2578/2584/1576 2579/2585/1591 2580/2586/1592
f 2580/2586/1592 2579/2585/1591 2581/2587/1593
f 2582/2588/1594 2583/2589/1563 2584/2590/1595
f 2584/2590/1595 2583/2589/1563 2585/2591/1563
f 2586/2592/1596 2587/2593/1597 2588/2594/1598
f 2588/2594/1598 2587/2593/1597 2589/2595/1544
f 2590/2596/1576 2591/2597/1599 2592/2598/1574
f 2592/2598/1574 2591/2597/1599 2593/2599/1600
f 2594/2600/1574 2595/2601/1600 2596/2602/1601
f 2596/2602/1601 2595/2601/1600 2597/2603/1602
f 2598/2604/1603 2599/2605/1604 2600/2606/1605
f 2600/2606/1605 2599/2605/1604 2601/2607/1606
f 2602/2608/1607 2603/2609/1603 2604/2610/1608
f 2604/2610/1608 2603/2609/1603 2605/2611/1605
f 2606/2612/1609 2607/2613/1610 2608/2614/1567
f 2608/2614/1567 2607/2613/1610 2609/2615/1566
f 2610/2616/1611 2611/2617/1612 2612/2618/1613
f 2612/2618/1613 2611/2617/1612 2613/2619/1614
f 2614/2620/1615 2615/2621/1616 2616/2622/1617
f 2616/2622/1617 2615/2621/1616 2617/2623/1618
f 2618/2624/1619 2619/2625/1620 2620/2626/1621
f 2620/2626/1621 2619/2625/1620 2621/2627/1622
f 2622/2628/1623 2623/2629/1624 2624/2630/1625
f 2624/2630/1625 2623/2629/1624 2625/2631/1626
f 2626/2632/1627 2627/2633/1628 2628/2634/1628
f 2628/2634/1628 2627/2633/1628 2629/2635/1629
f 2630/2636/1630 2631/2637/1618 2632/2638/1631
f 2632/2638/1631 2631/2637/1618 2633/2639/1616
f 2634/2640/1632 2635/2641/1632 2636/2642/1632
f 2636/2642/1632 2635/2641/1632 2637/2643/1632
f 2638/2644/1614 2639/2645/1612 2640/2646/1633
f 2640/2646/1633 2639/2645/1612 2641/2647/1514
f 2642/2648/1634 2643/2649/1635 2644/2650/1636
f 2644/2650/1636 2643/2649/1635 2645/2651/1637
f 2646/2652/1638 2647/2653/1639 2648/2654/1640
f 2648/2654/1640 2647/2653/1639 2649/2655/1641
f 2650/2656/1642 2651/2657/1643 2652/2658/1643
f 2652/2658/1643 2651/2657/1643 2653/2659/1644
f 2654/2660/1645 2655/2661/1646 2656/2662/1646
f 2656/2662/1646 2655/2661/1646 2657/2663/1647
f 2658/2664/1634 2659/2665/1648 2660/2666/1635
f 2660/2666/1635 2659/2665/1648 2661/2667/1589
f 2662/2668/1649 2663/2669/1650 2664/2670/1651
f 2664/2670/1651 2663/2669/1650 2665/2671/1652
f 2666/2672/1515 2667/2673/1514 2668/2674/1519
f 2668/2674/1519 2667/2673/1514 2669/2675/1653
f 2670/2676/1654 2671/2677/1655 2672/2678/1656
f 2672/2678/1656 2671/2677/1655 2673/2679/1657
f 2674/2680/1658 2675/2681/1659 2676/2682/1659
f 2676/2682/1659 2675/2681/1659 2677/2683/1660
f 2678/2684/1661 2679/2685/1520 2680/2686/1637
f 2680/2686/1637 2679/2685/1520 2681/2687/1636
f 2682/2688/1662 2683/2689/1641 2684/2690/1649
f 2684/2690/1649 2683/2689/1641 2685/2691/1650
f 2686/2692/1540 2687/2693/1663 2688/2694/1557
f 2688/2694/1557 2687/2693/1663 2689/2695/1558
f 2690/2696/1526 2691/2697/1663 2692/2698/1562
f 2692/2698/1562 2691/2697/1663 2693/2699/1597
f 2694/2700/1524 2695/2701/1664 2696/2702/1625
f 2696/2702/1625 2695/2701/1664 2697/2703/1665
f 2698/2704/1666 2699/2705/1667 2700/2706/1654
f 2700/2706/1654 2699/2705/1667 2701/2707/1655
f 2702/2708/1532 2703/2709/1537 2704/2710/1533
f 2704/2710/1533 2703/2709/1537 2705/2711/1668
f 2706/2712/1665 2707/2713/1669 2708/2714/1625
f 2708/2714/1625 2707/2713/1669 2709/2715/1623
f 2707/2713/1669 2710/2716/1670 2709/2715/1623
f 2709/2715/1623 2710/2716/1670 2711/2717/1671
f 2712/2718/1672 2713/2719/1673 2714/2720/1674
f 2714/2720/1674 2713/2719/1673 2715/2721/1534
f 2713/2719/1673 2716/2722/1675 2715/2721/1534
f 2715/2721/1534 2716/2722/1675 2717/2723/1532
f 2718/2724/1542 2719/2725/1676 2720/2726/1597
f 2720/2726/1597 2719/2725/1676 2721/2727/1544
f 2719/2725/1676 2722/2728/1672 2721/2727/1544
f 2721/2727/1544 2722/2728/1672 2723/2729/1547
f 2724/2730/1677 2725/2731/1678 2726/2732/1543
f 2726/2732/1543 2725/2731/1678 2727/2733/1527
f 2725/2731/1678 2728/2734/1533 2727/2733/1527
f 2729/2735/1679 2730/2736/1680 2731/2737/1681
f 2731/2737/1681 2730/2736/1680 2732/2738/1682
f 2730/2736/1680 2733/2739/1683 2732/2738/1682
f 2732/2738/1682 2733/2739/1683 2734/2740/1684
f 2735/2741/1570 2736/2742/1685 2737/2743/1579
f 2737/2743/1579 2736/2742/1685 2738/2744/1575
f 2736/2742/1685 2739/2745/1571 2738/2744/1575
f 2738/2744/1575 2739/2745/1571 2740/2746/1681
f 2739/2745/1571 2741/2747/1573 2740/2746/1681
f 2740/2746/1681 2741/2747/1573 2742/2748/1679
f 2743/2749/1686 2744/2750/1682 2745/2751/1575
f 2745/2751/1575 2744/2750/1682 2746/2752/1687
f 2744/2750/1682 2747/2753/1684 2746/2752/1687
f 2746/2752/1687 2747/2753/1684 2748/2754/1593
f 2749/2755/1578 2750/2756/1579 2751/2757/1602
f 2751/2757/1602 2750/2756/1579 2752/2758/1688
f 2750/2756/1579 2753/2759/1575 2752/2758/1688
f 2752/2758/1688 2753/2759/1575 2754/2760/1574
f 2755/2761/1517 2756/2762/1689 2757/2763/1690
f 2757/2763/1690 2756/2762/1689 2758/2764/1691
f 2756/2762/1689 2759/2765/1692 2758/2764/1691
f 2758/2764/1691 2759/2765/1692 2760/2766/1693
f 2761/2767/1694 2762/2768/1528 2763/2769/1539
f 2763/2769/1539 2762/2768/1528 2764/2770/1558
f 2762/2768/1528 2765/2771/1668 2764/2770/1558
f 2764/2770/1558 2765/2771/1668 2766/2772/1695
f 2767/2773/1696 2768/2774/1632 2769/2775/1632
f 2769/2775/1632 2768/2774/1632 2770/2776/1697
f 2768/2774/1632 2771/2777/1632 2770/2776/1697
f 2770/2776/1697 2771/2777/1632 2772/2778/1698
f 2771/2777/1632 2773/2779/1632 2772/2778/1698
f 2774/2780/1699 2775/2781/1700 2776/2782/1701
f 2776/2782/1701 2775/2781/1700 2777/2783/1702
f 2775/2781/1700 2778/2784/1703 2777/2783/1702
f 2777/2783/1702 2778/2784/1703 2779/2785/1630
f 2780/2786/1632 2781/2787/1704 2782/2788/1698
f 2782/2788/1698 2781/2787/1704 2783/2789/1705
f 2781/2787/1704 2784/2790/1607 2783/2789/1705
f 2783/2789/1705 2784/2790/1607 2785/2791/1706
f 2786/2792/1522 2787/2793/1521 2788/2794/1703
f 2788/2794/1703 2787/2793/1521 2789/2795/1630
f 2787/2793/1521 2790/2796/1707 2789/2795/1630
f 2791/2797/1708 2792/2798/1638 2793/2799/1709
f 2793/2799/1709 2792/2798/1638 2794/2800/1710
f 2792/2798/1638 2795/2801/1711 2794/2800/1710
f 2796/2802/1712 2797/2803/1713 2798/2804/1707
f 2798/2804/1707 2797/2803/1713 2799/2805/1630
f 2797/2803/1713 2800/2806/1714 2799/2805/1630
f 2799/2805/1630 2800/2806/1714 2801/2807/1715
f 2802/2808/1716 2803/2809/1717 2804/2810/1718
f 2804/2810/1718 2803/2809/1717 2805/2811/1719
f 2803/2809/1717 2806/2812/1720 2805/2811/1719
f 2807/2813/1721 2808/2814/1722 2809/2815/1723
f 2809/2815/1723 2808/2814/1722 2810/2816/1724
f 2808/2814/1722 2811/2817/1667 2810/2816/1724
f 2810/2816/1724 2811/2817/1667 2812/2818/1666
usemtl mat0.414
f 2813/2819/239 2814/2820/239 2815/2821/239
f 2816/2822/1725 2817/2823/1725 2818/2824/1725
f 2818/2824/1725 2817/2823/1725 2819/2825/1725
f 2820/2826/1726 2821/2827/1727 2822/2828/1727
f 2822/2828/1727 2821/2827/1727 2823/2829/1726
f 2824/2830/86 2825/2831/86 2826/2832/86
f 2826/2832/86 2825/2831/86 2827/2833/86
f 2828/2834/1728 2829/2835/1728 2830/2836/1728
f 2830/2836/1728 2829/2835/1728 2831/2837/1728
f 2832/2838/86 2833/2839/86 2834/2840/86
f 2834/2840/86 2833/2839/86 2835/2841/86
f 2836/2842/1729 2837/2843/1730 2838/2844/1731
f 2838/2844/1731 2837/2843/1730 2839/2845/1732
f 2840/2846/1733 2841/2847/1733 2842/2848/1734
f 2842/2848/1734 2841/2847/1733 2843/2849/1730
f 2844/2850/1728 2845/2851/1728 2846/2852/1728
f 2846/2852/1728 2845/2851/1728 2847/2853/1728
f 2848/2854/1725 2849/2855/1725 2850/2856/1725
f 2850/2856/1725 2849/2855/1725 2851/2857/1725
f 2852/2858/1726 2853/2859/1727 2854/2860/1727
f 2854/2860/1727 2853/2859/1727 2855/2861/1726
f 2856/2862/1731 2857/2863/1732 2858/2864/1735
f 2858/2864/1735 2857/2863/1732 2859/2865/1735
f 2860/2866/239 2861/2867/239 2862/2868/239
f 2862/2868/239 2861/2867/239 2863/2869/239
f 2861/2867/239 2864/2870/239 2863/2869/239
f 2865/2871/1735 2866/2872/1732 2867/2873/1735
f 2867/2873/1735 2866/2872/1732 2868/2874/1731
f 2866/2872/1732 2869/2875/1730 2868/2874/1731
f 2868/2874/1731 2869/2875/1730 2870/2876/1736
f 2869/2875/1730 2871/2877/1733 2870/2876/1736
f 2870/2876/1736 2871/2877/1733 2872/2878/1733
usemtl mat0.415
f 2873/2879/1737 2874/2880/1738 2875/2881/1739
f 2875/2881/1739 2874/2880/1738 2876/2882/1740
f 2877/2883/1741 2878/2884/1742 2879/2885/1743
f 2879/2885/1743 2878/2884/1742 2880/2886/1744
f 2881/2887/1745 2882/2888/1746 2883/2889/1747
f 2883/2889/1747 2882/2888/1746 2884/2890/1748
f 2885/2891/1739 2886/2892/1749 2887/2893/1737
f 2887/2893/1737 2886/2892/1749 2888/2894/1750
f 2889/2895/1751 2890/2896/1746 2891/2897/1752
f 2891/2897/1752 2890/2896/1746 2892/2898/1750
f 2893/2899/1740 2894/2900/1743 2895/2901/1753
f 2895/2901/1753 2894/2900/1743 2896/2902/1754
f 2894/2900/1743 2897/2903/1755 2896/2902/1754
f 2896/2902/1754 2897/2903/1755 2898/2904/1756
f 2899/2905/1757 2900/2906/1758 2901/2907/1759
f 2901/2907/1759 2900/2906/1758 2902/2908/1760
f 2900/2906/1758 2903/2909/1761 2902/2908/1760
f 2902/2908/1760 2903/2909/1761 2904/2910/1762
f 2905/2911/1757 2906/2912/1763 2907/2913/1741
f 2907/2913/1741 2906/2912/1763 2908/2914/1742
f 2906/2912/1763 2909/2915/1760 2908/2914/1742
f 2908/2914/1742 2909/2915/1760 2910/2916/1755
f 2909/2915/1760 2911/2917/1764 2910/2916/1755
f 2910/2916/1755 2911/2917/1764 2912/2918/1765
f 2911/2917/1764 2913/2919/1766 2912/2918/1765
f 2912/2918/1765 2913/2919/1766 2914/2920/1767
f 2913/2919/1766 2915/2921/1747 2914/2920/1767
f 2914/2920/1767 2915/2921/1747 2916/2922/1768
f 2915/2921/1747 2917/2923/1751 2916/2922/1768
f 2916/2922/1768 2917/2923/1751 2918/2924/1740
f 2917/2923/1751 2919/2925/1749 2918/2924/1740
f 2918/2924/1740 2919/2925/1749 2920/2926/1769
usemtl mat0.416
f 2921/2927/1770 2922/2928/1771 2923/2929/1772
f 2923/2929/1772 2922/2928/1771 2924/2930/1773
f 2925/2931/1774 2926/2932/1775 2927/2933/1776
f 2927/2933/1776 2926/2932/1775 2928/2934/1771
f 2929/2935/1777 2930/2936/1778 2931/2937/1779
f 2931/2937/1779 2930/2936/1778 2932/2938/1780
f 2933/2939/1777 2934/2940/1781 2935/2941/1778
f 2935/2941/1778 2934/2940/1781 2936/2942/1782
f 2937/2943/1777 2938/2944/1783 2939/2945/1784
f 2939/2945/1784 2938/2944/1783 2940/2946/1785
f 2941/2947/1786 2942/2948/1780 2943/2949/1787
f 2943/2949/1787 2942/2948/1780 2944/2950/1788
f 2945/2951/1772 2946/2952/1789 2947/2953/1790
f 2947/2953/1790 2946/2952/1789 2948/2954/1791
f 2949/2955/1791 2950/2956/1773 2951/2957/1792
f 2951/2957/1792 2950/2956/1773 2952/2958/1793
f 2953/2959/1787 2954/2960/1771 2955/2961/1794
f 2955/2961/1794 2954/2960/1771 2956/2962/1775
f 2957/2963/1788 2958/2964/1795 2959/2965/1792
f 2959/2965/1792 2958/2964/1795 2960/2966/1791
f 2958/2964/1795 2961/2967/1796 2960/2966/1791
f 2960/2966/1791 2961/2967/1796 2962/2968/1797
f 2963/2969/1775 2964/2970/1798 2965/2971/1786
f 2965/2971/1786 2964/2970/1798 2966/2972/1799
f 2964/2970/1798 2967/2973/1800 2966/2972/1799
f 2966/2972/1799 2967/2973/1800 2968/2974/1801
f 2967/2973/1800 2969/2975/1772 2968/2974/1801
f 2968/2974/1801 2969/2975/1772 2970/2976/1797
f 2971/2977/1786 2972/2978/1802 2973/2979/1803
f 2973/2979/1803 2972/2978/1802 2974/2980/1804
f 2972/2978/1802 2975/2981/1783 2974/2980/1804
f 2974/2980/1804 2975/2981/1783 2976/2982/1777
