# Blender v2.82 (sub 7) OBJ File: ''
# www.blender.org
mtllib Battle Ax Vladitor Closed.mtl
o Mesh_0014.rip_Mesh_0014.rip_mesh0000
v -0.247812 0.197031 -0.404219
v -0.245781 0.188906 -0.213281
v -0.201094 0.231563 -0.215312
v -0.166562 0.205156 0.166563
v -0.211250 0.251875 0.026406
v -0.178750 0.134062 0.127969
v -0.127969 0.227500 0.164531
v -0.205156 0.264062 -0.052812
v -0.190937 0.219375 -0.056875
v -0.099531 0.213281 0.221406
v -0.121875 0.190937 0.245781
v -0.107656 0.158437 0.237656
v -0.223437 0.178750 -0.060937
v -0.245781 0.188906 -0.213281
v -0.241719 0.097500 -0.067031
v -0.152344 0.316875 0.044688
v -0.211250 0.251875 0.026406
v -0.215312 0.343281 -0.044687
v -0.278281 -0.526094 -0.000000
v -0.278281 -0.428594 0.300625
v -0.278281 -0.428594 -0.300625
v 0.166562 0.205156 0.166563
v 0.178750 0.134062 0.127969
v 0.211250 0.251875 0.026406
v -0.278281 -0.095469 0.520000
v -0.402187 -0.095469 -0.375781
v -0.278281 -0.095469 -0.517969
v 0.050781 0.361562 0.101563
v 0.107656 0.320937 0.101563
v 0.107656 0.369687 -0.054844
v 0.249844 -0.038594 -0.067031
v 0.209219 -0.034531 0.113750
v 0.296562 -0.036563 0.197031
v 0.121875 0.190937 0.245781
v 0.107656 0.158437 0.237656
v 0.146250 0.146250 0.188906
v 0.099531 0.213281 0.221406
v 0.107656 0.158437 0.237656
v 0.121875 0.190937 0.245781
v 0.119844 -0.034531 0.270156
v 0.138125 -0.034531 0.570781
v 0.278281 -0.034531 0.520000
v 0.296562 -0.036563 0.197031
v 0.316875 -0.018281 0.197031
v 0.288437 0.034531 0.048750
v 0.223437 0.178750 -0.060937
v 0.241719 0.097500 -0.067031
v 0.245781 0.188906 -0.213281
v 0.278281 -0.095469 0.520000
v 0.402187 -0.095469 0.016250
v 0.402187 -0.095469 0.371719
v -0.107656 0.379844 -0.229531
v 0.000000 0.414375 -0.050781
v 0.000000 0.424531 -0.233594
v 0.107656 0.379844 -0.229531
v 0.000000 0.416406 -0.489531
v 0.000000 0.424531 -0.233594
v 0.113750 0.371719 -0.481406
v 0.107656 0.379844 -0.229531
v 0.314844 -0.034531 0.298594
v 0.402187 -0.034531 0.371719
v 0.345312 -0.034531 0.197031
v 0.402187 -0.034531 0.016250
v 0.107656 0.320937 0.101563
v 0.101562 0.268125 0.188906
v 0.127969 0.227500 0.164531
v 0.099531 0.213281 0.221406
v 0.192969 0.243750 -0.436719
v 0.119844 0.239688 -0.522031
v 0.192969 0.276250 -0.444844
v 0.113750 0.371719 -0.481406
v 0.000000 0.136094 -0.585000
v 0.119844 0.239688 -0.522031
v 0.121875 0.136094 -0.566719
v 0.215312 0.168594 -0.471250
v 0.000000 -0.034531 0.589062
v 0.138125 -0.034531 0.570781
v 0.000000 -0.034531 0.343281
v 0.119844 -0.034531 0.270156
v -0.119844 0.239688 -0.522031
v 0.000000 0.266094 -0.534219
v 0.000000 0.136094 -0.585000
v 0.119844 0.239688 -0.522031
v 0.201094 0.075156 0.123906
v 0.209219 -0.034531 0.113750
v 0.241719 0.097500 -0.067031
v 0.249844 -0.038594 -0.067031
v 0.296562 -0.036563 0.197031
v 0.288437 0.034531 0.048750
v 0.249844 -0.038594 -0.067031
v 0.241719 0.097500 -0.067031
v 0.052812 0.154375 0.288438
v 0.107656 0.158437 0.237656
v 0.048750 0.203125 0.264063
v 0.099531 0.213281 0.221406
v 0.121875 0.190937 0.245781
v 0.146250 0.146250 0.188906
v 0.166562 0.205156 0.166563
v 0.178750 0.134062 0.127969
v 0.178750 0.134062 0.127969
v 0.127969 0.227500 0.164531
v 0.211250 0.251875 0.026406
v 0.152344 0.316875 0.044688
v 0.215312 0.343281 -0.044687
v 0.195000 0.300625 0.040625
v 0.211250 0.251875 0.026406
v 0.166562 0.205156 0.166563
v 0.050781 0.361562 0.101563
v 0.046719 0.294531 0.195000
v 0.107656 0.320937 0.101563
v 0.101562 0.268125 0.188906
v 0.121875 0.136094 -0.566719
v 0.215312 0.168594 -0.471250
v 0.262031 0.136094 -0.517969
v 0.302656 0.180781 -0.432656
v 0.146250 0.146250 0.188906
v 0.107656 0.158437 0.237656
v 0.162500 0.069062 0.195000
v 0.115781 0.060937 0.260000
v 0.000000 0.377812 0.101563
v 0.000000 0.298594 0.199063
v 0.050781 0.361562 0.101563
v 0.046719 0.294531 0.195000
v 0.052812 0.154375 0.288438
v 0.048750 0.203125 0.264063
v 0.000000 0.152344 0.296563
v 0.000000 0.199062 0.274219
v 0.190937 0.219375 -0.056875
v 0.223437 0.178750 -0.060937
v 0.201094 0.231563 -0.215312
v 0.245781 0.188906 -0.213281
v 0.127969 0.227500 0.164531
v 0.178750 0.134062 0.127969
v 0.190937 0.219375 -0.056875
v 0.223437 0.178750 -0.060937
v -0.278281 -0.278281 -0.438750
v -0.278281 -0.095469 -0.517969
v -0.138125 -0.306719 -0.481406
v -0.138125 -0.095469 -0.566719
v -0.138125 -0.306719 -0.481406
v -0.138125 -0.095469 -0.566719
v 0.000000 -0.316875 -0.495625
v 0.000000 -0.095469 -0.585000
v 0.000000 -0.595156 -0.000000
v -0.138125 -0.576875 -0.000000
v 0.000000 -0.485469 -0.339219
v -0.138125 -0.469219 -0.329063
v 0.000000 -0.485469 0.339219
v -0.138125 -0.469219 0.329062
v 0.000000 -0.595156 -0.000000
v -0.138125 -0.576875 -0.000000
v -0.278281 -0.278281 -0.438750
v -0.278281 -0.278281 0.434687
v -0.278281 -0.095469 -0.517969
v -0.278281 -0.095469 0.520000
v -0.278281 -0.428594 -0.300625
v -0.278281 -0.428594 0.300625
v -0.278281 -0.278281 -0.438750
v -0.278281 -0.278281 0.434687
v -0.278281 -0.095469 0.520000
v -0.278281 -0.034531 0.520000
v -0.402187 -0.095469 0.371719
v -0.402187 -0.034531 0.371719
v 0.000000 0.136094 -0.585000
v 0.000000 -0.095469 -0.585000
v -0.121875 0.136094 -0.566719
v -0.138125 -0.095469 -0.566719
v -0.402187 -0.095469 0.016250
v -0.402187 0.016250 -0.176719
v -0.402187 -0.095469 -0.375781
v -0.402187 0.069063 -0.375781
v -0.138125 -0.095469 0.570781
v -0.138125 -0.034531 0.570781
v -0.278281 -0.095469 0.520000
v -0.278281 -0.034531 0.520000
v -0.262031 0.136094 -0.517969
v -0.278281 -0.095469 -0.517969
v -0.402187 0.069063 -0.375781
v -0.402187 -0.095469 -0.375781
v -0.245781 0.188906 -0.213281
v -0.331094 0.160469 -0.211250
v -0.241719 0.097500 -0.067031
v -0.329062 0.097500 -0.058906
v -0.050781 0.361562 0.101563
v 0.000000 0.377812 0.101563
v 0.000000 0.414375 -0.050781
v 0.050781 0.361562 0.101563
v 0.107656 0.379844 -0.229531
v 0.000000 0.414375 -0.050781
v 0.107656 0.369687 -0.054844
v 0.050781 0.361562 0.101563
v -0.402187 -0.095469 -0.375781
v -0.278281 -0.095469 0.520000
v -0.402187 -0.095469 0.016250
v -0.402187 -0.095469 0.371719
v -0.247812 0.197031 -0.404219
v -0.312812 0.184844 -0.394062
v -0.245781 0.188906 -0.213281
v -0.331094 0.160469 -0.211250
v -0.345312 -0.034531 0.197031
v -0.316875 -0.018281 0.197031
v -0.335156 0.030469 0.038594
v -0.288437 0.034531 0.048750
v -0.345312 -0.034531 0.197031
v -0.335156 0.030469 0.038594
v -0.402187 -0.034531 0.016250
v -0.329062 0.097500 -0.058906
v -0.402187 0.016250 -0.176719
v -0.331094 0.160469 -0.211250
v -0.402187 0.069063 -0.375781
v -0.312812 0.184844 -0.394062
v -0.312812 0.184844 -0.394062
v -0.247812 0.197031 -0.404219
v -0.302656 0.180781 -0.432656
v -0.215312 0.168594 -0.471250
v -0.345312 -0.034531 0.197031
v -0.314844 -0.034531 0.298594
v -0.316875 -0.018281 0.197031
v -0.296562 -0.036563 0.197031
v -0.107656 0.379844 -0.229531
v -0.107656 0.369687 -0.054844
v 0.000000 0.414375 -0.050781
v -0.050781 0.361562 0.101563
v 0.000000 0.416406 -0.489531
v 0.000000 0.266094 -0.534219
v -0.113750 0.371719 -0.481406
v -0.119844 0.239688 -0.522031
v -0.201094 0.075156 0.123906
v -0.178750 0.134062 0.127969
v -0.241719 0.097500 -0.067031
v -0.223437 0.178750 -0.060937
v -0.209219 -0.034531 0.113750
v -0.170625 -0.034531 0.190937
v -0.201094 0.075156 0.123906
v -0.162500 0.069062 0.195000
v 0.000000 0.136094 -0.585000
v -0.121875 0.136094 -0.566719
v -0.119844 0.239688 -0.522031
v -0.215312 0.168594 -0.471250
v -0.113750 0.371719 -0.481406
v -0.192969 0.276250 -0.444844
v -0.107656 0.379844 -0.229531
v -0.217344 0.282344 -0.219375
v -0.107656 0.379844 -0.229531
v 0.000000 0.424531 -0.233594
v -0.113750 0.371719 -0.481406
v 0.000000 0.416406 -0.489531
v -0.048750 0.203125 0.264063
v -0.046719 0.294531 0.195000
v -0.099531 0.213281 0.221406
v -0.101562 0.268125 0.188906
v -0.107656 0.379844 -0.229531
v -0.217344 0.282344 -0.219375
v -0.107656 0.369687 -0.054844
v -0.205156 0.264062 -0.052812
v 0.000000 -0.034531 0.589062
v 0.000000 -0.034531 0.343281
v -0.138125 -0.034531 0.570781
v -0.119844 -0.034531 0.270156
v -0.241719 0.097500 -0.067031
v -0.329062 0.097500 -0.058906
v -0.288437 0.034531 0.048750
v -0.335156 0.030469 0.038594
v -0.107656 0.320937 0.101563
v -0.127969 0.227500 0.164531
v -0.101562 0.268125 0.188906
v -0.099531 0.213281 0.221406
v -0.146250 0.146250 0.188906
v -0.178750 0.134062 0.127969
v -0.162500 0.069062 0.195000
v -0.201094 0.075156 0.123906
v -0.201094 0.075156 0.123906
v -0.241719 0.097500 -0.067031
v -0.209219 -0.034531 0.113750
v -0.249844 -0.038594 -0.067031
v -0.127969 0.227500 0.164531
v -0.166562 0.205156 0.166563
v -0.099531 0.213281 0.221406
v -0.121875 0.190937 0.245781
v -0.178750 0.134062 0.127969
v -0.211250 0.251875 0.026406
v -0.127969 0.227500 0.164531
v -0.152344 0.316875 0.044688
v -0.166562 0.205156 0.166563
v -0.127969 0.227500 0.164531
v -0.195000 0.300625 0.040625
v -0.152344 0.316875 0.044688
v -0.215312 0.343281 -0.044687
v -0.195000 0.385937 -0.040625
v -0.195000 0.507813 -0.300625
v -0.158437 0.398125 -0.044687
v -0.152344 0.316875 0.044688
v -0.215312 0.343281 -0.044687
v -0.158437 0.398125 -0.044687
v -0.195000 0.507813 -0.300625
v -0.195000 0.300625 0.040625
v -0.152344 0.316875 0.044688
v -0.195000 0.385937 -0.040625
v -0.158437 0.398125 -0.044687
v -0.402187 -0.034531 0.016250
v -0.329062 0.097500 -0.058906
v -0.402187 0.016250 -0.176719
v -0.331094 0.160469 -0.211250
v -0.192969 0.276250 -0.444844
v -0.192969 0.243750 -0.436719
v -0.217344 0.282344 -0.219375
v -0.201094 0.231563 -0.215312
v 0.000000 0.199062 0.274219
v 0.000000 0.298594 0.199063
v -0.048750 0.203125 0.264063
v -0.046719 0.294531 0.195000
v -0.052812 0.154375 0.288438
v 0.000000 0.152344 0.296563
v -0.048750 0.203125 0.264063
v 0.000000 0.199062 0.274219
v -0.190937 0.219375 -0.056875
v -0.205156 0.264062 -0.052812
v -0.201094 0.231563 -0.215312
v -0.217344 0.282344 -0.219375
v -0.247812 0.197031 -0.404219
v -0.201094 0.231563 -0.215312
v -0.215312 0.215313 -0.422500
v -0.192969 0.243750 -0.436719
v -0.192969 0.243750 -0.436719
v -0.215312 0.168594 -0.471250
v -0.215312 0.215313 -0.422500
v -0.247812 0.197031 -0.404219
v 0.201094 0.075156 0.123906
v 0.241719 0.097500 -0.067031
v 0.178750 0.134062 0.127969
v 0.223437 0.178750 -0.060937
v 0.000000 0.416406 -0.489531
v 0.113750 0.371719 -0.481406
v 0.000000 0.266094 -0.534219
v 0.119844 0.239688 -0.522031
v 0.312812 0.184844 -0.394062
v 0.302656 0.180781 -0.432656
v 0.247812 0.197031 -0.404219
v 0.215312 0.168594 -0.471250
v 0.262031 0.136094 -0.517969
v 0.302656 0.180781 -0.432656
v 0.402187 0.069063 -0.375781
v 0.312812 0.184844 -0.394062
v 0.345312 -0.034531 0.197031
v 0.316875 -0.018281 0.197031
v 0.314844 -0.034531 0.298594
v 0.296562 -0.036563 0.197031
v 0.138125 -0.095469 -0.566719
v 0.262031 0.136094 -0.517969
v 0.278281 -0.095469 -0.517969
v 0.402187 0.069063 -0.375781
v 0.402187 -0.095469 0.016250
v 0.278281 -0.095469 0.520000
v 0.402187 -0.095469 -0.375781
v 0.278281 -0.095469 -0.517969
v 0.119844 -0.034531 0.270156
v 0.278281 -0.034531 0.520000
v 0.314844 -0.034531 0.298594
v 0.402187 -0.034531 0.371719
v 0.402187 -0.095469 -0.375781
v 0.402187 0.016250 -0.176719
v 0.402187 -0.095469 0.016250
v 0.402187 -0.034531 0.016250
v 0.296562 -0.036563 0.197031
v 0.209219 -0.034531 0.113750
v 0.314844 -0.034531 0.298594
v 0.119844 -0.034531 0.270156
v 0.278281 -0.095469 -0.517969
v 0.402187 0.069063 -0.375781
v 0.402187 -0.095469 -0.375781
v 0.402187 0.016250 -0.176719
v 0.138125 -0.469219 -0.329063
v 0.278281 -0.428594 -0.300625
v 0.138125 -0.576875 -0.000000
v 0.278281 -0.526094 -0.000000
v 0.138125 -0.306719 -0.481406
v 0.138125 -0.469219 -0.329063
v 0.000000 -0.316875 -0.495625
v 0.000000 -0.485469 -0.339219
v 0.138125 -0.576875 -0.000000
v 0.278281 -0.526094 -0.000000
v 0.138125 -0.469219 0.329062
v 0.278281 -0.428594 0.300625
v 0.000000 -0.095469 0.589062
v 0.000000 -0.034531 0.589062
v -0.138125 -0.095469 0.570781
v -0.138125 -0.034531 0.570781
v -0.121875 0.136094 -0.566719
v -0.138125 -0.095469 -0.566719
v -0.262031 0.136094 -0.517969
v -0.278281 -0.095469 -0.517969
v 0.278281 -0.278281 -0.438750
v 0.278281 -0.428594 -0.300625
v 0.138125 -0.306719 -0.481406
v 0.138125 -0.469219 -0.329063
v 0.192969 0.243750 -0.436719
v 0.201094 0.231563 -0.215312
v 0.215312 0.215313 -0.422500
v 0.247812 0.197031 -0.404219
v 0.245781 0.188906 -0.213281
v 0.138125 -0.095469 0.570781
v 0.138125 -0.306719 0.481406
v 0.278281 -0.095469 0.520000
v 0.278281 -0.278281 0.434687
v 0.138125 -0.469219 0.329062
v 0.278281 -0.428594 0.300625
v 0.138125 -0.469219 -0.329063
v 0.138125 -0.576875 -0.000000
v 0.000000 -0.485469 -0.339219
v 0.000000 -0.595156 -0.000000
v 0.138125 -0.469219 0.329062
v 0.000000 -0.485469 0.339219
v 0.000000 -0.095469 0.589062
v 0.000000 -0.316875 0.495625
v 0.138125 -0.095469 0.570781
v 0.138125 -0.306719 0.481406
v 0.000000 -0.485469 0.339219
v 0.138125 -0.469219 0.329062
v 0.278281 -0.095469 0.520000
v 0.278281 -0.278281 0.434687
v 0.278281 -0.095469 -0.517969
v 0.278281 -0.278281 -0.438750
v 0.278281 -0.428594 0.300625
v 0.278281 -0.428594 -0.300625
v 0.278281 -0.526094 -0.000000
v 0.402187 -0.034531 0.016250
v 0.402187 -0.034531 0.371719
v 0.402187 -0.095469 0.016250
v 0.402187 -0.095469 0.371719
v 0.278281 -0.034531 0.520000
v 0.278281 -0.095469 0.520000
v 0.138125 -0.034531 0.570781
v 0.138125 -0.095469 0.570781
v 0.000000 -0.034531 0.589062
v 0.000000 -0.095469 0.589062
v 0.000000 0.136094 -0.585000
v 0.121875 0.136094 -0.566719
v 0.000000 -0.095469 -0.585000
v 0.138125 -0.095469 -0.566719
v 0.262031 0.136094 -0.517969
v 0.329062 0.097500 -0.058906
v 0.331094 0.160469 -0.211250
v 0.241719 0.097500 -0.067031
v 0.245781 0.188906 -0.213281
v 0.312812 0.184844 -0.394062
v 0.247812 0.197031 -0.404219
v 0.241719 0.097500 -0.067031
v 0.288437 0.034531 0.048750
v 0.329062 0.097500 -0.058906
v 0.335156 0.030469 0.038594
v 0.316875 -0.018281 0.197031
v 0.345312 -0.034531 0.197031
v 0.312812 0.184844 -0.394062
v 0.331094 0.160469 -0.211250
v 0.402187 0.069063 -0.375781
v 0.402187 0.016250 -0.176719
v 0.329062 0.097500 -0.058906
v 0.402187 -0.034531 0.016250
v 0.335156 0.030469 0.038594
v 0.345312 -0.034531 0.197031
v 0.162500 0.069062 0.195000
v 0.115781 0.060937 0.260000
v 0.170625 -0.034531 0.190937
v 0.119844 -0.034531 0.270156
v 0.056875 0.065000 0.312812
v 0.058906 -0.034531 0.329062
v 0.000000 0.069062 0.325000
v 0.000000 -0.034531 0.343281
v 0.209219 -0.034531 0.113750
v 0.201094 0.075156 0.123906
v 0.170625 -0.034531 0.190937
v 0.162500 0.069062 0.195000
v 0.178750 0.134062 0.127969
v 0.146250 0.146250 0.188906
v 0.127969 0.227500 0.164531
v 0.205156 0.264062 -0.052812
v 0.107656 0.320937 0.101563
v 0.107656 0.369687 -0.054844
v 0.217344 0.282344 -0.219375
v 0.107656 0.379844 -0.229531
v 0.192969 0.276250 -0.444844
v 0.113750 0.371719 -0.481406
v 0.101562 0.268125 0.188906
v 0.046719 0.294531 0.195000
v 0.099531 0.213281 0.221406
v 0.048750 0.203125 0.264063
v 0.000000 0.298594 0.199063
v 0.000000 0.199062 0.274219
v 0.107656 0.158437 0.237656
v 0.052812 0.154375 0.288438
v 0.115781 0.060937 0.260000
v 0.056875 0.065000 0.312812
v 0.000000 0.152344 0.296563
v 0.000000 0.069062 0.325000
v 0.121875 0.190937 0.245781
v 0.166562 0.205156 0.166563
v 0.099531 0.213281 0.221406
v 0.127969 0.227500 0.164531
v 0.195000 0.300625 0.040625
v 0.152344 0.316875 0.044688
v 0.195000 0.385937 -0.040625
v 0.158437 0.398125 -0.044687
v 0.158437 0.398125 -0.044687
v 0.195000 0.385937 -0.040625
v 0.195000 0.507813 -0.300625
v 0.215312 0.343281 -0.044687
v 0.195000 0.300625 0.040625
v 0.195000 0.507813 -0.300625
v 0.215312 0.343281 -0.044687
v 0.158437 0.398125 -0.044687
v 0.152344 0.316875 0.044688
v 0.211250 0.251875 0.026406
v 0.192969 0.276250 -0.444844
v 0.217344 0.282344 -0.219375
v 0.192969 0.243750 -0.436719
v 0.201094 0.231563 -0.215312
v 0.205156 0.264062 -0.052812
v 0.190937 0.219375 -0.056875
v 0.127969 0.227500 0.164531
v 0.278281 -0.278281 -0.438750
v 0.138125 -0.306719 -0.481406
v 0.278281 -0.095469 -0.517969
v 0.138125 -0.095469 -0.566719
v 0.000000 -0.316875 -0.495625
v 0.000000 -0.095469 -0.585000
v 0.247812 0.197031 -0.404219
v 0.215312 0.168594 -0.471250
v 0.215312 0.215313 -0.422500
v 0.192969 0.243750 -0.436719
v 0.119844 0.239688 -0.522031
v 0.000000 -0.485469 -0.339219
v -0.138125 -0.469219 -0.329063
v 0.000000 -0.316875 -0.495625
v -0.138125 -0.306719 -0.481406
v -0.278281 -0.428594 -0.300625
v -0.278281 -0.278281 -0.438750
v -0.278281 -0.428594 0.300625
v -0.278281 -0.526094 -0.000000
v -0.138125 -0.469219 0.329062
v -0.138125 -0.576875 -0.000000
v -0.278281 -0.428594 -0.300625
v -0.138125 -0.469219 -0.329063
v 0.000000 -0.316875 0.495625
v -0.138125 -0.306719 0.481406
v 0.000000 -0.485469 0.339219
v -0.138125 -0.469219 0.329062
v -0.278281 -0.278281 0.434687
v -0.278281 -0.428594 0.300625
v 0.000000 -0.095469 0.589062
v -0.138125 -0.095469 0.570781
v 0.000000 -0.316875 0.495625
v -0.138125 -0.306719 0.481406
v -0.278281 -0.095469 0.520000
v -0.278281 -0.278281 0.434687
v -0.402187 0.016250 -0.176719
v -0.402187 -0.095469 0.016250
v -0.402187 -0.034531 0.016250
v -0.402187 -0.034531 0.371719
v -0.402187 -0.095469 0.371719
v -0.119844 -0.034531 0.270156
v -0.209219 -0.034531 0.113750
v -0.314844 -0.034531 0.298594
v -0.296562 -0.036563 0.197031
v -0.249844 -0.038594 -0.067031
v -0.402187 -0.034531 0.016250
v -0.402187 -0.034531 0.371719
v -0.345312 -0.034531 0.197031
v -0.314844 -0.034531 0.298594
v -0.278281 -0.034531 0.520000
v -0.119844 -0.034531 0.270156
v -0.138125 -0.034531 0.570781
v -0.312812 0.184844 -0.394062
v -0.302656 0.180781 -0.432656
v -0.402187 0.069063 -0.375781
v -0.262031 0.136094 -0.517969
v -0.215312 0.168594 -0.471250
v -0.121875 0.136094 -0.566719
v -0.099531 0.213281 0.221406
v -0.107656 0.158437 0.237656
v -0.048750 0.203125 0.264063
v -0.052812 0.154375 0.288438
v -0.115781 0.060937 0.260000
v -0.056875 0.065000 0.312812
v -0.119844 -0.034531 0.270156
v -0.058906 -0.034531 0.329062
v -0.127969 0.227500 0.164531
v -0.107656 0.320937 0.101563
v -0.205156 0.264062 -0.052812
v -0.107656 0.369687 -0.054844
v -0.050781 0.361562 0.101563
v -0.113750 0.371719 -0.481406
v -0.119844 0.239688 -0.522031
v -0.192969 0.276250 -0.444844
v -0.192969 0.243750 -0.436719
v -0.215312 0.168594 -0.471250
v -0.241719 0.097500 -0.067031
v -0.288437 0.034531 0.048750
v -0.249844 -0.038594 -0.067031
v -0.296562 -0.036563 0.197031
v -0.316875 -0.018281 0.197031
v -0.178750 0.134062 0.127969
v -0.146250 0.146250 0.188906
v -0.166562 0.205156 0.166563
v -0.121875 0.190937 0.245781
v -0.107656 0.158437 0.237656
v -0.166562 0.205156 0.166563
v -0.195000 0.300625 0.040625
v -0.211250 0.251875 0.026406
v -0.215312 0.343281 -0.044687
v -0.195000 0.385937 -0.040625
v 0.000000 0.377812 0.101563
v -0.050781 0.361562 0.101563
v 0.000000 0.298594 0.199063
v -0.046719 0.294531 0.195000
v -0.107656 0.320937 0.101563
v -0.101562 0.268125 0.188906
v -0.146250 0.146250 0.188906
v -0.162500 0.069062 0.195000
v -0.107656 0.158437 0.237656
v -0.115781 0.060937 0.260000
v -0.170625 -0.034531 0.190937
v -0.119844 -0.034531 0.270156
v -0.052812 0.154375 0.288438
v -0.056875 0.065000 0.312812
v 0.000000 0.152344 0.296563
v 0.000000 0.069062 0.325000
v -0.058906 -0.034531 0.329062
v 0.000000 -0.034531 0.343281
v -0.245781 0.188906 -0.213281
v -0.223437 0.178750 -0.060937
v -0.201094 0.231563 -0.215312
v -0.190937 0.219375 -0.056875
v -0.178750 0.134062 0.127969
v -0.127969 0.227500 0.164531
v -0.320937 -0.562656 0.249844
v -0.320937 -0.562656 -0.247813
v -0.320937 -0.619531 -0.000000
v -0.329062 -0.111719 0.637812
v 0.000000 -0.111719 0.662187
v -0.329062 -0.097500 0.589062
v -0.282344 -0.562656 -0.247813
v -0.282344 -0.562656 0.249844
v -0.282344 -0.619531 -0.000000
v -0.329062 -0.201094 -0.552500
v -0.329062 -0.111719 -0.637812
v -0.329062 -0.322969 -0.560625
v -0.168594 0.219375 -0.668281
v 0.000000 0.221406 -0.690625
v -0.168594 0.060938 -0.698750
v 0.000000 0.062969 -0.721094
v 0.000000 0.056875 -0.666250
v -0.329062 0.050781 -0.593125
v 0.000000 -0.225469 -0.621563
v -0.329062 -0.201094 -0.552500
v -0.329062 -0.201094 -0.552500
v -0.329062 -0.420469 -0.420469
v 0.000000 -0.225469 -0.621563
v 0.000000 -0.473281 -0.473281
v -0.168594 0.060938 -0.698750
v -0.329062 0.054844 -0.641875
v -0.168594 0.219375 -0.668281
v -0.329062 0.221406 -0.609375
v 0.000000 -0.473281 -0.473281
v -0.329062 -0.420469 -0.420469
v 0.000000 -0.613437 -0.253906
v -0.329062 -0.546406 -0.225469
v -0.329062 -0.546406 -0.225469
v -0.329062 -0.597187 -0.000000
v 0.000000 -0.613437 -0.253906
v 0.000000 -0.672344 -0.000000
v 0.000000 -0.672344 -0.000000
v -0.329062 -0.597187 -0.000000
v 0.000000 -0.613438 0.253906
v -0.329062 -0.546406 0.225469
v 0.000000 -0.613438 0.253906
v -0.329062 -0.546406 0.225469
v 0.000000 -0.404219 0.528125
v -0.329062 -0.359531 0.469219
v -0.329062 -0.359531 0.469219
v -0.329062 -0.097500 0.589062
v 0.000000 -0.404219 0.528125
v 0.000000 -0.111719 0.662187
v -0.329062 0.207188 -0.558594
v -0.329062 0.050781 -0.593125
v 0.000000 0.207188 -0.637812
v 0.000000 0.056875 -0.666250
v -0.329062 -0.560625 0.322969
v -0.329062 -0.546406 0.225469
v -0.329062 -0.623594 0.166562
v -0.329062 -0.597187 -0.000000
v -0.329062 -0.455000 -0.455000
v -0.329062 -0.420469 -0.420469
v -0.329062 -0.322969 -0.560625
v -0.329062 -0.201094 -0.552500
v -0.329062 -0.201094 -0.552500
v -0.329062 0.050781 -0.593125
v -0.329062 -0.111719 -0.637812
v -0.329062 0.054844 -0.641875
v -0.329062 0.054844 -0.641875
v -0.329062 0.050781 -0.593125
v -0.329062 0.221406 -0.609375
v -0.329062 0.207188 -0.558594
v 0.000000 -0.727187 -0.000000
v 0.000000 -0.698750 -0.186875
v 0.000000 -0.672344 -0.000000
v 0.000000 -0.613437 -0.253906
v 0.000000 -0.613438 0.253906
v 0.000000 -0.698750 0.186875
v 0.000000 -0.672344 -0.000000
v 0.000000 -0.727187 -0.000000
v 0.000000 -0.125937 -0.715000
v 0.000000 -0.225469 -0.621563
v 0.000000 -0.363594 -0.629688
v 0.000000 -0.473281 -0.473281
v 0.000000 -0.225469 -0.621563
v 0.000000 -0.125937 -0.715000
v 0.000000 0.056875 -0.666250
v 0.000000 0.062969 -0.721094
v 0.000000 0.062969 -0.721094
v 0.000000 0.221406 -0.690625
v 0.000000 0.056875 -0.666250
v 0.000000 0.207188 -0.637812
v -0.329062 -0.111719 0.637812
v -0.329062 -0.322969 0.560625
v -0.168594 -0.121875 0.694687
v -0.168594 -0.351406 0.609375
v -0.168594 -0.121875 0.694687
v -0.168594 -0.351406 0.609375
v 0.000000 -0.125938 0.715000
v 0.000000 -0.363594 0.629687
v 0.000000 -0.404219 0.528125
v 0.000000 -0.111719 0.662187
v 0.000000 -0.363594 0.629687
v 0.000000 -0.125938 0.715000
v -0.320937 -0.111719 -0.497656
v -0.320937 -0.111719 0.499687
v -0.282344 -0.111719 -0.497656
v -0.282344 -0.111719 0.499687
v -0.320937 -0.562656 -0.247813
v -0.320937 -0.562656 0.249844
v -0.320937 -0.322969 0.499687
v -0.320937 -0.379844 0.499687
v -0.320937 -0.322969 0.499687
v -0.320937 -0.322969 -0.497656
v -0.320937 -0.562656 -0.247813
v -0.320937 -0.379844 -0.497656
v -0.282344 -0.562656 0.249844
v -0.282344 -0.562656 -0.247813
v -0.282344 -0.322969 -0.497656
v -0.282344 -0.379844 -0.497656
v -0.282344 -0.322969 -0.497656
v -0.282344 -0.322969 0.499687
v -0.282344 -0.562656 0.249844
v -0.282344 -0.379844 0.499687
v -0.505781 -0.111719 -0.387969
v -0.513906 -0.322969 -0.387969
v -0.505781 -0.111719 0.390000
v -0.513906 -0.322969 0.390000
v -0.282344 -0.111719 0.499687
v -0.282344 -0.322969 0.499687
v -0.282344 -0.111719 -0.497656
v -0.282344 -0.322969 -0.497656
v -0.513906 -0.322969 -0.387969
v -0.320937 -0.322969 -0.497656
v -0.513906 -0.322969 0.390000
v -0.320937 -0.322969 0.499687
v -0.329062 -0.111719 -0.637812
v -0.329062 -0.322969 -0.560625
v -0.513906 -0.111719 -0.499688
v -0.513906 -0.322969 -0.398125
v -0.505781 -0.111719 0.390000
v -0.320937 -0.111719 0.499687
v -0.505781 -0.111719 -0.387969
v -0.320937 -0.111719 -0.497656
v -0.513906 -0.322969 0.398125
v -0.329062 -0.322969 0.560625
v -0.513906 -0.111719 0.499687
v -0.329062 -0.111719 0.637812
v -0.329062 -0.111719 -0.637812
v -0.320937 -0.111719 -0.497656
v -0.329062 -0.322969 -0.560625
v -0.320937 -0.322969 -0.497656
v -0.505781 -0.111719 -0.387969
v -0.320937 -0.111719 -0.497656
v -0.513906 -0.111719 -0.499688
v -0.329062 -0.111719 -0.637812
v -0.513906 -0.322969 -0.387969
v -0.505781 -0.111719 -0.387969
v -0.513906 -0.322969 -0.398125
v -0.513906 -0.111719 -0.499688
v -0.329062 -0.322969 -0.560625
v -0.320937 -0.322969 -0.497656
v -0.513906 -0.322969 -0.398125
v -0.513906 -0.322969 -0.387969
v -0.320937 -0.322969 0.499687
v -0.320937 -0.111719 0.499687
v -0.329062 -0.322969 0.560625
v -0.329062 -0.111719 0.637812
v -0.513906 -0.322969 0.390000
v -0.320937 -0.322969 0.499687
v -0.513906 -0.322969 0.398125
v -0.329062 -0.322969 0.560625
v -0.513906 -0.111719 0.499687
v -0.505781 -0.111719 0.390000
v -0.513906 -0.322969 0.398125
v -0.513906 -0.322969 0.390000
v -0.329062 -0.111719 0.637812
v -0.320937 -0.111719 0.499687
v -0.513906 -0.111719 0.499687
v -0.505781 -0.111719 0.390000
v -0.168594 -0.351406 -0.609375
v -0.168594 -0.121875 -0.694687
v 0.000000 -0.363594 -0.629688
v 0.000000 -0.125937 -0.715000
v -0.329062 -0.560625 0.322969
v -0.329062 -0.455000 0.455000
v -0.329062 -0.546406 0.225469
v -0.329062 -0.359531 0.469219
v 0.000000 -0.111719 0.662187
v -0.329062 -0.111719 0.637812
v 0.000000 -0.125938 0.715000
v -0.168594 -0.121875 0.694687
v -0.329062 -0.322969 -0.560625
v -0.329062 -0.111719 -0.637812
v -0.168594 -0.351406 -0.609375
v -0.168594 -0.121875 -0.694687
v -0.329062 -0.560625 0.322969
v -0.168594 -0.609375 0.351406
v -0.329062 -0.455000 0.455000
v -0.168594 -0.495625 0.495625
v 0.000000 -0.629688 0.363594
v 0.000000 -0.511875 0.511875
v -0.329062 -0.322969 -0.560625
v -0.168594 -0.351406 -0.609375
v -0.329062 -0.455000 -0.455000
v -0.168594 -0.495625 -0.495625
v 0.000000 -0.363594 -0.629688
v 0.000000 -0.511875 -0.511875
v -0.329062 -0.455000 -0.455000
v -0.168594 -0.495625 -0.495625
v -0.329062 -0.560625 -0.322969
v -0.168594 -0.609375 -0.351406
v 0.000000 -0.511875 -0.511875
v 0.000000 -0.629687 -0.363594
v -0.329062 -0.560625 -0.322969
v -0.168594 -0.609375 -0.351406
v -0.329062 -0.623594 -0.166563
v -0.168594 -0.678437 -0.180781
v 0.000000 -0.629687 -0.363594
v 0.000000 -0.698750 -0.186875
v -0.329062 -0.623594 -0.166563
v -0.168594 -0.678437 -0.180781
v -0.329062 -0.647969 -0.000000
v -0.168594 -0.704844 -0.000000
v 0.000000 -0.698750 -0.186875
v 0.000000 -0.727187 -0.000000
v -0.329062 -0.647969 -0.000000
v -0.168594 -0.704844 -0.000000
v -0.329062 -0.623594 0.166562
v -0.168594 -0.678437 0.180781
v 0.000000 -0.727187 -0.000000
v 0.000000 -0.698750 0.186875
v -0.329062 -0.623594 0.166562
v -0.168594 -0.678437 0.180781
v -0.329062 -0.560625 0.322969
v -0.168594 -0.609375 0.351406
v 0.000000 -0.698750 0.186875
v 0.000000 -0.629688 0.363594
v -0.329062 0.054844 -0.641875
v -0.168594 0.060938 -0.698750
v -0.329062 -0.111719 -0.637812
v -0.168594 -0.121875 -0.694687
v 0.000000 0.062969 -0.721094
v 0.000000 -0.125937 -0.715000
v -0.329062 -0.455000 0.455000
v -0.168594 -0.495625 0.495625
v -0.329062 -0.322969 0.560625
v -0.168594 -0.351406 0.609375
v 0.000000 -0.511875 0.511875
v 0.000000 -0.363594 0.629687
v -0.329062 -0.455000 -0.455000
v -0.329062 -0.560625 -0.322969
v -0.329062 -0.420469 -0.420469
v -0.329062 -0.546406 -0.225469
v -0.329062 -0.623594 -0.166563
v -0.329062 -0.597187 -0.000000
v -0.329062 -0.647969 -0.000000
v -0.329062 -0.623594 0.166562
v 0.000000 -0.698750 0.186875
v 0.000000 -0.613438 0.253906
v 0.000000 -0.629688 0.363594
v 0.000000 -0.511875 0.511875
v 0.000000 -0.404219 0.528125
v 0.000000 -0.363594 0.629687
v 0.000000 -0.698750 -0.186875
v 0.000000 -0.629687 -0.363594
v 0.000000 -0.613437 -0.253906
v 0.000000 -0.473281 -0.473281
v 0.000000 -0.511875 -0.511875
v 0.000000 -0.363594 -0.629688
v -0.329062 -0.455000 0.455000
v -0.329062 -0.322969 0.560625
v -0.329062 -0.359531 0.469219
v -0.329062 -0.097500 0.589062
v -0.329062 -0.111719 0.637812
v -0.282344 -0.379844 0.499687
v -0.282344 -0.322969 0.499687
v -0.320937 -0.379844 0.499687
v -0.320937 -0.322969 0.499687
v -0.282344 -0.111719 0.499687
v -0.320937 -0.111719 0.499687
v -0.282344 -0.111719 -0.497656
v -0.282344 -0.322969 -0.497656
v -0.320937 -0.111719 -0.497656
v -0.320937 -0.322969 -0.497656
v -0.282344 -0.379844 -0.497656
v -0.320937 -0.379844 -0.497656
v 0.329062 -0.097500 0.589062
v 0.329062 -0.111719 0.637812
v 0.329062 -0.322969 0.560625
v 0.329062 -0.111719 0.637812
v 0.000000 -0.125938 0.715000
v 0.168594 -0.121875 0.694687
v 0.000000 -0.473281 -0.473281
v 0.329062 -0.420469 -0.420469
v 0.000000 -0.225469 -0.621563
v 0.329062 -0.201094 -0.552500
v 0.329062 -0.201094 -0.552500
v 0.329062 0.050781 -0.593125
v 0.000000 -0.225469 -0.621563
v 0.000000 0.056875 -0.666250
v 0.000000 0.062969 -0.721094
v 0.000000 0.221406 -0.690625
v 0.168594 0.060938 -0.698750
v 0.168594 0.219375 -0.668281
v 0.329062 -0.546406 -0.225469
v 0.329062 -0.420469 -0.420469
v 0.000000 -0.613437 -0.253906
v 0.000000 -0.473281 -0.473281
v 0.000000 -0.111719 0.662187
v 0.329062 -0.097500 0.589062
v 0.000000 -0.404219 0.528125
v 0.329062 -0.359531 0.469219
v 0.000000 0.056875 -0.666250
v 0.329062 0.050781 -0.593125
v 0.000000 0.207188 -0.637812
v 0.329062 0.207188 -0.558594
v 0.329062 -0.597187 -0.000000
v 0.329062 -0.623594 -0.166563
v 0.329062 -0.546406 -0.225469
v 0.329062 -0.560625 -0.322969
v 0.000000 -0.672344 -0.000000
v 0.329062 -0.597187 -0.000000
v 0.000000 -0.613437 -0.253906
v 0.329062 -0.546406 -0.225469
v 0.329062 -0.455000 -0.455000
v 0.329062 -0.420469 -0.420469
v 0.329062 -0.560625 -0.322969
v 0.329062 -0.546406 -0.225469
v 0.329062 0.207188 -0.558594
v 0.329062 0.050781 -0.593125
v 0.329062 0.221406 -0.609375
v 0.329062 0.054844 -0.641875
v 0.000000 -0.613437 -0.253906
v 0.000000 -0.698750 -0.186875
v 0.000000 -0.672344 -0.000000
v 0.000000 -0.727187 -0.000000
v 0.000000 -0.727187 -0.000000
v 0.000000 -0.698750 0.186875
v 0.000000 -0.672344 -0.000000
v 0.000000 -0.613438 0.253906
v 0.000000 -0.511875 0.511875
v 0.000000 -0.613438 0.253906
v 0.000000 -0.629688 0.363594
v 0.000000 -0.698750 0.186875
v 0.000000 -0.473281 -0.473281
v 0.000000 -0.629687 -0.363594
v 0.000000 -0.613437 -0.253906
v 0.000000 -0.698750 -0.186875
v 0.000000 0.207188 -0.637812
v 0.000000 0.221406 -0.690625
v 0.000000 0.056875 -0.666250
v 0.000000 0.062969 -0.721094
v 0.329062 -0.359531 0.469219
v 0.329062 -0.455000 0.455000
v 0.329062 -0.546406 0.225469
v 0.329062 -0.560625 0.322969
v 0.329062 -0.097500 0.589062
v 0.329062 -0.322969 0.560625
v 0.329062 -0.359531 0.469219
v 0.329062 -0.455000 0.455000
v 0.329062 0.054844 -0.641875
v 0.329062 0.050781 -0.593125
v 0.329062 -0.111719 -0.637812
v 0.329062 -0.201094 -0.552500
v 0.000000 -0.125938 0.715000
v 0.329062 -0.111719 0.637812
v 0.000000 -0.111719 0.662187
v 0.329062 -0.097500 0.589062
v 0.000000 -0.125938 0.715000
v 0.000000 -0.111719 0.662187
v 0.000000 -0.363594 0.629687
v 0.000000 -0.404219 0.528125
v 0.282344 -0.379844 0.499687
v 0.320937 -0.379844 0.499687
v 0.282344 -0.322969 0.499687
v 0.320937 -0.322969 0.499687
v 0.282344 -0.111719 0.499687
v 0.320937 -0.111719 0.499687
v 0.282344 -0.111719 -0.497656
v 0.320937 -0.111719 -0.497656
v 0.282344 -0.111719 -0.497656
v 0.320937 -0.111719 -0.497656
v 0.282344 -0.322969 -0.497656
v 0.320937 -0.322969 -0.497656
v 0.320937 -0.322969 0.499687
v 0.320937 -0.562656 -0.247813
v 0.320937 -0.322969 -0.497656
v 0.320937 -0.379844 -0.497656
v 0.282344 -0.322969 -0.497656
v 0.282344 -0.562656 0.249844
v 0.282344 -0.322969 0.499687
v 0.282344 -0.379844 0.499687
v 0.282344 -0.322969 0.499687
v 0.320937 -0.322969 0.499687
v 0.282344 -0.111719 0.499687
v 0.320937 -0.111719 0.499687
v 0.282344 -0.322969 -0.497656
v 0.320937 -0.322969 -0.497656
v 0.282344 -0.379844 -0.497656
v 0.320937 -0.379844 -0.497656
v 0.513906 -0.322969 0.390000
v 0.513906 -0.322969 -0.387969
v 0.505781 -0.111719 0.390000
v 0.505781 -0.111719 -0.387969
v 0.282344 -0.322969 -0.497656
v 0.282344 -0.322969 0.499687
v 0.282344 -0.111719 -0.497656
v 0.282344 -0.111719 0.499687
v 0.513906 -0.322969 -0.398125
v 0.329062 -0.322969 -0.560625
v 0.513906 -0.111719 -0.499688
v 0.329062 -0.111719 -0.637812
v 0.329062 -0.111719 0.637812
v 0.329062 -0.322969 0.560625
v 0.513906 -0.111719 0.499687
v 0.513906 -0.322969 0.398125
v 0.320937 -0.322969 -0.497656
v 0.320937 -0.111719 -0.497656
v 0.329062 -0.322969 -0.560625
v 0.329062 -0.111719 -0.637812
v 0.513906 -0.111719 -0.499688
v 0.505781 -0.111719 -0.387969
v 0.513906 -0.322969 -0.398125
v 0.513906 -0.322969 -0.387969
v 0.513906 -0.322969 -0.387969
v 0.320937 -0.322969 -0.497656
v 0.513906 -0.322969 -0.398125
v 0.329062 -0.322969 -0.560625
v 0.329062 -0.111719 0.637812
v 0.320937 -0.111719 0.499687
v 0.329062 -0.322969 0.560625
v 0.320937 -0.322969 0.499687
v 0.513906 -0.322969 0.390000
v 0.505781 -0.111719 0.390000
v 0.513906 -0.322969 0.398125
v 0.513906 -0.111719 0.499687
v 0.505781 -0.111719 0.390000
v 0.320937 -0.111719 0.499687
v 0.513906 -0.111719 0.499687
v 0.329062 -0.111719 0.637812
v 0.000000 -0.363594 0.629687
v 0.000000 -0.404219 0.528125
v 0.000000 -0.511875 0.511875
v 0.000000 -0.613438 0.253906
v 0.168594 0.060938 -0.698750
v 0.168594 -0.121875 -0.694687
v 0.000000 0.062969 -0.721094
v 0.000000 -0.125937 -0.715000
v 0.329062 -0.623594 -0.166563
v 0.329062 -0.597187 -0.000000
v 0.329062 -0.647969 -0.000000
v 0.329062 -0.623594 0.166562
v 0.329062 -0.546406 0.225469
v 0.329062 -0.560625 0.322969
v 0.329062 -0.322969 -0.560625
v 0.168594 -0.351406 -0.609375
v 0.329062 -0.111719 -0.637812
v 0.168594 -0.121875 -0.694687
v 0.000000 -0.363594 -0.629688
v 0.000000 -0.125937 -0.715000
v 0.168594 -0.351406 0.609375
v 0.168594 -0.495625 0.495625
v 0.329062 -0.322969 0.560625
v 0.329062 -0.455000 0.455000
v 0.168594 -0.609375 0.351406
v 0.329062 -0.560625 0.322969
v 0.168594 -0.678437 0.180781
v 0.329062 -0.623594 0.166562
v 0.168594 -0.704844 -0.000000
v 0.329062 -0.647969 -0.000000
v 0.168594 -0.678437 -0.180781
v 0.329062 -0.623594 -0.166563
v 0.168594 -0.609375 -0.351406
v 0.329062 -0.560625 -0.322969
v 0.168594 -0.495625 -0.495625
v 0.329062 -0.455000 -0.455000
v 0.168594 -0.351406 -0.609375
v 0.329062 -0.322969 -0.560625
v 0.329062 -0.111719 0.637812
v 0.168594 -0.121875 0.694687
v 0.329062 -0.322969 0.560625
v 0.168594 -0.351406 0.609375
v 0.000000 -0.125938 0.715000
v 0.000000 -0.363594 0.629687
v 0.000000 -0.363594 0.629687
v 0.000000 -0.511875 0.511875
v 0.168594 -0.351406 0.609375
v 0.168594 -0.495625 0.495625
v 0.000000 -0.629688 0.363594
v 0.168594 -0.609375 0.351406
v 0.000000 -0.698750 0.186875
v 0.168594 -0.678437 0.180781
v 0.000000 -0.727187 -0.000000
v 0.168594 -0.704844 -0.000000
v 0.000000 -0.698750 -0.186875
v 0.168594 -0.678437 -0.180781
v 0.000000 -0.629687 -0.363594
v 0.168594 -0.609375 -0.351406
v 0.000000 -0.511875 -0.511875
v 0.168594 -0.495625 -0.495625
v 0.000000 -0.363594 -0.629688
v 0.168594 -0.351406 -0.609375
v 0.000000 -0.672344 -0.000000
v 0.000000 -0.613438 0.253906
v 0.329062 -0.597187 -0.000000
v 0.329062 -0.546406 0.225469
v 0.000000 -0.404219 0.528125
v 0.329062 -0.359531 0.469219
v 0.168594 -0.121875 -0.694687
v 0.168594 0.060938 -0.698750
v 0.329062 -0.111719 -0.637812
v 0.329062 0.054844 -0.641875
v 0.168594 0.219375 -0.668281
v 0.329062 0.221406 -0.609375
v 0.329062 -0.455000 -0.455000
v 0.329062 -0.322969 -0.560625
v 0.329062 -0.420469 -0.420469
v 0.329062 -0.201094 -0.552500
v 0.329062 -0.111719 -0.637812
v 0.000000 -0.629687 -0.363594
v 0.000000 -0.473281 -0.473281
v 0.000000 -0.511875 -0.511875
v 0.000000 -0.363594 -0.629688
v 0.000000 -0.225469 -0.621563
v 0.000000 -0.125937 -0.715000
v 0.000000 0.056875 -0.666250
v 0.000000 0.062969 -0.721094
v 0.320937 -0.379844 0.499687
v 0.320937 -0.562656 0.249844
v 0.320937 -0.322969 0.499687
v 0.320937 -0.562656 -0.247813
v 0.320937 -0.619531 -0.000000
v 0.282344 -0.379844 -0.497656
v 0.282344 -0.562656 -0.247813
v 0.282344 -0.322969 -0.497656
v 0.282344 -0.562656 0.249844
v 0.282344 -0.619531 -0.000000
v 0.513906 -0.322969 -0.387969
v 0.513906 -0.322969 0.390000
v 0.320937 -0.322969 -0.497656
v 0.320937 -0.322969 0.499687
v 0.513906 -0.322969 0.398125
v 0.329062 -0.322969 0.560625
v 0.505781 -0.111719 0.390000
v 0.505781 -0.111719 -0.387969
v 0.320937 -0.111719 0.499687
v 0.320937 -0.111719 -0.497656
v 0.513906 -0.111719 -0.499688
v 0.329062 -0.111719 -0.637812
v 0.310108 -0.107656 -0.500009
v 0.310108 -0.004062 -0.613759
v 0.310108 -0.111719 -0.611728
v 0.474640 -0.008125 0.464834
v 0.480733 -0.067031 0.460772
v 0.427921 -0.067031 0.391709
v 0.476671 0.550469 -0.014540
v 0.602608 0.377812 0.143897
v 0.624952 0.377812 -0.014540
v 0.330421 0.276250 0.544053
v 0.460421 0.276250 0.438428
v 0.407608 0.276250 0.373428
v 0.484796 -0.107656 -0.481728
v 0.480733 -0.004063 -0.489853
v 0.397452 -0.010156 -0.414697
v 0.622921 -0.004063 0.241397
v 0.480733 -0.067031 0.460772
v 0.474640 -0.008125 0.464834
v 0.596515 0.276250 -0.260322
v 0.411671 0.353437 -0.420790
v 0.460421 0.276250 -0.469540
v 0.338546 0.377812 0.507491
v 0.387296 0.396094 0.456710
v 0.334483 0.402187 0.466866
v 0.411671 0.353437 -0.420790
v 0.310108 0.355469 -0.502040
v 0.397452 0.351406 -0.412665
v 0.484796 -0.107656 0.450616
v 0.480733 -0.404219 0.247491
v 0.482765 -0.302656 0.359209
v 0.001358 0.107656 0.655772
v 0.202452 0.276250 0.586709
v 0.204483 -0.067031 0.586709
v 0.484796 -0.107656 -0.481728
v 0.622921 -0.004063 -0.270478
v 0.480733 -0.004063 -0.489853
v 0.312140 0.390000 -0.479697
v 0.310108 0.355469 -0.502040
v 0.411671 0.353437 -0.420790
v 0.492921 0.223437 0.472959
v 0.442140 0.377812 0.422178
v 0.338546 0.377812 0.507491
v 0.480733 -0.067031 0.460772
v 0.484796 -0.107656 0.450616
v 0.342608 -0.111719 0.564366
v 0.521358 -0.322969 -0.412666
v 0.521358 -0.113750 -0.514228
v 0.629015 -0.113750 -0.374072
v 0.476671 0.477344 -0.290790
v 0.602608 0.377812 -0.175009
v 0.543702 0.377812 -0.325322
v 0.334483 0.550469 -0.321259
v 0.334483 0.619531 -0.136415
v 0.387296 0.607344 -0.122197
v 0.606671 0.223437 -0.361884
v 0.492921 0.223437 -0.502040
v 0.543702 0.377812 -0.325322
v 0.442140 0.377812 -0.451259
v 0.606671 0.223437 0.330772
v 0.543702 0.377812 0.294210
v 0.492921 0.223437 0.472959
v 0.442140 0.377812 0.422178
v 0.606671 0.223437 0.330772
v 0.671671 0.223437 0.164209
v 0.543702 0.377812 0.294210
v 0.602608 0.377812 0.143897
v 0.698077 0.223437 -0.014540
v 0.624952 0.377812 -0.014540
v 0.671671 0.223437 0.164209
v 0.602608 0.377812 0.143897
v 0.492921 0.223437 0.472959
v 0.338546 0.377812 0.507491
v 0.354796 0.223437 0.584678
v 0.167921 0.241719 0.649678
v 0.387296 0.534219 0.294210
v 0.387296 0.396094 0.456710
v 0.442140 0.377812 0.422178
v 0.338546 0.377812 0.507491
v 0.442140 0.377812 0.422178
v 0.543702 0.377812 0.294210
v 0.476671 0.477344 0.261710
v 0.602608 0.377812 0.143897
v 0.515265 0.056875 0.495303
v 0.519327 -0.113750 0.483116
v 0.633077 0.056875 0.347022
v 0.629015 -0.113750 0.344991
v 0.698077 -0.223438 -0.014541
v 0.698077 -0.188906 -0.130322
v 0.724483 -0.113750 -0.014541
v 0.698077 -0.113750 -0.201416
v 0.624952 -0.316875 -0.209541
v 0.624952 -0.215313 -0.325322
v 0.698077 -0.188906 -0.130322
v 0.698077 -0.113750 -0.201416
v 0.334483 0.595156 0.190616
v 0.387296 0.580937 0.196710
v 0.334483 0.629687 -0.004384
v 0.387296 0.617500 -0.014540
v 0.334483 0.402187 0.466866
v 0.387296 0.396094 0.456710
v 0.334483 0.540312 0.310460
v 0.387296 0.534219 0.294210
v 0.624952 -0.215313 0.294209
v 0.521358 -0.322969 0.383584
v 0.624952 -0.316875 0.178428
v 0.521358 -0.428594 0.265772
v 0.312140 0.467187 -0.402509
v 0.312140 0.390000 -0.479697
v 0.360890 0.442812 -0.384228
v 0.411671 0.353437 -0.420790
v 0.679796 -0.004063 -0.014541
v 0.551827 -0.402188 -0.014541
v 0.622921 -0.004063 0.241397
v 0.480733 -0.404219 0.247491
v 0.001358 0.107656 0.655772
v 0.204483 -0.067031 0.586709
v 0.001358 -0.000000 0.663897
v -0.000673 -0.109688 0.655772
v 0.480733 -0.067031 0.460772
v 0.342608 -0.111719 0.564366
v 0.344640 -0.067031 0.568428
v 0.180108 -0.111719 0.629366
v 0.549796 -0.014219 -0.240009
v 0.523390 0.276250 -0.229853
v 0.397452 -0.010156 -0.414697
v 0.397452 0.274219 -0.414697
v 0.171983 0.276250 0.485147
v 0.216671 0.276250 0.416084
v 0.169952 -0.067031 0.485147
v 0.216671 -0.065000 0.416084
v 0.216671 -0.065000 0.416084
v 0.216671 0.276250 0.416084
v 0.373077 -0.067031 0.361241
v 0.375108 0.276250 0.361241
v 0.423858 -0.016250 0.389678
v 0.407608 0.276250 0.373428
v 0.549796 -0.014219 0.210928
v 0.523390 0.276250 0.198741
v 0.549796 -0.014219 0.210928
v 0.523390 0.276250 0.198741
v 0.600577 -0.014219 -0.014541
v 0.572140 0.276250 -0.014540
v 0.600577 -0.014219 -0.014541
v 0.572140 0.276250 -0.014540
v 0.549796 -0.014219 -0.240009
v 0.523390 0.276250 -0.229853
v 0.460421 0.276250 0.438428
v 0.330421 0.276250 0.544053
v 0.316202 0.357500 0.474991
v 0.202452 0.276250 0.586709
v 0.480733 -0.404219 0.247491
v 0.484796 -0.107656 0.450616
v 0.622921 -0.004063 0.241397
v 0.480733 -0.067031 0.460772
v 0.480733 -0.404219 -0.278603
v 0.551827 -0.402188 -0.014541
v 0.622921 -0.004063 -0.270478
v 0.679796 -0.004063 -0.014541
v 0.622921 -0.004063 -0.270478
v 0.484796 -0.107656 -0.481728
v 0.480733 -0.404219 -0.278603
v 0.482765 -0.302656 -0.388291
v 0.312140 0.522031 -0.321259
v 0.360890 0.497656 -0.305009
v 0.312140 0.597187 -0.116103
v 0.358858 0.568750 -0.114072
v 0.312140 0.605312 -0.018603
v 0.358858 0.576875 -0.016572
v 0.312140 0.568750 0.196710
v 0.358858 0.542344 0.184522
v 0.596515 0.276250 0.229209
v 0.312140 0.387969 0.446553
v 0.360890 0.499687 0.273897
v 0.312140 0.526094 0.286085
v 0.312140 0.387969 0.446553
v 0.596515 0.276250 0.229209
v 0.316202 0.357500 0.474991
v 0.460421 0.276250 0.438428
v 0.484796 -0.107656 -0.481728
v 0.397452 -0.010156 -0.414697
v 0.397452 -0.105625 -0.414697
v 0.310108 -0.107656 -0.500009
v 0.594483 -0.428594 -0.014541
v 0.521358 -0.428594 0.265772
v 0.551827 -0.402188 -0.014541
v 0.480733 -0.404219 0.247491
v 0.606671 0.223437 -0.361884
v 0.543702 0.377812 -0.325322
v 0.671671 0.223437 -0.193291
v 0.602608 0.377812 -0.175009
v 0.340577 0.223438 -0.619853
v 0.340577 0.377812 -0.536572
v 0.492921 0.223437 -0.502040
v 0.442140 0.377812 -0.451259
v 0.519327 -0.113750 0.483116
v 0.366983 -0.113750 0.607022
v 0.484796 -0.107656 0.450616
v 0.342608 -0.111719 0.564366
v 0.480733 -0.404219 -0.278603
v 0.521358 -0.428594 -0.296884
v 0.551827 -0.402188 -0.014541
v 0.594483 -0.428594 -0.014541
v 0.007452 -0.000000 0.712647
v 0.001358 -0.000000 0.663897
v 0.007452 -0.113750 0.704522
v -0.000673 -0.109688 0.655772
v 0.001358 0.107656 0.655772
v 0.001358 -0.000000 0.663897
v 0.007452 0.113750 0.704522
v 0.007452 -0.000000 0.712647
v 0.387296 0.534219 0.294210
v 0.360890 0.499687 0.273897
v 0.334483 0.540312 0.310460
v 0.312140 0.526094 0.286085
v 0.358858 0.542344 0.184522
v 0.360890 0.499687 0.273897
v 0.387296 0.580937 0.196710
v 0.387296 0.534219 0.294210
v 0.312140 0.568750 0.196710
v 0.358858 0.542344 0.184522
v 0.334483 0.595156 0.190616
v 0.387296 0.580937 0.196710
v 0.312140 0.605312 -0.018603
v 0.312140 0.568750 0.196710
v 0.334483 0.629687 -0.004384
v 0.334483 0.595156 0.190616
v 0.387296 0.617500 -0.014540
v 0.358858 0.576875 -0.016572
v 0.334483 0.629687 -0.004384
v 0.312140 0.605312 -0.018603
v 0.358858 0.568750 -0.114072
v 0.358858 0.576875 -0.016572
v 0.387296 0.607344 -0.122197
v 0.387296 0.617500 -0.014540
v 0.312140 0.597187 -0.116103
v 0.358858 0.568750 -0.114072
v 0.334483 0.619531 -0.136415
v 0.387296 0.607344 -0.122197
v 0.312140 0.522031 -0.321259
v 0.312140 0.597187 -0.116103
v 0.334483 0.550469 -0.321259
v 0.334483 0.619531 -0.136415
v 0.387296 0.534219 -0.325322
v 0.360890 0.497656 -0.305009
v 0.334483 0.550469 -0.321259
v 0.312140 0.522031 -0.321259
v 0.360890 0.442812 -0.384228
v 0.360890 0.497656 -0.305009
v 0.387296 0.473281 -0.412665
v 0.387296 0.534219 -0.325322
v 0.312140 0.467187 -0.402509
v 0.360890 0.442812 -0.384228
v 0.334483 0.475312 -0.428915
v 0.387296 0.473281 -0.412665
v 0.334483 0.404219 -0.495947
v 0.312140 0.390000 -0.479697
v 0.334483 0.475312 -0.428915
v 0.312140 0.467187 -0.402509
v 0.340577 0.377812 -0.536572
v 0.310108 0.355469 -0.502040
v 0.334483 0.404219 -0.495947
v 0.312140 0.390000 -0.479697
v 0.340577 0.223438 -0.619853
v 0.320265 0.249844 -0.573134
v 0.340577 0.377812 -0.536572
v 0.310108 0.355469 -0.502040
v 0.521358 -0.113750 -0.514228
v 0.484796 -0.107656 -0.481728
v 0.340577 -0.113750 -0.648291
v 0.310108 -0.111719 -0.611728
v 0.460421 0.276250 -0.469540
v 0.411671 0.353437 -0.420790
v 0.397452 0.274219 -0.414697
v 0.397452 0.351406 -0.412665
v 0.310108 -0.004062 -0.613759
v 0.310108 -0.107656 -0.500009
v 0.320265 0.249844 -0.573134
v 0.310108 0.355469 -0.502040
v 0.310108 -0.111719 -0.611728
v 0.484796 -0.107656 -0.481728
v 0.310108 -0.107656 -0.500009
v 0.397452 -0.105625 -0.414697
v 0.344640 -0.067031 0.568428
v 0.204483 -0.067031 0.586709
v 0.216671 -0.065000 0.416084
v 0.169952 -0.067031 0.485147
v 0.204483 -0.067031 0.586709
v 0.202452 0.276250 0.586709
v 0.169952 -0.067031 0.485147
v 0.171983 0.276250 0.485147
v 0.407608 0.276250 0.373428
v 0.423858 -0.016250 0.389678
v 0.375108 0.276250 0.361241
v 0.373077 -0.067031 0.361241
v 0.397452 -0.010156 -0.414697
v 0.480733 -0.004063 -0.489853
v 0.549796 -0.014219 -0.240009
v 0.622921 -0.004063 -0.270478
v 0.460421 0.276250 0.438428
v 0.596515 0.276250 0.229209
v 0.407608 0.276250 0.373428
v 0.523390 0.276250 0.198741
v 0.549796 -0.014219 0.210928
v 0.622921 -0.004063 0.241397
v 0.423858 -0.016250 0.389678
v 0.474640 -0.008125 0.464834
v 0.523390 0.276250 0.198741
v 0.596515 0.276250 0.229209
v 0.572140 0.276250 -0.014540
v 0.651358 0.276250 -0.014540
v 0.679796 -0.004063 -0.014541
v 0.622921 -0.004063 0.241397
v 0.600577 -0.014219 -0.014541
v 0.549796 -0.014219 0.210928
v 0.549796 -0.014219 -0.240009
v 0.622921 -0.004063 -0.270478
v 0.600577 -0.014219 -0.014541
v 0.679796 -0.004063 -0.014541
v 0.474640 -0.008125 0.464834
v 0.427921 -0.067031 0.391709
v 0.423858 -0.016250 0.389678
v 0.373077 -0.067031 0.361241
v -0.000673 -0.109688 0.655772
v 0.204483 -0.067031 0.586709
v 0.180108 -0.111719 0.629366
v 0.344640 -0.067031 0.568428
v 0.602608 0.377812 -0.175009
v 0.476671 0.542344 -0.110009
v 0.624952 0.377812 -0.014540
v 0.476671 0.550469 -0.014540
v 0.698077 -0.113750 -0.201416
v 0.730577 0.056875 -0.014541
v 0.724483 -0.113750 -0.014541
v 0.702140 0.056875 0.172334
v 0.492921 0.223437 -0.502040
v 0.515265 0.056875 -0.524384
v 0.340577 0.223438 -0.619853
v 0.340577 0.056875 -0.654384
v 0.167921 0.241719 0.649678
v 0.007452 0.113750 0.704522
v 0.194327 0.056875 0.680147
v 0.007452 -0.000000 0.712647
v 0.007452 -0.113750 0.704522
v 0.194327 -0.113750 0.676084
v 0.007452 -0.000000 0.712647
v 0.194327 0.056875 0.680147
v 0.724483 -0.113750 -0.014541
v 0.702140 0.056875 0.172334
v 0.698077 -0.113750 0.170303
v 0.633077 0.056875 0.347022
v 0.519327 -0.113750 0.483116
v 0.515265 0.056875 0.495303
v 0.366983 -0.113750 0.607022
v 0.369015 0.056875 0.611084
v 0.521358 -0.428594 0.265772
v 0.594483 -0.428594 -0.014541
v 0.624952 -0.316875 0.178428
v 0.655421 -0.329063 -0.014541
v 0.698077 -0.113750 -0.201416
v 0.629015 -0.113750 -0.374072
v 0.702140 0.056875 -0.201416
v 0.633077 0.056875 -0.376103
v 0.698077 -0.113750 0.170303
v 0.698077 -0.188906 0.099209
v 0.724483 -0.113750 -0.014541
v 0.698077 -0.223438 -0.014541
v 0.476671 0.477344 0.261710
v 0.602608 0.377812 0.143897
v 0.476671 0.517969 0.174366
v 0.476671 0.550469 -0.014540
v 0.624952 -0.316875 0.178428
v 0.698077 -0.188906 0.099209
v 0.624952 -0.215313 0.294209
v 0.698077 -0.113750 0.170303
v 0.698077 -0.223438 -0.014541
v 0.698077 -0.188906 0.099209
v 0.655421 -0.329063 -0.014541
v 0.624952 -0.316875 0.178428
v 0.334483 0.404219 -0.495947
v 0.334483 0.475312 -0.428915
v 0.387296 0.392031 -0.475634
v 0.387296 0.473281 -0.412665
v 0.476671 0.550469 -0.014540
v 0.476671 0.542344 -0.110009
v 0.387296 0.617500 -0.014540
v 0.387296 0.607344 -0.122197
v 0.387296 0.617500 -0.014540
v 0.387296 0.580937 0.196710
v 0.476671 0.550469 -0.014540
v 0.476671 0.517969 0.174366
v 0.480733 -0.404219 0.247491
v 0.521358 -0.428594 0.265772
v 0.482765 -0.302656 0.359209
v 0.521358 -0.322969 0.383584
v 0.482765 -0.302656 0.359209
v 0.521358 -0.322969 0.383584
v 0.484796 -0.107656 0.450616
v 0.519327 -0.113750 0.483116
v 0.387296 0.534219 -0.325322
v 0.476671 0.477344 -0.290790
v 0.434015 0.450937 -0.394384
v 0.543702 0.377812 -0.325322
v 0.698077 -0.113750 -0.201416
v 0.624952 -0.215313 -0.325322
v 0.629015 -0.113750 -0.374072
v 0.521358 -0.322969 -0.412666
v 0.624952 -0.316875 -0.209541
v 0.521358 -0.428594 -0.296884
v 0.387296 0.534219 -0.325322
v 0.434015 0.450937 -0.394384
v 0.387296 0.473281 -0.412665
v 0.442140 0.377812 -0.451259
v 0.543702 0.377812 -0.325322
v 0.387296 0.580937 0.196710
v 0.387296 0.534219 0.294210
v 0.476671 0.517969 0.174366
v 0.476671 0.477344 0.261710
v 0.442140 0.377812 0.422178
v 0.334483 0.404219 -0.495947
v 0.387296 0.392031 -0.475634
v 0.340577 0.377812 -0.536572
v 0.442140 0.377812 -0.451259
v 0.387296 0.473281 -0.412665
v 0.698077 -0.223438 -0.014541
v 0.655421 -0.329063 -0.014541
v 0.698077 -0.188906 -0.130322
v 0.624952 -0.316875 -0.209541
v 0.594483 -0.428594 -0.014541
v 0.521358 -0.428594 -0.296884
v 0.521358 -0.322969 0.383584
v 0.624952 -0.215313 0.294209
v 0.519327 -0.113750 0.483116
v 0.629015 -0.113750 0.344991
v 0.698077 -0.113750 0.170303
v 0.633077 0.056875 0.347022
v 0.629015 -0.113750 -0.374072
v 0.521358 -0.113750 -0.514228
v 0.633077 0.056875 -0.376103
v 0.515265 0.056875 -0.524384
v 0.340577 -0.113750 -0.648291
v 0.340577 0.056875 -0.654384
v 0.366983 -0.113750 0.607022
v 0.369015 0.056875 0.611084
v 0.194327 -0.113750 0.676084
v 0.194327 0.056875 0.680147
v 0.354796 0.223437 0.584678
v 0.167921 0.241719 0.649678
v 0.698077 -0.113750 -0.201416
v 0.702140 0.056875 -0.201416
v 0.730577 0.056875 -0.014541
v 0.698077 0.223437 -0.014540
v 0.671671 0.223437 -0.193291
v 0.624952 0.377812 -0.014540
v 0.602608 0.377812 -0.175009
v 0.492921 0.223437 -0.502040
v 0.606671 0.223437 -0.361884
v 0.515265 0.056875 -0.524384
v 0.633077 0.056875 -0.376103
v 0.671671 0.223437 -0.193291
v 0.702140 0.056875 -0.201416
v 0.698077 0.223437 -0.014540
v 0.671671 0.223437 0.164209
v 0.730577 0.056875 -0.014541
v 0.702140 0.056875 0.172334
v 0.606671 0.223437 0.330772
v 0.633077 0.056875 0.347022
v 0.492921 0.223437 0.472959
v 0.515265 0.056875 0.495303
v 0.354796 0.223437 0.584678
v 0.369015 0.056875 0.611084
v 0.602608 0.377812 -0.175009
v 0.476671 0.477344 -0.290790
v 0.476671 0.542344 -0.110009
v 0.387296 0.607344 -0.122197
v 0.387296 0.534219 -0.325322
v 0.334483 0.550469 -0.321259
v 0.358858 0.568750 -0.114072
v 0.360890 0.497656 -0.305009
v 0.358858 0.576875 -0.016572
v 0.596515 0.276250 -0.260322
v 0.360890 0.442812 -0.384228
v 0.411671 0.353437 -0.420790
v 0.596515 0.276250 -0.260322
v 0.651358 0.276250 -0.014540
v 0.358858 0.576875 -0.016572
v 0.358858 0.542344 0.184522
v 0.596515 0.276250 0.229209
v 0.360890 0.499687 0.273897
v 0.366983 -0.113750 0.607022
v 0.194327 -0.113750 0.676084
v 0.342608 -0.111719 0.564366
v 0.180108 -0.111719 0.629366
v 0.007452 -0.113750 0.704522
v -0.000673 -0.109688 0.655772
v 0.007452 0.113750 0.704522
v 0.167921 0.241719 0.649678
v 0.001358 0.107656 0.655772
v 0.202452 0.276250 0.586709
v 0.338546 0.377812 0.507491
v 0.316202 0.357500 0.474991
v 0.334483 0.402187 0.466866
v 0.312140 0.387969 0.446553
v 0.334483 0.540312 0.310460
v 0.312140 0.526094 0.286085
v 0.340577 0.223438 -0.619853
v 0.340577 0.056875 -0.654384
v 0.320265 0.249844 -0.573134
v 0.310108 -0.004062 -0.613759
v 0.340577 -0.113750 -0.648291
v 0.310108 -0.111719 -0.611728
v 0.521358 -0.113750 -0.514228
v 0.521358 -0.322969 -0.412666
v 0.484796 -0.107656 -0.481728
v 0.482765 -0.302656 -0.388291
v 0.521358 -0.428594 -0.296884
v 0.480733 -0.404219 -0.278603
v 0.375108 0.276250 0.361241
v 0.216671 0.276250 0.416084
v 0.407608 0.276250 0.373428
v 0.330421 0.276250 0.544053
v 0.171983 0.276250 0.485147
v 0.202452 0.276250 0.586709
v 0.373077 -0.067031 0.361241
v 0.427921 -0.067031 0.391709
v 0.216671 -0.065000 0.416084
v 0.344640 -0.067031 0.568428
v 0.480733 -0.067031 0.460772
v 0.397452 0.274219 -0.414697
v 0.523390 0.276250 -0.229853
v 0.460421 0.276250 -0.469540
v 0.596515 0.276250 -0.260322
v 0.572140 0.276250 -0.014540
v 0.651358 0.276250 -0.014540
v 0.397452 0.351406 -0.412665
v 0.310108 0.355469 -0.502040
v 0.397452 0.274219 -0.414697
v 0.397452 -0.010156 -0.414697
v 0.310108 -0.107656 -0.500009
v -0.397452 -0.010156 -0.414697
v -0.310108 -0.107656 -0.500009
v -0.310108 0.355469 -0.502040
v -0.596515 0.276250 0.229209
v -0.358858 0.542344 0.184522
v -0.360890 0.499687 0.273897
v -0.344640 -0.067031 0.568428
v -0.480733 -0.067031 0.460772
v -0.427921 -0.067031 0.391709
v -0.411671 0.353437 -0.420790
v -0.397452 0.351406 -0.412665
v -0.310108 0.355469 -0.502040
v -0.338546 0.377812 0.507491
v -0.334483 0.402187 0.466866
v -0.387296 0.396094 0.456710
v -0.312140 0.390000 -0.479697
v -0.411671 0.353437 -0.420790
v -0.310108 0.355469 -0.502040
v -0.387296 0.534219 0.294210
v -0.476671 0.477344 0.261710
v -0.442140 0.377812 0.422178
v -0.543702 0.377812 -0.325322
v -0.434015 0.450937 -0.394384
v -0.442140 0.377812 -0.451259
v -0.476671 0.477344 -0.290790
v -0.543702 0.377812 -0.325322
v -0.602608 0.377812 -0.175009
v -0.369015 0.056875 0.611084
v -0.515265 0.056875 0.495303
v -0.366983 -0.113750 0.607022
v -0.519327 -0.113750 0.483116
v -0.698077 0.223437 -0.014540
v -0.702140 0.056875 -0.201416
v -0.730577 0.056875 -0.014541
v -0.698077 -0.113750 -0.201416
v -0.366983 -0.113750 0.607022
v -0.194327 -0.113750 0.676084
v -0.369015 0.056875 0.611084
v -0.194327 0.056875 0.680147
v -0.340577 0.056875 -0.654384
v -0.515265 0.056875 -0.524384
v -0.340577 0.223438 -0.619853
v -0.492921 0.223437 -0.502040
v -0.369015 0.056875 0.611084
v -0.194327 0.056875 0.680147
v -0.354796 0.223437 0.584678
v -0.167921 0.241719 0.649678
v -0.492921 0.223437 0.472959
v -0.515265 0.056875 0.495303
v -0.354796 0.223437 0.584678
v -0.369015 0.056875 0.611084
v -0.606671 0.223437 0.330772
v -0.633077 0.056875 0.347022
v -0.492921 0.223437 0.472959
v -0.515265 0.056875 0.495303
v -0.698077 0.223437 -0.014540
v -0.730577 0.056875 -0.014541
v -0.671671 0.223437 0.164209
v -0.702140 0.056875 0.172334
v -0.442140 0.377812 -0.451259
v -0.340577 0.377812 -0.536572
v -0.492921 0.223437 -0.502040
v -0.340577 0.223438 -0.619853
v -0.492921 0.223437 0.472959
v -0.354796 0.223437 0.584678
v -0.338546 0.377812 0.507491
v -0.167921 0.241719 0.649678
v -0.387296 0.534219 0.294210
v -0.442140 0.377812 0.422178
v -0.387296 0.396094 0.456710
v -0.338546 0.377812 0.507491
v -0.629015 -0.113750 0.344991
v -0.519327 -0.113750 0.483116
v -0.633077 0.056875 0.347022
v -0.515265 0.056875 0.495303
v -0.521358 -0.322969 -0.412666
v -0.624952 -0.215313 -0.325322
v -0.629015 -0.113750 -0.374072
v -0.698077 -0.113750 -0.201416
v -0.698077 -0.113750 -0.201416
v -0.698077 -0.188906 -0.130322
v -0.724483 -0.113750 -0.014541
v -0.698077 -0.223438 -0.014541
v -0.387296 0.617500 -0.014540
v -0.387296 0.580937 0.196710
v -0.334483 0.629687 -0.004384
v -0.334483 0.595156 0.190616
v -0.387296 0.534219 0.294210
v -0.387296 0.396094 0.456710
v -0.334483 0.540312 0.310460
v -0.334483 0.402187 0.466866
v -0.521358 -0.113750 -0.514228
v -0.515265 0.056875 -0.524384
v -0.340577 -0.113750 -0.648291
v -0.340577 0.056875 -0.654384
v -0.655421 -0.329063 -0.014541
v -0.624952 -0.316875 -0.209541
v -0.594483 -0.428594 -0.014541
v -0.521358 -0.428594 -0.296884
v -0.411671 0.353437 -0.420790
v -0.312140 0.390000 -0.479697
v -0.360890 0.442812 -0.384228
v -0.312140 0.467187 -0.402509
v -0.480733 -0.404219 0.247491
v -0.551827 -0.402188 -0.014541
v -0.622921 -0.004063 0.241397
v -0.679796 -0.004063 -0.014541
v -0.216671 -0.065000 0.416084
v -0.216671 0.276250 0.416084
v -0.169952 -0.067031 0.485147
v -0.171983 0.276250 0.485147
v -0.375108 0.276250 0.361241
v -0.216671 0.276250 0.416084
v -0.373077 -0.067031 0.361241
v -0.216671 -0.065000 0.416084
v -0.460421 0.276250 0.438428
v -0.316202 0.357500 0.474991
v -0.330421 0.276250 0.544053
v -0.202452 0.276250 0.586709
v -0.622921 -0.004063 0.241397
v -0.484796 -0.107656 0.450616
v -0.480733 -0.404219 0.247491
v -0.482765 -0.302656 0.359209
v -0.474640 -0.008125 0.464834
v -0.480733 -0.067031 0.460772
v -0.622921 -0.004063 0.241397
v -0.484796 -0.107656 0.450616
v -0.679796 -0.004063 -0.014541
v -0.551827 -0.402188 -0.014541
v -0.622921 -0.004063 -0.270478
v -0.480733 -0.404219 -0.278603
v -0.358858 0.542344 0.184522
v -0.358858 0.576875 -0.016572
v -0.312140 0.568750 0.196710
v -0.312140 0.605312 -0.018603
v -0.596515 0.276250 0.229209
v -0.360890 0.499687 0.273897
v -0.312140 0.387969 0.446553
v -0.312140 0.526094 0.286085
v -0.312140 0.387969 0.446553
v -0.316202 0.357500 0.474991
v -0.596515 0.276250 0.229209
v -0.460421 0.276250 0.438428
v -0.480733 -0.404219 0.247491
v -0.521358 -0.428594 0.265772
v -0.551827 -0.402188 -0.014541
v -0.594483 -0.428594 -0.014541
v -0.342608 -0.111719 0.564366
v -0.366983 -0.113750 0.607022
v -0.484796 -0.107656 0.450616
v -0.519327 -0.113750 0.483116
v -0.594483 -0.428594 -0.014541
v -0.521358 -0.428594 -0.296884
v -0.551827 -0.402188 -0.014541
v -0.480733 -0.404219 -0.278603
v -0.366983 -0.113750 0.607022
v -0.342608 -0.111719 0.564366
v -0.194327 -0.113750 0.676084
v -0.180108 -0.111719 0.629366
v -0.194327 -0.113750 0.676084
v -0.180108 -0.111719 0.629366
v -0.007452 -0.113750 0.704522
v 0.000673 -0.109688 0.655772
v 0.000673 -0.109688 0.655772
v -0.001358 -0.000000 0.663897
v -0.007452 -0.113750 0.704522
v -0.007452 -0.000000 0.712647
v -0.655421 -0.329063 -0.014541
v -0.594483 -0.428594 -0.014541
v -0.624952 -0.316875 0.178428
v -0.521358 -0.428594 0.265772
v -0.698077 -0.223438 -0.014541
v -0.698077 -0.188906 0.099209
v -0.724483 -0.113750 -0.014541
v -0.698077 -0.113750 0.170303
v -0.167921 0.241719 0.649678
v -0.202452 0.276250 0.586709
v -0.338546 0.377812 0.507491
v -0.316202 0.357500 0.474991
v -0.338546 0.377812 0.507491
v -0.316202 0.357500 0.474991
v -0.334483 0.402187 0.466866
v -0.312140 0.387969 0.446553
v -0.334483 0.402187 0.466866
v -0.312140 0.387969 0.446553
v -0.334483 0.540312 0.310460
v -0.312140 0.526094 0.286085
v -0.312140 0.526094 0.286085
v -0.360890 0.499687 0.273897
v -0.334483 0.540312 0.310460
v -0.387296 0.534219 0.294210
v -0.387296 0.534219 0.294210
v -0.360890 0.499687 0.273897
v -0.387296 0.580937 0.196710
v -0.358858 0.542344 0.184522
v -0.387296 0.580937 0.196710
v -0.358858 0.542344 0.184522
v -0.334483 0.595156 0.190616
v -0.312140 0.568750 0.196710
v -0.334483 0.595156 0.190616
v -0.312140 0.568750 0.196710
v -0.334483 0.629687 -0.004384
v -0.312140 0.605312 -0.018603
v -0.312140 0.605312 -0.018603
v -0.358858 0.576875 -0.016572
v -0.334483 0.629687 -0.004384
v -0.387296 0.617500 -0.014540
v -0.387296 0.617500 -0.014540
v -0.358858 0.576875 -0.016572
v -0.387296 0.607344 -0.122197
v -0.358858 0.568750 -0.114072
v -0.387296 0.607344 -0.122197
v -0.358858 0.568750 -0.114072
v -0.334483 0.619531 -0.136415
v -0.312140 0.597187 -0.116103
v -0.334483 0.619531 -0.136415
v -0.312140 0.597187 -0.116103
v -0.334483 0.550469 -0.321259
v -0.312140 0.522031 -0.321259
v -0.312140 0.522031 -0.321259
v -0.360890 0.497656 -0.305009
v -0.334483 0.550469 -0.321259
v -0.387296 0.534219 -0.325322
v -0.387296 0.534219 -0.325322
v -0.360890 0.497656 -0.305009
v -0.387296 0.473281 -0.412665
v -0.360890 0.442812 -0.384228
v -0.387296 0.473281 -0.412665
v -0.360890 0.442812 -0.384228
v -0.334483 0.475312 -0.428915
v -0.312140 0.467187 -0.402509
v -0.340577 0.223438 -0.619853
v -0.320265 0.249844 -0.573134
v -0.340577 0.056875 -0.654384
v -0.310108 -0.004062 -0.613759
v -0.340577 0.056875 -0.654384
v -0.310108 -0.004062 -0.613759
v -0.340577 -0.113750 -0.648291
v -0.310108 -0.111719 -0.611728
v -0.521358 -0.322969 -0.412666
v -0.482765 -0.302656 -0.388291
v -0.521358 -0.428594 -0.296884
v -0.480733 -0.404219 -0.278603
v -0.521358 -0.113750 -0.514228
v -0.484796 -0.107656 -0.481728
v -0.521358 -0.322969 -0.412666
v -0.482765 -0.302656 -0.388291
v -0.310108 -0.111719 -0.611728
v -0.484796 -0.107656 -0.481728
v -0.340577 -0.113750 -0.648291
v -0.521358 -0.113750 -0.514228
v -0.360890 0.442812 -0.384228
v -0.596515 0.276250 -0.260322
v -0.411671 0.353437 -0.420790
v -0.460421 0.276250 -0.469540
v -0.397452 0.351406 -0.412665
v -0.411671 0.353437 -0.420790
v -0.397452 0.274219 -0.414697
v -0.460421 0.276250 -0.469540
v -0.397452 -0.105625 -0.414697
v -0.484796 -0.107656 -0.481728
v -0.310108 -0.107656 -0.500009
v -0.310108 -0.111719 -0.611728
v -0.216671 0.276250 0.416084
v -0.330421 0.276250 0.544053
v -0.171983 0.276250 0.485147
v -0.202452 0.276250 0.586709
v -0.169952 -0.067031 0.485147
v -0.204483 -0.067031 0.586709
v -0.216671 -0.065000 0.416084
v -0.344640 -0.067031 0.568428
v -0.171983 0.276250 0.485147
v -0.202452 0.276250 0.586709
v -0.169952 -0.067031 0.485147
v -0.204483 -0.067031 0.586709
v -0.373077 -0.067031 0.361241
v -0.423858 -0.016250 0.389678
v -0.375108 0.276250 0.361241
v -0.407608 0.276250 0.373428
v -0.344640 -0.067031 0.568428
v -0.427921 -0.067031 0.391709
v -0.216671 -0.065000 0.416084
v -0.373077 -0.067031 0.361241
v -0.397452 0.274219 -0.414697
v -0.460421 0.276250 -0.469540
v -0.523390 0.276250 -0.229853
v -0.596515 0.276250 -0.260322
v -0.523390 0.276250 0.198741
v -0.596515 0.276250 0.229209
v -0.407608 0.276250 0.373428
v -0.460421 0.276250 0.438428
v -0.474640 -0.008125 0.464834
v -0.622921 -0.004063 0.241397
v -0.423858 -0.016250 0.389678
v -0.549796 -0.014219 0.210928
v -0.651358 0.276250 -0.014540
v -0.596515 0.276250 0.229209
v -0.572140 0.276250 -0.014540
v -0.523390 0.276250 0.198741
v -0.549796 -0.014219 0.210928
v -0.622921 -0.004063 0.241397
v -0.600577 -0.014219 -0.014541
v -0.679796 -0.004063 -0.014541
v -0.523390 0.276250 -0.229853
v -0.596515 0.276250 -0.260322
v -0.572140 0.276250 -0.014540
v -0.651358 0.276250 -0.014540
v 0.000673 -0.109688 0.655772
v -0.180108 -0.111719 0.629366
v -0.204483 -0.067031 0.586709
v -0.344640 -0.067031 0.568428
v -0.397452 -0.010156 -0.414697
v -0.310108 0.355469 -0.502040
v -0.397452 0.274219 -0.414697
v -0.397452 0.351406 -0.412665
v -0.624952 -0.316875 0.178428
v -0.698077 -0.188906 0.099209
v -0.655421 -0.329063 -0.014541
v -0.698077 -0.223438 -0.014541
v -0.698077 -0.223438 -0.014541
v -0.698077 -0.188906 -0.130322
v -0.655421 -0.329063 -0.014541
v -0.624952 -0.316875 -0.209541
v -0.334483 0.404219 -0.495947
v -0.340577 0.377812 -0.536572
v -0.387296 0.392031 -0.475634
v -0.442140 0.377812 -0.451259
v -0.387296 0.607344 -0.122197
v -0.476671 0.542344 -0.110009
v -0.387296 0.617500 -0.014540
v -0.476671 0.550469 -0.014540
v -0.387296 0.580937 0.196710
v -0.476671 0.517969 0.174366
v -0.387296 0.534219 0.294210
v -0.476671 0.477344 0.261710
v -0.387296 0.473281 -0.412665
v -0.334483 0.475312 -0.428915
v -0.387296 0.392031 -0.475634
v -0.334483 0.404219 -0.495947
v -0.007452 0.113750 0.704522
v -0.001358 0.107656 0.655772
v -0.167921 0.241719 0.649678
v -0.202452 0.276250 0.586709
v -0.007452 -0.000000 0.712647
v -0.001358 -0.000000 0.663897
v -0.007452 0.113750 0.704522
v -0.001358 0.107656 0.655772
v -0.387296 0.607344 -0.122197
v -0.476671 0.477344 -0.290790
v -0.476671 0.542344 -0.110009
v -0.602608 0.377812 -0.175009
v -0.521358 -0.428594 -0.296884
v -0.624952 -0.316875 -0.209541
v -0.521358 -0.322969 -0.412666
v -0.624952 -0.215313 -0.325322
v -0.698077 -0.188906 -0.130322
v -0.698077 -0.113750 -0.201416
v -0.387296 0.534219 -0.325322
v -0.387296 0.473281 -0.412665
v -0.434015 0.450937 -0.394384
v -0.442140 0.377812 -0.451259
v -0.387296 0.392031 -0.475634
v -0.387296 0.617500 -0.014540
v -0.476671 0.550469 -0.014540
v -0.387296 0.580937 0.196710
v -0.476671 0.517969 0.174366
v -0.602608 0.377812 0.143897
v -0.476671 0.477344 0.261710
v -0.543702 0.377812 0.294210
v -0.442140 0.377812 0.422178
v -0.624952 -0.316875 0.178428
v -0.624952 -0.215313 0.294209
v -0.698077 -0.188906 0.099209
v -0.698077 -0.113750 0.170303
v -0.629015 -0.113750 0.344991
v -0.633077 0.056875 0.347022
v -0.698077 -0.113750 -0.201416
v -0.702140 0.056875 -0.201416
v -0.629015 -0.113750 -0.374072
v -0.633077 0.056875 -0.376103
v -0.671671 0.223437 -0.193291
v -0.606671 0.223437 -0.361884
v -0.515265 0.056875 -0.524384
v -0.521358 -0.113750 -0.514228
v -0.633077 0.056875 -0.376103
v -0.629015 -0.113750 -0.374072
v -0.521358 -0.322969 -0.412666
v -0.007452 -0.113750 0.704522
v -0.007452 -0.000000 0.712647
v -0.194327 -0.113750 0.676084
v -0.194327 0.056875 0.680147
v -0.007452 0.113750 0.704522
v -0.167921 0.241719 0.649678
v -0.633077 0.056875 0.347022
v -0.702140 0.056875 0.172334
v -0.698077 -0.113750 0.170303
v -0.724483 -0.113750 -0.014541
v -0.730577 0.056875 -0.014541
v -0.698077 -0.113750 -0.201416
v -0.633077 0.056875 -0.376103
v -0.606671 0.223437 -0.361884
v -0.515265 0.056875 -0.524384
v -0.492921 0.223437 -0.502040
v -0.543702 0.377812 -0.325322
v -0.442140 0.377812 -0.451259
v -0.633077 0.056875 0.347022
v -0.606671 0.223437 0.330772
v -0.702140 0.056875 0.172334
v -0.671671 0.223437 0.164209
v -0.543702 0.377812 0.294210
v -0.602608 0.377812 0.143897
v -0.702140 0.056875 -0.201416
v -0.698077 0.223437 -0.014540
v -0.671671 0.223437 -0.193291
v -0.624952 0.377812 -0.014540
v -0.671671 0.223437 0.164209
v -0.602608 0.377812 0.143897
v -0.606671 0.223437 -0.361884
v -0.671671 0.223437 -0.193291
v -0.543702 0.377812 -0.325322
v -0.602608 0.377812 -0.175009
v -0.624952 0.377812 -0.014540
v -0.606671 0.223437 0.330772
v -0.492921 0.223437 0.472959
v -0.543702 0.377812 0.294210
v -0.442140 0.377812 0.422178
v -0.338546 0.377812 0.507491
v -0.629015 -0.113750 0.344991
v -0.624952 -0.215313 0.294209
v -0.519327 -0.113750 0.483116
v -0.521358 -0.322969 0.383584
v -0.624952 -0.316875 0.178428
v -0.521358 -0.428594 0.265772
v -0.543702 0.377812 -0.325322
v -0.476671 0.477344 -0.290790
v -0.434015 0.450937 -0.394384
v -0.387296 0.534219 -0.325322
v -0.387296 0.607344 -0.122197
v -0.334483 0.550469 -0.321259
v -0.334483 0.619531 -0.136415
v -0.596515 0.276250 0.229209
v -0.651358 0.276250 -0.014540
v -0.358858 0.542344 0.184522
v -0.358858 0.576875 -0.016572
v -0.596515 0.276250 -0.260322
v -0.360890 0.497656 -0.305009
v -0.360890 0.442812 -0.384228
v -0.358858 0.576875 -0.016572
v -0.360890 0.497656 -0.305009
v -0.358858 0.568750 -0.114072
v -0.312140 0.597187 -0.116103
v -0.312140 0.522031 -0.321259
v 0.000673 -0.109688 0.655772
v -0.204483 -0.067031 0.586709
v -0.001358 -0.000000 0.663897
v -0.001358 0.107656 0.655772
v -0.202452 0.276250 0.586709
v -0.180108 -0.111719 0.629366
v -0.342608 -0.111719 0.564366
v -0.344640 -0.067031 0.568428
v -0.480733 -0.067031 0.460772
v -0.484796 -0.107656 0.450616
v -0.423858 -0.016250 0.389678
v -0.549796 -0.014219 0.210928
v -0.407608 0.276250 0.373428
v -0.523390 0.276250 0.198741
v -0.600577 -0.014219 -0.014541
v -0.572140 0.276250 -0.014540
v -0.549796 -0.014219 -0.240009
v -0.523390 0.276250 -0.229853
v -0.397452 -0.010156 -0.414697
v -0.397452 0.274219 -0.414697
v -0.482765 -0.302656 -0.388291
v -0.484796 -0.107656 -0.481728
v -0.480733 -0.404219 -0.278603
v -0.622921 -0.004063 -0.270478
v -0.480733 -0.004063 -0.489853
v -0.310108 -0.107656 -0.500009
v -0.397452 -0.010156 -0.414697
v -0.397452 -0.105625 -0.414697
v -0.484796 -0.107656 -0.481728
v -0.480733 -0.004063 -0.489853
v -0.480733 -0.404219 0.247491
v -0.482765 -0.302656 0.359209
v -0.521358 -0.428594 0.265772
v -0.521358 -0.322969 0.383584
v -0.484796 -0.107656 0.450616
v -0.519327 -0.113750 0.483116
v -0.340577 0.223438 -0.619853
v -0.340577 0.377812 -0.536572
v -0.320265 0.249844 -0.573134
v -0.310108 0.355469 -0.502040
v -0.334483 0.404219 -0.495947
v -0.312140 0.390000 -0.479697
v -0.334483 0.475312 -0.428915
v -0.312140 0.467187 -0.402509
v -0.310108 0.355469 -0.502040
v -0.310108 -0.107656 -0.500009
v -0.320265 0.249844 -0.573134
v -0.310108 -0.004062 -0.613759
v -0.310108 -0.111719 -0.611728
v -0.375108 0.276250 0.361241
v -0.407608 0.276250 0.373428
v -0.216671 0.276250 0.416084
v -0.330421 0.276250 0.544053
v -0.460421 0.276250 0.438428
v -0.397452 -0.010156 -0.414697
v -0.549796 -0.014219 -0.240009
v -0.480733 -0.004063 -0.489853
v -0.622921 -0.004063 -0.270478
v -0.600577 -0.014219 -0.014541
v -0.679796 -0.004063 -0.014541
v -0.373077 -0.067031 0.361241
v -0.427921 -0.067031 0.391709
v -0.423858 -0.016250 0.389678
v -0.474640 -0.008125 0.464834
v -0.480733 -0.067031 0.460772
v -0.602608 0.377812 -0.175009
v -0.624952 0.377812 -0.014540
v -0.476671 0.542344 -0.110009
v -0.476671 0.550469 -0.014540
v -0.602608 0.377812 0.143897
v 0.514053 -0.401966 0.340724
v 0.514053 -0.338998 0.409786
v 0.426709 -0.458842 0.409786
v 0.331240 -0.629466 -0.154902
v 0.331240 -0.641654 0.096973
v 0.333271 -0.414154 0.078692
v 0.514053 -0.330873 -0.386464
v 0.514053 -0.330873 -0.006620
v 0.514053 -0.412123 -0.297089
v 0.426709 -0.330873 -0.477870
v 0.331240 -0.330873 -0.548964
v 0.333271 -0.330873 -0.546933
v 0.514053 -0.330873 0.409786
v 0.426709 -0.458842 0.409786
v 0.514053 -0.338998 0.409786
v 0.514053 -0.330873 -0.386464
v 0.426709 -0.330873 -0.477870
v 0.331240 -0.330873 -0.548964
v 0.333271 -0.330873 -0.006620
v 0.514053 -0.330873 -0.006620
v 0.331240 -0.330873 -0.548964
v 0.514053 -0.330873 -0.386464
v 0.333271 -0.330873 0.326505
v 0.514053 -0.330873 0.326505
v 0.333271 -0.410091 0.235099
v 0.514053 -0.410091 0.235099
v 0.514053 -0.511654 0.078692
v 0.514053 -0.434466 0.157911
v 0.514053 -0.452748 0.269630
v 0.514053 -0.410091 0.235099
v 0.514053 -0.452748 0.269630
v 0.514053 -0.410091 0.235099
v 0.514053 -0.401966 0.340724
v 0.514053 -0.330873 0.326505
v 0.426709 -0.458842 0.409786
v 0.514053 -0.330873 0.409786
v 0.331240 -0.509623 0.409786
v 0.333271 -0.330873 0.409786
v 0.333271 -0.330873 0.409786
v 0.514053 -0.330873 0.409786
v 0.333271 -0.330873 0.326505
v 0.514053 -0.330873 0.326505
v 0.331240 -0.629466 -0.154902
v 0.333271 -0.414154 0.078692
v 0.331240 -0.515716 -0.378339
v 0.333271 -0.330873 -0.006620
v 0.333271 -0.410091 0.235099
v 0.333271 -0.434466 0.157911
v 0.331240 -0.641654 0.096973
v 0.333271 -0.414154 0.078692
v 0.331240 -0.641654 0.096973
v 0.331240 -0.566498 0.334630
v 0.333271 -0.410091 0.235099
v 0.333271 -0.330873 0.326505
v 0.333271 -0.330873 0.409786
v 0.333271 -0.330873 0.326505
v 0.331240 -0.509623 0.409786
v 0.331240 -0.566498 0.334630
v 0.333271 -0.410091 0.235099
v 0.514053 -0.410091 0.235099
v 0.333271 -0.434466 0.157911
v 0.514053 -0.434466 0.157911
v 0.426709 -0.468998 -0.341776
v 0.426709 -0.572591 -0.138651
v 0.331240 -0.515716 -0.378339
v 0.331240 -0.629466 -0.154902
v 0.331240 -0.566498 0.334630
v 0.426709 -0.517748 0.306192
v 0.331240 -0.509623 0.409786
v 0.426709 -0.458842 0.409786
v 0.426709 -0.582748 0.088848
v 0.426709 -0.517748 0.306192
v 0.331240 -0.641654 0.096973
v 0.331240 -0.566498 0.334630
v 0.514053 -0.401966 0.340724
v 0.514053 -0.330873 0.326505
v 0.514053 -0.338998 0.409786
v 0.514053 -0.330873 0.409786
v 0.331240 -0.330873 -0.548964
v 0.331240 -0.515716 -0.378339
v 0.333271 -0.330873 -0.546933
v 0.333271 -0.330873 -0.006620
v 0.514053 -0.412123 -0.297089
v 0.514053 -0.503529 -0.120370
v 0.426709 -0.468998 -0.341776
v 0.426709 -0.572591 -0.138651
v 0.426709 -0.458842 0.409786
v 0.426709 -0.517748 0.306192
v 0.514053 -0.401966 0.340724
v 0.514053 -0.452748 0.269630
v 0.426709 -0.582748 0.088848
v 0.514053 -0.511654 0.078692
v 0.514053 -0.412123 -0.297089
v 0.426709 -0.468998 -0.341776
v 0.514053 -0.330873 -0.386464
v 0.426709 -0.330873 -0.477870
v 0.331240 -0.515716 -0.378339
v 0.331240 -0.330873 -0.548964
v 0.514053 -0.434466 0.157911
v 0.514053 -0.416185 0.080724
v 0.333271 -0.434466 0.157911
v 0.333271 -0.414154 0.078692
v 0.514053 -0.330873 -0.006620
v 0.333271 -0.330873 -0.006620
v 0.514053 -0.412123 -0.297089
v 0.514053 -0.330873 -0.006620
v 0.514053 -0.503529 -0.120370
v 0.514053 -0.511654 0.078692
v 0.514053 -0.416185 0.080724
v 0.514053 -0.434466 0.157911
v 0.514053 -0.511654 0.078692
v 0.426709 -0.582748 0.088848
v 0.514053 -0.503529 -0.120370
v 0.426709 -0.572591 -0.138651
v 0.331240 -0.641654 0.096973
v 0.331240 -0.629466 -0.154902
v -0.514053 -0.401966 0.340724
v -0.426709 -0.458842 0.409786
v -0.514053 -0.338998 0.409786
v -0.514053 -0.330873 -0.386464
v -0.331240 -0.330873 -0.548964
v -0.426709 -0.330873 -0.477870
v -0.514053 -0.330873 -0.386464
v -0.514053 -0.412123 -0.297089
v -0.514053 -0.330873 -0.006620
v -0.426709 -0.330873 -0.477870
v -0.331240 -0.515716 -0.378339
v -0.426709 -0.468998 -0.341776
v -0.331240 -0.515716 -0.378339
v -0.426709 -0.330873 -0.477870
v -0.331240 -0.330873 -0.548964
v -0.333271 -0.330873 -0.546933
v -0.333271 -0.330873 -0.006620
v -0.331240 -0.330873 -0.548964
v -0.514053 -0.330873 -0.006620
v -0.514053 -0.330873 -0.386464
v -0.426709 -0.458842 0.409786
v -0.514053 -0.401966 0.340724
v -0.426709 -0.517748 0.306192
v -0.514053 -0.452748 0.269630
v -0.514053 -0.412123 -0.297089
v -0.514053 -0.330873 -0.386464
v -0.426709 -0.468998 -0.341776
v -0.426709 -0.330873 -0.477870
v -0.426709 -0.458842 0.409786
v -0.426709 -0.517748 0.306192
v -0.331240 -0.509623 0.409786
v -0.331240 -0.566498 0.334630
v -0.514053 -0.511654 0.078692
v -0.514053 -0.330873 -0.006620
v -0.514053 -0.503529 -0.120370
v -0.514053 -0.412123 -0.297089
v -0.333271 -0.330873 -0.006620
v -0.331240 -0.515716 -0.378339
v -0.333271 -0.330873 -0.546933
v -0.331240 -0.330873 -0.548964
v -0.331240 -0.629466 -0.154902
v -0.331240 -0.515716 -0.378339
v -0.333271 -0.414154 0.078692
v -0.333271 -0.330873 -0.006620
v -0.333271 -0.434466 0.157911
v -0.331240 -0.641654 0.096973
v -0.333271 -0.414154 0.078692
v -0.331240 -0.629466 -0.154902
v -0.426709 -0.582748 0.088848
v -0.426709 -0.572591 -0.138651
v -0.331240 -0.641654 0.096973
v -0.331240 -0.629466 -0.154902
v -0.514053 -0.416185 0.080724
v -0.333271 -0.414154 0.078692
v -0.514053 -0.330873 -0.006620
v -0.333271 -0.330873 -0.006620
v -0.514053 -0.434466 0.157911
v -0.333271 -0.434466 0.157911
v -0.514053 -0.416185 0.080724
v -0.333271 -0.414154 0.078692
v -0.514053 -0.511654 0.078692
v -0.514053 -0.503529 -0.120370
v -0.426709 -0.582748 0.088848
v -0.426709 -0.572591 -0.138651
v -0.514053 -0.511654 0.078692
v -0.426709 -0.582748 0.088848
v -0.514053 -0.452748 0.269630
v -0.426709 -0.517748 0.306192
v -0.331240 -0.641654 0.096973
v -0.331240 -0.566498 0.334630
v -0.333271 -0.330873 0.409786
v -0.514053 -0.330873 0.409786
v -0.331240 -0.509623 0.409786
v -0.426709 -0.458842 0.409786
v -0.514053 -0.338998 0.409786
v -0.333271 -0.330873 0.409786
v -0.333271 -0.330873 0.326505
v -0.514053 -0.330873 0.409786
v -0.514053 -0.330873 0.326505
v -0.333271 -0.410091 0.235099
v -0.514053 -0.410091 0.235099
v -0.333271 -0.434466 0.157911
v -0.514053 -0.434466 0.157911
v -0.514053 -0.330873 -0.006620
v -0.514053 -0.511654 0.078692
v -0.514053 -0.416185 0.080724
v -0.514053 -0.434466 0.157911
v -0.514053 -0.452748 0.269630
v -0.514053 -0.410091 0.235099
v -0.514053 -0.401966 0.340724
v -0.514053 -0.330873 0.326505
v -0.514053 -0.338998 0.409786
v -0.514053 -0.330873 0.409786
v -0.333271 -0.434466 0.157911
v -0.333271 -0.410091 0.235099
v -0.331240 -0.641654 0.096973
v -0.331240 -0.566498 0.334630
v -0.333271 -0.330873 0.326505
v -0.331240 -0.509623 0.409786
v -0.333271 -0.330873 0.409786
v -0.514053 -0.412123 -0.297089
v -0.426709 -0.468998 -0.341776
v -0.514053 -0.503529 -0.120370
v -0.426709 -0.572591 -0.138651
v -0.331240 -0.515716 -0.378339
v -0.331240 -0.629466 -0.154902
v 0.000803 0.341019 0.589066
v 0.313615 0.353207 0.489534
v 0.260803 0.312582 0.544378
v 0.171428 0.223207 -0.666247
v 0.171428 0.424300 -0.554528
v 0.331896 0.223207 -0.607341
v 0.331896 0.389769 -0.509840
v 0.171428 0.554300 0.424534
v 0.279084 0.334925 0.580941
v 0.331896 0.509613 0.390003
v 0.331896 0.377582 0.524066
v 0.161271 0.241488 0.664222
v 0.279084 0.334925 0.580941
v 0.171428 0.353207 0.611409
v 0.171428 0.554300 0.424534
v 0.331896 0.509613 0.390003
v 0.331896 0.623363 0.166566
v 0.171428 0.554300 0.424534
v 0.171428 0.678207 0.182816
v 0.171428 0.611175 -0.353434
v 0.331896 0.562425 -0.324997
v 0.171428 0.424300 -0.554528
v 0.331896 0.389769 -0.509840
v 0.171428 0.678207 0.182816
v 0.331896 0.623363 0.166566
v 0.171428 0.692425 -0.091403
v 0.331896 0.635550 -0.083278
v 0.002834 0.223207 -0.688591
v 0.002834 0.438519 -0.568747
v 0.171428 0.223207 -0.666247
v 0.171428 0.424300 -0.554528
v 0.171428 0.678207 0.182816
v 0.002834 0.572582 0.438753
v 0.171428 0.554300 0.424534
v 0.002834 0.363363 0.629691
v 0.171428 0.692425 -0.091403
v 0.002834 0.700550 0.186878
v 0.171428 0.678207 0.182816
v 0.002834 0.572582 0.438753
v 0.000803 0.590863 -0.341247
v 0.313615 0.523832 -0.302653
v 0.000803 0.668050 -0.087340
v 0.313615 0.594925 -0.077184
v 0.000803 0.341019 -0.589059
v 0.313615 0.302425 -0.524059
v 0.000803 0.590863 -0.341247
v 0.313615 0.523832 -0.302653
v -0.019510 0.213050 -0.552497
v 0.295334 0.194769 -0.481403
v -0.019510 0.273988 -0.526091
v 0.293303 0.241488 -0.459059
v 0.313615 0.594925 -0.077184
v 0.331896 0.635550 -0.083278
v 0.313615 0.582738 0.156410
v 0.331896 0.623363 0.166566
v 0.331896 0.562425 -0.324997
v 0.331896 0.635550 -0.083278
v 0.313615 0.523832 -0.302653
v 0.313615 0.594925 -0.077184
v 0.313615 0.302425 -0.524059
v 0.331896 0.389769 -0.509840
v 0.313615 0.523832 -0.302653
v 0.331896 0.562425 -0.324997
v 0.331896 0.623363 0.166566
v 0.331896 0.509613 0.390003
v 0.313615 0.582738 0.156410
v 0.313615 0.475082 0.363597
v 0.313615 0.475082 0.363597
v 0.331896 0.509613 0.390003
v 0.313615 0.353207 0.489534
v 0.331896 0.377582 0.524066
v 0.313615 0.206957 -0.568747
v 0.002834 0.223207 -0.688591
v 0.331896 0.223207 -0.607341
v 0.171428 0.223207 -0.666247
v 0.000803 0.668050 -0.087340
v 0.002834 0.714769 -0.093434
v 0.000803 0.590863 -0.341247
v 0.002834 0.629457 -0.363590
v 0.002834 0.700550 0.186878
v 0.002834 0.714769 -0.093434
v 0.000803 0.655863 0.174691
v 0.000803 0.668050 -0.087340
v 0.000803 0.533988 0.410316
v 0.002834 0.572582 0.438753
v 0.000803 0.655863 0.174691
v 0.002834 0.700550 0.186878
v 0.279084 0.334925 0.580941
v 0.260803 0.312582 0.544378
v 0.331896 0.377582 0.524066
v 0.313615 0.353207 0.489534
v 0.293303 0.241488 -0.459059
v 0.313615 0.302425 -0.524059
v -0.019510 0.273988 -0.526091
v 0.000803 0.341019 -0.589059
v -0.019510 0.273988 -0.526091
v 0.000803 0.341019 -0.589059
v -0.019510 0.213050 -0.552497
v 0.000803 0.211019 -0.643903
v 0.331896 0.635550 -0.083278
v 0.331896 0.562425 -0.324997
v 0.171428 0.692425 -0.091403
v 0.171428 0.611175 -0.353434
v 0.002834 0.223207 -0.688591
v 0.313615 0.206957 -0.568747
v 0.000803 0.211019 -0.643903
v -0.019510 0.213050 -0.552497
v 0.295334 0.194769 -0.481403
v 0.002834 0.115550 0.717034
v 0.161271 0.241488 0.664222
v 0.002834 0.249613 0.684534
v 0.002834 0.363363 0.629691
v 0.171428 0.353207 0.611409
v 0.171428 0.554300 0.424534
v 0.260803 0.312582 0.544378
v 0.151115 0.227269 0.623597
v 0.000803 0.341019 0.589066
v 0.000803 0.235394 0.639847
v 0.000803 0.111488 0.672347
v 0.000803 0.341019 0.589066
v 0.000803 0.533988 0.410316
v 0.313615 0.353207 0.489534
v 0.313615 0.475082 0.363597
v 0.000803 0.655863 0.174691
v 0.313615 0.582738 0.156410
v 0.000803 0.668050 -0.087340
v 0.313615 0.594925 -0.077184
v 0.002834 0.438519 -0.568747
v 0.002834 0.629457 -0.363590
v 0.171428 0.424300 -0.554528
v 0.171428 0.611175 -0.353434
v 0.002834 0.714769 -0.093434
v 0.171428 0.692425 -0.091403
v 0.002834 0.700550 0.186878
v 0.000803 0.211019 -0.643903
v 0.000803 0.341019 -0.589059
v 0.002834 0.223207 -0.688591
v 0.002834 0.438519 -0.568747
v 0.000803 0.590863 -0.341247
v 0.002834 0.629457 -0.363590
v 0.000803 0.533988 0.410316
v 0.000803 0.341019 0.589066
v 0.002834 0.572582 0.438753
v 0.002834 0.363363 0.629691
v 0.000803 0.235394 0.639847
v 0.002834 0.249613 0.684534
v 0.000803 0.111488 0.672347
v 0.002834 0.115550 0.717034
v 0.279084 0.334925 0.580941
v 0.161271 0.241488 0.664222
v 0.260803 0.312582 0.544378
v 0.151115 0.227269 0.623597
v 0.002834 0.115550 0.717034
v 0.000803 0.111488 0.672347
v 0.331896 0.389769 -0.509840
v 0.313615 0.302425 -0.524059
v 0.331896 0.223207 -0.607341
v 0.313615 0.206957 -0.568747
v 0.293303 0.241488 -0.459059
v 0.295334 0.194769 -0.481403
v 0.019510 0.213050 -0.552497
v -0.295334 0.194769 -0.481403
v -0.313615 0.206957 -0.568747
v -0.000803 0.235394 0.639847
v -0.000803 0.111488 0.672347
v -0.151115 0.227269 0.623597
v -0.000803 0.341019 0.589066
v -0.260803 0.312582 0.544378
v -0.313615 0.353207 0.489534
v -0.161271 0.241488 0.664222
v -0.171428 0.353207 0.611409
v -0.279084 0.334925 0.580941
v -0.171428 0.554300 0.424534
v -0.331896 0.635550 -0.083278
v -0.331896 0.623363 0.166566
v -0.171428 0.692425 -0.091403
v -0.171428 0.678207 0.182816
v -0.002834 0.438519 -0.568747
v -0.171428 0.424300 -0.554528
v -0.002834 0.629457 -0.363590
v -0.171428 0.611175 -0.353434
v -0.002834 0.363363 0.629691
v -0.161271 0.241488 0.664222
v -0.002834 0.249613 0.684534
v -0.002834 0.115550 0.717034
v -0.293303 0.241488 -0.459059
v -0.295334 0.194769 -0.481403
v 0.019510 0.273988 -0.526091
v 0.019510 0.213050 -0.552497
v -0.260803 0.312582 0.544378
v -0.000803 0.341019 0.589066
v -0.151115 0.227269 0.623597
v -0.000803 0.235394 0.639847
v -0.000803 0.341019 0.589066
v -0.313615 0.353207 0.489534
v -0.000803 0.533988 0.410316
v -0.313615 0.475082 0.363597
v -0.000803 0.533988 0.410316
v -0.313615 0.475082 0.363597
v -0.000803 0.655863 0.174691
v -0.313615 0.582738 0.156410
v -0.000803 0.655863 0.174691
v -0.313615 0.582738 0.156410
v -0.000803 0.668050 -0.087340
v -0.313615 0.594925 -0.077184
v -0.331896 0.623363 0.166566
v -0.331896 0.635550 -0.083278
v -0.313615 0.582738 0.156410
v -0.313615 0.594925 -0.077184
v -0.313615 0.594925 -0.077184
v -0.331896 0.635550 -0.083278
v -0.313615 0.523832 -0.302653
v -0.331896 0.562425 -0.324997
v -0.313615 0.475082 0.363597
v -0.331896 0.509613 0.390003
v -0.313615 0.582738 0.156410
v -0.331896 0.623363 0.166566
v -0.171428 0.554300 0.424534
v -0.331896 0.509613 0.390003
v -0.279084 0.334925 0.580941
v -0.331896 0.377582 0.524066
v -0.171428 0.678207 0.182816
v -0.331896 0.623363 0.166566
v -0.171428 0.554300 0.424534
v -0.331896 0.509613 0.390003
v -0.000803 0.341019 -0.589059
v -0.002834 0.438519 -0.568747
v -0.000803 0.590863 -0.341247
v -0.002834 0.629457 -0.363590
v -0.002834 0.629457 -0.363590
v -0.002834 0.714769 -0.093434
v -0.000803 0.590863 -0.341247
v -0.000803 0.668050 -0.087340
v -0.000803 0.668050 -0.087340
v -0.002834 0.714769 -0.093434
v -0.000803 0.655863 0.174691
v -0.002834 0.700550 0.186878
v -0.002834 0.700550 0.186878
v -0.002834 0.572582 0.438753
v -0.000803 0.655863 0.174691
v -0.000803 0.533988 0.410316
v -0.000803 0.533988 0.410316
v -0.002834 0.572582 0.438753
v -0.000803 0.341019 0.589066
v -0.002834 0.363363 0.629691
v -0.000803 0.341019 0.589066
v -0.002834 0.363363 0.629691
v -0.000803 0.235394 0.639847
v -0.002834 0.249613 0.684534
v -0.000803 0.235394 0.639847
v -0.002834 0.249613 0.684534
v -0.000803 0.111488 0.672347
v -0.002834 0.115550 0.717034
v -0.161271 0.241488 0.664222
v -0.151115 0.227269 0.623597
v -0.002834 0.115550 0.717034
v -0.000803 0.111488 0.672347
v -0.279084 0.334925 0.580941
v -0.260803 0.312582 0.544378
v -0.161271 0.241488 0.664222
v -0.151115 0.227269 0.623597
v -0.313615 0.353207 0.489534
v -0.260803 0.312582 0.544378
v -0.331896 0.377582 0.524066
v -0.279084 0.334925 0.580941
v -0.000803 0.341019 -0.589059
v -0.313615 0.302425 -0.524059
v 0.019510 0.273988 -0.526091
v -0.293303 0.241488 -0.459059
v -0.000803 0.211019 -0.643903
v -0.000803 0.341019 -0.589059
v 0.019510 0.213050 -0.552497
v 0.019510 0.273988 -0.526091
v -0.313615 0.302425 -0.524059
v -0.313615 0.206957 -0.568747
v -0.293303 0.241488 -0.459059
v -0.295334 0.194769 -0.481403
v -0.331896 0.377582 0.524066
v -0.331896 0.509613 0.390003
v -0.313615 0.353207 0.489534
v -0.313615 0.475082 0.363597
v -0.000803 0.211019 -0.643903
v -0.002834 0.223207 -0.688591
v -0.000803 0.341019 -0.589059
v -0.002834 0.438519 -0.568747
v -0.331896 0.389769 -0.509840
v -0.331896 0.562425 -0.324997
v -0.171428 0.424300 -0.554528
v -0.171428 0.611175 -0.353434
v -0.002834 0.223207 -0.688591
v -0.171428 0.223207 -0.666247
v -0.002834 0.438519 -0.568747
v -0.171428 0.424300 -0.554528
v -0.331896 0.223207 -0.607341
v -0.331896 0.389769 -0.509840
v -0.161271 0.241488 0.664222
v -0.002834 0.363363 0.629691
v -0.171428 0.353207 0.611409
v -0.171428 0.554300 0.424534
v -0.002834 0.572582 0.438753
v -0.171428 0.678207 0.182816
v -0.002834 0.700550 0.186878
v -0.171428 0.692425 -0.091403
v -0.002834 0.714769 -0.093434
v -0.000803 0.341019 -0.589059
v -0.000803 0.590863 -0.341247
v -0.313615 0.302425 -0.524059
v -0.313615 0.523832 -0.302653
v -0.000803 0.668050 -0.087340
v -0.313615 0.594925 -0.077184
v -0.313615 0.206957 -0.568747
v -0.313615 0.302425 -0.524059
v -0.331896 0.223207 -0.607341
v -0.331896 0.389769 -0.509840
v -0.313615 0.523832 -0.302653
v -0.331896 0.562425 -0.324997
v -0.171428 0.223207 -0.666247
v -0.002834 0.223207 -0.688591
v -0.331896 0.223207 -0.607341
v -0.313615 0.206957 -0.568747
v -0.000803 0.211019 -0.643903
v 0.019510 0.213050 -0.552497
v -0.331896 0.635550 -0.083278
v -0.171428 0.692425 -0.091403
v -0.331896 0.562425 -0.324997
v -0.171428 0.611175 -0.353434
v -0.002834 0.714769 -0.093434
v -0.002834 0.629457 -0.363590
vt 0.291565 1.824890
vt 0.291565 1.726379
vt 0.310364 1.726379
vt 0.789062 1.332825
vt 0.749390 1.305115
vt 0.789062 1.305115
vt 0.330566 1.582886
vt 0.330566 1.668335
vt 0.309814 1.668335
vt 0.810059 1.372986
vt 0.817688 1.354431
vt 0.838745 1.343933
vt 0.398560 1.865784
vt 0.430725 1.865784
vt 0.398560 1.904541
vt 0.368042 1.831604
vt 0.376709 1.861328
vt 0.325745 1.861328
vt 0.562805 1.222473
vt 0.549316 1.264282
vt 0.549316 1.180603
vt 0.789062 1.332825
vt 0.789062 1.305115
vt 0.749390 1.305115
vt 0.786560 1.975342
vt 0.705566 1.995605
vt 0.705566 1.975342
vt 0.399414 1.607666
vt 0.374084 1.607483
vt 0.374084 1.668335
vt 0.645508 1.441711
vt 0.722168 1.459961
vt 0.756897 1.424133
vt 0.817688 1.354431
vt 0.838745 1.343933
vt 0.806824 1.318115
vt 0.810059 1.372986
vt 0.838745 1.343933
vt 0.817688 1.354431
vt 0.786621 1.497986
vt 0.912048 1.491699
vt 0.891724 1.432983
vt 0.223755 1.773132
vt 0.241150 1.772461
vt 0.230530 1.709534
vt 0.398560 1.865784
vt 0.398560 1.904541
vt 0.430725 1.865784
vt 0.786560 1.975342
vt 0.746094 1.995605
vt 0.786560 1.995605
vt 0.374084 1.726379
vt 0.428223 1.668335
vt 0.428223 1.726379
vt 0.374084 1.726379
vt 0.428223 1.824890
vt 0.428223 1.726379
vt 0.374084 1.824890
vt 0.374084 1.726379
vt 0.799561 1.416809
vt 0.830872 1.380432
vt 0.757019 1.403564
vt 0.682190 1.378662
vt 0.684326 1.499207
vt 0.727295 1.499207
vt 0.727295 1.481628
vt 0.774719 1.499207
vt 0.373718 1.102539
vt 0.421509 1.142822
vt 0.375488 1.081787
vt 0.421509 1.058228
vt 0.482483 1.203613
vt 0.421509 1.142822
vt 0.421509 1.203308
vt 0.375671 1.158752
vt 0.919067 1.550293
vt 0.912048 1.491699
vt 0.816650 1.549072
vt 0.786621 1.497986
vt 0.421509 1.142822
vt 0.482483 1.143127
vt 0.482483 1.203613
vt 0.421509 1.142822
vt 0.309448 1.904541
vt 0.309448 1.974304
vt 0.398560 1.904541
vt 0.398560 1.974304
vt 0.223755 1.773132
vt 0.230530 1.709534
vt 0.186218 1.671631
vt 0.208984 1.656799
vt 0.171021 1.820435
vt 0.224548 1.820435
vt 0.174927 1.791687
vt 0.224548 1.791687
vt 0.817688 1.354431
vt 0.806824 1.318115
vt 0.789062 1.332825
vt 0.789062 1.305115
vt 0.423828 1.861328
vt 0.420349 1.831604
vt 0.376709 1.861328
vt 0.368042 1.831604
vt 0.689209 1.305115
vt 0.739990 1.332825
vt 0.749390 1.305115
vt 0.789062 1.332825
vt 0.665894 1.528137
vt 0.727295 1.528137
vt 0.684326 1.499207
vt 0.727295 1.499207
vt 0.128113 1.705750
vt 0.128113 1.736633
vt 0.162476 1.738770
vt 0.152466 1.763672
vt 0.268982 1.844421
vt 0.224548 1.820435
vt 0.268982 1.904114
vt 0.224548 1.903687
vt 0.657837 1.563965
vt 0.727295 1.563965
vt 0.665894 1.528137
vt 0.727295 1.528137
vt 0.171021 1.820435
vt 0.174927 1.791687
vt 0.128723 1.820435
vt 0.128723 1.791687
vt 0.309814 1.668335
vt 0.291565 1.668335
vt 0.310364 1.726379
vt 0.291565 1.726379
vt 0.330566 1.582886
vt 0.291565 1.593079
vt 0.309814 1.668335
vt 0.291565 1.668335
vt 0.122742 1.896301
vt 0.122742 1.977173
vt 0.066650 1.896301
vt 0.066650 1.977173
vt 0.066650 1.896301
vt 0.066650 1.977173
vt 0.010559 1.896301
vt 0.010559 1.977173
vt 0.010559 1.752319
vt 0.066650 1.752319
vt 0.010559 1.815491
vt 0.066650 1.815491
vt 0.010559 1.680481
vt 0.066650 1.680481
vt 0.010559 1.752319
vt 0.066650 1.752319
vt 0.528503 1.161377
vt 0.528503 1.283142
vt 0.503235 1.150391
vt 0.503235 1.294800
vt 0.549316 1.180603
vt 0.549316 1.264282
vt 0.528503 1.161377
vt 0.528503 1.283142
vt 0.647827 1.033997
vt 0.647827 1.009216
vt 0.596436 1.033997
vt 0.596436 1.009827
vt 0.221252 1.011047
vt 0.221252 1.091919
vt 0.264648 1.011047
vt 0.264648 1.091858
vt 0.471313 1.033997
vt 0.402771 1.011047
vt 0.353027 1.076660
vt 0.353027 1.011047
vt 0.694397 1.033997
vt 0.694397 1.008484
vt 0.647827 1.033997
vt 0.647827 1.009216
vt 0.309265 1.011047
vt 0.309265 1.091858
vt 0.353027 1.011047
vt 0.353027 1.076660
vt 0.208984 1.593201
vt 0.243713 1.598389
vt 0.208984 1.656799
vt 0.243958 1.662781
vt 0.399414 1.607666
vt 0.428223 1.609070
vt 0.428223 1.668335
vt 0.399414 1.607666
vt 0.374084 1.726379
vt 0.428223 1.668335
vt 0.374084 1.668335
vt 0.399414 1.607666
vt 0.705566 1.995605
vt 0.786560 1.975342
vt 0.746094 1.995605
vt 0.786560 1.995605
vt 0.208984 1.523376
vt 0.243042 1.523376
vt 0.208984 1.593201
vt 0.243713 1.598389
vt 0.253906 1.774170
vt 0.241150 1.772461
vt 0.249451 1.706909
vt 0.230530 1.709534
vt 0.253906 1.774170
vt 0.249451 1.706909
vt 0.284851 1.704163
vt 0.243958 1.662781
vt 0.287964 1.623047
vt 0.243713 1.598389
vt 0.290955 1.523376
vt 0.243042 1.523376
vt 0.153870 1.783325
vt 0.128113 1.783325
vt 0.152466 1.763672
vt 0.128113 1.736633
vt 0.253906 1.774170
vt 0.237183 1.814087
vt 0.241150 1.772461
vt 0.223755 1.773132
vt 0.374084 1.726379
vt 0.374084 1.668335
vt 0.428223 1.668335
vt 0.399414 1.607666
vt 0.482483 1.036011
vt 0.482483 1.143127
vt 0.421509 1.058228
vt 0.421509 1.142822
vt 0.309448 1.904541
vt 0.309448 1.865784
vt 0.398560 1.904541
vt 0.398560 1.865784
vt 0.309448 1.974304
vt 0.268982 1.974426
vt 0.309448 1.904541
vt 0.268982 1.904114
vt 0.482483 1.203613
vt 0.421509 1.203308
vt 0.421509 1.142822
vt 0.375671 1.158752
vt 0.374084 1.824890
vt 0.330566 1.824890
vt 0.374084 1.726379
vt 0.330566 1.726379
vt 0.374084 1.726379
vt 0.428223 1.726379
vt 0.374084 1.824890
vt 0.428223 1.824890
vt 0.793091 1.528137
vt 0.727295 1.528137
vt 0.774719 1.499207
vt 0.727295 1.499207
vt 0.374084 1.726379
vt 0.330566 1.726379
vt 0.374084 1.668335
vt 0.330566 1.668335
vt 0.919067 1.550293
vt 0.816650 1.549072
vt 0.912048 1.491699
vt 0.786621 1.497986
vt 0.208984 1.656799
vt 0.243958 1.662781
vt 0.230530 1.709534
vt 0.249451 1.706909
vt 0.684326 1.499207
vt 0.727295 1.481628
vt 0.727295 1.499207
vt 0.774719 1.499207
vt 0.268982 1.844421
vt 0.309448 1.865784
vt 0.268982 1.904114
vt 0.309448 1.904541
vt 0.309448 1.904541
vt 0.398560 1.904541
vt 0.309448 1.974304
vt 0.398560 1.974304
vt 0.789429 1.362488
vt 0.789062 1.332825
vt 0.810059 1.372986
vt 0.817688 1.354431
vt 0.423828 1.861328
vt 0.376709 1.861328
vt 0.420349 1.831604
vt 0.368042 1.831604
vt 0.789062 1.332825
vt 0.789429 1.362488
vt 0.739990 1.332825
vt 0.742981 1.362488
vt 0.689209 1.305115
vt 0.684570 1.332825
vt 0.576965 1.306641
vt 0.686951 1.362488
vt 0.368042 1.831604
vt 0.325745 1.861328
vt 0.325745 1.831604
vt 0.258789 1.833984
vt 0.739990 1.332825
vt 0.742981 1.362488
vt 0.684570 1.332825
vt 0.686951 1.362488
vt 0.284851 1.704163
vt 0.243958 1.662781
vt 0.287964 1.623047
vt 0.243713 1.598389
vt 0.330566 1.824890
vt 0.315979 1.824890
vt 0.330566 1.726379
vt 0.310364 1.726379
vt 0.797791 1.563965
vt 0.727295 1.563965
vt 0.793091 1.528137
vt 0.727295 1.528137
vt 0.171021 1.820435
vt 0.128723 1.820435
vt 0.174927 1.791687
vt 0.128723 1.791687
vt 0.309814 1.668335
vt 0.330566 1.668335
vt 0.310364 1.726379
vt 0.330566 1.726379
vt 0.291565 1.824890
vt 0.310364 1.726379
vt 0.301331 1.824890
vt 0.315979 1.824890
vt 0.373718 1.102539
vt 0.375671 1.158752
vt 0.351135 1.120422
vt 0.329285 1.122803
vt 0.309448 1.904541
vt 0.398560 1.904541
vt 0.309448 1.865784
vt 0.398560 1.865784
vt 0.482483 1.036011
vt 0.421509 1.058228
vt 0.482483 1.143127
vt 0.421509 1.142822
vt 0.153870 1.783325
vt 0.152466 1.763672
vt 0.128113 1.783325
vt 0.128113 1.736633
vt 0.162476 1.738770
vt 0.152466 1.763672
vt 0.201843 1.783325
vt 0.153870 1.783325
vt 0.253906 1.774170
vt 0.241150 1.772461
vt 0.237183 1.814087
vt 0.223755 1.773132
vt 0.264648 1.091858
vt 0.309265 1.011047
vt 0.309265 1.091858
vt 0.353027 1.011047
vt 0.746094 1.995605
vt 0.786560 1.975342
vt 0.705566 1.995605
vt 0.705566 1.975342
vt 0.786621 1.497986
vt 0.891724 1.432983
vt 0.799561 1.416809
vt 0.830872 1.380432
vt 0.353027 1.076660
vt 0.402771 1.011047
vt 0.471313 1.033997
vt 0.471313 1.011047
vt 0.756897 1.424133
vt 0.722168 1.459961
vt 0.799561 1.416809
vt 0.786621 1.497986
vt 0.309265 1.091858
vt 0.353027 1.011047
vt 0.353027 1.076660
vt 0.402771 1.011047
vt 0.066650 1.815491
vt 0.122742 1.815491
vt 0.066650 1.752319
vt 0.122742 1.752319
vt 0.066650 1.896301
vt 0.066650 1.815491
vt 0.010559 1.896301
vt 0.010559 1.815491
vt 0.066650 1.752319
vt 0.122742 1.752319
vt 0.066650 1.680481
vt 0.122742 1.680481
vt 0.763977 1.033997
vt 0.763977 1.007690
vt 0.694397 1.033997
vt 0.694397 1.008484
vt 0.264648 1.011047
vt 0.264648 1.091858
vt 0.309265 1.011047
vt 0.309265 1.091858
vt 0.122742 1.896301
vt 0.122742 1.815491
vt 0.066650 1.896301
vt 0.066650 1.815491
vt 0.315979 1.824890
vt 0.310364 1.726379
vt 0.301331 1.824890
vt 0.291565 1.824890
vt 0.291565 1.726379
vt 0.066650 1.518738
vt 0.066650 1.599609
vt 0.122742 1.518738
vt 0.122742 1.599609
vt 0.066650 1.680481
vt 0.122742 1.680481
vt 0.066650 1.815491
vt 0.066650 1.752319
vt 0.010559 1.815491
vt 0.010559 1.752319
vt 0.066650 1.680481
vt 0.010559 1.680481
vt 0.010559 1.518738
vt 0.010559 1.599609
vt 0.066650 1.518738
vt 0.066650 1.599609
vt 0.010559 1.680481
vt 0.066650 1.680481
vt 0.503235 1.294800
vt 0.528503 1.283142
vt 0.503235 1.150391
vt 0.528503 1.161377
vt 0.549316 1.264282
vt 0.549316 1.180603
vt 0.562805 1.222473
vt 0.471313 1.011047
vt 0.596436 1.009827
vt 0.471313 1.033997
vt 0.596436 1.033997
vt 0.647827 1.009216
vt 0.647827 1.033997
vt 0.694397 1.008484
vt 0.694397 1.033997
vt 0.763977 1.007690
vt 0.763977 1.033997
vt 0.221252 1.011047
vt 0.264648 1.011047
vt 0.221252 1.091919
vt 0.264648 1.091858
vt 0.309265 1.011047
vt 0.243958 1.662781
vt 0.243713 1.598389
vt 0.208984 1.656799
vt 0.208984 1.593201
vt 0.243042 1.523376
vt 0.208984 1.523376
vt 0.208984 1.656799
vt 0.230530 1.709534
vt 0.243958 1.662781
vt 0.249451 1.706909
vt 0.241150 1.772461
vt 0.253906 1.774170
vt 0.243042 1.523376
vt 0.243713 1.598389
vt 0.290955 1.523376
vt 0.287964 1.623047
vt 0.243958 1.662781
vt 0.284851 1.704163
vt 0.249451 1.706909
vt 0.253906 1.774170
vt 0.268982 1.904114
vt 0.224548 1.903687
vt 0.268982 1.974426
vt 0.224548 1.974548
vt 0.171631 1.903687
vt 0.172424 1.974548
vt 0.128723 1.903687
vt 0.128723 1.974548
vt 0.309448 1.974304
vt 0.309448 1.904541
vt 0.268982 1.974426
vt 0.268982 1.904114
vt 0.309448 1.865784
vt 0.268982 1.844421
vt 0.330566 1.582886
vt 0.330566 1.668335
vt 0.374084 1.607483
vt 0.374084 1.668335
vt 0.330566 1.726379
vt 0.374084 1.726379
vt 0.330566 1.824890
vt 0.374084 1.824890
vt 0.727295 1.499207
vt 0.727295 1.528137
vt 0.774719 1.499207
vt 0.793091 1.528137
vt 0.727295 1.563965
vt 0.797791 1.563965
vt 0.224548 1.820435
vt 0.171021 1.820435
vt 0.224548 1.903687
vt 0.171631 1.903687
vt 0.128723 1.820435
vt 0.128723 1.903687
vt 0.817688 1.354431
vt 0.789062 1.332825
vt 0.810059 1.372986
vt 0.789429 1.362488
vt 0.739990 1.332825
vt 0.742981 1.362488
vt 0.684570 1.332825
vt 0.686951 1.362488
vt 0.686951 1.362488
vt 0.684570 1.332825
vt 0.576965 1.306641
vt 0.689209 1.305115
vt 0.739990 1.332825
vt 0.258789 1.833984
vt 0.325745 1.861328
vt 0.325745 1.831604
vt 0.368042 1.831604
vt 0.376709 1.861328
vt 0.330566 1.824890
vt 0.330566 1.726379
vt 0.315979 1.824890
vt 0.310364 1.726379
vt 0.330566 1.668335
vt 0.309814 1.668335
vt 0.330566 1.582886
vt 0.122742 1.896301
vt 0.066650 1.896301
vt 0.122742 1.977173
vt 0.066650 1.977173
vt 0.010559 1.896301
vt 0.010559 1.977173
vt 0.329285 1.122803
vt 0.375671 1.158752
vt 0.351135 1.120422
vt 0.373718 1.102539
vt 0.421509 1.142822
vt 0.010559 1.815491
vt 0.066650 1.815491
vt 0.010559 1.896301
vt 0.066650 1.896301
vt 0.122742 1.815491
vt 0.122742 1.896301
vt 0.122742 1.680481
vt 0.122742 1.752319
vt 0.066650 1.680481
vt 0.066650 1.752319
vt 0.122742 1.815491
vt 0.066650 1.815491
vt 0.010559 1.599609
vt 0.066650 1.599609
vt 0.010559 1.680481
vt 0.066650 1.680481
vt 0.122742 1.599609
vt 0.122742 1.680481
vt 0.010559 1.518738
vt 0.066650 1.518738
vt 0.010559 1.599609
vt 0.066650 1.599609
vt 0.122742 1.518738
vt 0.122742 1.599609
vt 0.402771 1.011047
vt 0.471313 1.033997
vt 0.471313 1.011047
vt 0.596436 1.009827
vt 0.596436 1.033997
vt 0.786621 1.497986
vt 0.722168 1.459961
vt 0.799561 1.416809
vt 0.756897 1.424133
vt 0.645508 1.441711
vt 0.682190 1.378662
vt 0.830872 1.380432
vt 0.757019 1.403564
vt 0.799561 1.416809
vt 0.891724 1.432983
vt 0.786621 1.497986
vt 0.912048 1.491699
vt 0.153870 1.783325
vt 0.152466 1.763672
vt 0.201843 1.783325
vt 0.162476 1.738770
vt 0.128113 1.736633
vt 0.128113 1.705750
vt 0.224548 1.791687
vt 0.224548 1.820435
vt 0.174927 1.791687
vt 0.171021 1.820435
vt 0.224548 1.903687
vt 0.171631 1.903687
vt 0.224548 1.974548
vt 0.172424 1.974548
vt 0.330566 1.582886
vt 0.374084 1.607483
vt 0.330566 1.668335
vt 0.374084 1.668335
vt 0.399414 1.607666
vt 0.421509 1.058228
vt 0.421509 1.142822
vt 0.375488 1.081787
vt 0.373718 1.102539
vt 0.375671 1.158752
vt 0.208984 1.656799
vt 0.230530 1.709534
vt 0.186218 1.671631
vt 0.223755 1.773132
vt 0.241150 1.772461
vt 0.789062 1.305115
vt 0.806824 1.318115
vt 0.789062 1.332825
vt 0.817688 1.354431
vt 0.838745 1.343933
vt 0.789062 1.332825
vt 0.739990 1.332825
vt 0.749390 1.305115
vt 0.689209 1.305115
vt 0.684570 1.332825
vt 0.657837 1.563965
vt 0.665894 1.528137
vt 0.727295 1.563965
vt 0.727295 1.528137
vt 0.684326 1.499207
vt 0.727295 1.499207
vt 0.268982 1.844421
vt 0.268982 1.904114
vt 0.224548 1.820435
vt 0.224548 1.903687
vt 0.268982 1.974426
vt 0.224548 1.974548
vt 0.171021 1.820435
vt 0.171631 1.903687
vt 0.128723 1.820435
vt 0.128723 1.903687
vt 0.172424 1.974548
vt 0.128723 1.974548
vt 0.291565 1.726379
vt 0.291565 1.668335
vt 0.310364 1.726379
vt 0.309814 1.668335
vt 0.291565 1.593079
vt 0.330566 1.582886
vt 0.542419 1.080261
vt 0.542419 1.166748
vt 0.532227 1.123474
vt 0.793884 1.977600
vt 0.891663 1.993408
vt 0.793884 1.993408
vt 0.854675 1.283142
vt 0.854675 1.367554
vt 0.844971 1.325317
vt 0.600708 1.981323
vt 0.612732 1.997314
vt 0.586914 1.997314
vt 0.998108 1.180969
vt 0.998108 1.124084
vt 0.896423 1.180969
vt 0.896423 1.124084
vt 0.789429 1.000610
vt 0.789429 1.027710
vt 0.818420 1.000610
vt 0.818420 1.027710
vt 0.818420 1.027710
vt 0.847351 1.027710
vt 0.818420 1.000610
vt 0.847351 1.000610
vt 0.896423 1.180969
vt 0.896423 1.233887
vt 0.998108 1.180969
vt 0.998108 1.233887
vt 0.847351 1.000610
vt 0.847351 1.027710
vt 0.873474 1.000610
vt 0.873474 1.027710
vt 0.873474 1.027710
vt 0.899536 1.027710
vt 0.873474 1.000610
vt 0.899536 1.000610
vt 0.899536 1.000610
vt 0.899536 1.027710
vt 0.925659 1.000610
vt 0.925659 1.027710
vt 0.925659 1.000610
vt 0.925659 1.027710
vt 0.960388 1.000610
vt 0.960388 1.027710
vt 0.960388 1.027710
vt 0.992310 1.027710
vt 0.960388 1.000610
vt 0.992310 1.000610
vt 0.772034 1.027710
vt 0.789429 1.027710
vt 0.774597 1.000610
vt 0.789429 1.000610
vt 0.469177 1.997314
vt 0.479370 1.981323
vt 0.489868 1.997314
vt 0.505859 1.981323
vt 0.563721 1.997314
vt 0.563843 1.981323
vt 0.586914 1.997314
vt 0.600708 1.981323
vt 0.600708 1.981323
vt 0.631287 1.981323
vt 0.612732 1.997314
vt 0.632080 1.997314
vt 0.632080 1.997314
vt 0.631287 1.981323
vt 0.652710 1.997314
vt 0.650391 1.981323
vt 0.935974 1.519287
vt 0.935974 1.487427
vt 0.953125 1.518799
vt 0.953125 1.475281
vt 0.953125 1.562134
vt 0.935974 1.546204
vt 0.953125 1.518799
vt 0.935974 1.519287
vt 0.935974 1.365845
vt 0.953125 1.383118
vt 0.935974 1.400696
vt 0.953125 1.431519
vt 0.953125 1.383118
vt 0.935974 1.365845
vt 0.953125 1.336670
vt 0.935974 1.341370
vt 0.935974 1.341370
vt 0.935974 1.302307
vt 0.953125 1.336670
vt 0.953125 1.300110
vt 0.998108 1.233887
vt 0.896423 1.233887
vt 0.998108 1.180969
vt 0.896423 1.180969
vt 0.998108 1.180969
vt 0.896423 1.180969
vt 0.998108 1.124084
vt 0.896423 1.124084
vt 0.953125 1.618225
vt 0.953125 1.672302
vt 0.935974 1.630188
vt 0.935974 1.672791
vt 0.260559 1.355652
vt 0.503113 1.355652
vt 0.260559 1.368530
vt 0.503113 1.368835
vt 0.542419 1.166748
vt 0.542419 1.080261
vt 0.585327 1.036987
vt 0.574951 1.036987
vt 0.585327 1.036987
vt 0.585327 1.210022
vt 0.542419 1.166748
vt 0.574951 1.210022
vt 0.854675 1.367554
vt 0.854675 1.283142
vt 0.895447 1.240784
vt 0.885559 1.240784
vt 0.895447 1.240784
vt 0.895447 1.403259
vt 0.854675 1.367554
vt 0.885559 1.403259
vt 0.260559 1.307068
vt 0.260559 1.250366
vt 0.472229 1.307068
vt 0.469421 1.250366
vt 0.929382 1.403259
vt 0.895447 1.403259
vt 0.929382 1.240784
vt 0.895447 1.240784
vt 0.260559 1.250366
vt 0.260559 1.221436
vt 0.469421 1.250366
vt 0.471619 1.221436
vt 0.544373 1.388672
vt 0.544373 1.326599
vt 0.609802 1.388672
vt 0.609802 1.326599
vt 0.472229 1.307068
vt 0.503113 1.355652
vt 0.260559 1.307068
vt 0.260559 1.355652
vt 0.609802 1.326599
vt 0.544373 1.326599
vt 0.609802 1.388672
vt 0.544373 1.388672
vt 0.928894 1.435242
vt 0.928894 1.413940
vt 0.894958 1.435242
vt 0.894958 1.413940
vt 0.260559 1.307068
vt 0.260559 1.355652
vt 0.229065 1.306213
vt 0.229065 1.355652
vt 0.260559 1.250366
vt 0.260559 1.307068
vt 0.229065 1.250366
vt 0.229065 1.306213
vt 0.229065 1.223389
vt 0.260559 1.221436
vt 0.229065 1.250366
vt 0.260559 1.250366
vt 0.895447 1.412476
vt 0.929382 1.412476
vt 0.895447 1.435913
vt 0.929382 1.435913
vt 0.469421 1.250366
vt 0.471619 1.221436
vt 0.471741 1.250366
vt 0.488464 1.223389
vt 0.501953 1.306213
vt 0.472229 1.307068
vt 0.471741 1.250366
vt 0.469421 1.250366
vt 0.540039 1.355652
vt 0.503113 1.355652
vt 0.501953 1.306213
vt 0.472229 1.307068
vt 0.779480 1.180969
vt 0.837952 1.180969
vt 0.779480 1.124084
vt 0.837952 1.124084
vt 0.469177 1.997314
vt 0.448853 1.997314
vt 0.479370 1.981323
vt 0.431396 1.981323
vt 0.891663 1.993408
vt 0.793884 1.977600
vt 0.891663 1.977600
vt 0.846069 1.977600
vt 0.779480 1.233887
vt 0.837952 1.233887
vt 0.779480 1.180969
vt 0.837952 1.180969
vt 0.779480 1.233887
vt 0.779480 1.180969
vt 0.837952 1.233887
vt 0.837952 1.180969
vt 0.779480 1.124084
vt 0.837952 1.124084
vt 0.779480 1.233887
vt 0.779480 1.180969
vt 0.721008 1.233887
vt 0.721008 1.180969
vt 0.779480 1.124084
vt 0.721008 1.124084
vt 0.721008 1.233887
vt 0.721008 1.180969
vt 0.662537 1.233887
vt 0.662537 1.180969
vt 0.721008 1.124084
vt 0.662537 1.124084
vt 0.662537 1.233887
vt 0.662537 1.180969
vt 0.604065 1.233887
vt 0.604065 1.180969
vt 0.662537 1.124084
vt 0.604065 1.124084
vt 0.604065 1.233887
vt 0.604065 1.180969
vt 0.662537 1.233887
vt 0.662537 1.180969
vt 0.604065 1.124084
vt 0.662537 1.124084
vt 0.662537 1.233887
vt 0.662537 1.180969
vt 0.721008 1.233887
vt 0.721008 1.180969
vt 0.662537 1.124084
vt 0.721008 1.124084
vt 0.721008 1.233887
vt 0.721008 1.180969
vt 0.779480 1.233887
vt 0.779480 1.180969
vt 0.721008 1.124084
vt 0.779480 1.124084
vt 0.896423 1.233887
vt 0.896423 1.180969
vt 0.837952 1.233887
vt 0.837952 1.180969
vt 0.896423 1.124084
vt 0.837952 1.124084
vt 0.837952 1.233887
vt 0.837952 1.180969
vt 0.896423 1.233887
vt 0.896423 1.180969
vt 0.837952 1.124084
vt 0.896423 1.124084
vt 0.563721 1.997314
vt 0.543579 1.997314
vt 0.563843 1.981323
vt 0.534790 1.981323
vt 0.524658 1.997314
vt 0.505859 1.981323
vt 0.506104 1.997314
vt 0.489868 1.997314
vt 0.935974 1.546204
vt 0.953125 1.562134
vt 0.935974 1.578186
vt 0.935974 1.600159
vt 0.953125 1.618225
vt 0.935974 1.630188
vt 0.935974 1.487427
vt 0.935974 1.455627
vt 0.953125 1.475281
vt 0.953125 1.431519
vt 0.935974 1.432678
vt 0.935974 1.400696
vt 0.448853 1.997314
vt 0.431396 1.997314
vt 0.431396 1.981323
vt 0.409485 1.981323
vt 0.404663 1.997314
vt 0.885559 1.403259
vt 0.895447 1.403259
vt 0.885559 1.412476
vt 0.895447 1.412476
vt 0.929382 1.403259
vt 0.929382 1.412476
vt 0.928894 1.403320
vt 0.894958 1.403320
vt 0.928894 1.413940
vt 0.894958 1.413940
vt 0.885132 1.403320
vt 0.888062 1.413940
vt 0.409485 1.981323
vt 0.404663 1.997314
vt 0.431396 1.997314
vt 0.793884 1.977600
vt 0.891663 1.977600
vt 0.846069 1.977600
vt 0.847351 1.000610
vt 0.847351 1.027710
vt 0.818420 1.000610
vt 0.818420 1.027710
vt 0.818420 1.027710
vt 0.789429 1.027710
vt 0.818420 1.000610
vt 0.789429 1.000610
vt 0.896423 1.124084
vt 0.998108 1.124084
vt 0.896423 1.180969
vt 0.998108 1.180969
vt 0.873474 1.027710
vt 0.847351 1.027710
vt 0.873474 1.000610
vt 0.847351 1.000610
vt 0.992310 1.000610
vt 0.992310 1.027710
vt 0.960388 1.000610
vt 0.960388 1.027710
vt 0.789429 1.000610
vt 0.789429 1.027710
vt 0.774597 1.000610
vt 0.772034 1.027710
vt 0.505859 1.981323
vt 0.524658 1.997314
vt 0.534790 1.981323
vt 0.543579 1.997314
vt 0.899536 1.000610
vt 0.899536 1.027710
vt 0.873474 1.000610
vt 0.873474 1.027710
vt 0.563721 1.997314
vt 0.563843 1.981323
vt 0.543579 1.997314
vt 0.534790 1.981323
vt 0.650391 1.981323
vt 0.631287 1.981323
vt 0.652710 1.997314
vt 0.632080 1.997314
vt 0.953125 1.475281
vt 0.935974 1.487427
vt 0.953125 1.518799
vt 0.935974 1.519287
vt 0.935974 1.519287
vt 0.935974 1.546204
vt 0.953125 1.518799
vt 0.953125 1.562134
vt 0.935974 1.600159
vt 0.953125 1.562134
vt 0.935974 1.578186
vt 0.935974 1.546204
vt 0.953125 1.431519
vt 0.935974 1.455627
vt 0.953125 1.475281
vt 0.935974 1.487427
vt 0.953125 1.300110
vt 0.935974 1.302307
vt 0.953125 1.336670
vt 0.935974 1.341370
vt 0.431396 1.981323
vt 0.448853 1.997314
vt 0.479370 1.981323
vt 0.469177 1.997314
vt 0.409485 1.981323
vt 0.431396 1.997314
vt 0.431396 1.981323
vt 0.448853 1.997314
vt 0.632080 1.997314
vt 0.631287 1.981323
vt 0.612732 1.997314
vt 0.600708 1.981323
vt 0.891663 1.977600
vt 0.793884 1.977600
vt 0.891663 1.993408
vt 0.793884 1.993408
vt 0.935974 1.672791
vt 0.953125 1.672302
vt 0.935974 1.630188
vt 0.953125 1.618225
vt 0.885559 1.403259
vt 0.885559 1.412476
vt 0.895447 1.403259
vt 0.895447 1.412476
vt 0.503113 1.368835
vt 0.503113 1.355652
vt 0.260559 1.368530
vt 0.260559 1.355652
vt 0.928894 1.403320
vt 0.928894 1.413940
vt 0.894958 1.403320
vt 0.894958 1.413940
vt 0.585327 1.036987
vt 0.542419 1.166748
vt 0.585327 1.210022
vt 0.574951 1.210022
vt 0.895447 1.240784
vt 0.854675 1.367554
vt 0.895447 1.403259
vt 0.885559 1.403259
vt 0.895447 1.403259
vt 0.895447 1.412476
vt 0.929382 1.403259
vt 0.929382 1.412476
vt 0.894958 1.403320
vt 0.894958 1.413940
vt 0.885132 1.403320
vt 0.888062 1.413940
vt 0.469421 1.250366
vt 0.260559 1.250366
vt 0.472229 1.307068
vt 0.260559 1.307068
vt 0.895447 1.240784
vt 0.895447 1.403259
vt 0.929382 1.240784
vt 0.929382 1.403259
vt 0.609802 1.326599
vt 0.544373 1.326599
vt 0.609802 1.388672
vt 0.544373 1.388672
vt 0.544373 1.388672
vt 0.544373 1.326599
vt 0.609802 1.388672
vt 0.609802 1.326599
vt 0.894958 1.413940
vt 0.928894 1.413940
vt 0.894958 1.435242
vt 0.928894 1.435242
vt 0.229065 1.306213
vt 0.260559 1.307068
vt 0.229065 1.250366
vt 0.260559 1.250366
vt 0.260559 1.250366
vt 0.260559 1.221436
vt 0.229065 1.250366
vt 0.229065 1.223389
vt 0.929382 1.435913
vt 0.929382 1.412476
vt 0.895447 1.435913
vt 0.895447 1.412476
vt 0.469421 1.250366
vt 0.472229 1.307068
vt 0.471741 1.250366
vt 0.501953 1.306213
vt 0.472229 1.307068
vt 0.503113 1.355652
vt 0.501953 1.306213
vt 0.540039 1.355652
vt 0.935974 1.630188
vt 0.953125 1.618225
vt 0.935974 1.600159
vt 0.953125 1.562134
vt 0.896423 1.180969
vt 0.837952 1.180969
vt 0.896423 1.124084
vt 0.837952 1.124084
vt 0.524658 1.997314
vt 0.505859 1.981323
vt 0.506104 1.997314
vt 0.489868 1.997314
vt 0.479370 1.981323
vt 0.469177 1.997314
vt 0.779480 1.233887
vt 0.779480 1.180969
vt 0.837952 1.233887
vt 0.837952 1.180969
vt 0.779480 1.124084
vt 0.837952 1.124084
vt 0.896423 1.180969
vt 0.837952 1.180969
vt 0.896423 1.233887
vt 0.837952 1.233887
vt 0.779480 1.180969
vt 0.779480 1.233887
vt 0.721008 1.180969
vt 0.721008 1.233887
vt 0.662537 1.180969
vt 0.662537 1.233887
vt 0.604065 1.180969
vt 0.604065 1.233887
vt 0.662537 1.180969
vt 0.662537 1.233887
vt 0.721008 1.180969
vt 0.721008 1.233887
vt 0.779480 1.180969
vt 0.779480 1.233887
vt 0.998108 1.233887
vt 0.998108 1.180969
vt 0.896423 1.233887
vt 0.896423 1.180969
vt 0.998108 1.124084
vt 0.896423 1.124084
vt 0.896423 1.124084
vt 0.837952 1.124084
vt 0.896423 1.180969
vt 0.837952 1.180969
vt 0.779480 1.124084
vt 0.779480 1.180969
vt 0.721008 1.124084
vt 0.721008 1.180969
vt 0.662537 1.124084
vt 0.662537 1.180969
vt 0.604065 1.124084
vt 0.604065 1.180969
vt 0.662537 1.124084
vt 0.662537 1.180969
vt 0.721008 1.124084
vt 0.721008 1.180969
vt 0.779480 1.124084
vt 0.779480 1.180969
vt 0.899536 1.000610
vt 0.925659 1.000610
vt 0.899536 1.027710
vt 0.925659 1.027710
vt 0.960388 1.000610
vt 0.960388 1.027710
vt 0.837952 1.180969
vt 0.896423 1.180969
vt 0.837952 1.233887
vt 0.896423 1.233887
vt 0.998108 1.180969
vt 0.998108 1.233887
vt 0.563721 1.997314
vt 0.586914 1.997314
vt 0.563843 1.981323
vt 0.600708 1.981323
vt 0.612732 1.997314
vt 0.935974 1.455627
vt 0.953125 1.431519
vt 0.935974 1.432678
vt 0.935974 1.400696
vt 0.953125 1.383118
vt 0.935974 1.365845
vt 0.953125 1.336670
vt 0.935974 1.341370
vt 0.574951 1.036987
vt 0.542419 1.080261
vt 0.585327 1.036987
vt 0.542419 1.166748
vt 0.532227 1.123474
vt 0.885559 1.240784
vt 0.854675 1.283142
vt 0.895447 1.240784
vt 0.854675 1.367554
vt 0.844971 1.325317
vt 0.260559 1.250366
vt 0.469421 1.250366
vt 0.260559 1.221436
vt 0.471619 1.221436
vt 0.471741 1.250366
vt 0.488464 1.223389
vt 0.472229 1.307068
vt 0.260559 1.307068
vt 0.503113 1.355652
vt 0.260559 1.355652
vt 0.229065 1.306213
vt 0.229065 1.355652
vt 0.432007 1.554260
vt 0.403748 1.580383
vt 0.433289 1.579834
vt 0.004272 1.458435
vt 0.004272 1.476257
vt 0.024841 1.476257
vt 0.754944 1.642578
vt 0.812012 1.584229
vt 0.754944 1.573547
vt 0.126465 1.568054
vt 0.126892 1.640015
vt 0.173157 1.638306
vt 0.432373 1.491577
vt 0.403870 1.493408
vt 0.405518 1.516663
vt 0.554871 1.494690
vt 0.579407 1.447937
vt 0.554871 1.446289
vt 0.535828 1.548645
vt 0.485840 1.504822
vt 0.499084 1.491699
vt 0.949646 1.706177
vt 0.923218 1.686462
vt 0.926819 1.706177
vt 0.302979 1.516907
vt 0.304260 1.554260
vt 0.305481 1.516846
vt 0.587463 1.450317
vt 0.645142 1.494690
vt 0.625793 1.470886
vt 0.257812 1.419128
vt 0.172241 1.353516
vt 0.172241 1.482178
vt 0.581787 1.639038
vt 0.554871 1.598206
vt 0.554871 1.639526
vt 0.457886 1.488831
vt 0.457642 1.482788
vt 0.485840 1.504822
vt 0.585266 1.764587
vt 0.585266 1.712097
vt 0.538330 1.712097
vt 0.049072 1.482178
vt 0.049072 1.501892
vt 0.117615 1.501892
vt 0.900879 1.917542
vt 0.944885 1.872253
vt 0.896484 1.872253
vt 0.656433 1.642578
vt 0.697937 1.584229
vt 0.644348 1.612183
vt 0.644470 1.706177
vt 0.716614 1.706177
vt 0.716614 1.686890
vt 0.896484 1.764587
vt 0.944885 1.764587
vt 0.896484 1.712097
vt 0.944885 1.712097
vt 0.639648 1.764587
vt 0.639648 1.712097
vt 0.585266 1.764587
vt 0.585266 1.712097
vt 0.639648 1.764587
vt 0.703369 1.764587
vt 0.639648 1.712097
vt 0.703369 1.712097
vt 0.768677 1.764587
vt 0.768677 1.712097
vt 0.703369 1.764587
vt 0.703369 1.712097
vt 0.585266 1.764587
vt 0.538330 1.712097
vt 0.538330 1.764587
vt 0.482483 1.764404
vt 0.865417 1.686890
vt 0.923218 1.686462
vt 0.910828 1.658813
vt 0.949646 1.706177
vt 0.910828 1.658813
vt 0.865601 1.612183
vt 0.853516 1.642578
vt 0.812012 1.584229
vt 0.585266 1.824768
vt 0.585266 1.872253
vt 0.639648 1.824768
vt 0.639648 1.872253
vt 0.768677 1.905945
vt 0.808350 1.894104
vt 0.768677 1.872253
vt 0.836914 1.872253
vt 0.832092 1.928406
vt 0.874207 1.894592
vt 0.808350 1.894104
vt 0.836914 1.872253
vt 0.830505 1.706177
vt 0.830505 1.686890
vt 0.754944 1.706177
vt 0.754944 1.686890
vt 0.926819 1.706177
vt 0.923218 1.686462
vt 0.865417 1.706177
vt 0.865417 1.686890
vt 0.655884 1.893921
vt 0.619385 1.916626
vt 0.695374 1.927979
vt 0.659851 1.966248
vt 0.458069 1.509888
vt 0.457886 1.488831
vt 0.471252 1.514587
vt 0.485840 1.504822
vt 0.554871 1.547729
vt 0.645142 1.549500
vt 0.554871 1.494690
vt 0.645142 1.494690
vt 0.257812 1.419128
vt 0.172241 1.482178
vt 0.257812 1.456177
vt 0.257812 1.501892
vt 0.049072 1.482178
vt 0.117615 1.501892
vt 0.117615 1.482178
vt 0.186890 1.501892
vt 0.467102 1.961304
vt 0.467102 1.898071
vt 0.429688 1.961304
vt 0.429688 1.898071
vt 0.122498 1.354492
vt 0.097290 1.354492
vt 0.122986 1.476257
vt 0.097839 1.476257
vt 0.097839 1.476257
vt 0.097290 1.354492
vt 0.045593 1.476257
vt 0.045593 1.354492
vt 0.588135 1.961304
vt 0.588135 1.898071
vt 0.552368 1.961304
vt 0.552368 1.898071
vt 0.552368 1.961304
vt 0.552368 1.898071
vt 0.510559 1.961304
vt 0.510559 1.898071
vt 0.510559 1.961304
vt 0.510559 1.898071
vt 0.467102 1.961304
vt 0.467102 1.898071
vt 0.487488 1.745178
vt 0.458862 1.764709
vt 0.458740 1.747192
vt 0.428467 1.778625
vt 0.645142 1.494690
vt 0.587463 1.450317
vt 0.554871 1.494690
vt 0.579407 1.447937
vt 0.645142 1.601257
vt 0.645142 1.549500
vt 0.554871 1.598206
vt 0.554871 1.547729
vt 0.554871 1.598206
vt 0.581787 1.639038
vt 0.645142 1.601257
vt 0.621216 1.622559
vt 0.458374 1.531799
vt 0.471130 1.536194
vt 0.458374 1.587463
vt 0.471008 1.588135
vt 0.458374 1.614075
vt 0.471008 1.614746
vt 0.458374 1.672424
vt 0.471008 1.669128
vt 0.535828 1.681519
vt 0.458313 1.741333
vt 0.471130 1.693359
vt 0.458374 1.696655
vt 0.458313 1.741333
vt 0.535828 1.681519
vt 0.458740 1.747192
vt 0.487488 1.745178
vt 0.432373 1.491577
vt 0.405518 1.516663
vt 0.431641 1.516602
vt 0.432007 1.554260
vt 0.997253 1.556580
vt 0.997253 1.493103
vt 0.982422 1.553833
vt 0.982422 1.494385
vt 0.896484 1.764587
vt 0.896484 1.712097
vt 0.836914 1.764587
vt 0.836914 1.712097
vt 0.985413 1.764587
vt 0.985413 1.712097
vt 0.944885 1.764587
vt 0.944885 1.712097
vt 0.997253 1.434875
vt 0.997253 1.403320
vt 0.982422 1.435791
vt 0.982422 1.403748
vt 0.982422 1.597717
vt 0.997253 1.594360
vt 0.982422 1.553833
vt 0.997253 1.556580
vt 0.997253 1.322571
vt 0.982422 1.326477
vt 0.997253 1.337036
vt 0.982422 1.340576
vt 0.982422 1.314514
vt 0.982422 1.326477
vt 0.997253 1.309998
vt 0.997253 1.322571
vt 0.960938 1.375366
vt 0.978516 1.375366
vt 0.960938 1.367004
vt 0.978516 1.367004
vt 0.978516 1.404053
vt 0.978516 1.375366
vt 0.960938 1.404053
vt 0.960938 1.375366
vt 0.978516 1.415649
vt 0.978516 1.404053
vt 0.960938 1.415649
vt 0.960938 1.404053
vt 0.978516 1.466064
vt 0.978516 1.415649
vt 0.960938 1.466064
vt 0.960938 1.415649
vt 0.960938 1.476257
vt 0.978516 1.476257
vt 0.960938 1.466064
vt 0.978516 1.466064
vt 0.978516 1.507874
vt 0.978516 1.476257
vt 0.960938 1.507874
vt 0.960938 1.476257
vt 0.978516 1.519043
vt 0.978516 1.507874
vt 0.960938 1.519043
vt 0.960938 1.507874
vt 0.978516 1.562622
vt 0.978516 1.519043
vt 0.960938 1.562622
vt 0.960938 1.519043
vt 0.960938 1.568298
vt 0.978516 1.568298
vt 0.960938 1.562622
vt 0.978516 1.562622
vt 0.978516 1.589539
vt 0.978516 1.568298
vt 0.960938 1.589539
vt 0.960938 1.568298
vt 0.978516 1.597839
vt 0.978516 1.589539
vt 0.960938 1.599487
vt 0.960938 1.589539
vt 0.960938 1.613831
vt 0.978516 1.613831
vt 0.960938 1.599487
vt 0.978516 1.597839
vt 0.960938 1.623413
vt 0.978516 1.628845
vt 0.960938 1.613831
vt 0.978516 1.613831
vt 0.960938 1.656982
vt 0.978516 1.649109
vt 0.960938 1.623413
vt 0.978516 1.628845
vt 0.997253 1.657166
vt 0.982422 1.655945
vt 0.997253 1.701904
vt 0.982422 1.698608
vt 0.326111 1.499207
vt 0.305847 1.512451
vt 0.326660 1.516846
vt 0.305481 1.516846
vt 0.403748 1.580383
vt 0.432007 1.554260
vt 0.333191 1.570984
vt 0.304260 1.554260
vt 0.449341 1.562134
vt 0.449036 1.491577
vt 0.432007 1.554260
vt 0.431641 1.516602
vt 0.126465 1.568054
vt 0.156372 1.517822
vt 0.208496 1.565369
vt 0.197632 1.523376
vt 0.158569 1.476257
vt 0.158569 1.354492
vt 0.122986 1.476257
vt 0.122498 1.354492
vt 0.024841 1.354492
vt 0.024841 1.458435
vt 0.045593 1.354492
vt 0.045593 1.476257
vt 0.429688 1.961304
vt 0.429688 1.978271
vt 0.467102 1.961304
vt 0.467102 1.978271
vt 0.588135 1.881165
vt 0.552368 1.881165
vt 0.588135 1.898071
vt 0.552368 1.898071
vt 0.552368 1.961304
vt 0.552368 1.978271
vt 0.588135 1.961304
vt 0.588135 1.978271
vt 0.552368 1.898071
vt 0.552368 1.881165
vt 0.510559 1.898071
vt 0.510559 1.881165
vt 0.510559 1.978271
vt 0.552368 1.978271
vt 0.510559 1.961304
vt 0.552368 1.961304
vt 0.467102 1.961304
vt 0.467102 1.978271
vt 0.510559 1.961304
vt 0.510559 1.978271
vt 0.004272 1.458435
vt 0.024841 1.476257
vt 0.024841 1.458435
vt 0.045593 1.476257
vt 0.257812 1.501892
vt 0.172241 1.482178
vt 0.186890 1.501892
vt 0.117615 1.482178
vt 0.697937 1.584229
vt 0.720764 1.642578
vt 0.754944 1.573547
vt 0.754944 1.642578
vt 0.836914 1.872253
vt 0.768677 1.824768
vt 0.768677 1.872253
vt 0.703369 1.824768
vt 0.944885 1.764587
vt 0.944885 1.824768
vt 0.985413 1.764587
vt 0.985413 1.824768
vt 0.482483 1.764404
vt 0.431702 1.808350
vt 0.482483 1.824768
vt 0.431702 1.837219
vt 0.431702 1.872253
vt 0.482483 1.872253
vt 0.431702 1.837219
vt 0.482483 1.824768
vt 0.768677 1.872253
vt 0.703369 1.824768
vt 0.703369 1.872253
vt 0.639648 1.824768
vt 0.585266 1.872253
vt 0.585266 1.824768
vt 0.538330 1.872253
vt 0.538330 1.824768
vt 0.659851 1.966248
vt 0.768677 1.966248
vt 0.695374 1.927979
vt 0.768677 1.935791
vt 0.836914 1.872253
vt 0.896484 1.872253
vt 0.836914 1.824768
vt 0.896484 1.824768
vt 0.703369 1.872253
vt 0.727234 1.893860
vt 0.768677 1.872253
vt 0.768677 1.905945
vt 0.853516 1.642578
vt 0.812012 1.584229
vt 0.822388 1.642578
vt 0.754944 1.642578
vt 0.695374 1.927979
vt 0.727234 1.893860
vt 0.655884 1.893921
vt 0.703369 1.872253
vt 0.768677 1.905945
vt 0.727234 1.893860
vt 0.768677 1.935791
vt 0.695374 1.927979
vt 0.590576 1.706177
vt 0.612976 1.706177
vt 0.590576 1.686523
vt 0.612976 1.686890
vt 0.754944 1.642578
vt 0.720764 1.642578
vt 0.754944 1.686890
vt 0.716614 1.686890
vt 0.754944 1.686890
vt 0.830505 1.686890
vt 0.754944 1.642578
vt 0.822388 1.642578
vt 0.982422 1.494385
vt 0.997253 1.493103
vt 0.982422 1.468506
vt 0.997253 1.470520
vt 0.982422 1.468506
vt 0.997253 1.470520
vt 0.982422 1.435791
vt 0.997253 1.434875
vt 0.644470 1.686890
vt 0.656433 1.642578
vt 0.619751 1.662781
vt 0.644348 1.612183
vt 0.836914 1.872253
vt 0.874207 1.894592
vt 0.896484 1.872253
vt 0.900879 1.917542
vt 0.832092 1.928406
vt 0.858032 1.966248
vt 0.644470 1.686890
vt 0.619751 1.662781
vt 0.612976 1.686890
vt 0.599121 1.658813
vt 0.644348 1.612183
vt 0.830505 1.686890
vt 0.865417 1.686890
vt 0.822388 1.642578
vt 0.853516 1.642578
vt 0.910828 1.658813
vt 0.590576 1.706177
vt 0.590576 1.686523
vt 0.554993 1.706177
vt 0.599121 1.658813
vt 0.612976 1.686890
vt 0.768677 1.905945
vt 0.768677 1.935791
vt 0.808350 1.894104
vt 0.832092 1.928406
vt 0.768677 1.966248
vt 0.858032 1.966248
vt 0.619385 1.916626
vt 0.655884 1.893921
vt 0.585266 1.872253
vt 0.639648 1.872253
vt 0.703369 1.872253
vt 0.639648 1.824768
vt 0.896484 1.872253
vt 0.944885 1.872253
vt 0.896484 1.824768
vt 0.944885 1.824768
vt 0.985413 1.872253
vt 0.985413 1.824768
vt 0.538330 1.872253
vt 0.538330 1.824768
vt 0.482483 1.872253
vt 0.482483 1.824768
vt 0.538330 1.764587
vt 0.482483 1.764404
vt 0.836914 1.872253
vt 0.836914 1.824768
vt 0.768677 1.824768
vt 0.768677 1.764587
vt 0.836914 1.764587
vt 0.768677 1.712097
vt 0.836914 1.712097
vt 0.944885 1.764587
vt 0.896484 1.764587
vt 0.944885 1.824768
vt 0.896484 1.824768
vt 0.836914 1.764587
vt 0.836914 1.824768
vt 0.768677 1.764587
vt 0.703369 1.764587
vt 0.768677 1.824768
vt 0.703369 1.824768
vt 0.639648 1.764587
vt 0.639648 1.824768
vt 0.585266 1.764587
vt 0.585266 1.824768
vt 0.538330 1.764587
vt 0.538330 1.824768
vt 0.697937 1.584229
vt 0.656433 1.642578
vt 0.720764 1.642578
vt 0.716614 1.686890
vt 0.644470 1.686890
vt 0.644470 1.706177
vt 0.471008 1.588135
vt 0.471130 1.536194
vt 0.471008 1.614746
vt 0.535828 1.548645
vt 0.471252 1.514587
vt 0.485840 1.504822
vt 0.535828 1.548645
vt 0.550903 1.615112
vt 0.471008 1.614746
vt 0.471008 1.669128
vt 0.535828 1.681519
vt 0.471130 1.693359
vt 0.997253 1.403320
vt 0.997253 1.368896
vt 0.982422 1.403748
vt 0.982422 1.371521
vt 0.997253 1.337036
vt 0.982422 1.340576
vt 0.960938 1.234253
vt 0.960938 1.276550
vt 0.978516 1.234253
vt 0.978516 1.295288
vt 0.960938 1.326904
vt 0.978516 1.326904
vt 0.960938 1.333618
vt 0.978516 1.333618
vt 0.960938 1.367004
vt 0.978516 1.367004
vt 0.960938 1.656982
vt 0.960938 1.683105
vt 0.978516 1.649109
vt 0.978516 1.695435
vt 0.960938 1.707397
vt 0.978516 1.707397
vt 0.997253 1.657166
vt 0.997253 1.623047
vt 0.982422 1.655945
vt 0.982422 1.624756
vt 0.997253 1.594360
vt 0.982422 1.597717
vt 0.186584 1.629150
vt 0.208496 1.565369
vt 0.173157 1.638306
vt 0.126465 1.568054
vt 0.197632 1.523376
vt 0.156372 1.517822
vt 0.186584 1.629150
vt 0.173157 1.638306
vt 0.208496 1.565369
vt 0.126465 1.568054
vt 0.126892 1.640015
vt 0.429688 1.898071
vt 0.467102 1.898071
vt 0.429688 1.881165
vt 0.467102 1.881165
vt 0.510559 1.898071
vt 0.510559 1.881165
vt 0.305481 1.516846
vt 0.304260 1.554260
vt 0.326660 1.516846
vt 0.405518 1.516663
vt 0.432007 1.554260
vt 0.405518 1.516663
vt 0.432007 1.554260
vt 0.304260 1.554260
vt 0.535828 1.681519
vt 0.471008 1.669128
vt 0.471130 1.693359
vt 0.126465 1.568054
vt 0.126892 1.640015
vt 0.173157 1.638306
vt 0.302979 1.516907
vt 0.305481 1.516846
vt 0.304260 1.554260
vt 0.949646 1.706177
vt 0.926819 1.706177
vt 0.923218 1.686462
vt 0.457886 1.488831
vt 0.485840 1.504822
vt 0.457642 1.482788
vt 0.865417 1.686890
vt 0.853516 1.642578
vt 0.910828 1.658813
vt 0.644348 1.612183
vt 0.619751 1.662781
vt 0.599121 1.658813
vt 0.656433 1.642578
vt 0.644348 1.612183
vt 0.697937 1.584229
vt 0.538330 1.824768
vt 0.585266 1.824768
vt 0.538330 1.872253
vt 0.585266 1.872253
vt 0.768677 1.764587
vt 0.836914 1.824768
vt 0.768677 1.824768
vt 0.836914 1.872253
vt 0.538330 1.872253
vt 0.482483 1.872253
vt 0.538330 1.824768
vt 0.482483 1.824768
vt 0.985413 1.824768
vt 0.944885 1.824768
vt 0.985413 1.764587
vt 0.944885 1.764587
vt 0.538330 1.824768
vt 0.482483 1.824768
vt 0.538330 1.764587
vt 0.482483 1.764404
vt 0.585266 1.764587
vt 0.585266 1.824768
vt 0.538330 1.764587
vt 0.538330 1.824768
vt 0.639648 1.764587
vt 0.639648 1.824768
vt 0.585266 1.764587
vt 0.585266 1.824768
vt 0.768677 1.764587
vt 0.768677 1.824768
vt 0.703369 1.764587
vt 0.703369 1.824768
vt 0.944885 1.712097
vt 0.985413 1.712097
vt 0.944885 1.764587
vt 0.985413 1.764587
vt 0.585266 1.764587
vt 0.538330 1.764587
vt 0.538330 1.712097
vt 0.482483 1.764404
vt 0.865417 1.686890
vt 0.910828 1.658813
vt 0.923218 1.686462
vt 0.949646 1.706177
vt 0.639648 1.872253
vt 0.585266 1.872253
vt 0.639648 1.824768
vt 0.585266 1.824768
vt 0.900879 1.917542
vt 0.874207 1.894592
vt 0.896484 1.872253
vt 0.836914 1.872253
vt 0.836914 1.872253
vt 0.808350 1.894104
vt 0.768677 1.872253
vt 0.768677 1.905945
vt 0.754944 1.686890
vt 0.830505 1.686890
vt 0.754944 1.706177
vt 0.830505 1.706177
vt 0.865417 1.686890
vt 0.923218 1.686462
vt 0.865417 1.706177
vt 0.926819 1.706177
vt 0.944885 1.872253
vt 0.944885 1.824768
vt 0.985413 1.872253
vt 0.985413 1.824768
vt 0.768677 1.935791
vt 0.832092 1.928406
vt 0.768677 1.966248
vt 0.858032 1.966248
vt 0.485840 1.504822
vt 0.457886 1.488831
vt 0.471252 1.514587
vt 0.458069 1.509888
vt 0.645142 1.494690
vt 0.645142 1.549500
vt 0.554871 1.494690
vt 0.554871 1.547729
vt 0.097839 1.476257
vt 0.097290 1.354492
vt 0.122986 1.476257
vt 0.122498 1.354492
vt 0.045593 1.354492
vt 0.097290 1.354492
vt 0.045593 1.476257
vt 0.097839 1.476257
vt 0.487488 1.745178
vt 0.458740 1.747192
vt 0.458862 1.764709
vt 0.428467 1.778625
vt 0.554871 1.494690
vt 0.587463 1.450317
vt 0.645142 1.494690
vt 0.625793 1.470886
vt 0.554871 1.446289
vt 0.579407 1.447937
vt 0.554871 1.494690
vt 0.587463 1.450317
vt 0.554871 1.547729
vt 0.645142 1.549500
vt 0.554871 1.598206
vt 0.645142 1.601257
vt 0.471008 1.669128
vt 0.471008 1.614746
vt 0.458374 1.672424
vt 0.458374 1.614075
vt 0.535828 1.681519
vt 0.471130 1.693359
vt 0.458313 1.741333
vt 0.458374 1.696655
vt 0.458313 1.741333
vt 0.458740 1.747192
vt 0.535828 1.681519
vt 0.487488 1.745178
vt 0.982422 1.494385
vt 0.997253 1.493103
vt 0.982422 1.553833
vt 0.997253 1.556580
vt 0.982422 1.403748
vt 0.997253 1.403320
vt 0.982422 1.435791
vt 0.997253 1.434875
vt 0.997253 1.556580
vt 0.997253 1.594360
vt 0.982422 1.553833
vt 0.982422 1.597717
vt 0.997253 1.403320
vt 0.982422 1.403748
vt 0.997253 1.368896
vt 0.982422 1.371521
vt 0.997253 1.368896
vt 0.982422 1.371521
vt 0.997253 1.337036
vt 0.982422 1.340576
vt 0.982422 1.340576
vt 0.982422 1.326477
vt 0.997253 1.337036
vt 0.997253 1.322571
vt 0.768677 1.935791
vt 0.768677 1.966248
vt 0.695374 1.927979
vt 0.659851 1.966248
vt 0.768677 1.905945
vt 0.727234 1.893860
vt 0.768677 1.872253
vt 0.703369 1.872253
vt 0.960938 1.276550
vt 0.978516 1.295288
vt 0.960938 1.326904
vt 0.978516 1.326904
vt 0.960938 1.326904
vt 0.978516 1.326904
vt 0.960938 1.333618
vt 0.978516 1.333618
vt 0.960938 1.333618
vt 0.978516 1.333618
vt 0.960938 1.367004
vt 0.978516 1.367004
vt 0.978516 1.367004
vt 0.978516 1.375366
vt 0.960938 1.367004
vt 0.960938 1.375366
vt 0.960938 1.375366
vt 0.978516 1.375366
vt 0.960938 1.404053
vt 0.978516 1.404053
vt 0.960938 1.404053
vt 0.978516 1.404053
vt 0.960938 1.415649
vt 0.978516 1.415649
vt 0.960938 1.415649
vt 0.978516 1.415649
vt 0.960938 1.466064
vt 0.978516 1.466064
vt 0.978516 1.466064
vt 0.978516 1.476257
vt 0.960938 1.466064
vt 0.960938 1.476257
vt 0.960938 1.476257
vt 0.978516 1.476257
vt 0.960938 1.507874
vt 0.978516 1.507874
vt 0.960938 1.507874
vt 0.978516 1.507874
vt 0.960938 1.519043
vt 0.978516 1.519043
vt 0.960938 1.519043
vt 0.978516 1.519043
vt 0.960938 1.562622
vt 0.978516 1.562622
vt 0.978516 1.562622
vt 0.978516 1.568298
vt 0.960938 1.562622
vt 0.960938 1.568298
vt 0.960938 1.568298
vt 0.978516 1.568298
vt 0.960938 1.589539
vt 0.978516 1.589539
vt 0.960938 1.589539
vt 0.978516 1.589539
vt 0.960938 1.599487
vt 0.978516 1.597839
vt 0.960938 1.656982
vt 0.978516 1.649109
vt 0.960938 1.683105
vt 0.978516 1.695435
vt 0.960938 1.683105
vt 0.978516 1.695435
vt 0.960938 1.707397
vt 0.978516 1.707397
vt 0.997253 1.623047
vt 0.982422 1.624756
vt 0.997253 1.594360
vt 0.982422 1.597717
vt 0.997253 1.657166
vt 0.982422 1.655945
vt 0.997253 1.623047
vt 0.982422 1.624756
vt 0.982422 1.698608
vt 0.982422 1.655945
vt 0.997253 1.701904
vt 0.997253 1.657166
vt 0.471252 1.514587
vt 0.535828 1.548645
vt 0.485840 1.504822
vt 0.499084 1.491699
vt 0.305481 1.516846
vt 0.305847 1.512451
vt 0.326660 1.516846
vt 0.326111 1.499207
vt 0.431641 1.516602
vt 0.449036 1.491577
vt 0.432007 1.554260
vt 0.449341 1.562134
vt 0.208496 1.565369
vt 0.126465 1.568054
vt 0.197632 1.523376
vt 0.156372 1.517822
vt 0.197632 1.523376
vt 0.156372 1.517822
vt 0.208496 1.565369
vt 0.126465 1.568054
vt 0.122498 1.354492
vt 0.158569 1.354492
vt 0.122986 1.476257
vt 0.158569 1.476257
vt 0.045593 1.476257
vt 0.024841 1.458435
vt 0.045593 1.354492
vt 0.024841 1.354492
vt 0.126465 1.568054
vt 0.173157 1.638306
vt 0.208496 1.565369
vt 0.186584 1.629150
vt 0.429688 1.898071
vt 0.429688 1.881165
vt 0.467102 1.898071
vt 0.467102 1.881165
vt 0.552368 1.898071
vt 0.552368 1.881165
vt 0.588135 1.898071
vt 0.588135 1.881165
vt 0.588135 1.978271
vt 0.552368 1.978271
vt 0.588135 1.961304
vt 0.552368 1.961304
vt 0.510559 1.881165
vt 0.552368 1.881165
vt 0.510559 1.898071
vt 0.552368 1.898071
vt 0.552368 1.961304
vt 0.552368 1.978271
vt 0.510559 1.961304
vt 0.510559 1.978271
vt 0.467102 1.898071
vt 0.467102 1.881165
vt 0.510559 1.898071
vt 0.510559 1.881165
vt 0.257812 1.501892
vt 0.186890 1.501892
vt 0.172241 1.482178
vt 0.117615 1.482178
vt 0.405518 1.516663
vt 0.304260 1.554260
vt 0.326660 1.516846
vt 0.305481 1.516846
vt 0.695374 1.927979
vt 0.727234 1.893860
vt 0.768677 1.935791
vt 0.768677 1.905945
vt 0.768677 1.905945
vt 0.808350 1.894104
vt 0.768677 1.935791
vt 0.832092 1.928406
vt 0.590576 1.706177
vt 0.554993 1.706177
vt 0.590576 1.686523
vt 0.599121 1.658813
vt 0.716614 1.686890
vt 0.720764 1.642578
vt 0.754944 1.686890
vt 0.754944 1.642578
vt 0.830505 1.686890
vt 0.822388 1.642578
vt 0.865417 1.686890
vt 0.853516 1.642578
vt 0.612976 1.686890
vt 0.612976 1.706177
vt 0.590576 1.686523
vt 0.590576 1.706177
vt 0.960938 1.234253
vt 0.978516 1.234253
vt 0.960938 1.276550
vt 0.978516 1.295288
vt 0.997253 1.322571
vt 0.982422 1.326477
vt 0.997253 1.309998
vt 0.982422 1.314514
vt 0.716614 1.686890
vt 0.656433 1.642578
vt 0.720764 1.642578
vt 0.697937 1.584229
vt 0.858032 1.966248
vt 0.832092 1.928406
vt 0.900879 1.917542
vt 0.874207 1.894592
vt 0.808350 1.894104
vt 0.836914 1.872253
vt 0.644470 1.686890
vt 0.612976 1.686890
vt 0.619751 1.662781
vt 0.599121 1.658813
vt 0.590576 1.686523
vt 0.754944 1.686890
vt 0.754944 1.642578
vt 0.830505 1.686890
vt 0.822388 1.642578
vt 0.812012 1.584229
vt 0.853516 1.642578
vt 0.865601 1.612183
vt 0.910828 1.658813
vt 0.695374 1.927979
vt 0.655884 1.893921
vt 0.727234 1.893860
vt 0.703369 1.872253
vt 0.639648 1.872253
vt 0.639648 1.824768
vt 0.836914 1.872253
vt 0.836914 1.824768
vt 0.896484 1.872253
vt 0.896484 1.824768
vt 0.836914 1.764587
vt 0.896484 1.764587
vt 0.944885 1.824768
vt 0.944885 1.872253
vt 0.896484 1.824768
vt 0.896484 1.872253
vt 0.900879 1.917542
vt 0.431702 1.872253
vt 0.431702 1.837219
vt 0.482483 1.872253
vt 0.482483 1.824768
vt 0.431702 1.808350
vt 0.482483 1.764404
vt 0.639648 1.824768
vt 0.703369 1.824768
vt 0.703369 1.872253
vt 0.768677 1.872253
vt 0.768677 1.824768
vt 0.836914 1.872253
vt 0.896484 1.824768
vt 0.896484 1.764587
vt 0.944885 1.824768
vt 0.944885 1.764587
vt 0.896484 1.712097
vt 0.944885 1.712097
vt 0.639648 1.824768
vt 0.639648 1.764587
vt 0.703369 1.824768
vt 0.703369 1.764587
vt 0.639648 1.712097
vt 0.703369 1.712097
vt 0.836914 1.824768
vt 0.768677 1.764587
vt 0.836914 1.764587
vt 0.768677 1.712097
vt 0.703369 1.764587
vt 0.703369 1.712097
vt 0.896484 1.764587
vt 0.836914 1.764587
vt 0.896484 1.712097
vt 0.836914 1.712097
vt 0.768677 1.712097
vt 0.639648 1.764587
vt 0.585266 1.764587
vt 0.639648 1.712097
vt 0.585266 1.712097
vt 0.538330 1.712097
vt 0.639648 1.872253
vt 0.655884 1.893921
vt 0.585266 1.872253
vt 0.619385 1.916626
vt 0.695374 1.927979
vt 0.659851 1.966248
vt 0.644348 1.612183
vt 0.656433 1.642578
vt 0.619751 1.662781
vt 0.644470 1.686890
vt 0.716614 1.686890
vt 0.644470 1.706177
vt 0.716614 1.706177
vt 0.535828 1.681519
vt 0.550903 1.615112
vt 0.471008 1.669128
vt 0.471008 1.614746
vt 0.535828 1.548645
vt 0.471130 1.536194
vt 0.471252 1.514587
vt 0.471008 1.614746
vt 0.471130 1.536194
vt 0.471008 1.588135
vt 0.458374 1.587463
vt 0.458374 1.531799
vt 0.257812 1.501892
vt 0.172241 1.482178
vt 0.257812 1.456177
vt 0.257812 1.419128
vt 0.172241 1.353516
vt 0.186890 1.501892
vt 0.117615 1.501892
vt 0.117615 1.482178
vt 0.049072 1.482178
vt 0.049072 1.501892
vt 0.588135 1.961304
vt 0.552368 1.961304
vt 0.588135 1.898071
vt 0.552368 1.898071
vt 0.510559 1.961304
vt 0.510559 1.898071
vt 0.467102 1.961304
vt 0.467102 1.898071
vt 0.429688 1.961304
vt 0.429688 1.898071
vt 0.621216 1.622559
vt 0.581787 1.639038
vt 0.645142 1.601257
vt 0.554871 1.598206
vt 0.554871 1.639526
vt 0.432007 1.554260
vt 0.405518 1.516663
vt 0.431641 1.516602
vt 0.432373 1.491577
vt 0.403870 1.493408
vt 0.982422 1.494385
vt 0.982422 1.468506
vt 0.997253 1.493103
vt 0.997253 1.470520
vt 0.982422 1.435791
vt 0.997253 1.434875
vt 0.960938 1.656982
vt 0.960938 1.623413
vt 0.978516 1.649109
vt 0.978516 1.628845
vt 0.960938 1.613831
vt 0.978516 1.613831
vt 0.960938 1.599487
vt 0.978516 1.597839
vt 0.304260 1.554260
vt 0.432007 1.554260
vt 0.333191 1.570984
vt 0.403748 1.580383
vt 0.433289 1.579834
vt 0.186584 1.629150
vt 0.173157 1.638306
vt 0.208496 1.565369
vt 0.126465 1.568054
vt 0.126892 1.640015
vt 0.429688 1.961304
vt 0.467102 1.961304
vt 0.429688 1.978271
vt 0.467102 1.978271
vt 0.510559 1.961304
vt 0.510559 1.978271
vt 0.045593 1.476257
vt 0.024841 1.476257
vt 0.024841 1.458435
vt 0.004272 1.458435
vt 0.004272 1.476257
vt 0.697937 1.584229
vt 0.754944 1.573547
vt 0.720764 1.642578
vt 0.754944 1.642578
vt 0.812012 1.584229
vt 0.961670 1.116638
vt 0.987549 1.116638
vt 0.987610 1.078857
vt 0.342102 1.143066
vt 0.291382 1.140015
vt 0.294983 1.197388
vt 0.258484 1.476990
vt 0.457581 1.476990
vt 0.305359 1.434692
vt 0.619873 1.078857
vt 0.592346 1.036560
vt 0.593018 1.037903
vt 0.555786 1.040588
vt 0.525330 1.085388
vt 0.555786 1.043213
vt 0.586670 1.240662
vt 0.557617 1.268616
vt 0.535034 1.298889
vt 0.708740 1.298889
vt 0.709045 1.240662
vt 0.535034 1.298889
vt 0.586670 1.240662
vt 0.816345 1.298889
vt 0.816528 1.240662
vt 0.786316 1.298889
vt 0.786438 1.240662
vt 0.502258 1.381958
vt 0.543762 1.422363
vt 0.602173 1.412903
vt 0.583618 1.435608
vt 0.602173 1.412903
vt 0.583618 1.435608
vt 0.640564 1.439880
vt 0.632446 1.476990
vt 0.525330 1.085388
vt 0.555786 1.040588
vt 0.491211 1.103455
vt 0.492310 1.040588
vt 0.843201 1.298889
vt 0.843201 1.240662
vt 0.816345 1.298889
vt 0.816528 1.240662
vt 0.342102 1.143066
vt 0.294983 1.197388
vt 0.387268 1.171814
vt 0.312317 1.218445
vt 0.263489 1.198608
vt 0.278992 1.192444
vt 0.291382 1.140015
vt 0.294983 1.197388
vt 0.291382 1.140015
vt 0.242676 1.158691
vt 0.263489 1.198608
vt 0.244629 1.218445
vt 0.227722 1.218445
vt 0.244629 1.218445
vt 0.227722 1.173462
vt 0.242676 1.158691
vt 0.786316 1.298889
vt 0.786438 1.240662
vt 0.761597 1.298889
vt 0.761902 1.240601
vt 0.692810 1.078857
vt 0.776733 1.078857
vt 0.679016 1.036560
vt 0.770874 1.036560
vt 0.959167 1.036560
vt 0.947754 1.078857
vt 0.987488 1.036560
vt 0.987610 1.078857
vt 0.864014 1.078857
vt 0.947754 1.078857
vt 0.866943 1.036560
vt 0.959167 1.036560
vt 0.640564 1.439880
vt 0.632446 1.476990
vt 0.675842 1.473022
vt 0.675842 1.476990
vt 0.421936 1.218201
vt 0.387268 1.171814
vt 0.421570 1.218445
vt 0.312317 1.218445
vt 0.709900 1.116638
vt 0.784119 1.116638
vt 0.692810 1.078857
vt 0.776733 1.078857
vt 0.987610 1.078857
vt 0.947754 1.078857
vt 0.961670 1.116638
vt 0.933533 1.116638
vt 0.864014 1.078857
vt 0.860352 1.116638
vt 0.709900 1.116638
vt 0.692810 1.078857
vt 0.654480 1.116638
vt 0.619873 1.078857
vt 0.679016 1.036560
vt 0.592346 1.036560
vt 0.761902 1.240601
vt 0.736633 1.240662
vt 0.761597 1.298889
vt 0.736145 1.298889
vt 0.709045 1.240662
vt 0.708740 1.298889
vt 0.305359 1.434692
vt 0.457581 1.476990
vt 0.398071 1.387024
vt 0.502258 1.381958
vt 0.502563 1.432190
vt 0.543762 1.422363
vt 0.860352 1.116638
vt 0.864014 1.078857
vt 0.784119 1.116638
vt 0.776733 1.078857
vt 0.866943 1.036560
vt 0.770874 1.036560
vt 0.961670 1.116638
vt 0.987610 1.078857
vt 0.987549 1.116638
vt 0.586670 1.240662
vt 0.535034 1.298889
vt 0.557617 1.268616
vt 0.258484 1.476990
vt 0.305359 1.434692
vt 0.457581 1.476990
vt 0.619873 1.078857
vt 0.679016 1.036560
vt 0.692810 1.078857
vt 0.679016 1.036560
vt 0.619873 1.078857
vt 0.592346 1.036560
vt 0.593018 1.037903
vt 0.708740 1.298889
vt 0.535034 1.298889
vt 0.709045 1.240662
vt 0.586670 1.240662
vt 0.987610 1.078857
vt 0.961670 1.116638
vt 0.947754 1.078857
vt 0.933533 1.116638
vt 0.709900 1.116638
vt 0.654480 1.116638
vt 0.692810 1.078857
vt 0.619873 1.078857
vt 0.987610 1.078857
vt 0.947754 1.078857
vt 0.987488 1.036560
vt 0.959167 1.036560
vt 0.502258 1.381958
vt 0.457581 1.476990
vt 0.398071 1.387024
vt 0.305359 1.434692
vt 0.312317 1.218445
vt 0.387268 1.171814
vt 0.421570 1.218445
vt 0.421936 1.218201
vt 0.342102 1.143066
vt 0.387268 1.171814
vt 0.294983 1.197388
vt 0.312317 1.218445
vt 0.278992 1.192444
vt 0.291382 1.140015
vt 0.294983 1.197388
vt 0.342102 1.143066
vt 0.864014 1.078857
vt 0.776733 1.078857
vt 0.866943 1.036560
vt 0.770874 1.036560
vt 0.736633 1.240662
vt 0.736145 1.298889
vt 0.709045 1.240662
vt 0.708740 1.298889
vt 0.761902 1.240601
vt 0.761597 1.298889
vt 0.736633 1.240662
vt 0.736145 1.298889
vt 0.860352 1.116638
vt 0.784119 1.116638
vt 0.864014 1.078857
vt 0.776733 1.078857
vt 0.860352 1.116638
vt 0.864014 1.078857
vt 0.933533 1.116638
vt 0.947754 1.078857
vt 0.866943 1.036560
vt 0.959167 1.036560
vt 0.492310 1.040588
vt 0.555786 1.040588
vt 0.491211 1.103455
vt 0.525330 1.085388
vt 0.555786 1.043213
vt 0.843201 1.298889
vt 0.816345 1.298889
vt 0.843201 1.240662
vt 0.816528 1.240662
vt 0.786316 1.298889
vt 0.786438 1.240662
vt 0.761597 1.298889
vt 0.761902 1.240601
vt 0.457581 1.476990
vt 0.502258 1.381958
vt 0.502563 1.432190
vt 0.543762 1.422363
vt 0.602173 1.412903
vt 0.583618 1.435608
vt 0.640564 1.439880
vt 0.632446 1.476990
vt 0.675842 1.473022
vt 0.675842 1.476990
vt 0.278992 1.192444
vt 0.263489 1.198608
vt 0.291382 1.140015
vt 0.242676 1.158691
vt 0.244629 1.218445
vt 0.227722 1.173462
vt 0.227722 1.218445
vt 0.709900 1.116638
vt 0.692810 1.078857
vt 0.784119 1.116638
vt 0.776733 1.078857
vt 0.679016 1.036560
vt 0.770874 1.036560
vt 0.206787 1.310303
vt 0.112183 1.296997
vt 0.135925 1.310303
vt 0.051514 1.001831
vt 0.051514 1.042969
vt 0.100342 1.002319
vt 0.100342 1.042969
vt 0.051514 1.252075
vt 0.083557 1.310303
vt 0.100342 1.252075
vt 0.100342 1.296875
vt 0.051514 1.336670
vt 0.083557 1.310303
vt 0.051514 1.310303
vt 0.051514 1.252075
vt 0.100342 1.252075
vt 0.100342 1.189758
vt 0.051514 1.252075
vt 0.051514 1.189758
vt 0.051514 1.093079
vt 0.100342 1.093079
vt 0.051514 1.042969
vt 0.100342 1.042969
vt 0.051514 1.189758
vt 0.100342 1.189758
vt 0.051514 1.139099
vt 0.100342 1.139465
vt 0.004639 1.001831
vt 0.004639 1.042969
vt 0.051514 1.001831
vt 0.051514 1.042969
vt 0.051514 1.189758
vt 0.004639 1.252075
vt 0.051514 1.252075
vt 0.004639 1.310303
vt 0.051514 1.139099
vt 0.004639 1.189758
vt 0.051514 1.189758
vt 0.004639 1.252075
vt 0.206787 1.093079
vt 0.112183 1.093079
vt 0.206787 1.139832
vt 0.112183 1.139832
vt 0.206787 1.029724
vt 0.112183 1.029724
vt 0.206787 1.093079
vt 0.112183 1.093079
vt 0.998718 1.960022
vt 0.904114 1.960022
vt 0.998718 1.978577
vt 0.904114 1.978577
vt 0.112183 1.139832
vt 0.100342 1.139465
vt 0.112183 1.189758
vt 0.100342 1.189758
vt 0.100342 1.093079
vt 0.100342 1.139465
vt 0.112183 1.093079
vt 0.112183 1.139832
vt 0.112183 1.029724
vt 0.100342 1.042969
vt 0.112183 1.093079
vt 0.100342 1.093079
vt 0.100342 1.189758
vt 0.100342 1.252075
vt 0.112183 1.189758
vt 0.112183 1.252075
vt 0.112183 1.252075
vt 0.100342 1.252075
vt 0.112183 1.296997
vt 0.100342 1.296875
vt 0.904114 1.948303
vt 0.998718 1.931519
vt 0.904114 1.931519
vt 0.904114 1.931519
vt 0.206787 1.139832
vt 0.219727 1.139832
vt 0.206787 1.093079
vt 0.219727 1.093079
vt 0.219727 1.189758
vt 0.219727 1.139832
vt 0.206787 1.189758
vt 0.206787 1.139832
vt 0.206787 1.252075
vt 0.219727 1.252075
vt 0.206787 1.189758
vt 0.219727 1.189758
vt 0.135071 1.324768
vt 0.135925 1.310303
vt 0.112183 1.309143
vt 0.112183 1.296997
vt 0.904114 1.978577
vt 0.904114 1.994812
vt 0.998718 1.978577
vt 0.998718 1.994812
vt 0.178162 1.024536
vt 0.206787 1.029724
vt 0.179016 1.003540
vt 0.206787 1.002808
vt 0.100342 1.139465
vt 0.100342 1.093079
vt 0.051514 1.139099
vt 0.051514 1.093079
vt 0.998718 1.931519
vt 0.904114 1.948303
vt 0.998718 1.948303
vt 0.998718 1.960022
vt 0.904114 1.960022
vt 0.004639 1.360535
vt 0.051514 1.336670
vt 0.004639 1.336670
vt 0.004639 1.310303
vt 0.051514 1.310303
vt 0.051514 1.252075
vt 0.135925 1.310303
vt 0.172913 1.337158
vt 0.206787 1.310303
vt 0.207520 1.336670
vt 0.207947 1.358215
vt 0.206787 1.310303
vt 0.206787 1.252075
vt 0.112183 1.296997
vt 0.112183 1.252075
vt 0.206787 1.189758
vt 0.112183 1.189758
vt 0.206787 1.139832
vt 0.112183 1.139832
vt 0.004639 1.042969
vt 0.004639 1.093079
vt 0.051514 1.042969
vt 0.051514 1.093079
vt 0.004639 1.139099
vt 0.051514 1.139099
vt 0.004639 1.189758
vt 0.206787 1.002808
vt 0.206787 1.029724
vt 0.219727 1.002808
vt 0.219727 1.042969
vt 0.206787 1.093079
vt 0.219727 1.093079
vt 0.206787 1.252075
vt 0.206787 1.310303
vt 0.219727 1.252075
vt 0.219727 1.310303
vt 0.207520 1.336670
vt 0.219727 1.336670
vt 0.207947 1.358215
vt 0.219727 1.358398
vt 0.135071 1.324768
vt 0.174133 1.349243
vt 0.135925 1.310303
vt 0.172913 1.337158
vt 0.207214 1.371521
vt 0.207947 1.358215
vt 0.100342 1.042969
vt 0.112183 1.029724
vt 0.100342 1.002319
vt 0.112183 1.002808
vt 0.142761 1.025879
vt 0.143311 1.003418
vt 0.998718 1.960022
vt 0.904114 1.960022
vt 0.904114 1.948303
vt 0.207520 1.336670
vt 0.207947 1.358215
vt 0.172913 1.337158
vt 0.206787 1.310303
vt 0.135925 1.310303
vt 0.112183 1.296997
vt 0.051514 1.336670
vt 0.051514 1.310303
vt 0.083557 1.310303
vt 0.051514 1.252075
vt 0.100342 1.139465
vt 0.100342 1.189758
vt 0.051514 1.139099
vt 0.051514 1.189758
vt 0.004639 1.042969
vt 0.051514 1.042969
vt 0.004639 1.093079
vt 0.051514 1.093079
vt 0.004639 1.310303
vt 0.051514 1.336670
vt 0.004639 1.336670
vt 0.004639 1.360535
vt 0.904114 1.978577
vt 0.904114 1.960022
vt 0.998718 1.978577
vt 0.998718 1.960022
vt 0.135925 1.310303
vt 0.206787 1.310303
vt 0.172913 1.337158
vt 0.207520 1.336670
vt 0.206787 1.310303
vt 0.112183 1.296997
vt 0.206787 1.252075
vt 0.112183 1.252075
vt 0.206787 1.252075
vt 0.112183 1.252075
vt 0.206787 1.189758
vt 0.112183 1.189758
vt 0.206787 1.189758
vt 0.112183 1.189758
vt 0.206787 1.139832
vt 0.112183 1.139832
vt 0.100342 1.189758
vt 0.100342 1.139465
vt 0.112183 1.189758
vt 0.112183 1.139832
vt 0.112183 1.139832
vt 0.100342 1.139465
vt 0.112183 1.093079
vt 0.100342 1.093079
vt 0.112183 1.252075
vt 0.100342 1.252075
vt 0.112183 1.189758
vt 0.100342 1.189758
vt 0.051514 1.252075
vt 0.100342 1.252075
vt 0.083557 1.310303
vt 0.100342 1.296875
vt 0.051514 1.189758
vt 0.100342 1.189758
vt 0.051514 1.252075
vt 0.100342 1.252075
vt 0.206787 1.029724
vt 0.219727 1.042969
vt 0.206787 1.093079
vt 0.219727 1.093079
vt 0.219727 1.093079
vt 0.219727 1.139832
vt 0.206787 1.093079
vt 0.206787 1.139832
vt 0.206787 1.139832
vt 0.219727 1.139832
vt 0.206787 1.189758
vt 0.219727 1.189758
vt 0.219727 1.189758
vt 0.219727 1.252075
vt 0.206787 1.189758
vt 0.206787 1.252075
vt 0.206787 1.252075
vt 0.219727 1.252075
vt 0.206787 1.310303
vt 0.219727 1.310303
vt 0.206787 1.310303
vt 0.219727 1.310303
vt 0.207520 1.336670
vt 0.219727 1.336670
vt 0.207520 1.336670
vt 0.219727 1.336670
vt 0.207947 1.358215
vt 0.219727 1.358398
vt 0.174133 1.349243
vt 0.172913 1.337158
vt 0.207214 1.371521
vt 0.207947 1.358215
vt 0.135071 1.324768
vt 0.135925 1.310303
vt 0.174133 1.349243
vt 0.172913 1.337158
vt 0.112183 1.296997
vt 0.135925 1.310303
vt 0.112183 1.309143
vt 0.135071 1.324768
vt 0.998718 1.994812
vt 0.904114 1.994812
vt 0.998718 1.978577
vt 0.904114 1.978577
vt 0.206787 1.002808
vt 0.206787 1.029724
vt 0.179016 1.003540
vt 0.178162 1.024536
vt 0.112183 1.029724
vt 0.112183 1.002808
vt 0.142761 1.025879
vt 0.143311 1.003418
vt 0.100342 1.296875
vt 0.100342 1.252075
vt 0.112183 1.296997
vt 0.112183 1.252075
vt 0.206787 1.002808
vt 0.219727 1.002808
vt 0.206787 1.029724
vt 0.219727 1.042969
vt 0.100342 1.042969
vt 0.100342 1.093079
vt 0.051514 1.042969
vt 0.051514 1.093079
vt 0.004639 1.001831
vt 0.051514 1.001831
vt 0.004639 1.042969
vt 0.051514 1.042969
vt 0.100342 1.002319
vt 0.100342 1.042969
vt 0.051514 1.336670
vt 0.004639 1.310303
vt 0.051514 1.310303
vt 0.051514 1.252075
vt 0.004639 1.252075
vt 0.051514 1.189758
vt 0.004639 1.189758
vt 0.051514 1.139099
vt 0.004639 1.139099
vt 0.206787 1.029724
vt 0.206787 1.093079
vt 0.112183 1.029724
vt 0.112183 1.093079
vt 0.206787 1.139832
vt 0.112183 1.139832
vt 0.112183 1.002808
vt 0.112183 1.029724
vt 0.100342 1.002319
vt 0.100342 1.042969
vt 0.112183 1.093079
vt 0.100342 1.093079
vt 0.904114 1.931519
vt 0.998718 1.931519
vt 0.904114 1.931519
vt 0.904114 1.948303
vt 0.998718 1.948303
vt 0.998718 1.960022
vt 0.100342 1.139465
vt 0.051514 1.139099
vt 0.100342 1.093079
vt 0.051514 1.093079
vt 0.004639 1.139099
vt 0.004639 1.093079
vn -0.6107 0.7918 0.0112
vn -0.6801 0.7282 0.0854
vn -0.9219 0.3855 0.0391
vn -0.8454 0.2635 0.4646
vn -0.9417 0.1033 0.3202
vn -0.9355 -0.0416 0.3509
vn -0.9528 0.1660 0.2542
vn -0.9411 -0.3129 0.1282
vn -0.9379 0.2617 0.2277
vn 0.6850 0.0955 0.7222
vn -0.9565 0.1938 0.2183
vn -0.9677 0.2008 0.1525
vn -0.9658 0.1416 0.2172
vn 0.6555 -0.5134 -0.5538
vn 0.7507 -0.3772 -0.5424
vn 0.6410 -0.6024 -0.4757
vn -1.0000 -0.0000 0.0000
vn 0.8454 0.2635 0.4646
vn 0.9355 -0.0416 0.3509
vn 0.9417 0.1033 0.3202
vn -0.0056 -1.0000 -0.0000
vn 0.3837 0.8588 0.3395
vn 0.7121 0.6223 0.3250
vn 0.5979 0.7906 0.1319
vn 0.0365 0.9991 -0.0199
vn 0.0166 0.9998 -0.0092
vn 0.0370 0.9991 -0.0205
vn 0.8120 0.1295 0.5692
vn 0.6696 -0.4274 0.6074
vn 0.8316 -0.2028 0.5170
vn -0.6850 0.0955 0.7222
vn 0.0000 1.0000 0.0000
vn -0.9073 0.3708 0.1983
vn 0.0515 0.9480 0.3140
vn -0.7139 0.5530 0.4296
vn 0.9565 0.1938 0.2183
vn 0.9658 0.1416 0.2172
vn 0.9677 0.2008 0.1525
vn 0.0056 -1.0000 0.0000
vn -0.5710 0.8209 -0.0032
vn 0.0000 0.9934 0.1149
vn 0.0000 1.0000 -0.0068
vn 0.5710 0.8209 -0.0032
vn 0.0000 0.8844 -0.4666
vn -0.0000 1.0000 -0.0069
vn 0.5205 0.7667 -0.3759
vn 0.0024 1.0000 -0.0013
vn 0.6469 0.5446 0.5338
vn 0.8363 0.4120 0.3619
vn 0.5549 0.4289 0.7128
vn 0.7400 0.3231 -0.5899
vn 0.4009 0.3385 -0.8513
vn 0.7575 0.6218 -0.1986
vn 0.5204 0.7667 -0.3759
vn -0.0000 0.3831 -0.9237
vn 0.3923 0.3708 -0.8418
vn 0.6620 0.4037 -0.6316
vn -0.4009 0.3385 -0.8513
vn -0.0000 0.3192 -0.9477
vn 0.9374 0.1324 0.3220
vn 0.9666 0.0497 0.2515
vn 0.9741 0.0631 0.2170
vn -0.9652 0.0911 0.2451
vn -0.3079 0.7736 0.5538
vn 0.5056 0.2891 0.8129
vn 0.7065 0.2499 0.6621
vn 0.3151 0.5113 0.7996
vn 0.8119 0.1295 0.5692
vn -0.8188 -0.2277 -0.5270
vn -0.7754 -0.3538 -0.5230
vn -0.7507 -0.3772 -0.5424
vn -0.6556 -0.5134 -0.5538
vn 0.8937 0.3641 0.2620
vn 0.6602 0.5251 0.5369
vn 0.3838 0.8588 0.3395
vn 0.3513 0.6758 0.6480
vn 0.1628 0.8761 -0.4538
vn 0.1168 0.8798 -0.4607
vn 0.4702 0.6834 -0.5584
vn 0.5484 0.6750 -0.4936
vn 0.8398 0.2257 0.4938
vn 0.8304 0.1555 0.5351
vn 0.7471 0.1461 0.6485
vn -0.0000 0.9091 0.4166
vn -0.0000 0.7062 0.7080
vn 0.0000 0.3447 0.9387
vn 0.0000 0.5526 0.8335
vn 0.9379 0.2617 0.2277
vn 0.7286 0.6567 0.1946
vn 0.9219 0.3854 0.0391
vn 0.6801 0.7282 0.0854
vn 0.9528 0.1660 0.2542
vn 0.8526 0.4540 0.2587
vn 0.7286 0.6567 0.1947
vn -0.3367 -0.5155 -0.7880
vn -0.5299 -0.1207 -0.8394
vn -0.2671 -0.5214 -0.8104
vn -0.2371 -0.1772 -0.9552
vn -0.2670 -0.5214 -0.8104
vn -0.0000 -0.5362 -0.8441
vn -0.0000 -0.1310 -0.9914
vn 0.0000 -0.9945 0.1044
vn -0.2382 -0.9659 -0.1016
vn 0.0000 -0.9065 -0.4222
vn -0.2228 -0.8237 -0.5215
vn -0.0000 -0.8260 0.5637
vn -0.2483 -0.8610 0.4438
vn -1.0000 -0.0005 0.0000
vn -1.0000 -0.0007 0.0000
vn -1.0000 -0.0007 -0.0001
vn -1.0000 -0.0006 -0.0000
vn -0.3980 -0.2670 0.8777
vn -0.6639 -0.0000 0.7478
vn -0.9341 0.0000 0.3571
vn -0.9898 -0.0000 0.1428
vn 0.0000 -0.0000 -1.0000
vn -0.2112 0.0114 -0.9774
vn -0.2371 -0.1773 -0.9552
vn -0.9801 0.0000 -0.1986
vn -0.8632 0.0225 -0.5044
vn -0.1958 -0.3057 0.9318
vn -0.2726 -0.0014 0.9621
vn -0.3980 -0.2669 0.8777
vn -0.5017 0.0352 -0.8643
vn -0.2527 0.9397 0.2304
vn -0.6611 0.7223 0.2031
vn 0.3079 0.7737 0.5538
vn -0.6039 0.7267 0.3273
vn -0.3838 0.8588 0.3395
vn -0.1486 0.9848 -0.0901
vn -0.5535 0.8328 0.0062
vn -0.6335 0.7359 0.2391
vn -0.0515 0.9480 0.3141
vn -0.5515 0.7604 0.3431
vn 0.7139 0.5529 0.4296
vn -0.5515 0.7603 0.3432
vn -0.7750 0.5921 0.2210
vn -0.6040 0.7267 0.3273
vn -0.8556 0.4946 0.1524
vn -0.8451 0.5274 -0.0874
vn -0.5535 0.8329 0.0062
vn -0.5484 0.6750 -0.4935
vn -0.1168 0.8798 -0.4607
vn 0.0296 0.9889 0.1455
vn 0.9073 0.3708 0.1983
vn -0.5979 0.7906 0.1319
vn -0.0000 0.8844 -0.4667
vn -0.5205 0.7667 -0.3759
vn -0.9374 0.1324 0.3220
vn -0.9152 0.2607 0.3074
vn -0.9666 0.0497 0.2515
vn -0.8545 0.0530 0.5168
vn -0.8304 0.1555 0.5350
vn -0.3923 0.3708 -0.8418
vn -0.6620 0.4037 -0.6316
vn -0.7575 0.6218 -0.1986
vn -0.6879 0.7257 0.0124
vn -0.3151 0.5112 0.7996
vn -0.3513 0.6758 0.6480
vn -0.5549 0.4289 0.7128
vn -0.6469 0.5446 0.5338
vn -0.5710 0.8210 -0.0032
vn -0.7653 0.6012 0.2298
vn 0.3079 0.7737 0.5537
vn 0.7139 0.5530 0.4296
vn -0.7121 0.6223 0.3250
vn -0.8363 0.4120 0.3619
vn -0.8398 0.2257 0.4938
vn -0.9152 0.2607 0.3075
vn -0.8304 0.1554 0.5351
vn -0.9375 0.1324 0.3220
vn -0.9741 0.0631 0.2170
vn -0.3587 0.7303 0.5814
vn -0.4227 0.8101 0.4062
vn -0.8119 0.1295 0.5692
vn 0.8188 -0.2277 -0.5270
vn 0.7754 -0.3538 -0.5230
vn 0.6556 -0.5134 -0.5538
vn -0.8454 0.2635 0.4645
vn -0.3587 0.7304 0.5813
vn -0.6602 0.5252 0.5369
vn -0.2462 0.7211 0.6476
vn -0.8937 0.3641 0.2620
vn -0.5931 0.6738 0.4407
vn -0.6623 0.6788 0.3172
vn -0.2075 0.8450 0.4928
vn 0.6289 -0.6451 -0.4339
vn 0.6473 -0.6636 -0.3751
vn -0.6602 0.5251 0.5370
vn -0.7750 0.5921 0.2209
vn -0.8556 0.4947 0.1524
vn -0.9944 -0.0088 -0.1050
vn -0.9975 0.0491 -0.0513
vn -0.9736 -0.2252 -0.0383
vn -0.3151 0.5113 0.7996
vn -0.5056 0.2891 0.8129
vn -0.9219 0.3854 0.0391
vn -0.6548 0.7557 -0.0123
vn -0.7400 0.3231 -0.5899
vn -0.7145 0.5054 -0.4839
vn -0.6120 0.5719 -0.5462
vn 0.9152 0.2607 0.3074
vn 0.5535 0.8328 0.0062
vn 0.5484 0.6750 -0.4935
vn 0.1486 0.9848 -0.0901
vn 0.8451 0.5274 -0.0874
vn 0.6335 0.7359 0.2391
vn 0.0515 0.9480 0.3141
vn -0.0296 0.9889 0.1455
vn 0.2371 -0.1772 -0.9552
vn 0.5017 0.0352 -0.8643
vn 0.5299 -0.1207 -0.8394
vn 0.8632 0.0225 -0.5044
vn 0.9801 -0.0000 -0.1986
vn 1.0000 0.0000 0.0000
vn 0.8632 0.0225 -0.5043
vn 0.9801 0.0000 -0.1985
vn 0.2228 -0.8237 -0.5214
vn 0.3372 -0.8211 -0.4606
vn 0.2382 -0.9659 -0.1016
vn 0.3379 -0.9351 0.1067
vn 0.2671 -0.5215 -0.8104
vn -0.0000 -0.9065 -0.4221
vn 0.3379 -0.9351 0.1066
vn 0.2483 -0.8610 0.4438
vn 0.3373 -0.8199 0.4626
vn 0.0000 -0.3105 0.9506
vn 0.0000 -0.0006 1.0000
vn -0.1957 -0.3057 0.9318
vn -0.2727 -0.0014 0.9621
vn 0.3367 -0.5154 -0.7880
vn 0.2670 -0.5214 -0.8104
vn 0.9975 0.0491 -0.0513
vn 0.9220 0.3854 0.0379
vn 0.6548 0.7557 -0.0123
vn 0.6107 0.7918 0.0112
vn 0.1958 -0.3057 0.9318
vn 0.2377 -0.5331 0.8120
vn 0.3980 -0.2670 0.8777
vn 0.3438 -0.5627 0.7518
vn 0.3373 -0.8199 0.4625
vn 0.2228 -0.8237 -0.5215
vn 0.0000 -0.4912 0.8711
vn 0.0000 -0.8260 0.5636
vn 1.0000 -0.0007 -0.0001
vn 1.0000 -0.0005 -0.0000
vn 1.0000 -0.0007 0.0000
vn 0.9898 0.0000 0.1428
vn 0.9341 -0.0000 0.3571
vn 0.6639 -0.0000 0.7478
vn 0.2726 -0.0014 0.9621
vn 0.1957 -0.3057 0.9318
vn 0.2112 0.0114 -0.9774
vn 0.2371 -0.1773 -0.9552
vn 0.6039 0.7267 0.3273
vn 0.6611 0.7223 0.2032
vn -0.3079 0.7737 0.5538
vn 0.2527 0.9397 0.2304
vn -0.3079 0.7737 0.5537
vn -0.7139 0.5529 0.4296
vn 0.6040 0.7267 0.3272
vn 0.5515 0.7603 0.3431
vn 0.5535 0.8329 0.0062
vn 0.6611 0.7223 0.2031
vn 0.8556 0.4946 0.1524
vn 0.6040 0.7267 0.3273
vn 0.7750 0.5921 0.2210
vn 0.5515 0.7603 0.3432
vn 0.8304 0.1555 0.5350
vn 0.8545 0.0530 0.5168
vn 0.7382 0.1073 0.6660
vn 0.4910 0.1937 0.8494
vn 0.4275 0.1469 0.8920
vn 0.0000 0.2139 0.9769
vn -0.0000 0.1700 0.9854
vn 0.9152 0.2607 0.3075
vn 0.8363 0.4119 0.3619
vn 0.7653 0.6012 0.2298
vn 0.6879 0.7257 0.0125
vn 0.4227 0.8101 0.4062
vn 0.3587 0.7303 0.5814
vn 0.6602 0.5252 0.5369
vn 0.2463 0.7211 0.6476
vn 0.5931 0.6738 0.4407
vn 0.2075 0.8450 0.4928
vn 0.6623 0.6788 0.3172
vn -0.6473 -0.6636 -0.3751
vn -0.6410 -0.6024 -0.4757
vn -0.6289 -0.6451 -0.4339
vn -0.6555 -0.5134 -0.5538
vn 0.9944 -0.0088 -0.1050
vn 0.9736 -0.2252 -0.0383
vn 0.9219 0.3855 0.0391
vn 0.9411 -0.3129 0.1282
vn 0.3367 -0.5155 -0.7880
vn 0.6120 0.5719 -0.5462
vn 0.7145 0.5054 -0.4839
vn -0.2228 -0.8237 -0.5214
vn -0.3372 -0.8211 -0.4606
vn -0.3367 -0.5154 -0.7880
vn -0.3373 -0.8199 0.4626
vn -0.3379 -0.9351 0.1066
vn -0.2377 -0.5331 0.8120
vn -0.3438 -0.5627 0.7518
vn -0.3373 -0.8199 0.4625
vn -0.0166 0.9998 -0.0092
vn -0.0024 1.0000 -0.0013
vn -0.0370 0.9991 -0.0205
vn -0.0365 0.9991 -0.0199
vn -0.0023 1.0000 -0.0013
vn -0.5484 0.6750 -0.4936
vn -0.4702 0.6834 -0.5585
vn -0.1628 0.8761 -0.4538
vn -0.7065 0.2499 0.6621
vn -0.5057 0.2891 0.8128
vn -0.7471 0.1461 0.6485
vn -0.4910 0.1937 0.8494
vn -0.7382 0.1073 0.6660
vn -0.4275 0.1469 0.8920
vn -0.8363 0.4119 0.3619
vn -0.3837 0.8588 0.3395
vn -0.5204 0.7667 -0.3759
vn -0.6620 0.4036 -0.6316
vn 0.3079 0.7736 0.5538
vn 0.9652 0.0911 0.2451
vn -0.0515 0.9480 0.3140
vn -0.8316 -0.2028 0.5170
vn -0.6696 -0.4274 0.6074
vn -0.7381 0.1073 0.6661
vn -0.7286 0.6567 0.1946
vn -0.8526 0.4540 0.2587
vn -0.0179 0.9690 0.2464
vn -0.0210 0.9656 0.2591
vn -0.0210 0.9656 0.2594
vn -1.0000 -0.0019 -0.0027
vn -1.0000 -0.0019 -0.0021
vn -1.0000 -0.0012 -0.0023
vn -0.2687 0.1902 -0.9443
vn -0.1305 0.1920 -0.9727
vn -0.2333 0.0767 -0.9694
vn -0.1298 0.0375 -0.9908
vn 0.2198 0.0347 0.9749
vn 0.2209 0.0261 0.9749
vn 0.2190 0.3337 0.9169
vn 0.2213 0.6704 0.7082
vn -0.3347 0.1162 -0.9351
vn -0.3370 0.1904 -0.9221
vn 0.2200 0.8995 0.3775
vn 0.2222 0.9750 0.0000
vn 0.2200 0.8995 0.3774
vn 0.2200 0.8986 -0.3797
vn 0.2177 0.8359 -0.5038
vn 0.2200 0.6152 -0.7571
vn 0.2199 0.6151 -0.7572
vn 0.2150 0.4094 -0.8867
vn 0.2151 0.4094 -0.8866
vn 0.2244 -0.1999 0.9538
vn 0.2224 -0.1951 0.9552
vn 0.2199 0.0347 0.9749
vn -1.0000 0.0004 -0.0005
vn -1.0000 -0.0005 -0.0013
vn -1.0000 -0.0007 -0.0049
vn -1.0000 -0.0007 -0.0021
vn -1.0000 -0.0012 -0.0034
vn -1.0000 -0.0009 -0.0002
vn -0.3294 -0.3215 0.8878
vn -0.3330 -0.4405 0.8337
vn -0.2610 -0.3297 0.9073
vn -0.1978 -0.4579 0.8667
vn -0.1285 -0.3392 0.9319
vn -0.1304 -0.4631 0.8767
vn -0.9994 0.0345 0.0082
vn -0.9994 0.0348 0.0000
vn -0.9994 0.0347 -0.0043
vn -0.9994 0.0349 -0.0000
vn 0.0000 -1.0000 -0.0000
vn 0.0002 -1.0000 -0.0004
vn -0.5779 -0.2811 -0.7662
vn -0.6023 -0.3117 -0.7349
vn -0.6236 -0.3393 -0.7043
vn -0.6225 -0.3388 0.7055
vn -0.6005 -0.3104 0.7369
vn -0.6006 -0.3104 0.7369
vn -0.5751 -0.2789 0.7690
vn 0.9984 -0.0201 -0.0536
vn 0.9971 -0.0139 -0.0742
vn 0.9928 0.0000 -0.1198
vn -0.9994 0.0349 0.0082
vn -0.9976 0.0320 0.0610
vn -0.9973 0.0318 0.0661
vn 0.0049 -0.9999 0.0096
vn 0.0043 -1.0000 0.0083
vn 0.9925 0.0000 0.1226
vn 0.9971 -0.0141 0.0752
vn 0.9983 -0.0205 0.0539
vn 0.0003 -1.0000 -0.0005
vn 0.0045 -1.0000 -0.0087
vn 0.0051 -0.9999 -0.0097
vn -0.9972 0.0321 -0.0669
vn -0.9975 0.0323 -0.0621
vn -0.0000 1.0000 -0.0003
vn -0.2658 -0.4503 -0.8524
vn -0.1980 -0.2064 -0.9582
vn -0.1304 -0.4631 -0.8767
vn -0.1304 -0.2087 -0.9693
vn -1.0000 -0.0001 0.0005
vn -1.0000 -0.0007 0.0018
vn -0.0209 0.9656 0.2591
vn -0.0179 0.9690 0.2463
vn -0.0157 0.9713 0.2373
vn 0.0001 0.9850 0.1723
vn -0.3354 -0.4400 -0.8330
vn -0.3300 -0.3234 -0.8868
vn -0.3335 -0.8397 0.4287
vn -0.2315 -0.8444 0.4830
vn -0.3325 -0.6937 0.6389
vn -0.2306 -0.6903 0.6858
vn -0.1303 -0.8340 0.5362
vn -0.1299 -0.6739 0.7273
vn -0.3354 -0.4401 -0.8330
vn -0.3332 -0.6381 -0.6941
vn -0.2307 -0.6858 -0.6902
vn -0.1299 -0.7273 -0.6739
vn -0.3332 -0.6382 -0.6941
vn -0.2307 -0.6859 -0.6902
vn -0.3334 -0.7911 -0.5128
vn -0.2315 -0.8405 -0.4898
vn -0.1299 -0.7274 -0.6739
vn -0.1303 -0.8813 -0.4542
vn -0.2315 -0.8406 -0.4897
vn -0.3325 -0.9002 -0.2814
vn -0.2307 -0.9391 -0.2548
vn -0.1299 -0.9668 -0.2199
vn -0.2307 -0.9391 -0.2549
vn -0.3335 -0.9415 -0.0485
vn -0.2315 -0.9728 -0.0039
vn -0.1303 -0.9903 0.0473
vn -0.3325 -0.9203 0.2064
vn -0.2307 -0.9407 0.2489
vn -0.1299 -0.9473 0.2930
vn -0.2307 -0.9407 0.2488
vn -0.3347 0.1161 -0.9352
vn -0.3298 -0.0265 -0.9437
vn -0.1298 0.0376 -0.9908
vn -0.3330 -0.4404 0.8337
vn -0.1978 -0.4578 0.8668
vn -0.1299 -0.6739 0.7274
vn -1.0000 -0.0011 0.0022
vn -1.0000 -0.0013 0.0021
vn -1.0000 -0.0011 -0.0001
vn 0.0000 0.0000 1.0000
vn 1.0000 -0.0013 0.0021
vn 1.0000 -0.0011 -0.0001
vn 1.0000 -0.0012 0.0023
vn 0.0179 0.9690 0.2464
vn 0.0157 0.9713 0.2373
vn -0.0001 0.9850 0.1723
vn -0.2213 0.6704 0.7082
vn -0.2190 0.3337 0.9169
vn -0.2209 0.0261 0.9749
vn -0.2198 0.0347 0.9749
vn 0.1298 0.0375 -0.9908
vn 0.1305 0.1920 -0.9727
vn 0.2333 0.0767 -0.9694
vn 0.2687 0.1902 -0.9443
vn -0.2200 0.8995 0.3775
vn -0.2151 0.4094 -0.8866
vn -0.2150 0.4094 -0.8867
vn -0.2200 0.6152 -0.7571
vn -0.2199 0.6151 -0.7572
vn -0.2199 0.0347 0.9749
vn -0.2192 0.0261 0.9753
vn -0.2224 -0.1951 0.9552
vn -0.2244 -0.1999 0.9538
vn -0.2222 0.9750 0.0000
vn -0.2200 0.8995 0.3774
vn 1.0000 0.0004 -0.0005
vn 1.0000 -0.0005 -0.0013
vn 1.0000 -0.0007 -0.0021
vn 1.0000 -0.0009 -0.0002
vn 1.0000 -0.0007 0.0018
vn 1.0000 -0.0001 0.0005
vn 1.0000 -0.0012 -0.0034
vn 1.0000 -0.0007 -0.0049
vn 0.0179 0.9690 0.2463
vn 0.0210 0.9656 0.2591
vn 0.0210 0.9656 0.2594
vn 0.9994 0.0349 -0.0000
vn 0.9994 0.0348 0.0000
vn 0.9994 0.0347 -0.0043
vn 0.9994 0.0345 0.0082
vn 0.6236 -0.3393 -0.7043
vn 0.6023 -0.3117 -0.7349
vn 0.5779 -0.2811 -0.7662
vn 0.5751 -0.2789 0.7690
vn 0.6005 -0.3104 0.7369
vn 0.6006 -0.3104 0.7369
vn 0.6225 -0.3388 0.7055
vn -0.9928 0.0000 -0.1198
vn -0.9971 -0.0139 -0.0742
vn -0.9984 -0.0201 -0.0536
vn 0.9973 0.0318 0.0661
vn 0.9976 0.0320 0.0610
vn -0.0043 -1.0000 0.0083
vn -0.0049 -0.9999 0.0096
vn -0.9983 -0.0205 0.0539
vn -0.9971 -0.0141 0.0752
vn -0.9925 0.0000 0.1226
vn 0.9994 0.0355 -0.0043
vn 0.9975 0.0323 -0.0621
vn 0.9972 0.0321 -0.0669
vn 0.1980 -0.2064 -0.9582
vn 0.1298 0.0376 -0.9908
vn 0.1304 -0.2087 -0.9693
vn 0.3354 -0.4400 -0.8330
vn 0.2658 -0.4503 -0.8524
vn 0.3300 -0.3234 -0.8868
vn 0.1304 -0.4631 -0.8767
vn 0.1978 -0.4578 0.8667
vn 0.2306 -0.6903 0.6858
vn 0.3330 -0.4404 0.8337
vn 0.3325 -0.6937 0.6389
vn 0.2315 -0.8444 0.4830
vn 0.3335 -0.8397 0.4287
vn 0.2306 -0.9407 0.2489
vn 0.3325 -0.9203 0.2064
vn 0.2315 -0.9728 -0.0038
vn 0.3335 -0.9415 -0.0485
vn 0.2306 -0.9391 -0.2548
vn 0.3325 -0.9002 -0.2814
vn 0.2315 -0.8405 -0.4898
vn 0.3335 -0.7911 -0.5128
vn 0.2307 -0.6858 -0.6902
vn 0.3332 -0.6381 -0.6941
vn 0.3354 -0.4401 -0.8330
vn 0.3294 -0.3215 0.8878
vn 0.2610 -0.3297 0.9073
vn 0.3330 -0.4405 0.8337
vn 0.1285 -0.3392 0.9319
vn 0.1304 -0.4631 0.8767
vn 0.1299 -0.6739 0.7274
vn 0.1978 -0.4579 0.8667
vn 0.1303 -0.8340 0.5362
vn 0.1299 -0.9473 0.2930
vn 0.2307 -0.9407 0.2489
vn 0.1303 -0.9903 0.0473
vn 0.1299 -0.9668 -0.2199
vn 0.2307 -0.9391 -0.2548
vn 0.1303 -0.8813 -0.4542
vn 0.1299 -0.7274 -0.6739
vn -0.2200 0.8986 -0.3797
vn -0.2177 0.8359 -0.5038
vn 0.3298 -0.0265 -0.9437
vn 0.3347 0.1162 -0.9351
vn 0.3370 0.1904 -0.9221
vn 1.0000 -0.0012 -0.0023
vn 1.0000 -0.0019 -0.0027
vn 1.0000 -0.0019 -0.0021
vn -0.0002 -1.0000 -0.0004
vn -0.0045 -1.0000 -0.0087
vn -0.0051 -0.9999 -0.0097
vn -0.9392 0.0109 0.3431
vn -0.9783 0.0350 -0.2040
vn -0.9802 -0.0095 -0.1977
vn 0.8026 0.0708 -0.5924
vn 0.7781 0.1200 -0.6166
vn 0.7336 0.0481 -0.6778
vn 0.6978 0.7113 0.0839
vn 0.7995 0.5682 0.1948
vn 0.8492 0.5281 -0.0051
vn -0.0022 1.0000 -0.0021
vn -0.0018 1.0000 -0.0015
vn -0.0018 1.0000 -0.0016
vn 0.6398 0.0429 0.7674
vn 0.6638 0.0807 0.7436
vn -0.6854 -0.0212 0.7278
vn -0.9076 0.2841 -0.3091
vn -0.7705 0.0425 -0.6361
vn -0.8350 -0.0375 -0.5489
vn -0.6905 -0.6779 0.2521
vn -0.6283 -0.6030 0.4916
vn -0.6339 -0.6566 0.4087
vn 0.4783 0.4476 0.7556
vn 0.3720 0.6982 0.6116
vn 0.2129 0.7553 0.6198
vn -0.0752 0.9892 0.1256
vn -0.8761 0.2397 -0.4184
vn -0.9048 0.2931 -0.3089
vn -1.0000 0.0046 0.0048
vn -0.3344 -0.0186 -0.9422
vn -0.3208 -0.0008 -0.9471
vn -0.3124 -0.0924 -0.9454
vn -0.8848 0.2185 0.4116
vn -0.9076 0.2857 0.3077
vn -0.8406 0.0177 0.5413
vn -0.5482 -0.5538 0.6267
vn -0.5613 -0.4348 0.7042
vn 0.6863 0.3162 0.6550
vn 0.6242 0.5265 0.5772
vn -0.5395 0.1097 -0.8348
vn 0.7896 -0.3671 -0.4916
vn 0.7370 -0.0963 -0.6690
vn 0.8622 -0.1364 -0.4878
vn 0.6654 0.6822 -0.3031
vn 0.8037 0.5547 -0.2155
vn 0.7637 0.4711 -0.4414
vn 0.2619 0.9069 -0.3302
vn 0.2621 0.9068 -0.3302
vn 0.5005 0.8240 -0.2656
vn 0.8154 0.2819 -0.5056
vn 0.6611 0.3378 -0.6699
vn 0.7637 0.4712 -0.4413
vn 0.6234 0.4765 -0.6199
vn 0.8456 0.2819 0.4533
vn 0.7629 0.4726 0.4412
vn 0.9197 0.3198 0.2279
vn 0.9590 0.2819 -0.0301
vn 0.8492 0.5281 -0.0050
vn 0.6863 0.3162 0.6549
vn 0.4729 0.2718 0.8382
vn 0.2888 0.2800 0.9155
vn 0.5326 0.6907 0.4892
vn 0.6701 0.6240 0.4019
vn 0.6778 0.0765 0.7313
vn 0.7528 -0.1234 0.6466
vn 0.8551 0.0646 0.5144
vn 0.8638 -0.1182 0.4898
vn 0.9511 -0.3090 0.0000
vn 0.9282 -0.3147 -0.1986
vn 0.9961 -0.0823 0.0313
vn 0.9654 -0.0924 -0.2440
vn 0.8425 -0.4670 -0.2686
vn 0.8654 -0.3271 -0.3797
vn 0.2620 0.9504 0.1675
vn 0.5006 0.8464 0.1819
vn 0.5281 0.8467 0.0648
vn 0.2396 0.7342 0.6352
vn 0.8424 -0.3152 0.4370
vn 0.7976 -0.3760 0.4717
vn 0.8426 -0.4670 0.2682
vn 0.8005 -0.5269 0.2857
vn -0.5206 -0.6054 0.6021
vn -0.6333 -0.6005 0.4883
vn -0.6283 -0.6029 0.4916
vn -0.9517 0.3071 -0.0000
vn -0.9481 0.3179 0.0000
vn -0.9048 0.2932 -0.3088
vn -0.3549 0.0016 -0.9349
vn -0.2828 -0.1600 -0.9457
vn -0.7704 0.0424 -0.6361
vn -0.3915 -0.1805 -0.9023
vn -0.1943 -0.4671 -0.8626
vn -0.9206 -0.0979 0.3780
vn -0.8677 -0.0653 0.4928
vn -0.6855 -0.0212 0.7278
vn -0.7323 -0.0037 0.6810
vn -0.8301 0.0017 -0.5576
vn -0.5209 0.0032 -0.8536
vn -0.8327 0.0028 -0.5537
vn -0.5225 0.0044 -0.8526
vn -0.5226 0.0044 -0.8526
vn -0.1991 0.0017 -0.9800
vn -0.0687 -0.0037 -0.9976
vn -0.8182 -0.0770 -0.5697
vn -0.8248 -0.0864 -0.5588
vn -0.8896 -0.0913 -0.4475
vn -0.9392 -0.0977 -0.3291
vn -0.9924 -0.0986 -0.0731
vn -0.9921 -0.0986 0.0781
vn -0.9924 -0.0986 -0.0730
vn -0.9206 -0.0978 0.3780
vn -0.8677 -0.0652 0.4928
vn -0.5192 -0.7321 -0.4409
vn -0.3833 -0.6300 -0.6755
vn -0.4958 -0.7018 -0.5116
vn -0.2430 -0.6456 -0.7240
vn -0.9048 0.2931 -0.3088
vn -0.9048 0.2941 0.3081
vn -0.9999 0.0109 0.0006
vn -0.5131 -0.8066 0.2935
vn -0.6808 -0.6885 0.2499
vn -0.5125 -0.8068 0.2938
vn -0.7517 -0.6199 0.2252
vn -0.5119 -0.8460 -0.1491
vn -0.7051 -0.7057 0.0694
vn -0.7024 -0.6915 -0.1687
vn -0.6656 -0.6623 -0.3440
vn -0.6116 -0.5804 -0.5376
vn -0.6350 -0.6041 -0.4814
vn -0.5095 -0.6493 -0.5647
vn -0.6655 -0.6623 -0.3440
vn -0.1072 0.0007 0.9942
vn -0.9392 0.0110 0.3431
vn -0.5192 -0.8547 0.0000
vn -0.5715 -0.8132 0.1100
vn -0.4984 -0.8670 -0.0000
vn -0.5552 -0.8240 0.1131
vn 0.7637 0.4711 -0.4413
vn 0.9104 0.3198 -0.2624
vn 0.5819 0.2460 -0.7752
vn 0.5484 0.4529 -0.7030
vn -0.0627 -0.9949 -0.0784
vn -0.0256 -0.9986 -0.0463
vn -0.0328 -0.9979 -0.0564
vn -0.0090 -0.9995 -0.0305
vn -0.5557 -0.8236 -0.1134
vn -0.5722 -0.8127 -0.1102
vn -0.9878 0.0000 0.1558
vn -0.9874 0.0004 0.1580
vn -0.9872 -0.0110 0.1593
vn -0.9866 -0.0097 0.1628
vn -0.9874 0.0116 0.1576
vn -0.9876 0.0119 0.1566
vn -0.1691 0.6040 -0.7788
vn 0.0122 0.6787 -0.7343
vn 0.0123 0.6787 -0.7343
vn 0.2533 0.7354 -0.6285
vn -0.8228 0.5131 0.2444
vn -0.8257 0.5103 0.2404
vn -0.8283 0.5078 0.2368
vn 0.2474 -0.0050 0.9689
vn 0.0110 -0.1186 0.9929
vn -0.1658 -0.1980 0.9661
vn -0.7871 0.6074 0.1071
vn -0.7871 0.6075 0.1071
vn -0.1659 0.1443 -0.9755
vn 0.0110 0.2281 -0.9736
vn 0.2474 0.3266 -0.9122
vn -0.8230 0.5658 -0.0495
vn 0.2474 0.4801 0.8416
vn 0.0110 0.3937 0.9192
vn -0.1658 0.3115 0.9357
vn -0.7867 0.5801 -0.2111
vn -0.7869 0.5799 -0.2111
vn -0.7871 0.5796 -0.2110
vn -0.1635 -0.3568 -0.9198
vn 0.0100 -0.2836 -0.9589
vn 0.2412 -0.1695 -0.9556
vn -0.8345 0.4481 -0.3207
vn -0.8310 0.4541 -0.3213
vn -0.8278 0.4595 -0.3218
vn 0.2585 0.8415 0.4744
vn 0.0199 0.8055 0.5922
vn 0.0199 0.8055 0.5923
vn -0.1631 0.7392 0.6535
vn -0.7169 0.4702 -0.5147
vn -0.7098 0.4742 -0.5210
vn -0.7166 0.4849 -0.5014
vn -0.7544 0.4695 -0.4588
vn -0.8198 0.3008 -0.4873
vn -0.8668 0.0275 0.4978
vn -0.8777 0.1669 -0.4492
vn -0.9766 0.0697 -0.2036
vn -0.8198 0.3008 -0.4874
vn -0.8668 0.0274 0.4978
vn -0.0611 -0.9950 0.0793
vn -0.0211 -0.9988 0.0442
vn -0.0331 -0.9979 0.0551
vn -0.0105 -0.9992 0.0385
vn 0.6593 -0.0532 0.7500
vn 0.6298 -0.0456 0.7754
vn -0.6164 -0.0033 0.7874
vn -0.9766 0.0698 -0.2035
vn -0.0210 -0.9988 0.0443
vn -0.0131 -0.9992 0.0370
vn -0.0122 -0.9995 0.0281
vn -0.0016 -1.0000 -0.0012
vn -0.0013 -1.0000 -0.0004
vn -0.0012 -1.0000 -0.0008
vn 0.0026 -1.0000 -0.0001
vn -0.9523 -0.0018 0.3050
vn -0.9544 0.0002 0.2986
vn -0.9564 0.0023 0.2921
vn 0.3225 -0.0337 -0.9460
vn 0.4753 -0.0111 -0.8797
vn -0.0687 -0.0038 -0.9976
vn -0.1990 0.0017 -0.9800
vn 0.0289 -0.9987 -0.0424
vn 0.0558 -0.9972 -0.0496
vn 0.0695 -0.9967 -0.0423
vn 0.0998 -0.9944 -0.0358
vn -0.0021 1.0000 -0.0009
vn 0.0988 -0.9944 0.0380
vn 0.0975 -0.9945 0.0372
vn 0.0904 -0.9946 0.0504
vn 0.0888 -0.9949 0.0483
vn -0.0023 1.0000 -0.0000
vn 0.1051 -0.9945 0.0000
vn 0.1049 -0.9945 0.0000
vn 0.0987 -0.9944 0.0380
vn 0.8026 0.0707 -0.5923
vn -0.2829 -0.1600 -0.9457
vn -0.3124 -0.0924 -0.9455
vn 0.7038 0.6933 -0.1550
vn 0.6978 0.7114 0.0839
vn 0.9654 -0.0923 -0.2440
vn 0.9970 0.0778 -0.0013
vn 0.9961 -0.0823 0.0312
vn 0.9633 0.0775 0.2570
vn 0.6611 0.3379 -0.6699
vn 0.6729 0.0872 -0.7346
vn 0.5910 0.0695 -0.8037
vn 0.1636 0.1448 0.9758
vn 0.2721 0.1048 0.9565
vn 0.1581 -0.0111 0.9874
vn 0.1444 -0.0776 0.9865
vn 0.2770 -0.0355 0.9602
vn 0.1581 -0.0110 0.9874
vn 0.9516 -0.0923 0.2931
vn 0.8551 0.0647 0.5144
vn 0.5449 -0.0286 0.8380
vn 0.4736 0.0575 0.8789
vn 0.8005 -0.5268 0.2857
vn 0.8235 -0.5673 -0.0000
vn 0.8943 -0.4474 0.0000
vn 0.9628 0.0775 -0.2590
vn 0.8641 0.0806 -0.4968
vn 0.9282 -0.3147 0.1985
vn 0.6828 0.7010 0.2059
vn 0.9282 -0.3147 0.1986
vn 0.3885 0.6887 -0.6121
vn 0.3313 0.6089 -0.7208
vn 0.3779 0.6411 -0.6679
vn 0.4411 0.6092 -0.6590
vn 0.7038 0.6932 -0.1550
vn 0.5005 0.8240 -0.2657
vn 0.6828 0.7009 0.2059
vn -0.5552 -0.8240 0.1130
vn -0.6195 -0.4879 0.6150
vn -0.6392 -0.3987 0.6576
vn -0.6393 -0.3263 0.6963
vn -0.6625 -0.3239 0.6754
vn 0.5133 0.7831 -0.3510
vn 0.6257 0.6040 -0.4937
vn 0.8623 -0.1364 -0.4878
vn 0.7896 -0.3672 -0.4916
vn 0.8425 -0.4670 -0.2687
vn 0.8006 -0.5263 -0.2864
vn 0.3885 0.6887 -0.6122
vn 0.3779 0.6412 -0.6679
vn 0.8641 0.0806 -0.4969
vn 0.5946 -0.0271 -0.8036
vn 0.4736 0.0576 0.8789
vn 0.2888 0.2801 0.9155
vn 0.9590 0.2819 -0.0302
vn 0.9104 0.3198 -0.2623
vn 0.6863 0.3163 0.6549
vn 0.8037 0.5546 -0.2155
vn 0.6654 0.6822 -0.3030
vn 0.2618 0.9069 -0.3301
vn -0.6333 -0.6005 0.4882
vn -0.7199 -0.6934 -0.0305
vn -0.0104 -0.9994 -0.0321
vn -0.0101 -0.9992 -0.0386
vn -0.0073 -0.9991 -0.0411
vn -0.0093 -0.9989 -0.0458
vn -0.6235 0.7819 0.0010
vn -0.5987 0.7965 0.0840
vn -0.6215 0.7815 0.0542
vn -0.5944 0.8004 0.0776
vn -0.6139 0.7836 0.0954
vn -0.7026 0.7044 0.1005
vn -0.7511 0.4827 0.4503
vn -0.7560 0.4857 0.4389
vn -0.7577 0.4931 0.4275
vn -0.7879 0.4706 0.3972
vn -0.8642 0.0711 -0.4981
vn -0.9766 0.0698 -0.2036
vn -0.9784 0.0350 -0.2040
vn -0.7951 -0.0218 -0.6061
vn -0.6698 -0.3252 -0.6675
vn -0.6427 -0.3987 -0.6542
vn -0.6439 -0.3282 -0.6912
vn -0.6203 -0.4861 -0.6155
vn -0.5556 -0.8236 -0.1134
vn -0.0016 1.0000 -0.0008
vn -0.0024 1.0000 -0.0014
vn -0.0029 1.0000 -0.0023
vn -0.0022 1.0000 -0.0041
vn -0.0010 -1.0000 0.0002
vn -0.0012 -1.0000 -0.0013
vn -0.0012 -1.0000 -0.0009
vn -0.0011 -1.0000 -0.0014
vn -0.0228 0.9997 0.0067
vn -0.0090 1.0000 0.0029
vn -0.0121 0.9999 0.0039
vn -0.0022 1.0000 0.0008
vn -0.6164 -0.0033 0.7875
vn -0.8669 0.0275 0.4978
vn 0.6855 -0.0212 0.7278
vn 0.9392 0.0109 0.3431
vn 0.8668 0.0275 0.4978
vn 0.6656 -0.6623 -0.3440
vn 0.7024 -0.6915 -0.1687
vn 0.6350 -0.6041 -0.4814
vn 0.0016 -1.0000 -0.0012
vn 0.0011 -1.0000 -0.0014
vn 0.0012 -1.0000 -0.0013
vn 0.0752 0.9892 0.1256
vn -0.4783 0.4476 0.7556
vn -0.2129 0.7553 0.6198
vn -0.3720 0.6982 0.6116
vn 0.5482 -0.5538 0.6267
vn 0.6283 -0.6030 0.4916
vn 0.5613 -0.4348 0.7042
vn -0.5326 0.6906 0.4892
vn -0.6701 0.6240 0.4019
vn -0.6242 0.5265 0.5772
vn -0.7637 0.4712 -0.4413
vn -0.6257 0.6040 -0.4937
vn -0.6234 0.4765 -0.6199
vn -0.6654 0.6822 -0.3031
vn -0.7637 0.4711 -0.4414
vn -0.8037 0.5547 -0.2155
vn -0.4736 0.0575 0.8789
vn -0.6778 0.0765 0.7313
vn -0.5449 -0.0286 0.8380
vn -0.7528 -0.1234 0.6466
vn -0.9590 0.2819 -0.0302
vn -0.9628 0.0775 -0.2590
vn -0.9970 0.0778 -0.0013
vn -0.9654 -0.0923 -0.2440
vn -0.2770 -0.0355 0.9602
vn -0.4736 0.0576 0.8789
vn -0.2721 0.1048 0.9565
vn -0.5910 0.0695 -0.8037
vn -0.6729 0.0872 -0.7346
vn -0.5819 0.2460 -0.7752
vn -0.6611 0.3379 -0.6699
vn -0.4729 0.2718 0.8382
vn -0.2888 0.2801 0.9155
vn -0.6863 0.3162 0.6550
vn -0.8456 0.2819 0.4533
vn -0.8551 0.0647 0.5144
vn -0.9197 0.3198 0.2279
vn -0.9633 0.0775 0.2570
vn -0.5484 0.4529 -0.7030
vn -0.6611 0.3378 -0.6699
vn -0.6863 0.3162 0.6549
vn -0.2888 0.2800 0.9155
vn -0.5326 0.6907 0.4892
vn -0.8638 -0.1182 0.4898
vn -0.8551 0.0646 0.5144
vn -0.7896 -0.3671 -0.4916
vn -0.8654 -0.3271 -0.3796
vn -0.8623 -0.1364 -0.4878
vn -0.9654 -0.0924 -0.2440
vn -0.9282 -0.3147 -0.1986
vn -0.9961 -0.0823 0.0313
vn -0.9511 -0.3090 0.0000
vn -0.5281 0.8467 0.0648
vn -0.5006 0.8464 0.1819
vn -0.2620 0.9504 0.1675
vn -0.2396 0.7342 0.6352
vn -0.7370 -0.0963 -0.6690
vn -0.5946 -0.0271 -0.8036
vn -0.8943 -0.4474 0.0000
vn -0.8425 -0.4670 -0.2686
vn -0.8235 -0.5673 0.0000
vn -0.8006 -0.5263 -0.2864
vn 0.6283 -0.6029 0.4916
vn 0.6333 -0.6005 0.4883
vn 0.5206 -0.6054 0.6021
vn 0.9048 0.2932 -0.3088
vn 0.9481 0.3179 0.0000
vn 0.9076 0.2841 -0.3091
vn 0.9517 0.3071 -0.0000
vn 0.5225 0.0044 -0.8526
vn 0.5209 0.0033 -0.8536
vn 0.8327 0.0028 -0.5537
vn 0.8301 0.0017 -0.5576
vn 0.0687 -0.0037 -0.9976
vn 0.5209 0.0032 -0.8536
vn 0.1991 0.0017 -0.9800
vn 0.5226 0.0044 -0.8526
vn 0.5192 -0.7321 -0.4409
vn 0.4958 -0.7018 -0.5116
vn 0.3833 -0.6300 -0.6755
vn 0.2430 -0.6456 -0.7240
vn 0.8761 0.2397 -0.4184
vn 1.0000 0.0046 0.0048
vn 0.8350 -0.0375 -0.5489
vn 0.7705 0.0425 -0.6361
vn 0.9076 0.2857 0.3077
vn 0.9048 0.2941 0.3081
vn 0.7051 -0.7057 0.0694
vn 0.5119 -0.8460 -0.1491
vn 0.6116 -0.5804 -0.5376
vn 0.5095 -0.6493 -0.5647
vn 0.6655 -0.6623 -0.3440
vn 0.5552 -0.8240 0.1131
vn 0.5715 -0.8132 0.1100
vn 0.4984 -0.8670 -0.0000
vn 0.5192 -0.8547 0.0000
vn 0.0090 -0.9995 -0.0305
vn 0.0256 -0.9986 -0.0463
vn 0.0331 -0.9979 -0.0561
vn 0.0627 -0.9949 -0.0784
vn 0.5722 -0.8127 -0.1102
vn 0.5557 -0.8236 -0.1134
vn 0.0105 -0.9994 -0.0321
vn 0.0101 -0.9992 -0.0386
vn 0.0104 -0.9994 -0.0321
vn 0.0101 -0.9992 -0.0387
vn 0.0073 -0.9991 -0.0411
vn 0.0093 -0.9989 -0.0458
vn 0.9866 -0.0097 0.1628
vn 0.9874 0.0004 0.1580
vn 0.9872 -0.0110 0.1593
vn 0.9878 0.0000 0.1558
vn -0.8426 -0.4670 0.2682
vn -0.8005 -0.5268 0.2857
vn -0.9282 -0.3147 0.1985
vn -0.9961 -0.0823 0.0312
vn -0.9516 -0.0923 0.2931
vn 0.5987 0.7965 0.0840
vn 0.5944 0.8004 0.0776
vn 0.6139 0.7836 0.0954
vn 0.7026 0.7044 0.1005
vn 0.7511 0.4827 0.4503
vn 0.7560 0.4857 0.4389
vn 0.7559 0.4857 0.4389
vn 0.7577 0.4931 0.4275
vn 0.7879 0.4706 0.3972
vn -0.2533 0.7354 -0.6285
vn -0.0123 0.6787 -0.7343
vn 0.1691 0.6040 -0.7788
vn 0.8283 0.5078 0.2368
vn 0.8257 0.5103 0.2404
vn 0.8228 0.5131 0.2444
vn 0.1658 -0.1980 0.9661
vn -0.0110 -0.1186 0.9929
vn -0.2474 -0.0050 0.9689
vn 0.7871 0.6074 0.1071
vn 0.7871 0.6075 0.1071
vn -0.2474 0.3266 -0.9122
vn -0.0110 0.2281 -0.9736
vn 0.1659 0.1443 -0.9755
vn 0.8230 0.5658 -0.0495
vn 0.1658 0.3115 0.9357
vn -0.0110 0.3937 0.9192
vn -0.2474 0.4801 0.8416
vn 0.7871 0.5796 -0.2110
vn 0.7869 0.5799 -0.2111
vn 0.7867 0.5801 -0.2111
vn -0.2412 -0.1695 -0.9556
vn -0.0100 -0.2836 -0.9589
vn 0.1635 -0.3568 -0.9198
vn 0.8278 0.4595 -0.3218
vn 0.8310 0.4541 -0.3213
vn 0.8345 0.4481 -0.3207
vn 0.1631 0.7392 0.6535
vn -0.0199 0.8055 0.5922
vn -0.0199 0.8055 0.5923
vn -0.2585 0.8415 0.4744
vn 0.8777 0.1669 -0.4492
vn 0.9766 0.0698 -0.2036
vn 0.8642 0.0711 -0.4981
vn 0.9783 0.0350 -0.2040
vn 0.7951 -0.0218 -0.6061
vn 0.9802 -0.0095 -0.1977
vn 0.6427 -0.3987 -0.6542
vn 0.6203 -0.4861 -0.6155
vn 0.6698 -0.3252 -0.6675
vn 0.6439 -0.3282 -0.6912
vn 0.6204 -0.4861 -0.6155
vn 0.0105 -0.9992 0.0385
vn 0.0211 -0.9988 0.0442
vn 0.0331 -0.9979 0.0551
vn 0.0611 -0.9950 0.0793
vn 0.6333 -0.6005 0.4882
vn 0.6905 -0.6779 0.2522
vn 0.6339 -0.6566 0.4087
vn 0.6164 -0.0033 0.7874
vn -0.6298 -0.0456 0.7754
vn 0.7323 -0.0037 0.6810
vn -0.6593 -0.0532 0.7500
vn 0.0122 -0.9995 0.0281
vn 0.0131 -0.9992 0.0370
vn 0.0024 1.0000 -0.0014
vn 0.0022 1.0000 -0.0021
vn 0.0029 1.0000 -0.0023
vn 0.0022 1.0000 -0.0041
vn -0.0026 -1.0000 -0.0001
vn 0.0013 -1.0000 -0.0004
vn 0.0012 -1.0000 -0.0008
vn 0.9564 0.0023 0.2921
vn 0.9544 0.0002 0.2986
vn 0.9523 -0.0018 0.3050
vn 0.1990 0.0017 -0.9800
vn -0.4753 -0.0111 -0.8797
vn 0.0687 -0.0038 -0.9976
vn -0.3225 -0.0337 -0.9460
vn 0.0012 -1.0000 -0.0009
vn 0.0010 -1.0000 0.0002
vn 0.0228 0.9997 0.0067
vn 0.0121 0.9999 0.0039
vn 0.0090 1.0000 0.0029
vn 0.0022 1.0000 0.0008
vn 0.0021 1.0000 -0.0009
vn 0.0018 1.0000 -0.0016
vn 0.0018 1.0000 -0.0015
vn -0.0888 -0.9949 0.0483
vn -0.0975 -0.9945 0.0372
vn -0.0904 -0.9946 0.0504
vn -0.0988 -0.9944 0.0380
vn 0.0023 1.0000 0.0000
vn -0.0987 -0.9944 0.0380
vn -0.1049 -0.9945 0.0000
vn -0.1051 -0.9945 0.0000
vn 0.2829 -0.1600 -0.9457
vn 0.1943 -0.4671 -0.8626
vn 0.3124 -0.0924 -0.9455
vn 0.3915 -0.1805 -0.9023
vn 0.6164 -0.0033 0.7875
vn -0.3885 0.6887 -0.6122
vn -0.3780 0.6412 -0.6679
vn -0.5005 0.8240 -0.2657
vn -0.7038 0.6932 -0.1550
vn -0.6978 0.7114 0.0839
vn -0.6828 0.7010 0.2059
vn -0.4411 0.6092 -0.6590
vn -0.3313 0.6089 -0.7208
vn -0.3779 0.6411 -0.6679
vn -0.3885 0.6887 -0.6121
vn 0.6235 0.7819 0.0010
vn 0.6215 0.7815 0.0542
vn 0.9876 0.0119 0.1566
vn 0.9874 0.0116 0.1576
vn -0.5005 0.8240 -0.2656
vn -0.7038 0.6933 -0.1550
vn -0.8037 0.5546 -0.2155
vn -0.7896 -0.3672 -0.4916
vn -0.5133 0.7831 -0.3510
vn -0.3779 0.6412 -0.6679
vn -0.7995 0.5682 0.1948
vn -0.7629 0.4726 0.4412
vn -0.8424 -0.3152 0.4370
vn -0.9282 -0.3147 0.1986
vn -0.8638 -0.1182 0.4899
vn -0.9627 0.0775 -0.2591
vn -0.8622 -0.1364 -0.4878
vn -0.8641 0.0806 -0.4968
vn -0.9104 0.3198 -0.2623
vn -0.8154 0.2819 -0.5056
vn -0.8641 0.0806 -0.4969
vn -0.1444 -0.0776 0.9865
vn -0.1581 -0.0110 0.9874
vn -0.1636 0.1448 0.9758
vn -0.9590 0.2819 -0.0301
vn -0.9104 0.3198 -0.2624
vn -0.8492 0.5281 -0.0051
vn -0.7637 0.4711 -0.4413
vn -0.8638 -0.1181 0.4898
vn -0.7976 -0.3760 0.4717
vn -0.8005 -0.5269 0.2857
vn -0.2618 0.9069 -0.3301
vn -0.2621 0.9068 -0.3302
vn 0.7199 -0.6934 -0.0305
vn 0.6808 -0.6885 0.2499
vn 0.7517 -0.6199 0.2252
vn 0.5125 -0.8068 0.2938
vn 0.5131 -0.8066 0.2935
vn 0.2828 -0.1600 -0.9457
vn 0.3549 0.0016 -0.9349
vn 0.3344 -0.0186 -0.9422
vn 0.3208 -0.0008 -0.9471
vn 0.5395 0.1097 -0.8348
vn 0.8182 -0.0770 -0.5697
vn 0.8896 -0.0913 -0.4475
vn 0.8248 -0.0864 -0.5588
vn 0.9392 -0.0974 -0.3291
vn 0.9924 -0.0986 -0.0731
vn 0.9921 -0.0986 0.0781
vn 0.9206 -0.0978 0.3780
vn 0.8677 -0.0653 0.4928
vn 0.9999 0.0109 0.0006
vn 0.8848 0.2184 0.4116
vn 0.9076 0.2856 0.3077
vn 0.8406 0.0177 0.5413
vn 0.9392 0.0110 0.3431
vn 0.6854 -0.0212 0.7278
vn 0.1072 0.0007 0.9942
vn -0.6397 0.0429 0.7674
vn -0.6638 0.0807 0.7436
vn 0.5552 -0.8240 0.1130
vn 0.6195 -0.4879 0.6150
vn 0.6392 -0.3987 0.6576
vn 0.6393 -0.3263 0.6963
vn 0.6625 -0.3239 0.6754
vn 0.8198 0.3008 -0.4873
vn 0.9766 0.0697 -0.2036
vn 0.7169 0.4702 -0.5147
vn 0.7098 0.4742 -0.5210
vn 0.7166 0.4849 -0.5014
vn 0.7544 0.4695 -0.4588
vn 0.9766 0.0698 -0.2035
vn 0.0016 1.0000 -0.0008
vn -0.0289 -0.9987 -0.0424
vn -0.0695 -0.9967 -0.0423
vn -0.0558 -0.9972 -0.0496
vn -0.0998 -0.9944 -0.0358
vn -0.7337 0.0481 -0.6778
vn -0.8026 0.0707 -0.5924
vn -0.7781 0.1200 -0.6166
vn 0.6869 -0.5928 0.4205
vn 0.7108 -0.5122 0.4821
vn 0.6159 -0.6595 0.4310
vn -0.9999 0.0112 0.0029
vn -0.9999 0.0149 -0.0019
vn -0.9999 0.0097 0.0036
vn 0.5268 -0.5860 -0.6157
vn 0.4809 -0.5949 -0.6441
vn 0.5211 -0.4894 -0.6993
vn -0.0015 0.0016 1.0000
vn -0.0074 0.0076 0.9999
vn -0.0085 0.0084 0.9999
vn -0.0231 0.9995 0.0223
vn -0.0007 0.9913 0.1320
vn -0.0015 0.9883 0.1522
vn -0.0014 1.0000 -0.0007
vn -0.0035 1.0000 0.0000
vn 0.0009 0.9566 -0.2914
vn 0.0014 0.8623 -0.5063
vn 0.0016 0.8214 -0.5703
vn 0.0026 0.8858 -0.4640
vn -0.0014 0.0015 1.0000
vn -0.9999 0.0112 0.0030
vn -0.9999 0.0098 0.0037
vn -0.9999 0.0135 0.0045
vn -0.9999 0.0133 0.0018
vn -0.9999 0.0151 -0.0070
vn -0.9999 0.0165 -0.0052
vn -0.9999 0.0139 0.0034
vn -0.9999 0.0147 -0.0076
vn -0.9999 0.0140 -0.0077
vn -0.9998 0.0175 -0.0000
vn -0.9999 0.0148 -0.0056
vn -0.9999 0.0146 -0.0076
vn 0.0041 0.9993 -0.0370
vn 0.0045 0.9991 -0.0421
vn 0.5932 -0.6597 -0.4614
vn 0.5635 -0.7980 -0.2138
vn 0.5099 -0.6912 -0.5121
vn 0.5210 -0.8244 -0.2209
vn 0.5197 -0.7864 0.3339
vn 0.5665 -0.7589 0.3211
vn 0.4654 -0.7380 0.4886
vn 0.6029 -0.7914 0.1005
vn 0.5185 -0.8483 0.1077
vn -0.5130 0.5828 0.6302
vn -0.9999 0.0135 0.0044
vn -0.9998 0.0203 0.0038
vn 0.6443 -0.6429 -0.4143
vn 0.6480 -0.7357 -0.1971
vn 0.6440 -0.7176 0.2651
vn 0.6455 -0.7577 0.0962
vn 0.6442 -0.6429 -0.4143
vn 0.5932 -0.6597 -0.4615
vn 0.6164 -0.5628 -0.5507
vn 0.5268 -0.5861 -0.6156
vn 0.4808 -0.5950 -0.6441
vn 0.0044 0.9991 -0.0421
vn 0.0030 0.8914 0.4532
vn 0.0004 0.7981 0.6025
vn 0.5210 -0.8245 -0.2209
vn -0.6869 -0.5928 0.4205
vn -0.6159 -0.6595 0.4310
vn -0.7108 -0.5122 0.4821
vn 0.0231 0.9995 0.0223
vn -0.5268 -0.5861 -0.6156
vn -0.5099 -0.6912 -0.5121
vn -0.5932 -0.6597 -0.4615
vn -0.4809 -0.5949 -0.6440
vn -0.5211 -0.4894 -0.6993
vn 0.0007 0.9913 0.1320
vn 0.0014 1.0000 -0.0007
vn 0.0015 0.9883 0.1522
vn 0.0035 1.0000 0.0000
vn -0.5665 -0.7589 0.3211
vn -0.6440 -0.7176 0.2652
vn -0.6442 -0.6429 -0.4143
vn -0.6164 -0.5628 -0.5507
vn -0.4654 -0.7380 0.4886
vn -0.5197 -0.7864 0.3339
vn 0.9999 0.0133 0.0018
vn 0.9999 0.0135 0.0044
vn 0.9998 0.0203 0.0038
vn 0.5130 0.5828 0.6302
vn 0.9999 0.0112 0.0030
vn 0.9999 0.0135 0.0045
vn 0.9999 0.0101 0.0037
vn 0.9999 0.0151 -0.0004
vn 0.9999 0.0150 -0.0015
vn 0.9999 0.0101 0.0036
vn 0.9999 0.0112 0.0029
vn -0.6030 -0.7914 0.1005
vn -0.5635 -0.7980 -0.2138
vn -0.5185 -0.8483 0.1077
vn -0.5210 -0.8245 -0.2209
vn -0.0030 0.8914 0.4532
vn -0.0001 0.7981 0.6025
vn -0.0044 0.9991 -0.0421
vn -0.0057 0.9993 -0.0370
vn -0.0021 0.8914 0.4532
vn -0.0004 0.7981 0.6025
vn -0.6455 -0.7577 0.0962
vn -0.6480 -0.7357 -0.1971
vn -0.6029 -0.7914 0.1005
vn -0.6440 -0.7176 0.2651
vn 0.0015 0.0016 1.0000
vn 0.0014 0.0015 1.0000
vn 0.0074 0.0076 0.9999
vn 0.0085 0.0084 0.9999
vn -0.0009 0.9566 -0.2914
vn -0.0013 0.8624 -0.5063
vn -0.0016 0.8214 -0.5704
vn -0.0026 0.8858 -0.4640
vn -0.0041 0.9993 -0.0370
vn -0.0045 0.9991 -0.0421
vn 0.9999 0.0154 -0.0067
vn 0.9999 0.0147 -0.0076
vn 0.9999 0.0140 -0.0077
vn 0.9999 0.0148 -0.0056
vn 0.9998 0.0175 -0.0000
vn -0.6443 -0.6429 -0.4143
vn -0.5932 -0.6597 -0.4614
vn -0.5210 -0.8244 -0.2209
vn -0.1943 -0.6099 -0.7683
vn -0.2124 -0.6779 -0.7039
vn -0.2005 -0.5749 -0.7933
vn 0.1821 0.4794 -0.8585
vn 0.2369 0.6326 -0.7373
vn 0.3146 0.4739 -0.8225
vn 0.3305 0.6067 -0.7230
vn 0.2362 0.7624 0.6025
vn 0.3032 0.6230 0.7211
vn 0.3150 0.7493 0.5825
vn 0.1746 0.7015 0.6909
vn 0.1597 0.3684 0.9159
vn 0.2011 0.5939 0.7790
vn 0.2362 0.7623 0.6025
vn 0.3149 0.7493 0.5825
vn 0.3327 0.9109 0.2440
vn 0.2114 0.9317 0.2954
vn 0.2122 0.8685 -0.4480
vn 0.3338 0.8164 -0.4713
vn 0.2369 0.6327 -0.7373
vn 0.2429 0.9653 -0.0959
vn 0.3307 0.9362 -0.1188
vn 0.1186 0.4803 -0.8690
vn 0.1261 0.5804 -0.8045
vn 0.1289 0.8227 0.5536
vn 0.1285 0.6031 0.7873
vn 0.1296 0.9735 0.1885
vn -0.2317 -0.7749 0.5881
vn -0.2333 -0.8596 0.4546
vn -0.2311 -0.9652 0.1225
vn -0.2259 -0.6888 0.6888
vn -0.0895 -0.9683 0.2334
vn -0.1756 -0.8056 0.5658
vn -0.1551 0.3330 0.9301
vn -0.1537 0.3781 0.9129
vn 0.9225 -0.3830 0.0486
vn 0.9234 -0.3708 -0.0994
vn 0.9239 -0.3314 0.1913
vn 0.9325 -0.3076 0.1894
vn 0.9413 -0.1933 0.2766
vn 0.9254 -0.2539 0.2813
vn 0.9225 -0.3177 -0.2194
vn 0.9223 -0.3180 -0.2197
vn 0.9223 -0.3179 -0.2197
vn 0.9070 -0.3720 -0.1975
vn 0.8548 -0.5126 -0.0812
vn 0.0090 -0.9886 -0.1502
vn 0.0569 -0.9640 -0.2599
vn 0.0654 -0.9625 -0.2632
vn -0.0063 -0.9996 0.0267
vn -0.9969 0.0786 -0.0099
vn -0.9973 0.0623 -0.0384
vn -0.9969 0.0679 -0.0392
vn -0.9969 0.0760 0.0203
vn -0.9969 0.0786 -0.0100
vn -0.9969 0.0631 0.0480
vn -0.9969 0.0761 0.0203
vn 0.6796 -0.7228 0.1255
vn 0.6796 -0.7219 0.1303
vn 0.8548 -0.5126 -0.0813
vn -0.1536 0.3781 0.9129
vn -0.0634 0.7198 0.6913
vn -0.0622 0.7050 0.7064
vn -0.9733 0.0876 -0.2120
vn -0.9915 0.0608 -0.1153
vn -0.9739 0.0885 -0.2089
vn -0.9845 0.0692 -0.1613
vn 0.0022 -0.9966 -0.0819
vn -0.0895 -0.9683 0.2333
vn -0.1756 -0.8057 0.5657
vn 0.1240 0.2422 0.9623
vn 0.1247 0.3282 0.9363
vn -0.1590 -0.4117 -0.8973
vn -0.1227 -0.3308 -0.9357
vn -0.1209 -0.2449 -0.9620
vn -0.2223 -0.7568 -0.6147
vn -0.2123 -0.6778 -0.7039
vn -0.2302 -0.8280 -0.5114
vn -0.2321 -0.9208 -0.3136
vn -0.2319 -0.9563 -0.1780
vn 0.1261 0.5803 -0.8045
vn 0.1301 0.8197 -0.5577
vn 0.1289 0.9749 -0.1813
vn -0.9950 0.0449 -0.0887
vn -0.9969 0.0523 -0.0596
vn -0.9968 0.0507 0.0613
vn -0.9969 0.0445 0.0648
vn -0.9969 0.0285 0.0731
vn -0.9969 0.0238 0.0749
vn -0.9969 0.0193 0.0766
vn -0.9969 0.0193 0.0767
vn 0.6623 -0.7367 0.1363
vn 0.6394 -0.7625 0.0986
vn 0.6256 -0.7754 0.0862
vn 0.6019 -0.7982 0.0225
vn 0.8958 -0.2129 0.3901
vn 0.9633 -0.1135 0.2434
vn 0.9739 -0.0963 0.2055
vn 0.9734 -0.0993 0.2064
vn 0.0895 -0.9683 0.2334
vn 0.1756 -0.8057 0.5657
vn -0.0090 -0.9886 -0.1502
vn 0.1227 -0.3308 -0.9357
vn 0.1209 -0.2449 -0.9620
vn 0.1590 -0.4117 -0.8973
vn 0.1943 -0.6099 -0.7683
vn 0.2005 -0.5749 -0.7933
vn 0.2124 -0.6779 -0.7039
vn -0.1597 0.3684 0.9159
vn -0.2011 0.5939 0.7790
vn -0.3032 0.6230 0.7211
vn -0.2362 0.7623 0.6025
vn -0.3307 0.9362 -0.1188
vn -0.3327 0.9109 0.2440
vn -0.2429 0.9653 -0.0959
vn -0.2114 0.9317 0.2954
vn -0.1261 0.5803 -0.8045
vn -0.2369 0.6326 -0.7373
vn -0.1301 0.8197 -0.5578
vn -0.2122 0.8685 -0.4480
vn -0.1285 0.6031 0.7873
vn -0.1597 0.3683 0.9159
vn -0.1247 0.3282 0.9363
vn -0.1240 0.2422 0.9623
vn 0.1537 0.3781 0.9129
vn 0.1756 -0.8056 0.5658
vn 0.1551 0.3330 0.9301
vn 0.2123 -0.6778 -0.7039
vn 0.2221 -0.7568 -0.6147
vn 0.2300 -0.8280 -0.5114
vn 0.2321 -0.9208 -0.3135
vn 0.2319 -0.9563 -0.1780
vn 0.2311 -0.9652 0.1225
vn -0.9234 -0.3708 -0.0994
vn -0.9225 -0.3830 0.0486
vn -0.9325 -0.3076 0.1894
vn -0.9239 -0.3314 0.1913
vn -0.9223 -0.3180 -0.2197
vn -0.9225 -0.3177 -0.2194
vn -0.2362 0.7624 0.6025
vn -0.3150 0.7493 0.5825
vn -0.1746 0.7015 0.6909
vn -0.3149 0.7493 0.5825
vn 0.9915 0.0609 -0.1154
vn 0.9969 0.0522 -0.0596
vn 0.9973 0.0623 -0.0384
vn 0.9969 0.0679 -0.0392
vn 0.9969 0.0786 -0.0099
vn 0.9969 0.0786 -0.0100
vn 0.9969 0.0760 0.0203
vn 0.9969 0.0761 0.0203
vn 0.9969 0.0631 0.0480
vn 0.9968 0.0507 0.0613
vn 0.9969 0.0445 0.0648
vn 0.9969 0.0285 0.0731
vn 0.9969 0.0238 0.0749
vn 0.9969 0.0193 0.0766
vn 0.9969 0.0193 0.0767
vn -0.6623 -0.7367 0.1363
vn -0.6393 -0.7626 0.0986
vn -0.6256 -0.7754 0.0862
vn -0.6019 -0.7982 0.0225
vn -0.6796 -0.7228 0.1255
vn -0.6796 -0.7219 0.1303
vn -0.6394 -0.7625 0.0986
vn -0.9070 -0.3720 -0.1975
vn -0.8548 -0.5126 -0.0813
vn 0.0622 0.7050 0.7064
vn 0.0634 0.7198 0.6913
vn 0.1536 0.3781 0.9129
vn 0.9845 0.0692 -0.1613
vn 0.9915 0.0608 -0.1153
vn 0.9739 0.0885 -0.2089
vn 0.9733 0.0876 -0.2120
vn -0.9413 -0.1933 0.2766
vn -0.9633 -0.1135 0.2434
vn -0.9739 -0.0963 0.2055
vn -0.9734 -0.0993 0.2064
vn -0.8548 -0.5126 -0.0812
vn -0.9223 -0.3179 -0.2197
vn 0.9950 0.0449 -0.0887
vn -0.3305 0.6067 -0.7230
vn -0.3338 0.8164 -0.4713
vn -0.2369 0.6327 -0.7373
vn -0.1186 0.4803 -0.8690
vn -0.1821 0.4794 -0.8585
vn -0.1261 0.5804 -0.8045
vn -0.3146 0.4739 -0.8225
vn -0.1289 0.8227 0.5536
vn -0.1296 0.9735 0.1885
vn -0.1289 0.9749 -0.1813
vn 0.2259 -0.6888 0.6888
vn 0.2316 -0.7749 0.5881
vn 0.2333 -0.8596 0.4546
vn -0.8958 -0.2129 0.3901
vn -0.9254 -0.2539 0.2813
vn 0.0063 -0.9996 0.0267
vn -0.0569 -0.9640 -0.2599
vn -0.0654 -0.9625 -0.2632
vn -0.0022 -0.9966 -0.0819
vn 0.0895 -0.9683 0.2333
vn -0.1301 0.8197 -0.5577
usemtl mat0
s 1
f 1/1/1 2/2/2 3/3/3
f 4/4/4 5/5/5 6/6/6
f 7/7/7 8/8/8 9/9/9
f 10/10/10 11/11/10 12/12/10
f 13/13/11 14/14/12 15/15/13
f 16/16/14 17/17/15 18/18/16
f 19/19/17 20/20/17 21/21/17
f 22/22/18 23/23/19 24/24/20
f 25/25/21 26/26/21 27/27/21
f 28/28/22 29/29/23 30/30/24
f 31/31/25 32/32/26 33/33/27
f 34/34/28 35/35/29 36/36/30
f 37/37/31 38/38/31 39/39/31
f 40/40/32 41/41/32 42/42/32
f 43/43/33 44/44/34 45/45/35
f 46/46/36 47/47/37 48/48/38
f 49/49/39 50/50/39 51/51/39
f 52/52/40 53/53/41 54/54/42
f 54/54/42 53/53/41 55/55/43
f 56/56/44 57/57/45 58/58/46
f 58/58/46 57/57/45 59/59/43
f 60/60/47 61/61/32 62/62/32
f 62/62/32 61/61/32 63/63/32
f 64/64/23 65/65/48 66/66/49
f 66/66/49 65/65/48 67/67/50
f 68/68/51 69/69/52 70/70/53
f 70/70/53 69/69/52 71/71/54
f 72/72/55 73/73/52 74/74/56
f 74/74/56 73/73/52 75/75/57
f 76/76/32 77/77/32 78/78/32
f 78/78/32 77/77/32 79/79/32
f 80/80/58 81/81/59 82/82/55
f 82/82/55 81/81/59 83/83/52
f 84/84/60 85/85/61 86/86/37
f 86/86/37 85/85/61 87/87/62
f 88/88/33 89/89/35 90/90/63
f 90/90/63 89/89/35 91/91/64
f 92/92/65 93/93/66 94/94/67
f 94/94/67 93/93/66 95/95/50
f 96/96/68 97/97/30 98/98/18
f 98/98/18 97/97/30 99/99/19
f 100/100/69 101/101/70 102/102/71
f 102/102/71 101/101/70 103/103/72
f 104/104/73 105/105/74 106/106/20
f 106/106/20 105/105/74 107/107/18
f 108/108/75 109/109/76 110/110/23
f 110/110/23 109/109/76 111/111/48
f 112/112/77 113/113/78 114/114/79
f 114/114/79 113/113/78 115/115/80
f 116/116/81 117/117/66 118/118/82
f 118/118/82 117/117/66 119/119/83
f 120/120/84 121/121/85 122/122/22
f 122/122/22 121/121/85 123/123/76
f 124/124/65 125/125/67 126/126/86
f 126/126/86 125/125/67 127/127/87
f 128/128/88 129/129/89 130/130/90
f 130/130/90 129/129/89 131/131/91
f 132/132/92 133/133/93 134/134/88
f 134/134/88 133/133/93 135/135/94
f 136/136/95 137/137/96 138/138/97
f 138/138/97 137/137/96 139/139/98
f 140/140/99 141/141/98 142/142/100
f 142/142/100 141/141/98 143/143/101
f 144/144/102 145/145/103 146/146/104
f 146/146/104 145/145/103 147/147/105
f 148/148/106 149/149/107 150/150/102
f 150/150/102 149/149/107 151/151/103
f 152/152/17 153/153/108 154/154/109
f 154/154/109 153/153/108 155/155/110
f 156/156/17 157/157/17 158/158/17
f 158/158/17 157/157/17 159/159/111
f 160/160/112 161/161/113 162/162/114
f 162/162/114 161/161/113 163/163/115
f 164/164/116 165/165/101 166/166/117
f 166/166/117 165/165/101 167/167/118
f 168/168/17 169/169/17 170/170/119
f 170/170/119 169/169/17 171/171/120
f 172/172/121 173/173/122 174/174/123
f 174/174/123 173/173/122 175/175/113
f 176/176/124 177/177/96 178/178/120
f 178/178/120 177/177/96 179/179/119
f 180/180/125 181/181/126 182/182/127
f 182/182/127 181/181/126 183/183/128
f 184/184/129 185/185/84 186/186/41
f 186/186/41 185/185/84 187/187/75
f 188/188/43 189/189/41 190/190/24
f 190/190/24 189/189/41 191/191/75
f 192/192/21 193/193/21 194/194/21
f 194/194/21 193/193/21 195/195/21
f 196/196/130 197/197/131 198/198/125
f 198/198/125 197/197/131 199/199/126
f 200/200/132 201/201/133 202/202/134
f 202/202/134 201/201/133 203/203/135
f 204/204/132 205/205/136 206/206/137
f 206/206/137 205/205/136 207/207/138
f 208/208/139 209/209/126 210/210/140
f 210/210/140 209/209/126 211/211/141
f 212/212/131 213/213/130 214/214/142
f 214/214/142 213/213/130 215/215/143
f 216/216/132 217/217/144 218/218/133
f 218/218/133 217/217/144 219/219/145
f 220/220/40 221/221/146 222/222/41
f 222/222/41 221/221/146 223/223/129
f 224/224/147 225/225/59 226/226/148
f 226/226/148 225/225/59 227/227/58
f 228/228/149 229/229/150 230/230/13
f 230/230/13 229/229/150 231/231/11
f 232/232/151 233/233/152 234/234/149
f 234/234/149 233/233/152 235/235/153
f 236/236/55 237/237/154 238/238/58
f 238/238/58 237/237/154 239/239/155
f 240/240/148 241/241/156 242/242/40
f 242/242/40 241/241/156 243/243/157
f 244/244/40 245/245/45 246/246/148
f 246/246/148 245/245/45 247/247/44
f 248/248/158 249/249/159 250/250/160
f 250/250/160 249/249/159 251/251/161
f 252/252/162 253/253/157 254/254/146
f 254/254/146 253/253/157 255/255/163
f 256/256/32 257/257/32 258/258/32
f 258/258/32 257/257/32 259/259/32
f 260/260/164 261/261/138 262/262/165
f 262/262/165 261/261/138 263/263/136
f 264/264/166 265/265/167 266/266/161
f 266/266/161 265/265/167 267/267/160
f 268/268/168 269/269/169 270/270/170
f 270/270/170 269/269/169 271/271/171
f 272/272/149 273/273/13 274/274/151
f 274/274/151 273/273/13 275/275/172
f 276/276/173 277/277/4 278/278/174
f 278/278/174 277/277/4 279/279/175
f 280/280/176 281/281/15 282/282/177
f 282/282/177 281/281/15 283/283/178
f 284/284/179 285/285/180 286/286/181
f 286/286/181 285/285/180 287/287/182
f 288/288/183 289/289/184 290/290/185
f 290/290/185 289/289/184 291/291/186
f 292/292/178 293/293/16 294/294/187
f 294/294/187 293/293/16 295/295/188
f 296/296/189 297/297/182 298/298/184
f 298/298/184 297/297/182 299/299/186
f 300/300/190 301/301/138 302/302/191
f 302/302/191 301/301/138 303/303/126
f 304/304/192 305/305/193 306/306/194
f 306/306/194 305/305/193 307/307/3
f 308/308/87 309/309/85 310/310/195
f 310/310/195 309/309/85 311/311/159
f 312/312/196 313/313/86 314/314/195
f 314/314/195 313/313/86 315/315/87
f 316/316/9 317/317/8 318/318/3
f 318/318/3 317/317/8 319/319/194
f 320/320/1 321/321/197 322/322/198
f 322/322/198 321/321/197 323/323/193
f 324/324/199 325/325/155 326/326/200
f 326/326/200 325/325/155 327/327/201
f 328/328/60 329/329/37 330/330/202
f 330/330/202 329/329/37 331/331/36
f 332/332/147 333/333/46 334/334/59
f 334/334/59 333/333/46 335/335/52
f 336/336/203 337/337/204 338/338/205
f 338/338/205 337/337/204 339/339/78
f 340/340/79 341/341/80 342/342/206
f 342/342/206 341/341/80 343/343/203
f 344/344/207 345/345/208 346/346/209
f 346/346/209 345/345/208 347/347/33
f 348/348/210 349/349/211 350/350/212
f 350/350/212 349/349/211 351/351/213
f 352/352/39 353/353/39 354/354/39
f 354/354/39 353/353/39 355/355/39
f 356/356/32 357/357/32 358/358/47
f 358/358/47 357/357/32 359/359/32
f 360/360/214 361/361/215 362/362/215
f 362/362/215 361/361/215 363/363/215
f 364/364/27 365/365/26 366/366/47
f 366/366/47 365/365/26 367/367/32
f 368/368/212 369/369/216 370/370/217
f 370/370/217 369/369/216 371/371/215
f 372/372/218 373/373/219 374/374/220
f 374/374/220 373/373/219 375/375/221
f 376/376/222 377/377/218 378/378/100
f 378/378/100 377/377/218 379/379/223
f 380/380/220 381/381/224 382/382/225
f 382/382/225 381/381/224 383/383/226
f 384/384/227 385/385/228 386/386/229
f 386/386/229 385/385/228 387/387/230
f 388/388/117 389/389/98 390/390/124
f 390/390/124 389/389/98 391/391/96
f 392/392/231 393/393/219 394/394/232
f 394/394/232 393/393/219 395/395/218
f 396/396/233 397/397/234 398/398/235
f 398/398/235 397/397/234 399/399/236
f 397/397/234 400/400/91 399/399/236
f 401/401/237 402/402/238 403/403/239
f 403/403/239 402/402/238 404/404/240
f 402/402/238 405/405/225 404/404/240
f 404/404/240 405/405/225 406/406/241
f 407/407/242 408/408/220 409/409/104
f 409/409/104 408/408/220 410/410/102
f 408/408/220 411/411/225 410/410/102
f 410/410/102 411/411/225 412/412/106
f 413/413/227 414/414/243 415/415/237
f 415/415/237 414/414/243 416/416/238
f 414/414/243 417/417/244 416/416/238
f 416/416/238 417/417/244 418/418/225
f 419/419/245 420/420/246 421/421/247
f 421/421/247 420/420/246 422/422/215
f 420/420/246 423/423/215 422/422/215
f 422/422/215 423/423/215 424/424/215
f 423/423/215 425/425/215 424/424/215
f 426/426/215 427/427/248 428/428/215
f 428/428/215 427/427/248 429/429/249
f 427/427/248 430/430/250 429/429/249
f 429/429/249 430/430/250 431/431/239
f 430/430/250 432/432/251 431/431/239
f 431/431/239 432/432/251 433/433/252
f 432/432/251 434/434/228 433/433/252
f 433/433/252 434/434/228 435/435/227
f 436/436/116 437/437/253 438/438/101
f 438/438/101 437/437/253 439/439/254
f 437/437/253 440/440/211 439/439/254
f 441/441/255 442/442/256 443/443/257
f 443/443/257 442/442/256 444/444/258
f 442/442/256 445/445/203 444/444/258
f 444/444/258 445/445/203 446/446/205
f 447/447/259 448/448/260 449/449/261
f 449/449/261 448/448/260 450/450/262
f 448/448/260 451/451/208 450/450/262
f 450/450/262 451/451/208 452/452/207
f 453/453/263 454/454/264 455/455/206
f 455/455/206 454/454/264 456/456/265
f 454/454/264 457/457/266 456/456/265
f 456/456/265 457/457/266 458/458/267
f 457/457/266 459/459/268 458/458/267
f 458/458/267 459/459/268 460/460/207
f 461/461/269 462/462/83 463/463/270
f 463/463/270 462/462/83 464/464/271
f 462/462/83 465/465/272 464/464/271
f 464/464/271 465/465/272 466/466/273
f 465/465/272 467/467/274 466/466/273
f 466/466/273 467/467/274 468/468/275
f 469/469/61 470/470/60 471/471/270
f 471/471/270 470/470/60 472/472/82
f 470/470/60 473/473/276 472/472/82
f 472/472/82 473/473/276 474/474/81
f 475/475/277 476/476/278 477/477/23
f 477/477/23 476/476/278 478/478/24
f 476/476/278 479/479/279 478/478/24
f 478/478/24 479/479/279 480/480/43
f 479/479/279 481/481/53 480/480/43
f 480/480/43 481/481/53 482/482/46
f 483/483/48 484/484/76 485/485/50
f 485/485/50 484/484/76 486/486/67
f 484/484/76 487/487/85 486/486/67
f 486/486/67 487/487/85 488/488/87
f 489/489/66 490/490/65 491/491/83
f 491/491/83 490/490/65 492/492/272
f 490/490/65 493/493/86 492/492/272
f 492/492/272 493/493/86 494/494/274
f 495/495/68 496/496/18 497/497/280
f 497/497/280 496/496/18 498/498/281
f 496/496/18 499/499/282 498/498/281
f 498/498/281 499/499/282 500/500/283
f 499/499/282 501/501/284 500/500/283
f 500/500/283 501/501/284 502/502/285
f 503/503/285 504/504/284 505/505/286
f 505/505/286 504/504/284 506/506/73
f 504/504/284 507/507/282 506/506/73
f 508/508/287 509/509/288 510/510/289
f 510/510/289 509/509/288 511/511/290
f 509/509/288 512/512/71 511/511/290
f 513/513/291 514/514/292 515/515/233
f 515/515/233 514/514/292 516/516/293
f 514/514/292 517/517/294 516/516/293
f 516/516/293 517/517/294 518/518/88
f 517/517/294 519/519/92 518/518/88
f 520/520/295 521/521/232 522/522/212
f 522/522/212 521/521/232 523/523/210
f 521/521/232 524/524/100 523/523/210
f 523/523/210 524/524/100 525/525/101
f 526/526/296 527/527/57 528/528/297
f 528/528/297 527/527/57 529/529/51
f 527/527/57 530/530/52 529/529/51
f 531/531/223 532/532/298 533/533/100
f 533/533/100 532/532/298 534/534/99
f 532/532/298 535/535/299 534/534/99
f 534/534/99 535/535/299 536/536/300
f 537/537/301 538/538/302 539/539/107
f 539/539/107 538/538/302 540/540/103
f 538/538/302 541/541/299 540/540/103
f 540/540/103 541/541/299 542/542/298
f 543/543/243 544/544/303 545/545/244
f 545/545/244 544/544/303 546/546/107
f 544/544/303 547/547/304 546/546/107
f 546/546/107 547/547/304 548/548/305
f 549/549/227 550/550/121 551/551/243
f 551/551/243 550/550/121 552/552/303
f 550/550/121 553/553/112 552/552/303
f 552/552/303 553/553/112 554/554/304
f 555/555/17 556/556/17 557/557/17
f 557/557/17 556/556/17 558/558/115
f 556/556/17 559/559/114 558/558/115
f 560/560/32 561/561/306 562/562/307
f 562/562/307 561/561/306 563/563/308
f 561/561/306 564/564/309 563/563/308
f 565/565/32 566/566/32 567/567/32
f 567/567/32 566/566/32 568/568/310
f 566/566/32 569/569/32 568/568/310
f 568/568/310 569/569/32 570/570/32
f 569/569/32 571/571/32 570/570/32
f 572/572/131 573/573/311 574/574/140
f 574/574/140 573/573/311 575/575/312
f 573/573/311 576/576/143 575/575/312
f 575/575/312 576/576/143 577/577/313
f 578/578/160 579/579/314 580/580/195
f 580/580/195 579/579/314 581/581/315
f 579/579/314 582/582/316 581/581/315
f 581/581/315 582/582/316 583/583/317
f 582/582/316 584/584/318 583/583/317
f 583/583/317 584/584/318 585/585/319
f 586/586/320 587/587/166 588/588/163
f 588/588/163 587/587/166 589/589/146
f 587/587/166 590/590/321 589/589/146
f 591/591/322 592/592/58 593/593/156
f 593/593/156 592/592/58 594/594/199
f 592/592/58 595/595/323 594/594/199
f 596/596/324 597/597/165 598/598/325
f 598/598/325 597/597/165 599/599/145
f 597/597/165 600/600/326 599/599/145
f 601/601/6 602/602/327 603/603/4
f 603/603/4 602/602/327 604/604/175
f 602/602/327 605/605/328 604/604/175
f 606/606/4 607/607/181 608/608/5
f 608/608/5 607/607/181 609/609/183
f 607/607/181 610/610/184 609/609/183
f 611/611/84 612/612/129 613/613/85
f 613/613/85 612/612/129 614/614/159
f 612/612/129 615/615/166 614/614/159
f 614/614/159 615/615/166 616/616/161
f 617/617/168 618/618/153 619/619/314
f 619/619/314 618/618/153 620/620/316
f 618/618/153 621/621/152 620/620/316
f 620/620/316 621/621/152 622/622/329
f 623/623/315 624/624/317 625/625/86
f 625/625/86 624/624/317 626/626/274
f 624/624/317 627/627/319 626/626/274
f 626/626/274 627/627/319 628/628/275
f 629/629/2 630/630/330 631/631/197
f 631/631/197 630/630/330 632/632/9
f 630/630/330 633/633/331 632/632/9
f 632/632/9 633/633/331 634/634/7
usemtl mat0.001
f 635/635/17 636/636/17 637/637/17
f 638/638/332 639/639/333 640/640/334
f 641/641/215 642/642/215 643/643/215
f 644/644/335 645/645/336 646/646/337
f 647/647/338 648/648/339 649/649/340
f 649/649/340 648/648/339 650/650/341
f 651/651/342 652/652/343 653/653/344
f 653/653/344 652/652/343 654/654/344
f 655/655/344 656/656/345 657/657/344
f 657/657/344 656/656/345 658/658/345
f 659/659/340 660/660/346 661/661/338
f 661/661/338 660/660/346 662/662/347
f 663/663/345 664/664/345 665/665/348
f 665/665/348 664/664/345 666/666/348
f 667/667/348 668/668/349 669/669/350
f 669/669/350 668/668/349 670/670/349
f 671/671/349 672/672/349 673/673/351
f 673/673/351 672/672/349 674/674/352
f 675/675/351 676/676/352 677/677/353
f 677/677/353 676/676/352 678/678/354
f 679/679/354 680/680/355 681/681/353
f 681/681/353 680/680/355 682/682/356
f 683/683/357 684/684/343 685/685/358
f 685/685/358 684/684/343 686/686/359
f 687/687/17 688/688/17 689/689/17
f 689/689/17 688/688/17 690/690/17
f 691/691/360 692/692/361 693/693/337
f 693/693/337 692/692/361 694/694/335
f 695/695/362 696/696/363 697/697/364
f 697/697/364 696/696/363 698/698/365
f 699/699/365 700/700/363 701/701/17
f 701/701/17 700/700/363 702/702/17
f 703/703/215 704/704/215 705/705/215
f 705/705/215 704/704/215 706/706/215
f 707/707/215 708/708/215 709/709/215
f 709/709/215 708/708/215 710/710/215
f 711/711/215 712/712/215 713/713/215
f 713/713/215 712/712/215 714/714/215
f 715/715/215 716/716/215 717/717/215
f 717/717/215 716/716/215 718/718/215
f 719/719/215 720/720/215 721/721/215
f 721/721/215 720/720/215 722/722/215
f 723/723/366 724/724/367 725/725/368
f 725/725/368 724/724/367 726/726/369
f 727/727/368 728/728/369 729/729/370
f 729/729/370 728/728/369 730/730/371
f 731/731/215 732/732/215 733/733/215
f 733/733/215 732/732/215 734/734/215
f 735/735/32 736/736/32 737/737/32
f 737/737/32 736/736/32 738/738/32
f 739/739/17 740/740/17 741/741/17
f 741/741/17 740/740/17 742/742/17
f 743/743/17 744/744/17 745/745/17
f 745/745/17 744/744/17 746/746/17
f 747/747/215 748/748/215 749/749/215
f 749/749/215 748/748/215 750/750/215
f 751/751/215 752/752/215 753/753/215
f 753/753/215 752/752/215 754/754/215
f 755/755/372 756/756/373 757/757/374
f 757/757/374 756/756/373 758/758/375
f 759/759/215 760/760/215 761/761/215
f 761/761/215 760/760/215 762/762/215
f 763/763/376 764/764/376 765/765/376
f 765/765/376 764/764/376 766/766/377
f 767/767/378 768/768/379 769/769/379
f 769/769/379 768/768/379 770/770/380
f 771/771/32 772/772/32 773/773/32
f 773/773/32 772/772/32 774/774/32
f 775/775/381 776/776/382 777/777/383
f 777/777/383 776/776/382 778/778/384
f 779/779/385 780/780/386 781/781/386
f 781/781/386 780/780/386 782/782/387
f 783/783/32 784/784/32 785/785/32
f 785/785/32 784/784/32 786/786/32
f 787/787/373 788/788/388 789/789/389
f 789/789/389 788/788/388 790/790/390
f 791/791/391 792/792/376 793/793/392
f 793/793/392 792/792/376 794/794/376
f 795/795/393 796/796/394 797/797/394
f 797/797/394 796/796/394 798/798/395
f 799/799/376 800/800/396 801/801/397
f 801/801/397 800/800/396 802/802/398
f 803/803/399 804/804/374 805/805/400
f 805/805/400 804/804/374 806/806/373
f 807/807/32 808/808/32 809/809/401
f 809/809/401 808/808/32 810/810/32
f 811/811/402 812/812/403 813/813/404
f 813/813/404 812/812/403 814/814/405
f 815/815/17 816/816/406 817/817/17
f 817/817/17 816/816/406 818/818/407
f 819/819/408 820/820/409 821/821/410
f 821/821/410 820/820/409 822/822/411
f 823/823/412 824/824/413 825/825/402
f 825/825/402 824/824/413 826/826/403
f 827/827/414 828/828/415 829/829/416
f 829/829/416 828/828/415 830/830/417
f 828/828/415 831/831/418 830/830/417
f 830/830/417 831/831/418 832/832/419
f 833/833/420 834/834/402 835/835/421
f 835/835/421 834/834/402 836/836/422
f 834/834/402 837/837/404 836/836/422
f 836/836/422 837/837/404 838/838/423
f 839/839/424 840/840/425 841/841/426
f 841/841/426 840/840/425 842/842/427
f 840/840/425 843/843/428 842/842/427
f 842/842/427 843/843/428 844/844/429
f 845/845/426 846/846/430 847/847/431
f 847/847/431 846/846/430 848/848/432
f 846/846/430 849/849/429 848/848/432
f 848/848/432 849/849/429 850/850/433
f 851/851/431 852/852/434 853/853/435
f 853/853/435 852/852/434 854/854/436
f 852/852/434 855/855/433 854/854/436
f 854/854/436 855/855/433 856/856/437
f 857/857/435 858/858/436 859/859/438
f 859/859/438 858/858/436 860/860/439
f 858/858/436 861/861/437 860/860/439
f 860/860/439 861/861/437 862/862/440
f 863/863/438 864/864/441 865/865/414
f 865/865/414 864/864/441 866/866/415
f 864/864/441 867/867/440 866/866/415
f 866/866/415 867/867/440 868/868/418
f 869/869/442 870/870/340 871/871/443
f 871/871/443 870/870/340 872/872/403
f 870/870/340 873/873/444 872/872/403
f 872/872/403 873/873/444 874/874/405
f 875/875/416 876/876/417 877/877/445
f 877/877/445 876/876/417 878/878/446
f 876/876/417 879/879/447 878/878/446
f 878/878/446 879/879/447 880/880/371
f 881/881/360 882/882/17 883/883/361
f 883/883/361 882/882/17 884/884/17
f 882/882/17 885/885/17 884/884/17
f 884/884/17 885/885/17 886/886/17
f 885/885/17 887/887/17 886/886/17
f 886/886/17 887/887/17 888/888/17
f 889/889/215 890/890/215 891/891/215
f 891/891/215 890/890/215 892/892/215
f 890/890/215 893/893/215 892/892/215
f 892/892/215 893/893/215 894/894/215
f 895/895/215 896/896/215 897/897/215
f 897/897/215 896/896/215 898/898/215
f 896/896/215 899/899/215 898/898/215
f 898/898/215 899/899/215 900/900/215
f 901/901/406 902/902/448 903/903/407
f 903/903/407 902/902/448 904/904/449
f 902/902/448 905/905/450 904/904/449
f 906/906/451 907/907/451 908/908/451
f 908/908/451 907/907/451 909/909/451
f 907/907/451 910/910/451 909/909/451
f 909/909/451 910/910/451 911/911/451
f 912/912/116 913/913/116 914/914/116
f 914/914/116 913/913/116 915/915/116
f 913/913/116 916/916/116 915/915/116
f 915/915/116 916/916/116 917/917/116
usemtl mat0.002
f 918/918/452 919/919/453 920/920/454
f 921/921/455 922/922/456 923/923/457
f 924/924/458 925/925/458 926/926/459
f 926/926/459 925/925/458 927/927/459
f 928/928/459 929/929/460 930/930/459
f 930/930/459 929/929/460 931/931/461
f 932/932/462 933/933/463 934/934/464
f 934/934/464 933/933/463 935/935/465
f 936/936/466 937/937/458 938/938/466
f 938/938/466 937/937/458 939/939/458
f 940/940/467 941/941/468 942/942/469
f 942/942/469 941/941/468 943/943/470
f 944/944/471 945/945/472 946/946/473
f 946/946/473 945/945/472 947/947/474
f 948/948/215 949/949/215 950/950/215
f 950/950/215 949/949/215 951/951/215
f 952/952/475 953/953/475 954/954/476
f 954/954/476 953/953/475 955/955/466
f 956/956/477 957/957/478 958/958/215
f 958/958/215 957/957/478 959/959/215
f 960/960/215 961/961/479 962/962/215
f 962/962/215 961/961/479 963/963/480
f 964/964/17 965/965/17 966/966/17
f 966/966/17 965/965/17 967/967/17
f 968/968/17 969/969/17 970/970/17
f 970/970/17 969/969/17 971/971/17
f 972/972/17 973/973/17 974/974/17
f 974/974/17 973/973/17 975/975/17
f 976/976/17 977/977/17 978/978/17
f 978/978/17 977/977/17 979/979/17
f 980/980/17 981/981/17 982/982/17
f 982/982/17 981/981/17 983/983/17
f 984/984/481 985/985/482 986/986/215
f 986/986/215 985/985/482 987/987/215
f 988/988/452 989/989/454 990/990/481
f 990/990/481 989/989/454 991/991/482
f 992/992/480 993/993/479 994/994/483
f 994/994/483 993/993/479 995/995/484
f 996/996/456 997/997/485 998/998/486
f 998/998/486 997/997/485 999/999/487
f 1000/1000/17 1001/1001/17 1002/1002/17
f 1002/1002/17 1001/1001/17 1003/1003/17
f 1004/1004/451 1005/1005/451 1006/1006/451
f 1006/1006/451 1005/1005/451 1007/1007/451
f 1008/1008/32 1009/1009/32 1010/1010/32
f 1010/1010/32 1009/1009/32 1011/1011/32
f 1012/1012/116 1013/1013/116 1014/1014/116
f 1014/1014/116 1013/1013/116 1015/1015/116
f 1016/1016/215 1017/1017/215 1018/1018/215
f 1018/1018/215 1017/1017/215 1019/1019/215
f 1020/1020/17 1021/1021/17 1022/1022/17
f 1022/1022/17 1021/1021/17 1023/1023/17
f 1024/1024/451 1025/1025/451 1026/1026/451
f 1026/1026/451 1025/1025/451 1027/1027/451
f 1028/1028/116 1029/1029/116 1030/1030/116
f 1030/1030/116 1029/1029/116 1031/1031/116
f 1032/1032/488 1033/1033/489 1034/1034/490
f 1034/1034/490 1033/1033/489 1035/1035/491
f 1036/1036/17 1037/1037/17 1038/1038/17
f 1038/1038/17 1037/1037/17 1039/1039/17
f 1040/1040/492 1041/1041/493 1042/1042/493
f 1042/1042/493 1041/1041/493 1043/1043/494
f 1044/1044/495 1045/1045/496 1046/1046/497
f 1046/1046/497 1045/1045/496 1047/1047/498
f 1048/1048/499 1049/1049/500 1050/1050/500
f 1050/1050/500 1049/1049/500 1051/1051/501
f 1052/1052/502 1053/1053/491 1054/1054/503
f 1054/1054/503 1053/1053/491 1055/1055/489
f 1056/1056/376 1057/1057/376 1058/1058/504
f 1058/1058/504 1057/1057/376 1059/1059/505
f 1060/1060/506 1061/1061/507 1062/1062/507
f 1062/1062/507 1061/1061/507 1063/1063/508
f 1064/1064/489 1065/1065/509 1066/1066/510
f 1066/1066/510 1065/1065/509 1067/1067/511
f 1068/1068/32 1069/1069/32 1070/1070/401
f 1070/1070/401 1069/1069/32 1071/1071/32
f 1072/1072/17 1073/1073/17 1074/1074/17
f 1074/1074/17 1073/1073/17 1075/1075/17
f 1076/1076/464 1077/1077/512 1078/1078/513
f 1078/1078/513 1077/1077/512 1079/1079/514
f 1080/1080/215 1081/1081/215 1082/1082/215
f 1082/1082/215 1081/1081/215 1083/1083/215
f 1081/1081/215 1084/1084/215 1083/1083/215
f 1083/1083/215 1084/1084/215 1085/1085/215
f 1086/1086/515 1087/1087/516 1088/1088/517
f 1088/1088/517 1087/1087/516 1089/1089/512
f 1087/1087/516 1090/1090/518 1089/1089/512
f 1089/1089/512 1090/1090/518 1091/1091/514
f 1092/1092/519 1093/1093/520 1094/1094/521
f 1094/1094/521 1093/1093/520 1095/1095/522
f 1093/1093/520 1096/1096/523 1095/1095/522
f 1095/1095/522 1096/1096/523 1097/1097/524
f 1096/1096/523 1098/1098/525 1097/1097/524
f 1097/1097/524 1098/1098/525 1099/1099/526
f 1098/1098/525 1100/1100/527 1099/1099/526
f 1099/1099/526 1100/1100/527 1101/1101/528
f 1100/1100/527 1102/1102/529 1101/1101/528
f 1101/1101/528 1102/1102/529 1103/1103/530
f 1102/1102/529 1104/1104/531 1103/1103/530
f 1103/1103/530 1104/1104/531 1105/1105/532
f 1104/1104/531 1106/1106/533 1105/1105/532
f 1105/1105/532 1106/1106/533 1107/1107/534
f 1106/1106/533 1108/1108/516 1107/1107/534
f 1107/1107/534 1108/1108/516 1109/1109/535
f 1110/1110/536 1111/1111/537 1112/1112/538
f 1112/1112/538 1111/1111/537 1113/1113/519
f 1111/1111/537 1114/1114/539 1113/1113/519
f 1113/1113/519 1114/1114/539 1115/1115/540
f 1116/1116/540 1117/1117/541 1118/1118/542
f 1118/1118/542 1117/1117/541 1119/1119/520
f 1117/1117/541 1120/1120/543 1119/1119/520
f 1119/1119/520 1120/1120/543 1121/1121/523
f 1120/1120/543 1122/1122/544 1121/1121/523
f 1121/1121/523 1122/1122/544 1123/1123/545
f 1122/1122/544 1124/1124/546 1123/1123/545
f 1123/1123/545 1124/1124/546 1125/1125/527
f 1124/1124/546 1126/1126/547 1125/1125/527
f 1125/1125/527 1126/1126/547 1127/1127/548
f 1126/1126/547 1128/1128/549 1127/1127/548
f 1127/1127/548 1128/1128/549 1129/1129/531
f 1128/1128/549 1130/1130/550 1129/1129/531
f 1129/1129/531 1130/1130/550 1131/1131/533
f 1130/1130/550 1132/1132/518 1131/1131/533
f 1131/1131/533 1132/1132/518 1133/1133/516
f 1134/1134/475 1135/1135/551 1136/1136/475
f 1136/1136/475 1135/1135/551 1137/1137/552
f 1135/1135/551 1138/1138/469 1137/1137/552
f 1137/1137/552 1138/1138/469 1139/1139/470
f 1140/1140/512 1141/1141/464 1142/1142/553
f 1142/1142/553 1141/1141/464 1143/1143/554
f 1141/1141/464 1144/1144/465 1143/1143/554
f 1143/1143/554 1144/1144/465 1145/1145/555
f 1146/1146/477 1147/1147/556 1148/1148/478
f 1148/1148/478 1147/1147/556 1149/1149/557
f 1147/1147/556 1150/1150/558 1149/1149/557
f 1151/1151/17 1152/1152/17 1153/1153/17
f 1153/1153/17 1152/1152/17 1154/1154/17
f 1152/1152/17 1155/1155/17 1154/1154/17
f 1154/1154/17 1155/1155/17 1156/1156/17
f 1155/1155/17 1157/1157/17 1156/1156/17
f 1156/1156/17 1157/1157/17 1158/1158/17
f 1159/1159/215 1160/1160/215 1161/1161/215
f 1161/1161/215 1160/1160/215 1162/1162/215
f 1160/1160/215 1163/1163/215 1162/1162/215
f 1164/1164/17 1165/1165/17 1166/1166/17
f 1166/1166/17 1165/1165/17 1167/1167/17
f 1165/1165/17 1168/1168/17 1167/1167/17
f 1169/1169/376 1170/1170/376 1171/1171/376
f 1171/1171/376 1170/1170/376 1172/1172/559
f 1170/1170/376 1173/1173/560 1172/1172/559
f 1172/1172/559 1173/1173/560 1174/1174/561
f 1175/1175/32 1176/1176/32 1177/1177/32
f 1177/1177/32 1176/1176/32 1178/1178/32
f 1176/1176/32 1179/1179/32 1178/1178/32
f 1178/1178/32 1179/1179/32 1180/1180/32
usemtl mat0.003
f 1181/1181/562 1182/1182/563 1183/1183/564
f 1184/1184/565 1185/1185/566 1186/1186/567
f 1187/1187/568 1188/1188/569 1189/1189/570
f 1190/1190/571 1191/1191/572 1192/1192/573
f 1193/1193/574 1194/1194/575 1195/1195/576
f 1196/1196/577 1197/1197/578 1198/1198/579
f 1199/1199/580 1200/1200/581 1201/1201/582
f 1202/1202/583 1203/1203/584 1204/1204/585
f 1205/1205/586 1206/1206/586 1207/1207/586
f 1208/1208/587 1209/1209/588 1210/1210/589
f 1211/1211/590 1212/1212/591 1213/1213/592
f 1214/1214/593 1215/1215/594 1216/1216/595
f 1217/1217/596 1218/1218/597 1219/1219/581
f 1220/1220/598 1221/1221/599 1222/1222/583
f 1223/1223/578 1224/1224/587 1225/1225/600
f 1226/1226/601 1227/1227/602 1228/1228/603
f 1229/1229/604 1230/1230/605 1231/1231/606
f 1232/1232/607 1233/1233/608 1234/1234/609
f 1235/1235/610 1236/1236/611 1237/1237/612
f 1237/1237/612 1236/1236/611 1238/1238/613
f 1239/1239/614 1240/1240/615 1241/1241/598
f 1241/1241/598 1240/1240/615 1242/1242/599
f 1243/1243/614 1244/1244/616 1245/1245/615
f 1245/1245/615 1244/1244/616 1246/1246/569
f 1247/1247/617 1248/1248/618 1249/1249/616
f 1249/1249/616 1248/1248/618 1250/1250/569
f 1251/1251/619 1252/1252/583 1253/1253/620
f 1253/1253/620 1252/1252/583 1254/1254/621
f 1255/1255/622 1256/1256/584 1257/1257/599
f 1257/1257/599 1256/1256/584 1258/1258/583
f 1259/1259/599 1260/1260/615 1261/1261/623
f 1261/1261/623 1260/1260/615 1262/1262/569
f 1263/1263/624 1264/1264/625 1265/1265/626
f 1265/1265/626 1264/1264/625 1266/1266/627
f 1267/1267/628 1268/1268/629 1269/1269/630
f 1269/1269/630 1268/1268/629 1270/1270/631
f 1271/1271/632 1272/1272/633 1273/1273/629
f 1273/1273/629 1272/1272/633 1274/1274/631
f 1275/1275/634 1276/1276/635 1277/1277/634
f 1277/1277/634 1276/1276/635 1278/1278/636
f 1279/1279/585 1280/1280/584 1281/1281/637
f 1281/1281/637 1280/1280/584 1282/1282/622
f 1283/1283/638 1284/1284/639 1285/1285/640
f 1285/1285/640 1284/1284/639 1286/1286/641
f 1287/1287/642 1288/1288/596 1289/1289/643
f 1289/1289/643 1288/1288/596 1290/1290/644
f 1291/1291/645 1292/1292/646 1293/1293/577
f 1293/1293/577 1292/1292/646 1294/1294/647
f 1295/1295/590 1296/1296/592 1297/1297/648
f 1297/1297/648 1296/1296/592 1298/1298/649
f 1299/1299/650 1300/1300/600 1301/1301/651
f 1301/1301/651 1300/1300/600 1302/1302/652
f 1303/1303/653 1304/1304/654 1305/1305/655
f 1305/1305/655 1304/1304/654 1306/1306/656
f 1307/1307/657 1308/1308/658 1309/1309/659
f 1309/1309/659 1308/1308/658 1310/1310/660
f 1311/1311/661 1312/1312/658 1313/1313/662
f 1313/1313/662 1312/1312/658 1314/1314/663
f 1315/1315/664 1316/1316/665 1317/1317/666
f 1317/1317/666 1316/1316/665 1318/1318/667
f 1319/1319/666 1320/1320/667 1321/1321/668
f 1321/1321/668 1320/1320/667 1322/1322/669
f 1323/1323/670 1324/1324/669 1325/1325/671
f 1325/1325/671 1324/1324/669 1326/1326/672
f 1327/1327/673 1328/1328/674 1329/1329/675
f 1329/1329/675 1328/1328/674 1330/1330/676
f 1331/1331/677 1332/1332/587 1333/1333/577
f 1333/1333/577 1332/1332/587 1334/1334/578
f 1335/1335/678 1336/1336/646 1337/1337/594
f 1337/1337/594 1336/1336/646 1338/1338/645
f 1339/1339/594 1340/1340/593 1341/1341/678
f 1341/1341/678 1340/1340/593 1342/1342/679
f 1343/1343/680 1344/1344/681 1345/1345/682
f 1345/1345/682 1344/1344/681 1346/1346/683
f 1347/1347/684 1348/1348/685 1349/1349/684
f 1349/1349/684 1348/1348/685 1350/1350/686
f 1351/1351/687 1352/1352/688 1353/1353/689
f 1353/1353/689 1352/1352/688 1354/1354/690
f 1355/1355/688 1356/1356/691 1357/1357/675
f 1357/1357/675 1356/1356/691 1358/1358/673
f 1359/1359/574 1360/1360/576 1361/1361/692
f 1361/1361/692 1360/1360/576 1362/1362/693
f 1363/1363/694 1364/1364/695 1365/1365/696
f 1365/1365/696 1364/1364/695 1366/1366/697
f 1367/1367/610 1368/1368/698 1369/1369/699
f 1369/1369/699 1368/1368/698 1370/1370/605
f 1371/1371/700 1372/1372/701 1373/1373/611
f 1373/1373/611 1372/1372/701 1374/1374/613
f 1375/1375/702 1376/1376/703 1377/1377/704
f 1377/1377/704 1376/1376/703 1378/1378/705
f 1379/1379/706 1380/1380/707 1381/1381/696
f 1381/1381/696 1380/1380/707 1382/1382/694
f 1383/1383/708 1384/1384/709 1385/1385/710
f 1385/1385/710 1384/1384/709 1386/1386/711
f 1387/1387/712 1388/1388/709 1389/1389/713
f 1389/1389/713 1388/1388/709 1390/1390/708
f 1391/1391/714 1392/1392/715 1393/1393/716
f 1393/1393/716 1392/1392/715 1394/1394/717
f 1395/1395/718 1396/1396/719 1397/1397/719
f 1397/1397/719 1396/1396/719 1398/1398/720
f 1399/1399/721 1400/1400/722 1401/1401/722
f 1401/1401/722 1400/1400/722 1402/1402/723
f 1403/1403/724 1404/1404/725 1405/1405/725
f 1405/1405/725 1404/1404/725 1406/1406/724
f 1407/1407/726 1408/1408/727 1409/1409/727
f 1409/1409/727 1408/1408/727 1410/1410/728
f 1411/1411/729 1412/1412/729 1413/1413/729
f 1413/1413/729 1412/1412/729 1414/1414/729
f 1415/1415/730 1416/1416/731 1417/1417/731
f 1417/1417/731 1416/1416/731 1418/1418/732
f 1419/1419/733 1420/1420/734 1421/1421/734
f 1421/1421/734 1420/1420/734 1422/1422/735
f 1423/1423/736 1424/1424/737 1425/1425/737
f 1425/1425/737 1424/1424/737 1426/1426/738
f 1427/1427/739 1428/1428/740 1429/1429/740
f 1429/1429/740 1428/1428/740 1430/1430/741
f 1431/1431/742 1432/1432/743 1433/1433/744
f 1433/1433/744 1432/1432/743 1434/1434/745
f 1435/1435/746 1436/1436/747 1437/1437/748
f 1437/1437/748 1436/1436/747 1438/1438/749
f 1439/1439/750 1440/1440/751 1441/1441/746
f 1441/1441/746 1440/1440/751 1442/1442/747
f 1443/1443/752 1444/1444/753 1445/1445/754
f 1445/1445/754 1444/1444/753 1446/1446/755
f 1447/1447/756 1448/1448/757 1449/1449/758
f 1449/1449/758 1448/1448/757 1450/1450/759
f 1451/1451/760 1452/1452/761 1453/1453/656
f 1453/1453/656 1452/1452/761 1454/1454/762
f 1455/1455/563 1456/1456/562 1457/1457/763
f 1457/1457/763 1456/1456/562 1458/1458/751
f 1459/1459/759 1460/1460/764 1461/1461/765
f 1461/1461/765 1460/1460/764 1462/1462/766
f 1463/1463/767 1464/1464/768 1465/1465/769
f 1465/1465/769 1464/1464/768 1466/1466/770
f 1467/1467/771 1468/1468/772 1469/1469/772
f 1469/1469/772 1468/1468/772 1470/1470/773
f 1471/1471/774 1472/1472/775 1473/1473/776
f 1473/1473/776 1472/1472/775 1474/1474/777
f 1475/1475/778 1476/1476/779 1477/1477/780
f 1477/1477/780 1476/1476/779 1478/1478/781
f 1479/1479/572 1480/1480/782 1481/1481/573
f 1481/1481/573 1480/1480/782 1482/1482/782
f 1483/1483/783 1484/1484/784 1485/1485/785
f 1485/1485/785 1484/1484/784 1486/1486/786
f 1487/1487/782 1488/1488/782 1489/1489/787
f 1489/1489/787 1488/1488/782 1490/1490/787
f 1491/1491/788 1492/1492/784 1493/1493/789
f 1493/1493/789 1492/1492/784 1494/1494/790
f 1495/1495/780 1496/1496/781 1497/1497/789
f 1497/1497/789 1496/1496/781 1498/1498/788
f 1499/1499/791 1500/1500/567 1501/1501/775
f 1501/1501/775 1500/1500/567 1502/1502/777
f 1503/1503/792 1504/1504/793 1505/1505/652
f 1505/1505/652 1504/1504/793 1506/1506/651
f 1507/1507/605 1508/1508/794 1509/1509/570
f 1509/1509/570 1508/1508/794 1510/1510/795
f 1511/1511/796 1512/1512/797 1513/1513/798
f 1513/1513/798 1512/1512/797 1514/1514/799
f 1515/1515/800 1516/1516/801 1517/1517/700
f 1517/1517/700 1516/1516/801 1518/1518/802
f 1519/1519/621 1520/1520/803 1521/1521/804
f 1521/1521/804 1520/1520/803 1522/1522/805
f 1523/1523/806 1524/1524/807 1525/1525/808
f 1525/1525/808 1524/1524/807 1526/1526/804
f 1527/1527/630 1528/1528/799 1529/1529/809
f 1529/1529/809 1528/1528/799 1530/1530/810
f 1531/1531/625 1532/1532/624 1533/1533/811
f 1533/1533/811 1532/1532/624 1534/1534/812
f 1535/1535/813 1536/1536/814 1537/1537/640
f 1537/1537/640 1536/1536/814 1538/1538/815
f 1539/1539/631 1540/1540/603 1541/1541/816
f 1541/1541/816 1540/1540/603 1542/1542/817
f 1543/1543/809 1544/1544/818 1545/1545/798
f 1545/1545/798 1544/1544/818 1546/1546/628
f 1547/1547/623 1548/1548/569 1549/1549/819
f 1549/1549/819 1548/1548/569 1550/1550/795
f 1551/1551/640 1552/1552/820 1553/1553/638
f 1553/1553/638 1552/1552/820 1554/1554/809
f 1555/1555/628 1556/1556/818 1557/1557/815
f 1557/1557/815 1556/1556/818 1558/1558/640
f 1559/1559/821 1560/1560/822 1561/1561/823
f 1561/1561/823 1560/1560/822 1562/1562/824
f 1563/1563/795 1564/1564/825 1565/1565/636
f 1565/1565/636 1564/1564/825 1566/1566/826
f 1567/1567/636 1568/1568/635 1569/1569/568
f 1569/1569/568 1568/1568/635 1570/1570/827
f 1571/1571/828 1572/1572/695 1573/1573/829
f 1573/1573/829 1572/1572/695 1574/1574/830
f 1575/1575/829 1576/1576/830 1577/1577/831
f 1577/1577/831 1576/1576/830 1578/1578/832
f 1579/1579/833 1580/1580/604 1581/1581/834
f 1581/1581/834 1580/1580/604 1582/1582/612
f 1583/1583/631 1584/1584/633 1585/1585/835
f 1585/1585/835 1584/1584/633 1586/1586/836
f 1584/1584/633 1587/1587/837 1586/1586/836
f 1586/1586/836 1587/1587/837 1588/1588/838
f 1589/1589/833 1590/1590/834 1591/1591/824
f 1591/1591/824 1590/1590/834 1592/1592/613
f 1590/1590/834 1593/1593/612 1592/1592/613
f 1594/1594/635 1595/1595/622 1596/1596/819
f 1596/1596/819 1595/1595/622 1597/1597/623
f 1595/1595/622 1598/1598/599 1597/1597/623
f 1599/1599/839 1600/1600/840 1601/1601/701
f 1601/1601/701 1600/1600/840 1602/1602/613
f 1600/1600/840 1603/1603/824 1602/1602/613
f 1604/1604/628 1605/1605/815 1606/1606/629
f 1606/1606/629 1605/1605/815 1607/1607/632
f 1605/1605/815 1608/1608/814 1607/1607/632
f 1607/1607/632 1608/1608/814 1609/1609/838
f 1610/1610/639 1611/1611/638 1612/1612/625
f 1612/1612/625 1611/1611/638 1613/1613/627
f 1611/1611/638 1614/1614/809 1613/1613/627
f 1613/1613/627 1614/1614/809 1615/1615/810
f 1616/1616/835 1617/1617/602 1618/1618/841
f 1618/1618/841 1617/1617/602 1619/1619/801
f 1617/1617/602 1620/1620/842 1619/1619/801
f 1619/1619/801 1620/1620/842 1621/1621/802
f 1622/1622/811 1623/1623/843 1624/1624/807
f 1624/1624/807 1623/1623/843 1625/1625/804
f 1623/1623/843 1626/1626/620 1625/1625/804
f 1625/1625/804 1626/1626/620 1627/1627/844
f 1628/1628/796 1629/1629/816 1630/1630/797
f 1630/1630/797 1629/1629/816 1631/1631/845
f 1629/1629/816 1632/1632/846 1631/1631/845
f 1631/1631/845 1632/1632/846 1633/1633/570
f 1632/1632/846 1634/1634/605 1633/1633/570
f 1635/1635/611 1636/1636/610 1637/1637/801
f 1637/1637/801 1636/1636/610 1638/1638/817
f 1636/1636/610 1639/1639/846 1638/1638/817
f 1638/1638/817 1639/1639/846 1640/1640/816
f 1641/1641/845 1642/1642/616 1643/1643/797
f 1643/1643/797 1642/1642/616 1644/1644/799
f 1642/1642/616 1645/1645/614 1644/1644/799
f 1644/1644/799 1645/1645/614 1646/1646/626
f 1645/1645/614 1647/1647/847 1646/1646/626
f 1646/1646/626 1647/1647/847 1648/1648/624
f 1647/1647/847 1649/1649/620 1648/1648/624
f 1648/1648/624 1649/1649/620 1650/1650/812
f 1651/1651/848 1652/1652/849 1653/1653/794
f 1653/1653/794 1652/1652/849 1654/1654/609
f 1652/1652/849 1655/1655/833 1654/1654/609
f 1654/1654/609 1655/1655/833 1656/1656/850
f 1657/1657/683 1658/1658/681 1659/1659/685
f 1659/1659/685 1658/1658/681 1660/1660/580
f 1658/1658/681 1661/1661/851 1660/1660/580
f 1660/1660/580 1661/1661/851 1662/1662/581
f 1663/1663/580 1664/1664/852 1665/1665/685
f 1665/1665/685 1664/1664/852 1666/1666/686
f 1664/1664/852 1667/1667/687 1666/1666/686
f 1666/1666/686 1667/1667/687 1668/1668/689
f 1669/1669/703 1670/1670/853 1671/1671/705
f 1671/1671/705 1670/1670/853 1672/1672/854
f 1670/1670/853 1673/1673/855 1672/1672/854
f 1672/1672/854 1673/1673/855 1674/1674/856
f 1675/1675/857 1676/1676/858 1677/1677/859
f 1677/1677/859 1676/1676/858 1678/1678/860
f 1676/1676/858 1679/1679/861 1678/1678/860
f 1678/1678/860 1679/1679/861 1680/1680/862
f 1679/1679/861 1681/1681/863 1680/1680/862
f 1680/1680/862 1681/1681/863 1682/1682/864
f 1681/1681/863 1683/1683/865 1682/1682/864
f 1682/1682/864 1683/1683/865 1684/1684/866
f 1685/1685/752 1686/1686/867 1687/1687/868
f 1687/1687/868 1686/1686/867 1688/1688/869
f 1686/1686/867 1689/1689/870 1688/1688/869
f 1688/1688/869 1689/1689/870 1690/1690/564
f 1691/1691/871 1692/1692/872 1693/1693/873
f 1693/1693/873 1692/1692/872 1694/1694/874
f 1692/1692/872 1695/1695/707 1694/1694/874
f 1694/1694/874 1695/1695/707 1696/1696/875
f 1697/1697/876 1698/1698/877 1699/1699/573
f 1699/1699/573 1698/1698/877 1700/1700/571
f 1698/1698/877 1701/1701/878 1700/1700/571
f 1700/1700/571 1701/1701/878 1702/1702/879
f 1703/1703/880 1704/1704/881 1705/1705/882
f 1705/1705/882 1704/1704/881 1706/1706/767
f 1704/1704/881 1707/1707/883 1706/1706/767
f 1708/1708/884 1709/1709/885 1710/1710/886
f 1710/1710/886 1709/1709/885 1711/1711/887
f 1709/1709/885 1712/1712/787 1711/1711/887
f 1711/1711/887 1712/1712/787 1713/1713/787
f 1714/1714/888 1715/1715/889 1716/1716/656
f 1716/1716/656 1715/1715/889 1717/1717/655
f 1715/1715/889 1718/1718/562 1717/1717/655
usemtl mat0.004
f 1719/1719/890 1720/1720/891 1721/1721/892
f 1722/1722/893 1723/1723/894 1724/1724/895
f 1725/1725/896 1726/1726/897 1727/1727/898
f 1728/1728/899 1729/1729/899 1730/1730/899
f 1731/1731/900 1732/1732/901 1733/1733/902
f 1734/1734/903 1735/1735/904 1736/1736/905
f 1737/1737/906 1738/1738/907 1739/1739/908
f 1740/1740/909 1741/1741/910 1742/1742/911
f 1743/1743/912 1744/1744/913 1745/1745/914
f 1746/1746/915 1747/1747/916 1748/1748/917
f 1748/1748/917 1747/1747/916 1749/1749/918
f 1750/1750/919 1751/1751/920 1752/1752/921
f 1752/1752/921 1751/1751/920 1753/1753/922
f 1754/1754/917 1755/1755/923 1756/1756/924
f 1756/1756/924 1755/1755/923 1757/1757/925
f 1758/1758/926 1759/1759/927 1760/1760/928
f 1760/1760/928 1759/1759/927 1761/1761/929
f 1762/1762/915 1763/1763/925 1764/1764/930
f 1764/1764/930 1763/1763/925 1765/1765/931
f 1766/1766/932 1767/1767/916 1768/1768/930
f 1768/1768/930 1767/1767/916 1769/1769/915
f 1770/1770/933 1771/1771/934 1772/1772/932
f 1772/1772/932 1771/1771/934 1773/1773/916
f 1774/1774/919 1775/1775/921 1776/1776/935
f 1776/1776/935 1775/1775/921 1777/1777/936
f 1778/1778/911 1779/1779/937 1780/1780/938
f 1780/1780/938 1779/1779/937 1781/1781/928
f 1782/1782/939 1783/1783/930 1784/1784/900
f 1784/1784/900 1783/1783/930 1785/1785/940
f 1786/1786/941 1787/1787/908 1788/1788/902
f 1788/1788/902 1787/1787/908 1789/1789/900
f 1790/1790/942 1791/1791/918 1792/1792/943
f 1792/1792/943 1791/1791/918 1793/1793/916
f 1794/1794/944 1795/1795/945 1796/1796/946
f 1796/1796/946 1795/1795/945 1797/1797/947
f 1798/1798/947 1799/1799/948 1800/1800/949
f 1800/1800/949 1799/1799/948 1801/1801/950
f 1802/1802/951 1803/1803/952 1804/1804/953
f 1804/1804/953 1803/1803/952 1805/1805/953
f 1806/1806/941 1807/1807/902 1808/1808/954
f 1808/1808/954 1807/1807/902 1809/1809/901
f 1810/1810/955 1811/1811/927 1812/1812/956
f 1812/1812/956 1811/1811/927 1813/1813/926
f 1814/1814/957 1815/1815/958 1816/1816/959
f 1816/1816/959 1815/1815/958 1817/1817/960
f 1818/1818/961 1819/1819/903 1820/1820/962
f 1820/1820/962 1819/1819/903 1821/1821/963
f 1822/1822/964 1823/1823/965 1824/1824/966
f 1824/1824/966 1823/1823/965 1825/1825/967
f 1826/1826/968 1827/1827/969 1828/1828/970
f 1828/1828/970 1827/1827/969 1829/1829/971
f 1830/1830/972 1831/1831/973 1832/1832/974
f 1832/1832/974 1831/1831/973 1833/1833/975
f 1834/1834/976 1835/1835/977 1836/1836/978
f 1836/1836/978 1835/1835/977 1837/1837/979
f 1838/1838/966 1839/1839/980 1840/1840/964
f 1840/1840/964 1839/1839/980 1841/1841/981
f 1842/1842/982 1843/1843/983 1844/1844/966
f 1844/1844/966 1843/1843/983 1845/1845/980
f 1846/1846/967 1847/1847/965 1848/1848/984
f 1848/1848/984 1847/1847/965 1849/1849/985
f 1850/1850/894 1851/1851/986 1852/1852/987
f 1852/1852/987 1851/1851/986 1853/1853/987
f 1854/1854/893 1855/1855/895 1856/1856/988
f 1856/1856/988 1855/1855/895 1857/1857/989
f 1858/1858/988 1859/1859/977 1860/1860/990
f 1860/1860/990 1859/1859/977 1861/1861/976
f 1862/1862/991 1863/1863/992 1864/1864/993
f 1864/1864/993 1863/1863/992 1865/1865/994
f 1866/1866/995 1867/1867/996 1868/1868/997
f 1868/1868/997 1867/1867/996 1869/1869/998
f 1870/1870/994 1871/1871/999 1872/1872/993
f 1872/1872/993 1871/1871/999 1873/1873/1000
f 1874/1874/996 1875/1875/995 1876/1876/1001
f 1876/1876/1001 1875/1875/995 1877/1877/1002
f 1878/1878/1003 1879/1879/1004 1880/1880/1005
f 1880/1880/1005 1879/1879/1004 1881/1881/1006
f 1882/1882/1007 1883/1883/1008 1884/1884/1009
f 1884/1884/1009 1883/1883/1008 1885/1885/1010
f 1886/1886/957 1887/1887/959 1888/1888/1011
f 1888/1888/1011 1887/1887/959 1889/1889/1012
f 1890/1890/950 1891/1891/1013 1892/1892/1014
f 1892/1892/1014 1891/1891/1013 1893/1893/1015
f 1894/1894/1016 1895/1895/1017 1896/1896/1018
f 1896/1896/1018 1895/1895/1017 1897/1897/1019
f 1898/1898/1018 1899/1899/1019 1900/1900/1020
f 1900/1900/1020 1899/1899/1019 1901/1901/1021
f 1902/1902/1020 1903/1903/1022 1904/1904/1023
f 1904/1904/1023 1903/1903/1022 1905/1905/1024
f 1906/1906/1025 1907/1907/1026 1908/1908/1026
f 1908/1908/1026 1907/1907/1026 1909/1909/1027
f 1910/1910/1028 1911/1911/1029 1912/1912/1029
f 1912/1912/1029 1911/1911/1029 1913/1913/1030
f 1914/1914/1031 1915/1915/1032 1916/1916/1032
f 1916/1916/1032 1915/1915/1032 1917/1917/1033
f 1918/1918/1034 1919/1919/1035 1920/1920/1035
f 1920/1920/1035 1919/1919/1035 1921/1921/1035
f 1922/1922/1036 1923/1923/1037 1924/1924/1037
f 1924/1924/1037 1923/1923/1037 1925/1925/1038
f 1926/1926/1039 1927/1927/1039 1928/1928/1039
f 1928/1928/1039 1927/1927/1039 1929/1929/1039
f 1930/1930/1040 1931/1931/1041 1932/1932/1041
f 1932/1932/1041 1931/1931/1041 1933/1933/1042
f 1934/1934/1043 1935/1935/1044 1936/1936/1044
f 1936/1936/1044 1935/1935/1044 1937/1937/1045
f 1938/1938/1046 1939/1939/1047 1940/1940/1047
f 1940/1940/1047 1939/1939/1047 1941/1941/1048
f 1942/1942/1049 1943/1943/1050 1944/1944/1050
f 1944/1944/1050 1943/1943/1050 1945/1945/1051
f 1946/1946/1052 1947/1947/1053 1948/1948/1054
f 1948/1948/1054 1947/1947/1053 1949/1949/1055
f 1950/1950/1056 1951/1951/1057 1952/1952/1058
f 1952/1952/1058 1951/1951/1057 1953/1953/1059
f 1954/1954/1058 1955/1955/1059 1956/1956/1060
f 1956/1956/1060 1955/1955/1059 1957/1957/1061
f 1958/1958/1062 1959/1959/1063 1960/1960/999
f 1960/1960/999 1959/1959/1063 1961/1961/1000
f 1962/1962/1064 1963/1963/1065 1964/1964/1062
f 1964/1964/1062 1963/1963/1065 1965/1965/1066
f 1966/1966/1067 1967/1967/1068 1968/1968/1069
f 1968/1968/1069 1967/1967/1068 1969/1969/1070
f 1970/1970/1071 1971/1971/1072 1972/1972/904
f 1972/1972/904 1971/1971/1072 1973/1973/1073
f 1974/1974/1074 1975/1975/1075 1976/1976/1076
f 1976/1976/1076 1975/1975/1075 1977/1977/1077
f 1978/1978/1078 1979/1979/1068 1980/1980/1079
f 1980/1980/1079 1979/1979/1068 1981/1981/1067
f 1982/1982/1080 1983/1983/1081 1984/1984/1082
f 1984/1984/1082 1983/1983/1081 1985/1985/1083
f 1986/1986/1084 1987/1987/1085 1988/1988/1086
f 1988/1988/1086 1987/1987/1085 1989/1989/896
f 1990/1990/1087 1991/1991/1088 1992/1992/1088
f 1992/1992/1088 1991/1991/1088 1993/1993/1089
f 1994/1994/1090 1995/1995/1091 1996/1996/1092
f 1996/1996/1092 1995/1995/1091 1997/1997/1093
f 1998/1998/896 1999/1999/898 2000/2000/1094
f 2000/2000/1094 1999/1999/898 2001/2001/1095
f 2002/2002/1096 2003/2003/1097 2004/2004/1098
f 2004/2004/1098 2003/2003/1097 2005/2005/1099
f 2006/2006/1100 2007/2007/1100 2008/2008/1101
f 2008/2008/1101 2007/2007/1100 2009/2009/1102
f 2010/2010/1103 2011/2011/1104 2012/2012/1105
f 2012/2012/1105 2011/2011/1104 2013/2013/1106
f 2014/2014/1107 2015/2015/1100 2016/2016/1107
f 2016/2016/1107 2015/2015/1100 2017/2017/1100
f 2018/2018/1108 2019/2019/1104 2020/2020/1109
f 2020/2020/1109 2019/2019/1104 2021/2021/1110
f 2022/2022/1098 2023/2023/1099 2024/2024/1107
f 2024/2024/1107 2023/2023/1099 2025/2025/1107
f 2026/2026/1111 2027/2027/1112 2028/2028/1113
f 2028/2028/1113 2027/2027/1112 2029/2029/1114
f 2030/2030/890 2031/2031/892 2032/2032/1076
f 2032/2032/1076 2031/2031/892 2033/2033/1115
f 2034/2034/1011 2035/2035/1013 2036/2036/957
f 2036/2036/957 2035/2035/1013 2037/2037/950
f 2038/2038/950 2039/2039/948 2040/2040/957
f 2040/2040/957 2039/2039/948 2041/2041/958
f 2042/2042/1116 2043/2043/937 2044/2044/1117
f 2044/2044/1117 2043/2043/937 2045/2045/911
f 2046/2046/1118 2047/2047/1119 2048/2048/951
f 2048/2048/951 2047/2047/1119 2049/2049/1120
f 2050/2050/952 2051/2051/1121 2052/2052/941
f 2052/2052/941 2051/2051/1121 2053/2053/907
f 2054/2054/1122 2055/2055/1123 2056/2056/1124
f 2056/2056/1124 2055/2055/1123 2057/2057/1125
f 2058/2058/1126 2059/2059/1127 2060/2060/1016
f 2060/2060/1016 2059/2059/1127 2061/2061/1017
f 2062/2062/1010 2063/2063/1008 2064/2064/1128
f 2064/2064/1128 2063/2063/1008 2065/2065/1129
f 2066/2066/1130 2067/2067/912 2068/2068/1131
f 2068/2068/1131 2067/2067/912 2069/2069/1132
f 2070/2070/960 2071/2071/958 2072/2072/1133
f 2072/2072/1133 2071/2071/958 2073/2073/945
f 2071/2071/958 2074/2074/948 2073/2073/945
f 2073/2073/945 2074/2074/948 2075/2075/947
f 2076/2076/1134 2077/2077/1122 2078/2078/910
f 2078/2078/910 2077/2077/1122 2079/2079/911
f 2077/2077/1122 2080/2080/1135 2079/2079/911
f 2081/2081/951 2082/2082/1120 2083/2083/952
f 2083/2083/952 2082/2082/1120 2084/2084/1121
f 2082/2082/1120 2085/2085/1136 2084/2084/1121
f 2084/2084/1121 2085/2085/1136 2086/2086/907
f 2085/2085/1136 2087/2087/1137 2086/2086/907
f 2086/2086/907 2087/2087/1137 2088/2088/908
f 2089/2089/1011 2090/2090/1138 2091/2091/1139
f 2091/2091/1139 2090/2090/1138 2092/2092/1015
f 2090/2090/1138 2093/2093/1140 2092/2092/1015
f 2092/2092/1015 2093/2093/1140 2094/2094/934
f 2095/2095/947 2096/2096/1141 2097/2097/1142
f 2097/2097/1142 2096/2096/1141 2098/2098/1143
f 2096/2096/1141 2099/2099/1144 2098/2098/1143
f 2098/2098/1143 2099/2099/1144 2100/2100/1145
f 2101/2101/927 2102/2102/955 2103/2103/1146
f 2103/2103/1146 2102/2102/955 2104/2104/946
f 2102/2102/955 2105/2105/944 2104/2104/946
f 2106/2106/1147 2107/2107/1148 2108/2108/923
f 2108/2108/923 2107/2107/1148 2109/2109/925
f 2107/2107/1148 2110/2110/1149 2109/2109/925
f 2109/2109/925 2110/2110/1149 2111/2111/940
f 2112/2112/934 2113/2113/936 2114/2114/1015
f 2114/2114/1015 2113/2113/936 2115/2115/949
f 2113/2113/936 2116/2116/921 2115/2115/949
f 2115/2115/949 2116/2116/921 2117/2117/922
f 2118/2118/1143 2119/2119/1145 2120/2120/927
f 2120/2120/927 2119/2119/1145 2121/2121/938
f 2119/2119/1145 2122/2122/909 2121/2121/938
f 2121/2121/938 2122/2122/909 2123/2123/911
f 2124/2124/943 2125/2125/933 2126/2126/936
f 2126/2126/936 2125/2125/933 2127/2127/935
f 2125/2125/933 2128/2128/1137 2127/2127/935
f 2127/2127/935 2128/2128/1137 2129/2129/1136
f 2130/2130/920 2131/2131/1150 2132/2132/1151
f 2132/2132/1151 2131/2131/1150 2133/2133/1152
f 2131/2131/1150 2134/2134/935 2133/2133/1152
f 2133/2133/1152 2134/2134/935 2135/2135/1136
f 2136/2136/1145 2137/2137/1144 2138/2138/1153
f 2138/2138/1153 2137/2137/1144 2139/2139/914
f 2137/2137/1144 2140/2140/1152 2139/2139/914
f 2141/2141/933 2142/2142/932 2143/2143/1137
f 2143/2143/1137 2142/2142/932 2144/2144/908
f 2142/2142/932 2145/2145/900 2144/2144/908
f 2146/2146/1154 2147/2147/1138 2148/2148/918
f 2148/2148/918 2147/2147/1138 2149/2149/1155
f 2147/2147/1138 2150/2150/1011 2149/2149/1155
f 2149/2149/1155 2150/2150/1011 2151/2151/1156
f 2152/2152/909 2153/2153/912 2154/2154/910
f 2154/2154/910 2153/2153/912 2155/2155/1134
f 2153/2153/912 2156/2156/1118 2155/2155/1134
f 2155/2155/1134 2156/2156/1118 2157/2157/1157
f 2156/2156/1118 2158/2158/1158 2157/2157/1157
f 2159/2159/893 2160/2160/1159 2161/2161/894
f 2161/2161/894 2160/2160/1159 2162/2162/986
f 2160/2160/1159 2163/2163/1072 2162/2162/986
f 2162/2162/986 2163/2163/1072 2164/2164/1160
f 2163/2163/1072 2165/2165/962 2164/2164/1160
f 2166/2166/986 2167/2167/1160 2168/2168/1161
f 2168/2168/1161 2167/2167/1160 2169/2169/1162
f 2167/2167/1160 2170/2170/1163 2169/2169/1162
f 2171/2171/1164 2172/2172/1113 2173/2173/1165
f 2173/2173/1165 2172/2172/1113 2174/2174/1166
f 2172/2172/1113 2175/2175/1167 2174/2174/1166
f 2176/2176/1112 2177/2177/1168 2178/2178/1114
f 2178/2178/1114 2177/2177/1168 2179/2179/983
f 2177/2177/1168 2180/2180/980 2179/2179/983
f 2181/2181/1169 2182/2182/1170 2183/2183/1171
f 2183/2183/1171 2182/2182/1170 2184/2184/1172
f 2182/2182/1170 2185/2185/1173 2184/2184/1172
f 2184/2184/1172 2185/2185/1173 2186/2186/1174
f 2185/2185/1173 2187/2187/1175 2186/2186/1174
f 2186/2186/1174 2187/2187/1175 2188/2188/1176
f 2187/2187/1175 2189/2189/890 2188/2188/1176
f 2188/2188/1176 2189/2189/890 2190/2190/1076
f 2191/2191/1177 2192/2192/1178 2193/2193/985
f 2193/2193/985 2192/2192/1178 2194/2194/1179
f 2192/2192/1178 2195/2195/1180 2194/2194/1179
f 2196/2196/1181 2197/2197/1182 2198/2198/1183
f 2198/2198/1183 2197/2197/1182 2199/2199/1184
f 2197/2197/1182 2200/2200/1185 2199/2199/1184
f 2201/2201/1186 2202/2202/1187 2203/2203/992
f 2203/2203/992 2202/2202/1187 2204/2204/1188
f 2202/2202/1187 2205/2205/1189 2204/2204/1188
f 2204/2204/1188 2205/2205/1189 2206/2206/1190
f 2207/2207/1056 2208/2208/1191 2209/2209/1192
f 2209/2209/1192 2208/2208/1191 2210/2210/892
f 2208/2208/1191 2211/2211/1193 2210/2210/892
f 2210/2210/892 2211/2211/1193 2212/2212/1194
f 2211/2211/1193 2213/2213/1195 2212/2212/1194
f 2212/2212/1194 2213/2213/1195 2214/2214/1196
f 2215/2215/892 2216/2216/891 2217/2217/1197
f 2217/2217/1197 2216/2216/891 2218/2218/1059
f 2216/2216/891 2219/2219/1061 2218/2218/1059
f 2220/2220/1198 2221/2221/1101 2222/2222/1080
f 2222/2222/1080 2221/2221/1101 2223/2223/1081
f 2221/2221/1101 2224/2224/1102 2223/2223/1081
f 2225/2225/1199 2226/2226/1200 2227/2227/1201
f 2227/2227/1201 2226/2226/1200 2228/2228/1202
f 2226/2226/1200 2229/2229/1109 2228/2228/1202
f 2228/2228/1202 2229/2229/1109 2230/2230/1110
f 2231/2231/1090 2232/2232/1203 2233/2233/1091
f 2233/2233/1091 2232/2232/1203 2234/2234/1204
f 2232/2232/1203 2235/2235/1205 2234/2234/1204
f 2236/2236/914 2237/2237/1152 2238/2238/1131
f 2238/2238/1131 2237/2237/1152 2239/2239/1120
f 2237/2237/1152 2240/2240/1136 2239/2239/1120
usemtl mat0.005
f 2241/2241/1206 2242/2242/1207 2243/2243/1208
f 2244/2244/1209 2245/2245/1210 2246/2246/1211
f 2247/2247/215 2248/2248/215 2249/2249/215
f 2250/2250/1212 2251/2251/1213 2252/2252/1214
f 2253/2253/1215 2254/2254/1216 2255/2255/1217
f 2256/2256/1218 2257/2257/1218 2258/2258/1218
f 2259/2259/1219 2260/2260/1220 2261/2261/1221
f 2261/2261/1221 2260/2260/1220 2262/2262/1222
f 2263/2263/1223 2264/2264/1224 2265/2265/1225
f 2265/2265/1225 2264/2264/1224 2266/2266/1226
f 2267/2267/215 2268/2268/215 2269/2269/215
f 2269/2269/215 2268/2268/215 2270/2270/215
f 2271/2271/215 2272/2272/215 2273/2273/215
f 2273/2273/215 2272/2272/215 2274/2274/215
f 2275/2275/1216 2276/2276/1215 2277/2277/1227
f 2277/2277/1227 2276/2276/1215 2278/2278/451
f 2279/2279/32 2280/2280/32 2281/2281/1223
f 2281/2281/1223 2280/2280/32 2282/2282/1224
f 2283/2283/1228 2284/2284/1229 2285/2285/1230
f 2285/2285/1230 2284/2284/1229 2286/2286/1231
f 2287/2287/1232 2288/2288/1233 2289/2289/1233
f 2289/2289/1233 2288/2288/1233 2290/2290/1234
f 2291/2291/1210 2292/2292/1235 2293/2293/1232
f 2293/2293/1232 2292/2292/1235 2294/2294/1236
f 2295/2295/1237 2296/2296/1236 2297/2297/1238
f 2297/2297/1238 2296/2296/1236 2298/2298/1239
f 2299/2299/1225 2300/2300/1226 2301/2301/1240
f 2301/2301/1240 2300/2300/1226 2302/2302/1241
f 2303/2303/1242 2304/2304/1243 2305/2305/1244
f 2305/2305/1244 2304/2304/1243 2306/2306/1245
f 2307/2307/1246 2308/2308/1247 2309/2309/1248
f 2309/2309/1248 2308/2308/1247 2310/2310/1208
f 2311/2311/1249 2312/2312/1247 2313/2313/1250
f 2313/2313/1250 2312/2312/1247 2314/2314/1246
f 2315/2315/215 2316/2316/215 2317/2317/215
f 2317/2317/215 2316/2316/215 2318/2318/215
f 2319/2319/1251 2320/2320/1252 2321/2321/1253
f 2321/2321/1253 2320/2320/1252 2322/2322/1231
f 2323/2323/1254 2324/2324/1255 2325/2325/1242
f 2325/2325/1242 2324/2324/1255 2326/2326/1243
f 2327/2327/1208 2328/2328/1247 2329/2329/1206
f 2329/2329/1206 2328/2328/1247 2330/2330/1256
f 2328/2328/1247 2331/2331/1249 2330/2330/1256
f 2330/2330/1256 2331/2331/1249 2332/2332/1257
f 2333/2333/1258 2334/2334/1259 2335/2335/1260
f 2335/2335/1260 2334/2334/1259 2336/2336/1261
f 2334/2334/1259 2337/2337/1244 2336/2336/1261
f 2336/2336/1261 2337/2337/1244 2338/2338/1262
f 2339/2339/1263 2340/2340/1264 2341/2341/1240
f 2341/2341/1240 2340/2340/1264 2342/2342/1265
f 2340/2340/1264 2343/2343/1220 2342/2342/1265
f 2342/2342/1265 2343/2343/1220 2344/2344/1219
f 2345/2345/215 2346/2346/215 2347/2347/215
f 2347/2347/215 2346/2346/215 2348/2348/215
f 2346/2346/215 2349/2349/215 2348/2348/215
f 2348/2348/215 2349/2349/215 2350/2350/215
f 2351/2351/1257 2352/2352/1249 2353/2353/1255
f 2353/2353/1255 2352/2352/1249 2354/2354/1243
f 2352/2352/1249 2355/2355/1250 2354/2354/1243
f 2354/2354/1243 2355/2355/1250 2356/2356/1266
usemtl mat0.006
f 2357/2357/1267 2358/2358/1268 2359/2359/1269
f 2360/2360/1270 2361/2361/1270 2362/2362/1270
f 2363/2363/17 2364/2364/17 2365/2365/17
f 2366/2366/1271 2367/2367/1272 2368/2368/1273
f 2369/2369/1272 2370/2370/1271 2371/2371/1274
f 2371/2371/1274 2370/2370/1271 2372/2372/1275
f 2373/2373/1276 2374/2374/1277 2375/2375/1278
f 2375/2375/1278 2374/2374/1277 2376/2376/1279
f 2377/2377/1268 2378/2378/1267 2379/2379/1280
f 2379/2379/1280 2378/2378/1267 2380/2380/1281
f 2381/2381/1282 2382/2382/1283 2383/2383/1273
f 2383/2383/1273 2382/2382/1283 2384/2384/1271
f 2385/2385/1268 2386/2386/1280 2387/2387/1284
f 2387/2387/1284 2386/2386/1280 2388/2388/1285
f 2389/2389/17 2390/2390/17 2391/2391/17
f 2391/2391/17 2390/2390/17 2392/2392/17
f 2393/2393/1286 2394/2394/1287 2395/2395/1288
f 2395/2395/1288 2394/2394/1287 2396/2396/1289
f 2397/2397/1290 2398/2398/1291 2399/2399/1292
f 2399/2399/1292 2398/2398/1291 2400/2400/1286
f 2401/2401/1293 2402/2402/1294 2403/2403/1295
f 2403/2403/1295 2402/2402/1294 2404/2404/1296
f 2405/2405/1297 2406/2406/1298 2407/2407/1299
f 2407/2407/1299 2406/2406/1298 2408/2408/1300
f 2409/2409/1301 2410/2410/1302 2411/2411/1278
f 2411/2411/1278 2410/2410/1302 2412/2412/1276
f 2413/2413/1303 2414/2414/1304 2415/2415/1305
f 2415/2415/1305 2414/2414/1304 2416/2416/1306
f 2417/2417/1307 2418/2418/1308 2419/2419/1309
f 2419/2419/1309 2418/2418/1308 2420/2420/1298
f 2421/2421/1307 2422/2422/1309 2423/2423/1310
f 2423/2423/1310 2422/2422/1309 2424/2424/1280
f 2422/2422/1309 2425/2425/1299 2424/2424/1280
f 2424/2424/1280 2425/2425/1299 2426/2426/1285
f 2427/2427/451 2428/2428/1311 2429/2429/1312
f 2429/2429/1312 2428/2428/1311 2430/2430/1313
f 2428/2428/1311 2431/2431/1314 2430/2430/1313
f 2432/2432/32 2433/2433/1315 2434/2434/32
f 2434/2434/32 2433/2433/1315 2435/2435/1316
f 2433/2433/1315 2436/2436/1317 2435/2435/1316
f 2435/2435/1316 2436/2436/1317 2437/2437/1318
f 2436/2436/1317 2438/2438/1319 2437/2437/1318
f 2437/2437/1318 2438/2438/1319 2439/2439/1320
f 2440/2440/17 2441/2441/17 2442/2442/17
f 2442/2442/17 2441/2441/17 2443/2443/17
f 2441/2441/17 2444/2444/17 2443/2443/17
f 2443/2443/17 2444/2444/17 2445/2445/17
f 2444/2444/17 2446/2446/17 2445/2445/17
f 2445/2445/17 2446/2446/17 2447/2447/17
f 2446/2446/17 2448/2448/17 2447/2447/17
f 2447/2447/17 2448/2448/17 2449/2449/17
f 2450/2450/1293 2451/2451/1321 2452/2452/1294
f 2452/2452/1294 2451/2451/1321 2453/2453/1322
f 2451/2451/1321 2454/2454/1323 2453/2453/1322
f 2453/2453/1322 2454/2454/1323 2455/2455/1324
f 2454/2454/1323 2456/2456/1325 2455/2455/1324
f 2457/2457/1326 2458/2458/1327 2459/2459/1308
f 2459/2459/1308 2458/2458/1327 2460/2460/1298
f 2458/2458/1327 2461/2461/1272 2460/2460/1298
f 2460/2460/1298 2461/2461/1272 2462/2462/1328
usemtl mat0.007
f 2463/2463/1329 2464/2464/1330 2465/2465/1331
f 2466/2466/1332 2467/2467/1333 2468/2468/1334
f 2468/2468/1334 2467/2467/1333 2469/2469/1335
f 2470/2470/1336 2471/2471/1337 2472/2472/1338
f 2472/2472/1338 2471/2471/1337 2473/2473/1339
f 2474/2474/1340 2475/2475/1337 2476/2476/1341
f 2476/2476/1341 2475/2475/1337 2477/2477/1342
f 2478/2478/1343 2479/2479/1344 2480/2480/1336
f 2480/2480/1336 2479/2479/1344 2481/2481/1345
f 2482/2482/1346 2483/2483/1347 2484/2484/1348
f 2484/2484/1348 2483/2483/1347 2485/2485/1335
f 2486/2486/1345 2487/2487/1344 2488/2488/1349
f 2488/2488/1349 2487/2487/1344 2489/2489/1350
f 2490/2490/1351 2491/2491/1352 2492/2492/1332
f 2492/2492/1332 2491/2491/1352 2493/2493/1333
f 2494/2494/1345 2495/2495/1353 2496/2496/1336
f 2496/2496/1336 2495/2495/1353 2497/2497/1354
f 2498/2498/1349 2499/2499/1355 2500/2500/1345
f 2500/2500/1345 2499/2499/1355 2501/2501/1353
f 2502/2502/1356 2503/2503/1357 2504/2504/1358
f 2504/2504/1358 2503/2503/1357 2505/2505/1358
f 2506/2506/1359 2507/2507/1359 2508/2508/1356
f 2508/2508/1356 2507/2507/1359 2509/2509/1357
f 2510/2510/1360 2511/2511/1361 2512/2512/1362
f 2512/2512/1362 2511/2511/1361 2513/2513/1363
f 2514/2514/1364 2515/2515/1364 2516/2516/1365
f 2516/2516/1365 2515/2515/1364 2517/2517/1365
f 2518/2518/1366 2519/2519/1364 2520/2520/1367
f 2520/2520/1367 2519/2519/1364 2521/2521/1364
f 2522/2522/1368 2523/2523/1369 2524/2524/1367
f 2524/2524/1367 2523/2523/1369 2525/2525/1366
f 2526/2526/1365 2527/2527/1370 2528/2528/1365
f 2528/2528/1365 2527/2527/1370 2529/2529/1371
f 2530/2530/1372 2531/2531/1370 2532/2532/1373
f 2532/2532/1373 2531/2531/1370 2533/2533/1374
f 2534/2534/1375 2535/2535/1376 2536/2536/1377
f 2536/2536/1377 2535/2535/1376 2537/2537/1378
f 2538/2538/1379 2539/2539/1379 2540/2540/1380
f 2540/2540/1380 2539/2539/1379 2541/2541/1381
f 2542/2542/1382 2543/2543/1383 2544/2544/1382
f 2544/2544/1382 2543/2543/1383 2545/2545/1379
f 2546/2546/1384 2547/2547/1384 2548/2548/1382
f 2548/2548/1382 2547/2547/1384 2549/2549/1385
f 2550/2550/1386 2551/2551/1387 2552/2552/1388
f 2552/2552/1388 2551/2551/1387 2553/2553/1373
f 2554/2554/1389 2555/2555/1390 2556/2556/1362
f 2556/2556/1362 2555/2555/1390 2557/2557/1391
f 2558/2558/1392 2559/2559/1393 2560/2560/1394
f 2560/2560/1394 2559/2559/1393 2561/2561/1395
f 2562/2562/1350 2563/2563/1347 2564/2564/1349
f 2564/2564/1349 2563/2563/1347 2565/2565/1346
f 2566/2566/1376 2567/2567/1375 2568/2568/1396
f 2568/2568/1396 2567/2567/1375 2569/2569/1397
f 2567/2567/1375 2570/2570/1398 2569/2569/1397
f 2571/2571/1399 2572/2572/1340 2573/2573/1400
f 2573/2573/1400 2572/2572/1340 2574/2574/1354
f 2572/2572/1340 2575/2575/1341 2574/2574/1354
f 2574/2574/1354 2575/2575/1341 2576/2576/1336
f 2577/2577/1331 2578/2578/1401 2579/2579/1329
f 2579/2579/1329 2578/2578/1401 2580/2580/1402
f 2578/2578/1401 2581/2581/1403 2580/2580/1402
f 2582/2582/1329 2583/2583/1404 2584/2584/1405
f 2584/2584/1405 2583/2583/1404 2585/2585/1406
f 2583/2583/1404 2586/2586/1407 2585/2585/1406
f 2585/2585/1406 2586/2586/1407 2587/2587/1408
f 2586/2586/1407 2588/2588/1358 2587/2587/1408
f 2587/2587/1408 2588/2588/1358 2589/2589/1358
f 2590/2590/1409 2591/2591/1410 2592/2592/1333
f 2592/2592/1333 2591/2591/1410 2593/2593/1346
f 2591/2591/1410 2594/2594/1411 2593/2593/1346
f 2593/2593/1346 2594/2594/1411 2595/2595/1349
f 2594/2594/1411 2596/2596/1355 2595/2595/1349
f 2597/2597/1395 2598/2598/1393 2599/2599/1412
f 2599/2599/1412 2598/2598/1393 2600/2600/1413
f 2598/2598/1393 2601/2601/1380 2600/2600/1413
f 2600/2600/1413 2601/2601/1380 2602/2602/1381
f 2603/2603/1384 2604/2604/1414 2605/2605/1384
f 2605/2605/1384 2604/2604/1414 2606/2606/1415
f 2604/2604/1414 2607/2607/1416 2606/2606/1415
f 2606/2606/1415 2607/2607/1416 2608/2608/1417
f 2607/2607/1416 2609/2609/1418 2608/2608/1417
f 2608/2608/1417 2609/2609/1418 2610/2610/1419
f 2611/2611/1386 2612/2612/1420 2613/2613/1387
f 2613/2613/1387 2612/2612/1420 2614/2614/1421
f 2612/2612/1420 2615/2615/1422 2614/2614/1421
f 2614/2614/1421 2615/2615/1422 2616/2616/1423
f 2617/2617/1369 2618/2618/1368 2619/2619/1424
f 2619/2619/1424 2618/2618/1368 2620/2620/1425
f 2618/2618/1368 2621/2621/1426 2620/2620/1425
f 2620/2620/1425 2621/2621/1426 2622/2622/1427
usemtl mat0.008
f 2623/2623/1428 2624/2624/1429 2625/2625/1430
f 2626/2626/1431 2627/2627/1432 2628/2628/1433
f 2629/2629/1434 2630/2630/1435 2631/2631/1436
f 2632/2632/1437 2633/2633/1438 2634/2634/1439
f 2634/2634/1439 2633/2633/1438 2635/2635/1440
f 2636/2636/1441 2637/2637/1442 2638/2638/1443
f 2638/2638/1443 2637/2637/1442 2639/2639/1444
f 2640/2640/1445 2641/2641/1446 2642/2642/1447
f 2642/2642/1447 2641/2641/1446 2643/2643/1448
f 2644/2644/1449 2645/2645/1450 2646/2646/1451
f 2646/2646/1451 2645/2645/1450 2647/2647/1452
f 2648/2648/1453 2649/2649/1454 2650/2650/1455
f 2650/2650/1455 2649/2649/1454 2651/2651/1428
f 2652/2652/1435 2653/2653/1434 2654/2654/1433
f 2654/2654/1433 2653/2653/1434 2655/2655/1431
f 2656/2656/1434 2657/2657/1456 2658/2658/1457
f 2658/2658/1457 2657/2657/1456 2659/2659/1458
f 2660/2660/1457 2661/2661/1458 2662/2662/1459
f 2662/2662/1459 2661/2661/1458 2663/2663/1460
f 2664/2664/1459 2665/2665/1460 2666/2666/1461
f 2666/2666/1461 2665/2665/1460 2667/2667/1461
f 2668/2668/1462 2669/2669/1463 2670/2670/1462
f 2670/2670/1462 2669/2669/1463 2671/2671/1463
f 2672/2672/1463 2673/2673/1463 2674/2674/1464
f 2674/2674/1464 2673/2673/1463 2675/2675/1465
f 2676/2676/1466 2677/2677/1467 2678/2678/1462
f 2678/2678/1462 2677/2677/1467 2679/2679/1462
f 2680/2680/1468 2681/2681/1469 2682/2682/1439
f 2682/2682/1439 2681/2681/1469 2683/2683/1470
f 2684/2684/1444 2685/2685/1442 2686/2686/1468
f 2686/2686/1468 2685/2685/1442 2687/2687/1471
f 2688/2688/1472 2689/2689/1473 2690/2690/1474
f 2690/2690/1474 2689/2689/1473 2691/2691/1475
f 2692/2692/1475 2693/2693/1476 2694/2694/1474
f 2694/2694/1474 2693/2693/1476 2695/2695/1476
f 2696/2696/1476 2697/2697/1477 2698/2698/1478
f 2698/2698/1478 2697/2697/1477 2699/2699/1478
f 2700/2700/1479 2701/2701/1480 2702/2702/1478
f 2702/2702/1478 2701/2701/1480 2703/2703/1480
f 2704/2704/1480 2705/2705/1480 2706/2706/1481
f 2706/2706/1481 2705/2705/1480 2707/2707/1482
f 2708/2708/1481 2709/2709/1482 2710/2710/1483
f 2710/2710/1483 2709/2709/1482 2711/2711/1484
f 2712/2712/1483 2713/2713/1484 2714/2714/1485
f 2714/2714/1485 2713/2713/1484 2715/2715/1486
f 2716/2716/1487 2717/2717/1488 2718/2718/1489
f 2718/2718/1489 2717/2717/1488 2719/2719/1490
f 2720/2720/1491 2721/2721/1492 2722/2722/1487
f 2722/2722/1487 2721/2721/1492 2723/2723/1493
f 2724/2724/1494 2725/2725/1492 2726/2726/1495
f 2726/2726/1495 2725/2725/1492 2727/2727/1491
f 2728/2728/1496 2729/2729/1497 2730/2730/1455
f 2730/2730/1455 2729/2729/1497 2731/2731/1498
f 2732/2732/1499 2733/2733/1500 2734/2734/1501
f 2734/2734/1501 2733/2733/1500 2735/2735/1502
f 2736/2736/1503 2737/2737/1504 2738/2738/1505
f 2738/2738/1505 2737/2737/1504 2739/2739/1506
f 2740/2740/1507 2741/2741/1467 2742/2742/1494
f 2742/2742/1494 2741/2741/1467 2743/2743/1508
f 2744/2744/1499 2745/2745/1509 2746/2746/1472
f 2746/2746/1472 2745/2745/1509 2747/2747/1473
f 2748/2748/1510 2749/2749/1511 2750/2750/1512
f 2750/2750/1512 2749/2749/1511 2751/2751/1448
f 2752/2752/1513 2753/2753/1514 2754/2754/1515
f 2754/2754/1515 2753/2753/1514 2755/2755/1446
f 2753/2753/1514 2756/2756/1516 2755/2755/1446
f 2755/2755/1446 2756/2756/1516 2757/2757/1510
f 2758/2758/1450 2759/2759/1449 2760/2760/1438
f 2760/2760/1438 2759/2759/1449 2761/2761/1468
f 2759/2759/1449 2762/2762/1517 2761/2761/1468
f 2761/2761/1468 2762/2762/1517 2763/2763/1444
f 2762/2762/1517 2764/2764/1518 2763/2763/1444
f 2763/2763/1444 2764/2764/1518 2765/2765/1443
f 2764/2764/1518 2766/2766/1519 2765/2765/1443
f 2767/2767/1520 2768/2768/1521 2769/2769/1520
f 2769/2769/1520 2768/2768/1521 2770/2770/1522
f 2768/2768/1521 2771/2771/1461 2770/2770/1522
f 2770/2770/1522 2771/2771/1461 2772/2772/1461
f 2773/2773/1504 2774/2774/1503 2775/2775/1523
f 2775/2775/1523 2774/2774/1503 2776/2776/1524
f 2774/2774/1503 2777/2777/1464 2776/2776/1524
f 2776/2776/1524 2777/2777/1464 2778/2778/1465
f 2779/2779/1525 2780/2780/1526 2781/2781/1527
f 2781/2781/1527 2780/2780/1526 2782/2782/1430
f 2780/2780/1526 2783/2783/1528 2782/2782/1430
f 2782/2782/1430 2783/2783/1528 2784/2784/1529
f 2785/2785/1441 2786/2786/1443 2787/2787/1511
f 2787/2787/1511 2786/2786/1443 2788/2788/1448
f 2786/2786/1443 2789/2789/1519 2788/2788/1448
f 2788/2788/1448 2789/2789/1519 2790/2790/1530
