# Blender v2.82 (sub 7) OBJ File: ''
# www.blender.org
mtllib Blade Tig Hitbox.mtl
o Cube_Cube.065
v -0.756103 0.020919 0.734665
v -0.756103 0.047924 0.734665
v -0.756103 0.020919 -0.734665
v -0.756103 0.047924 -0.734665
v 0.756103 0.020919 0.734665
v 0.756103 0.047924 0.734665
v 0.756103 0.020919 -0.734665
v 0.756103 0.047924 -0.734665
vt 0.375000 0.000000
vt 0.625000 0.000000
vt 0.625000 0.250000
vt 0.375000 0.250000
vt 0.625000 0.500000
vt 0.375000 0.500000
vt 0.625000 0.750000
vt 0.375000 0.750000
vt 0.625000 1.000000
vt 0.375000 1.000000
vt 0.125000 0.500000
vt 0.125000 0.750000
vt 0.875000 0.500000
vt 0.875000 0.750000
vn -1.0000 0.0000 0.0000
vn 0.0000 0.0000 -1.0000
vn 1.0000 0.0000 0.0000
vn 0.0000 0.0000 1.0000
vn 0.0000 -1.0000 0.0000
vn 0.0000 1.0000 0.0000
usemtl None
s off
f 1/1/1 2/2/1 4/3/1 3/4/1
f 3/4/2 4/3/2 8/5/2 7/6/2
f 7/6/3 8/5/3 6/7/3 5/8/3
f 5/8/4 6/7/4 2/9/4 1/10/4
f 3/11/5 7/6/5 5/8/5 1/12/5
f 8/5/6 4/13/6 2/14/6 6/7/6
o Mesh_0014.rip_Mesh_0014.rip_mesh0000.017
v -0.402187 0.280316 -0.282344
v -0.402187 0.199066 0.000000
v -0.402187 0.278285 0.260000
v 0.274219 0.761722 0.613437
v 0.138125 0.790160 0.654062
v 0.225469 0.576878 0.613437
v -0.245781 0.656097 -0.607344
v -0.325000 0.820628 -0.566719
v -0.164531 0.820628 -0.629687
v 0.418437 0.820628 -0.436719
v 0.418437 0.729222 -0.532187
v 0.418437 0.820628 -0.524062
v 0.418437 0.280316 -0.282344
v 0.418437 0.278285 0.260000
v 0.418437 0.199066 0.000000
v 0.341250 0.820628 -0.566719
v 0.418437 0.820628 -0.524062
v 0.418437 0.729222 -0.532187
v 0.008125 0.591097 -0.656094
v 0.008125 0.822660 -0.656094
v 0.262031 0.656097 -0.607344
v 0.180781 0.820628 -0.629687
v 0.418437 0.469222 0.461094
v 0.418437 0.469222 -0.463125
v 0.418437 0.741410 0.528125
v 0.418437 0.729222 -0.532187
v 0.418437 0.469222 0.461094
v 0.418437 0.278285 0.260000
v 0.418437 0.469222 -0.463125
v 0.418437 0.280316 -0.282344
v 0.008125 0.820628 -0.432656
v 0.008125 1.021722 -0.432656
v 0.418437 0.820628 -0.436719
v 0.420469 1.021722 -0.432656
v 0.008125 1.021722 -0.432656
v 0.008125 0.820628 -0.197031
v 0.420469 1.021722 -0.432656
v 0.418437 0.820628 -0.197031
v 0.341250 0.820628 -0.566719
v 0.180781 0.820628 -0.629687
v 0.008125 0.820628 -0.566719
v 0.008125 0.820628 -0.629687
v 0.418437 0.820628 0.430625
v 0.418437 0.741410 0.528125
v 0.418437 0.820628 -0.197031
v 0.418437 0.729222 -0.532187
v 0.008125 0.083285 -0.172656
v 0.008125 0.253910 -0.473281
v 0.203125 0.278285 -0.455000
v 0.008125 0.591097 -0.656094
v -0.209219 0.095472 0.000000
v 0.008125 0.083285 -0.172656
v 0.008125 0.085316 0.182812
v 0.225469 0.095472 0.000000
v -0.184844 0.820628 0.591094
v 0.008125 0.820628 0.662187
v 0.008125 0.820628 -0.197031
v 0.201094 0.820628 0.591094
v -0.164531 0.820628 -0.629687
v 0.008125 0.820628 -0.629687
v 0.008125 0.822660 -0.656094
v 0.180781 0.820628 -0.629687
v 0.008125 0.820628 0.662187
v 0.138125 0.790160 0.654062
v 0.201094 0.820628 0.591094
v 0.274219 0.761722 0.613437
v 0.008125 0.085316 0.182812
v 0.217344 0.278285 0.446875
v 0.008125 0.249847 0.467187
v 0.225469 0.576878 0.613437
v 0.201094 0.820628 0.591094
v 0.274219 0.761722 0.613437
v 0.418437 0.820628 0.430625
v 0.418437 0.741410 0.528125
v 0.418437 0.729222 -0.532187
v 0.418437 0.820628 -0.436719
v 0.418437 0.820628 -0.197031
v 0.420469 1.021722 -0.432656
v -0.402187 0.280316 -0.282344
v -0.186875 0.278285 -0.455000
v -0.209219 0.095472 0.000000
v 0.008125 0.083285 -0.172656
v -0.402187 0.278285 0.260000
v -0.402187 0.199066 0.000000
v -0.209219 0.095472 0.000000
v -0.402187 0.280316 -0.282344
v -0.209219 0.576878 0.613437
v -0.402187 0.469222 0.461094
v -0.201094 0.278285 0.446875
v -0.402187 0.278285 0.260000
v 0.008125 0.591097 -0.656094
v -0.245781 0.656097 -0.607344
v 0.008125 0.822660 -0.656094
v -0.164531 0.820628 -0.629687
v -0.402187 0.469222 0.461094
v -0.402187 0.741410 0.528125
v -0.402187 0.469222 -0.463125
v -0.402187 0.729222 -0.532187
v -0.402187 0.280316 -0.282344
v -0.402187 0.278285 0.260000
v -0.402187 0.469222 -0.463125
v -0.402187 0.469222 0.461094
v 0.008125 0.820628 -0.432656
v -0.325000 0.820628 -0.566719
v -0.402187 0.820628 -0.436719
v -0.402187 0.820628 -0.524062
v 0.008125 0.820628 -0.432656
v -0.402187 0.820628 -0.436719
v 0.008125 1.021722 -0.432656
v -0.404219 1.021722 -0.432656
v 0.008125 1.021722 -0.432656
v -0.404219 1.021722 -0.432656
v 0.008125 0.820628 -0.197031
v -0.402187 0.820628 -0.197031
v 0.008125 0.820628 -0.629687
v -0.164531 0.820628 -0.629687
v 0.008125 0.820628 -0.566719
v -0.325000 0.820628 -0.566719
v -0.402187 0.820628 0.430625
v -0.402187 0.820628 -0.197031
v -0.402187 0.741410 0.528125
v -0.402187 0.729222 -0.532187
v 0.008125 0.083285 -0.172656
v -0.186875 0.278285 -0.455000
v 0.008125 0.253910 -0.473281
v 0.008125 0.591097 -0.656094
v 0.008125 0.820628 -0.197031
v 0.201094 0.820628 0.591094
v 0.418437 0.820628 -0.197031
v 0.418437 0.820628 0.430625
v 0.008125 0.820628 -0.197031
v -0.402187 0.820628 -0.197031
v -0.184844 0.820628 0.591094
v -0.402187 0.820628 0.430625
v 0.418437 0.469222 -0.463125
v 0.203125 0.278285 -0.455000
v 0.262031 0.656097 -0.607344
v 0.008125 0.591097 -0.656094
v 0.418437 0.278285 0.260000
v 0.225469 0.095472 0.000000
v 0.418437 0.199066 0.000000
v 0.418437 0.280316 -0.282344
v 0.008125 0.249847 0.467187
v 0.225469 0.576878 0.613437
v 0.008125 0.578910 0.643906
v 0.138125 0.790160 0.654062
v -0.121875 0.790160 0.654062
v 0.008125 0.578910 0.643906
v 0.008125 0.820628 0.662187
v 0.138125 0.790160 0.654062
v 0.008125 0.085316 0.182812
v -0.201094 0.278285 0.446875
v -0.209219 0.095472 0.000000
v -0.402187 0.278285 0.260000
v 0.008125 0.085316 0.182812
v 0.225469 0.095472 0.000000
v 0.217344 0.278285 0.446875
v 0.418437 0.278285 0.260000
v -0.121875 0.790160 0.654062
v -0.209219 0.576878 0.613437
v 0.008125 0.578910 0.643906
v 0.008125 0.249847 0.467187
v -0.201094 0.278285 0.446875
v 0.008125 0.085316 0.182812
v 0.418437 0.469222 -0.463125
v 0.262031 0.656097 -0.607344
v 0.418437 0.729222 -0.532187
v 0.341250 0.820628 -0.566719
v 0.180781 0.820628 -0.629687
v 0.418437 0.278285 0.260000
v 0.418437 0.469222 0.461094
v 0.217344 0.278285 0.446875
v 0.225469 0.576878 0.613437
v 0.418437 0.741410 0.528125
v 0.274219 0.761722 0.613437
v 0.418437 0.820628 -0.524062
v 0.341250 0.820628 -0.566719
v 0.418437 0.820628 -0.436719
v 0.008125 0.820628 -0.432656
v 0.008125 0.820628 -0.566719
v -0.325000 0.820628 -0.566719
v 0.008125 0.591097 -0.656094
v -0.186875 0.278285 -0.455000
v -0.245781 0.656097 -0.607344
v -0.402187 0.469222 -0.463125
v -0.402187 0.280316 -0.282344
v 0.008125 0.083285 -0.172656
v 0.203125 0.278285 -0.455000
v 0.225469 0.095472 0.000000
v 0.418437 0.280316 -0.282344
v 0.418437 0.469222 -0.463125
v -0.402187 0.469222 -0.463125
v -0.402187 0.729222 -0.532187
v -0.245781 0.656097 -0.607344
v -0.325000 0.820628 -0.566719
v -0.402187 0.820628 -0.524062
v -0.402187 0.469222 0.461094
v -0.209219 0.576878 0.613437
v -0.402187 0.741410 0.528125
v -0.257969 0.761722 0.613437
v -0.121875 0.790160 0.654062
v -0.402187 0.741410 0.528125
v -0.257969 0.761722 0.613437
v -0.402187 0.820628 0.430625
v -0.184844 0.820628 0.591094
v -0.121875 0.790160 0.654062
v 0.008125 0.820628 0.662187
v -0.404219 1.021722 -0.432656
v -0.402187 0.820628 -0.436719
v -0.402187 0.820628 -0.197031
v -0.402187 0.729222 -0.532187
v -0.402187 0.820628 -0.524062
v 0.361039 0.091410 -0.148281
v 0.328539 0.022347 -0.160469
v 0.361039 0.022347 -0.148281
v 0.619008 0.891722 -0.611406
v 0.328539 0.842972 -0.706875
v 0.328539 0.912035 -0.688594
v 0.363070 1.023753 -0.566719
v 0.578383 1.023753 -0.576875
v 0.328539 1.023753 -0.643906
v 0.619008 0.280316 -0.448906
v 0.328539 0.174691 -0.452969
v 0.328539 0.276253 -0.554531
v 0.328539 0.058910 0.253906
v 0.328539 0.022347 0.160469
v 0.361039 0.022347 0.148281
v 0.619008 0.566722 -0.611406
v 0.328539 0.475316 -0.670313
v 0.328539 0.615472 -0.706875
v 0.328539 0.058910 -0.253906
v 0.328539 0.022347 -0.160469
v 0.253383 0.060941 -0.178750
v 0.328539 0.729222 0.723125
v 0.328539 0.615472 0.706875
v 0.442289 0.729222 0.706875
v 0.444320 0.105628 0.000000
v 0.661664 0.215316 0.132031
v 0.661664 0.209222 -0.109688
v 0.328539 0.276253 -0.554531
v 0.328539 0.174691 -0.452969
v 0.253383 0.239691 -0.489531
v 0.328539 0.615472 -0.706875
v 0.328539 0.475316 -0.670313
v 0.253383 0.550472 -0.668281
v 0.328539 0.022347 0.160469
v 0.328539 0.058910 0.253906
v 0.253383 0.060941 0.178750
v 0.328539 0.475316 0.670312
v 0.328539 0.276253 0.554531
v 0.442289 0.375785 0.611406
v 0.328539 0.174691 0.452969
v 0.328539 0.276253 0.554531
v 0.253383 0.239691 0.489531
v 0.328539 0.475316 0.670312
v 0.328539 0.615472 0.706875
v 0.253383 0.550472 0.668281
v 0.769320 0.729222 0.517969
v 0.619008 0.729222 0.633750
v 0.694164 0.564691 0.554531
v 0.828227 0.483441 -0.363594
v 0.887133 0.635785 -0.353438
v 0.913539 0.564691 -0.247813
v 0.328539 0.912035 -0.688594
v 0.328539 0.842972 -0.706875
v 0.253383 0.907972 -0.668281
v 0.661664 0.729222 0.530156
v 0.619008 0.729222 0.633750
v 0.769320 0.729222 0.517969
v 0.578383 1.023753 -0.436719
v 0.661664 0.946566 -0.436719
v 0.661664 1.023753 -0.436719
v 0.253383 1.023753 -0.566719
v 0.253383 1.007504 -0.627656
v 0.253383 0.907972 -0.668281
v 0.960258 0.729222 -0.188906
v 0.960258 0.729222 0.188906
v 0.984633 0.729222 0.000000
v 0.769320 0.946566 -0.465156
v 0.661664 0.946566 -0.300625
v 0.836352 0.946566 -0.369687
v 0.809945 0.946566 -0.300625
v 0.253383 0.820628 -0.664219
v 0.661664 0.820628 -0.524062
v 0.253383 0.820628 -0.436719
v 0.661664 0.820628 -0.436719
v 0.253383 1.007504 -0.627656
v 0.253383 1.023753 -0.566719
v 0.328539 1.023753 -0.643906
v 0.363070 1.023753 -0.566719
v 0.887133 0.729222 -0.365625
v 0.836352 0.946566 -0.369687
v 0.850570 0.729222 -0.300625
v 0.809945 0.946566 -0.300625
v 0.663695 1.139535 -0.331094
v 0.661664 1.072503 -0.337187
v 0.663695 1.188285 -0.392031
v 0.661664 1.023753 -0.436719
v 0.661664 0.946566 -0.300625
v 0.769320 0.946566 -0.465156
v 0.661664 0.946566 -0.436719
v 0.661664 0.946566 -0.552500
v 0.661664 0.946566 -0.436719
v 0.661664 0.820628 -0.436719
v 0.661664 0.946566 -0.300625
v 0.661664 0.729222 -0.300625
v 0.663695 1.139535 -0.331094
v 0.663695 1.188285 -0.392031
v 0.578383 1.147660 -0.325000
v 0.580414 1.216722 -0.412344
v 0.661664 0.946566 -0.436719
v 0.578383 1.023753 -0.436719
v 0.661664 0.820628 -0.436719
v 0.253383 0.820628 -0.436719
v 0.253383 1.023753 -0.432656
v 0.253383 0.820628 -0.436719
v 0.363070 1.023753 -0.436719
v 0.578383 1.023753 -0.436719
v 0.363070 1.143597 -0.530156
v 0.363070 1.088753 -0.566719
v 0.253383 1.143597 -0.532187
v 0.253383 1.088753 -0.566719
v 0.328539 0.475316 -0.670313
v 0.619008 0.566722 -0.611406
v 0.442289 0.375785 -0.611406
v 0.619008 0.280316 -0.448906
v 0.328539 0.615472 -0.706875
v 0.253383 0.550472 -0.668281
v 0.328539 0.842972 -0.706875
v 0.253383 0.907972 -0.668281
v 0.328539 0.276253 -0.554531
v 0.253383 0.239691 -0.489531
v 0.328539 0.475316 -0.670313
v 0.253383 0.550472 -0.668281
v 0.619008 0.117816 -0.162500
v 0.442289 0.117816 -0.353438
v 0.619008 0.280316 -0.448906
v 0.328539 0.174691 -0.452969
v 0.328539 0.058910 -0.253906
v 0.253383 0.060941 -0.178750
v 0.328539 0.174691 -0.452969
v 0.253383 0.239691 -0.489531
v 0.361039 0.022347 -0.148281
v 0.619008 0.117816 -0.162500
v 0.442289 0.022347 0.000000
v 0.619008 0.117816 0.162500
v 0.578383 1.147660 -0.325000
v 0.578383 1.072503 -0.337187
v 0.663695 1.139535 -0.331094
v 0.661664 1.072503 -0.337187
v 0.578383 1.072503 -0.337187
v 0.578383 1.023753 -0.436719
v 0.661664 1.072503 -0.337187
v 0.661664 1.023753 -0.436719
v 0.363070 1.023753 -0.436719
v 0.363070 1.088753 -0.436719
v 0.253383 1.023753 -0.432656
v 0.253383 1.088753 -0.436719
v 0.363070 1.143597 -0.530156
v 0.363070 1.143597 -0.477344
v 0.363070 1.088753 -0.566719
v 0.363070 1.088753 -0.436719
v 0.661664 0.578910 0.507812
v 0.661664 0.599222 -0.509844
v 0.661664 0.335160 0.355469
v 0.661664 0.347347 -0.367656
v 0.850570 0.729222 -0.300625
v 0.809945 0.946566 -0.300625
v 0.661664 0.729222 -0.300625
v 0.661664 0.946566 -0.300625
v 0.253383 1.143597 -0.469219
v 0.363070 1.143597 -0.477344
v 0.253383 1.143597 -0.532187
v 0.363070 1.143597 -0.530156
v 0.363070 1.088753 -0.566719
v 0.363070 1.088753 -0.436719
v 0.363070 1.023753 -0.566719
v 0.363070 1.023753 -0.436719
v 0.253383 0.729222 0.670312
v 0.253383 0.554535 0.654062
v 0.253383 0.729222 0.692656
v 0.253383 0.550472 0.668281
v 0.253383 0.239691 -0.489531
v 0.253383 0.060941 -0.178750
v 0.253383 0.249847 -0.479375
v 0.253383 0.075160 -0.174688
v 0.253383 0.239691 -0.489531
v 0.253383 0.249847 -0.479375
v 0.253383 0.550472 -0.668281
v 0.253383 0.562660 -0.650000
v 0.328539 0.058910 0.253906
v 0.619008 0.117816 0.162500
v 0.442289 0.117816 0.353437
v 0.619008 0.280316 0.448906
v 0.328539 0.729222 0.723125
v 0.253383 0.729222 0.692656
v 0.328539 0.615472 0.706875
v 0.253383 0.550472 0.668281
v 0.328539 0.058910 0.253906
v 0.361039 0.022347 0.148281
v 0.619008 0.117816 0.162500
v 0.442289 0.022347 0.000000
v 0.328539 0.022347 -0.160469
v 0.328539 0.058910 -0.253906
v 0.361039 0.022347 -0.148281
v 0.619008 0.117816 -0.162500
v 0.253383 0.060941 -0.178750
v 0.328539 0.022347 -0.160469
v 0.253383 0.075160 -0.174688
v 0.361039 0.091410 -0.148281
v 0.444320 0.105628 0.000000
v 0.361039 0.091410 -0.148281
v 0.442289 0.022347 0.000000
v 0.361039 0.022347 -0.148281
v 0.361039 0.022347 0.148281
v 0.361039 0.091410 0.148281
v 0.442289 0.022347 0.000000
v 0.444320 0.105628 0.000000
v 0.363070 1.023753 -0.436719
v 0.578383 1.023753 -0.436719
v 0.363070 1.023753 -0.566719
v 0.578383 1.023753 -0.576875
v 0.960258 0.729222 -0.188906
v 0.984633 0.729222 0.000000
v 0.941977 0.564691 -0.154375
v 0.946039 0.520003 -0.079219
v 0.619008 0.280316 0.448906
v 0.328539 0.174691 0.452969
v 0.442289 0.117816 0.353437
v 0.328539 0.058910 0.253906
v 0.328539 1.023753 -0.643906
v 0.578383 1.023753 -0.576875
v 0.328539 0.912035 -0.688594
v 0.619008 0.891722 -0.611406
v 0.619008 0.566722 -0.611406
v 0.328539 0.615472 -0.706875
v 0.442289 0.729222 -0.706875
v 0.328539 0.842972 -0.706875
v 0.619008 0.280316 -0.448906
v 0.328539 0.276253 -0.554531
v 0.442289 0.375785 -0.611406
v 0.328539 0.475316 -0.670313
v 0.619008 0.117816 -0.162500
v 0.328539 0.058910 -0.253906
v 0.442289 0.117816 -0.353438
v 0.328539 0.174691 -0.452969
v 0.661664 0.335160 0.355469
v 0.661664 0.215316 0.132031
v 0.361039 0.091410 0.148281
v 0.444320 0.105628 0.000000
v 0.661664 0.347347 -0.367656
v 0.361039 0.091410 -0.148281
v 0.661664 0.209222 -0.109688
v 0.444320 0.105628 0.000000
v 0.661664 0.335160 0.355469
v 0.361039 0.091410 0.148281
v 0.253383 0.249847 0.479375
v 0.253383 0.075160 0.174687
v 0.960258 0.729222 0.188906
v 0.960258 0.729222 -0.188906
v 0.850570 0.729222 -0.300625
v 0.887133 0.729222 -0.365625
v 0.690102 0.564691 -0.154375
v 0.690102 0.320941 -0.408281
v 0.690102 0.564691 -0.247813
v 0.690102 0.406253 -0.475313
v 0.661664 0.215316 0.132031
v 0.661664 0.335160 0.355469
v 0.661664 0.209222 -0.109688
v 0.661664 0.347347 -0.367656
v 0.690102 0.520003 0.077187
v 0.690102 0.564691 0.150312
v 0.690102 0.320941 0.408281
v 0.694164 0.564691 0.554531
v 0.946039 0.520003 -0.079219
v 0.690102 0.520003 -0.077188
v 0.941977 0.564691 -0.154375
v 0.690102 0.564691 -0.154375
v 0.690102 0.320941 -0.408281
v 0.690102 0.564691 -0.154375
v 0.690102 0.170628 -0.148281
v 0.690102 0.520003 -0.077188
v 0.913539 0.564691 -0.247813
v 0.690102 0.564691 -0.247813
v 0.828227 0.483441 -0.363594
v 0.690102 0.406253 -0.475313
v 0.253383 0.562660 -0.650000
v 0.253383 0.249847 -0.479375
v 0.661664 0.599222 -0.509844
v 0.661664 0.347347 -0.367656
v 0.941977 0.564691 -0.154375
v 0.690102 0.564691 -0.154375
v 0.913539 0.564691 -0.247813
v 0.690102 0.564691 -0.247813
v 0.253383 0.562660 -0.650000
v 0.661664 0.599222 -0.509844
v 0.253383 0.820628 -0.664219
v 0.661664 0.820628 -0.524062
v 0.619008 0.117816 -0.162500
v 0.619008 0.280316 -0.448906
v 0.690102 0.170628 -0.148281
v 0.690102 0.320941 -0.408281
v 0.253383 0.729222 0.692656
v 0.328539 0.729222 0.723125
v 0.253383 0.729222 0.670312
v 0.450414 0.729222 0.641875
v 0.690102 0.170628 -0.148281
v 0.690102 0.170628 0.148281
v 0.619008 0.117816 -0.162500
v 0.619008 0.117816 0.162500
v 0.328539 0.475316 0.670312
v 0.253383 0.550472 0.668281
v 0.328539 0.276253 0.554531
v 0.253383 0.239691 0.489531
v 0.328539 1.023753 -0.643906
v 0.328539 0.912035 -0.688594
v 0.253383 1.007504 -0.627656
v 0.253383 0.907972 -0.668281
v 0.619008 0.729222 0.633750
v 0.442289 0.729222 0.706875
v 0.619008 0.566722 0.611406
v 0.328539 0.615472 0.706875
v 0.661664 0.335160 0.355469
v 0.253383 0.249847 0.479375
v 0.661664 0.578910 0.507812
v 0.253383 0.554535 0.654062
v 0.328539 0.174691 0.452969
v 0.253383 0.239691 0.489531
v 0.328539 0.058910 0.253906
v 0.253383 0.060941 0.178750
v 0.619008 0.280316 0.448906
v 0.694164 0.564691 0.554531
v 0.619008 0.566722 0.611406
v 0.619008 0.729222 0.633750
v 0.363070 1.023753 -0.566719
v 0.253383 1.023753 -0.566719
v 0.363070 1.088753 -0.566719
v 0.253383 1.088753 -0.566719
v 0.253383 1.088753 -0.436719
v 0.363070 1.088753 -0.436719
v 0.253383 1.143597 -0.469219
v 0.363070 1.143597 -0.477344
v 0.661664 0.347347 -0.367656
v 0.253383 0.249847 -0.479375
v 0.361039 0.091410 -0.148281
v 0.253383 0.075160 -0.174688
v 0.690102 0.520003 -0.077188
v 0.690102 0.520003 0.077187
v 0.690102 0.170628 -0.148281
v 0.690102 0.170628 0.148281
v 0.690102 0.320941 0.408281
v 0.946039 0.520003 -0.079219
v 0.984633 0.729222 0.000000
v 0.946039 0.517972 0.075156
v 0.944008 0.564691 0.150312
v 0.960258 0.729222 0.188906
v 0.887133 0.564691 0.322969
v 0.887133 0.729222 0.365625
v 0.769320 0.564691 0.487500
v 0.769320 0.729222 0.517969
v 0.694164 0.564691 0.554531
v 0.887133 0.635785 -0.353438
v 0.769320 0.729222 -0.517969
v 0.887133 0.729222 -0.365625
v 0.769320 0.863285 -0.499687
v 0.619008 0.891722 -0.611406
v 0.661664 0.946566 -0.552500
v 0.578383 1.023753 -0.576875
v 0.663695 1.025785 -0.520000
v 0.328539 0.842972 -0.706875
v 0.619008 0.891722 -0.611406
v 0.442289 0.729222 -0.706875
v 0.619008 0.566722 -0.611406
v 0.769320 0.729222 -0.517969
v 0.328539 0.174691 0.452969
v 0.619008 0.280316 0.448906
v 0.328539 0.276253 0.554531
v 0.442289 0.375785 0.611406
v 0.619008 0.566722 0.611406
v 0.328539 0.475316 0.670312
v 0.328539 0.615472 0.706875
v 0.690102 0.170628 0.148281
v 0.690102 0.320941 0.408281
v 0.619008 0.117816 0.162500
v 0.619008 0.280316 0.448906
v 0.694164 0.564691 0.554531
v 0.887133 0.729222 -0.365625
v 0.769320 0.863285 -0.499687
v 0.836352 0.946566 -0.369687
v 0.769320 0.946566 -0.465156
v 0.661664 0.946566 -0.552500
v 0.663695 1.188285 -0.392031
v 0.663695 1.151722 -0.432656
v 0.580414 1.216722 -0.412344
v 0.578383 1.121253 -0.511875
v 0.663695 1.025785 -0.520000
v 0.578383 1.023753 -0.576875
v 0.887133 0.729222 -0.365625
v 0.960258 0.729222 -0.188906
v 0.887133 0.635785 -0.353438
v 0.913539 0.564691 -0.247813
v 0.941977 0.564691 -0.154375
v 0.661664 0.729222 0.530156
v 0.450414 0.729222 0.641875
v 0.619008 0.729222 0.633750
v 0.442289 0.729222 0.706875
v 0.328539 0.729222 0.723125
v 0.944008 0.564691 0.150312
v 0.887133 0.564691 0.322969
v 0.690102 0.564691 0.150312
v 0.694164 0.564691 0.554531
v 0.769320 0.564691 0.487500
v 0.253383 0.729222 0.670312
v 0.450414 0.729222 0.641875
v 0.253383 0.554535 0.654062
v 0.661664 0.578910 0.507812
v 0.661664 0.729222 0.530156
v 0.690102 0.564691 0.150312
v 0.690102 0.520003 0.077187
v 0.944008 0.564691 0.150312
v 0.946039 0.517972 0.075156
v 0.690102 0.520003 -0.077188
v 0.946039 0.520003 -0.079219
v 0.578383 1.147660 -0.325000
v 0.580414 1.216722 -0.412344
v 0.578383 1.072503 -0.337187
v 0.578383 1.023753 -0.436719
v 0.578383 1.121253 -0.511875
v 0.578383 1.023753 -0.576875
v 0.661664 0.946566 -0.552500
v 0.663695 1.025785 -0.520000
v 0.661664 0.946566 -0.436719
v 0.661664 1.023753 -0.436719
v 0.663695 1.151722 -0.432656
v 0.663695 1.188285 -0.392031
v 0.661664 0.729222 0.530156
v 0.661664 0.729222 -0.300625
v 0.661664 0.578910 0.507812
v 0.661664 0.599222 -0.509844
v 0.661664 0.820628 -0.436719
v 0.661664 0.820628 -0.524062
v 0.661664 0.729222 0.530156
v 0.769320 0.729222 0.517969
v 0.661664 0.729222 -0.300625
v 0.850570 0.729222 -0.300625
v 0.887133 0.729222 0.365625
v 0.960258 0.729222 0.188906
v 0.887133 0.635785 -0.353438
v 0.828227 0.483441 -0.363594
v 0.769320 0.729222 -0.517969
v 0.619008 0.566722 -0.611406
v 0.690102 0.406253 -0.475313
v 0.619008 0.280316 -0.448906
v 0.690102 0.320941 -0.408281
v 0.253383 0.554535 0.654062
v 0.253383 0.249847 0.479375
v 0.253383 0.550472 0.668281
v 0.253383 0.239691 0.489531
v 0.253383 0.075160 0.174687
v 0.253383 0.060941 0.178750
v 0.253383 0.562660 -0.650000
v 0.253383 0.820628 -0.664219
v 0.253383 0.550472 -0.668281
v 0.253383 0.907972 -0.668281
v 0.253383 0.820628 -0.436719
v 0.253383 1.023753 -0.566719
v 0.253383 1.023753 -0.432656
v 0.253383 1.088753 -0.436719
v 0.253383 1.023753 -0.566719
v 0.253383 1.088753 -0.436719
v 0.253383 1.088753 -0.566719
v 0.253383 1.143597 -0.532187
v 0.253383 1.143597 -0.469219
v 0.361039 0.022347 0.148281
v 0.328539 0.022347 0.160469
v 0.361039 0.091410 0.148281
v 0.253383 0.075160 0.174687
v 0.253383 0.060941 0.178750
v -0.253383 0.075160 0.174687
v -0.253383 0.060941 0.178750
v -0.328539 0.022347 0.160469
v -0.361039 0.091410 -0.148281
v -0.361039 0.022347 -0.148281
v -0.328539 0.022347 -0.160469
v -0.619008 0.566722 0.611406
v -0.328539 0.475316 0.670312
v -0.328539 0.615472 0.706875
v -0.661664 0.578910 0.507812
v -0.661664 0.729222 0.530156
v -0.450414 0.729222 0.641875
v -0.450414 0.729222 0.641875
v -0.442289 0.729222 0.706875
v -0.328539 0.729222 0.723125
v -0.444320 0.105628 0.000000
v -0.661664 0.209222 -0.109688
v -0.661664 0.215316 0.132031
v -0.328539 0.729222 0.723125
v -0.442289 0.729222 0.706875
v -0.328539 0.615472 0.706875
v -0.328539 0.022347 0.160469
v -0.253383 0.060941 0.178750
v -0.328539 0.058910 0.253906
v -0.328539 0.912035 -0.688594
v -0.253383 0.907972 -0.668281
v -0.328539 0.842972 -0.706875
v -0.769320 0.729222 0.517969
v -0.694164 0.564691 0.554531
v -0.619008 0.729222 0.633750
v -0.913539 0.564691 -0.247813
v -0.941977 0.564691 -0.154375
v -0.960258 0.729222 -0.188906
v -0.619008 0.280316 -0.448906
v -0.690102 0.320941 -0.408281
v -0.690102 0.406253 -0.475313
v -0.253383 1.143597 -0.532187
v -0.253383 1.143597 -0.469219
v -0.253383 1.088753 -0.436719
v -0.694164 0.564691 0.554531
v -0.769320 0.564691 0.487500
v -0.887133 0.564691 0.322969
v -0.619008 0.566722 -0.611406
v -0.769320 0.729222 -0.517969
v -0.619008 0.891722 -0.611406
v -0.661664 0.729222 0.530156
v -0.769320 0.729222 0.517969
v -0.619008 0.729222 0.633750
v -0.578383 1.023753 -0.436719
v -0.661664 1.023753 -0.436719
v -0.661664 0.946566 -0.436719
v -0.690102 0.520003 0.077187
v -0.690102 0.170628 0.148281
v -0.690102 0.320941 0.408281
v -0.253383 0.562660 -0.650000
v -0.661664 0.599222 -0.509844
v -0.253383 0.249847 -0.479375
v -0.661664 0.347347 -0.367656
v -0.690102 0.564691 -0.247813
v -0.690102 0.564691 -0.154375
v -0.913539 0.564691 -0.247813
v -0.941977 0.564691 -0.154375
v -0.946039 0.520003 -0.079219
v -0.941977 0.564691 -0.154375
v -0.690102 0.520003 -0.077188
v -0.690102 0.564691 -0.154375
v -0.913539 0.564691 -0.247813
v -0.828227 0.483441 -0.363594
v -0.690102 0.564691 -0.247813
v -0.690102 0.406253 -0.475313
v -0.690102 0.170628 0.148281
v -0.690102 0.520003 0.077187
v -0.690102 0.170628 -0.148281
v -0.690102 0.520003 -0.077188
v -0.690102 0.320941 -0.408281
v -0.690102 0.170628 -0.148281
v -0.690102 0.564691 -0.154375
v -0.690102 0.520003 -0.077188
v -0.690102 0.564691 -0.154375
v -0.690102 0.564691 -0.247813
v -0.690102 0.320941 -0.408281
v -0.690102 0.406253 -0.475313
v -0.690102 0.520003 0.077187
v -0.690102 0.320941 0.408281
v -0.690102 0.564691 0.150312
v -0.694164 0.564691 0.554531
v -0.946039 0.517972 0.075156
v -0.690102 0.520003 0.077187
v -0.944008 0.564691 0.150312
v -0.690102 0.564691 0.150312
v -0.690102 0.520003 0.077187
v -0.946039 0.517972 0.075156
v -0.690102 0.520003 -0.077188
v -0.946039 0.520003 -0.079219
v -0.661664 0.347347 -0.367656
v -0.661664 0.335160 0.355469
v -0.661664 0.209222 -0.109688
v -0.661664 0.215316 0.132031
v -0.661664 0.946566 -0.300625
v -0.809945 0.946566 -0.300625
v -0.661664 0.729222 -0.300625
v -0.850570 0.729222 -0.300625
v -0.887133 0.729222 -0.365625
v -0.850570 0.729222 -0.300625
v -0.836352 0.946566 -0.369687
v -0.809945 0.946566 -0.300625
v -0.769320 0.946566 -0.465156
v -0.836352 0.946566 -0.369687
v -0.661664 0.946566 -0.300625
v -0.809945 0.946566 -0.300625
v -0.661664 0.820628 -0.436719
v -0.661664 0.820628 -0.524062
v -0.253383 0.820628 -0.436719
v -0.253383 0.820628 -0.664219
v -0.253383 1.007504 -0.627656
v -0.328539 1.023753 -0.643906
v -0.253383 1.023753 -0.566719
v -0.363070 1.023753 -0.566719
v -0.578383 1.023753 -0.576875
v -0.578383 1.121253 -0.511875
v -0.578383 1.023753 -0.436719
v -0.580414 1.216722 -0.412344
v -0.661664 1.023753 -0.436719
v -0.663695 1.025785 -0.520000
v -0.661664 0.946566 -0.436719
v -0.661664 0.946566 -0.552500
v -0.661664 0.946566 -0.300625
v -0.661664 0.946566 -0.436719
v -0.769320 0.946566 -0.465156
v -0.661664 0.946566 -0.552500
v -0.661664 0.946566 -0.436719
v -0.661664 0.946566 -0.300625
v -0.661664 0.820628 -0.436719
v -0.661664 0.729222 -0.300625
v -0.663695 1.139535 -0.331094
v -0.578383 1.147660 -0.325000
v -0.663695 1.188285 -0.392031
v -0.580414 1.216722 -0.412344
v -0.253383 0.820628 -0.436719
v -0.578383 1.023753 -0.436719
v -0.661664 0.820628 -0.436719
v -0.661664 0.946566 -0.436719
v -0.850570 0.729222 -0.300625
v -0.769320 0.729222 0.517969
v -0.661664 0.729222 -0.300625
v -0.661664 0.729222 0.530156
v -0.253383 1.023753 -0.432656
v -0.363070 1.023753 -0.436719
v -0.253383 0.820628 -0.436719
v -0.578383 1.023753 -0.436719
v -0.363070 1.143597 -0.530156
v -0.253383 1.143597 -0.532187
v -0.363070 1.088753 -0.566719
v -0.253383 1.088753 -0.566719
v -0.887133 0.635785 -0.353438
v -0.769320 0.729222 -0.517969
v -0.828227 0.483441 -0.363594
v -0.619008 0.566722 -0.611406
v -0.619008 0.280316 -0.448906
v -0.690102 0.406253 -0.475313
v -0.619008 0.566722 -0.611406
v -0.828227 0.483441 -0.363594
v -0.619008 0.117816 -0.162500
v -0.619008 0.280316 -0.448906
v -0.442289 0.117816 -0.353438
v -0.328539 0.174691 -0.452969
v -0.253383 0.562660 -0.650000
v -0.253383 0.820628 -0.664219
v -0.661664 0.599222 -0.509844
v -0.661664 0.820628 -0.524062
v -0.694164 0.564691 0.554531
v -0.887133 0.564691 0.322969
v -0.690102 0.564691 0.150312
v -0.944008 0.564691 0.150312
v -0.363070 1.023753 -0.436719
v -0.253383 1.023753 -0.432656
v -0.363070 1.088753 -0.436719
v -0.253383 1.088753 -0.436719
v -0.363070 1.023753 -0.566719
v -0.363070 1.088753 -0.566719
v -0.253383 1.023753 -0.566719
v -0.253383 1.088753 -0.566719
v -0.363070 1.143597 -0.477344
v -0.363070 1.088753 -0.436719
v -0.253383 1.143597 -0.469219
v -0.253383 1.088753 -0.436719
v -0.253383 1.143597 -0.469219
v -0.253383 1.143597 -0.532187
v -0.363070 1.143597 -0.477344
v -0.363070 1.143597 -0.530156
v -0.253383 0.729222 0.670312
v -0.253383 0.729222 0.692656
v -0.253383 0.554535 0.654062
v -0.253383 0.550472 0.668281
v -0.253383 0.239691 0.489531
v -0.253383 0.249847 0.479375
v -0.253383 0.550472 0.668281
v -0.253383 0.554535 0.654062
v -0.253383 0.060941 0.178750
v -0.253383 0.075160 0.174687
v -0.253383 0.239691 0.489531
v -0.253383 0.249847 0.479375
v -0.253383 0.239691 -0.489531
v -0.253383 0.249847 -0.479375
v -0.253383 0.060941 -0.178750
v -0.253383 0.075160 -0.174688
v -0.253383 0.562660 -0.650000
v -0.253383 0.249847 -0.479375
v -0.253383 0.550472 -0.668281
v -0.253383 0.239691 -0.489531
v -0.253383 0.907972 -0.668281
v -0.253383 0.820628 -0.664219
v -0.253383 0.550472 -0.668281
v -0.253383 0.562660 -0.650000
v -0.328539 0.058910 0.253906
v -0.442289 0.117816 0.353437
v -0.619008 0.117816 0.162500
v -0.619008 0.280316 0.448906
v -0.328539 0.475316 0.670312
v -0.619008 0.566722 0.611406
v -0.442289 0.375785 0.611406
v -0.619008 0.280316 0.448906
v -0.328539 0.729222 0.723125
v -0.328539 0.615472 0.706875
v -0.253383 0.729222 0.692656
v -0.253383 0.550472 0.668281
v -0.578383 1.147660 -0.325000
v -0.578383 1.072503 -0.337187
v -0.580414 1.216722 -0.412344
v -0.578383 1.023753 -0.436719
v -0.253383 0.060941 -0.178750
v -0.253383 0.075160 -0.174688
v -0.328539 0.022347 -0.160469
v -0.361039 0.091410 -0.148281
v -0.444320 0.105628 0.000000
v -0.442289 0.022347 0.000000
v -0.361039 0.091410 -0.148281
v -0.361039 0.022347 -0.148281
v -0.444320 0.105628 0.000000
v -0.361039 0.091410 0.148281
v -0.442289 0.022347 0.000000
v -0.361039 0.022347 0.148281
v -0.253383 0.075160 0.174687
v -0.328539 0.022347 0.160469
v -0.361039 0.091410 0.148281
v -0.361039 0.022347 0.148281
v -0.663695 1.025785 -0.520000
v -0.578383 1.023753 -0.576875
v -0.661664 0.946566 -0.552500
v -0.619008 0.891722 -0.611406
v -0.578383 1.023753 -0.576875
v -0.663695 1.025785 -0.520000
v -0.578383 1.121253 -0.511875
v -0.663695 1.151722 -0.432656
v -0.946039 0.520003 -0.079219
v -0.984633 0.729222 0.000000
v -0.941977 0.564691 -0.154375
v -0.960258 0.729222 -0.188906
v -0.619008 0.566722 -0.611406
v -0.442289 0.729222 -0.706875
v -0.328539 0.615472 -0.706875
v -0.328539 0.842972 -0.706875
v -0.619008 0.117816 -0.162500
v -0.442289 0.117816 -0.353438
v -0.328539 0.058910 -0.253906
v -0.328539 0.174691 -0.452969
v -0.661664 0.729222 -0.300625
v -0.661664 0.599222 -0.509844
v -0.661664 0.820628 -0.436719
v -0.661664 0.820628 -0.524062
v -0.444320 0.105628 0.000000
v -0.661664 0.215316 0.132031
v -0.361039 0.091410 0.148281
v -0.661664 0.335160 0.355469
v -0.661664 0.347347 -0.367656
v -0.661664 0.209222 -0.109688
v -0.361039 0.091410 -0.148281
v -0.444320 0.105628 0.000000
v -0.661664 0.335160 0.355469
v -0.253383 0.249847 0.479375
v -0.361039 0.091410 0.148281
v -0.253383 0.075160 0.174687
v -0.960258 0.729222 0.188906
v -0.887133 0.729222 0.365625
v -0.850570 0.729222 -0.300625
v -0.769320 0.729222 0.517969
v -0.253383 0.729222 0.692656
v -0.253383 0.729222 0.670312
v -0.328539 0.729222 0.723125
v -0.450414 0.729222 0.641875
v -0.442289 0.729222 0.706875
v -0.450414 0.729222 0.641875
v -0.619008 0.729222 0.633750
v -0.661664 0.729222 0.530156
v -0.694164 0.564691 0.554531
v -0.769320 0.729222 0.517969
v -0.769320 0.564691 0.487500
v -0.887133 0.729222 0.365625
v -0.578383 1.121253 -0.511875
v -0.663695 1.151722 -0.432656
v -0.580414 1.216722 -0.412344
v -0.663695 1.188285 -0.392031
v -0.619008 0.280316 0.448906
v -0.690102 0.320941 0.408281
v -0.619008 0.117816 0.162500
v -0.690102 0.170628 0.148281
v -0.690102 0.170628 -0.148281
v -0.619008 0.117816 -0.162500
v -0.690102 0.170628 0.148281
v -0.619008 0.117816 0.162500
v -0.619008 0.117816 -0.162500
v -0.690102 0.170628 -0.148281
v -0.619008 0.280316 -0.448906
v -0.690102 0.320941 -0.408281
v -0.328539 1.023753 -0.643906
v -0.253383 1.007504 -0.627656
v -0.328539 0.912035 -0.688594
v -0.253383 0.907972 -0.668281
v -0.619008 0.729222 0.633750
v -0.619008 0.566722 0.611406
v -0.442289 0.729222 0.706875
v -0.328539 0.615472 0.706875
v -0.619008 0.566722 -0.611406
v -0.619008 0.891722 -0.611406
v -0.442289 0.729222 -0.706875
v -0.328539 0.842972 -0.706875
v -0.769320 0.564691 0.487500
v -0.887133 0.729222 0.365625
v -0.887133 0.564691 0.322969
v -0.960258 0.729222 0.188906
v -0.887133 0.564691 0.322969
v -0.960258 0.729222 0.188906
v -0.944008 0.564691 0.150312
v -0.984633 0.729222 0.000000
v -0.944008 0.564691 0.150312
v -0.984633 0.729222 0.000000
v -0.946039 0.517972 0.075156
v -0.946039 0.520003 -0.079219
v -0.253383 0.554535 0.654062
v -0.253383 0.249847 0.479375
v -0.661664 0.578910 0.507812
v -0.661664 0.335160 0.355469
v -0.253383 0.075160 -0.174688
v -0.253383 0.249847 -0.479375
v -0.361039 0.091410 -0.148281
v -0.661664 0.347347 -0.367656
v -0.578383 1.072503 -0.337187
v -0.661664 1.072503 -0.337187
v -0.578383 1.023753 -0.436719
v -0.661664 1.023753 -0.436719
v -0.578383 1.147660 -0.325000
v -0.663695 1.139535 -0.331094
v -0.578383 1.072503 -0.337187
v -0.661664 1.072503 -0.337187
v -0.661664 0.578910 0.507812
v -0.450414 0.729222 0.641875
v -0.253383 0.554535 0.654062
v -0.253383 0.729222 0.670312
v -0.253383 0.907972 -0.668281
v -0.253383 0.550472 -0.668281
v -0.328539 0.842972 -0.706875
v -0.328539 0.615472 -0.706875
v -0.328539 0.475316 -0.670313
v -0.769320 0.729222 -0.517969
v -0.769320 0.863285 -0.499687
v -0.619008 0.891722 -0.611406
v -0.661664 0.946566 -0.552500
v -0.769320 0.946566 -0.465156
v -0.619008 0.729222 0.633750
v -0.694164 0.564691 0.554531
v -0.619008 0.566722 0.611406
v -0.619008 0.280316 0.448906
v -0.690102 0.320941 0.408281
v -0.253383 0.060941 0.178750
v -0.253383 0.239691 0.489531
v -0.328539 0.058910 0.253906
v -0.328539 0.174691 0.452969
v -0.328539 0.276253 0.554531
v -0.328539 0.058910 0.253906
v -0.328539 0.174691 0.452969
v -0.442289 0.117816 0.353437
v -0.619008 0.280316 0.448906
v -0.328539 0.276253 0.554531
v -0.442289 0.375785 0.611406
v -0.328539 0.475316 0.670312
v -0.253383 0.239691 0.489531
v -0.253383 0.550472 0.668281
v -0.328539 0.276253 0.554531
v -0.328539 0.475316 0.670312
v -0.328539 0.615472 0.706875
v -0.887133 0.729222 -0.365625
v -0.887133 0.635785 -0.353438
v -0.960258 0.729222 -0.188906
v -0.913539 0.564691 -0.247813
v -0.828227 0.483441 -0.363594
v -0.661664 0.347347 -0.367656
v -0.661664 0.599222 -0.509844
v -0.661664 0.335160 0.355469
v -0.661664 0.578910 0.507812
v -0.661664 0.729222 -0.300625
v -0.661664 0.729222 0.530156
v -0.887133 0.729222 -0.365625
v -0.960258 0.729222 -0.188906
v -0.850570 0.729222 -0.300625
v -0.960258 0.729222 0.188906
v -0.984633 0.729222 0.000000
v -0.663695 1.025785 -0.520000
v -0.661664 1.023753 -0.436719
v -0.663695 1.151722 -0.432656
v -0.663695 1.188285 -0.392031
v -0.661664 1.072503 -0.337187
v -0.663695 1.139535 -0.331094
v -0.619008 0.280316 -0.448906
v -0.619008 0.566722 -0.611406
v -0.442289 0.375785 -0.611406
v -0.328539 0.475316 -0.670313
v -0.328539 0.615472 -0.706875
v -0.887133 0.635785 -0.353438
v -0.887133 0.729222 -0.365625
v -0.769320 0.729222 -0.517969
v -0.769320 0.863285 -0.499687
v -0.836352 0.946566 -0.369687
v -0.769320 0.946566 -0.465156
v -0.253383 0.550472 -0.668281
v -0.253383 0.239691 -0.489531
v -0.328539 0.475316 -0.670313
v -0.328539 0.276253 -0.554531
v -0.328539 0.174691 -0.452969
v -0.253383 0.239691 -0.489531
v -0.253383 0.060941 -0.178750
v -0.328539 0.174691 -0.452969
v -0.328539 0.058910 -0.253906
v -0.328539 0.022347 -0.160469
v -0.619008 0.117816 0.162500
v -0.619008 0.117816 -0.162500
v -0.442289 0.022347 0.000000
v -0.361039 0.022347 -0.148281
v -0.328539 0.058910 -0.253906
v -0.328539 0.022347 -0.160469
v -0.363070 1.023753 -0.436719
v -0.363070 1.088753 -0.436719
v -0.363070 1.023753 -0.566719
v -0.363070 1.088753 -0.566719
v -0.363070 1.143597 -0.477344
v -0.363070 1.143597 -0.530156
v -0.253383 0.820628 -0.664219
v -0.253383 0.907972 -0.668281
v -0.253383 0.820628 -0.436719
v -0.253383 1.023753 -0.566719
v -0.253383 1.007504 -0.627656
v -0.253383 0.820628 -0.436719
v -0.253383 1.023753 -0.566719
v -0.253383 1.023753 -0.432656
v -0.253383 1.088753 -0.436719
v -0.253383 1.088753 -0.566719
v -0.253383 1.143597 -0.532187
v -0.442289 0.022347 0.000000
v -0.361039 0.022347 0.148281
v -0.619008 0.117816 0.162500
v -0.328539 0.058910 0.253906
v -0.328539 0.022347 0.160469
v -0.363070 1.023753 -0.436719
v -0.363070 1.023753 -0.566719
v -0.578383 1.023753 -0.436719
v -0.578383 1.023753 -0.576875
v -0.328539 1.023753 -0.643906
v -0.328539 1.023753 -0.643906
v -0.328539 0.912035 -0.688594
v -0.578383 1.023753 -0.576875
v -0.619008 0.891722 -0.611406
v -0.328539 0.842972 -0.706875
v -0.328539 0.475316 -0.670313
v -0.328539 0.276253 -0.554531
v -0.442289 0.375785 -0.611406
v -0.619008 0.280316 -0.448906
v -0.328539 0.174691 -0.452969
v 0.691151 0.534803 0.232397
v 0.794745 0.385752 0.160853
v 0.689120 0.385752 0.160853
v 0.691151 0.483786 0.806109
v 0.691151 0.255522 0.999714
v 0.770370 0.228119 0.944346
v 0.691151 0.277269 0.227288
v 0.892245 0.270322 0.246375
v 0.691151 0.218217 0.389532
v 0.943026 0.181011 0.622413
v 0.940995 0.113313 0.677753
v 0.691151 0.183614 0.621199
v 0.691151 0.113313 0.677753
v 0.691151 0.585911 0.525523
v 0.691151 0.237108 0.474225
v 0.691151 0.483786 0.806109
v 0.691151 0.183614 0.621199
v 0.691151 0.218217 0.389532
v 0.691151 0.237108 0.474225
v 0.691151 0.534803 0.232397
v 0.691151 0.585911 0.525523
v 0.770370 0.525694 0.518737
v 0.691151 0.585911 0.525523
v 0.770370 0.433296 0.772601
v 0.691151 0.483786 0.806109
v 0.691151 0.534803 0.232397
v 0.691151 0.585911 0.525523
v 0.770370 0.478221 0.257196
v 0.770370 0.525694 0.518737
v 0.691151 0.081356 0.765555
v 0.691151 0.113313 0.677753
v 0.912558 0.081356 0.765555
v 0.940995 0.113313 0.677753
v 0.912558 0.081356 0.765555
v 0.829276 0.118106 0.902143
v 0.691151 0.081356 0.765555
v 0.691151 0.150520 1.032830
v 0.912558 0.081356 0.765555
v 0.940995 0.113313 0.677753
v 0.886151 0.246743 0.756580
v 0.943026 0.181011 0.622413
v 0.829276 0.118106 0.902143
v 0.770370 0.228119 0.944346
v 0.691151 0.150520 1.032830
v 0.691151 0.255522 0.999714
v 0.770370 0.433296 0.772601
v 0.886151 0.246743 0.756580
v 0.886151 0.353865 0.598863
v 0.943026 0.181011 0.622413
v 0.770370 0.525694 0.518737
v 0.886151 0.372489 0.411096
v 0.770370 0.478221 0.257196
v 0.892245 0.270322 0.246375
v 0.770370 0.433296 0.772601
v 0.886151 0.353865 0.598863
v 0.770370 0.525694 0.518737
v 0.886151 0.372489 0.411096
v 0.689120 0.385752 0.160853
v 0.691151 0.277269 0.227288
v 0.691151 0.534803 0.232397
v 0.691151 0.218217 0.389532
v 0.892245 0.270322 0.246375
v 0.794745 0.385752 0.160853
v 0.770370 0.478221 0.257196
v 0.691151 0.534803 0.232397
v 0.892245 0.270322 0.246375
v 0.691151 0.277269 0.227288
v 0.794745 0.385752 0.160853
v 0.689120 0.385752 0.160853
v 0.691151 0.237108 0.474225
v 0.943026 0.236414 0.476134
v 0.691151 0.183614 0.621199
v 0.943026 0.181011 0.622413
v 0.691151 0.150520 1.032830
v 0.691151 0.255522 0.999714
v 0.691151 0.081356 0.765555
v 0.691151 0.113313 0.677753
v 0.691151 0.483786 0.806109
v 0.691151 0.183614 0.621199
v 0.892245 0.270322 0.246375
v 0.886151 0.372489 0.411096
v 0.943026 0.218217 0.389532
v 0.943026 0.236414 0.476134
v 0.886151 0.353865 0.598863
v 0.943026 0.181011 0.622413
v 0.912558 0.081356 0.765555
v 0.886151 0.246743 0.756580
v 0.829276 0.118106 0.902143
v 0.770370 0.228119 0.944346
v 0.770370 0.433296 0.772601
v 0.691151 0.483786 0.806109
v 0.892245 0.270322 0.246375
v 0.943026 0.218217 0.389532
v 0.691151 0.218217 0.389532
v 0.691151 0.237108 0.474225
v 0.943026 0.236414 0.476134
v -0.691151 0.277269 0.227288
v -0.691151 0.218217 0.389532
v -0.892245 0.270322 0.246375
v -0.691151 0.277269 0.227288
v -0.689120 0.385752 0.160853
v -0.691151 0.534803 0.232397
v -0.691151 0.113313 0.677753
v -0.691151 0.483786 0.806109
v -0.691151 0.255522 0.999714
v -0.691151 0.237108 0.474225
v -0.943026 0.236414 0.476134
v -0.943026 0.218217 0.389532
v -0.691151 0.237108 0.474225
v -0.691151 0.483786 0.806109
v -0.691151 0.183614 0.621199
v -0.691151 0.113313 0.677753
v -0.691151 0.113313 0.677753
v -0.691151 0.255522 0.999714
v -0.691151 0.081356 0.765555
v -0.691151 0.150520 1.032830
v -0.943026 0.181011 0.622413
v -0.943026 0.236414 0.476134
v -0.691151 0.183614 0.621199
v -0.691151 0.237108 0.474225
v -0.912558 0.081356 0.765555
v -0.691151 0.081356 0.765555
v -0.829276 0.118106 0.902143
v -0.691151 0.150520 1.032830
v -0.943026 0.181011 0.622413
v -0.691151 0.183614 0.621199
v -0.940995 0.113313 0.677753
v -0.691151 0.113313 0.677753
v -0.892245 0.270322 0.246375
v -0.770370 0.478221 0.257196
v -0.794745 0.385752 0.160853
v -0.691151 0.534803 0.232397
v -0.943026 0.236414 0.476134
v -0.886151 0.372489 0.411096
v -0.943026 0.218217 0.389532
v -0.892245 0.270322 0.246375
v -0.943026 0.181011 0.622413
v -0.886151 0.353865 0.598863
v -0.943026 0.236414 0.476134
v -0.886151 0.372489 0.411096
v -0.912558 0.081356 0.765555
v -0.886151 0.246743 0.756580
v -0.940995 0.113313 0.677753
v -0.943026 0.181011 0.622413
v -0.940995 0.113313 0.677753
v -0.691151 0.113313 0.677753
v -0.912558 0.081356 0.765555
v -0.691151 0.081356 0.765555
v -0.770370 0.525694 0.518737
v -0.770370 0.433296 0.772601
v -0.691151 0.585911 0.525523
v -0.691151 0.483786 0.806109
v -0.691151 0.534803 0.232397
v -0.770370 0.478221 0.257196
v -0.691151 0.585911 0.525523
v -0.770370 0.525694 0.518737
v -0.691151 0.237108 0.474225
v -0.943026 0.218217 0.389532
v -0.691151 0.218217 0.389532
v -0.892245 0.270322 0.246375
v -0.892245 0.270322 0.246375
v -0.794745 0.385752 0.160853
v -0.691151 0.277269 0.227288
v -0.689120 0.385752 0.160853
v -0.691151 0.534803 0.232397
v -0.912558 0.081356 0.765555
v -0.829276 0.118106 0.902143
v -0.886151 0.246743 0.756580
v -0.770370 0.228119 0.944346
v -0.691151 0.150520 1.032830
v -0.691151 0.255522 0.999714
v -0.943026 0.181011 0.622413
v -0.886151 0.246743 0.756580
v -0.886151 0.353865 0.598863
v -0.770370 0.433296 0.772601
v -0.770370 0.228119 0.944346
v -0.691151 0.483786 0.806109
v -0.691151 0.255522 0.999714
v -0.892245 0.270322 0.246375
v -0.886151 0.372489 0.411096
v -0.770370 0.478221 0.257196
v -0.770370 0.525694 0.518737
v -0.886151 0.353865 0.598863
v -0.770370 0.433296 0.772601
v -0.691151 0.483786 0.806109
v -0.691151 0.237108 0.474225
v -0.691151 0.585911 0.525523
v -0.691151 0.534803 0.232397
v -0.691151 0.218217 0.389532
v -0.691151 0.277269 0.227288
v -0.310781 0.997347 -0.014219
v -0.268125 0.869378 0.050781
v -0.239687 0.905941 0.103594
v 0.000000 1.167972 0.310781
v -0.136094 1.107035 0.276250
v -0.054844 1.100941 0.444844
v -0.280312 0.820628 0.010156
v -0.298594 0.873441 -0.032500
v -0.266094 0.873441 -0.036562
v -0.152344 1.308128 -0.030469
v -0.184844 1.259378 -0.065000
v -0.170625 1.344691 -0.162500
v -0.280312 1.314222 0.034531
v -0.247812 1.206566 0.050781
v -0.174687 1.283753 0.093438
v 0.221406 1.046097 0.134063
v 0.180781 0.991253 0.195000
v 0.180781 0.926253 0.142188
v 0.188906 0.916097 0.101563
v 0.180781 0.926253 0.142188
v 0.000000 0.946566 0.113750
v 0.253906 1.102972 -0.046719
v 0.148281 1.090785 -0.255937
v 0.127969 1.273597 -0.164531
v 0.136094 1.001410 0.381875
v 0.000000 0.997347 0.205156
v 0.150312 0.989222 0.314844
v 0.075156 0.966878 0.414375
v 0.136094 1.001410 0.381875
v 0.052812 1.100941 0.444844
v 0.278281 0.820628 0.010156
v 0.264062 0.873441 -0.036562
v 0.298594 0.873441 -0.032500
v 0.325000 1.001410 -0.134062
v 0.316875 1.107035 -0.140156
v 0.310781 0.997347 -0.014219
v 0.333125 0.940472 -0.172656
v 0.355469 0.979066 -0.253906
v 0.325000 1.001410 -0.134062
v 0.150312 1.308128 -0.030469
v 0.170625 1.344691 -0.162500
v 0.184844 1.259378 -0.065000
v 0.280312 1.314222 0.034531
v 0.172656 1.283753 0.093438
v 0.245781 1.206566 0.050781
v 0.107656 0.824691 0.314844
v 0.099531 0.916097 0.369688
v 0.095469 0.926253 0.349375
v 0.121875 0.922191 0.375781
v 0.099531 0.916097 0.369688
v 0.107656 0.824691 0.314844
v 0.095469 0.926253 0.349375
v 0.136094 0.924222 0.318906
v 0.107656 0.824691 0.314844
v 0.150312 0.997347 0.253906
v 0.144219 0.968910 0.280313
v 0.138125 0.993285 0.302656
v 0.150312 0.997347 0.253906
v 0.162500 1.001410 0.209219
v 0.158437 0.972972 0.223438
v 0.032500 0.977035 0.410313
v 0.004062 0.936410 0.400156
v 0.000000 0.977035 0.410313
v 0.038594 0.975003 0.416406
v 0.085313 0.977035 0.396094
v 0.048750 0.928285 0.394063
v 0.162500 1.001410 0.209219
v 0.170625 0.999378 0.233594
v 0.158437 0.972972 0.223438
v 0.170625 0.999378 0.233594
v 0.150312 0.997347 0.253906
v 0.158437 0.972972 0.223438
v 0.069063 0.968910 0.412344
v 0.038594 0.975003 0.416406
v 0.048750 0.928285 0.394063
v 0.085313 0.977035 0.396094
v 0.069063 0.968910 0.412344
v 0.048750 0.928285 0.394063
v 0.032500 0.977035 0.410313
v 0.016250 0.975003 0.420469
v 0.004062 0.936410 0.400156
v 0.016250 0.975003 0.420469
v 0.000000 0.977035 0.410313
v 0.004062 0.936410 0.400156
v 0.150312 0.997347 0.253906
v 0.154375 0.993285 0.282344
v 0.144219 0.968910 0.280313
v 0.154375 0.993285 0.282344
v 0.138125 0.993285 0.302656
v 0.144219 0.968910 0.280313
v -0.107656 0.824691 0.314844
v -0.095469 0.926253 0.349375
v -0.099531 0.916097 0.369688
v -0.150312 0.997347 0.253906
v -0.138125 0.993285 0.302656
v -0.144219 0.968910 0.280313
v -0.150312 0.997347 0.253906
v -0.158437 0.972972 0.223438
v -0.162500 1.001410 0.209219
v -0.032500 0.977035 0.410313
v 0.000000 0.977035 0.410313
v -0.004062 0.936410 0.400156
v -0.038594 0.975003 0.416406
v -0.048750 0.928285 0.394063
v -0.085313 0.977035 0.396094
v -0.162500 1.001410 0.209219
v -0.158437 0.972972 0.223438
v -0.170625 0.999378 0.233594
v -0.170625 0.999378 0.233594
v -0.158437 0.972972 0.223438
v -0.150312 0.997347 0.253906
v -0.069063 0.968910 0.412344
v -0.048750 0.928285 0.394063
v -0.038594 0.975003 0.416406
v -0.085313 0.977035 0.396094
v -0.048750 0.928285 0.394063
v -0.069063 0.968910 0.412344
v -0.032500 0.977035 0.410313
v -0.004062 0.936410 0.400156
v -0.016250 0.975003 0.420469
v -0.016250 0.975003 0.420469
v -0.004062 0.936410 0.400156
v 0.000000 0.977035 0.410313
v -0.150312 0.997347 0.253906
v -0.144219 0.968910 0.280313
v -0.154375 0.993285 0.282344
v -0.154375 0.993285 0.282344
v -0.144219 0.968910 0.280313
v -0.138125 0.993285 0.302656
v 0.000000 1.334535 0.233594
v -0.164531 1.251253 0.182813
v 0.000000 1.167972 0.310781
v -0.136094 1.107035 0.276250
v -0.174687 1.283753 0.093438
v -0.164531 1.251253 0.182813
v -0.085313 1.328441 0.142188
v 0.000000 1.334535 0.233594
v -0.174687 1.283753 0.093438
v -0.249844 1.184222 0.117813
v -0.164531 1.251253 0.182813
v -0.136094 1.107035 0.276250
v -0.280312 1.314222 0.034531
v -0.170625 1.344691 -0.162500
v -0.247812 1.206566 0.050781
v -0.184844 1.259378 -0.065000
v -0.276250 1.111097 0.024375
v -0.247812 1.206566 0.050781
v -0.253906 1.102972 -0.046719
v -0.184844 1.259378 -0.065000
v -0.152344 1.308128 -0.030469
v -0.170625 1.344691 -0.162500
v -0.174687 1.283753 0.093438
v -0.280312 1.314222 0.034531
v -0.343281 1.157816 -0.215312
v -0.316875 1.107035 -0.140156
v -0.298594 1.153753 -0.093437
v -0.294531 1.125316 -0.077187
v -0.253906 1.102972 -0.046719
v -0.288437 1.107035 -0.154375
v -0.266094 1.153753 -0.103594
v -0.325000 1.157816 -0.227500
v -0.339219 0.979066 -0.268125
v -0.294531 0.999378 -0.148281
v -0.306719 0.940472 -0.186875
v -0.286406 0.891722 -0.130000
v -0.325000 1.157816 -0.227500
v -0.343281 1.157816 -0.215312
v -0.266094 1.153753 -0.103594
v -0.298594 1.153753 -0.093437
v -0.325000 1.157816 -0.227500
v -0.288437 1.107035 -0.154375
v -0.343281 1.157816 -0.215312
v -0.316875 1.107035 -0.140156
v -0.341250 1.058285 -0.251875
v -0.359531 1.058285 -0.239687
v -0.288437 1.107035 -0.154375
v -0.316875 1.107035 -0.140156
v 0.148281 1.090785 -0.255937
v 0.253906 1.102972 -0.046719
v 0.264062 0.818597 -0.197031
v 0.284375 0.891722 -0.130000
v 0.000000 0.975003 0.422500
v 0.000000 0.997347 0.205156
v 0.075156 0.966878 0.414375
v 0.136094 1.001410 0.381875
v -0.276250 1.111097 0.024375
v -0.249844 1.184222 0.117813
v -0.247812 1.206566 0.050781
v -0.174687 1.283753 0.093438
v -0.152344 0.989222 0.314844
v -0.136094 1.107035 0.276250
v -0.176719 0.999378 0.227500
v -0.182812 0.991253 0.195000
v 0.000000 0.975003 0.422500
v 0.000000 1.094847 0.457031
v -0.054844 1.100941 0.444844
v 0.000000 1.167972 0.310781
v -0.276250 1.111097 0.024375
v -0.221406 1.046097 0.134063
v -0.249844 1.184222 0.117813
v -0.136094 1.107035 0.276250
v -0.359531 1.058285 -0.239687
v -0.339219 1.037972 -0.182812
v -0.316875 1.107035 -0.140156
v -0.327031 1.001410 -0.134062
v -0.286406 0.891722 -0.130000
v -0.266094 0.818597 -0.197031
v -0.266094 0.873441 -0.036562
v -0.280312 0.820628 0.010156
v -0.280312 0.820628 0.010156
v -0.310781 0.997347 -0.014219
v -0.298594 0.873441 -0.032500
v -0.318906 0.891722 -0.117812
v 0.000000 0.983128 -0.387969
v -0.150312 1.090785 -0.255937
v 0.000000 1.354847 -0.215312
v -0.130000 1.273597 -0.164531
v -0.266094 0.818597 -0.197031
v -0.150312 1.090785 -0.255937
v -0.148281 0.932347 -0.327031
v 0.000000 0.983128 -0.387969
v -0.270156 0.820628 0.036563
v -0.268125 0.869378 0.050781
v -0.280312 0.820628 0.010156
v -0.310781 0.997347 -0.014219
v 0.000000 0.975003 0.422500
v -0.077187 0.966878 0.414375
v 0.000000 0.997347 0.205156
v -0.136094 1.001410 0.381875
v -0.182812 0.926253 0.142188
v -0.182812 0.991253 0.195000
v -0.221406 1.046097 0.134063
v -0.136094 1.107035 0.276250
v 0.188906 0.916097 0.101563
v 0.188906 0.820628 0.095469
v 0.268125 0.869378 0.050781
v 0.268125 0.820628 0.036563
v 0.000000 0.946566 0.113750
v 0.000000 0.820628 0.105625
v 0.188906 0.916097 0.101563
v 0.188906 0.820628 0.095469
v 0.264062 0.818597 -0.197031
v 0.146250 0.932347 -0.327031
v 0.148281 1.090785 -0.255937
v 0.000000 0.983128 -0.387969
v 0.316875 0.891722 -0.117812
v 0.284375 0.891722 -0.130000
v 0.333125 0.940472 -0.172656
v 0.306719 0.940472 -0.186875
v 0.325000 1.001410 -0.134062
v 0.294531 0.999378 -0.148281
v 0.337187 1.037972 -0.182812
v 0.312812 1.037972 -0.197031
v 0.052812 1.100941 0.444844
v 0.136094 1.001410 0.381875
v 0.136094 1.107035 0.276250
v 0.150312 0.989222 0.314844
v 0.000000 1.391410 -0.056875
v 0.150312 1.308128 -0.030469
v 0.000000 1.354847 -0.215312
v 0.184844 1.259378 -0.065000
v 0.284375 0.891722 -0.130000
v 0.264062 0.873441 -0.036562
v 0.264062 0.818597 -0.197031
v 0.278281 0.820628 0.010156
v 0.221406 1.046097 0.134063
v 0.274219 1.111097 0.024375
v 0.247812 1.184222 0.117813
v 0.245781 1.206566 0.050781
v 0.357500 1.058285 -0.239687
v 0.316875 1.107035 -0.140156
v 0.337187 1.037972 -0.182812
v 0.325000 1.001410 -0.134062
v 0.180781 0.991253 0.195000
v 0.221406 1.046097 0.134063
v 0.136094 1.107035 0.276250
v 0.247812 1.184222 0.117813
v 0.180781 0.926253 0.142188
v 0.188906 0.916097 0.101563
v 0.239687 0.905941 0.103594
v 0.268125 0.869378 0.050781
v 0.298594 0.873441 -0.032500
v 0.264062 0.873441 -0.036562
v 0.316875 0.891722 -0.117812
v 0.284375 0.891722 -0.130000
v 0.136094 1.107035 0.276250
v 0.000000 1.167972 0.310781
v 0.052812 1.100941 0.444844
v 0.000000 1.094847 0.457031
v 0.000000 1.094847 0.457031
v 0.000000 0.975003 0.422500
v 0.052812 1.100941 0.444844
v 0.075156 0.966878 0.414375
v 0.150312 0.989222 0.314844
v 0.174687 0.999378 0.227500
v 0.136094 1.107035 0.276250
v 0.180781 0.991253 0.195000
v 0.294531 1.125316 -0.077187
v 0.253906 1.102972 -0.046719
v 0.288437 1.102972 -0.038594
v 0.274219 1.111097 0.024375
v 0.333125 0.940472 -0.172656
v 0.306719 0.940472 -0.186875
v 0.355469 0.979066 -0.253906
v 0.339219 0.979066 -0.268125
v 0.339219 0.979066 -0.268125
v 0.294531 0.999378 -0.148281
v 0.355469 0.979066 -0.253906
v 0.325000 1.001410 -0.134062
v 0.337187 1.037972 -0.182812
v 0.312812 1.037972 -0.197031
v 0.357500 1.058285 -0.239687
v 0.341250 1.058285 -0.251875
v 0.341250 1.058285 -0.251875
v 0.286406 1.107035 -0.154375
v 0.357500 1.058285 -0.239687
v 0.316875 1.107035 -0.140156
v 0.316875 1.107035 -0.140156
v 0.286406 1.107035 -0.154375
v 0.343281 1.157816 -0.215312
v 0.322969 1.157816 -0.227500
v 0.322969 1.157816 -0.227500
v 0.266094 1.153753 -0.103594
v 0.343281 1.157816 -0.215312
v 0.296562 1.153753 -0.093437
v 0.339219 0.979066 -0.268125
v 0.306719 0.940472 -0.186875
v 0.294531 0.999378 -0.148281
v 0.284375 0.891722 -0.130000
v 0.294531 0.999378 -0.148281
v 0.286406 1.107035 -0.154375
v 0.312812 1.037972 -0.197031
v 0.341250 1.058285 -0.251875
v 0.343281 1.157816 -0.215312
v 0.296562 1.153753 -0.093437
v 0.316875 1.107035 -0.140156
v 0.294531 1.125316 -0.077187
v 0.333125 0.940472 -0.172656
v 0.325000 1.001410 -0.134062
v 0.316875 0.891722 -0.117812
v 0.310781 0.997347 -0.014219
v 0.296562 1.153753 -0.093437
v 0.266094 1.153753 -0.103594
v 0.294531 1.125316 -0.077187
v 0.253906 1.102972 -0.046719
v 0.280312 1.314222 0.034531
v 0.170625 1.344691 -0.162500
v 0.172656 1.283753 0.093438
v 0.150312 1.308128 -0.030469
v 0.280312 1.314222 0.034531
v 0.245781 1.206566 0.050781
v 0.170625 1.344691 -0.162500
v 0.184844 1.259378 -0.065000
v 0.000000 1.391410 -0.056875
v 0.085313 1.328441 0.142188
v 0.150312 1.308128 -0.030469
v 0.172656 1.283753 0.093438
v 0.000000 1.167972 0.310781
v 0.164531 1.251253 0.182813
v 0.000000 1.334535 0.233594
v 0.085313 1.328441 0.142188
v 0.247812 1.184222 0.117813
v 0.164531 1.251253 0.182813
v 0.136094 1.107035 0.276250
v 0.000000 1.167972 0.310781
v 0.083281 0.985160 0.373750
v 0.095469 0.926253 0.349375
v 0.089375 0.981097 0.387969
v 0.099531 0.916097 0.369688
v 0.121875 0.922191 0.375781
v 0.107656 0.824691 0.314844
v 0.138125 0.930316 0.363594
v 0.136094 0.924222 0.318906
v 0.136094 1.001410 0.381875
v 0.138125 0.930316 0.363594
v 0.144219 0.995316 0.331094
v 0.136094 0.924222 0.318906
v 0.136094 0.924222 0.318906
v 0.095469 0.926253 0.349375
v 0.144219 0.995316 0.331094
v 0.083281 0.985160 0.373750
v -0.099531 0.916097 0.369688
v -0.095469 0.926253 0.349375
v -0.089375 0.981097 0.387969
v -0.083281 0.985160 0.373750
v -0.121875 0.922191 0.375781
v -0.119844 0.993285 0.390000
v -0.138125 0.930316 0.363594
v -0.136094 1.001410 0.381875
v -0.121875 0.922191 0.375781
v -0.138125 0.930316 0.363594
v -0.107656 0.824691 0.314844
v -0.136094 0.924222 0.318906
v -0.182812 0.926253 0.142188
v 0.000000 0.946566 0.113750
v -0.182812 0.991253 0.195000
v 0.000000 0.997347 0.205156
v -0.339219 0.979066 -0.268125
v -0.357500 0.979066 -0.253906
v -0.294531 0.999378 -0.148281
v -0.327031 1.001410 -0.134062
v -0.136094 0.924222 0.318906
v -0.138125 0.930316 0.363594
v -0.144219 0.995316 0.331094
v -0.136094 1.001410 0.381875
v -0.276250 1.111097 0.024375
v -0.253906 1.102972 -0.046719
v -0.288437 1.102972 -0.038594
v -0.294531 1.125316 -0.077187
v -0.266094 1.153753 -0.103594
v -0.298594 1.153753 -0.093437
v -0.083281 0.985160 0.373750
v -0.095469 0.926253 0.349375
v -0.144219 0.995316 0.331094
v -0.136094 0.924222 0.318906
v -0.107656 0.824691 0.314844
v 0.136094 1.001410 0.381875
v 0.119844 0.993285 0.390000
v 0.138125 0.930316 0.363594
v 0.121875 0.922191 0.375781
v 0.089375 0.981097 0.387969
v 0.099531 0.916097 0.369688
v 0.274219 1.111097 0.024375
v 0.253906 1.102972 -0.046719
v 0.245781 1.206566 0.050781
v 0.184844 1.259378 -0.065000
v 0.127969 1.273597 -0.164531
v 0.000000 1.354847 -0.215312
v 0.148281 1.090785 -0.255937
v 0.000000 0.983128 -0.387969
v 0.221406 1.046097 0.134063
v 0.310781 0.997347 -0.014219
v 0.274219 1.111097 0.024375
v 0.288437 1.102972 -0.038594
v 0.316875 1.107035 -0.140156
v 0.294531 1.125316 -0.077187
v 0.322969 1.157816 -0.227500
v 0.286406 1.107035 -0.154375
v 0.266094 1.153753 -0.103594
v 0.253906 1.102972 -0.046719
v 0.294531 0.999378 -0.148281
v 0.284375 0.891722 -0.130000
v 0.180781 0.926253 0.142188
v 0.180781 0.991253 0.195000
v 0.000000 0.946566 0.113750
v 0.000000 0.997347 0.205156
v 0.174687 0.999378 0.227500
v 0.150312 0.989222 0.314844
v 0.085313 1.328441 0.142188
v 0.000000 1.391410 -0.056875
v 0.000000 1.334535 0.233594
v -0.085313 1.328441 0.142188
v -0.152344 1.308128 -0.030469
v -0.174687 1.283753 0.093438
v 0.245781 1.206566 0.050781
v 0.172656 1.283753 0.093438
v 0.247812 1.184222 0.117813
v 0.164531 1.251253 0.182813
v 0.085313 1.328441 0.142188
v 0.316875 0.891722 -0.117812
v 0.310781 0.997347 -0.014219
v 0.298594 0.873441 -0.032500
v 0.278281 0.820628 0.010156
v 0.268125 0.869378 0.050781
v 0.268125 0.820628 0.036563
v 0.180781 0.926253 0.142188
v 0.239687 0.905941 0.103594
v 0.221406 1.046097 0.134063
v 0.310781 0.997347 -0.014219
v 0.268125 0.869378 0.050781
v -0.182812 0.926253 0.142188
v -0.221406 1.046097 0.134063
v -0.239687 0.905941 0.103594
v -0.310781 0.997347 -0.014219
v -0.276250 1.111097 0.024375
v -0.288437 1.102972 -0.038594
v -0.119844 0.993285 0.390000
v -0.121875 0.922191 0.375781
v -0.089375 0.981097 0.387969
v -0.099531 0.916097 0.369688
v -0.107656 0.824691 0.314844
v -0.310781 0.997347 -0.014219
v -0.327031 1.001410 -0.134062
v -0.318906 0.891722 -0.117812
v -0.335156 0.940472 -0.172656
v -0.357500 0.979066 -0.253906
v -0.341250 1.058285 -0.251875
v -0.288437 1.107035 -0.154375
v -0.312812 1.037972 -0.197031
v -0.294531 0.999378 -0.148281
v -0.253906 1.102972 -0.046719
v -0.286406 0.891722 -0.130000
v -0.327031 1.001410 -0.134062
v -0.339219 1.037972 -0.182812
v -0.294531 0.999378 -0.148281
v -0.312812 1.037972 -0.197031
v -0.359531 1.058285 -0.239687
v -0.341250 1.058285 -0.251875
v -0.298594 0.873441 -0.032500
v -0.318906 0.891722 -0.117812
v -0.266094 0.873441 -0.036562
v -0.286406 0.891722 -0.130000
v -0.335156 0.940472 -0.172656
v -0.306719 0.940472 -0.186875
v -0.357500 0.979066 -0.253906
v -0.339219 0.979066 -0.268125
v -0.294531 1.125316 -0.077187
v -0.316875 1.107035 -0.140156
v -0.288437 1.102972 -0.038594
v -0.310781 0.997347 -0.014219
v -0.327031 1.001410 -0.134062
v -0.182812 0.991253 0.195000
v 0.000000 0.997347 0.205156
v -0.176719 0.999378 0.227500
v -0.152344 0.989222 0.314844
v -0.136094 1.001410 0.381875
v -0.268125 0.869378 0.050781
v -0.188906 0.916097 0.101563
v -0.239687 0.905941 0.103594
v -0.182812 0.926253 0.142188
v 0.000000 0.946566 0.113750
v -0.253906 1.102972 -0.046719
v -0.184844 1.259378 -0.065000
v -0.130000 1.273597 -0.164531
v 0.000000 1.354847 -0.215312
v -0.152344 1.308128 -0.030469
v 0.000000 1.391410 -0.056875
v 0.000000 0.975003 0.422500
v -0.054844 1.100941 0.444844
v -0.077187 0.966878 0.414375
v -0.136094 1.001410 0.381875
v -0.136094 1.107035 0.276250
v -0.152344 0.989222 0.314844
v 0.000000 0.946566 0.113750
v -0.188906 0.916097 0.101563
v 0.000000 0.820628 0.105625
v -0.188906 0.820628 0.095469
v -0.268125 0.869378 0.050781
v -0.270156 0.820628 0.036563
v -0.286406 0.891722 -0.130000
v -0.253906 1.102972 -0.046719
v -0.266094 0.818597 -0.197031
v -0.150312 1.090785 -0.255937
v -0.130000 1.273597 -0.164531
v 0.018281 0.891266 0.302226
v 0.018281 0.929860 0.292070
v 0.000000 0.897359 0.290039
v 0.000000 0.911578 0.172226
v -0.052812 0.881109 0.302226
v 0.000000 0.899391 0.308320
v 0.038594 0.885172 0.290039
v 0.018281 0.929860 0.292070
v 0.018281 0.891266 0.302226
v -0.109687 0.899391 0.231132
v -0.103594 0.927828 0.251445
v -0.091406 0.891266 0.269726
v -0.109687 0.899391 0.231132
v -0.123906 0.907516 0.182382
v -0.117812 0.935953 0.202695
v 0.085313 0.885172 0.304257
v 0.140156 0.909547 0.176289
v 0.000000 0.911578 0.172226
v -0.038594 0.885172 0.290039
v -0.079219 0.887203 0.283945
v -0.060937 0.925797 0.290039
v -0.062969 0.883141 0.298164
v -0.038594 0.885172 0.290039
v -0.060937 0.925797 0.290039
v -0.038594 0.885172 0.290039
v -0.018281 0.929860 0.292070
v 0.000000 0.897359 0.290039
v -0.038594 0.885172 0.290039
v -0.018281 0.891266 0.302226
v -0.018281 0.929860 0.292070
v -0.018281 0.891266 0.302226
v 0.000000 0.897359 0.290039
v -0.018281 0.929860 0.292070
v -0.079219 0.887203 0.283945
v -0.062969 0.883141 0.298164
v -0.060937 0.925797 0.290039
v 0.109687 0.899391 0.231132
v 0.117812 0.935953 0.202695
v 0.123906 0.907516 0.182382
v 0.038594 0.885172 0.290039
v 0.000000 0.897359 0.290039
v 0.018281 0.929860 0.292070
v 0.062969 0.883141 0.298164
v 0.060937 0.925797 0.290039
v 0.038594 0.885172 0.290039
v 0.079219 0.887203 0.283945
v 0.060937 0.925797 0.290039
v 0.062969 0.883141 0.298164
v 0.109687 0.899391 0.231132
v 0.091406 0.891266 0.269726
v 0.103594 0.927828 0.251445
v 0.038594 0.885172 0.290039
v 0.060937 0.925797 0.290039
v 0.079219 0.887203 0.283945
v 0.000000 0.846578 0.160039
v -0.121875 0.852672 0.160039
v 0.000000 0.897359 0.084882
v -0.130000 0.901422 0.086914
v -0.123906 0.907516 0.182382
v -0.125937 0.903453 0.210820
v -0.117812 0.935953 0.202695
v -0.109687 0.899391 0.231132
v -0.109687 0.899391 0.231132
v -0.103594 0.893297 0.259570
v -0.103594 0.927828 0.251445
v -0.091406 0.891266 0.269726
v 0.000000 0.836422 0.288007
v -0.071094 0.836422 0.288007
v 0.000000 0.846578 0.160039
v -0.121875 0.852672 0.160039
v -0.121875 0.852672 0.160039
v -0.140156 0.909547 0.176289
v -0.130000 0.901422 0.086914
v -0.152344 0.952203 0.129570
v -0.085313 0.885172 0.304257
v -0.140156 0.909547 0.176289
v -0.071094 0.836422 0.288007
v -0.121875 0.852672 0.160039
v 0.000000 0.897359 0.084882
v -0.130000 0.901422 0.086914
v 0.000000 0.952203 0.129570
v -0.152344 0.952203 0.129570
v 0.109687 0.899391 0.231132
v 0.103594 0.927828 0.251445
v 0.103594 0.893297 0.259570
v 0.091406 0.891266 0.269726
v 0.000000 0.836422 0.288007
v -0.052812 0.881109 0.302226
v -0.071094 0.836422 0.288007
v -0.085313 0.885172 0.304257
v 0.123906 0.907516 0.182382
v 0.117812 0.935953 0.202695
v 0.125937 0.903453 0.210820
v 0.109687 0.899391 0.231132
v 0.152344 0.952203 0.129570
v 0.000000 0.952203 0.129570
v 0.140156 0.909547 0.176289
v 0.000000 0.911578 0.172226
v 0.085313 0.885172 0.304257
v 0.000000 0.911578 0.172226
v 0.052812 0.881109 0.302226
v 0.000000 0.899391 0.308320
v 0.121875 0.852672 0.160039
v 0.071094 0.836422 0.288007
v 0.000000 0.846578 0.160039
v 0.000000 0.836422 0.288007
v 0.000000 0.897359 0.084882
v 0.000000 0.952203 0.129570
v 0.130000 0.901422 0.086914
v 0.152344 0.952203 0.129570
v 0.000000 0.846578 0.160039
v 0.000000 0.897359 0.084882
v 0.121875 0.852672 0.160039
v 0.130000 0.901422 0.086914
v 0.085313 0.885172 0.304257
v 0.071094 0.836422 0.288007
v 0.140156 0.909547 0.176289
v 0.121875 0.852672 0.160039
v 0.152344 0.952203 0.129570
v 0.140156 0.909547 0.176289
v 0.130000 0.901422 0.086914
v 0.121875 0.852672 0.160039
v -0.152344 0.952203 0.129570
v -0.140156 0.909547 0.176289
v 0.000000 0.952203 0.129570
v 0.000000 0.911578 0.172226
v -0.085313 0.885172 0.304257
v -0.052812 0.881109 0.302226
v 0.085313 0.885172 0.304257
v 0.052812 0.881109 0.302226
v 0.071094 0.836422 0.288007
v 0.000000 0.836422 0.288007
v 0.000000 0.899391 0.308320
v -0.052812 0.881109 0.302226
v 1.783506 0.914966 -0.075735
v 1.856631 0.880435 -0.006672
v 1.844443 0.916997 -0.057454
v 1.139600 1.197310 -0.378391
v 1.249287 1.042935 -0.492141
v 1.426006 1.248091 -0.258547
v 1.874912 0.730122 -0.006672
v 1.801787 0.730122 -0.106204
v 1.860693 0.730122 -0.122454
v 0.851162 0.730122 -0.530735
v 0.849131 0.730122 -0.591672
v 0.962881 0.730122 -0.638391
v 1.403662 0.870279 -0.341828
v 1.403662 0.730122 -0.341829
v 1.405693 0.874341 -0.445422
v 1.163974 0.730122 -0.343860
v 1.166006 0.784966 -0.528704
v 1.166006 0.730122 -0.601829
v 1.704287 0.949497 -0.219954
v 1.783506 0.914966 -0.075735
v 1.653506 1.032779 -0.258547
v 0.845068 0.947466 -0.559172
v 0.891787 1.176997 -0.449485
v 1.056318 1.083560 -0.565266
v 1.653506 1.032779 -0.258547
v 1.783506 0.914966 -0.075735
v 1.716474 1.055122 -0.258547
v 1.844443 0.916997 -0.057454
v 1.600693 0.988091 -0.449485
v 1.734756 0.886528 -0.341829
v 1.669756 0.730122 -0.449485
v 1.787568 0.730122 -0.299172
v 0.780068 1.176997 -0.343860
v 0.891787 1.176997 -0.449485
v 0.688662 0.947466 -0.449485
v 0.845068 0.947466 -0.559172
v 1.247256 0.894654 -0.638391
v 1.056318 1.083560 -0.565266
v 1.247256 1.083560 -0.565266
v 1.151787 1.248091 -0.449485
v 1.056318 0.894654 -0.638391
v 1.247256 0.894654 -0.638391
v 1.151787 0.730122 -0.664797
v 1.340693 0.730122 -0.638391
v 1.600693 0.988091 -0.449485
v 1.405693 1.179029 -0.451516
v 1.582412 1.154654 -0.337766
v 1.478818 1.292778 -0.258547
v 0.995381 1.311060 -0.341828
v 1.151787 1.382154 -0.258547
v 1.151787 1.248091 -0.449485
v 1.308193 1.313091 -0.337766
v 1.478818 1.292778 -0.258547
v 1.716474 1.055122 -0.258547
v 1.582412 1.154654 -0.337766
v 1.600693 0.988091 -0.449485
v 1.151787 0.730122 -0.664797
v 1.017724 0.730122 -0.589641
v 0.962881 0.730122 -0.638391
v 0.851162 0.730122 -0.530735
v 1.600693 0.988091 -0.449485
v 1.716474 1.055122 -0.258547
v 1.734756 0.886528 -0.341829
v 1.844443 0.916997 -0.057454
v 0.891787 1.176997 -0.449485
v 0.780068 1.176997 -0.343860
v 0.824756 1.294810 -0.256516
v 0.747568 1.231841 -0.262610
v 1.801787 0.730122 -0.106204
v 1.874912 0.730122 -0.006672
v 1.824131 0.730122 0.066453
v 1.844443 0.730122 0.066453
v 1.818037 0.817466 0.066453
v 1.824131 0.730122 0.066453
v 1.834287 0.821528 0.066453
v 1.844443 0.730122 0.066453
v 1.834287 0.821528 0.066453
v 1.856631 0.880435 -0.006672
v 1.818037 0.817466 0.066453
v 1.783506 0.914966 -0.075735
v 0.747568 1.231841 -0.262610
v 0.800381 1.197310 -0.258547
v 0.824756 1.294810 -0.256516
v 0.867412 1.241997 -0.258547
v 0.820693 1.140435 -0.343860
v 0.800381 1.197310 -0.258547
v 0.780068 1.176997 -0.343860
v 0.747568 1.231841 -0.262610
v 1.151787 1.315122 -0.258547
v 1.151787 1.382154 -0.258547
v 0.867412 1.241997 -0.258547
v 0.824756 1.294810 -0.256516
v 0.849131 0.730122 -0.591672
v 0.851162 0.730122 -0.530735
v 0.845068 0.947466 -0.559172
v 0.851162 0.947466 -0.488079
v 0.812568 1.040904 -0.419016
v 0.820693 1.140435 -0.343860
v 0.806474 1.075435 -0.390579
v 0.771943 1.099810 -0.343860
v 0.684599 0.947466 -0.366203
v 0.708974 0.947466 -0.349954
v 0.745537 1.134341 -0.349954
v 0.771943 1.099810 -0.343860
v 0.684599 0.947466 -0.366203
v 0.664287 0.947466 -0.414954
v 0.708974 0.947466 -0.349954
v 0.688662 0.947466 -0.449485
v 0.867412 1.241997 -0.258547
v 1.139600 1.197310 -0.378391
v 1.151787 1.315122 -0.258547
v 1.426006 1.248091 -0.258547
v 1.163974 0.870279 -0.343860
v 1.163974 0.730122 -0.343860
v 1.216787 0.823560 -0.343860
v 1.218818 0.730122 -0.343860
v 1.163974 0.870279 -0.343860
v 1.216787 0.823560 -0.343860
v 1.403662 0.870279 -0.341828
v 1.354912 0.823560 -0.343860
v 1.354912 0.730122 -0.571360
v 1.352881 0.730122 -0.341829
v 1.354912 0.823560 -0.561204
v 1.354912 0.823560 -0.343860
v 1.216787 0.823560 -0.343860
v 1.218818 0.730122 -0.343860
v 1.216787 0.823560 -0.589641
v 1.216787 0.730122 -0.599797
v 1.354912 0.823560 -0.343860
v 1.216787 0.823560 -0.343860
v 1.354912 0.823560 -0.561204
v 1.216787 0.823560 -0.589641
v 1.730693 0.730122 -0.272766
v 1.787568 0.730122 -0.299172
v 1.801787 0.730122 -0.106204
v 1.860693 0.730122 -0.122454
v 1.608818 0.730122 -0.419016
v 1.669756 0.730122 -0.449485
v 1.730693 0.730122 -0.272766
v 1.787568 0.730122 -0.299172
v 1.166006 0.784966 -0.528704
v 1.163974 0.730122 -0.343860
v 1.166006 0.874341 -0.486047
v 1.163974 0.870279 -0.343860
v 1.669756 0.730122 -0.449485
v 1.608818 0.730122 -0.419016
v 1.519443 0.730122 -0.565266
v 1.405693 0.730122 -0.553079
v 1.403662 0.730122 -0.341829
v 1.352881 0.730122 -0.341829
v 1.405693 0.730122 -0.553079
v 1.354912 0.730122 -0.571360
v 1.405693 0.874341 -0.445422
v 1.403662 0.730122 -0.341829
v 1.405693 0.784966 -0.494172
v 1.405693 0.730122 -0.553079
v 1.403662 0.870279 -0.341828
v 1.405693 0.874341 -0.445422
v 1.163974 0.870279 -0.343860
v 1.166006 0.874341 -0.486047
v 1.218818 0.730122 -0.343860
v 1.163974 0.730122 -0.343860
v 1.216787 0.730122 -0.599797
v 1.166006 0.730122 -0.601829
v 1.720537 0.862153 -0.244329
v 1.704287 0.949497 -0.219954
v 1.551943 0.906841 -0.345891
v 1.547881 1.059185 -0.321516
v 1.354912 0.730122 -0.571360
v 1.340693 0.730122 -0.638391
v 1.405693 0.730122 -0.553079
v 1.519443 0.730122 -0.565266
v 0.934443 1.026685 -0.467766
v 0.975068 0.874341 -0.486047
v 1.166006 0.874341 -0.486047
v 1.166006 0.784966 -0.528704
v 1.551943 0.906841 -0.345891
v 1.547881 1.059185 -0.321516
v 1.423974 1.065279 -0.408860
v 1.426006 1.248091 -0.258547
v 0.934443 1.026685 -0.467766
v 1.166006 0.874341 -0.486047
v 1.249287 1.042935 -0.492141
v 1.405693 0.874341 -0.445422
v 0.820693 1.140435 -0.343860
v 0.812568 1.040904 -0.419016
v 0.934443 1.026685 -0.467766
v 0.851162 0.947466 -0.488079
v 0.745537 1.134341 -0.349954
v 0.771943 1.099810 -0.343860
v 0.780068 1.176997 -0.343860
v 0.820693 1.140435 -0.343860
v 0.745537 1.134341 -0.349954
v 0.672412 1.028716 -0.386516
v 0.684599 0.947466 -0.366203
v 0.664287 0.947466 -0.414954
v 1.844443 0.916997 -0.057454
v 1.860693 0.730122 -0.122454
v 1.734756 0.886528 -0.341829
v 1.787568 0.730122 -0.299172
v 1.151787 0.730122 -0.664797
v 0.962881 0.730122 -0.638391
v 1.056318 0.894654 -0.638391
v 0.849131 0.730122 -0.591672
v 1.426006 1.248091 -0.258547
v 1.547881 1.059185 -0.321516
v 1.653506 1.032779 -0.258547
v 1.704287 0.949497 -0.219954
v 1.824131 0.730122 0.066453
v 1.818037 0.817466 0.066453
v 1.801787 0.730122 -0.106204
v 1.783506 0.914966 -0.075735
v 0.934443 1.026685 -0.467766
v 0.851162 0.947466 -0.488079
v 0.975068 0.874341 -0.486047
v 0.851162 0.730122 -0.530735
v 0.688662 0.947466 -0.449485
v 0.845068 0.947466 -0.559172
v 0.800381 0.947466 -0.457610
v 0.851162 0.947466 -0.488079
v 1.354912 0.823560 -0.561204
v 1.216787 0.823560 -0.589641
v 1.354912 0.730122 -0.571360
v 1.216787 0.730122 -0.599797
v 1.403662 0.870279 -0.341828
v 1.354912 0.823560 -0.343860
v 1.403662 0.730122 -0.341829
v 1.352881 0.730122 -0.341829
v 1.056318 1.083560 -0.565266
v 0.891787 1.176997 -0.449485
v 1.151787 1.248091 -0.449485
v 0.995381 1.311060 -0.341828
v 0.824756 1.294810 -0.256516
v 1.151787 1.382154 -0.258547
v 1.704287 0.949497 -0.219954
v 1.720537 0.862153 -0.244329
v 1.783506 0.914966 -0.075735
v 1.801787 0.730122 -0.106204
v 1.726631 0.766685 -0.258547
v 1.730693 0.730122 -0.272766
v 1.608818 0.730122 -0.419016
v 0.800381 1.197310 -0.258547
v 0.820693 1.140435 -0.343860
v 0.867412 1.241997 -0.258547
v 1.139600 1.197310 -0.378391
v 0.934443 1.026685 -0.467766
v 1.249287 1.042935 -0.492141
v 1.519443 0.730122 -0.565266
v 1.340693 0.730122 -0.638391
v 1.505224 0.825591 -0.565266
v 1.411787 0.988091 -0.565266
v 1.247256 0.894654 -0.638391
v 1.247256 1.083560 -0.565266
v 1.844443 0.730122 0.066453
v 1.874912 0.730122 -0.006672
v 1.834287 0.821528 0.066453
v 1.856631 0.880435 -0.006672
v 1.860693 0.730122 -0.122454
v 1.844443 0.916997 -0.057454
v 1.519443 0.730122 -0.565266
v 1.505224 0.825591 -0.565266
v 1.669756 0.730122 -0.449485
v 1.600693 0.988091 -0.449485
v 1.411787 0.988091 -0.565266
v 1.405693 1.179029 -0.451516
v 1.247256 1.083560 -0.565266
v 1.151787 1.248091 -0.449485
v 1.247256 0.894654 -0.638391
v 1.056318 0.894654 -0.638391
v 1.056318 1.083560 -0.565266
v 0.845068 0.947466 -0.559172
v 0.849131 0.730122 -0.591672
v 1.151787 1.248091 -0.449485
v 1.308193 1.313091 -0.337766
v 1.405693 1.179029 -0.451516
v 1.478818 1.292778 -0.258547
v 1.151787 1.382154 -0.258547
v 0.708974 0.947466 -0.349954
v 0.765849 0.947466 -0.349954
v 0.771943 1.099810 -0.343860
v 0.806474 1.075435 -0.390579
v 0.806474 0.947466 -0.390579
v 0.812568 1.040904 -0.419016
v 0.800381 0.947466 -0.457610
v 0.851162 0.947466 -0.488079
v 1.017724 0.730122 -0.589641
v 1.151787 0.730122 -0.664797
v 1.166006 0.730122 -0.601829
v 1.216787 0.730122 -0.599797
v 1.340693 0.730122 -0.638391
v 1.354912 0.730122 -0.571360
v 1.151787 1.315122 -0.258547
v 1.426006 1.248091 -0.258547
v 1.151787 1.382154 -0.258547
v 1.478818 1.292778 -0.258547
v 1.653506 1.032779 -0.258547
v 1.716474 1.055122 -0.258547
v 0.664287 0.947466 -0.414954
v 0.672412 1.028716 -0.386516
v 0.688662 0.947466 -0.449485
v 0.780068 1.176997 -0.343860
v 0.745537 1.134341 -0.349954
v 0.765849 0.947466 -0.349954
v 0.708974 0.947466 -0.349954
v 0.806474 0.947466 -0.390579
v 0.800381 0.947466 -0.457610
v 0.688662 0.947466 -0.449485
v 1.720537 0.862153 -0.244329
v 1.551943 0.906841 -0.345891
v 1.726631 0.766685 -0.258547
v 1.608818 0.730122 -0.419016
v 1.405693 0.784966 -0.494172
v 1.405693 0.730122 -0.553079
v 1.405693 0.784966 -0.494172
v 1.551943 0.906841 -0.345891
v 1.405693 0.874341 -0.445422
v 1.249287 1.042935 -0.492141
v 1.423974 1.065279 -0.408860
v 1.426006 1.248091 -0.258547
v 0.975068 0.874341 -0.486047
v 0.851162 0.730122 -0.530735
v 1.166006 0.784966 -0.528704
v 1.166006 0.730122 -0.601829
v 1.017724 0.730122 -0.589641
v -1.783506 0.914966 -0.075735
v -1.844443 0.916997 -0.057454
v -1.856631 0.880435 -0.006672
v -0.672412 1.028716 -0.386516
v -0.780068 1.176997 -0.343860
v -0.745537 1.134341 -0.349954
v -1.801787 0.730122 -0.106204
v -1.874912 0.730122 -0.006672
v -1.860693 0.730122 -0.122454
v -0.851162 0.730122 -0.530735
v -0.962881 0.730122 -0.638391
v -0.849131 0.730122 -0.591672
v -1.704287 0.949497 -0.219954
v -1.653506 1.032779 -0.258547
v -1.783506 0.914966 -0.075735
v -1.166006 0.730122 -0.601829
v -1.017724 0.730122 -0.589641
v -0.851162 0.730122 -0.530735
v -0.806474 1.075435 -0.390579
v -0.806474 0.947466 -0.390579
v -0.765849 0.947466 -0.349954
v -0.849131 0.730122 -0.591672
v -1.056318 0.894654 -0.638391
v -0.845068 0.947466 -0.559172
v -0.688662 0.947466 -0.449485
v -0.708974 0.947466 -0.349954
v -0.800381 0.947466 -0.457610
v -1.478818 1.292778 -0.258547
v -1.151787 1.382154 -0.258547
v -1.308193 1.313091 -0.337766
v -0.780068 1.176997 -0.343860
v -0.688662 0.947466 -0.449485
v -0.891787 1.176997 -0.449485
v -0.845068 0.947466 -0.559172
v -1.247256 0.894654 -0.638391
v -1.247256 1.083560 -0.565266
v -1.056318 1.083560 -0.565266
v -1.151787 1.248091 -0.449485
v -1.600693 0.988091 -0.449485
v -1.505224 0.825591 -0.565266
v -1.669756 0.730122 -0.449485
v -1.519443 0.730122 -0.565266
v -1.600693 0.988091 -0.449485
v -1.669756 0.730122 -0.449485
v -1.734756 0.886528 -0.341829
v -1.787568 0.730122 -0.299172
v -1.478818 1.292778 -0.258547
v -1.308193 1.313091 -0.337766
v -1.405693 1.179029 -0.451516
v -1.151787 1.248091 -0.449485
v -1.600693 0.988091 -0.449485
v -1.582412 1.154654 -0.337766
v -1.405693 1.179029 -0.451516
v -1.478818 1.292778 -0.258547
v -0.995381 1.311060 -0.341828
v -1.151787 1.248091 -0.449485
v -1.151787 1.382154 -0.258547
v -1.308193 1.313091 -0.337766
v -1.056318 1.083560 -0.565266
v -1.151787 1.248091 -0.449485
v -0.891787 1.176997 -0.449485
v -0.995381 1.311060 -0.341828
v -1.478818 1.292778 -0.258547
v -1.582412 1.154654 -0.337766
v -1.716474 1.055122 -0.258547
v -1.600693 0.988091 -0.449485
v -1.151787 1.382154 -0.258547
v -0.824756 1.294810 -0.256516
v -0.995381 1.311060 -0.341828
v -0.891787 1.176997 -0.449485
v -0.684599 0.947466 -0.366203
v -0.708974 0.947466 -0.349954
v -0.664287 0.947466 -0.414954
v -0.688662 0.947466 -0.449485
v -1.653506 1.032779 -0.258547
v -1.716474 1.055122 -0.258547
v -1.783506 0.914966 -0.075735
v -1.844443 0.916997 -0.057454
v -1.844443 0.730122 0.066453
v -1.874912 0.730122 -0.006672
v -1.824131 0.730122 0.066453
v -1.801787 0.730122 -0.106204
v -1.818037 0.817466 0.066453
v -1.834287 0.821528 0.066453
v -1.824131 0.730122 0.066453
v -1.844443 0.730122 0.066453
v -1.834287 0.821528 0.066453
v -1.818037 0.817466 0.066453
v -1.856631 0.880435 -0.006672
v -1.783506 0.914966 -0.075735
v -0.867412 1.241997 -0.258547
v -0.800381 1.197310 -0.258547
v -0.824756 1.294810 -0.256516
v -0.747568 1.231841 -0.262610
v -0.820693 1.140435 -0.343860
v -0.780068 1.176997 -0.343860
v -0.800381 1.197310 -0.258547
v -0.747568 1.231841 -0.262610
v -1.354912 0.730122 -0.571360
v -1.340693 0.730122 -0.638391
v -1.216787 0.730122 -0.599797
v -1.151787 0.730122 -0.664797
v -1.716474 1.055122 -0.258547
v -1.653506 1.032779 -0.258547
v -1.478818 1.292778 -0.258547
v -1.426006 1.248091 -0.258547
v -1.478818 1.292778 -0.258547
v -1.426006 1.248091 -0.258547
v -1.151787 1.382154 -0.258547
v -1.151787 1.315122 -0.258547
v -0.824756 1.294810 -0.256516
v -1.151787 1.382154 -0.258547
v -0.867412 1.241997 -0.258547
v -1.151787 1.315122 -0.258547
v -1.600693 0.988091 -0.449485
v -1.734756 0.886528 -0.341829
v -1.716474 1.055122 -0.258547
v -1.844443 0.916997 -0.057454
v -0.891787 1.176997 -0.449485
v -0.824756 1.294810 -0.256516
v -0.780068 1.176997 -0.343860
v -0.747568 1.231841 -0.262610
v -0.684599 0.947466 -0.366203
v -0.745537 1.134341 -0.349954
v -0.708974 0.947466 -0.349954
v -0.771943 1.099810 -0.343860
v -0.780068 1.176997 -0.343860
v -0.672412 1.028716 -0.386516
v -0.688662 0.947466 -0.449485
v -0.664287 0.947466 -0.414954
v -0.800381 0.947466 -0.457610
v -0.708974 0.947466 -0.349954
v -0.806474 0.947466 -0.390579
v -0.765849 0.947466 -0.349954
v -0.688662 0.947466 -0.449485
v -0.800381 0.947466 -0.457610
v -0.845068 0.947466 -0.559172
v -0.851162 0.947466 -0.488079
v -1.216787 0.730122 -0.599797
v -1.216787 0.823560 -0.589641
v -1.354912 0.730122 -0.571360
v -1.354912 0.823560 -0.561204
v -1.218818 0.730122 -0.343860
v -1.163974 0.730122 -0.343860
v -1.216787 0.823560 -0.343860
v -1.163974 0.870279 -0.343860
v -1.354912 0.823560 -0.343860
v -1.352881 0.730122 -0.341829
v -1.354912 0.823560 -0.561204
v -1.354912 0.730122 -0.571360
v -1.216787 0.823560 -0.343860
v -1.216787 0.823560 -0.589641
v -1.218818 0.730122 -0.343860
v -1.216787 0.730122 -0.599797
v -1.354912 0.823560 -0.343860
v -1.354912 0.823560 -0.561204
v -1.216787 0.823560 -0.343860
v -1.216787 0.823560 -0.589641
v -1.730693 0.730122 -0.274797
v -1.801787 0.730122 -0.106204
v -1.787568 0.730122 -0.299172
v -1.860693 0.730122 -0.122454
v -1.730693 0.730122 -0.274797
v -1.726631 0.766685 -0.258547
v -1.801787 0.730122 -0.106204
v -1.720537 0.862153 -0.244329
v -1.354912 0.730122 -0.571360
v -1.352881 0.730122 -0.341829
v -1.405693 0.730122 -0.553079
v -1.403662 0.730122 -0.341829
v -1.166006 0.874341 -0.486047
v -1.405693 0.874341 -0.445422
v -1.163974 0.870279 -0.343860
v -1.403662 0.870279 -0.341828
v -1.166006 0.730122 -0.601829
v -1.163974 0.730122 -0.343860
v -1.216787 0.730122 -0.599797
v -1.218818 0.730122 -0.343860
v -0.934443 1.026685 -0.467766
v -1.166006 0.874341 -0.486047
v -0.975068 0.874341 -0.486047
v -1.166006 0.784966 -0.528704
v -0.745537 1.134341 -0.349954
v -0.780068 1.176997 -0.343860
v -0.771943 1.099810 -0.343860
v -0.820693 1.140435 -0.343860
v -0.745537 1.134341 -0.349954
v -0.684599 0.947466 -0.366203
v -0.672412 1.028716 -0.386516
v -0.664287 0.947466 -0.414954
v -1.426006 1.248091 -0.258547
v -1.423974 1.065279 -0.408860
v -1.249287 1.042935 -0.492141
v -1.551943 0.906841 -0.345891
v -0.812568 1.040904 -0.419016
v -0.820693 1.140435 -0.343860
v -0.934443 1.026685 -0.467766
v -1.139600 1.197310 -0.378391
v -1.426006 1.248091 -0.258547
v -1.249287 1.042935 -0.492141
v -1.139600 1.197310 -0.378391
v -0.934443 1.026685 -0.467766
v -1.166006 0.730122 -0.601829
v -0.851162 0.730122 -0.530735
v -1.166006 0.784966 -0.528704
v -0.975068 0.874341 -0.486047
v -1.844443 0.730122 0.066453
v -1.834287 0.821528 0.066453
v -1.874912 0.730122 -0.006672
v -1.856631 0.880435 -0.006672
v -1.874912 0.730122 -0.006672
v -1.856631 0.880435 -0.006672
v -1.860693 0.730122 -0.122454
v -1.844443 0.916997 -0.057454
v -0.867412 1.241997 -0.258547
v -1.151787 1.315122 -0.258547
v -1.139600 1.197310 -0.378391
v -1.426006 1.248091 -0.258547
v -1.844443 0.916997 -0.057454
v -1.734756 0.886528 -0.341829
v -1.860693 0.730122 -0.122454
v -1.787568 0.730122 -0.299172
v -1.151787 0.730122 -0.664797
v -1.056318 0.894654 -0.638391
v -0.962881 0.730122 -0.638391
v -0.849131 0.730122 -0.591672
v -1.426006 1.248091 -0.258547
v -1.653506 1.032779 -0.258547
v -1.547881 1.059185 -0.321516
v -1.704287 0.949497 -0.219954
v -1.139600 1.197310 -0.378391
v -0.820693 1.140435 -0.343860
v -0.867412 1.241997 -0.258547
v -0.800381 1.197310 -0.258547
v -0.934443 1.026685 -0.467766
v -0.975068 0.874341 -0.486047
v -0.851162 0.947466 -0.488079
v -0.851162 0.730122 -0.530735
v -0.849131 0.730122 -0.591672
v -0.845068 0.947466 -0.559172
v -0.851162 0.730122 -0.530735
v -0.851162 0.947466 -0.488079
v -0.934443 1.026685 -0.467766
v -0.851162 0.947466 -0.488079
v -0.812568 1.040904 -0.419016
v -0.800381 0.947466 -0.457610
v -0.800381 0.947466 -0.457610
v -0.806474 0.947466 -0.390579
v -0.812568 1.040904 -0.419016
v -0.806474 1.075435 -0.390579
v -0.708974 0.947466 -0.349954
v -0.771943 1.099810 -0.343860
v -0.765849 0.947466 -0.349954
v -0.806474 1.075435 -0.390579
v -0.820693 1.140435 -0.343860
v -0.812568 1.040904 -0.419016
v -1.426006 1.248091 -0.258547
v -1.547881 1.059185 -0.321516
v -1.423974 1.065279 -0.408860
v -1.551943 0.906841 -0.345891
v -1.704287 0.949497 -0.219954
v -1.720537 0.862153 -0.244329
v -1.783506 0.914966 -0.075735
v -1.801787 0.730122 -0.106204
v -1.818037 0.817466 0.066453
v -1.824131 0.730122 0.066453
v -1.519443 0.730122 -0.565266
v -1.505224 0.825591 -0.565266
v -1.340693 0.730122 -0.638391
v -1.411787 0.988091 -0.565266
v -1.600693 0.988091 -0.449485
v -1.405693 1.179029 -0.451516
v -1.340693 0.730122 -0.638391
v -1.411787 0.988091 -0.565266
v -1.247256 0.894654 -0.638391
v -1.247256 1.083560 -0.565266
v -1.405693 1.179029 -0.451516
v -1.151787 1.248091 -0.449485
v -1.340693 0.730122 -0.638391
v -1.247256 0.894654 -0.638391
v -1.151787 0.730122 -0.664797
v -1.056318 0.894654 -0.638391
v -1.056318 1.083560 -0.565266
v -0.845068 0.947466 -0.559172
v -0.891787 1.176997 -0.449485
v -0.851162 0.730122 -0.530735
v -1.017724 0.730122 -0.589641
v -0.962881 0.730122 -0.638391
v -1.151787 0.730122 -0.664797
v -1.166006 0.730122 -0.601829
v -1.216787 0.730122 -0.599797
v -1.352881 0.730122 -0.341829
v -1.354912 0.823560 -0.343860
v -1.403662 0.730122 -0.341829
v -1.403662 0.870279 -0.341828
v -1.216787 0.823560 -0.343860
v -1.163974 0.870279 -0.343860
v -1.354912 0.730122 -0.571360
v -1.405693 0.730122 -0.553079
v -1.340693 0.730122 -0.638391
v -1.519443 0.730122 -0.565266
v -1.608818 0.730122 -0.419016
v -1.669756 0.730122 -0.449485
v -1.730693 0.730122 -0.274797
v -1.787568 0.730122 -0.299172
v -1.163974 0.870279 -0.343860
v -1.163974 0.730122 -0.343860
v -1.166006 0.874341 -0.486047
v -1.166006 0.784966 -0.528704
v -1.166006 0.730122 -0.601829
v -1.405693 0.730122 -0.553079
v -1.403662 0.730122 -0.341829
v -1.405693 0.784966 -0.494172
v -1.405693 0.874341 -0.445422
v -1.403662 0.870279 -0.341828
v -1.720537 0.862153 -0.244329
v -1.726631 0.766685 -0.258547
v -1.551943 0.906841 -0.345891
v -1.608818 0.730122 -0.419016
v -1.730693 0.730122 -0.274797
v -1.405693 0.730122 -0.553079
v -1.405693 0.784966 -0.494172
v -1.608818 0.730122 -0.419016
v -1.551943 0.906841 -0.345891
v -1.405693 0.874341 -0.445422
v -1.249287 1.042935 -0.492141
v -1.166006 0.874341 -0.486047
v -0.934443 1.026685 -0.467766
v 0.362667 1.019951 -0.570336
v 0.362667 1.151982 -0.505336
v 0.362667 1.109326 -0.570336
v 0.575949 1.913701 -0.708461
v 0.326105 1.866982 -0.803930
v 0.326105 2.021357 -0.716586
v 0.257042 1.082920 -0.570336
v 0.252980 1.054482 -0.570336
v 0.326105 1.021982 -0.568305
v 0.326105 2.256982 -0.403773
v 0.326105 2.161513 -0.576430
v 0.252980 2.189951 -0.493148
v 0.326105 1.310420 -0.803930
v 0.326105 1.170263 -0.726742
v 0.252980 1.241357 -0.745023
v 0.326105 2.021357 -0.716586
v 0.326105 1.866982 -0.803930
v 0.252980 1.936044 -0.745023
v 0.326105 2.161513 -0.576430
v 0.575949 2.153388 -0.470805
v 0.407355 2.092451 -0.647523
v 0.575949 1.913701 -0.708461
v 0.252980 1.588701 -0.836430
v 0.252980 1.241357 -0.745023
v 0.252980 1.588701 -0.812055
v 0.252980 1.253545 -0.722680
v 0.252980 2.254951 -0.233148
v 0.252980 2.269169 -0.235180
v 0.252980 2.167607 -0.478930
v 0.252980 2.189951 -0.493148
v 0.252980 1.936044 -0.745023
v 0.252980 1.921826 -0.722680
v 0.252980 2.189951 -0.493148
v 0.252980 2.167607 -0.478930
v 0.252980 1.588701 -0.836430
v 0.252980 1.588701 -0.812055
v 0.252980 1.936044 -0.745023
v 0.252980 1.921826 -0.722680
v 0.575949 1.860888 -0.663773
v 0.575949 1.913701 -0.708461
v 0.575949 2.090420 -0.450492
v 0.575949 2.153388 -0.470805
v 0.575949 1.588701 -0.730805
v 0.575949 1.588701 -0.795805
v 0.575949 1.860888 -0.663773
v 0.575949 1.913701 -0.708461
v 0.575949 2.090420 -0.450492
v 0.575949 2.153388 -0.470805
v 0.395167 2.218388 -0.328617
v 0.376886 2.281357 -0.330648
v 0.575949 1.151982 -0.505336
v 0.575949 1.111357 -0.446430
v 0.575949 1.145888 -0.529711
v 0.575949 1.042295 -0.460648
v 0.326105 1.866982 -0.803930
v 0.575949 1.913701 -0.708461
v 0.407355 1.773545 -0.832367
v 0.575949 1.588701 -0.795805
v 0.326105 1.310420 -0.803930
v 0.407355 1.403857 -0.832367
v 0.573918 1.261670 -0.708461
v 0.575949 1.588701 -0.795805
v 0.362667 1.151982 -0.505336
v 0.362667 1.019951 -0.570336
v 0.370792 1.111357 -0.446430
v 0.362667 1.028076 -0.478930
v 0.257042 1.082920 -0.570336
v 0.326105 1.021982 -0.568305
v 0.362667 1.109326 -0.570336
v 0.362667 1.019951 -0.570336
v 0.575949 1.588701 -0.730805
v 0.575949 1.860888 -0.663773
v 0.252980 1.588701 -0.812055
v 0.252980 1.921826 -0.722680
v 0.252980 1.253545 -0.722680
v 0.575949 1.304326 -0.657680
v 0.252980 1.588701 -0.812055
v 0.575949 1.588701 -0.730805
v 0.326105 1.866982 -0.803930
v 0.407355 1.773545 -0.832367
v 0.326105 1.678076 -0.854711
v 0.575949 1.588701 -0.795805
v 0.252980 1.253545 -0.722680
v 0.252980 1.241357 -0.745023
v 0.257042 1.082920 -0.570336
v 0.252980 1.054482 -0.570336
v 0.439855 1.086982 -0.645492
v 0.362667 1.019951 -0.570336
v 0.326105 1.170263 -0.726742
v 0.326105 1.021982 -0.568305
v 0.575949 1.913701 -0.708461
v 0.326105 2.021357 -0.716586
v 0.407355 2.092451 -0.647523
v 0.326105 2.161513 -0.576430
v 0.326105 1.310420 -0.803930
v 0.573918 1.261670 -0.708461
v 0.326105 1.170263 -0.726742
v 0.439855 1.086982 -0.645492
v 0.326105 1.678076 -0.854711
v 0.252980 1.588701 -0.836430
v 0.326105 1.866982 -0.803930
v 0.252980 1.936044 -0.745023
v 0.326105 2.021357 -0.716586
v 0.252980 1.936044 -0.745023
v 0.326105 2.161513 -0.576430
v 0.252980 2.189951 -0.493148
v 0.326105 2.291513 -0.294086
v 0.326105 2.256982 -0.403773
v 0.252980 2.269169 -0.235180
v 0.252980 2.189951 -0.493148
v 0.573918 1.261670 -0.708461
v 0.575949 1.145888 -0.529711
v 0.575949 1.072763 -0.531742
v 0.575949 1.042295 -0.460648
v 0.362667 1.028076 -0.478930
v 0.575949 1.042295 -0.460648
v 0.370792 1.111357 -0.446430
v 0.575949 1.111357 -0.446430
v 0.326105 1.021982 -0.568305
v 0.252980 1.054482 -0.570336
v 0.326105 1.170263 -0.726742
v 0.252980 1.241357 -0.745023
v 0.575949 1.111357 -0.446430
v 0.575949 1.151982 -0.505336
v 0.370792 1.111357 -0.446430
v 0.362667 1.151982 -0.505336
v 0.575949 1.145888 -0.529711
v 0.362667 1.109326 -0.570336
v 0.573918 1.261670 -0.708461
v 0.575949 1.072763 -0.531742
v 0.439855 1.086982 -0.645492
v 0.362667 1.019951 -0.570336
v 0.575949 1.042295 -0.460648
v 0.362667 1.028076 -0.478930
v 0.575949 1.588701 -0.730805
v 0.575949 1.304326 -0.657680
v 0.575949 1.588701 -0.795805
v 0.573918 1.261670 -0.708461
v 0.575949 1.145888 -0.529711
v 0.376886 2.281357 -0.330648
v 0.326105 2.291513 -0.294086
v 0.395167 2.218388 -0.328617
v 0.252980 2.254951 -0.233148
v 0.252980 2.269169 -0.235180
v 0.575949 1.860888 -0.663773
v 0.575949 2.090420 -0.450492
v 0.252980 1.921826 -0.722680
v 0.252980 2.167607 -0.478930
v 0.395167 2.218388 -0.328617
v 0.252980 2.254951 -0.233148
v 0.257042 1.082920 -0.570336
v 0.362667 1.109326 -0.570336
v 0.252980 1.253545 -0.722680
v 0.575949 1.304326 -0.657680
v 0.575949 1.145888 -0.529711
v 0.252980 1.241357 -0.745023
v 0.252980 1.588701 -0.836430
v 0.326105 1.310420 -0.803930
v 0.326105 1.499326 -0.854711
v 0.326105 1.678076 -0.854711
v 0.326105 2.161513 -0.576430
v 0.326105 2.256982 -0.403773
v 0.575949 2.153388 -0.470805
v 0.376886 2.281357 -0.330648
v 0.326105 2.291513 -0.294086
v 0.326105 1.310420 -0.803930
v 0.326105 1.499326 -0.854711
v 0.407355 1.403857 -0.832367
v 0.575949 1.588701 -0.795805
v 0.326105 1.678076 -0.854711
v -0.252980 2.254951 -0.233148
v -0.252980 2.269169 -0.235180
v -0.326105 2.291513 -0.294086
v -0.326105 2.256982 -0.403773
v -0.252980 2.189951 -0.493148
v -0.326105 2.161513 -0.576430
v -0.575949 1.588701 -0.795805
v -0.326105 1.678076 -0.854711
v -0.326105 1.499326 -0.854711
v -0.326105 2.256982 -0.403773
v -0.376886 2.281357 -0.330648
v -0.326105 2.291513 -0.294086
v -0.575949 1.145888 -0.529711
v -0.362667 1.109326 -0.570336
v -0.575949 1.304326 -0.657680
v -0.326105 1.310420 -0.803930
v -0.252980 1.241357 -0.745023
v -0.326105 1.170263 -0.726742
v -0.326105 1.310420 -0.803930
v -0.573918 1.261670 -0.708461
v -0.407355 1.403857 -0.832367
v -0.575949 1.588701 -0.795805
v -0.573918 1.261670 -0.708461
v -0.575949 1.304326 -0.657680
v -0.575949 1.588701 -0.795805
v -0.575949 1.588701 -0.730805
v -0.575949 2.090420 -0.450492
v -0.395167 2.218388 -0.328617
v -0.575949 2.153388 -0.470805
v -0.376886 2.281357 -0.330648
v -0.252980 2.254951 -0.233148
v -0.326105 2.291513 -0.294086
v -0.395167 2.218388 -0.328617
v -0.376886 2.281357 -0.330648
v -0.362667 1.151982 -0.505336
v -0.575949 1.151982 -0.505336
v -0.370792 1.111357 -0.446430
v -0.575949 1.111357 -0.446430
v -0.575949 1.151982 -0.505336
v -0.575949 1.145888 -0.529711
v -0.575949 1.111357 -0.446430
v -0.575949 1.042295 -0.460648
v -0.362667 1.028076 -0.478930
v -0.370792 1.111357 -0.446430
v -0.575949 1.042295 -0.460648
v -0.575949 1.111357 -0.446430
v -0.362667 1.109326 -0.570336
v -0.575949 1.145888 -0.529711
v -0.362667 1.151982 -0.505336
v -0.575949 1.151982 -0.505336
v -0.575949 1.304326 -0.657680
v -0.362667 1.109326 -0.570336
v -0.252980 1.253545 -0.722680
v -0.257042 1.082920 -0.570336
v -0.326105 2.161513 -0.576430
v -0.407355 2.092451 -0.647523
v -0.575949 2.153388 -0.470805
v -0.575949 1.913701 -0.708461
v -0.252980 1.588701 -0.836430
v -0.252980 1.588701 -0.812055
v -0.252980 1.241357 -0.745023
v -0.252980 1.253545 -0.722680
v -0.252980 1.253545 -0.722680
v -0.252980 1.588701 -0.812055
v -0.575949 1.304326 -0.657680
v -0.575949 1.588701 -0.730805
v -0.575949 1.860888 -0.663773
v -0.252980 1.921826 -0.722680
v -0.575949 2.090420 -0.450492
v -0.252980 2.167607 -0.478930
v -0.326105 1.866982 -0.803930
v -0.326105 1.678076 -0.854711
v -0.407355 1.773545 -0.832367
v -0.575949 1.588701 -0.795805
v -0.326105 1.499326 -0.854711
v -0.252980 1.588701 -0.836430
v -0.326105 1.310420 -0.803930
v -0.252980 1.241357 -0.745023
v -0.376886 2.281357 -0.330648
v -0.326105 2.256982 -0.403773
v -0.575949 2.153388 -0.470805
v -0.326105 2.161513 -0.576430
v -0.252980 1.054482 -0.570336
v -0.252980 1.241357 -0.745023
v -0.257042 1.082920 -0.570336
v -0.252980 1.253545 -0.722680
v -0.439855 1.086982 -0.645492
v -0.326105 1.170263 -0.726742
v -0.362667 1.019951 -0.570336
v -0.326105 1.021982 -0.568305
v -0.575949 1.913701 -0.708461
v -0.407355 2.092451 -0.647523
v -0.326105 2.021357 -0.716586
v -0.326105 2.161513 -0.576430
v -0.575949 1.588701 -0.795805
v -0.326105 1.499326 -0.854711
v -0.407355 1.403857 -0.832367
v -0.326105 1.310420 -0.803930
v -0.326105 1.310420 -0.803930
v -0.326105 1.170263 -0.726742
v -0.573918 1.261670 -0.708461
v -0.439855 1.086982 -0.645492
v -0.362667 1.019951 -0.570336
v -0.575949 1.072763 -0.531742
v -0.439855 1.086982 -0.645492
v -0.573918 1.261670 -0.708461
v -0.326105 2.291513 -0.294086
v -0.252980 2.269169 -0.235180
v -0.326105 2.256982 -0.403773
v -0.252980 2.189951 -0.493148
v -0.326105 1.021982 -0.568305
v -0.326105 1.170263 -0.726742
v -0.252980 1.054482 -0.570336
v -0.252980 1.241357 -0.745023
v -0.362667 1.028076 -0.478930
v -0.575949 1.042295 -0.460648
v -0.362667 1.019951 -0.570336
v -0.575949 1.072763 -0.531742
v -0.575949 1.588701 -0.730805
v -0.252980 1.588701 -0.812055
v -0.575949 1.860888 -0.663773
v -0.252980 1.921826 -0.722680
v -0.252980 2.254951 -0.233148
v -0.395167 2.218388 -0.328617
v -0.252980 2.167607 -0.478930
v -0.575949 2.090420 -0.450492
v -0.252980 1.936044 -0.745023
v -0.252980 1.588701 -0.836430
v -0.326105 1.866982 -0.803930
v -0.326105 1.678076 -0.854711
v -0.326105 1.499326 -0.854711
v -0.575949 1.588701 -0.795805
v -0.575949 1.913701 -0.708461
v -0.407355 1.773545 -0.832367
v -0.326105 1.866982 -0.803930
v -0.326105 2.021357 -0.716586
v -0.252980 2.254951 -0.233148
v -0.252980 2.167607 -0.478930
v -0.252980 2.269169 -0.235180
v -0.252980 2.189951 -0.493148
v -0.252980 1.921826 -0.722680
v -0.252980 1.936044 -0.745023
v -0.252980 1.588701 -0.812055
v -0.252980 1.588701 -0.836430
v -0.575949 1.588701 -0.730805
v -0.575949 1.860888 -0.663773
v -0.575949 1.588701 -0.795805
v -0.575949 1.913701 -0.708461
v -0.575949 2.090420 -0.450492
v -0.575949 2.153388 -0.470805
v -0.575949 1.042295 -0.460648
v -0.575949 1.145888 -0.529711
v -0.575949 1.072763 -0.531742
v -0.573918 1.261670 -0.708461
v -0.575949 1.304326 -0.657680
v -0.362667 1.028076 -0.478930
v -0.362667 1.019951 -0.570336
v -0.370792 1.111357 -0.446430
v -0.362667 1.151982 -0.505336
v -0.362667 1.109326 -0.570336
v -0.362667 1.019951 -0.570336
v -0.326105 1.021982 -0.568305
v -0.362667 1.109326 -0.570336
v -0.257042 1.082920 -0.570336
v -0.252980 1.054482 -0.570336
v -0.252980 2.189951 -0.493148
v -0.252980 1.936044 -0.745023
v -0.326105 2.161513 -0.576430
v -0.326105 2.021357 -0.716586
v -0.326105 1.866982 -0.803930
v -0.089375 0.022347 0.000000
v -0.062969 0.022347 -0.062969
v -0.062969 0.022347 0.062969
v -0.062969 0.022347 -0.062969
v 0.000000 0.022347 -0.089375
v -0.062969 0.022347 0.062969
v 0.000000 0.022347 0.089375
v 0.062969 0.022347 -0.062969
v 0.062969 0.022347 0.062969
v 0.089375 0.022347 0.000000
v 0.062969 0.022347 -0.062969
v 0.000000 0.022347 -0.089375
v 0.062969 0.117816 -0.062969
v 0.000000 0.117816 -0.089375
v -0.062969 0.022347 -0.062969
v -0.062969 0.117816 -0.062969
v -0.089375 0.022347 0.000000
v -0.089375 0.117816 0.000000
v -0.062969 0.022347 0.062969
v -0.062969 0.117816 0.062969
v 0.000000 0.022347 0.089375
v 0.000000 0.117816 0.089375
v 0.062969 0.022347 0.062969
v 0.062969 0.117816 0.062969
v 0.089375 0.022347 0.000000
v 0.089375 0.117816 0.000000
v 0.062969 0.022347 -0.062969
v 0.062969 0.117816 -0.062969
v -0.672344 0.625628 0.022344
v -0.672344 0.548441 -0.052813
v 0.672344 0.625628 0.022344
v 0.672344 0.548441 -0.052813
v -0.672344 0.548441 -0.052813
v -0.672344 0.625628 -0.130000
v 0.672344 0.548441 -0.052813
v 0.672344 0.625628 -0.130000
v -0.672344 0.702816 -0.052813
v 0.672344 0.702816 -0.052813
v -0.672344 0.680472 0.000000
v 0.672344 0.680472 0.000000
v -0.672344 0.625628 0.022344
v 0.672344 0.625628 0.022344
vt 0.370789 1.655457
vt 0.330200 1.667114
vt 0.292664 1.655945
vt 0.870789 1.101746
vt 0.880615 1.056152
vt 0.814514 1.083191
vt 0.264221 1.097534
vt 0.213318 1.130798
vt 0.210083 1.071838
vt 0.392700 1.577209
vt 0.406494 1.590515
vt 0.405273 1.577148
vt 0.370789 1.655457
vt 0.292664 1.655945
vt 0.330200 1.667114
vt 0.213318 1.130798
vt 0.215210 1.158691
vt 0.247314 1.158691
vt 0.276062 1.015381
vt 0.211548 1.015381
vt 0.264221 1.097534
vt 0.210083 1.071838
vt 0.263672 1.628601
vt 0.396667 1.628052
vt 0.253662 1.589294
vt 0.406494 1.590515
vt 0.263672 1.628601
vt 0.292664 1.655945
vt 0.396667 1.628052
vt 0.370789 1.655457
vt 0.035095 1.009155
vt 0.009888 1.009155
vt 0.035095 1.061096
vt 0.009949 1.061096
vt 0.191650 1.010803
vt 0.152893 1.010803
vt 0.191711 1.062683
vt 0.152893 1.062683
vt 0.150269 1.100525
vt 0.170471 1.108398
vt 0.192505 1.100769
vt 0.192505 1.108521
vt 0.267822 1.577698
vt 0.253662 1.589294
vt 0.358459 1.577454
vt 0.406494 1.590515
vt 0.494934 1.015381
vt 0.388733 1.015381
vt 0.389893 1.076782
vt 0.276062 1.015381
vt 0.549561 1.084778
vt 0.494934 1.015381
vt 0.607727 1.015381
vt 0.549561 1.084778
vt 0.052429 1.773621
vt 0.013977 1.788513
vt 0.013977 1.608887
vt 0.052429 1.773621
vt 0.170471 1.108398
vt 0.192505 1.108521
vt 0.192505 1.112061
vt 0.170471 1.108398
vt 0.889832 1.015381
vt 0.880615 1.056152
vt 0.898438 1.083130
vt 0.870789 1.101746
vt 0.607727 1.015381
vt 0.708862 1.080811
vt 0.709473 1.015381
vt 0.814514 1.083191
vt 0.898438 1.083130
vt 0.870789 1.101746
vt 0.899902 1.179443
vt 0.859131 1.158691
vt 0.406494 1.590515
vt 0.392700 1.577209
vt 0.358459 1.577454
vt 0.392029 1.548462
vt 0.437561 1.158691
vt 0.389893 1.076782
vt 0.549561 1.084778
vt 0.494934 1.015381
vt 0.654907 1.158691
vt 0.549377 1.158691
vt 0.549561 1.084778
vt 0.437561 1.158691
vt 0.814514 1.083191
vt 0.760132 1.158691
vt 0.708862 1.080811
vt 0.654907 1.158691
vt 0.276062 1.015381
vt 0.264221 1.097534
vt 0.211548 1.015381
vt 0.210083 1.071838
vt 0.263672 1.628601
vt 0.253662 1.589294
vt 0.396667 1.628052
vt 0.406494 1.590515
vt 0.370789 1.655457
vt 0.292664 1.655945
vt 0.396667 1.628052
vt 0.263672 1.628601
vt 0.192505 1.083923
vt 0.150269 1.100525
vt 0.140564 1.083923
vt 0.140564 1.094910
vt 0.035095 1.009155
vt 0.035095 1.061096
vt 0.009888 1.009155
vt 0.009949 1.061096
vt 0.191650 1.010803
vt 0.191711 1.062683
vt 0.152893 1.010803
vt 0.152893 1.062683
vt 0.192505 1.108521
vt 0.170471 1.108398
vt 0.192505 1.100769
vt 0.150269 1.100525
vt 0.267822 1.577698
vt 0.358459 1.577454
vt 0.253662 1.589294
vt 0.406494 1.590515
vt 0.494934 1.015381
vt 0.389893 1.076782
vt 0.388733 1.015381
vt 0.276062 1.015381
vt 0.013977 1.608887
vt 0.052429 1.773621
vt 0.097778 1.608887
vt 0.097778 1.740051
vt 0.013977 1.608887
vt 0.097778 1.608887
vt 0.052429 1.773621
vt 0.097778 1.740051
vt 0.339844 1.158691
vt 0.389893 1.076782
vt 0.264221 1.097534
vt 0.276062 1.015381
vt 0.654907 1.158691
vt 0.549561 1.084778
vt 0.549377 1.158691
vt 0.437561 1.158691
vt 0.709473 1.015381
vt 0.814514 1.083191
vt 0.820129 1.015381
vt 0.880615 1.056152
vt 0.880615 1.056152
vt 0.820129 1.015381
vt 0.889832 1.015381
vt 0.880615 1.056152
vt 0.607727 1.015381
vt 0.708862 1.080811
vt 0.549561 1.084778
vt 0.654907 1.158691
vt 0.607727 1.015381
vt 0.549561 1.084778
vt 0.708862 1.080811
vt 0.654907 1.158691
vt 0.880615 1.056152
vt 0.814514 1.083191
vt 0.820129 1.015381
vt 0.709473 1.015381
vt 0.708862 1.080811
vt 0.607727 1.015381
vt 0.339844 1.158691
vt 0.264221 1.097534
vt 0.247314 1.158691
vt 0.213318 1.130798
vt 0.210083 1.071838
vt 0.654907 1.158691
vt 0.760132 1.158691
vt 0.708862 1.080811
vt 0.814514 1.083191
vt 0.859131 1.158691
vt 0.870789 1.101746
vt 0.140564 1.094910
vt 0.150269 1.100525
vt 0.140564 1.083923
vt 0.192505 1.083923
vt 0.192505 1.100769
vt 0.150269 1.100525
vt 0.276062 1.015381
vt 0.389893 1.076782
vt 0.264221 1.097534
vt 0.339844 1.158691
vt 0.437561 1.158691
vt 0.494934 1.015381
vt 0.389893 1.076782
vt 0.549561 1.084778
vt 0.437561 1.158691
vt 0.339844 1.158691
vt 0.339844 1.158691
vt 0.247314 1.158691
vt 0.264221 1.097534
vt 0.213318 1.130798
vt 0.215210 1.158691
vt 0.760132 1.158691
vt 0.814514 1.083191
vt 0.859131 1.158691
vt 0.870789 1.101746
vt 0.880615 1.056152
vt 0.859131 1.158691
vt 0.870789 1.101746
vt 0.899902 1.179443
vt 0.898438 1.083130
vt 0.880615 1.056152
vt 0.889832 1.015381
vt 0.392029 1.548462
vt 0.392700 1.577209
vt 0.358459 1.577454
vt 0.406494 1.590515
vt 0.405273 1.577148
vt 0.712585 1.609314
vt 0.714539 1.608398
vt 0.713806 1.607666
vt 0.730164 1.734009
vt 0.772644 1.832031
vt 0.791748 1.818054
vt 0.264526 1.377686
vt 0.287537 1.375977
vt 0.260376 1.369568
vt 0.535706 1.836121
vt 0.545532 1.939880
vt 0.589844 1.925476
vt 0.290710 1.959229
vt 0.322266 1.964417
vt 0.328125 1.954468
vt 0.637390 1.794800
vt 0.662964 1.895386
vt 0.704712 1.873840
vt 0.469666 1.958435
vt 0.437012 1.964539
vt 0.454407 1.991211
vt 0.033020 1.868958
vt 0.066345 1.885498
vt 0.050171 1.835876
vt 0.841980 1.291260
vt 0.849731 1.274658
vt 0.833801 1.275757
vt 0.589844 1.925476
vt 0.545532 1.939880
vt 0.576721 1.960754
vt 0.704712 1.873840
vt 0.662964 1.895386
vt 0.697510 1.911316
vt 0.322266 1.964417
vt 0.290710 1.959229
vt 0.305786 1.990234
vt 0.106934 1.904541
vt 0.175903 1.930725
vt 0.153931 1.884521
vt 0.218201 1.943115
vt 0.175903 1.930725
vt 0.189026 1.963257
vt 0.106934 1.904541
vt 0.066345 1.885498
vt 0.076904 1.920471
vt 0.118164 1.732178
vt 0.081665 1.782959
vt 0.146362 1.784302
vt 0.925903 1.309021
vt 0.960510 1.324280
vt 0.938354 1.290161
vt 0.791748 1.818054
vt 0.772644 1.832031
vt 0.807678 1.842651
vt 0.769409 1.227173
vt 0.760071 1.222778
vt 0.771118 1.237671
vt 0.287903 1.391968
vt 0.297729 1.400391
vt 0.297668 1.391541
vt 0.708801 1.639832
vt 0.711060 1.641418
vt 0.713806 1.639648
vt 0.839233 1.257690
vt 0.802490 1.256775
vt 0.820801 1.259644
vt 0.673889 1.316956
vt 0.682007 1.302307
vt 0.667847 1.309387
vt 0.668213 1.303589
vt 0.252747 1.440308
vt 0.298157 1.423950
vt 0.252380 1.414856
vt 0.298035 1.414185
vt 0.252197 1.371338
vt 0.252625 1.378052
vt 0.260376 1.369568
vt 0.264526 1.377686
vt 0.649170 1.308655
vt 0.667847 1.309387
vt 0.649170 1.303284
vt 0.668213 1.303589
vt 0.698425 1.304138
vt 0.694214 1.304443
vt 0.702881 1.308960
vt 0.689392 1.313354
vt 0.682007 1.302307
vt 0.673889 1.316956
vt 0.682739 1.314026
vt 0.683350 1.323730
vt 0.887878 1.242126
vt 0.887756 1.229980
vt 0.874573 1.242188
vt 0.874512 1.221008
vt 0.945984 1.389709
vt 0.945984 1.380310
vt 0.935547 1.389648
vt 0.935791 1.376160
vt 0.297729 1.400391
vt 0.287903 1.391968
vt 0.298035 1.414185
vt 0.252380 1.414856
vt 0.251892 1.392761
vt 0.252380 1.414856
vt 0.258423 1.390930
vt 0.287903 1.391968
vt 0.958130 1.536560
vt 0.962280 1.550781
vt 0.988342 1.535522
vt 0.988220 1.550964
vt 0.662964 1.895386
vt 0.637390 1.794800
vt 0.611877 1.875732
vt 0.535706 1.836121
vt 0.704712 1.873840
vt 0.697510 1.911316
vt 0.772644 1.832031
vt 0.807678 1.842651
vt 0.589844 1.925476
vt 0.576721 1.960754
vt 0.662964 1.895386
vt 0.697510 1.911316
vt 0.430786 1.862488
vt 0.498413 1.912598
vt 0.535706 1.836121
vt 0.545532 1.939880
vt 0.469666 1.958435
vt 0.454407 1.991211
vt 0.545532 1.939880
vt 0.576721 1.960754
vt 0.430725 1.954163
vt 0.430786 1.862488
vt 0.378723 1.930054
vt 0.324890 1.865112
vt 0.935547 1.389648
vt 0.935547 1.395813
vt 0.945984 1.389709
vt 0.946045 1.395752
vt 0.935547 1.395813
vt 0.935547 1.410461
vt 0.946045 1.395752
vt 0.946106 1.410339
vt 0.961670 1.491089
vt 0.962036 1.506470
vt 0.987610 1.490540
vt 0.987976 1.505859
vt 0.958130 1.536560
vt 0.941040 1.537781
vt 0.962280 1.550781
vt 0.931458 1.550659
vt 0.795471 1.206543
vt 0.894897 1.208191
vt 0.810242 1.182861
vt 0.880859 1.183716
vt 0.850403 1.249268
vt 0.871582 1.243408
vt 0.850342 1.229187
vt 0.871582 1.229126
vt 0.988403 1.520935
vt 0.962402 1.522522
vt 0.988342 1.535522
vt 0.958130 1.536560
vt 0.962280 1.550781
vt 0.931458 1.550659
vt 0.962219 1.566223
vt 0.931396 1.566040
vt 0.679626 1.596619
vt 0.684387 1.594177
vt 0.679321 1.596069
vt 0.684265 1.593750
vt 0.720886 1.619812
vt 0.716187 1.609985
vt 0.720459 1.619873
vt 0.715881 1.610291
vt 0.720886 1.619812
vt 0.720459 1.619873
vt 0.719971 1.630676
vt 0.719299 1.630554
vt 0.290710 1.959229
vt 0.324890 1.865112
vt 0.262024 1.916199
vt 0.223755 1.845520
vt 0.033020 1.868958
vt 0.021606 1.893311
vt 0.066345 1.885498
vt 0.076904 1.920471
vt 0.290710 1.959229
vt 0.328125 1.954468
vt 0.324890 1.865112
vt 0.378723 1.930054
vt 0.437012 1.964539
vt 0.469666 1.958435
vt 0.430725 1.954163
vt 0.430786 1.862488
vt 0.716187 1.609985
vt 0.714539 1.608398
vt 0.715881 1.610291
vt 0.712585 1.609314
vt 0.708618 1.605896
vt 0.712585 1.609314
vt 0.710449 1.604187
vt 0.713806 1.607666
vt 0.707092 1.600647
vt 0.705444 1.601807
vt 0.710449 1.604187
vt 0.708618 1.605896
vt 0.258423 1.390930
vt 0.287903 1.391968
vt 0.264526 1.377686
vt 0.287537 1.375977
vt 0.989990 1.268372
vt 0.989990 1.208801
vt 0.938354 1.258972
vt 0.923401 1.234436
vt 0.223755 1.845520
vt 0.218201 1.943115
vt 0.262024 1.916199
vt 0.290710 1.959229
vt 0.824219 1.792480
vt 0.776001 1.716614
vt 0.791748 1.818054
vt 0.730164 1.734009
vt 0.637390 1.794800
vt 0.704712 1.873840
vt 0.718628 1.820618
vt 0.772644 1.832031
vt 0.535706 1.836121
vt 0.589844 1.925476
vt 0.611877 1.875732
vt 0.662964 1.895386
vt 0.430786 1.862488
vt 0.469666 1.958435
vt 0.498413 1.912598
vt 0.545532 1.939880
vt 0.865845 1.270569
vt 0.849731 1.274658
vt 0.852112 1.295959
vt 0.841980 1.291260
vt 0.814880 1.273315
vt 0.832397 1.297180
vt 0.833801 1.275757
vt 0.841980 1.291260
vt 0.865845 1.270569
vt 0.852112 1.295959
vt 0.877258 1.296753
vt 0.854919 1.302795
vt 0.802490 1.256775
vt 0.839233 1.257690
vt 0.850403 1.249268
vt 0.856567 1.250977
vt 0.051514 1.990295
vt 0.016174 1.957214
vt 0.038757 1.990479
vt 0.007263 1.969238
vt 0.831909 1.171021
vt 0.810242 1.182861
vt 0.855713 1.170410
vt 0.880859 1.183716
vt 0.083618 1.983459
vt 0.093811 1.989563
vt 0.128723 1.955444
vt 0.149292 1.988586
vt 0.925903 1.385864
vt 0.952026 1.386108
vt 0.926331 1.376831
vt 0.952026 1.376831
vt 0.016174 1.957214
vt 0.051514 1.990295
vt 0.051514 1.936096
vt 0.062195 1.983826
vt 0.929199 1.367310
vt 0.952087 1.367310
vt 0.937927 1.352966
vt 0.952087 1.339050
vt 0.785706 1.293640
vt 0.807739 1.301025
vt 0.796814 1.267395
vt 0.814880 1.273315
vt 0.926331 1.376831
vt 0.952026 1.376831
vt 0.929199 1.367310
vt 0.952087 1.367310
vt 0.785706 1.293640
vt 0.796814 1.267395
vt 0.770447 1.285828
vt 0.783752 1.260742
vt 0.430786 1.862488
vt 0.535706 1.836121
vt 0.426697 1.832825
vt 0.525024 1.807800
vt 0.751038 1.187134
vt 0.749573 1.194763
vt 0.756226 1.187195
vt 0.758301 1.204224
vt 0.426697 1.832825
vt 0.327271 1.835938
vt 0.430786 1.862488
vt 0.324890 1.865112
vt 0.106934 1.904541
vt 0.076904 1.920471
vt 0.175903 1.930725
vt 0.189026 1.963257
vt 0.824219 1.792480
vt 0.791748 1.818054
vt 0.839844 1.817261
vt 0.807678 1.842651
vt 0.081665 1.782959
vt 0.050171 1.835876
vt 0.127747 1.808350
vt 0.066345 1.885498
vt 0.865845 1.270569
vt 0.877258 1.296753
vt 0.882935 1.262878
vt 0.898132 1.286865
vt 0.218201 1.943115
vt 0.189026 1.963257
vt 0.290710 1.959229
vt 0.305786 1.990234
vt 0.223755 1.845520
vt 0.146362 1.784302
vt 0.127747 1.808350
vt 0.081665 1.782959
vt 0.962219 1.566223
vt 0.988159 1.566223
vt 0.962280 1.550781
vt 0.988220 1.550964
vt 0.987976 1.505859
vt 0.962036 1.506470
vt 0.988403 1.520935
vt 0.962402 1.522522
vt 0.814880 1.273315
vt 0.807739 1.301025
vt 0.832397 1.297180
vt 0.830566 1.304260
vt 0.062195 1.983826
vt 0.083618 1.983459
vt 0.051514 1.936096
vt 0.092712 1.935425
vt 0.128723 1.955444
vt 0.923401 1.234436
vt 0.989990 1.208801
vt 0.923401 1.184021
vt 0.938354 1.159912
vt 0.989990 1.149231
vt 0.938354 1.101379
vt 0.989990 1.089783
vt 0.938354 1.038208
vt 0.989990 1.030457
vt 0.938354 1.006226
vt 0.579834 1.674927
vt 0.649353 1.713318
vt 0.610413 1.657532
vt 0.686218 1.684082
vt 0.730164 1.734009
vt 0.735046 1.702515
vt 0.776001 1.716614
vt 0.759216 1.682312
vt 0.772644 1.832031
vt 0.730164 1.734009
vt 0.718628 1.820618
vt 0.637390 1.794800
vt 0.649353 1.713318
vt 0.218201 1.943115
vt 0.223755 1.845520
vt 0.175903 1.930725
vt 0.153931 1.884521
vt 0.127747 1.808350
vt 0.106934 1.904541
vt 0.066345 1.885498
vt 0.327271 1.835938
vt 0.231689 1.818054
vt 0.324890 1.865112
vt 0.223755 1.845520
vt 0.146362 1.784302
vt 0.610413 1.657532
vt 0.686218 1.684082
vt 0.684326 1.623718
vt 0.707458 1.659546
vt 0.735046 1.702515
vt 0.590820 1.519043
vt 0.612610 1.535583
vt 0.606873 1.504700
vt 0.632019 1.522095
vt 0.637024 1.554932
vt 0.656189 1.539978
vt 0.989990 1.327881
vt 0.989990 1.268372
vt 0.960510 1.324280
vt 0.938354 1.290161
vt 0.938354 1.258972
vt 0.769409 1.227173
vt 0.758301 1.204224
vt 0.760071 1.222778
vt 0.753174 1.205505
vt 0.749573 1.194763
vt 0.925903 1.410889
vt 0.936096 1.425537
vt 0.951965 1.410950
vt 0.951355 1.452271
vt 0.943726 1.445251
vt 0.907715 1.280823
vt 0.900940 1.269592
vt 0.898132 1.286865
vt 0.882935 1.262878
vt 0.891235 1.257202
vt 0.951965 1.410950
vt 0.952026 1.402100
vt 0.925903 1.410889
vt 0.925903 1.401917
vt 0.952026 1.386108
vt 0.925903 1.385864
vt 0.646057 1.333923
vt 0.645508 1.325134
vt 0.643250 1.336853
vt 0.633850 1.335083
vt 0.634644 1.325195
vt 0.625671 1.327332
vt 0.683350 1.323730
vt 0.689819 1.320557
vt 0.682739 1.314026
vt 0.689392 1.313354
vt 0.699951 1.312622
vt 0.702881 1.308960
vt 0.793396 1.221313
vt 0.874512 1.221008
vt 0.795471 1.206543
vt 0.894897 1.208191
vt 0.887756 1.229980
vt 0.896362 1.229980
vt 0.769409 1.227173
vt 0.771118 1.237671
vt 0.850342 1.229187
vt 0.850403 1.249268
vt 0.785522 1.249268
vt 0.802490 1.256775
vt 0.579834 1.674927
vt 0.542603 1.724731
vt 0.649353 1.713318
vt 0.637390 1.794800
vt 0.562012 1.793884
vt 0.535706 1.836121
vt 0.525024 1.807800
vt 0.684387 1.594177
vt 0.695068 1.593628
vt 0.684265 1.593750
vt 0.695129 1.593201
vt 0.704529 1.598511
vt 0.704834 1.598206
vt 0.719299 1.630554
vt 0.714355 1.636719
vt 0.719971 1.630676
vt 0.713806 1.639648
vt 0.708923 1.632996
vt 0.708801 1.639832
vt 0.705627 1.637695
vt 0.704590 1.639221
vt 0.708801 1.639832
vt 0.704590 1.639221
vt 0.707703 1.641357
vt 0.705994 1.642090
vt 0.704529 1.641113
vt 0.707092 1.600647
vt 0.706421 1.599854
vt 0.705444 1.601807
vt 0.704529 1.598511
vt 0.704834 1.598206
vt 0.704529 1.598511
vt 0.704834 1.598206
vt 0.706421 1.599854
vt 0.712585 1.609314
vt 0.713806 1.607666
vt 0.714539 1.608398
vt 0.127747 1.808350
vt 0.106934 1.904541
vt 0.066345 1.885498
vt 0.882935 1.262878
vt 0.891235 1.257202
vt 0.900940 1.269592
vt 0.758301 1.204224
vt 0.753174 1.205505
vt 0.749573 1.194763
vt 0.841980 1.291260
vt 0.833801 1.275757
vt 0.849731 1.274658
vt 0.033020 1.868958
vt 0.050171 1.835876
vt 0.066345 1.885498
vt 0.322266 1.964417
vt 0.305786 1.990234
vt 0.290710 1.959229
vt 0.791748 1.818054
vt 0.807678 1.842651
vt 0.772644 1.832031
vt 0.116760 1.731567
vt 0.146362 1.784302
vt 0.081665 1.782959
vt 0.938354 1.290161
vt 0.938354 1.258972
vt 0.989990 1.268372
vt 0.535706 1.836121
vt 0.525024 1.807800
vt 0.562012 1.793884
vt 0.705994 1.642090
vt 0.704529 1.641113
vt 0.704590 1.639221
vt 0.951355 1.452271
vt 0.943726 1.445251
vt 0.936096 1.425537
vt 0.637390 1.794800
vt 0.649353 1.713318
vt 0.730164 1.734009
vt 0.769409 1.227173
vt 0.771118 1.237671
vt 0.760071 1.222778
vt 0.287903 1.391968
vt 0.297668 1.391541
vt 0.297729 1.400391
vt 0.083618 1.983459
vt 0.092712 1.935425
vt 0.128723 1.955444
vt 0.785706 1.293640
vt 0.796814 1.267395
vt 0.807739 1.301025
vt 0.814880 1.273315
vt 0.952087 1.367310
vt 0.952026 1.376831
vt 0.929199 1.367310
vt 0.926331 1.376831
vt 0.925903 1.385864
vt 0.926331 1.376831
vt 0.952026 1.386108
vt 0.952026 1.376831
vt 0.929199 1.367310
vt 0.937927 1.352966
vt 0.952087 1.367310
vt 0.952087 1.339050
vt 0.092712 1.935425
vt 0.083618 1.983459
vt 0.051514 1.936096
vt 0.062195 1.983826
vt 0.016174 1.957214
vt 0.051514 1.936096
vt 0.051514 1.990295
vt 0.062195 1.983826
vt 0.051514 1.990295
vt 0.038757 1.990479
vt 0.016174 1.957214
vt 0.007263 1.969238
vt 0.083618 1.983459
vt 0.128723 1.955444
vt 0.093811 1.989563
vt 0.149292 1.988586
vt 0.925903 1.401917
vt 0.952026 1.402100
vt 0.925903 1.410889
vt 0.951965 1.410950
vt 0.952026 1.402100
vt 0.925903 1.401917
vt 0.952026 1.386108
vt 0.925903 1.385864
vt 0.880859 1.183716
vt 0.810242 1.182861
vt 0.855713 1.170410
vt 0.831909 1.171021
vt 0.871582 1.229126
vt 0.871582 1.243408
vt 0.850342 1.229187
vt 0.850403 1.249268
vt 0.965698 1.407104
vt 0.960449 1.407043
vt 0.966431 1.388794
vt 0.960754 1.388428
vt 0.973877 1.382812
vt 0.966431 1.388794
vt 0.959473 1.374878
vt 0.960754 1.388428
vt 0.298035 1.414185
vt 0.298157 1.423950
vt 0.252380 1.414856
vt 0.252747 1.440308
vt 0.252197 1.371338
vt 0.260376 1.369568
vt 0.252625 1.378052
vt 0.264526 1.377686
vt 0.625671 1.327332
vt 0.634644 1.325195
vt 0.633850 1.335083
vt 0.645508 1.325134
vt 0.970337 1.367615
vt 0.977417 1.367188
vt 0.971008 1.374146
vt 0.980530 1.373596
vt 0.959473 1.374878
vt 0.971008 1.374146
vt 0.973877 1.382812
vt 0.980530 1.373596
vt 0.887878 1.242126
vt 0.874573 1.242188
vt 0.887756 1.229980
vt 0.874512 1.221008
vt 0.945984 1.389709
vt 0.935547 1.389648
vt 0.945984 1.380310
vt 0.935791 1.376160
vt 0.252380 1.414856
vt 0.287903 1.391968
vt 0.298035 1.414185
vt 0.297729 1.400391
vt 0.850403 1.249268
vt 0.771118 1.237671
vt 0.850342 1.229187
vt 0.769409 1.227173
vt 0.251892 1.392761
vt 0.258423 1.390930
vt 0.252380 1.414856
vt 0.287903 1.391968
vt 0.958130 1.536560
vt 0.988342 1.535522
vt 0.962280 1.550781
vt 0.988220 1.550964
vt 0.579834 1.674927
vt 0.649353 1.713318
vt 0.542603 1.724731
vt 0.637390 1.794800
vt 0.535706 1.836121
vt 0.562012 1.793884
vt 0.637390 1.794800
vt 0.542603 1.724731
vt 0.430786 1.862488
vt 0.535706 1.836121
vt 0.498413 1.912598
vt 0.545532 1.939880
vt 0.785706 1.293640
vt 0.770447 1.285828
vt 0.796814 1.267395
vt 0.783752 1.260742
vt 0.951355 1.452271
vt 0.936096 1.425537
vt 0.951965 1.410950
vt 0.925903 1.410889
vt 0.961670 1.491089
vt 0.987610 1.490540
vt 0.962036 1.506470
vt 0.987976 1.505859
vt 0.962219 1.566223
vt 0.962280 1.550781
vt 0.988159 1.566223
vt 0.988220 1.550964
vt 0.962402 1.522522
vt 0.962036 1.506470
vt 0.988403 1.520935
vt 0.987976 1.505859
vt 0.988403 1.520935
vt 0.988342 1.535522
vt 0.962402 1.522522
vt 0.958130 1.536560
vt 0.679626 1.596619
vt 0.679321 1.596069
vt 0.684387 1.594177
vt 0.684265 1.593750
vt 0.695129 1.593201
vt 0.695068 1.593628
vt 0.684265 1.593750
vt 0.684387 1.594177
vt 0.704834 1.598206
vt 0.704529 1.598511
vt 0.695129 1.593201
vt 0.695068 1.593628
vt 0.720886 1.619812
vt 0.720459 1.619873
vt 0.716187 1.609985
vt 0.715881 1.610291
vt 0.719299 1.630554
vt 0.720459 1.619873
vt 0.719971 1.630676
vt 0.720886 1.619812
vt 0.713806 1.639648
vt 0.714355 1.636719
vt 0.719971 1.630676
vt 0.719299 1.630554
vt 0.290710 1.959229
vt 0.262024 1.916199
vt 0.324890 1.865112
vt 0.223755 1.845520
vt 0.106934 1.904541
vt 0.127747 1.808350
vt 0.153931 1.884521
vt 0.223755 1.845520
vt 0.033020 1.868958
vt 0.066345 1.885498
vt 0.021606 1.893311
vt 0.076904 1.920471
vt 0.646057 1.333923
vt 0.643250 1.336853
vt 0.645508 1.325134
vt 0.633850 1.335083
vt 0.716187 1.609985
vt 0.715881 1.610291
vt 0.714539 1.608398
vt 0.712585 1.609314
vt 0.708618 1.605896
vt 0.710449 1.604187
vt 0.712585 1.609314
vt 0.713806 1.607666
vt 0.708618 1.605896
vt 0.705444 1.601807
vt 0.710449 1.604187
vt 0.707092 1.600647
vt 0.704529 1.598511
vt 0.706421 1.599854
vt 0.705444 1.601807
vt 0.707092 1.600647
vt 0.759216 1.682312
vt 0.776001 1.716614
vt 0.735046 1.702515
vt 0.730164 1.734009
vt 0.656189 1.539978
vt 0.637024 1.554932
vt 0.632019 1.522095
vt 0.612610 1.535583
vt 0.923401 1.234436
vt 0.989990 1.208801
vt 0.938354 1.258972
vt 0.989990 1.268372
vt 0.637390 1.794800
vt 0.718628 1.820618
vt 0.704712 1.873840
vt 0.772644 1.832031
vt 0.430786 1.862488
vt 0.498413 1.912598
vt 0.469666 1.958435
vt 0.545532 1.939880
vt 0.874512 1.221008
vt 0.894897 1.208191
vt 0.887756 1.229980
vt 0.896362 1.229980
vt 0.841980 1.291260
vt 0.849731 1.274658
vt 0.852112 1.295959
vt 0.865845 1.270569
vt 0.814880 1.273315
vt 0.833801 1.275757
vt 0.832397 1.297180
vt 0.841980 1.291260
vt 0.865845 1.270569
vt 0.877258 1.296753
vt 0.852112 1.295959
vt 0.854919 1.302795
vt 0.802490 1.256775
vt 0.785522 1.249268
vt 0.850403 1.249268
vt 0.771118 1.237671
vt 0.751038 1.187134
vt 0.756226 1.187195
vt 0.749573 1.194763
vt 0.758301 1.204224
vt 0.753174 1.205505
vt 0.758301 1.204224
vt 0.760071 1.222778
vt 0.769409 1.227173
vt 0.938354 1.006226
vt 0.989990 1.030457
vt 0.938354 1.038208
vt 0.989990 1.089783
vt 0.632019 1.522095
vt 0.612610 1.535583
vt 0.606873 1.504700
vt 0.590820 1.519043
vt 0.223755 1.845520
vt 0.231689 1.818054
vt 0.324890 1.865112
vt 0.327271 1.835938
vt 0.426697 1.832825
vt 0.430786 1.862488
vt 0.327271 1.835938
vt 0.324890 1.865112
vt 0.430786 1.862488
vt 0.426697 1.832825
vt 0.535706 1.836121
vt 0.525024 1.807800
vt 0.824219 1.792480
vt 0.839844 1.817261
vt 0.791748 1.818054
vt 0.807678 1.842651
vt 0.081665 1.782959
vt 0.127747 1.808350
vt 0.050171 1.835876
vt 0.066345 1.885498
vt 0.637390 1.794800
vt 0.730164 1.734009
vt 0.718628 1.820618
vt 0.772644 1.832031
vt 0.938354 1.038208
vt 0.989990 1.089783
vt 0.938354 1.101379
vt 0.989990 1.149231
vt 0.938354 1.101379
vt 0.989990 1.149231
vt 0.938354 1.159912
vt 0.989990 1.208801
vt 0.938354 1.159912
vt 0.989990 1.208801
vt 0.923401 1.184021
vt 0.923401 1.234436
vt 0.898132 1.286865
vt 0.877258 1.296753
vt 0.882935 1.262878
vt 0.865845 1.270569
vt 0.830566 1.304260
vt 0.807739 1.301025
vt 0.832397 1.297180
vt 0.814880 1.273315
vt 0.935547 1.395813
vt 0.946045 1.395752
vt 0.935547 1.410461
vt 0.946106 1.410339
vt 0.935547 1.389648
vt 0.945984 1.389709
vt 0.935547 1.395813
vt 0.946045 1.395752
vt 0.882935 1.262878
vt 0.900940 1.269592
vt 0.898132 1.286865
vt 0.907715 1.280823
vt 0.807678 1.842651
vt 0.697510 1.911316
vt 0.772644 1.832031
vt 0.704712 1.873840
vt 0.662964 1.895386
vt 0.649353 1.713318
vt 0.686218 1.684082
vt 0.730164 1.734009
vt 0.735046 1.702515
vt 0.707458 1.659546
vt 0.081665 1.782959
vt 0.146362 1.784302
vt 0.127747 1.808350
vt 0.223755 1.845520
vt 0.231689 1.818054
vt 0.305786 1.990234
vt 0.189026 1.963257
vt 0.290710 1.959229
vt 0.218201 1.943115
vt 0.175903 1.930725
vt 0.290710 1.959229
vt 0.218201 1.943115
vt 0.262024 1.916199
vt 0.223755 1.845520
vt 0.175903 1.930725
vt 0.153931 1.884521
vt 0.106934 1.904541
vt 0.189026 1.963257
vt 0.076904 1.920471
vt 0.175903 1.930725
vt 0.106934 1.904541
vt 0.066345 1.885498
vt 0.989990 1.327881
vt 0.960510 1.324280
vt 0.989990 1.268372
vt 0.938354 1.290161
vt 0.925903 1.309021
vt 0.880859 1.183716
vt 0.894897 1.208191
vt 0.810242 1.182861
vt 0.795471 1.206543
vt 0.874512 1.221008
vt 0.793396 1.221313
vt 0.856567 1.250977
vt 0.839233 1.257690
vt 0.850403 1.249268
vt 0.802490 1.256775
vt 0.820801 1.259644
vt 0.977417 1.367188
vt 0.970337 1.367615
vt 0.969604 1.357300
vt 0.966064 1.354431
vt 0.961609 1.362915
vt 0.961304 1.358765
vt 0.535706 1.836121
vt 0.637390 1.794800
vt 0.611877 1.875732
vt 0.662964 1.895386
vt 0.704712 1.873840
vt 0.579834 1.674927
vt 0.610413 1.657532
vt 0.649353 1.713318
vt 0.686218 1.684082
vt 0.684326 1.623718
vt 0.707458 1.659546
vt 0.697510 1.911316
vt 0.576721 1.960754
vt 0.662964 1.895386
vt 0.589844 1.925476
vt 0.545532 1.939880
vt 0.576721 1.960754
vt 0.454407 1.991211
vt 0.545532 1.939880
vt 0.469666 1.958435
vt 0.437012 1.964539
vt 0.324890 1.865112
vt 0.430786 1.862488
vt 0.378723 1.930054
vt 0.430725 1.954163
vt 0.469666 1.958435
vt 0.437012 1.964539
vt 0.931396 1.566040
vt 0.931458 1.550659
vt 0.962219 1.566223
vt 0.962280 1.550781
vt 0.941040 1.537781
vt 0.958130 1.536560
vt 0.714355 1.636719
vt 0.713806 1.639648
vt 0.708923 1.632996
vt 0.708801 1.639832
vt 0.711060 1.641418
vt 0.708923 1.632996
vt 0.708801 1.639832
vt 0.705627 1.637695
vt 0.704590 1.639221
vt 0.707703 1.641357
vt 0.705994 1.642090
vt 0.378723 1.930054
vt 0.328125 1.954468
vt 0.324890 1.865112
vt 0.290710 1.959229
vt 0.322266 1.964417
vt 0.258423 1.390930
vt 0.264526 1.377686
vt 0.287903 1.391968
vt 0.287537 1.375977
vt 0.260376 1.369568
vt 0.824219 1.792480
vt 0.791748 1.818054
vt 0.776001 1.716614
vt 0.730164 1.734009
vt 0.772644 1.832031
vt 0.662964 1.895386
vt 0.589844 1.925476
vt 0.611877 1.875732
vt 0.535706 1.836121
vt 0.545532 1.939880
vt 0.958374 1.454285
vt 0.966492 1.441711
vt 0.958313 1.441528
vt 0.274109 1.817688
vt 0.367310 1.813477
vt 0.360535 1.782959
vt 0.958313 1.427429
vt 0.978394 1.427307
vt 0.958252 1.409668
vt 0.984314 1.384583
vt 0.983948 1.375549
vt 0.958191 1.384827
vt 0.958191 1.375610
vt 0.796448 1.869629
vt 0.817322 1.971436
vt 0.884033 1.869812
vt 0.862854 1.971558
vt 0.795837 1.984863
vt 0.817322 1.971436
vt 0.716553 1.918457
vt 0.796448 1.869629
vt 0.203369 1.759033
vt 0.187134 1.785034
vt 0.278931 1.786987
vt 0.274109 1.817688
vt 0.116028 1.715210
vt 0.187134 1.785034
vt 0.144714 1.703064
vt 0.203369 1.759033
vt 0.958191 1.366089
vt 0.958191 1.375610
vt 0.981018 1.366028
vt 0.983948 1.375549
vt 0.981018 1.366028
vt 0.972290 1.351685
vt 0.958191 1.366089
vt 0.958130 1.337769
vt 0.355957 1.697327
vt 0.329163 1.681824
vt 0.316345 1.731018
vt 0.300903 1.683960
vt 0.377380 1.745056
vt 0.360535 1.782959
vt 0.400146 1.802612
vt 0.367310 1.813477
vt 0.278931 1.786987
vt 0.316345 1.731018
vt 0.259583 1.723022
vt 0.300903 1.683960
vt 0.203369 1.759033
vt 0.211426 1.692566
vt 0.144714 1.703064
vt 0.177917 1.638306
vt 0.278931 1.786987
vt 0.259583 1.723022
vt 0.203369 1.759033
vt 0.211426 1.692566
vt 0.713318 1.960083
vt 0.745117 1.984680
vt 0.716553 1.918457
vt 0.795837 1.984863
vt 0.177917 1.638306
vt 0.127930 1.665466
vt 0.144714 1.703064
vt 0.116028 1.715210
vt 0.978394 1.427307
vt 0.958313 1.427429
vt 0.966492 1.441711
vt 0.958313 1.441528
vt 0.958252 1.400818
vt 0.984314 1.400635
vt 0.958191 1.384827
vt 0.984314 1.384583
vt 0.979187 1.938904
vt 0.959839 1.913635
vt 0.912903 1.985046
vt 0.885681 1.985046
vt 0.884033 1.869812
vt 0.862854 1.971558
vt 0.177917 1.638306
vt 0.211426 1.692566
vt 0.234619 1.647034
vt 0.254150 1.667114
vt 0.259583 1.723022
vt 0.300903 1.683960
vt 0.355957 1.697327
vt 0.316345 1.731018
vt 0.377380 1.745056
vt 0.360535 1.782959
vt 0.278931 1.786987
vt 0.274109 1.817688
vt 0.978394 1.427307
vt 0.984314 1.409607
vt 0.958252 1.409668
vt 0.958252 1.400818
vt 0.984314 1.400635
vt 0.958313 1.427429
vt 0.958252 1.409668
vt 0.978394 1.427307
vt 0.745117 1.984680
vt 0.713318 1.960083
vt 0.716553 1.918457
vt 0.885681 1.985046
vt 0.884033 1.869812
vt 0.959839 1.913635
vt 0.958252 1.400818
vt 0.984314 1.400635
vt 0.984314 1.409607
vt 0.817322 1.971436
vt 0.884033 1.869812
vt 0.862854 1.971558
vt 0.885681 1.985046
vt 0.885681 1.985046
vt 0.959839 1.913635
vt 0.912903 1.985046
vt 0.979187 1.938904
vt 0.984314 1.384583
vt 0.984314 1.400635
vt 0.958191 1.384827
vt 0.958252 1.400818
vt 0.981018 1.366028
vt 0.958191 1.366089
vt 0.972290 1.351685
vt 0.958130 1.337769
vt 0.984314 1.384583
vt 0.958191 1.384827
vt 0.983948 1.375549
vt 0.958191 1.375610
vt 0.177917 1.638306
vt 0.144714 1.703064
vt 0.127930 1.665466
vt 0.116028 1.715210
vt 0.254150 1.667114
vt 0.211426 1.692566
vt 0.234619 1.647034
vt 0.177917 1.638306
vt 0.300903 1.683960
vt 0.259583 1.723022
vt 0.254150 1.667114
vt 0.211426 1.692566
vt 0.355957 1.697327
vt 0.316345 1.731018
vt 0.329163 1.681824
vt 0.300903 1.683960
vt 0.983948 1.375549
vt 0.958191 1.375610
vt 0.981018 1.366028
vt 0.958191 1.366089
vt 0.203369 1.759033
vt 0.278931 1.786987
vt 0.187134 1.785034
vt 0.274109 1.817688
vt 0.116028 1.715210
vt 0.144714 1.703064
vt 0.187134 1.785034
vt 0.203369 1.759033
vt 0.958252 1.400818
vt 0.984314 1.409607
vt 0.958252 1.409668
vt 0.978394 1.427307
vt 0.978394 1.427307
vt 0.966492 1.441711
vt 0.958313 1.427429
vt 0.958313 1.441528
vt 0.958374 1.454285
vt 0.355957 1.697327
vt 0.377380 1.745056
vt 0.316345 1.731018
vt 0.360535 1.782959
vt 0.400146 1.802612
vt 0.367310 1.813477
vt 0.300903 1.683960
vt 0.316345 1.731018
vt 0.259583 1.723022
vt 0.278931 1.786987
vt 0.360535 1.782959
vt 0.274109 1.817688
vt 0.367310 1.813477
vt 0.177917 1.638306
vt 0.211426 1.692566
vt 0.144714 1.703064
vt 0.203369 1.759033
vt 0.259583 1.723022
vt 0.278931 1.786987
vt 0.884033 1.869812
vt 0.817322 1.971436
vt 0.796448 1.869629
vt 0.716553 1.918457
vt 0.795837 1.984863
vt 0.745117 1.984680
vt 0.457825 1.706299
vt 0.399658 1.686951
vt 0.408081 1.660217
vt 0.496460 1.507996
vt 0.468506 1.560547
vt 0.441040 1.496338
vt 0.758423 1.300598
vt 0.745422 1.296631
vt 0.748352 1.290771
vt 0.787659 1.659851
vt 0.812500 1.669373
vt 0.787842 1.713989
vt 0.585083 1.652161
vt 0.538696 1.647095
vt 0.562439 1.606140
vt 0.459900 1.631348
vt 0.433289 1.607666
vt 0.408813 1.629517
vt 0.296387 1.542603
vt 0.294556 1.532043
vt 0.247986 1.531860
vt 0.858582 1.718933
vt 0.908630 1.642517
vt 0.831970 1.628845
vt 0.284119 1.466125
vt 0.248413 1.509277
vt 0.287292 1.483093
vt 0.394653 1.515625
vt 0.412842 1.539612
vt 0.441040 1.496338
vt 0.758423 1.300598
vt 0.748352 1.290771
vt 0.745422 1.296631
vt 0.470032 1.753296
vt 0.513123 1.744873
vt 0.457825 1.706299
vt 0.449951 1.774231
vt 0.472900 1.804993
vt 0.470032 1.753296
vt 0.787659 1.659851
vt 0.787842 1.713989
vt 0.812500 1.669373
vt 0.585083 1.652161
vt 0.562439 1.606140
vt 0.538696 1.647095
vt 0.186035 1.616211
vt 0.140503 1.613220
vt 0.138550 1.622925
vt 0.138611 1.602966
vt 0.140503 1.613220
vt 0.186035 1.616211
vt 0.138550 1.622925
vt 0.148315 1.643677
vt 0.186035 1.616211
vt 0.868835 1.814880
vt 0.873901 1.854248
vt 0.894348 1.831177
vt 0.873901 1.854248
vt 0.894348 1.831177
vt 0.868835 1.814880
vt 0.894348 1.831177
vt 0.868835 1.814880
vt 0.873901 1.854248
vt 0.873901 1.854248
vt 0.894348 1.831177
vt 0.868835 1.814880
vt 0.844116 1.832397
vt 0.856079 1.844910
vt 0.868835 1.814880
vt 0.856079 1.844910
vt 0.873901 1.854248
vt 0.868835 1.814880
vt 0.856079 1.844910
vt 0.873901 1.854248
vt 0.868835 1.814880
vt 0.844116 1.832397
vt 0.856079 1.844910
vt 0.868835 1.814880
vt 0.844116 1.832397
vt 0.856079 1.844910
vt 0.868835 1.814880
vt 0.856079 1.844910
vt 0.873901 1.854248
vt 0.868835 1.814880
vt 0.868835 1.814880
vt 0.844116 1.832397
vt 0.873901 1.854248
vt 0.844116 1.832397
vt 0.856079 1.844910
vt 0.873901 1.854248
vt 0.186035 1.616211
vt 0.138550 1.622925
vt 0.140503 1.613220
vt 0.868835 1.814880
vt 0.894348 1.831177
vt 0.873901 1.854248
vt 0.873901 1.854248
vt 0.868835 1.814880
vt 0.894348 1.831177
vt 0.894348 1.831177
vt 0.873901 1.854248
vt 0.868835 1.814880
vt 0.873901 1.854248
vt 0.868835 1.814880
vt 0.894348 1.831177
vt 0.844116 1.832397
vt 0.868835 1.814880
vt 0.856079 1.844910
vt 0.856079 1.844910
vt 0.868835 1.814880
vt 0.873901 1.854248
vt 0.856079 1.844910
vt 0.868835 1.814880
vt 0.873901 1.854248
vt 0.844116 1.832397
vt 0.868835 1.814880
vt 0.856079 1.844910
vt 0.844116 1.832397
vt 0.868835 1.814880
vt 0.856079 1.844910
vt 0.856079 1.844910
vt 0.868835 1.814880
vt 0.873901 1.854248
vt 0.868835 1.814880
vt 0.873901 1.854248
vt 0.844116 1.832397
vt 0.844116 1.832397
vt 0.873901 1.854248
vt 0.856079 1.844910
vt 0.565002 1.518860
vt 0.533630 1.583557
vt 0.496460 1.507996
vt 0.468506 1.560547
vt 0.562439 1.606140
vt 0.533630 1.583557
vt 0.573730 1.565186
vt 0.565002 1.518860
vt 0.562439 1.606140
vt 0.517944 1.627563
vt 0.533630 1.583557
vt 0.468506 1.560547
vt 0.985168 1.855225
vt 0.891663 1.857544
vt 0.989075 1.808777
vt 0.932861 1.823914
vt 0.839478 1.741760
vt 0.802734 1.725037
vt 0.858582 1.718933
vt 0.812500 1.669373
vt 0.937500 1.890686
vt 0.891663 1.857544
vt 0.988281 1.906433
vt 0.985168 1.855225
vt 0.539978 1.772278
vt 0.513123 1.744873
vt 0.527039 1.720398
vt 0.514709 1.716370
vt 0.858582 1.718933
vt 0.863708 1.763245
vt 0.842712 1.744690
vt 0.849060 1.798035
vt 0.921021 1.804321
vt 0.905090 1.755676
vt 0.930542 1.768005
vt 0.946167 1.741638
vt 0.616150 1.310059
vt 0.619019 1.313354
vt 0.599060 1.330078
vt 0.604370 1.333801
vt 0.616150 1.310059
vt 0.631287 1.299438
vt 0.619019 1.313354
vt 0.634766 1.304504
vt 0.651184 1.287231
vt 0.652954 1.291199
vt 0.631287 1.299438
vt 0.634766 1.304504
vt 0.908630 1.642517
vt 0.858582 1.718933
vt 0.984497 1.732300
vt 0.946167 1.741638
vt 0.249512 1.453979
vt 0.248413 1.509277
vt 0.268188 1.456177
vt 0.284119 1.466125
vt 0.498474 1.675720
vt 0.517944 1.627563
vt 0.538696 1.647095
vt 0.562439 1.606140
vt 0.417969 1.565674
vt 0.468506 1.560547
vt 0.433655 1.595276
vt 0.433289 1.607666
vt 0.391235 1.485657
vt 0.442566 1.476685
vt 0.441040 1.496338
vt 0.496460 1.507996
vt 0.498474 1.675720
vt 0.459900 1.631348
vt 0.517944 1.627563
vt 0.468506 1.560547
vt 0.503296 1.791870
vt 0.489685 1.769775
vt 0.513123 1.744873
vt 0.470032 1.753296
vt 0.946167 1.741638
vt 0.984497 1.732300
vt 0.937622 1.778870
vt 0.947266 1.805969
vt 0.384338 1.708374
vt 0.457825 1.706299
vt 0.409180 1.722778
vt 0.424927 1.756042
vt 0.975098 1.586731
vt 0.908630 1.642517
vt 0.815796 1.571838
vt 0.831970 1.628845
vt 0.984497 1.732300
vt 0.908630 1.642517
vt 0.976440 1.650391
vt 0.975098 1.586731
vt 0.381653 1.697083
vt 0.399658 1.686951
vt 0.384338 1.708374
vt 0.457825 1.706299
vt 0.249512 1.453979
vt 0.268188 1.456177
vt 0.248413 1.509277
vt 0.284119 1.466125
vt 0.408813 1.629517
vt 0.433289 1.607666
vt 0.459900 1.631348
vt 0.468506 1.560547
vt 0.296387 1.542603
vt 0.296692 1.567200
vt 0.320068 1.555481
vt 0.321838 1.568359
vt 0.247986 1.531860
vt 0.247253 1.568115
vt 0.296387 1.542603
vt 0.296692 1.567200
vt 0.984497 1.732300
vt 0.976440 1.650391
vt 0.908630 1.642517
vt 0.975098 1.586731
vt 0.729675 1.289673
vt 0.731262 1.283142
vt 0.715881 1.285095
vt 0.716858 1.279053
vt 0.677002 1.288147
vt 0.675415 1.281799
vt 0.664978 1.289429
vt 0.663208 1.283997
vt 0.441040 1.496338
vt 0.412842 1.539612
vt 0.468506 1.560547
vt 0.417969 1.565674
vt 0.759338 1.597412
vt 0.787659 1.659851
vt 0.815796 1.571838
vt 0.812500 1.669373
vt 0.946167 1.741638
vt 0.937622 1.778870
vt 0.984497 1.732300
vt 0.947266 1.805969
vt 0.459900 1.631348
vt 0.498474 1.675720
vt 0.517944 1.627563
vt 0.538696 1.647095
vt 0.503296 1.791870
vt 0.513123 1.744873
vt 0.489685 1.769775
vt 0.470032 1.753296
vt 0.368225 1.425354
vt 0.332642 1.427368
vt 0.365906 1.476501
vt 0.294312 1.471130
vt 0.294556 1.532043
vt 0.296387 1.542603
vt 0.309875 1.541077
vt 0.320068 1.555481
vt 0.745422 1.296631
vt 0.748352 1.290771
vt 0.729675 1.289673
vt 0.731262 1.283142
vt 0.468506 1.560547
vt 0.496460 1.507996
vt 0.441040 1.496338
vt 0.442566 1.476685
vt 0.442566 1.476685
vt 0.391235 1.485657
vt 0.441040 1.496338
vt 0.394653 1.515625
vt 0.417969 1.565674
vt 0.433655 1.595276
vt 0.468506 1.560547
vt 0.433289 1.607666
vt 0.601318 1.339050
vt 0.591248 1.342651
vt 0.596863 1.346313
vt 0.589905 1.357056
vt 0.715881 1.285095
vt 0.716858 1.279053
vt 0.699219 1.283447
vt 0.699219 1.279114
vt 0.699219 1.279114
vt 0.675415 1.281799
vt 0.699219 1.283447
vt 0.677002 1.288147
vt 0.664978 1.289429
vt 0.663208 1.283997
vt 0.652954 1.291199
vt 0.651184 1.287231
vt 0.651184 1.287231
vt 0.631287 1.299438
vt 0.652954 1.291199
vt 0.634766 1.304504
vt 0.634766 1.304504
vt 0.631287 1.299438
vt 0.619019 1.313354
vt 0.616150 1.310059
vt 0.616150 1.310059
vt 0.599060 1.330078
vt 0.619019 1.313354
vt 0.604370 1.333801
vt 0.921021 1.804321
vt 0.930542 1.768005
vt 0.905090 1.755676
vt 0.946167 1.741638
vt 0.905090 1.755676
vt 0.863708 1.763245
vt 0.893555 1.778259
vt 0.889404 1.803467
vt 0.539978 1.772278
vt 0.527039 1.720398
vt 0.513123 1.744873
vt 0.514709 1.716370
vt 0.449951 1.774231
vt 0.470032 1.753296
vt 0.424927 1.756042
vt 0.457825 1.706299
vt 0.604370 1.333801
vt 0.599060 1.330078
vt 0.601318 1.339050
vt 0.591248 1.342651
vt 0.985168 1.855225
vt 0.891663 1.857544
vt 0.988281 1.906433
vt 0.937500 1.890686
vt 0.985168 1.855225
vt 0.989075 1.808777
vt 0.891663 1.857544
vt 0.932861 1.823914
vt 0.658813 1.585022
vt 0.573730 1.565186
vt 0.607422 1.629089
vt 0.562439 1.606140
vt 0.496460 1.507996
vt 0.533630 1.583557
vt 0.565002 1.518860
vt 0.573730 1.565186
vt 0.294312 1.471130
vt 0.314331 1.513306
vt 0.365906 1.476501
vt 0.394043 1.540466
vt 0.108643 1.619629
vt 0.138550 1.622925
vt 0.109314 1.611572
vt 0.140503 1.613220
vt 0.138611 1.602966
vt 0.186035 1.616211
vt 0.139343 1.594421
vt 0.154907 1.582214
vt 0.106873 1.585022
vt 0.139343 1.594421
vt 0.123535 1.565613
vt 0.154907 1.582214
vt 0.148315 1.643677
vt 0.138550 1.622925
vt 0.115234 1.654724
vt 0.108643 1.619629
vt 0.140503 1.613220
vt 0.138550 1.622925
vt 0.109314 1.611572
vt 0.108643 1.619629
vt 0.138611 1.602966
vt 0.106812 1.594971
vt 0.139343 1.594421
vt 0.106873 1.585022
vt 0.138611 1.602966
vt 0.139343 1.594421
vt 0.186035 1.616211
vt 0.154907 1.582214
vt 0.294556 1.532043
vt 0.247986 1.531860
vt 0.293457 1.512268
vt 0.248413 1.509277
vt 0.699219 1.279114
vt 0.699219 1.283447
vt 0.675415 1.281799
vt 0.677002 1.288147
vt 0.154907 1.582214
vt 0.139343 1.594421
vt 0.123535 1.565613
vt 0.106873 1.585022
vt 0.589905 1.357056
vt 0.591248 1.342651
vt 0.596863 1.346313
vt 0.601318 1.339050
vt 0.599060 1.330078
vt 0.604370 1.333801
vt 0.108643 1.619629
vt 0.138550 1.622925
vt 0.115234 1.654724
vt 0.148315 1.643677
vt 0.186035 1.616211
vt 0.106873 1.585022
vt 0.106812 1.594971
vt 0.139343 1.594421
vt 0.138611 1.602966
vt 0.109314 1.611572
vt 0.140503 1.613220
vt 0.839478 1.741760
vt 0.858582 1.718933
vt 0.802734 1.725037
vt 0.812500 1.669373
vt 0.831970 1.628845
vt 0.815796 1.571838
vt 0.908630 1.642517
vt 0.975098 1.586731
vt 0.459900 1.631348
vt 0.457825 1.706299
vt 0.498474 1.675720
vt 0.502563 1.702942
vt 0.513123 1.744873
vt 0.514709 1.716370
vt 0.849060 1.798035
vt 0.863708 1.763245
vt 0.842712 1.744690
vt 0.858582 1.718933
vt 0.905090 1.755676
vt 0.946167 1.741638
vt 0.294556 1.532043
vt 0.293457 1.512268
vt 0.247986 1.531860
vt 0.248413 1.509277
vt 0.292297 1.504333
vt 0.287292 1.483093
vt 0.573730 1.565186
vt 0.658813 1.585022
vt 0.565002 1.518860
vt 0.573730 1.565186
vt 0.607422 1.629089
vt 0.562439 1.606140
vt 0.538696 1.647095
vt 0.562439 1.606140
vt 0.517944 1.627563
vt 0.533630 1.583557
vt 0.573730 1.565186
vt 0.424927 1.756042
vt 0.457825 1.706299
vt 0.409180 1.722778
vt 0.384338 1.708374
vt 0.399658 1.686951
vt 0.381653 1.697083
vt 0.408813 1.629517
vt 0.408081 1.660217
vt 0.459900 1.631348
vt 0.457825 1.706299
vt 0.399658 1.686951
vt 0.408813 1.629517
vt 0.459900 1.631348
vt 0.408081 1.660217
vt 0.457825 1.706299
vt 0.498474 1.675720
vt 0.502563 1.702942
vt 0.106812 1.594971
vt 0.138611 1.602966
vt 0.109314 1.611572
vt 0.140503 1.613220
vt 0.186035 1.616211
vt 0.457825 1.706299
vt 0.470032 1.753296
vt 0.424927 1.756042
vt 0.449951 1.774231
vt 0.472900 1.804993
vt 0.889404 1.803467
vt 0.863708 1.763245
vt 0.893555 1.778259
vt 0.905090 1.755676
vt 0.858582 1.718933
vt 0.946167 1.741638
vt 0.677002 1.288147
vt 0.664978 1.289429
vt 0.675415 1.281799
vt 0.663208 1.283997
vt 0.652954 1.291199
vt 0.651184 1.287231
vt 0.745422 1.296631
vt 0.729675 1.289673
vt 0.748352 1.290771
vt 0.731262 1.283142
vt 0.715881 1.285095
vt 0.716858 1.279053
vt 0.699219 1.283447
vt 0.699219 1.279114
vt 0.514709 1.716370
vt 0.513123 1.744873
vt 0.502563 1.702942
vt 0.457825 1.706299
vt 0.470032 1.753296
vt 0.293457 1.512268
vt 0.248413 1.509277
vt 0.292297 1.504333
vt 0.287292 1.483093
vt 0.284119 1.466125
vt 0.320068 1.555481
vt 0.296387 1.542603
vt 0.309875 1.541077
vt 0.294556 1.532043
vt 0.247986 1.531860
vt 0.858582 1.718933
vt 0.812500 1.669373
vt 0.831970 1.628845
vt 0.815796 1.571838
vt 0.787659 1.659851
vt 0.759338 1.597412
vt 0.391235 1.485657
vt 0.441040 1.496338
vt 0.394653 1.515625
vt 0.412842 1.539612
vt 0.468506 1.560547
vt 0.417969 1.565674
vt 0.247986 1.531860
vt 0.296387 1.542603
vt 0.247253 1.568115
vt 0.296692 1.567200
vt 0.320068 1.555481
vt 0.321838 1.568359
vt 0.946167 1.741638
vt 0.858582 1.718933
vt 0.984497 1.732300
vt 0.908630 1.642517
vt 0.831970 1.628845
vt 0.856079 1.844910
vt 0.868835 1.814880
vt 0.844116 1.832397
vt 0.250427 1.258728
vt 0.264954 1.292542
vt 0.250732 1.293762
vt 0.873901 1.854248
vt 0.868835 1.814880
vt 0.856079 1.844910
vt 0.873901 1.854248
vt 0.868835 1.814880
vt 0.894348 1.831177
vt 0.894348 1.831177
vt 0.873901 1.854248
vt 0.868835 1.814880
vt 0.273499 1.292358
vt 0.286682 1.258545
vt 0.250427 1.258728
vt 0.894348 1.831177
vt 0.873901 1.854248
vt 0.868835 1.814880
vt 0.856079 1.844910
vt 0.844116 1.832397
vt 0.868835 1.814880
vt 0.873901 1.854248
vt 0.868835 1.814880
vt 0.894348 1.831177
vt 0.873901 1.854248
vt 0.856079 1.844910
vt 0.868835 1.814880
vt 0.856079 1.844910
vt 0.844116 1.832397
vt 0.868835 1.814880
vt 0.873901 1.854248
vt 0.856079 1.844910
vt 0.868835 1.814880
vt 0.894348 1.831177
vt 0.868835 1.814880
vt 0.873901 1.854248
vt 0.873901 1.854248
vt 0.894348 1.831177
vt 0.868835 1.814880
vt 0.856079 1.844910
vt 0.868835 1.814880
vt 0.844116 1.832397
vt 0.873901 1.854248
vt 0.868835 1.814880
vt 0.856079 1.844910
vt 0.873901 1.854248
vt 0.894348 1.831177
vt 0.868835 1.814880
vt 0.894348 1.831177
vt 0.868835 1.814880
vt 0.873901 1.854248
vt 0.249695 1.200562
vt 0.280884 1.201599
vt 0.249451 1.224243
vt 0.282959 1.224670
vt 0.873901 1.854248
vt 0.856079 1.844910
vt 0.868835 1.814880
vt 0.844116 1.832397
vt 0.873901 1.854248
vt 0.856079 1.844910
vt 0.868835 1.814880
vt 0.844116 1.832397
vt 0.250977 1.167908
vt 0.269348 1.168640
vt 0.249695 1.200562
vt 0.280884 1.201599
vt 0.675537 1.339905
vt 0.676941 1.332520
vt 0.686401 1.338196
vt 0.684326 1.329773
vt 0.659973 1.330505
vt 0.676941 1.332520
vt 0.659363 1.337097
vt 0.675537 1.339905
vt 0.249451 1.224243
vt 0.282959 1.224670
vt 0.249939 1.243164
vt 0.289062 1.242004
vt 0.873901 1.854248
vt 0.868835 1.814880
vt 0.856079 1.844910
vt 0.844116 1.832397
vt 0.650818 1.338562
vt 0.656067 1.331726
vt 0.659363 1.337097
vt 0.659973 1.330505
vt 0.873901 1.854248
vt 0.868835 1.814880
vt 0.856079 1.844910
vt 0.844116 1.832397
vt 0.289062 1.242004
vt 0.249939 1.243164
vt 0.286682 1.258545
vt 0.250427 1.258728
vt 0.273499 1.292358
vt 0.250427 1.258728
vt 0.264954 1.292542
vt 0.250732 1.293762
vt 0.280884 1.201599
vt 0.269348 1.168640
vt 0.249695 1.200562
vt 0.250977 1.167908
vt 0.249451 1.224243
vt 0.249939 1.243164
vt 0.282959 1.224670
vt 0.289062 1.242004
vt 0.249695 1.200562
vt 0.249451 1.224243
vt 0.280884 1.201599
vt 0.282959 1.224670
vt 0.659973 1.330505
vt 0.659363 1.337097
vt 0.676941 1.332520
vt 0.675537 1.339905
vt 0.684326 1.329773
vt 0.676941 1.332520
vt 0.686401 1.338196
vt 0.675537 1.339905
vt 0.289062 1.242004
vt 0.286682 1.258545
vt 0.249939 1.243164
vt 0.250427 1.258728
vt 0.273499 1.292358
vt 0.264954 1.292542
vt 0.659973 1.330505
vt 0.656067 1.331726
vt 0.659363 1.337097
vt 0.650818 1.338562
vt 0.649414 1.330688
vt 0.656067 1.331726
vt 0.735046 1.640015
vt 0.738342 1.647278
vt 0.739136 1.642578
vt 0.778687 1.507812
vt 0.746338 1.451721
vt 0.688843 1.543579
vt 0.666199 1.561584
vt 0.676636 1.563599
vt 0.675720 1.558411
vt 0.745728 1.621094
vt 0.750549 1.618835
vt 0.749878 1.608337
vt 0.752686 1.331299
vt 0.753662 1.310120
vt 0.736450 1.331055
vt 0.752686 1.388855
vt 0.724182 1.381042
vt 0.713257 1.389343
vt 0.577515 1.466614
vt 0.521484 1.476929
vt 0.606384 1.486389
vt 0.313843 1.276489
vt 0.349426 1.347168
vt 0.387329 1.294922
vt 0.731689 1.621338
vt 0.735046 1.640015
vt 0.736572 1.622070
vt 0.739136 1.642578
vt 0.546448 1.255310
vt 0.601929 1.233948
vt 0.573181 1.179260
vt 0.631958 1.191345
vt 0.313477 1.374390
vt 0.349426 1.347168
vt 0.263428 1.309143
vt 0.313843 1.276489
vt 0.429504 1.225403
vt 0.387329 1.294922
vt 0.440186 1.283203
vt 0.426819 1.344604
vt 0.373291 1.237122
vt 0.429504 1.225403
vt 0.391418 1.180115
vt 0.452942 1.172546
vt 0.546448 1.255310
vt 0.494019 1.312439
vt 0.554565 1.313171
vt 0.536987 1.368408
vt 0.390381 1.389709
vt 0.443542 1.412476
vt 0.426819 1.344604
vt 0.480103 1.368896
vt 0.536987 1.368408
vt 0.606506 1.292114
vt 0.554565 1.313171
vt 0.546448 1.255310
vt 0.744629 1.592712
vt 0.743958 1.605957
vt 0.749878 1.608337
vt 0.745728 1.621094
vt 0.546448 1.255310
vt 0.606506 1.292114
vt 0.601929 1.233948
vt 0.689148 1.268860
vt 0.349426 1.347168
vt 0.313477 1.374390
vt 0.339783 1.418152
vt 0.309143 1.409973
vt 0.676636 1.563599
vt 0.666199 1.561584
vt 0.662354 1.568359
vt 0.661560 1.566711
vt 0.733215 1.653076
vt 0.730957 1.659180
vt 0.734314 1.653320
vt 0.732422 1.659851
vt 0.734314 1.653320
vt 0.738342 1.647278
vt 0.733215 1.653076
vt 0.735046 1.640015
vt 0.679932 1.576111
vt 0.680603 1.580750
vt 0.685669 1.575439
vt 0.686646 1.580322
vt 0.673035 1.582764
vt 0.680603 1.580750
vt 0.673096 1.578247
vt 0.679932 1.576111
vt 0.708069 1.585266
vt 0.710327 1.580872
vt 0.686646 1.580322
vt 0.685669 1.575439
vt 0.750549 1.618835
vt 0.745728 1.621094
vt 0.755798 1.637085
vt 0.750244 1.639648
vt 0.880188 1.458313
vt 0.878601 1.498596
vt 0.882568 1.473206
vt 0.895752 1.488586
vt 0.944153 1.459534
vt 0.935852 1.455078
vt 0.896362 1.510803
vt 0.895752 1.488586
vt 0.747986 1.657532
vt 0.752380 1.656982
vt 0.745667 1.656372
vt 0.754211 1.653687
vt 0.865662 1.541321
vt 0.778687 1.507812
vt 0.775696 1.560303
vt 0.688843 1.543579
vt 0.723511 1.319946
vt 0.700928 1.319824
vt 0.715881 1.328552
vt 0.700867 1.328735
vt 0.723511 1.319946
vt 0.715881 1.328552
vt 0.724365 1.359436
vt 0.716797 1.351501
vt 0.352600 1.962524
vt 0.353149 1.991516
vt 0.364258 1.963501
vt 0.364807 1.991150
vt 0.382019 1.990784
vt 0.393677 1.990540
vt 0.381409 1.959595
vt 0.393005 1.958191
vt 0.364807 1.991150
vt 0.382019 1.990784
vt 0.364258 1.963501
vt 0.381409 1.959595
vt 0.692322 1.562683
vt 0.692200 1.557373
vt 0.676636 1.563599
vt 0.675720 1.558411
vt 0.708313 1.566589
vt 0.708374 1.560669
vt 0.692322 1.562683
vt 0.692200 1.557373
vt 0.724182 1.381042
vt 0.752686 1.388855
vt 0.730591 1.367310
vt 0.752502 1.367615
vt 0.708374 1.560669
vt 0.708313 1.566589
vt 0.723145 1.567993
vt 0.726318 1.577271
vt 0.346741 1.991699
vt 0.353149 1.991516
vt 0.346191 1.965088
vt 0.352600 1.962524
vt 0.736450 1.331055
vt 0.753662 1.310120
vt 0.730042 1.317139
vt 0.721619 1.308472
vt 0.752686 1.331299
vt 0.736450 1.331055
vt 0.752502 1.367615
vt 0.730591 1.367310
vt 0.393677 1.990540
vt 0.400574 1.990356
vt 0.393005 1.958191
vt 0.399414 1.957703
vt 0.568665 1.436218
vt 0.577515 1.466614
vt 0.635620 1.431335
vt 0.647461 1.482117
vt 0.729797 1.580505
vt 0.735535 1.578918
vt 0.726318 1.577271
vt 0.723145 1.567993
vt 0.839844 1.447205
vt 0.826172 1.398193
vt 0.766052 1.398499
vt 0.765747 1.366455
vt 0.635620 1.431335
vt 0.647461 1.482117
vt 0.692261 1.469666
vt 0.688843 1.543579
vt 0.839844 1.447205
vt 0.766052 1.398499
vt 0.746338 1.451721
vt 0.688660 1.406311
vt 0.878601 1.498596
vt 0.880188 1.458313
vt 0.839844 1.447205
vt 0.866760 1.421021
vt 0.667053 1.580261
vt 0.669006 1.585205
vt 0.673096 1.578247
vt 0.673035 1.582764
vt 0.896362 1.510803
vt 0.937561 1.485962
vt 0.944153 1.459534
vt 0.958374 1.467590
vt 0.689148 1.268860
vt 0.689087 1.207642
vt 0.601929 1.233948
vt 0.631958 1.191345
vt 0.391418 1.180115
vt 0.331360 1.196167
vt 0.373291 1.237122
vt 0.295227 1.209412
vt 0.688843 1.543579
vt 0.647461 1.482117
vt 0.606384 1.486389
vt 0.577515 1.466614
vt 0.449768 1.443665
vt 0.463074 1.469727
vt 0.502075 1.417542
vt 0.521484 1.476929
vt 0.839844 1.447205
vt 0.866760 1.421021
vt 0.826172 1.398193
vt 0.866516 1.349976
vt 0.754211 1.653687
vt 0.755798 1.637085
vt 0.750061 1.644775
vt 0.750244 1.639648
vt 0.364258 1.963501
vt 0.381409 1.959595
vt 0.361877 1.952026
vt 0.379028 1.948120
vt 0.724365 1.359436
vt 0.716797 1.351501
vt 0.701721 1.359497
vt 0.701782 1.351196
vt 0.387329 1.294922
vt 0.349426 1.347168
vt 0.426819 1.344604
vt 0.390381 1.389709
vt 0.339783 1.418152
vt 0.443542 1.412476
vt 0.577515 1.466614
vt 0.568665 1.436218
vt 0.521484 1.476929
vt 0.502075 1.417542
vt 0.559204 1.405273
vt 0.557495 1.392090
vt 0.615967 1.365540
vt 0.888855 1.530396
vt 0.878601 1.498596
vt 0.865662 1.541321
vt 0.778687 1.507812
vt 0.839844 1.447205
vt 0.746338 1.451721
vt 0.513611 1.172241
vt 0.452942 1.172546
vt 0.508728 1.201172
vt 0.482910 1.250610
vt 0.429504 1.225403
vt 0.440186 1.283203
vt 0.746399 1.228516
vt 0.723389 1.219116
vt 0.737000 1.255005
vt 0.707886 1.263062
vt 0.689087 1.207642
vt 0.689148 1.268860
vt 0.513611 1.172241
vt 0.508728 1.201172
vt 0.573181 1.179260
vt 0.546448 1.255310
vt 0.482910 1.250610
vt 0.494019 1.312439
vt 0.440186 1.283203
vt 0.426819 1.344604
vt 0.429504 1.225403
vt 0.373291 1.237122
vt 0.387329 1.294922
vt 0.313843 1.276489
vt 0.295227 1.209412
vt 0.426819 1.344604
vt 0.480103 1.368896
vt 0.494019 1.312439
vt 0.536987 1.368408
vt 0.443542 1.412476
vt 0.935852 1.455078
vt 0.919495 1.446594
vt 0.895752 1.488586
vt 0.882568 1.473206
vt 0.903503 1.437317
vt 0.880188 1.458313
vt 0.885010 1.425842
vt 0.866760 1.421021
vt 0.743958 1.605957
vt 0.744629 1.592712
vt 0.739319 1.593933
vt 0.737183 1.590027
vt 0.735535 1.578918
vt 0.729797 1.580505
vt 0.708069 1.585266
vt 0.723938 1.599182
vt 0.710327 1.580872
vt 0.729004 1.597961
vt 0.731689 1.621338
vt 0.736572 1.622070
vt 0.253235 1.318115
vt 0.266357 1.342041
vt 0.263428 1.309143
vt 0.313477 1.374390
vt 0.298767 1.366821
vt 0.743225 1.651978
vt 0.745667 1.656372
vt 0.744568 1.647156
vt 0.750061 1.644775
vt 0.754211 1.653687
vt 0.568665 1.436218
vt 0.635620 1.431335
vt 0.559204 1.405273
vt 0.615967 1.365540
vt 0.688965 1.373169
vt 0.693726 1.347229
vt 0.688965 1.373169
vt 0.635620 1.431335
vt 0.688660 1.406311
vt 0.746338 1.451721
vt 0.692261 1.469666
vt 0.688843 1.543579
vt 0.826172 1.398193
vt 0.866516 1.349976
vt 0.765747 1.366455
vt 0.764038 1.337585
vt 0.811890 1.336853
vt 0.735046 1.640015
vt 0.739136 1.642578
vt 0.738342 1.647278
vt 0.266357 1.342041
vt 0.313477 1.374390
vt 0.298767 1.366821
vt 0.676636 1.563599
vt 0.666199 1.561584
vt 0.675720 1.558411
vt 0.745728 1.621094
vt 0.749878 1.608337
vt 0.750549 1.618835
vt 0.577515 1.466614
vt 0.606384 1.486389
vt 0.521484 1.476929
vt 0.764038 1.337585
vt 0.811890 1.336853
vt 0.866516 1.349976
vt 0.882568 1.473206
vt 0.903503 1.437317
vt 0.919495 1.446594
vt 0.295227 1.209412
vt 0.373291 1.237122
vt 0.313843 1.276489
vt 0.754211 1.653687
vt 0.745667 1.656372
vt 0.750061 1.644775
vt 0.536987 1.368408
vt 0.443542 1.412476
vt 0.480103 1.368896
vt 0.313477 1.374390
vt 0.263428 1.309143
vt 0.349426 1.347168
vt 0.313843 1.276489
vt 0.429504 1.225403
vt 0.440186 1.283203
vt 0.387329 1.294922
vt 0.426819 1.344604
vt 0.546448 1.255310
vt 0.508728 1.201172
vt 0.573181 1.179260
vt 0.513611 1.172241
vt 0.546448 1.255310
vt 0.573181 1.179260
vt 0.601929 1.233948
vt 0.631958 1.191345
vt 0.536987 1.368408
vt 0.480103 1.368896
vt 0.494019 1.312439
vt 0.426819 1.344604
vt 0.546448 1.255310
vt 0.554565 1.313171
vt 0.494019 1.312439
vt 0.536987 1.368408
vt 0.390381 1.389709
vt 0.426819 1.344604
vt 0.443542 1.412476
vt 0.480103 1.368896
vt 0.387329 1.294922
vt 0.426819 1.344604
vt 0.349426 1.347168
vt 0.390381 1.389709
vt 0.536987 1.368408
vt 0.554565 1.313171
vt 0.606506 1.292114
vt 0.546448 1.255310
vt 0.443542 1.412476
vt 0.339783 1.418152
vt 0.390381 1.389709
vt 0.349426 1.347168
vt 0.747986 1.657532
vt 0.745667 1.656372
vt 0.752380 1.656982
vt 0.754211 1.653687
vt 0.731689 1.621338
vt 0.736572 1.622070
vt 0.735046 1.640015
vt 0.739136 1.642578
vt 0.661560 1.566711
vt 0.666199 1.561584
vt 0.662354 1.568359
vt 0.676636 1.563599
vt 0.733215 1.653076
vt 0.734314 1.653320
vt 0.731018 1.659241
vt 0.732422 1.659851
vt 0.734314 1.653320
vt 0.733215 1.653076
vt 0.738342 1.647278
vt 0.735046 1.640015
vt 0.686646 1.580322
vt 0.680603 1.580750
vt 0.685669 1.575439
vt 0.679932 1.576111
vt 0.673035 1.582764
vt 0.673096 1.578247
vt 0.680603 1.580750
vt 0.679932 1.576111
vt 0.729797 1.580505
vt 0.735535 1.578918
vt 0.737183 1.590027
vt 0.744629 1.592712
vt 0.736572 1.622070
vt 0.731689 1.621338
vt 0.729004 1.597961
vt 0.723938 1.599182
vt 0.729004 1.597961
vt 0.723938 1.599182
vt 0.710327 1.580872
vt 0.708069 1.585266
vt 0.685669 1.575439
vt 0.710327 1.580872
vt 0.686646 1.580322
vt 0.708069 1.585266
vt 0.546448 1.255310
vt 0.601929 1.233948
vt 0.606506 1.292114
vt 0.689148 1.268860
vt 0.349426 1.347168
vt 0.339783 1.418152
vt 0.313477 1.374390
vt 0.309143 1.409973
vt 0.944153 1.459534
vt 0.896362 1.510803
vt 0.935852 1.455078
vt 0.895752 1.488586
vt 0.313477 1.374390
vt 0.266357 1.342041
vt 0.263428 1.309143
vt 0.253235 1.318115
vt 0.750061 1.644775
vt 0.745667 1.656372
vt 0.744568 1.647156
vt 0.743225 1.651978
vt 0.754211 1.653687
vt 0.750061 1.644775
vt 0.755798 1.637085
vt 0.750244 1.639648
vt 0.379028 1.948120
vt 0.381409 1.959595
vt 0.361877 1.952026
vt 0.364258 1.963501
vt 0.700867 1.328735
vt 0.700928 1.319824
vt 0.715881 1.328552
vt 0.723511 1.319946
vt 0.364807 1.991150
vt 0.353149 1.991516
vt 0.364258 1.963501
vt 0.352600 1.962524
vt 0.382019 1.990784
vt 0.381409 1.959595
vt 0.393677 1.990540
vt 0.393005 1.958191
vt 0.364807 1.991150
vt 0.364258 1.963501
vt 0.382019 1.990784
vt 0.381409 1.959595
vt 0.692322 1.562683
vt 0.676636 1.563599
vt 0.692200 1.557373
vt 0.675720 1.558411
vt 0.557495 1.392090
vt 0.559204 1.405273
vt 0.502075 1.417542
vt 0.568665 1.436218
vt 0.352600 1.962524
vt 0.353149 1.991516
vt 0.346191 1.965088
vt 0.346741 1.991699
vt 0.730591 1.367310
vt 0.736450 1.331055
vt 0.752502 1.367615
vt 0.752686 1.331299
vt 0.399414 1.957703
vt 0.400574 1.990356
vt 0.393005 1.958191
vt 0.393677 1.990540
vt 0.839844 1.447205
vt 0.766052 1.398499
vt 0.826172 1.398193
vt 0.765747 1.366455
vt 0.667053 1.580261
vt 0.673096 1.578247
vt 0.669006 1.585205
vt 0.673035 1.582764
vt 0.896362 1.510803
vt 0.944153 1.459534
vt 0.937561 1.485962
vt 0.958374 1.467590
vt 0.688843 1.543579
vt 0.692261 1.469666
vt 0.746338 1.451721
vt 0.635620 1.431335
vt 0.880188 1.458313
vt 0.878601 1.498596
vt 0.839844 1.447205
vt 0.778687 1.507812
vt 0.688843 1.543579
vt 0.746338 1.451721
vt 0.778687 1.507812
vt 0.839844 1.447205
vt 0.764038 1.337585
vt 0.866516 1.349976
vt 0.765747 1.366455
vt 0.826172 1.398193
vt 0.746399 1.228516
vt 0.737000 1.255005
vt 0.723389 1.219116
vt 0.707886 1.263062
vt 0.723389 1.219116
vt 0.707886 1.263062
vt 0.689087 1.207642
vt 0.689148 1.268860
vt 0.865662 1.541321
vt 0.775696 1.560303
vt 0.778687 1.507812
vt 0.688843 1.543579
vt 0.689148 1.268860
vt 0.601929 1.233948
vt 0.689087 1.207642
vt 0.631958 1.191345
vt 0.391418 1.180115
vt 0.373291 1.237122
vt 0.331360 1.196167
vt 0.295227 1.209412
vt 0.688843 1.543579
vt 0.606384 1.486389
vt 0.647461 1.482117
vt 0.577515 1.466614
vt 0.778687 1.507812
vt 0.878601 1.498596
vt 0.865662 1.541321
vt 0.888855 1.530396
vt 0.839844 1.447205
vt 0.826172 1.398193
vt 0.866760 1.421021
vt 0.866516 1.349976
vt 0.750549 1.618835
vt 0.755798 1.637085
vt 0.745728 1.621094
vt 0.750244 1.639648
vt 0.839844 1.447205
vt 0.866760 1.421021
vt 0.880188 1.458313
vt 0.885010 1.425842
vt 0.885010 1.425842
vt 0.903503 1.437317
vt 0.880188 1.458313
vt 0.882568 1.473206
vt 0.935852 1.455078
vt 0.895752 1.488586
vt 0.919495 1.446594
vt 0.882568 1.473206
vt 0.878601 1.498596
vt 0.880188 1.458313
vt 0.688843 1.543579
vt 0.647461 1.482117
vt 0.692261 1.469666
vt 0.635620 1.431335
vt 0.577515 1.466614
vt 0.568665 1.436218
vt 0.521484 1.476929
vt 0.502075 1.417542
vt 0.463074 1.469727
vt 0.449768 1.443665
vt 0.513611 1.172241
vt 0.508728 1.201172
vt 0.452942 1.172546
vt 0.482910 1.250610
vt 0.546448 1.255310
vt 0.494019 1.312439
vt 0.452942 1.172546
vt 0.482910 1.250610
vt 0.429504 1.225403
vt 0.440186 1.283203
vt 0.494019 1.312439
vt 0.426819 1.344604
vt 0.452942 1.172546
vt 0.429504 1.225403
vt 0.391418 1.180115
vt 0.373291 1.237122
vt 0.387329 1.294922
vt 0.313843 1.276489
vt 0.349426 1.347168
vt 0.745728 1.621094
vt 0.743958 1.605957
vt 0.749878 1.608337
vt 0.744629 1.592712
vt 0.739319 1.593933
vt 0.737183 1.590027
vt 0.701782 1.351196
vt 0.716797 1.351501
vt 0.701721 1.359497
vt 0.724365 1.359436
vt 0.715881 1.328552
vt 0.723511 1.319946
vt 0.729797 1.580505
vt 0.726318 1.577271
vt 0.735535 1.578918
vt 0.723145 1.567993
vt 0.708313 1.566589
vt 0.708374 1.560669
vt 0.692322 1.562683
vt 0.692200 1.557373
vt 0.752502 1.367615
vt 0.752686 1.388855
vt 0.730591 1.367310
vt 0.724182 1.381042
vt 0.713257 1.389343
vt 0.721619 1.308472
vt 0.753662 1.310120
vt 0.730042 1.317139
vt 0.736450 1.331055
vt 0.752686 1.331299
vt 0.568665 1.436218
vt 0.559204 1.405273
vt 0.635620 1.431335
vt 0.615967 1.365540
vt 0.557495 1.392090
vt 0.693726 1.347229
vt 0.688965 1.373169
vt 0.615967 1.365540
vt 0.635620 1.431335
vt 0.688660 1.406311
vt 0.746338 1.451721
vt 0.766052 1.398499
vt 0.839844 1.447205
vt 0.642883 1.985413
vt 0.645569 1.979614
vt 0.642822 1.981506
vt 0.115784 1.391602
vt 0.032715 1.364197
vt 0.032715 1.419250
vt 0.638245 1.982849
vt 0.638123 1.984070
vt 0.641296 1.985352
vt 0.032715 1.540527
vt 0.032715 1.478760
vt 0.010010 1.506775
vt 0.032715 1.187988
vt 0.032715 1.137756
vt 0.010010 1.159607
vt 0.032715 1.419250
vt 0.032715 1.364197
vt 0.010010 1.392090
vt 0.032715 1.478760
vt 0.115784 1.503235
vt 0.057251 1.448547
vt 0.115784 1.391602
vt 0.631165 1.960876
vt 0.631775 1.975098
vt 0.632141 1.961060
vt 0.632690 1.974731
vt 0.660461 1.940247
vt 0.660522 1.939575
vt 0.650146 1.941467
vt 0.649841 1.940552
vt 0.637756 1.948181
vt 0.638489 1.948853
vt 0.649841 1.940552
vt 0.650146 1.941467
vt 0.631165 1.960876
vt 0.632141 1.961060
vt 0.637756 1.948181
vt 0.638489 1.948853
vt 0.684326 1.955383
vt 0.685730 1.953186
vt 0.675171 1.947815
vt 0.675659 1.945374
vt 0.688110 1.965332
vt 0.690552 1.965027
vt 0.684326 1.955383
vt 0.685730 1.953186
vt 0.675171 1.947815
vt 0.675659 1.945374
vt 0.666870 1.942993
vt 0.666321 1.940613
vt 0.681641 1.982788
vt 0.679565 1.984558
vt 0.682617 1.982849
vt 0.680481 1.987183
vt 0.032715 1.364197
vt 0.115784 1.391602
vt 0.057556 1.334045
vt 0.115784 1.276550
vt 0.032715 1.187988
vt 0.057678 1.218628
vt 0.115784 1.162659
vt 0.115784 1.276550
vt 0.645569 1.979614
vt 0.642883 1.985413
vt 0.648254 1.981262
vt 0.646912 1.984985
vt 0.638245 1.982849
vt 0.641296 1.985352
vt 0.642822 1.981506
vt 0.642883 1.985413
vt 0.132507 1.347290
vt 0.132507 1.445129
vt 0.238831 1.346741
vt 0.238831 1.453796
vt 0.238831 1.240967
vt 0.132507 1.247620
vt 0.238831 1.346741
vt 0.132507 1.347290
vt 0.032715 1.364197
vt 0.057556 1.334045
vt 0.032715 1.303894
vt 0.115784 1.276550
vt 0.632690 1.974731
vt 0.631775 1.975098
vt 0.638245 1.982849
vt 0.638123 1.984070
vt 0.070374 1.103760
vt 0.046326 1.070068
vt 0.032715 1.137756
vt 0.032715 1.070190
vt 0.115784 1.391602
vt 0.032715 1.419250
vt 0.057251 1.448547
vt 0.032715 1.478760
vt 0.032715 1.187988
vt 0.115784 1.162659
vt 0.032715 1.137756
vt 0.070374 1.103760
vt 0.032715 1.303894
vt 0.010010 1.275940
vt 0.032715 1.364197
vt 0.010010 1.392090
vt 0.032715 1.419250
vt 0.010010 1.392090
vt 0.032715 1.478760
vt 0.010010 1.506775
vt 0.032715 1.574890
vt 0.032715 1.540527
vt 0.010010 1.591553
vt 0.010010 1.506775
vt 0.688843 1.977661
vt 0.682617 1.982849
vt 0.683105 1.985657
vt 0.680481 1.987183
vt 0.053589 1.040161
vt 0.119629 1.051758
vt 0.063965 1.012024
vt 0.126099 1.029785
vt 0.032715 1.070190
vt 0.010010 1.070557
vt 0.032715 1.137756
vt 0.010010 1.159607
vt 0.123535 1.151794
vt 0.130249 1.173889
vt 0.186646 1.133118
vt 0.195374 1.154602
vt 0.132507 1.181519
vt 0.202637 1.178284
vt 0.115784 1.162659
vt 0.115784 1.076599
vt 0.070374 1.103760
vt 0.046326 1.070068
vt 0.119629 1.051758
vt 0.053589 1.040161
vt 0.688110 1.965332
vt 0.686707 1.976318
vt 0.690552 1.965027
vt 0.688843 1.977661
vt 0.682617 1.982849
vt 0.666321 1.940613
vt 0.664185 1.939697
vt 0.666870 1.942993
vt 0.660461 1.940247
vt 0.660522 1.939575
vt 0.132507 1.445129
vt 0.132507 1.551331
vt 0.238831 1.453796
vt 0.238831 1.560852
vt 0.192383 1.608948
vt 0.238831 1.640930
vt 0.238831 1.180725
vt 0.202637 1.178284
vt 0.238831 1.240967
vt 0.132507 1.247620
vt 0.132507 1.181519
vt 0.010010 1.159607
vt 0.010010 1.275940
vt 0.032715 1.187988
vt 0.032715 1.248352
vt 0.032715 1.303894
vt 0.032715 1.478760
vt 0.032715 1.540527
vt 0.115784 1.503235
vt 0.049744 1.563538
vt 0.032715 1.574890
vt 0.032715 1.187988
vt 0.032715 1.248352
vt 0.057678 1.218628
vt 0.115784 1.276550
vt 0.032715 1.303894
vt 0.660461 1.940247
vt 0.660522 1.939575
vt 0.664185 1.939697
vt 0.032715 1.540527
vt 0.010010 1.506775
vt 0.032715 1.478760
vt 0.115784 1.276550
vt 0.032715 1.303894
vt 0.032715 1.248352
vt 0.032715 1.540527
vt 0.049744 1.563538
vt 0.032715 1.574890
vt 0.132507 1.181519
vt 0.202637 1.178284
vt 0.132507 1.247620
vt 0.032715 1.187988
vt 0.010010 1.159607
vt 0.032715 1.137756
vt 0.032715 1.187988
vt 0.115784 1.162659
vt 0.057678 1.218628
vt 0.115784 1.276550
vt 0.688843 1.977661
vt 0.686707 1.976318
vt 0.690552 1.965027
vt 0.688110 1.965332
vt 0.675171 1.947815
vt 0.666870 1.942993
vt 0.675659 1.945374
vt 0.666321 1.940613
vt 0.660461 1.940247
vt 0.664185 1.939697
vt 0.666870 1.942993
vt 0.666321 1.940613
vt 0.195374 1.154602
vt 0.130249 1.173889
vt 0.186646 1.133118
vt 0.123535 1.151794
vt 0.681641 1.982788
vt 0.682617 1.982849
vt 0.679565 1.984558
vt 0.680481 1.987183
vt 0.053589 1.040161
vt 0.063965 1.012024
vt 0.119629 1.051758
vt 0.126099 1.029785
vt 0.202637 1.178284
vt 0.132507 1.181519
vt 0.195374 1.154602
vt 0.130249 1.173889
vt 0.132507 1.247620
vt 0.202637 1.178284
vt 0.238831 1.240967
vt 0.238831 1.180725
vt 0.032715 1.478760
vt 0.057251 1.448547
vt 0.115784 1.503235
vt 0.115784 1.391602
vt 0.631165 1.960876
vt 0.632141 1.961060
vt 0.631775 1.975098
vt 0.632690 1.974731
vt 0.238831 1.240967
vt 0.238831 1.346741
vt 0.132507 1.247620
vt 0.132507 1.347290
vt 0.132507 1.445129
vt 0.238831 1.453796
vt 0.132507 1.551331
vt 0.238831 1.560852
vt 0.032715 1.364197
vt 0.032715 1.303894
vt 0.057556 1.334045
vt 0.115784 1.276550
vt 0.032715 1.248352
vt 0.010010 1.275940
vt 0.032715 1.187988
vt 0.010010 1.159607
vt 0.049744 1.563538
vt 0.032715 1.540527
vt 0.115784 1.503235
vt 0.032715 1.478760
vt 0.638123 1.984070
vt 0.631775 1.975098
vt 0.638245 1.982849
vt 0.632690 1.974731
vt 0.070374 1.103760
vt 0.032715 1.137756
vt 0.046326 1.070068
vt 0.032715 1.070190
vt 0.115784 1.391602
vt 0.057251 1.448547
vt 0.032715 1.419250
vt 0.032715 1.478760
vt 0.115784 1.276550
vt 0.032715 1.248352
vt 0.057678 1.218628
vt 0.032715 1.187988
vt 0.032715 1.187988
vt 0.032715 1.137756
vt 0.115784 1.162659
vt 0.070374 1.103760
vt 0.046326 1.070068
vt 0.115784 1.076599
vt 0.070374 1.103760
vt 0.115784 1.162659
vt 0.032715 1.574890
vt 0.010010 1.591553
vt 0.032715 1.540527
vt 0.010010 1.506775
vt 0.032715 1.070190
vt 0.032715 1.137756
vt 0.010010 1.070557
vt 0.010010 1.159607
vt 0.053589 1.040161
vt 0.119629 1.051758
vt 0.046326 1.070068
vt 0.115784 1.076599
vt 0.132507 1.347290
vt 0.238831 1.346741
vt 0.132507 1.445129
vt 0.238831 1.453796
vt 0.238831 1.640930
vt 0.192383 1.608948
vt 0.238831 1.560852
vt 0.132507 1.551331
vt 0.010010 1.392090
vt 0.010010 1.275940
vt 0.032715 1.364197
vt 0.032715 1.303894
vt 0.032715 1.248352
vt 0.115784 1.276550
vt 0.115784 1.391602
vt 0.057556 1.334045
vt 0.032715 1.364197
vt 0.032715 1.419250
vt 0.660461 1.940247
vt 0.650146 1.941467
vt 0.660522 1.939575
vt 0.649841 1.940552
vt 0.638489 1.948853
vt 0.637756 1.948181
vt 0.632141 1.961060
vt 0.631165 1.960876
vt 0.688110 1.965332
vt 0.684326 1.955383
vt 0.690552 1.965027
vt 0.685730 1.953186
vt 0.675171 1.947815
vt 0.675659 1.945374
vt 0.680481 1.987183
vt 0.682617 1.982849
vt 0.683105 1.985657
vt 0.688843 1.977661
vt 0.686707 1.976318
vt 0.646912 1.984985
vt 0.642883 1.985413
vt 0.648254 1.981262
vt 0.645569 1.979614
vt 0.642822 1.981506
vt 0.642883 1.985413
vt 0.641296 1.985352
vt 0.642822 1.981506
vt 0.638245 1.982849
vt 0.638123 1.984070
vt 0.010010 1.506775
vt 0.010010 1.392090
vt 0.032715 1.478760
vt 0.032715 1.419250
vt 0.032715 1.364197
vt 0.188538 1.973572
vt 0.202271 1.979248
vt 0.174805 1.979248
vt 0.202271 1.979248
vt 0.207947 1.992981
vt 0.174805 1.979248
vt 0.169067 1.992981
vt 0.202271 1.979248
vt 0.174805 1.979248
vt 0.188538 1.973572
vt 0.910522 1.028687
vt 0.910522 1.041565
vt 0.928345 1.028687
vt 0.928345 1.041565
vt 0.910522 1.054443
vt 0.928345 1.054443
vt 0.910522 1.067322
vt 0.928345 1.067322
vt 0.910522 1.080200
vt 0.928345 1.080200
vt 0.910522 1.093079
vt 0.928345 1.093079
vt 0.910522 1.105957
vt 0.928345 1.105957
vt 0.910522 1.118835
vt 0.928345 1.118835
vt 0.910522 1.131714
vt 0.928345 1.131714
vt 0.883118 1.314392
vt 0.875305 1.314453
vt 0.883911 1.410522
vt 0.876099 1.410583
vt 0.907104 1.314209
vt 0.899353 1.314270
vt 0.907959 1.410278
vt 0.900146 1.410339
vt 0.891541 1.314331
vt 0.892334 1.410400
vt 0.887329 1.314392
vt 0.888123 1.410461
vt 0.883118 1.314392
vt 0.883911 1.410522
vn -1.0000 -0.0020 -0.0005
vn -1.0000 -0.0019 -0.0005
vn -1.0000 -0.0007 -0.0002
vn 0.3912 -0.0970 0.9152
vn 0.1471 -0.0959 0.9845
vn 0.2905 -0.3411 0.8940
vn -0.3147 -0.2311 -0.9206
vn -0.4058 0.0410 -0.9130
vn -0.2584 0.0035 -0.9660
vn 1.0000 -0.0050 -0.0011
vn 1.0000 0.0000 0.0000
vn 1.0000 -0.0020 -0.0005
vn 1.0000 -0.0007 -0.0002
vn 1.0000 -0.0019 -0.0005
vn 0.4058 0.0410 -0.9130
vn 0.4972 0.0767 -0.8642
vn 0.4913 -0.1260 -0.8618
vn -0.0000 -0.3379 -0.9412
vn 0.0000 -0.0148 -0.9999
vn 0.3147 -0.2311 -0.9206
vn 0.2584 0.0035 -0.9660
vn 1.0000 0.0005 -0.0000
vn -0.0000 0.0042 -1.0000
vn 0.0000 0.0121 -0.9999
vn -0.0038 0.0121 -0.9999
vn 0.0000 0.0202 -0.9998
vn 0.0000 0.7599 0.6500
vn -0.0000 0.9724 0.2332
vn 0.0000 0.7599 0.6501
vn 0.0035 0.9894 0.1453
vn -0.0013 1.0000 0.0005
vn -0.0000 1.0000 0.0098
vn 0.0000 1.0000 0.0045
vn 0.0000 0.9999 0.0116
vn 1.0000 0.0004 0.0003
vn 1.0000 -0.0031 -0.0002
vn 0.0000 -0.9539 -0.3001
vn -0.0000 -0.6896 -0.7242
vn 0.3078 -0.6864 -0.6588
vn -0.3422 -0.9396 -0.0046
vn -0.0000 -0.9525 0.3046
vn 0.3422 -0.9396 -0.0046
vn -0.0223 0.9991 0.0370
vn -0.0000 0.9994 0.0342
vn 0.0223 0.9991 0.0370
vn -0.0000 1.0000 0.0099
vn -0.0000 0.9999 0.0117
vn -0.0000 0.9998 0.0186
vn 0.2788 0.7102 0.6465
vn 0.0223 0.9991 0.0371
vn 0.4115 0.6990 0.5849
vn 0.0000 -0.9525 0.3045
vn 0.3355 -0.7483 0.5723
vn -0.0000 -0.6203 0.7843
vn 0.0222 0.9991 0.0371
vn 0.1079 0.9838 0.1428
vn 0.4360 0.6973 0.5689
vn 1.0000 -0.0088 -0.0012
vn -0.4100 -0.8125 -0.4144
vn -0.3078 -0.6864 -0.6589
vn -0.4370 -0.8036 0.4041
vn -0.4751 -0.8799 -0.0024
vn -0.2905 -0.3411 0.8940
vn -0.4953 -0.4365 0.7511
vn -0.3355 -0.7483 0.5723
vn -0.4369 -0.8036 0.4041
vn -1.0000 0.0005 -0.0000
vn -1.0000 0.0000 0.0000
vn -0.0000 1.0000 -0.0010
vn 0.0013 1.0000 0.0005
vn 0.0027 1.0000 -0.0030
vn 0.0078 1.0000 -0.0000
vn 0.0038 0.0121 -0.9999
vn 0.0002 0.9894 0.1453
vn -1.0000 0.0004 0.0003
vn -1.0000 -0.0031 -0.0002
vn -0.3078 -0.6864 -0.6588
vn -0.0002 0.9894 0.1453
vn 0.1079 0.9839 0.1428
vn 0.0000 0.9894 0.1453
vn -0.1079 0.9839 0.1428
vn 0.4388 -0.4291 -0.7895
vn 0.4370 -0.8036 0.4041
vn 0.4751 -0.8799 -0.0024
vn 0.4100 -0.8125 -0.4144
vn -0.0000 -0.2992 0.9542
vn 0.1470 -0.0959 0.9845
vn -0.1470 -0.0959 0.9845
vn 0.0000 -0.0754 0.9972
vn -0.2906 -0.3411 0.8940
vn 0.3147 -0.2312 -0.9206
vn 0.4914 -0.1261 -0.8618
vn 0.4059 0.0410 -0.9130
vn 0.4369 -0.8036 0.4041
vn 0.4953 -0.4365 0.7511
vn 0.5225 -0.1771 0.8340
vn -0.0078 1.0000 -0.0000
vn -0.0027 1.0000 -0.0030
vn -0.4388 -0.4291 -0.7895
vn -0.4914 -0.1260 -0.8618
vn -0.4059 0.0410 -0.9130
vn -0.4972 0.0767 -0.8642
vn -0.5225 -0.1771 0.8340
vn -0.3912 -0.0971 0.9152
vn -0.1471 -0.0959 0.9845
vn -0.4360 0.6974 0.5689
vn -0.4115 0.6990 0.5849
vn -0.1079 0.9838 0.1428
vn -0.0223 0.9991 0.0371
vn -0.2788 0.7102 0.6465
vn -1.0000 -0.0088 -0.0012
vn -1.0000 -0.0050 -0.0011
vn -0.7570 0.0011 0.6534
vn -0.2681 -0.0533 0.9619
vn -0.8129 0.0190 0.5821
vn 0.4345 0.1490 -0.8883
vn 0.1853 0.1853 -0.9651
vn 0.2525 0.3225 -0.9123
vn -0.0009 1.0000 0.0034
vn -0.0024 1.0000 0.0053
vn -0.0413 0.9986 -0.0344
vn 0.4301 -0.6477 -0.6288
vn 0.2006 -0.7330 -0.6499
vn 0.2006 -0.6499 -0.7330
vn 0.2023 -0.9089 0.3646
vn 0.1407 -0.9191 0.3681
vn 0.3083 -0.9091 0.2803
vn 0.4891 -0.2294 -0.8415
vn 0.2007 -0.3098 -0.9294
vn 0.2006 -0.1963 -0.9598
vn -0.4323 -0.7996 -0.4169
vn -0.3626 -0.8651 -0.3465
vn -0.4465 -0.7840 -0.4313
vn 0.1294 -0.1294 0.9831
vn 0.2425 -0.2377 0.9406
vn 0.2842 -0.1900 0.9397
vn -0.4022 0.9155 -0.0103
vn -0.3952 0.8880 -0.2352
vn -0.4026 0.8846 0.2353
vn -0.3937 -0.5368 -0.7462
vn -0.4271 -0.7591 -0.4913
vn -0.4467 -0.5960 -0.6673
vn -0.3937 -0.0918 -0.9146
vn -0.4271 -0.4117 -0.8050
vn -0.4467 -0.1824 -0.8759
vn -0.3626 -0.8651 0.3465
vn -0.4465 -0.7840 0.4313
vn -0.4400 -0.7912 0.4247
vn 0.2007 -0.3098 0.9294
vn 0.2006 -0.6500 0.7330
vn 0.3086 -0.4756 0.8237
vn -0.3937 -0.7462 0.5368
vn -0.4271 -0.4913 0.7591
vn -0.4467 -0.6673 0.5960
vn -0.3937 -0.3778 0.8380
vn -0.3391 -0.1623 0.9267
vn -0.4196 -0.3580 0.8341
vn 0.6960 -0.1106 0.7095
vn 0.5169 -0.1077 0.8492
vn 0.6021 -0.2559 0.7563
vn 0.7227 -0.2600 -0.6404
vn 0.8439 -0.1756 -0.5070
vn 0.9146 -0.1993 -0.3519
vn -0.2634 0.3386 -0.9033
vn -0.4411 0.0261 -0.8971
vn -0.4021 0.1042 -0.9097
vn 0.0000 1.0000 0.0000
vn 0.0010 -0.0000 1.0000
vn 0.0084 -0.0000 1.0000
vn 0.0000 -0.0094 1.0000
vn -0.0008 1.0000 0.0003
vn 0.0007 1.0000 0.0005
vn 0.0000 1.0000 -0.0011
vn 0.0005 -1.0000 -0.0000
vn 0.0003 -1.0000 -0.0006
vn 0.0003 -1.0000 -0.0007
vn 0.0000 -1.0000 -0.0025
vn -0.2558 0.9346 -0.2473
vn -0.0911 0.9920 -0.0879
vn 0.8631 0.2066 0.4609
vn 0.8921 0.1918 0.4092
vn 0.9176 0.1764 0.3563
vn 0.9999 -0.0100 0.0009
vn 1.0000 -0.0088 0.0034
vn 0.9999 -0.0093 0.0056
vn 0.9999 -0.0070 0.0128
vn -0.0008 1.0000 0.0004
vn -0.0023 1.0000 -0.0004
vn -0.0022 1.0000 0.0000
vn -1.0000 0.0039 -0.0036
vn -1.0000 0.0010 -0.0015
vn -1.0000 0.0014 -0.0013
vn 0.1049 0.7734 0.6252
vn 0.1028 0.7750 0.6235
vn 0.1013 0.7762 0.6223
vn 0.0016 0.0006 1.0000
vn 0.0032 -0.0018 1.0000
vn 0.0172 -0.0000 0.9999
vn 0.0087 -0.0036 1.0000
vn 0.0034 0.5494 -0.8355
vn 0.0004 0.2862 -0.9582
vn 0.0012 0.5463 -0.8376
vn -0.0007 0.2847 -0.9586
vn 0.3086 -0.4756 -0.8238
vn 0.4301 -0.6477 -0.6289
vn -0.3937 -0.0917 -0.9147
vn -0.4467 -0.1825 -0.8759
vn 0.4537 -0.8636 -0.2199
vn 0.3086 -0.8237 -0.4756
vn 0.4301 -0.6478 -0.6288
vn 0.2006 -0.7331 -0.6499
vn -0.4465 -0.7840 -0.4314
vn 0.3083 -0.9091 -0.2803
vn 0.3958 -0.9183 -0.0000
vn 0.4537 -0.8545 0.2529
vn 0.0545 -0.1639 0.9850
vn 0.0288 -0.1317 0.9909
vn 0.0288 -0.1316 0.9909
vn 0.0000 -0.0951 0.9955
vn 0.0000 -0.8943 0.4475
vn 0.0195 0.3018 0.9532
vn 0.0000 0.2852 0.9585
vn 0.0000 -0.0000 1.0000
vn 0.4536 -0.8545 0.2530
vn 0.3086 -0.8238 0.4756
vn 0.4298 -0.6276 0.6491
vn -0.3713 -0.1212 0.9206
vn 0.4536 -0.8545 0.2529
vn 0.1407 -0.9191 -0.3681
vn 0.2023 -0.9089 -0.3646
vn 0.4538 -0.8636 -0.2199
vn -0.3464 -0.2427 0.9061
vn -0.2407 -0.0758 0.9676
vn -0.8762 0.0085 0.4819
vn -0.8753 0.0127 0.4834
vn -0.8130 0.0082 -0.5822
vn -0.7572 -0.0093 -0.6531
vn -0.8751 0.0059 -0.4839
vn -0.8757 0.0029 -0.4829
vn -0.0013 1.0000 0.0021
vn 0.9566 -0.1238 -0.2637
vn 0.9893 -0.1457 -0.0051
vn 0.9760 -0.1411 -0.1661
vn 0.9849 -0.1662 -0.0481
vn 0.2006 -0.7330 0.6499
vn 0.2400 0.3604 -0.9014
vn 0.3322 0.3641 -0.8701
vn 0.3086 -0.0000 -0.9512
vn 0.4538 -0.8635 -0.2199
vn 0.3086 -0.8238 -0.4756
vn -0.3433 0.7227 -0.5998
vn -0.3326 0.8409 -0.4269
vn -0.3518 0.7142 0.6051
vn -0.3419 0.8361 0.4289
vn -0.3291 0.6375 -0.6966
vn -0.2615 0.8359 -0.4826
vn 1.0000 0.0010 -0.0001
vn 1.0000 0.0010 -0.0005
vn 1.0000 0.0007 -0.0005
vn 1.0000 0.0011 -0.0010
vn 1.0000 0.0012 0.0001
vn 0.9999 -0.0100 -0.0100
vn 1.0000 -0.0050 -0.0055
vn 0.9998 -0.0132 -0.0130
vn 0.0004 -0.9807 -0.1955
vn -0.0002 -0.9811 -0.1935
vn -0.0011 -0.8604 -0.5096
vn 0.0000 -0.8621 -0.5067
vn 1.0000 0.0012 -0.0001
vn 1.0000 0.0012 0.0002
vn -0.0000 -0.9682 0.2503
vn -0.0018 -0.8897 0.4566
vn -0.0021 -0.8191 0.5736
vn -0.0038 -0.8202 0.5720
vn -0.3314 0.2897 0.8979
vn -0.3316 0.6212 0.7100
vn -0.3337 0.2927 0.8961
vn 0.0000 -1.0000 0.0007
vn 0.0000 -0.9682 0.2502
vn -0.0016 -0.8897 0.4565
vn -0.3315 0.2897 0.8979
vn -0.3234 0.0558 0.9446
vn -0.3211 0.0603 0.9451
vn 0.6071 -0.7448 -0.2770
vn 0.6040 -0.6452 -0.4679
vn 0.6070 -0.7836 0.1323
vn -0.2725 0.3572 -0.8934
vn -0.2647 0.3632 -0.8933
vn -0.4021 0.1043 -0.9096
vn 0.2843 -0.1900 0.9397
vn 0.3817 -0.2969 0.8753
vn -0.3433 0.7228 -0.5998
vn -0.3464 0.4210 -0.8383
vn -0.3054 0.3797 -0.8733
vn -0.4465 -0.7839 0.4314
vn 0.4298 -0.6276 0.6492
vn -0.0005 0.0000 -1.0000
vn 0.0265 0.5567 0.8303
vn 0.0515 0.5913 0.8048
vn -0.2537 0.8377 0.4836
vn 1.0000 0.0013 0.0001
vn 0.9846 -0.1713 0.0345
vn 0.9714 -0.1403 0.1917
vn 0.9530 -0.1237 0.2767
vn 0.8921 -0.1334 0.4317
vn 0.8427 -0.1190 0.5251
vn 0.7727 -0.1307 0.6211
vn 0.6793 -0.0999 -0.7270
vn 0.8357 0.0602 -0.5459
vn 0.7326 0.1742 -0.6580
vn 0.5729 0.3280 -0.7511
vn 0.4893 0.4527 -0.7454
vn 0.1853 0.1853 -0.9650
vn 0.2006 -0.6499 0.7331
vn 0.3817 -0.2970 0.8753
vn 0.6064 -0.6207 0.4970
vn 0.7326 0.1741 -0.6580
vn 0.8174 0.1884 -0.5444
vn 0.6961 0.2747 -0.6633
vn 0.3852 0.6834 -0.6202
vn 0.4264 0.5941 -0.6821
vn 0.3706 0.6712 -0.6420
vn 0.4453 0.5504 -0.7062
vn 0.9146 -0.1994 -0.3519
vn 0.0000 -1.0000 -0.0000
vn 0.0012 -1.0000 -0.0013
vn 0.0010 -1.0000 -0.0014
vn 0.0019 -1.0000 -0.0019
vn 0.0074 -1.0000 0.0026
vn -0.1483 0.0907 -0.9848
vn -0.3252 0.2143 -0.9211
vn -0.3054 0.3796 -0.8733
vn -0.4585 0.1274 -0.8795
vn 0.0000 -0.8475 0.5308
vn -0.0001 -0.9571 0.2896
vn 0.0007 -0.8487 0.5288
vn 0.0006 -0.9933 0.1155
vn 0.0004 -0.9807 -0.1954
vn -0.9996 0.0045 -0.0272
vn -0.9999 0.0120 -0.0020
vn -0.9998 0.0118 -0.0132
vn -0.9999 0.0104 0.0029
vn -0.9999 0.0077 0.0089
vn -1.0000 0.0022 0.0017
vn 0.9999 -0.0147 -0.0000
vn 0.9999 -0.0081 0.0128
vn 0.9999 -0.0061 0.0082
vn 0.9998 -0.0110 0.0175
vn -1.0000 0.0018 -0.0054
vn 0.4892 -0.2294 -0.8415
vn 0.6135 -0.3566 -0.7046
vn 0.6039 -0.6452 -0.4679
vn -0.2750 -0.0690 -0.9590
vn -0.2499 -0.0897 -0.9641
vn -0.3464 -0.2427 -0.9061
vn 0.2499 -0.0898 -0.9641
vn 0.3464 -0.2427 -0.9061
vn 0.2750 -0.0690 -0.9590
vn 0.7570 0.0011 0.6534
vn 0.8129 0.0190 0.5821
vn 0.2681 -0.0533 0.9619
vn -0.3817 -0.2970 0.8753
vn -0.2007 -0.3098 0.9294
vn -0.2425 -0.2377 0.9406
vn 0.3464 0.4210 -0.8383
vn 0.4585 0.1274 -0.8795
vn 0.3252 0.2142 -0.9211
vn 0.4022 0.9155 -0.0103
vn 0.4026 0.8846 0.2353
vn 0.3952 0.8880 -0.2352
vn -0.1294 -0.1294 0.9831
vn -0.2842 -0.1900 0.9397
vn 0.3626 -0.8651 0.3465
vn 0.4400 -0.7912 0.4247
vn 0.4465 -0.7840 0.4313
vn 0.2634 0.3386 -0.9033
vn 0.4021 0.1042 -0.9097
vn 0.4411 0.0261 -0.8971
vn -0.6960 -0.1106 0.7095
vn -0.6021 -0.2559 0.7563
vn -0.5169 -0.1077 0.8492
vn -0.9146 -0.1993 -0.3519
vn -0.9760 -0.1411 -0.1661
vn -0.9566 -0.1239 -0.2637
vn -0.4301 -0.6477 -0.6288
vn -0.6039 -0.6452 -0.4679
vn -0.6136 -0.3566 -0.7046
vn -0.0019 -1.0000 -0.0019
vn -0.0074 -1.0000 0.0026
vn -0.0012 -1.0000 -0.0013
vn -0.4891 -0.2294 -0.8415
vn -0.6793 -0.0999 -0.7270
vn -0.4345 0.1490 -0.8883
vn -0.0010 -0.0000 1.0000
vn -0.0084 -0.0000 1.0000
vn -1.0000 0.0012 0.0001
vn -1.0000 0.0013 0.0001
vn -1.0000 -0.0050 -0.0055
vn 0.3314 0.2897 0.8979
vn 0.3337 0.2927 0.8961
vn 0.3316 0.6212 0.7100
vn 0.3518 0.7142 0.6051
vn 0.0000 -0.8897 0.4565
vn -0.0004 -0.9807 -0.1955
vn 0.0011 -0.8604 -0.5096
vn 0.0002 -0.9811 -0.1935
vn 0.0021 -0.8191 0.5736
vn 0.0016 -0.8897 0.4566
vn 0.0038 -0.8203 0.5719
vn -1.0000 0.0012 -0.0001
vn -1.0000 0.0012 0.0002
vn -1.0000 0.0010 -0.0005
vn -1.0000 0.0010 -0.0001
vn -1.0000 0.0007 -0.0005
vn -1.0000 0.0011 -0.0010
vn -0.9999 -0.0100 -0.0100
vn -0.9998 -0.0132 -0.0130
vn -0.0006 -0.9933 0.1155
vn 0.0001 -0.9571 0.2896
vn -0.0007 -0.8487 0.5288
vn -0.0004 -0.9807 -0.1954
vn -0.8631 0.2066 0.4609
vn -0.8921 0.1918 0.4092
vn -0.9176 0.1764 0.3563
vn 0.0008 1.0000 0.0003
vn -0.0007 1.0000 0.0005
vn -0.0003 -1.0000 -0.0006
vn -0.0003 -1.0000 -0.0007
vn -0.0005 -1.0000 -0.0000
vn 0.2558 0.9346 -0.2473
vn 0.0413 0.9986 -0.0344
vn 0.0911 0.9920 -0.0879
vn 0.0009 1.0000 0.0034
vn 1.0000 0.0022 0.0017
vn 0.9999 0.0077 0.0089
vn 0.9999 0.0104 0.0029
vn 0.9999 0.0120 -0.0019
vn -0.9999 -0.0070 0.0127
vn -0.9999 -0.0081 0.0128
vn -0.9999 -0.0061 0.0082
vn -0.9999 -0.0147 -0.0000
vn 0.0023 1.0000 -0.0004
vn 0.0008 1.0000 0.0004
vn 0.0022 1.0000 0.0000
vn 1.0000 0.0039 -0.0036
vn 1.0000 0.0014 -0.0013
vn 1.0000 0.0010 -0.0015
vn -0.1049 0.7734 0.6252
vn -0.1028 0.7750 0.6235
vn -0.1013 0.7762 0.6223
vn -0.0032 -0.0018 1.0000
vn -0.0016 0.0006 1.0000
vn -0.0172 -0.0000 0.9999
vn -0.0087 -0.0036 1.0000
vn -0.0034 0.5494 -0.8355
vn -0.0012 0.5463 -0.8376
vn -0.0004 0.2862 -0.9582
vn 0.0007 0.2847 -0.9586
vn -0.8439 -0.1756 -0.5070
vn -0.7227 -0.2600 -0.6404
vn -0.4537 -0.8636 -0.2199
vn -0.4301 -0.6478 -0.6288
vn -0.3086 -0.8237 -0.4756
vn -0.2006 -0.7331 -0.6499
vn 0.3315 0.2897 0.8979
vn 0.3234 0.0558 0.9446
vn 0.3211 0.0603 0.9451
vn -0.0010 -1.0000 -0.0014
vn -0.0195 0.3018 0.9532
vn 0.0005 -0.0000 -1.0000
vn -0.0515 0.5913 0.8048
vn -0.0265 0.5567 0.8303
vn -0.2023 -0.9089 0.3646
vn -0.3086 -0.8238 0.4756
vn -0.4536 -0.8545 0.2530
vn -0.4298 -0.6276 0.6491
vn -0.2006 -0.3098 0.9294
vn -0.3086 -0.4756 0.8238
vn 0.3713 -0.1212 0.9206
vn 0.3391 -0.1623 0.9267
vn 0.4196 -0.3580 0.8341
vn 0.9996 0.0045 -0.0272
vn 0.9998 0.0118 -0.0132
vn 0.9999 0.0120 -0.0020
vn 0.3464 -0.2427 0.9061
vn 0.2407 -0.0758 0.9676
vn 0.8762 0.0085 0.4819
vn 0.8753 0.0127 0.4834
vn 0.8757 0.0029 -0.4829
vn 0.7572 -0.0093 -0.6531
vn 0.8751 0.0059 -0.4839
vn 0.8130 0.0082 -0.5822
vn 0.2499 -0.0897 -0.9641
vn -0.4893 0.4527 -0.7454
vn -0.3322 0.3641 -0.8701
vn -0.5729 0.3280 -0.7511
vn -0.4453 0.5504 -0.7062
vn -0.4264 0.5941 -0.6821
vn -0.9849 -0.1662 -0.0481
vn -0.9893 -0.1457 -0.0051
vn -0.9566 -0.1238 -0.2637
vn -0.3086 -0.0000 -0.9512
vn -0.2006 -0.1963 -0.9598
vn -0.1853 0.1853 -0.9651
vn -0.4538 -0.8635 -0.2199
vn -0.3086 -0.8238 -0.4756
vn -0.2023 -0.9089 -0.3646
vn -0.2006 -0.7330 -0.6499
vn 1.0000 0.0018 -0.0054
vn 0.3326 0.8409 -0.4269
vn 0.3433 0.7227 -0.5998
vn 0.3419 0.8361 0.4289
vn 0.3291 0.6375 -0.6966
vn 0.2615 0.8359 -0.4826
vn -0.7727 -0.1307 0.6211
vn -0.8427 -0.1190 0.5251
vn -0.3706 0.6712 -0.6420
vn -0.3852 0.6834 -0.6201
vn -0.6064 -0.6206 0.4971
vn -0.4536 -0.8545 0.2529
vn -0.6070 -0.7836 0.1323
vn -0.6071 -0.7448 -0.2770
vn -0.4301 -0.6477 -0.6289
vn -0.6040 -0.6452 -0.4679
vn 0.2725 0.3572 -0.8934
vn 0.2647 0.3632 -0.8933
vn 0.4021 0.1043 -0.9096
vn -0.3817 -0.2969 0.8753
vn -0.2843 -0.1900 0.9397
vn -0.1853 0.1853 -0.9650
vn -0.8921 -0.1334 0.4317
vn -0.9530 -0.1237 0.2767
vn -0.9714 -0.1403 0.1917
vn -0.9846 -0.1713 0.0345
vn 0.3054 0.3797 -0.8733
vn 0.3433 0.7228 -0.5998
vn 0.2537 0.8377 0.4836
vn -0.0545 -0.1639 0.9850
vn -0.0288 -0.1316 0.9909
vn -0.0288 -0.1317 0.9909
vn 0.3054 0.3796 -0.8733
vn 0.1483 0.0907 -0.9848
vn 0.4467 -0.1824 -0.8759
vn 0.3937 -0.0918 -0.9147
vn 0.4271 -0.4117 -0.8050
vn -0.7326 0.1742 -0.6580
vn -0.6961 0.2747 -0.6633
vn -0.4298 -0.6276 0.6492
vn 0.4467 -0.6673 0.5960
vn 0.4465 -0.7839 0.4314
vn 0.3937 -0.7462 0.5368
vn 0.4271 -0.4913 0.7591
vn -0.2006 -0.7331 0.6499
vn -0.2006 -0.6499 0.7330
vn 0.3937 -0.3778 0.8380
vn -0.8357 0.0602 -0.5459
vn -0.9999 -0.0081 0.0127
vn -0.9999 -0.0070 0.0128
vn -0.9998 -0.0110 0.0175
vn -0.9999 -0.0093 0.0056
vn -1.0000 -0.0088 0.0034
vn -0.9999 -0.0100 0.0009
vn -0.3086 -0.4756 -0.8238
vn -0.2007 -0.3098 -0.9294
vn -0.7326 0.1741 -0.6580
vn -0.8174 0.1884 -0.5444
vn 0.4467 -0.5960 -0.6673
vn 0.3937 -0.5368 -0.7462
vn 0.4271 -0.7591 -0.4913
vn 0.4465 -0.7839 -0.4314
vn 0.4323 -0.7996 -0.4169
vn 0.3626 -0.8651 -0.3465
vn -0.4537 -0.8545 0.2529
vn -0.4538 -0.8636 -0.2199
vn -0.3958 -0.9183 -0.0000
vn -0.3083 -0.9091 -0.2803
vn -0.1407 -0.9191 -0.3681
vn -0.3083 -0.9091 0.2803
vn -0.1407 -0.9191 0.3681
vn 0.0013 1.0000 0.0021
vn 0.0024 1.0000 0.0053
vn -0.2400 0.3604 -0.9014
vn -0.2525 0.3225 -0.9123
vn -0.2006 -0.6499 -0.7331
vn -0.4302 -0.6477 -0.6288
vn 0.0000 0.4303 -0.9027
vn 0.0322 -0.2962 -0.9546
vn -0.0000 0.0156 -0.9999
vn 0.6074 0.6108 0.5079
vn 0.6040 0.4463 0.6603
vn 0.7064 0.3767 0.5993
vn 0.0237 -0.7730 -0.6340
vn 0.0176 -0.8712 -0.4906
vn 0.0004 -0.9748 -0.2233
vn -0.0003 -0.8547 -0.5191
vn 0.0008 -0.7627 -0.6468
vn 0.0002 -0.8558 -0.5174
vn 0.0000 -0.8641 -0.5033
vn -1.0000 0.0012 0.0006
vn -1.0000 0.0011 0.0005
vn -1.0000 0.0010 0.0004
vn -1.0000 0.0010 0.0006
vn -1.0000 0.0007 0.0012
vn 0.7366 0.6737 0.0590
vn 0.6087 0.7904 0.0690
vn 0.7200 0.5847 0.3737
vn 0.6059 0.7568 -0.2452
vn 0.6087 0.7904 0.0689
vn 0.7319 0.6490 -0.2076
vn 0.0017 -0.9922 0.1247
vn 0.0000 -0.9954 -0.0960
vn 0.0021 -0.9659 0.2588
vn 0.0016 -0.9922 0.1247
vn 0.0039 -0.9663 0.2572
vn 0.8798 0.1711 0.4435
vn 0.9237 0.1870 0.3344
vn 0.8486 0.3281 0.4150
vn 0.9282 0.3087 0.2079
vn 0.8069 0.1687 0.5661
vn 0.7063 0.3767 0.5993
vn 0.6673 0.1436 0.7308
vn 0.6039 0.4463 0.6604
vn 0.8543 0.4884 0.1780
vn 0.7366 0.6738 0.0590
vn 0.8487 0.5188 -0.1028
vn 0.8506 0.4628 -0.2497
vn -0.9999 0.0001 0.0101
vn -1.0000 0.0002 0.0027
vn -1.0000 0.0007 0.0013
vn 0.7544 0.5558 -0.3491
vn 0.0237 -0.7729 -0.6340
vn 0.0001 -0.9985 -0.0552
vn -0.0006 -0.9729 -0.2312
vn -0.0004 -0.8547 -0.5191
vn -1.0000 0.0014 -0.0006
vn -1.0000 0.0011 -0.0001
vn -1.0000 0.0007 -0.0002
vn -1.0000 0.0007 0.0002
vn -1.0000 0.0009 0.0006
vn 0.8506 0.4628 -0.2498
vn 0.9164 0.3704 -0.1518
vn 0.9274 0.3713 0.0463
vn 0.8798 0.1711 0.4436
vn 0.8069 0.1688 0.5661
vn 0.6075 0.6108 0.5079
vn -0.0004 -0.9986 -0.0521
vn -0.0009 -0.9985 -0.0552
vn -0.0237 -0.7730 -0.6340
vn -0.0004 -0.9748 -0.2233
vn -0.0176 -0.8712 -0.4906
vn 1.0000 0.0002 0.0027
vn 0.9999 0.0001 0.0101
vn 1.0000 0.0007 0.0013
vn 1.0000 0.0008 0.0002
vn 1.0000 0.0010 0.0004
vn 1.0000 0.0011 -0.0001
vn -0.0001 -0.9985 -0.0552
vn 0.0038 -0.9729 -0.2312
vn 0.0004 -0.9986 -0.0521
vn 1.0000 0.0011 0.0005
vn 1.0000 0.0009 0.0006
vn 1.0000 0.0009 0.0002
vn 1.0000 0.0007 -0.0002
vn 1.0000 0.0014 -0.0006
vn 0.0004 -0.8547 -0.5191
vn 0.0006 -0.9729 -0.2312
vn -0.0002 -0.8558 -0.5174
vn -0.0000 -0.9985 -0.0552
vn -0.0016 -0.9922 0.1247
vn -0.0021 -0.9659 0.2588
vn -0.0039 -0.9663 0.2572
vn 0.0003 -0.8547 -0.5191
vn 0.0006 -0.8558 -0.5174
vn -0.0008 -0.7627 -0.6468
vn -0.8506 0.4628 -0.2497
vn -0.7319 0.6490 -0.2076
vn -0.7544 0.5558 -0.3491
vn -0.6059 0.7568 -0.2452
vn -0.9274 0.3712 0.0463
vn -0.8487 0.5188 -0.1027
vn -0.9164 0.3704 -0.1518
vn -0.8506 0.4628 -0.2498
vn -0.9282 0.3087 0.2079
vn -0.8543 0.4884 0.1780
vn -0.9274 0.3713 0.0463
vn -0.8487 0.5188 -0.1028
vn -0.8798 0.1711 0.4435
vn -0.8486 0.3281 0.4150
vn -0.9237 0.1870 0.3344
vn -0.0017 -0.9922 0.1247
vn -0.7366 0.6737 0.0590
vn -0.7200 0.5847 0.3737
vn -0.6087 0.7904 0.0690
vn -0.6074 0.6108 0.5079
vn -0.6087 0.7904 0.0689
vn -0.0322 -0.2962 -0.9546
vn -0.0237 -0.7729 -0.6340
vn -0.8798 0.1711 0.4436
vn -0.8069 0.1688 0.5661
vn -0.7063 0.3767 0.5993
vn -0.6673 0.1436 0.7308
vn -0.6039 0.4463 0.6604
vn -0.6040 0.4463 0.6603
vn 1.0000 0.0011 0.0004
vn 1.0000 0.0012 0.0006
vn 1.0000 0.0007 0.0012
vn 1.0000 0.0002 0.0028
vn -0.9423 0.0291 0.3334
vn -0.7849 -0.0916 0.6128
vn -0.8067 -0.0325 0.5900
vn 0.0000 0.6703 0.7421
vn -0.7672 0.3468 0.5396
vn -0.5483 0.4876 0.6794
vn -0.1303 -0.6745 -0.7267
vn -0.0822 -0.8858 -0.4568
vn -0.0811 -0.9318 -0.3537
vn 0.8659 -0.4345 -0.2477
vn -0.4947 -0.0250 0.8687
vn 0.8517 -0.0604 0.5205
vn 0.9033 -0.0708 0.4231
vn 0.7275 -0.1983 0.6568
vn -0.1628 -0.9453 0.2827
vn -0.1880 -0.7894 0.5844
vn -0.0000 -0.8262 0.5633
vn 0.8488 0.3066 -0.4308
vn 0.6902 0.3367 -0.6405
vn 0.7495 0.4203 -0.5114
vn 0.1584 -0.9824 -0.0994
vn -0.0000 -0.9986 0.0533
vn -0.0611 -0.9981 -0.0016
vn 0.3123 -0.1614 0.9362
vn 0.8242 0.2433 0.5114
vn 0.5466 0.4879 0.6806
vn 0.1303 -0.6745 -0.7267
vn 0.0811 -0.9318 -0.3537
vn 0.0822 -0.8858 -0.4568
vn 0.9824 0.0173 0.1859
vn 0.9574 0.1292 0.2584
vn 0.9423 0.0291 0.3334
vn 0.9653 -0.0224 0.2603
vn 0.9668 -0.0188 0.2550
vn -0.8660 -0.4345 -0.2477
vn 0.4947 -0.0250 0.8687
vn -0.9817 -0.1623 0.0994
vn -0.9810 -0.1691 0.0953
vn -0.9737 -0.1919 0.1229
vn 0.2102 -0.3760 0.9025
vn -0.1675 -0.4330 0.8857
vn 0.7467 -0.4754 0.4652
vn -0.5684 0.2008 -0.7979
vn -0.5602 0.1901 -0.8063
vn -0.5609 0.1855 -0.8068
vn -0.9684 -0.0408 -0.2460
vn -0.9608 -0.0030 -0.2774
vn 0.0000 0.2437 -0.9698
vn -0.3932 0.3068 -0.8668
vn 0.9007 -0.2928 -0.3209
vn 0.6711 -0.4798 0.5651
vn 0.0215 -0.4085 0.9125
vn 0.7215 -0.5441 0.4281
vn 0.5099 -0.5433 0.6669
vn -0.5271 -0.2694 0.8060
vn 0.9211 -0.3375 -0.1941
vn 0.7251 -0.3571 0.5888
vn 0.9817 -0.1623 0.0994
vn 0.9737 -0.1919 0.1229
vn 0.9810 -0.1691 0.0953
vn 0.9684 -0.0408 -0.2460
vn 0.9608 -0.0030 -0.2774
vn 0.3932 0.3068 -0.8668
vn -0.9007 -0.2928 -0.3209
vn -0.6711 -0.4798 0.5651
vn -0.0215 -0.4085 0.9125
vn -0.7215 -0.5441 0.4281
vn -0.5099 -0.5433 0.6669
vn 0.5271 -0.2694 0.8060
vn -0.9211 -0.3375 -0.1941
vn -0.7251 -0.3571 0.5888
vn 0.0000 0.7830 0.6221
vn -0.5493 0.4937 0.6742
vn -0.6257 0.7480 0.2213
vn -0.4364 0.8792 0.1912
vn -0.0000 0.7829 0.6221
vn -0.8652 0.1835 0.4667
vn -0.8056 -0.3233 -0.4964
vn -0.7668 -0.3787 -0.5182
vn -0.7669 -0.3786 -0.5182
vn -0.6098 -0.5487 -0.5719
vn -0.9589 0.1139 0.2598
vn -0.9011 0.4040 -0.1574
vn -0.8488 0.3066 -0.4308
vn -0.7755 0.5326 -0.3390
vn 0.2946 0.9302 0.2191
vn 0.1652 0.9604 0.2243
vn 0.1387 0.9645 0.2249
vn -0.9380 0.0235 0.3457
vn -0.9574 0.1292 0.2584
vn -0.9416 0.0364 0.3348
vn -0.9494 0.1306 0.2856
vn 0.9418 -0.0455 -0.3332
vn 0.9297 -0.0589 -0.3635
vn 0.9289 -0.0413 -0.3679
vn 0.9051 0.0314 -0.4240
vn 0.9337 0.0463 -0.3550
vn 0.9370 -0.0167 -0.3490
vn 0.9393 0.0363 -0.3413
vn 0.9318 0.0167 -0.3626
vn 0.0187 0.9994 0.0276
vn 0.0148 0.9994 0.0304
vn 0.0155 0.9622 0.2719
vn 0.0712 0.9773 0.1995
vn -0.2893 -0.8508 -0.4387
vn -0.2552 -0.8470 -0.4663
vn -0.2302 -0.8433 -0.4857
vn -0.2395 0.9153 -0.3237
vn -0.2031 0.9133 -0.3531
vn -0.1763 0.9105 -0.3741
vn 0.8306 0.2657 -0.4894
vn 0.7255 0.3439 -0.5961
vn -0.0000 -0.9941 -0.1080
vn 0.1382 -0.9703 -0.1984
vn -0.9473 0.2068 0.2448
vn -0.9398 0.2448 0.2385
vn -0.9028 -0.0665 0.4249
vn -0.0000 -0.2345 0.9721
vn 0.0000 0.4975 0.8674
vn -0.5483 0.4877 0.6794
vn -0.8509 -0.0595 0.5219
vn -0.8652 0.1836 0.4667
vn -0.7672 0.3467 0.5396
vn -0.9290 0.0796 0.3615
vn -0.9335 0.0897 0.3472
vn -0.9824 0.0173 0.1859
vn -0.9205 -0.3698 0.1263
vn -0.9985 -0.0507 0.0195
vn -0.9769 0.2033 -0.0658
vn -0.9353 -0.1128 0.3354
vn -0.9423 0.0291 0.3335
vn -0.9676 -0.1244 0.2196
vn -0.9821 -0.0742 0.1731
vn -0.0000 0.4177 -0.9086
vn -0.6902 0.3367 -0.6405
vn -0.0000 0.6761 -0.7368
vn -0.7495 0.4203 -0.5114
vn -0.8306 0.2657 -0.4894
vn -0.6698 0.2997 -0.6794
vn -0.6705 -0.1903 0.7171
vn 0.0000 -0.9942 -0.1080
vn -0.1384 -0.9703 -0.1985
vn -0.1586 -0.9823 -0.0992
vn -0.7275 -0.1983 0.6568
vn 0.1321 -0.0688 0.9889
vn 0.2700 -0.0997 0.9577
vn 0.7849 -0.0916 0.6128
vn 0.6705 -0.1903 0.7171
vn -0.0000 -0.0602 0.9982
vn -0.0000 -0.0679 0.9977
vn 0.1321 -0.0688 0.9888
vn 0.6698 0.2997 -0.6794
vn 0.1180 -0.9386 -0.3241
vn 0.2059 -0.8752 -0.4377
vn 0.2525 -0.8254 -0.5049
vn 0.2528 -0.8737 -0.4157
vn 0.2534 -0.7956 -0.5503
vn 0.2735 -0.8019 -0.5312
vn 0.2416 -0.8557 -0.4576
vn 0.2222 -0.9051 -0.3625
vn 0.8241 0.2434 0.5114
vn 0.7672 0.3471 0.5394
vn 0.9494 0.1981 0.2436
vn 0.0000 0.9998 0.0216
vn 0.5229 0.8477 -0.0899
vn 0.0000 0.6762 -0.7367
vn 0.7755 0.5326 -0.3391
vn 0.9205 -0.3698 0.1263
vn 0.9985 -0.0507 0.0195
vn 0.9769 0.2033 -0.0658
vn 0.9589 0.1139 0.2598
vn 0.8661 0.1844 0.4646
vn 0.9011 0.4040 -0.1574
vn 0.9290 0.0796 0.3615
vn 0.9335 0.0897 0.3472
vn 0.8661 0.1844 0.4645
vn -0.1890 -0.9070 0.3764
vn -0.1809 -0.8551 0.4858
vn 0.7672 0.3471 0.5393
vn 0.0000 0.4975 0.8675
vn 0.9419 0.2360 0.2388
vn -0.0393 0.7575 0.6517
vn 0.0259 0.9305 0.3654
vn -0.0273 0.9910 0.1311
vn 0.0219 0.9936 -0.1109
vn 0.2220 -0.9136 -0.3406
vn 0.2545 -0.9139 -0.3164
vn 0.1108 0.9841 -0.1388
vn 0.0882 0.9844 -0.1522
vn 0.0883 0.9844 -0.1522
vn 0.0732 0.9843 -0.1609
vn 0.1763 -0.9461 -0.2718
vn 0.1907 -0.9475 -0.2565
vn 0.2394 0.9153 -0.3238
vn 0.2031 0.9133 -0.3531
vn 0.1764 0.9105 -0.3741
vn 0.2302 -0.8433 -0.4857
vn 0.2552 -0.8470 -0.4663
vn 0.2892 -0.8508 -0.4387
vn -0.0187 0.9994 0.0276
vn -0.0155 0.9622 0.2719
vn -0.0148 0.9994 0.0304
vn -0.0712 0.9773 0.1994
vn -0.9337 0.0463 -0.3550
vn -0.9393 0.0363 -0.3413
vn -0.9370 -0.0167 -0.3490
vn -0.9318 0.0167 -0.3626
vn -0.9297 -0.0589 -0.3635
vn -0.8999 -0.0580 -0.4323
vn -0.8863 -0.0347 -0.4618
vn 0.9380 0.0235 0.3457
vn 0.9416 0.0364 0.3348
vn 0.9494 0.1306 0.2856
vn 0.9821 -0.0742 0.1730
vn 0.9423 0.0291 0.3335
vn -0.0712 0.9773 0.1995
vn -0.0393 0.7574 0.6518
vn -0.1387 0.9645 0.2249
vn -0.1652 0.9604 0.2243
vn -0.2946 0.9302 0.2191
vn 0.8056 -0.3233 -0.4964
vn 0.7668 -0.3787 -0.5182
vn 0.6098 -0.5488 -0.5719
vn 0.4364 0.8792 0.1912
vn 0.5229 0.8477 -0.0898
vn 0.6257 0.7480 0.2213
vn 0.5487 0.4951 0.6737
vn 0.7672 0.3470 0.5394
vn -0.9324 -0.2789 0.2299
vn -0.9646 -0.2201 0.1455
vn 0.7467 -0.4754 0.4653
vn 0.9406 -0.2017 0.2730
vn 0.9790 -0.2038 -0.0040
vn 0.9191 -0.0617 0.3891
vn 0.9950 -0.0532 0.0847
vn -0.5601 0.1901 -0.8063
vn -0.5685 0.2008 -0.7978
vn -0.5730 0.2102 -0.7921
vn -0.5840 0.2210 -0.7811
vn 0.9646 -0.2201 0.1455
vn 0.9324 -0.2789 0.2299
vn -0.2102 -0.3760 0.9025
vn -0.3548 -0.1725 0.9189
vn -0.9401 -0.2045 0.2727
vn -0.9187 -0.0712 0.3885
vn -0.7467 -0.4754 0.4653
vn -0.9790 -0.2038 -0.0040
vn 0.1880 -0.7894 0.5844
vn 0.0796 -0.8122 0.5779
vn -0.1108 0.9841 -0.1388
vn -0.0883 0.9844 -0.1522
vn -0.0733 0.9842 -0.1609
vn -0.9954 -0.0570 0.0774
vn -0.0219 0.9936 -0.1108
vn -0.0259 0.9305 0.3654
vn 0.0273 0.9910 0.1310
vn 0.0393 0.7574 0.6517
vn 0.0712 0.9773 0.1994
vn 0.5840 0.2210 -0.7811
vn 0.5684 0.2008 -0.7978
vn 0.5730 0.2102 -0.7921
vn 0.5601 0.1901 -0.8063
vn 0.5609 0.1855 -0.8068
vn 0.3582 -0.1702 0.9180
vn -0.0856 -0.2404 0.9669
vn 0.9589 0.1139 0.2599
vn 0.9413 0.2468 0.2303
vn -0.9051 0.0314 -0.4240
vn -0.9289 -0.0413 -0.3679
vn -0.9418 -0.0455 -0.3332
vn -0.9370 -0.0167 -0.3489
vn -0.0797 -0.8122 0.5779
vn 0.0025 -0.9986 0.0533
vn 0.0136 -0.9997 -0.0207
vn -0.5229 0.8477 -0.0899
vn 0.9676 -0.1244 0.2196
vn 0.9353 -0.1128 0.3355
vn 0.7275 -0.1982 0.6568
vn 0.8068 -0.0325 0.5900
vn -0.7275 -0.1982 0.6568
vn -0.9589 0.1139 0.2599
vn -0.9413 0.2468 0.2303
vn -0.3548 -0.1726 0.9189
vn -0.2101 -0.3760 0.9025
vn 0.0856 -0.2404 0.9669
vn 0.1676 -0.4330 0.8857
vn -0.7467 -0.4754 0.4652
vn -0.9821 -0.0742 0.1730
vn -0.9653 -0.0224 0.2603
vn -0.9668 -0.0188 0.2550
vn 0.8863 -0.0347 -0.4618
vn 0.8999 -0.0580 -0.4323
vn 0.9370 -0.0167 -0.3489
vn -0.2534 -0.7956 -0.5503
vn -0.2416 -0.8557 -0.4576
vn -0.2735 -0.8019 -0.5312
vn -0.2222 -0.9051 -0.3625
vn -0.1762 -0.9461 -0.2718
vn -0.1907 -0.9475 -0.2565
vn -0.1180 -0.9386 -0.3241
vn -0.2059 -0.8752 -0.4378
vn -0.2525 -0.8254 -0.5049
vn -0.2528 -0.8737 -0.4157
vn -0.2221 -0.9136 -0.3406
vn -0.2545 -0.9139 -0.3163
vn 0.0000 -0.9986 0.0534
vn -0.0136 -0.9997 -0.0208
vn 0.0610 -0.9981 -0.0017
vn 0.1809 -0.8551 0.4858
vn 0.1629 -0.9453 0.2827
vn 0.1890 -0.9070 0.3764
vn -0.7495 0.4202 -0.5114
vn -0.3129 -0.1612 0.9360
vn -0.8250 0.2465 0.5086
vn -0.1321 -0.0688 0.9888
vn -0.2700 -0.0997 0.9577
vn -0.7255 0.3440 -0.5961
vn -0.4546 0.2127 0.8649
vn -0.0000 0.9526 0.3041
vn -0.1533 0.9760 0.1545
vn 0.0000 0.9962 0.0870
vn 0.5468 0.2000 0.8130
vn 0.8993 0.1034 -0.4250
vn 0.9680 0.0289 -0.2493
vn -0.0244 0.9796 0.1993
vn -0.0029 0.8861 0.4635
vn 0.1361 0.0886 -0.9867
vn 0.3378 0.1627 0.9270
vn -0.0226 0.0728 -0.9971
vn -0.5468 0.2000 0.8130
vn 0.4546 0.2127 0.8649
vn -0.6171 0.1771 0.7667
vn -0.9680 0.0289 -0.2493
vn 0.0226 0.0728 -0.9971
vn -0.3378 0.1627 0.9270
vn 0.6171 0.1771 0.7667
vn -0.8993 0.1034 -0.4250
vn -0.1361 0.0886 -0.9867
vn -0.0000 -0.9689 -0.2475
vn -0.0525 -0.9226 -0.3822
vn -0.0000 -0.8360 -0.5487
vn -0.0429 -0.8389 -0.5426
vn -0.9814 0.1852 -0.0497
vn -0.9218 0.2583 0.2892
vn -0.9218 0.2582 0.2892
vn -0.7422 0.2999 0.5993
vn -0.9726 0.0468 0.2277
vn -0.8835 0.1058 0.4564
vn -0.6141 0.1876 0.7666
vn -0.0000 -0.9970 -0.0776
vn -0.0345 -0.9946 -0.0979
vn -0.9199 -0.3613 0.1524
vn -0.9205 -0.3564 0.1603
vn -0.9455 -0.3143 -0.0855
vn -0.9436 -0.3200 -0.0847
vn -0.8784 -0.3585 0.3161
vn -0.8765 -0.3713 0.3063
vn -0.0000 0.6343 -0.7731
vn 0.0027 0.6387 -0.7694
vn 0.0000 0.6387 -0.7694
vn 0.0000 0.6432 -0.7657
vn 0.9726 0.0468 0.2277
vn 0.8835 0.1058 0.4564
vn 0.6141 0.1876 0.7666
vn -0.0000 -0.3240 0.9461
vn 0.9814 0.1852 -0.0497
vn 0.9218 0.2582 0.2892
vn 0.9218 0.2583 0.2892
vn 0.7422 0.2999 0.5993
vn -0.0000 0.7197 0.6943
vn 0.0000 0.7085 0.7057
vn -0.0000 0.9527 0.3041
vn -0.0244 0.9796 0.1994
vn 0.1533 0.9760 0.1545
vn 0.0525 -0.9226 -0.3822
vn 0.0345 -0.9946 -0.0979
vn -0.0027 0.6387 -0.7694
vn 0.0429 -0.8389 -0.5426
vn 0.8784 -0.3585 0.3161
vn 0.8765 -0.3713 0.3063
vn 0.9205 -0.3564 0.1603
vn 0.9199 -0.3613 0.1524
vn 0.9436 -0.3200 -0.0847
vn 0.9455 -0.3143 -0.0855
vn 0.0029 0.8861 0.4635
vn 0.0244 0.9796 0.1994
vn -0.2167 0.7451 0.6308
vn -0.1760 0.7902 0.5870
vn -0.2189 0.7362 0.6404
vn 0.0404 -0.6640 0.7466
vn -0.1806 -0.3546 0.9174
vn -0.2945 -0.6385 0.7110
vn 0.9998 0.0041 0.0184
vn 0.9999 -0.0019 0.0110
vn 0.9999 -0.0001 0.0127
vn -0.9999 0.0059 -0.0137
vn -0.9999 0.0091 -0.0113
vn -0.9999 0.0136 -0.0100
vn -0.6938 -0.2135 0.6878
vn -0.9289 -0.1938 0.3155
vn -0.6413 -0.4125 0.6470
vn -0.3579 0.3577 -0.8625
vn -0.3790 0.5937 -0.7098
vn -0.1403 0.4689 -0.8720
vn -0.0695 0.2169 0.9737
vn -0.1505 0.4743 0.8674
vn -0.2190 0.7362 0.6404
vn 0.6124 0.3537 -0.7070
vn 0.8419 0.2315 -0.4875
vn 0.6898 0.1498 -0.7083
vn 0.8554 0.1560 -0.4939
vn -0.5376 0.5686 -0.6227
vn -0.5391 0.4862 -0.6877
vn 0.1100 0.2567 -0.9602
vn -0.1403 0.4688 -0.8721
vn 0.1314 0.5000 -0.8560
vn -0.0021 0.7080 -0.7062
vn -0.1813 0.2241 -0.9575
vn 0.0000 0.1008 -0.9949
vn 0.2783 0.1362 -0.9508
vn 0.6125 0.3536 -0.7070
vn 0.3542 0.6133 -0.7059
vn 0.5872 0.5883 -0.5559
vn 0.4454 0.7682 -0.4599
vn -0.2160 0.8032 -0.5552
vn -0.0031 0.8868 -0.4622
vn 0.2141 0.8049 -0.5535
vn 0.7818 0.4221 -0.4590
vn 0.6124 0.3536 -0.7070
vn 0.9082 0.2305 -0.3492
vn -0.3843 0.7737 -0.5037
vn -0.4678 0.6397 -0.6098
vn -0.1331 0.7938 0.5934
vn -0.1760 0.7902 0.5871
vn -0.1648 0.7976 0.5802
vn -0.0799 0.0089 0.9968
vn -0.0375 -0.0025 0.9993
vn -0.0076 -0.0112 0.9999
vn 0.0048 -0.0075 1.0000
vn -0.6409 -0.7026 0.3091
vn -0.5835 -0.7517 0.3073
vn -0.5296 -0.7918 0.3041
vn 0.0000 0.0041 1.0000
vn 0.0027 -0.0011 1.0000
vn -0.9995 -0.0231 0.0237
vn -0.9983 -0.0190 0.0543
vn -0.9966 -0.0155 0.0806
vn 0.5133 -0.4917 0.7034
vn 0.2269 -0.6381 0.7358
vn 0.7602 -0.1464 0.6330
vn 0.2452 -0.0960 0.9647
vn -0.6623 0.0835 0.7446
vn -0.2095 0.0262 0.9775
vn -0.4305 0.0877 0.8983
vn 0.0021 -1.0000 -0.0014
vn -0.0002 -1.0000 -0.0005
vn -0.0006 -1.0000 -0.0006
vn 0.2158 -0.7009 0.6798
vn 0.0405 -0.6640 0.7466
vn 0.0081 -0.7181 0.6959
vn -0.0019 -0.0151 0.9999
vn 0.0017 -0.0031 1.0000
vn -0.0020 -0.0201 0.9998
vn -0.0049 0.0007 1.0000
vn -0.0157 -0.0245 0.9996
vn -0.0201 -0.0170 0.9997
vn -1.0000 0.0007 -0.0066
vn -1.0000 0.0083 -0.0034
vn -0.9999 0.0164 0.0000
vn 0.9999 0.0143 0.0000
vn 1.0000 0.0073 -0.0026
vn 1.0000 0.0006 -0.0052
vn -0.9999 0.0058 -0.0137
vn -0.9999 0.0031 -0.0150
vn -0.9998 0.0005 -0.0177
vn -0.1961 -0.9339 0.2989
vn 0.9999 0.0000 0.0127
vn 1.0000 -0.0052 0.0070
vn 1.0000 -0.0070 0.0064
vn -0.0002 0.9993 0.0368
vn -0.0026 0.9995 0.0311
vn -0.0045 0.9996 0.0270
vn 0.0830 -0.9264 0.3672
vn -0.7989 -0.2023 0.5664
vn -0.5390 -0.2749 0.7962
vn -0.5632 -0.3359 0.7550
vn 0.1140 -0.3929 0.9125
vn -0.0251 -0.2504 0.9678
vn -0.0190 -0.0508 0.9985
vn 0.0709 -0.5271 0.8468
vn -0.4479 -0.3717 0.8132
vn -0.0190 -0.0509 0.9985
vn -0.3691 -0.1300 0.9203
vn 0.1140 -0.3928 0.9125
vn 0.0160 -0.2725 0.9620
vn 0.2453 -0.0960 0.9647
vn -0.0871 0.0099 0.9961
vn -0.4304 0.0877 0.8984
vn -0.7063 0.0699 0.7045
vn -0.6623 0.0836 0.7446
vn -0.9266 -0.0423 0.3737
vn 0.9308 0.1884 -0.3133
vn 0.8418 0.2315 -0.4875
vn 0.8555 0.1560 -0.4938
vn -0.2286 0.1320 -0.9645
vn -0.1813 0.2241 -0.9576
vn -0.3344 0.1585 -0.9290
vn -0.6413 -0.4124 0.6470
vn -0.6937 -0.2135 0.6878
vn -0.9893 -0.0644 0.1309
vn -0.9830 -0.1048 0.1506
vn -0.9484 -0.1365 0.2861
vn 0.0230 -0.5079 0.8611
vn -0.0005 -1.0000 0.0001
vn -0.0005 -1.0000 -0.0002
vn 0.0005 -1.0000 0.0007
vn -0.2006 -0.1027 0.9743
vn -0.2002 -0.1021 0.9744
vn -0.1997 -0.1014 0.9746
vn -0.0314 0.0018 0.9995
vn -0.0130 0.0115 0.9998
vn -0.2160 0.8032 -0.5551
vn -0.7261 -0.3214 0.6078
vn -0.8147 -0.2982 0.4973
vn -0.5336 -0.5014 0.6811
vn 0.4513 -0.6855 0.5713
vn 0.4989 0.0657 -0.8642
vn 0.5004 0.1794 -0.8470
vn 0.3594 0.3361 -0.8706
vn 0.9206 0.1212 0.3713
vn 0.9821 0.1293 0.1371
vn 0.9913 0.1305 0.0160
vn 0.9308 0.1884 -0.3132
vn 0.9083 0.2305 -0.3492
vn 0.6898 0.1498 -0.7084
vn -0.0021 0.7081 -0.7062
vn 0.4455 0.7681 -0.4599
vn 0.5294 -0.0341 0.8477
vn 0.9432 -0.0365 0.3301
vn 0.8797 -0.2827 0.3824
vn 0.0020 0.0042 1.0000
vn 0.0027 -0.0010 1.0000
vn 0.0030 0.0042 1.0000
vn -0.1504 0.4743 0.8674
vn -0.8304 0.2416 -0.5021
vn -0.5241 0.4880 -0.6980
vn -0.7358 0.6207 -0.2708
vn -0.4260 -0.5073 0.7491
vn -0.3691 -0.1301 0.9202
vn -0.4478 -0.3717 0.8132
vn 0.2167 0.7451 0.6308
vn 0.2189 0.7362 0.6404
vn 0.1760 0.7902 0.5870
vn 0.5241 0.4880 -0.6980
vn 0.5376 0.5686 -0.6227
vn 0.7358 0.6207 -0.2708
vn 0.6938 -0.2135 0.6878
vn 0.6413 -0.4125 0.6470
vn 0.9289 -0.1938 0.3155
vn -0.1119 -0.8616 0.4951
vn -0.0236 -0.5071 0.8616
vn -0.7602 -0.1464 0.6330
vn -0.9432 -0.0365 0.3301
vn -0.5294 -0.0341 0.8477
vn 0.3344 0.1585 -0.9290
vn 0.1814 0.2241 -0.9575
vn 0.3579 0.3577 -0.8625
vn 0.0006 -1.0000 -0.0006
vn 0.0002 -1.0000 -0.0005
vn 0.0005 -1.0000 -0.0002
vn -0.4455 0.7681 -0.4599
vn 0.0031 0.8868 -0.4622
vn -0.2141 0.8048 -0.5535
vn 0.5391 0.4862 -0.6877
vn 0.3790 0.5937 -0.7098
vn -0.1100 0.2567 -0.9602
vn -0.1314 0.5000 -0.8560
vn 0.1403 0.4688 -0.8721
vn 0.0021 0.7080 -0.7062
vn -0.6124 0.3537 -0.7070
vn -0.5004 0.1794 -0.8470
vn -0.6898 0.1498 -0.7084
vn -0.4989 0.0657 -0.8642
vn -0.6898 0.1498 -0.7083
vn -0.8419 0.2315 -0.4875
vn -0.8554 0.1560 -0.4939
vn -0.4454 0.7682 -0.4599
vn -0.2141 0.8049 -0.5535
vn -0.3542 0.6133 -0.7059
vn -0.6125 0.3536 -0.7070
vn -0.5872 0.5883 -0.5559
vn 0.2160 0.8032 -0.5552
vn -0.7818 0.4221 -0.4590
vn 0.3843 0.7737 -0.5037
vn 0.2160 0.8032 -0.5551
vn -0.0021 -1.0000 -0.0014
vn 0.0695 0.2169 0.9737
vn 0.1505 0.4743 0.8674
vn 0.2190 0.7362 0.6404
vn 0.1331 0.7938 0.5934
vn 0.1648 0.7975 0.5804
vn 0.1760 0.7902 0.5871
vn -0.0048 -0.0075 1.0000
vn 0.0375 -0.0025 0.9993
vn 0.0076 -0.0112 0.9999
vn 0.0799 0.0089 0.9968
vn 0.6409 -0.7026 0.3091
vn 0.5835 -0.7517 0.3073
vn 0.5296 -0.7918 0.3041
vn 0.1504 0.4743 0.8674
vn -0.0030 0.0042 1.0000
vn -0.0020 0.0042 1.0000
vn -0.0027 -0.0010 1.0000
vn -0.0027 -0.0011 1.0000
vn -0.6124 0.3536 -0.7070
vn -0.9082 0.2305 -0.3492
vn 0.4678 0.6397 -0.6098
vn 0.6623 0.0835 0.7446
vn 0.4305 0.0877 0.8983
vn 0.2095 0.0262 0.9775
vn -0.2452 -0.0960 0.9647
vn 0.8304 0.2416 -0.5021
vn 0.0002 -1.0000 -0.0007
vn 0.0005 -1.0000 0.0001
vn -0.0005 -1.0000 0.0007
vn 0.1997 -0.1014 0.9746
vn 0.2002 -0.1021 0.9744
vn 0.2006 -0.1027 0.9743
vn 0.0049 0.0007 1.0000
vn -0.0016 -0.0031 1.0000
vn 0.0020 -0.0201 0.9998
vn 0.0019 -0.0151 0.9999
vn 0.9999 0.0164 0.0000
vn 1.0000 0.0083 -0.0034
vn 1.0000 0.0007 -0.0066
vn -0.9999 0.0143 0.0000
vn -1.0000 0.0073 -0.0026
vn -1.0000 0.0006 -0.0052
vn 0.8147 -0.2982 0.4973
vn 0.7261 -0.3214 0.6078
vn 0.9484 -0.1365 0.2861
vn 0.7989 -0.2024 0.5664
vn 0.0045 0.9996 0.0270
vn 0.0026 0.9995 0.0311
vn 0.0002 0.9993 0.0368
vn -0.1138 -0.3932 0.9124
vn 0.0196 -0.0515 0.9985
vn 0.0251 -0.2504 0.9678
vn -0.0704 -0.5262 0.8474
vn 0.0871 0.0099 0.9961
vn -0.2453 -0.0960 0.9647
vn -0.2269 -0.6381 0.7358
vn 0.4304 0.0877 0.8984
vn 0.6623 0.0836 0.7446
vn 0.7063 0.0699 0.7045
vn 0.9266 -0.0423 0.3737
vn 0.2945 -0.6385 0.7110
vn 0.4478 -0.3717 0.8132
vn 0.1806 -0.3546 0.9174
vn 0.5390 -0.2749 0.7962
vn -0.5133 -0.4917 0.7034
vn -0.0405 -0.6640 0.7466
vn -0.0704 -0.5262 0.8475
vn -0.9206 0.1212 0.3713
vn -0.9821 0.1293 0.1371
vn -0.9913 0.1305 0.0160
vn -0.9308 0.1884 -0.3132
vn -0.9083 0.2305 -0.3492
vn -0.2158 -0.7009 0.6798
vn -0.0081 -0.7181 0.6959
vn -0.8418 0.2315 -0.4875
vn -0.9308 0.1884 -0.3133
vn -0.8555 0.1560 -0.4938
vn 0.1813 0.2241 -0.9576
vn 0.2286 0.1320 -0.9645
vn 0.6413 -0.4124 0.6470
vn 0.5632 -0.3359 0.7550
vn 0.6937 -0.2135 0.6878
vn -0.4513 -0.6855 0.5713
vn -0.0177 -0.2730 0.9619
vn 0.9995 -0.0231 0.0237
vn 0.9983 -0.0190 0.0543
vn 0.9966 -0.0155 0.0806
vn -0.8797 -0.2827 0.3823
vn -0.7602 -0.1463 0.6330
vn -0.5294 -0.0340 0.8477
vn 0.4479 -0.3717 0.8132
vn 0.9830 -0.1048 0.1506
vn 0.9893 -0.0644 0.1309
vn -0.2783 0.1362 -0.9508
vn -0.3594 0.3361 -0.8706
vn -0.3542 0.6134 -0.7059
vn 0.0021 0.7081 -0.7062
vn 0.0130 0.0115 0.9998
vn 0.0201 -0.0170 0.9997
vn 0.0314 0.0018 0.9995
vn 0.0157 -0.0245 0.9996
vn 0.9998 0.0005 -0.0177
vn 0.9999 0.0058 -0.0137
vn 0.9999 0.0031 -0.0150
vn 0.9999 0.0091 -0.0113
vn 0.9999 0.0136 -0.0100
vn -1.0000 -0.0070 0.0064
vn -0.9999 -0.0019 0.0110
vn -1.0000 -0.0052 0.0070
vn -0.9999 -0.0001 0.0127
vn -0.9998 0.0041 0.0184
vn 0.7989 -0.2023 0.5664
vn 0.5336 -0.5014 0.6811
vn 0.4079 -0.6690 0.6214
vn 0.4259 -0.5074 0.7491
vn 0.3691 -0.1301 0.9202
vn -0.9993 0.0081 0.0367
vn -0.9980 -0.0280 0.0571
vn 0.3522 0.4679 -0.8106
vn 0.1931 0.4423 -0.8758
vn 0.1931 0.5374 -0.8209
vn -0.1327 0.4851 0.8643
vn -0.0260 0.0032 0.9997
vn 0.0053 0.0168 0.9998
vn -0.3916 0.8562 -0.3370
vn -0.4229 0.6855 -0.5927
vn -0.4279 0.7644 -0.4823
vn -0.4372 -0.2803 -0.8546
vn -0.3407 -0.6120 -0.7137
vn -0.4302 -0.4105 -0.8040
vn -0.3777 0.5687 -0.7307
vn -0.4308 0.2880 -0.8553
vn -0.4560 0.4815 -0.7485
vn 0.1929 0.8266 -0.5286
vn 0.3139 0.7782 -0.5440
vn 0.3058 0.6732 -0.6732
vn -0.9995 0.0193 0.0257
vn -1.0000 -0.0055 0.0032
vn 0.9998 -0.0073 0.0163
vn 0.9998 -0.0102 0.0150
vn 0.9998 -0.0126 0.0129
vn 0.9998 -0.0137 0.0137
vn 0.9998 0.0002 0.0178
vn 0.9999 -0.0042 0.0095
vn 0.6488 0.2366 0.7232
vn 0.6483 0.2285 0.7263
vn 0.6294 0.2131 0.7473
vn 0.6388 0.2166 0.7383
vn 1.0000 0.0084 -0.0016
vn 1.0000 -0.0025 -0.0062
vn 1.0000 -0.0041 -0.0080
vn 1.0000 -0.0024 -0.0038
vn 0.3522 0.4679 -0.8105
vn 0.3058 0.2464 -0.9197
vn 0.3522 0.0002 -0.9359
vn 0.1918 -0.4337 -0.8804
vn 0.3055 -0.2461 -0.9198
vn 0.3468 -0.4340 -0.8315
vn -0.9988 0.0108 0.0487
vn -0.9963 0.0858 -0.0071
vn -0.2185 0.5798 0.7849
vn 0.0556 0.0011 0.9985
vn -0.2423 0.0109 0.9701
vn -0.2413 -0.3947 0.8866
vn -0.2359 0.0050 0.9718
vn -0.2382 -0.5464 0.8029
vn -0.2316 0.4262 0.8745
vn -0.2411 0.3813 0.8925
vn 0.1930 0.4423 -0.8759
vn 0.1931 0.0549 -0.9796
vn -0.9965 0.0502 0.0668
vn -0.9836 0.1221 0.1330
vn 0.2892 -0.6515 -0.7014
vn 0.1412 -0.8949 -0.4233
vn 0.1663 -0.5564 -0.8141
vn -0.0862 -0.7251 -0.6833
vn -0.3777 0.1271 -0.9172
vn -0.4621 -0.0000 -0.8868
vn -0.4280 0.7644 -0.4823
vn -0.4645 0.8445 -0.2665
vn -0.4644 0.8446 -0.2665
vn 0.9999 -0.0078 -0.0120
vn 1.0000 0.0002 -0.0046
vn 0.0015 -0.8029 0.5961
vn 0.0974 -0.8482 0.5206
vn -0.0213 0.3006 0.9535
vn -0.0003 0.3827 0.9239
vn -0.2782 -0.6991 -0.6587
vn -0.3656 -0.6517 -0.6645
vn -0.4303 -0.4105 -0.8040
vn -0.0003 0.3826 0.9239
vn -0.0004 0.8895 0.4570
vn -0.0221 0.9987 -0.0458
vn -0.0328 0.8863 -0.4619
vn -0.0427 0.8408 -0.5396
vn 0.3854 -0.7424 -0.5481
vn 0.0975 -0.8482 0.5206
vn 0.0015 -0.8030 0.5960
vn 1.0000 -0.0056 -0.0029
vn 0.5868 0.1747 0.7907
vn 0.6293 0.2131 0.7474
vn 0.5803 0.1638 0.7978
vn 0.5927 0.1332 0.7943
vn -0.2406 -0.3948 0.8867
vn -0.2401 -0.7089 0.6632
vn -0.1945 -0.7839 0.5897
vn -0.1490 -0.8821 0.4468
vn -0.0100 -0.9419 0.3358
vn -0.2317 0.4262 0.8745
vn -0.2410 0.3813 0.8925
vn -0.2509 0.6124 0.7497
vn -0.4372 -0.2804 -0.8546
vn -0.3777 -0.1272 -0.9172
vn 0.1929 0.8266 -0.5287
vn 0.2161 0.8647 -0.4535
vn 0.1976 0.8871 -0.4172
vn -0.0019 0.9536 -0.3009
vn 0.1931 -0.0549 -0.9796
vn -0.5803 0.1638 0.7978
vn -0.5927 0.1332 0.7943
vn -0.5868 0.1747 0.7906
vn 0.3916 0.8562 -0.3370
vn 0.4279 0.7644 -0.4823
vn 0.4229 0.6855 -0.5927
vn -0.3522 0.0003 -0.9359
vn -0.1931 0.0549 -0.9796
vn -0.1931 -0.0549 -0.9796
vn -0.2161 0.8647 -0.4535
vn -0.1976 0.8871 -0.4172
vn 0.0019 0.9536 -0.3009
vn 0.2509 0.6124 0.7497
vn 0.2184 0.5798 0.7849
vn 0.2391 0.3816 0.8929
vn 0.4372 -0.2803 -0.8546
vn 0.4302 -0.4105 -0.8040
vn 0.3407 -0.6120 -0.7137
vn -0.1918 -0.4337 -0.8804
vn -0.3468 -0.4340 -0.8315
vn -0.3055 -0.2461 -0.9198
vn -0.3522 0.0002 -0.9359
vn -0.9999 -0.0078 -0.0120
vn -1.0000 -0.0056 -0.0029
vn -0.9999 -0.0042 0.0095
vn -0.9998 0.0002 0.0178
vn -0.6488 0.2366 0.7232
vn -0.6294 0.2131 0.7473
vn -0.6483 0.2285 0.7263
vn -0.6388 0.2166 0.7383
vn -0.5868 0.1748 0.7906
vn -0.6293 0.2131 0.7474
vn 0.0221 0.9987 -0.0458
vn 0.0003 0.8895 0.4570
vn 0.0213 0.3006 0.9535
vn 0.0003 0.3826 0.9239
vn -1.0000 0.0084 -0.0016
vn -1.0000 -0.0041 -0.0080
vn -1.0000 -0.0025 -0.0062
vn -1.0000 -0.0024 -0.0038
vn -0.0015 -0.8029 0.5961
vn -0.0974 -0.8482 0.5206
vn 0.0003 0.3827 0.9239
vn 0.0427 0.8408 -0.5396
vn 0.0328 0.8863 -0.4619
vn 0.2411 0.3813 0.8925
vn 0.2317 0.4262 0.8745
vn 0.1327 0.4851 0.8643
vn -0.1929 0.8266 -0.5286
vn -0.3058 0.6732 -0.6732
vn -0.3139 0.7782 -0.5440
vn -0.3522 0.4679 -0.8106
vn 0.9995 0.0193 0.0257
vn 1.0000 -0.0055 0.0032
vn 0.2316 0.4262 0.8745
vn 0.2359 0.0050 0.9718
vn 0.2423 0.0109 0.9701
vn 0.2413 -0.3947 0.8866
vn 0.2382 -0.5464 0.8029
vn 0.2401 -0.7088 0.6632
vn 0.1945 -0.7839 0.5897
vn -0.1930 0.4423 -0.8759
vn -0.3058 0.2464 -0.9197
vn 0.3777 -0.1271 -0.9172
vn 0.4621 0.0000 -0.8868
vn 0.4372 -0.2804 -0.8546
vn -0.1977 0.8871 -0.4172
vn -0.2161 0.8646 -0.4535
vn -0.1929 0.8266 -0.5287
vn 0.9836 0.1221 0.1330
vn 0.9965 0.0502 0.0668
vn -0.2892 -0.6515 -0.7014
vn -0.1663 -0.5564 -0.8141
vn -0.1412 -0.8949 -0.4233
vn 0.0862 -0.7251 -0.6833
vn -0.1931 0.5374 -0.8209
vn -0.3854 -0.7424 -0.5481
vn 0.4645 0.8445 -0.2665
vn 0.4644 0.8446 -0.2665
vn 0.2782 -0.6991 -0.6587
vn 0.3656 -0.6517 -0.6645
vn 0.4303 -0.4105 -0.8040
vn -0.0015 -0.8030 0.5960
vn -0.0975 -0.8482 0.5206
vn 0.0100 -0.9419 0.3358
vn 0.1490 -0.8821 0.4468
vn 0.4560 0.4815 -0.7485
vn 0.4308 0.2880 -0.8553
vn 0.3777 0.1272 -0.9172
vn -0.1931 0.4423 -0.8758
vn -0.9998 -0.0073 0.0163
vn -0.9998 -0.0102 0.0150
vn -0.9998 -0.0126 0.0129
vn -0.9998 -0.0137 0.0137
vn -1.0000 0.0002 -0.0046
vn -0.9999 -0.0078 -0.0119
vn 0.9963 0.0858 -0.0071
vn 0.9993 0.0081 0.0367
vn 0.9988 0.0108 0.0487
vn 0.9980 -0.0280 0.0571
vn -0.0556 0.0011 0.9985
vn -0.0053 0.0168 0.9998
vn 0.2185 0.5798 0.7849
vn 0.0260 0.0034 0.9997
vn 0.4280 0.7644 -0.4823
vn 0.3777 0.5687 -0.7307
vn 0.7972 0.0000 -0.6037
vn 0.1367 0.0000 -0.9906
vn 0.6037 -0.0000 -0.7972
vn -0.1367 0.0000 -0.9906
vn -0.6037 0.0000 -0.7972
vn -0.7972 0.0000 -0.6037
vn -0.9906 0.0000 -0.1367
vn -0.9906 -0.0000 0.1367
vn -0.7972 0.0000 0.6037
vn -0.6037 -0.0000 0.7972
vn -0.1367 -0.0000 0.9906
vn 0.1367 -0.0000 0.9906
vn 0.6037 -0.0000 0.7972
vn 0.7972 -0.0000 0.6037
vn 0.9906 -0.0000 0.1367
vn 0.9906 0.0000 -0.1367
vn 0.0000 -0.1690 0.9856
vn 0.0000 -0.9487 0.3162
vn -0.0000 -0.5334 0.8459
vn -0.0000 -0.9487 -0.3162
vn 0.0002 -0.3163 -0.9487
vn -0.0002 0.3163 -0.9487
vn 0.0002 0.8459 -0.5334
vn 0.0000 0.9856 -0.1691
vn -0.0000 0.7972 0.6037
vn 0.0000 0.6037 0.7972
vn 0.0000 -0.1691 0.9856
usemtl mat0.224
s 1
f 9/15/7 10/16/8 11/17/9
f 12/18/10 13/19/11 14/20/12
f 15/21/13 16/22/14 17/23/15
f 18/24/16 19/25/17 20/26/17
f 21/27/18 22/28/19 23/29/20
f 24/30/21 25/31/22 26/32/23
f 27/33/24 28/34/25 29/35/26
f 29/35/26 28/34/25 30/36/27
f 31/37/28 32/38/17 33/39/17
f 33/39/17 32/38/17 34/40/17
f 35/41/28 36/42/19 37/43/17
f 37/43/17 36/42/19 38/44/18
f 39/45/29 40/46/30 41/47/31
f 41/47/31 40/46/30 42/48/32
f 43/49/33 44/50/34 45/51/35
f 45/51/35 44/50/34 46/52/36
f 47/53/37 48/54/38 49/55/39
f 49/55/39 48/54/38 50/56/40
f 51/57/41 52/58/17 53/59/42
f 53/59/42 52/58/17 54/60/17
f 55/61/43 56/62/44 57/63/45
f 57/63/45 56/62/44 58/64/24
f 59/65/46 60/66/43 61/67/47
f 61/67/47 60/66/43 62/68/48
f 63/69/49 64/70/50 65/71/34
f 65/71/34 64/70/50 66/72/51
f 67/73/52 68/74/53 69/75/54
f 69/75/54 68/74/53 70/76/52
f 71/77/50 72/78/55 73/79/56
f 73/79/56 72/78/55 74/80/57
f 75/81/58 76/82/59 77/83/60
f 77/83/60 76/82/59 78/84/12
f 79/85/61 80/86/57 81/87/62
f 81/87/62 80/86/57 82/88/63
f 83/89/17 84/90/16 85/91/42
f 85/91/42 84/90/16 86/92/64
f 87/93/65 88/94/66 89/95/46
f 89/95/46 88/94/66 90/96/43
f 91/97/67 92/98/68 93/99/46
f 93/99/46 92/98/68 94/100/65
f 95/101/69 96/102/70 97/103/71
f 97/103/71 96/102/70 98/104/72
f 99/105/24 100/106/13 101/107/25
f 101/107/25 100/106/13 102/108/15
f 103/109/73 104/110/74 105/111/74
f 105/111/74 104/110/74 106/112/74
f 107/113/7 108/114/9 109/115/74
f 109/115/74 108/114/9 110/116/73
f 111/117/75 112/118/76 113/119/77
f 113/119/77 112/118/76 114/120/78
f 115/121/29 116/122/79 117/123/30
f 117/123/30 116/122/79 118/124/32
f 119/125/33 120/126/35 121/127/34
f 121/127/34 120/126/35 122/128/80
f 123/129/40 124/130/38 125/131/39
f 125/131/39 124/130/38 126/132/76
f 127/133/81 128/134/82 129/135/74
f 129/135/74 128/134/82 130/136/74
f 131/137/43 132/138/83 133/139/44
f 133/139/44 132/138/83 134/140/24
f 135/141/34 136/142/51 137/143/84
f 137/143/84 136/142/51 138/144/85
f 139/145/34 140/146/86 141/147/49
f 141/147/49 140/146/86 142/148/87
f 143/149/88 144/150/45 145/151/26
f 145/151/26 144/150/45 146/152/24
f 147/153/89 148/154/48 149/155/90
f 149/155/90 148/154/48 150/156/91
f 151/157/60 152/158/12 153/159/92
f 153/159/92 152/158/12 154/160/93
f 155/161/94 156/162/92 157/163/95
f 157/163/95 156/162/92 158/164/93
f 159/165/47 160/166/71 161/167/46
f 161/167/46 160/166/71 162/168/67
f 163/169/47 164/170/48 165/171/59
f 165/171/59 164/170/48 166/172/89
f 167/173/94 168/174/96 169/175/92
f 169/175/92 168/174/96 170/176/60
f 168/174/96 171/177/71 170/176/60
f 170/176/60 171/177/71 172/178/58
f 173/179/88 174/180/97 175/181/98
f 175/181/98 174/180/97 176/182/99
f 174/180/97 177/183/27 176/182/99
f 178/184/100 179/185/101 180/186/59
f 180/186/59 179/185/101 181/187/12
f 179/185/101 182/188/102 181/187/12
f 181/187/12 182/188/102 183/189/10
f 184/190/103 185/191/37 186/192/104
f 186/192/104 185/191/37 187/193/75
f 185/191/37 188/194/39 187/193/75
f 187/193/75 188/194/39 189/195/76
f 190/196/24 191/197/83 192/198/13
f 192/198/13 191/197/83 193/199/105
f 191/197/83 194/200/65 193/199/105
f 195/201/43 196/202/45 197/203/48
f 197/203/48 196/202/45 198/204/91
f 196/202/45 199/205/88 198/204/91
f 200/206/105 201/207/106 202/208/13
f 202/208/13 201/207/106 203/209/107
f 201/207/106 204/210/108 203/209/107
f 205/211/70 206/212/69 207/213/109
f 207/213/109 206/212/69 208/214/110
f 206/212/69 209/215/111 208/214/110
f 210/216/112 211/217/113 212/218/114
f 212/218/114 211/217/113 213/219/115
f 211/217/113 214/220/116 213/219/115
f 213/219/115 214/220/116 215/221/50
f 216/222/117 217/223/118 218/224/82
f 218/224/82 217/223/118 219/225/74
f 217/223/118 220/226/74 219/225/74
usemtl mat0.225
f 221/227/119 222/228/120 223/229/121
f 224/230/122 225/231/123 226/232/124
f 227/233/125 228/234/126 229/235/127
f 230/236/128 231/237/129 232/238/130
f 233/239/131 234/240/132 235/241/133
f 236/242/134 237/243/135 238/244/136
f 239/245/137 240/246/138 241/247/139
f 242/248/140 243/249/141 244/250/142
f 245/251/143 246/252/144 247/253/145
f 248/254/146 249/255/147 250/256/148
f 251/257/149 252/258/150 253/259/151
f 254/260/152 255/261/153 256/262/154
f 257/263/155 258/264/156 259/265/157
f 260/266/158 261/267/159 262/268/160
f 263/269/161 264/270/162 265/271/163
f 266/272/164 267/273/165 268/274/166
f 269/275/167 270/276/168 271/277/169
f 272/278/170 273/279/171 274/280/172
f 275/281/173 276/282/173 277/283/173
f 278/284/174 279/285/175 280/286/176
f 281/287/74 282/288/74 283/289/74
f 284/290/173 285/291/173 286/292/173
f 287/293/177 288/294/173 289/295/178
f 289/295/178 288/294/173 290/296/179
f 291/297/180 292/298/181 293/299/182
f 293/299/182 292/298/181 294/300/183
f 295/301/184 296/302/185 297/303/127
f 297/303/127 296/302/185 298/304/125
f 299/305/186 300/306/187 301/307/187
f 301/307/187 300/306/187 302/308/188
f 303/309/189 304/310/190 305/311/191
f 305/311/191 304/310/190 306/312/192
f 307/313/173 308/314/193 309/315/194
f 309/315/194 308/314/193 310/316/195
f 311/317/196 312/318/197 313/319/198
f 313/319/198 312/318/197 314/320/74
f 315/321/199 316/322/200 317/323/200
f 317/323/200 316/322/200 318/324/201
f 319/325/175 320/326/174 321/327/202
f 321/327/202 320/326/174 322/328/203
f 323/329/204 324/330/203 325/331/205
f 325/331/205 324/330/203 326/332/174
f 327/333/206 328/334/207 329/335/208
f 329/335/208 328/334/207 330/336/209
f 331/337/135 332/338/134 333/339/210
f 333/339/210 332/338/134 334/340/211
f 335/341/212 336/342/213 337/343/171
f 337/343/171 336/342/213 338/344/172
f 339/345/146 340/346/148 341/347/150
f 341/347/150 340/346/148 342/348/151
f 343/349/214 344/350/215 345/351/216
f 345/351/216 344/350/215 346/352/217
f 347/353/137 348/354/218 349/355/147
f 349/355/147 348/354/218 350/356/148
f 351/357/219 352/358/214 353/359/220
f 353/359/220 352/358/214 354/360/221
f 355/361/222 356/362/223 357/363/224
f 357/363/224 356/362/223 358/364/225
f 359/365/226 360/366/226 361/367/226
f 361/367/226 360/366/226 362/368/226
f 363/369/205 364/370/227 365/371/204
f 365/371/204 364/370/227 366/372/228
f 367/373/17 368/374/17 369/375/17
f 369/375/17 368/374/17 370/376/17
f 371/377/74 372/378/74 373/379/74
f 373/379/74 372/378/74 374/380/74
f 375/381/229 376/382/229 377/383/229
f 377/383/229 376/382/229 378/384/229
f 379/385/173 380/386/173 381/387/173
f 381/387/173 380/386/173 382/388/173
f 383/389/17 384/390/17 385/391/17
f 385/391/17 384/390/17 386/392/17
f 387/393/74 388/394/74 389/395/74
f 389/395/74 388/394/74 390/396/74
f 391/397/74 392/398/74 393/399/74
f 393/399/74 392/398/74 394/400/74
f 395/401/74 396/402/74 397/403/74
f 397/403/74 396/402/74 398/404/74
f 399/405/131 400/406/230 401/407/231
f 401/407/231 400/406/230 402/408/232
f 403/409/233 404/410/233 405/411/162
f 405/411/162 404/410/233 406/412/163
f 407/413/131 408/414/133 409/415/234
f 409/415/234 408/414/133 410/416/220
f 411/417/235 412/418/236 413/419/219
f 413/419/219 412/418/236 414/420/237
f 415/421/238 416/422/120 417/423/239
f 417/423/239 416/422/120 418/424/119
f 419/425/240 420/426/119 421/427/241
f 421/427/241 420/426/119 422/428/121
f 423/429/242 424/430/243 425/431/244
f 425/431/244 424/430/243 426/432/245
f 427/433/173 428/434/246 429/435/125
f 429/435/125 428/434/246 430/436/126
f 431/437/247 432/438/248 433/439/249
f 433/439/249 432/438/248 434/440/250
f 435/441/232 436/442/251 437/443/231
f 437/443/231 436/442/251 438/444/131
f 439/445/252 440/446/253 441/447/124
f 441/447/124 440/446/253 442/448/122
f 443/449/134 444/450/136 445/451/254
f 445/451/254 444/450/136 446/452/123
f 447/453/216 448/454/130 449/455/210
f 449/455/210 448/454/130 450/456/135
f 451/457/255 452/458/236 453/459/256
f 453/459/256 452/458/236 454/460/129
f 455/461/257 456/462/144 457/463/258
f 457/463/258 456/462/144 458/464/143
f 459/465/259 460/466/260 461/467/145
f 461/467/145 460/466/260 462/468/143
f 463/469/257 464/470/258 465/471/261
f 465/471/261 464/470/258 466/472/262
f 467/473/173 468/474/173 469/475/173
f 469/475/173 468/474/173 470/476/173
f 471/477/263 472/478/264 473/479/265
f 473/479/265 472/478/264 474/480/266
f 475/481/74 476/482/74 477/483/74
f 477/483/74 476/482/74 478/484/74
f 479/485/267 480/486/268 481/487/269
f 481/487/269 480/486/268 482/488/270
f 483/489/271 484/490/272 485/491/273
f 485/491/273 484/490/272 486/492/274
f 487/493/264 488/494/263 489/495/275
f 489/495/275 488/494/263 490/496/276
f 491/497/277 492/498/278 493/499/279
f 493/499/279 492/498/278 494/500/280
f 495/501/281 496/502/282 497/503/283
f 497/503/283 496/502/282 498/504/259
f 499/505/284 500/506/284 501/507/285
f 501/507/285 500/506/284 502/508/286
f 503/509/287 504/510/283 505/511/288
f 505/511/288 504/510/283 506/512/289
f 507/513/255 508/514/211 509/515/290
f 509/515/290 508/514/211 510/516/291
f 511/517/173 512/518/173 513/519/173
f 513/519/173 512/518/173 514/520/173
f 515/521/290 516/522/292 517/523/214
f 517/523/214 516/522/292 518/524/234
f 519/525/161 520/526/163 521/527/159
f 521/527/159 520/526/163 522/528/160
f 523/529/293 524/530/170 525/531/294
f 525/531/294 524/530/170 526/532/295
f 527/533/165 528/534/296 529/535/297
f 529/535/297 528/534/296 530/536/141
f 531/537/298 532/538/261 533/539/299
f 533/539/299 532/538/261 534/540/300
f 535/541/158 536/542/160 537/543/301
f 537/543/301 536/542/160 538/544/154
f 539/545/302 540/546/166 541/547/297
f 541/547/297 540/546/166 542/548/165
f 543/549/303 544/550/303 545/551/207
f 545/551/207 544/550/303 546/552/209
f 547/553/228 548/554/227 549/555/304
f 549/555/304 548/554/227 550/556/305
f 551/557/259 552/558/282 553/559/260
f 553/559/260 552/558/282 554/560/306
f 555/561/276 556/562/267 557/563/275
f 557/563/275 556/562/267 558/564/307
f 556/562/267 559/565/269 558/564/307
f 560/566/250 561/567/248 562/568/308
f 562/568/308 561/567/248 563/569/309
f 561/567/248 564/570/310 563/569/309
f 563/569/309 564/570/310 565/571/311
f 564/570/310 566/572/312 565/571/311
f 565/571/311 566/572/312 567/573/313
f 566/572/312 568/574/164 567/573/313
f 567/573/313 568/574/164 569/575/166
f 570/576/168 571/577/314 572/578/315
f 572/578/315 571/577/314 573/579/316
f 571/577/314 574/580/122 573/579/316
f 573/579/316 574/580/122 575/581/317
f 574/580/122 576/582/253 575/581/317
f 575/581/317 576/582/253 577/583/318
f 578/584/319 579/585/122 580/586/254
f 580/586/254 579/585/122 581/587/134
f 579/585/122 582/588/314 581/587/134
f 583/589/251 584/590/302 585/591/320
f 585/591/320 584/590/302 586/592/157
f 584/590/302 587/593/321 586/592/157
f 586/592/157 587/593/321 588/594/155
f 587/593/321 589/595/141 588/594/155
f 590/596/292 591/597/322 592/598/234
f 592/598/234 591/597/322 593/599/302
f 591/597/322 594/600/166 593/599/302
f 595/601/315 596/602/323 597/603/324
f 597/603/324 596/602/323 598/604/325
f 596/602/323 599/605/317 598/604/325
f 600/606/326 601/607/327 602/608/328
f 602/608/328 601/607/327 603/609/329
f 601/607/327 604/610/318 603/609/329
f 603/609/329 604/610/318 605/611/253
f 606/612/315 607/613/247 608/614/168
f 608/614/168 607/613/247 609/615/330
f 607/613/247 610/616/249 609/615/330
f 611/617/173 612/618/173 613/619/173
f 613/619/173 612/618/173 614/620/173
f 612/618/173 615/621/173 614/620/173
f 616/622/331 617/623/332 618/624/333
f 618/624/333 617/623/332 619/625/334
f 617/623/332 620/626/335 619/625/334
f 621/627/336 622/628/337 623/629/338
f 623/629/338 622/628/337 624/630/299
f 622/628/337 625/631/339 624/630/299
f 626/632/340 627/633/341 628/634/342
f 628/634/342 627/633/341 629/635/343
f 627/633/341 630/636/272 629/635/343
f 629/635/343 630/636/272 631/637/344
f 632/638/345 633/639/346 634/640/347
f 634/640/347 633/639/346 635/641/348
f 633/639/346 636/642/349 635/641/348
f 635/641/348 636/642/349 637/643/350
f 638/644/351 639/645/352 640/646/353
f 640/646/353 639/645/352 641/647/192
f 639/645/352 642/648/354 641/647/192
f 641/647/192 642/648/354 643/649/191
f 644/650/74 645/651/74 646/652/74
f 646/652/74 645/651/74 647/653/74
f 645/651/74 648/654/197 647/653/74
f 647/653/74 648/654/197 649/655/355
f 650/656/173 651/657/173 652/658/173
f 652/658/173 651/657/173 653/659/173
f 651/657/173 654/660/173 653/659/173
f 653/659/173 654/660/173 655/661/173
f 656/662/168 657/663/167 658/664/314
f 658/664/314 657/663/167 659/665/356
f 657/663/167 660/666/357 659/665/356
f 659/665/356 660/666/357 661/667/128
f 660/666/357 662/668/358 661/667/128
f 663/669/74 664/670/74 665/671/74
f 665/671/74 664/670/74 666/672/74
f 664/670/74 667/673/74 666/672/74
f 666/672/74 667/673/74 668/674/74
f 669/675/74 670/676/74 671/677/74
f 671/677/74 670/676/74 672/678/74
f 670/676/74 673/679/74 672/678/74
f 672/678/74 673/679/74 674/680/74
f 673/679/74 675/681/74 674/680/74
f 674/680/74 675/681/74 676/682/74
f 677/683/74 678/684/74 679/685/74
f 679/685/74 678/684/74 680/686/74
f 678/684/74 681/687/74 680/686/74
f 682/688/242 683/689/359 684/690/243
f 684/690/243 683/689/359 685/691/360
f 683/689/359 686/692/361 685/691/360
usemtl mat0.226
f 687/693/362 688/694/363 689/695/364
f 690/696/365 691/697/366 692/698/367
f 693/699/368 694/700/369 695/701/370
f 696/702/371 697/703/372 698/704/373
f 699/705/173 700/706/173 701/707/173
f 702/708/374 703/709/375 704/710/376
f 705/711/377 706/712/378 707/713/370
f 708/714/379 709/715/380 710/716/381
f 711/717/382 712/718/383 713/719/384
f 714/720/385 715/721/386 716/722/387
f 717/723/388 718/724/389 719/725/390
f 720/726/391 721/727/392 722/728/393
f 723/729/17 724/730/17 725/731/17
f 726/732/394 727/733/395 728/734/396
f 729/735/397 730/736/398 731/737/399
f 732/738/173 733/739/173 734/740/173
f 735/741/400 736/742/176 737/743/401
f 738/744/402 739/745/403 740/746/404
f 741/747/405 742/748/406 743/749/407
f 743/749/407 742/748/406 744/750/408
f 745/751/409 746/752/284 747/753/285
f 747/753/285 746/752/284 748/754/284
f 749/755/410 750/756/411 751/757/412
f 751/757/412 750/756/411 752/758/274
f 753/759/277 754/760/413 755/761/414
f 755/761/414 754/760/413 756/762/415
f 757/763/403 758/764/402 759/765/416
f 759/765/416 758/764/402 760/766/417
f 761/767/418 762/768/416 763/769/419
f 763/769/419 762/768/416 764/770/417
f 765/771/419 766/772/420 767/773/418
f 767/773/418 766/772/420 768/774/421
f 769/775/402 770/776/404 771/777/422
f 771/777/422 770/776/404 772/778/423
f 773/779/424 774/780/425 775/781/426
f 775/781/426 774/780/425 776/782/340
f 777/783/425 778/784/424 779/785/412
f 779/785/412 778/784/424 780/786/427
f 781/787/17 782/788/17 783/789/17
f 783/789/17 782/788/17 784/790/17
f 785/791/229 786/792/229 787/793/229
f 787/793/229 786/792/229 788/794/229
f 789/795/428 790/796/429 791/797/429
f 791/797/429 790/796/429 792/798/430
f 793/799/431 794/800/432 795/801/173
f 795/801/173 794/800/432 796/802/179
f 797/803/183 798/804/433 799/805/434
f 799/805/434 798/804/433 800/806/435
f 801/807/436 802/808/437 803/809/438
f 803/809/438 802/808/437 804/810/439
f 805/811/440 806/812/441 807/813/442
f 807/813/442 806/812/441 808/814/443
f 809/815/444 810/816/445 811/817/446
f 811/817/446 810/816/445 812/818/447
f 813/819/173 814/820/448 815/821/449
f 815/821/449 814/820/448 816/822/450
f 817/823/451 818/824/452 819/825/453
f 819/825/453 818/824/452 820/826/17
f 821/827/454 822/828/455 823/829/455
f 823/829/455 822/828/455 824/830/456
f 825/831/457 826/832/400 827/833/458
f 827/833/458 826/832/400 828/834/401
f 829/835/173 830/836/173 831/837/173
f 831/837/173 830/836/173 832/838/173
f 833/839/459 834/840/460 835/841/457
f 835/841/457 834/840/460 836/842/400
f 837/843/461 838/844/462 839/845/463
f 839/845/463 838/844/462 840/846/464
f 841/847/465 842/848/398 843/849/466
f 843/849/466 842/848/398 844/850/397
f 845/851/391 846/852/393 847/853/397
f 847/853/397 846/852/393 848/854/466
f 849/855/467 850/856/468 851/857/469
f 851/857/469 850/856/468 852/858/470
f 853/859/471 854/860/472 855/861/406
f 855/861/406 854/860/472 856/862/473
f 857/863/394 858/864/396 859/865/474
f 859/865/474 858/864/396 860/866/331
f 861/867/460 862/868/459 863/869/475
f 863/869/475 862/868/459 864/870/228
f 865/871/476 866/872/463 867/873/476
f 867/873/476 866/872/463 868/874/464
f 869/875/477 870/876/475 871/877/478
f 871/877/478 870/876/475 872/878/228
f 873/879/173 874/880/173 875/881/173
f 875/881/173 874/880/173 876/882/173
f 877/883/17 878/884/17 879/885/17
f 879/885/17 878/884/17 880/886/17
f 881/887/17 882/888/17 883/889/17
f 883/889/17 882/888/17 884/890/17
f 885/891/17 886/892/17 887/893/17
f 887/893/17 886/892/17 888/894/17
f 889/895/17 890/896/17 891/897/17
f 891/897/17 890/896/17 892/898/17
f 893/899/17 894/900/17 895/901/17
f 895/901/17 894/900/17 896/902/17
f 897/903/17 898/904/17 899/905/17
f 899/905/17 898/904/17 900/906/17
f 901/907/479 902/908/480 903/909/481
f 903/909/481 902/908/480 904/910/482
f 905/911/483 906/912/368 907/913/484
f 907/913/484 906/912/368 908/914/482
f 909/915/485 910/916/486 911/917/485
f 911/917/485 910/916/486 912/918/487
f 913/919/488 914/920/489 915/921/490
f 915/921/490 914/920/489 916/922/442
f 917/923/491 918/924/492 919/925/367
f 919/925/367 918/924/492 920/926/365
f 921/927/493 922/928/494 923/929/365
f 923/929/365 922/928/494 924/930/366
f 925/931/495 926/932/496 927/933/497
f 927/933/497 926/932/496 928/934/498
f 929/935/499 930/936/364 931/937/496
f 931/937/496 930/936/364 932/938/498
f 933/939/500 934/940/501 935/941/502
f 935/941/502 934/940/501 936/942/399
f 937/943/501 938/944/500 939/945/503
f 939/945/503 938/944/500 940/946/504
f 941/947/505 942/948/506 943/949/389
f 943/949/389 942/948/506 944/950/507
f 945/951/397 946/952/508 947/953/509
f 947/953/509 946/952/508 948/954/510
f 949/955/511 950/956/512 951/957/513
f 951/957/513 950/956/512 952/958/514
f 953/959/17 954/960/17 955/961/453
f 955/961/453 954/960/17 956/962/515
f 957/963/374 958/964/376 959/965/516
f 959/965/516 958/964/376 960/966/517
f 961/967/408 962/968/375 963/969/518
f 963/969/518 962/968/375 964/970/374
f 965/971/517 966/972/519 967/973/516
f 967/973/516 966/972/519 968/974/520
f 969/975/173 970/976/173 971/977/173
f 971/977/173 970/976/173 972/978/173
f 973/979/173 974/980/173 975/981/173
f 975/981/173 974/980/173 976/982/173
f 977/983/173 978/984/173 979/985/173
f 979/985/173 978/984/173 980/986/173
f 981/987/386 982/988/385 983/989/521
f 983/989/521 982/988/385 984/990/522
f 985/991/503 986/992/504 987/993/523
f 987/993/523 986/992/504 988/994/524
f 989/995/482 990/996/525 991/997/526
f 991/997/526 990/996/525 992/998/527
f 993/999/528 994/1000/467 995/1001/527
f 995/1001/527 994/1000/467 996/1002/526
f 997/1003/511 998/1004/528 999/1005/529
f 999/1005/529 998/1004/528 1000/1006/530
f 1001/1007/531 1002/1008/532 1003/1009/382
f 1003/1009/382 1002/1008/532 1004/1010/533
f 1005/1011/387 1006/1012/534 1007/1013/535
f 1007/1013/535 1006/1012/534 1008/1014/370
f 1009/1015/397 1010/1016/399 1011/1017/508
f 1011/1017/508 1010/1016/399 1012/1018/536
f 1013/1019/521 1014/1020/522 1015/1021/537
f 1015/1021/537 1014/1020/522 1016/1022/538
f 1017/1023/537 1018/1024/538 1019/1025/539
f 1019/1025/539 1018/1024/538 1020/1026/506
f 1021/1027/539 1022/1028/506 1023/1029/540
f 1023/1029/540 1022/1028/506 1024/1030/505
f 1025/1031/541 1026/1032/519 1027/1033/371
f 1027/1033/371 1026/1032/519 1028/1034/542
f 1029/1035/543 1030/1036/407 1031/1037/518
f 1031/1037/518 1030/1036/407 1032/1038/408
f 1033/1039/226 1034/1040/226 1035/1041/226
f 1035/1041/226 1034/1040/226 1036/1042/226
f 1037/1043/544 1038/1044/545 1039/1045/546
f 1039/1045/546 1038/1044/545 1040/1046/225
f 1041/1047/371 1042/1048/373 1043/1049/547
f 1043/1049/547 1042/1048/373 1044/1050/548
f 1045/1051/383 1046/1052/549 1047/1053/384
f 1047/1053/384 1046/1052/549 1048/1054/550
f 1046/1052/549 1049/1055/551 1048/1054/550
f 1050/1056/398 1051/1057/552 1052/1058/399
f 1052/1058/399 1051/1057/552 1053/1059/502
f 1051/1057/552 1054/1060/553 1053/1059/502
f 1055/1061/387 1056/1062/386 1057/1063/534
f 1057/1063/534 1056/1062/386 1058/1064/554
f 1056/1062/386 1059/1065/525 1058/1064/554
f 1060/1066/380 1061/1067/555 1062/1068/556
f 1062/1068/556 1061/1067/555 1063/1069/557
f 1061/1067/555 1064/1070/558 1063/1069/557
f 1065/1071/479 1066/1072/559 1067/1073/480
f 1067/1073/480 1066/1072/559 1068/1074/482
f 1066/1072/559 1069/1075/560 1068/1074/482
f 1068/1074/482 1069/1075/560 1070/1076/484
f 1069/1075/560 1071/1077/369 1070/1076/484
f 1072/1078/555 1073/1079/487 1074/1080/558
f 1074/1080/558 1073/1079/487 1075/1081/561
f 1073/1079/487 1076/1082/486 1075/1081/561
f 1077/1083/562 1078/1084/465 1079/1085/507
f 1079/1085/507 1078/1084/465 1080/1086/388
f 1078/1084/465 1081/1087/466 1080/1086/388
f 1082/1088/17 1083/1089/17 1084/1090/17
f 1084/1090/17 1083/1089/17 1085/1091/17
f 1083/1089/17 1086/1092/17 1085/1091/17
f 1085/1091/17 1086/1092/17 1087/1093/17
f 1088/1094/173 1089/1095/173 1090/1096/173
f 1090/1096/173 1089/1095/173 1091/1097/173
f 1089/1095/173 1092/1098/173 1091/1097/173
f 1093/1099/563 1094/1100/564 1095/1101/565
f 1095/1101/565 1094/1100/564 1096/1102/566
f 1094/1100/564 1097/1103/567 1096/1102/566
f 1096/1102/566 1097/1103/567 1098/1104/568
f 1099/1105/529 1100/1106/397 1101/1107/569
f 1101/1107/569 1100/1106/397 1102/1108/570
f 1100/1106/397 1103/1109/509 1102/1108/570
f 1104/1110/465 1105/1111/562 1106/1112/398
f 1106/1112/398 1105/1111/562 1107/1113/571
f 1105/1111/562 1108/1114/572 1107/1113/571
f 1107/1113/571 1108/1114/572 1109/1115/553
f 1110/1116/549 1111/1117/573 1112/1118/551
f 1112/1118/551 1111/1117/573 1113/1119/574
f 1111/1117/573 1114/1120/575 1113/1119/574
f 1115/1121/573 1116/1122/576 1117/1123/575
f 1117/1123/575 1116/1122/576 1118/1124/577
f 1116/1122/576 1119/1125/578 1118/1124/577
f 1120/1126/579 1121/1127/580 1122/1128/581
f 1122/1128/581 1121/1127/580 1123/1129/582
f 1121/1127/580 1124/1130/513 1123/1129/582
f 1123/1129/582 1124/1130/513 1125/1131/583
f 1126/1132/74 1127/1133/74 1128/1134/74
f 1128/1134/74 1127/1133/74 1129/1135/74
f 1127/1133/74 1130/1136/74 1129/1135/74
f 1129/1135/74 1130/1136/74 1131/1137/74
f 1132/1138/17 1133/1139/17 1134/1140/17
f 1134/1140/17 1133/1139/17 1135/1141/17
f 1133/1139/17 1136/1142/17 1135/1141/17
f 1137/1143/17 1138/1144/17 1139/1145/17
f 1139/1145/17 1138/1144/17 1140/1146/17
f 1138/1144/17 1141/1147/17 1140/1146/17
f 1140/1146/17 1141/1147/17 1142/1148/17
f 1143/1149/581 1144/1150/584 1145/1151/526
f 1145/1151/526 1144/1150/584 1146/1152/479
f 1144/1150/584 1147/1153/585 1146/1152/479
f 1148/1154/173 1149/1155/439 1150/1156/586
f 1150/1156/586 1149/1155/439 1151/1157/587
f 1149/1155/439 1152/1158/437 1151/1157/587
f 1153/1159/588 1154/1160/589 1155/1161/501
f 1155/1161/501 1154/1160/589 1156/1162/399
f 1154/1160/589 1157/1163/510 1156/1162/399
f 1158/1164/570 1159/1165/590 1160/1166/569
f 1160/1166/569 1159/1165/590 1161/1167/591
f 1159/1165/590 1162/1168/514 1161/1167/591
usemtl mat0.227
f 1163/1169/592 1164/1170/593 1165/1171/594
f 1166/1172/595 1167/1173/596 1168/1174/597
f 1169/1175/598 1170/1176/599 1171/1177/600
f 1172/1178/601 1173/1179/602 1174/1180/603
f 1174/1180/603 1173/1179/602 1175/1181/604
f 1176/1182/605 1177/1183/606 1178/1184/607
f 1178/1184/607 1177/1183/606 1179/1185/608
f 1180/1186/74 1181/1187/606 1182/1188/609
f 1182/1188/609 1181/1187/606 1183/1189/605
f 1184/1190/610 1185/1191/611 1186/1192/612
f 1186/1192/612 1185/1191/611 1187/1193/595
f 1188/1194/613 1189/1195/614 1190/1196/615
f 1190/1196/615 1189/1195/614 1191/1197/610
f 1192/1198/616 1193/1199/604 1194/1200/617
f 1194/1200/617 1193/1199/604 1195/1201/602
f 1196/1202/617 1197/1203/618 1198/1204/619
f 1198/1204/619 1197/1203/618 1199/1205/620
f 1200/1206/621 1201/1207/622 1202/1208/623
f 1202/1208/623 1201/1207/622 1203/1209/624
f 1204/1210/625 1205/1211/626 1206/1212/627
f 1206/1212/627 1205/1211/626 1207/1213/628
f 1208/1214/612 1209/1215/623 1210/1216/629
f 1210/1216/629 1209/1215/623 1211/1217/624
f 1212/1218/630 1213/1219/631 1214/1220/615
f 1214/1220/615 1213/1219/631 1215/1221/632
f 1216/1222/612 1217/1223/629 1218/1224/630
f 1218/1224/630 1217/1223/629 1219/1225/631
f 1220/1226/633 1221/1227/634 1222/1228/635
f 1222/1228/635 1221/1227/634 1223/1229/74
f 1224/1230/632 1225/1231/636 1226/1232/615
f 1226/1232/615 1225/1231/636 1227/1233/613
f 1228/1234/599 1229/1235/637 1230/1236/593
f 1230/1236/593 1229/1235/637 1231/1237/594
f 1232/1238/638 1233/1239/639 1234/1240/603
f 1234/1240/603 1233/1239/639 1235/1241/640
f 1236/1242/641 1237/1243/642 1238/1244/643
f 1238/1244/643 1237/1243/642 1239/1245/644
f 1237/1243/642 1240/1246/607 1239/1245/644
f 1239/1245/644 1240/1246/607 1241/1247/645
f 1242/1248/646 1243/1249/631 1244/1250/647
f 1244/1250/647 1243/1249/631 1245/1251/648
f 1243/1249/631 1246/1252/629 1245/1251/648
f 1245/1251/648 1246/1252/629 1247/1253/624
f 1248/1254/649 1249/1255/623 1250/1256/650
f 1250/1256/650 1249/1255/623 1251/1257/626
f 1249/1255/623 1252/1258/612 1251/1257/626
f 1251/1257/626 1252/1258/612 1253/1259/651
f 1254/1260/599 1255/1261/652 1256/1262/600
f 1256/1262/600 1255/1261/652 1257/1263/653
f 1255/1261/652 1258/1264/639 1257/1263/653
usemtl mat0.228
f 1259/1265/654 1260/1266/655 1261/1267/656
f 1262/1268/657 1263/1269/658 1264/1270/659
f 1265/1271/660 1266/1272/661 1267/1273/662
f 1268/1274/663 1269/1275/664 1270/1276/665
f 1271/1277/666 1272/1278/661 1273/1279/667
f 1273/1279/667 1272/1278/661 1274/1280/668
f 1275/1281/660 1276/1282/662 1277/1283/669
f 1277/1283/669 1276/1282/662 1278/1284/670
f 1279/1285/671 1280/1286/672 1281/1287/673
f 1281/1287/673 1280/1286/672 1282/1288/674
f 1283/1289/617 1284/1290/675 1285/1291/676
f 1285/1291/676 1284/1290/675 1286/1292/677
f 1287/1293/678 1288/1294/679 1289/1295/680
f 1289/1295/680 1288/1294/679 1290/1296/604
f 1291/1297/681 1292/1298/682 1293/1299/683
f 1293/1299/683 1292/1298/682 1294/1300/684
f 1295/1301/685 1296/1302/686 1297/1303/687
f 1297/1303/687 1296/1302/686 1298/1304/688
f 1299/1305/689 1300/1306/690 1301/1307/691
f 1301/1307/691 1300/1306/690 1302/1308/692
f 1303/1309/693 1304/1310/694 1305/1311/695
f 1305/1311/695 1304/1310/694 1306/1312/689
f 1307/1313/680 1308/1314/604 1309/1315/617
f 1309/1315/617 1308/1314/604 1310/1316/696
f 1311/1317/697 1312/1318/698 1313/1319/699
f 1313/1319/699 1312/1318/698 1314/1320/700
f 1315/1321/684 1316/1322/682 1317/1323/701
f 1317/1323/701 1316/1322/682 1318/1324/697
f 1319/1325/663 1320/1326/665 1321/1327/655
f 1321/1327/655 1320/1326/665 1322/1328/656
f 1323/1329/656 1324/1330/702 1325/1331/703
f 1325/1331/703 1324/1330/702 1326/1332/594
f 1324/1330/702 1327/1333/592 1326/1332/594
f 1328/1334/704 1329/1335/705 1330/1336/694
f 1330/1336/694 1329/1335/705 1331/1337/706
f 1329/1335/705 1332/1338/707 1331/1337/706
f 1331/1337/706 1332/1338/707 1333/1339/708
f 1334/1340/689 1335/1341/694 1336/1342/690
f 1336/1342/690 1335/1341/694 1337/1343/698
f 1335/1341/694 1338/1344/706 1337/1343/698
f 1337/1343/698 1338/1344/706 1339/1345/700
f 1338/1344/706 1340/1346/709 1339/1345/700
f 1341/1347/681 1342/1348/692 1343/1349/682
f 1343/1349/682 1342/1348/692 1344/1350/697
f 1342/1348/692 1345/1351/690 1344/1350/697
f 1344/1350/697 1345/1351/690 1346/1352/698
f 1347/1353/710 1348/1354/666 1349/1355/711
f 1349/1355/711 1348/1354/666 1350/1356/712
f 1348/1354/666 1351/1357/17 1350/1356/712
f 1350/1356/712 1351/1357/17 1352/1358/713
usemtl mat0.229
f 1353/1359/714 1354/1360/715 1355/1361/716
f 1356/1362/717 1357/1363/718 1358/1364/719
f 1359/1365/720 1360/1366/721 1361/1367/722
f 1362/1368/723 1363/1369/723 1364/1370/723
f 1365/1371/724 1366/1372/724 1367/1373/724
f 1368/1374/725 1369/1375/726 1370/1376/727
f 1371/1377/728 1372/1378/729 1373/1379/730
f 1374/1380/731 1375/1381/732 1376/1382/733
f 1377/1383/734 1378/1384/735 1379/1385/736
f 1380/1386/737 1381/1387/738 1382/1388/739
f 1383/1389/740 1384/1390/741 1385/1391/742
f 1386/1392/743 1387/1393/744 1388/1394/745
f 1389/1395/746 1390/1396/747 1391/1397/743
f 1392/1398/748 1393/1399/748 1394/1400/748
f 1395/1401/749 1396/1402/749 1397/1403/749
f 1398/1404/750 1399/1405/751 1400/1406/752
f 1401/1407/753 1402/1408/754 1403/1409/755
f 1404/1410/756 1405/1411/757 1406/1412/758
f 1407/1413/759 1408/1414/759 1409/1415/759
f 1410/1416/760 1411/1417/760 1412/1418/760
f 1413/1419/761 1414/1420/761 1415/1421/761
f 1416/1422/762 1417/1423/762 1418/1424/762
f 1419/1425/763 1420/1426/763 1421/1427/763
f 1422/1428/764 1423/1429/764 1424/1430/764
f 1425/1431/765 1426/1432/765 1427/1433/765
f 1428/1434/766 1429/1435/766 1430/1436/766
f 1431/1437/767 1432/1438/767 1433/1439/767
f 1434/1440/768 1435/1441/768 1436/1442/768
f 1437/1443/769 1438/1444/769 1439/1445/769
f 1440/1446/770 1441/1447/770 1442/1448/770
f 1443/1449/771 1444/1450/772 1445/1451/773
f 1446/1452/774 1447/1453/774 1448/1454/774
f 1449/1455/775 1450/1456/775 1451/1457/775
f 1452/1458/761 1453/1459/761 1454/1460/761
f 1455/1461/776 1456/1462/776 1457/1463/776
f 1458/1464/777 1459/1465/777 1460/1466/777
f 1461/1467/778 1462/1468/778 1463/1469/778
f 1464/1470/779 1465/1471/779 1466/1472/779
f 1467/1473/780 1468/1474/780 1469/1475/780
f 1470/1476/781 1471/1477/781 1472/1478/781
f 1473/1479/782 1474/1480/782 1475/1481/782
f 1476/1482/783 1477/1483/783 1478/1484/783
f 1479/1485/784 1480/1486/784 1481/1487/784
f 1482/1488/785 1483/1489/786 1484/1490/717
f 1484/1490/717 1483/1489/786 1485/1491/718
f 1486/1492/787 1487/1493/786 1488/1494/788
f 1488/1494/788 1487/1493/786 1489/1495/789
f 1490/1496/787 1491/1497/790 1492/1498/786
f 1492/1498/786 1491/1497/790 1493/1499/718
f 1494/1500/791 1495/1501/792 1496/1502/793
f 1496/1502/793 1495/1501/792 1497/1503/794
f 1498/1504/795 1499/1505/796 1500/1506/797
f 1500/1506/797 1499/1505/796 1501/1507/798
f 1502/1508/799 1503/1509/800 1504/1510/800
f 1504/1510/800 1503/1509/800 1505/1511/801
f 1506/1512/802 1507/1513/803 1508/1514/804
f 1508/1514/804 1507/1513/803 1509/1515/805
f 1510/1516/806 1511/1517/807 1512/1518/808
f 1512/1518/808 1511/1517/807 1513/1519/809
f 1514/1520/810 1515/1521/811 1516/1522/812
f 1516/1522/812 1515/1521/811 1517/1523/813
f 1518/1524/814 1519/1525/815 1520/1526/816
f 1520/1526/816 1519/1525/815 1521/1527/817
f 1522/1528/818 1523/1529/819 1524/1530/819
f 1524/1530/819 1523/1529/819 1525/1531/820
f 1526/1532/821 1527/1533/822 1528/1534/822
f 1528/1534/822 1527/1533/822 1529/1535/823
f 1530/1536/732 1531/1537/731 1532/1538/824
f 1532/1538/824 1531/1537/731 1533/1539/825
f 1534/1540/826 1535/1541/735 1536/1542/827
f 1536/1542/827 1535/1541/735 1537/1543/734
f 1538/1544/795 1539/1545/790 1540/1546/796
f 1540/1546/796 1539/1545/790 1541/1547/787
f 1542/1548/828 1543/1549/718 1544/1550/829
f 1544/1550/829 1543/1549/718 1545/1551/830
f 1546/1552/831 1547/1553/832 1548/1554/833
f 1548/1554/833 1547/1553/832 1549/1555/717
f 1550/1556/795 1551/1557/834 1552/1558/835
f 1552/1558/835 1551/1557/834 1553/1559/836
f 1554/1560/837 1555/1561/838 1556/1562/803
f 1556/1562/803 1555/1561/838 1557/1563/839
f 1558/1564/840 1559/1565/841 1560/1566/841
f 1560/1566/841 1559/1565/841 1561/1567/842
f 1562/1568/843 1563/1569/844 1564/1570/845
f 1564/1570/845 1563/1569/844 1565/1571/846
f 1566/1572/847 1567/1573/848 1568/1574/849
f 1568/1574/849 1567/1573/848 1569/1575/850
f 1570/1576/851 1571/1577/848 1572/1578/852
f 1572/1578/852 1571/1577/848 1573/1579/847
f 1574/1580/853 1575/1581/715 1576/1582/843
f 1576/1582/843 1575/1581/715 1577/1583/844
f 1578/1584/854 1579/1585/855 1580/1586/735
f 1580/1586/735 1579/1585/855 1581/1587/856
f 1582/1588/857 1583/1589/830 1584/1590/834
f 1584/1590/834 1583/1589/830 1585/1591/836
f 1586/1592/858 1587/1593/859 1588/1594/860
f 1588/1594/860 1587/1593/859 1589/1595/861
f 1590/1596/862 1591/1597/863 1592/1598/864
f 1592/1598/864 1591/1597/863 1593/1599/859
f 1594/1600/824 1595/1601/865 1596/1602/732
f 1596/1602/732 1595/1601/865 1597/1603/847
f 1598/1604/866 1599/1605/867 1600/1606/868
f 1600/1606/868 1599/1605/867 1601/1607/869
f 1602/1608/870 1603/1609/871 1604/1610/872
f 1604/1610/872 1603/1609/871 1605/1611/873
f 1606/1612/739 1607/1613/874 1608/1614/875
f 1608/1614/875 1607/1613/874 1609/1615/876
f 1610/1616/877 1611/1617/878 1612/1618/879
f 1612/1618/879 1611/1617/878 1613/1619/880
f 1614/1620/881 1615/1621/882 1616/1622/882
f 1616/1622/882 1615/1621/882 1617/1623/883
f 1618/1624/725 1619/1625/884 1620/1626/885
f 1620/1626/885 1619/1625/884 1621/1627/886
f 1622/1628/887 1623/1629/744 1624/1630/888
f 1624/1630/888 1623/1629/744 1625/1631/743
f 1626/1632/726 1627/1633/725 1628/1634/875
f 1628/1634/875 1627/1633/725 1629/1635/889
f 1630/1636/729 1631/1637/728 1632/1638/890
f 1632/1638/890 1631/1637/728 1633/1639/891
f 1634/1640/742 1635/1641/741 1636/1642/866
f 1636/1642/866 1635/1641/741 1637/1643/867
f 1638/1644/892 1639/1645/717 1640/1646/739
f 1640/1646/739 1639/1645/717 1641/1647/893
f 1642/1648/893 1643/1649/831 1644/1650/739
f 1644/1650/739 1643/1649/831 1645/1651/737
f 1646/1652/876 1647/1653/894 1648/1654/875
f 1648/1654/875 1647/1653/894 1649/1655/726
f 1650/1656/895 1651/1657/896 1652/1658/897
f 1652/1658/897 1651/1657/896 1653/1659/898
f 1654/1660/868 1655/1661/869 1656/1662/899
f 1656/1662/899 1655/1661/869 1657/1663/900
f 1658/1664/901 1659/1665/902 1660/1666/903
f 1660/1666/903 1659/1665/902 1661/1667/904
f 1662/1668/872 1663/1669/873 1664/1670/905
f 1664/1670/905 1663/1669/873 1665/1671/906
f 1666/1672/907 1667/1673/908 1668/1674/908
f 1668/1674/908 1667/1673/908 1669/1675/909
f 1670/1676/910 1671/1677/911 1672/1678/911
f 1672/1678/911 1671/1677/911 1673/1679/912
f 1674/1680/913 1675/1681/914 1676/1682/915
f 1676/1682/915 1675/1681/914 1677/1683/916
f 1678/1684/917 1679/1685/918 1680/1686/919
f 1680/1686/919 1679/1685/918 1681/1687/920
f 1682/1688/919 1683/1689/921 1684/1690/922
f 1684/1690/922 1683/1689/921 1685/1691/923
f 1686/1692/924 1687/1693/925 1688/1694/744
f 1688/1694/744 1687/1693/925 1689/1695/926
f 1690/1696/746 1691/1697/743 1692/1698/927
f 1692/1698/927 1691/1697/743 1693/1699/928
f 1694/1700/929 1695/1701/914 1696/1702/930
f 1696/1702/930 1695/1701/914 1697/1703/896
f 1698/1704/931 1699/1705/932 1700/1706/932
f 1700/1706/932 1699/1705/932 1701/1707/933
f 1702/1708/934 1703/1709/935 1704/1710/935
f 1704/1710/935 1703/1709/935 1705/1711/936
f 1706/1712/877 1707/1713/937 1708/1714/938
f 1708/1714/938 1707/1713/937 1709/1715/939
f 1710/1716/717 1711/1717/940 1712/1718/789
f 1712/1718/789 1711/1717/940 1713/1719/937
f 1714/1720/885 1715/1721/940 1716/1722/941
f 1716/1722/941 1715/1721/940 1717/1723/717
f 1718/1724/942 1719/1725/752 1720/1726/943
f 1720/1726/943 1719/1725/752 1721/1727/751
f 1722/1728/753 1723/1729/944 1724/1730/945
f 1724/1730/945 1723/1729/944 1725/1731/946
f 1726/1732/947 1727/1733/945 1728/1734/948
f 1728/1734/948 1727/1733/945 1729/1735/946
f 1730/1736/949 1731/1737/950 1732/1738/951
f 1732/1738/951 1731/1737/950 1733/1739/952
f 1734/1740/773 1735/1741/772 1736/1742/953
f 1736/1742/953 1735/1741/772 1737/1743/954
f 1738/1744/955 1739/1745/956 1740/1746/957
f 1740/1746/957 1739/1745/956 1741/1747/958
f 1742/1748/955 1743/1749/957 1744/1750/959
f 1744/1750/959 1743/1749/957 1745/1751/960
f 1746/1752/961 1747/1753/730 1748/1754/962
f 1748/1754/962 1747/1753/730 1749/1755/735
f 1750/1756/963 1751/1757/964 1752/1758/964
f 1752/1758/964 1751/1757/964 1753/1759/965
f 1754/1760/960 1755/1761/957 1756/1762/966
f 1756/1762/966 1755/1761/957 1757/1763/958
f 1758/1764/967 1759/1765/968 1760/1766/969
f 1760/1766/969 1759/1765/968 1761/1767/970
f 1759/1765/968 1762/1768/816 1761/1767/970
f 1761/1767/970 1762/1768/816 1763/1769/971
f 1764/1770/972 1765/1771/973 1766/1772/974
f 1766/1772/974 1765/1771/973 1767/1773/975
f 1765/1771/973 1768/1774/976 1767/1773/975
f 1769/1775/947 1770/1776/977 1771/1777/945
f 1771/1777/945 1770/1776/977 1772/1778/753
f 1770/1776/977 1773/1779/978 1772/1778/753
f 1772/1778/753 1773/1779/978 1774/1780/754
f 1775/1781/884 1776/1782/731 1777/1783/886
f 1777/1783/886 1776/1782/731 1778/1784/880
f 1776/1782/731 1779/1785/733 1778/1784/880
f 1778/1784/880 1779/1785/733 1780/1786/879
f 1779/1785/733 1781/1787/732 1780/1786/879
f 1780/1786/879 1781/1787/732 1782/1788/847
f 1783/1789/725 1784/1790/928 1785/1791/979
f 1785/1791/979 1784/1790/928 1786/1792/980
f 1784/1790/928 1787/1793/744 1786/1792/980
f 1786/1792/980 1787/1793/744 1788/1794/926
f 1789/1795/981 1790/1796/921 1791/1797/982
f 1791/1797/982 1790/1796/921 1792/1798/983
f 1790/1796/921 1793/1799/984 1792/1798/983
f 1792/1798/983 1793/1799/984 1794/1800/920
f 1795/1801/729 1796/1802/985 1797/1803/730
f 1797/1803/730 1796/1802/985 1798/1804/986
f 1796/1802/985 1799/1805/987 1798/1804/986
f 1798/1804/986 1799/1805/987 1800/1806/736
f 1801/1807/937 1802/1808/877 1803/1809/789
f 1803/1809/789 1802/1808/877 1804/1810/788
f 1802/1808/877 1805/1811/988 1804/1810/788
f 1804/1810/788 1805/1811/988 1806/1812/787
f 1807/1813/886 1808/1814/939 1809/1815/889
f 1809/1815/889 1808/1814/939 1810/1816/940
f 1808/1814/939 1811/1817/937 1810/1816/940
f 1812/1818/927 1813/1819/928 1814/1820/989
f 1814/1820/989 1813/1819/928 1815/1821/990
f 1813/1819/928 1816/1822/860 1815/1821/990
f 1815/1821/990 1816/1822/860 1817/1823/861
f 1818/1824/991 1819/1825/992 1820/1826/725
f 1820/1826/725 1819/1825/992 1821/1827/928
f 1819/1825/992 1822/1828/860 1821/1827/928
f 1823/1829/993 1824/1830/834 1825/1831/716
f 1825/1831/716 1824/1830/834 1826/1832/844
f 1824/1830/834 1827/1833/994 1826/1832/844
f 1826/1832/844 1827/1833/994 1828/1834/995
f 1829/1835/996 1830/1836/997 1831/1837/998
f 1831/1837/998 1830/1836/997 1832/1838/999
f 1830/1836/997 1833/1839/1000 1832/1838/999
f 1834/1840/844 1835/1841/839 1836/1842/1001
f 1836/1842/1001 1835/1841/839 1837/1843/1002
f 1835/1841/839 1838/1844/1003 1837/1843/1002
f 1839/1845/1004 1840/1846/807 1841/1847/1005
f 1841/1847/1005 1840/1846/807 1842/1848/1006
f 1840/1846/807 1843/1849/806 1842/1848/1006
f 1842/1848/1006 1843/1849/806 1844/1850/813
f 1845/1851/1007 1846/1852/1008 1847/1853/1009
f 1847/1853/1009 1846/1852/1008 1848/1854/1010
f 1846/1852/1008 1849/1855/1011 1848/1854/1010
f 1848/1854/1010 1849/1855/1011 1850/1856/1012
f 1851/1857/721 1852/1858/1013 1853/1859/722
f 1853/1859/722 1852/1858/1013 1854/1860/1014
f 1852/1858/1013 1855/1861/1015 1854/1860/1014
f 1854/1860/1014 1855/1861/1015 1856/1862/1016
f 1855/1861/1015 1857/1863/1017 1856/1862/1016
f 1856/1862/1016 1857/1863/1017 1858/1864/1018
f 1859/1865/805 1860/1866/803 1861/1867/995
f 1861/1867/995 1860/1866/803 1862/1868/844
f 1860/1866/803 1863/1869/839 1862/1868/844
f 1864/1870/962 1865/1871/1019 1866/1872/1020
f 1866/1872/1020 1865/1871/1019 1867/1873/1021
f 1865/1871/1019 1868/1874/856 1867/1873/1021
f 1869/1875/1022 1870/1876/1023 1871/1877/1024
f 1871/1877/1024 1870/1876/1023 1872/1878/961
f 1870/1876/1023 1873/1879/730 1872/1878/961
f 1874/1880/797 1875/1881/798 1876/1882/1025
f 1876/1882/1025 1875/1881/798 1877/1883/879
f 1875/1881/798 1878/1884/988 1877/1883/879
f 1877/1883/879 1878/1884/988 1879/1885/877
f 1880/1886/831 1881/1887/719 1882/1888/1026
f 1882/1888/1026 1881/1887/719 1883/1889/1027
f 1881/1887/719 1884/1890/718 1883/1889/1027
f 1883/1889/1027 1884/1890/718 1885/1891/828
f 1886/1892/862 1887/1893/1028 1888/1894/863
f 1888/1894/863 1887/1893/1028 1889/1895/1029
f 1887/1893/1028 1890/1896/715 1889/1895/1029
f 1889/1895/1029 1890/1896/715 1891/1897/853
f 1892/1898/1030 1893/1899/797 1894/1900/851
f 1894/1900/851 1893/1899/797 1895/1901/848
f 1893/1899/797 1896/1902/850 1895/1901/848
usemtl mat0.230
f 1897/1903/1031 1898/1904/1031 1899/1905/1031
f 1900/1906/1032 1901/1907/1033 1902/1908/1034
f 1903/1909/1035 1904/1910/1035 1905/1911/1035
f 1906/1912/1036 1907/1913/1036 1908/1914/1036
f 1909/1915/1037 1910/1916/1037 1911/1917/1037
f 1912/1918/1038 1913/1919/1039 1914/1920/1032
f 1915/1921/1040 1916/1922/1040 1917/1923/1040
f 1918/1924/1041 1919/1925/1041 1920/1926/1041
f 1921/1927/1042 1922/1928/1042 1923/1929/1042
f 1924/1930/1043 1925/1931/1043 1926/1932/1043
f 1927/1933/1044 1928/1934/1044 1929/1935/1044
f 1930/1936/1045 1931/1937/1045 1932/1938/1045
f 1933/1939/1046 1934/1940/1046 1935/1941/1046
f 1936/1942/1047 1937/1943/1047 1938/1944/1047
f 1939/1945/1048 1940/1946/1048 1941/1947/1048
f 1942/1948/1049 1943/1949/1049 1944/1950/1049
f 1945/1951/1050 1946/1952/1050 1947/1953/1050
f 1948/1954/1051 1949/1955/1051 1950/1956/1051
f 1951/1957/1052 1952/1958/1053 1953/1959/1054
f 1953/1959/1054 1952/1958/1053 1954/1960/1055
f 1955/1961/1056 1956/1962/1057 1957/1963/1058
f 1957/1963/1058 1956/1962/1057 1958/1964/1059
f 1959/1965/1060 1960/1966/1061 1961/1967/1061
f 1961/1967/1061 1960/1966/1061 1962/1968/1062
f 1963/1969/1063 1964/1970/1064 1965/1971/1052
f 1965/1971/1052 1964/1970/1064 1966/1972/1053
f 1967/1973/1065 1968/1974/1066 1969/1975/1067
f 1969/1975/1067 1968/1974/1066 1970/1976/1068
f 1971/1977/1069 1972/1978/1066 1973/1979/1070
f 1973/1979/1070 1972/1978/1066 1974/1980/1065
f 1975/1981/1071 1976/1982/1072 1977/1983/1073
f 1977/1983/1073 1976/1982/1072 1978/1984/1074
f 1979/1985/1075 1980/1986/1076 1981/1987/1076
f 1981/1987/1076 1980/1986/1076 1982/1988/1077
f 1983/1989/1078 1984/1990/1078 1985/1991/1078
f 1985/1991/1078 1984/1990/1078 1986/1992/1078
f 1987/1993/1079 1988/1994/1080 1989/1995/1081
f 1989/1995/1081 1988/1994/1080 1990/1996/1082
f 1991/1997/1083 1992/1998/1084 1993/1999/1039
f 1993/1999/1039 1992/1998/1084 1994/2000/1085
f 1995/2001/1086 1996/2002/1032 1997/2003/1087
f 1997/2003/1087 1996/2002/1032 1998/2004/1034
f 1999/2005/1088 2000/2006/1089 2001/2007/1052
f 2001/2007/1052 2000/2006/1089 2002/2008/1063
f 2003/2009/1071 2004/2010/1073 2005/2011/1090
f 2005/2011/1090 2004/2010/1073 2006/2012/1074
f 2007/2013/1052 2008/2014/1054 2009/2015/1088
f 2009/2015/1088 2008/2014/1054 2010/2016/1091
f 2011/2017/1092 2012/2018/1093 2013/2019/1094
f 2013/2019/1094 2012/2018/1093 2014/2020/1095
f 2015/2021/1096 2016/2022/1094 2017/2023/1097
f 2017/2023/1097 2016/2022/1094 2018/2024/1095
f 2019/2025/1083 2020/2026/1098 2021/2027/1084
f 2021/2027/1084 2020/2026/1098 2022/2028/1032
f 2020/2026/1098 2023/2029/1099 2022/2028/1032
f 2022/2028/1032 2023/2029/1099 2024/2030/1033
f 2025/2031/1078 2026/2032/1078 2027/2033/1078
f 2027/2033/1078 2026/2032/1078 2028/2034/1078
f 2026/2032/1078 2029/2035/1078 2028/2034/1078
f 2028/2034/1078 2029/2035/1078 2030/2036/1078
usemtl mat0.231
f 2031/2037/1100 2032/2038/1101 2033/2039/1102
f 2034/2040/1103 2035/2041/1104 2036/2042/1105
f 2037/2043/331 2038/2044/331 2039/2045/331
f 2040/2046/331 2041/2047/331 2042/2048/331
f 2043/2049/1106 2044/2050/1107 2045/2051/1108
f 2046/2052/1109 2047/2053/1110 2048/2054/1111
f 2049/2055/1112 2050/2056/1113 2051/2057/1114
f 2052/2058/1115 2053/2059/1116 2054/2060/1117
f 2055/2061/1118 2056/2062/1100 2057/2063/1119
f 2057/2063/1119 2056/2062/1100 2058/2064/1120
f 2059/2065/1121 2060/2066/1122 2061/2067/1123
f 2061/2067/1123 2060/2066/1122 2062/2068/1124
f 2063/2069/1125 2064/2070/1116 2065/2071/1126
f 2065/2071/1126 2064/2070/1116 2066/2072/1115
f 2067/2073/1127 2068/2074/1128 2069/2075/1129
f 2069/2075/1129 2068/2074/1128 2070/2076/1130
f 2071/2077/1131 2072/2078/1127 2073/2079/1132
f 2073/2079/1132 2072/2078/1127 2074/2080/1133
f 2075/2081/1134 2076/2082/1135 2077/2083/1136
f 2077/2083/1136 2076/2082/1135 2078/2084/1137
f 2079/2085/1138 2080/2086/1139 2081/2087/1130
f 2081/2087/1130 2080/2086/1139 2082/2088/1140
f 2083/2089/1137 2084/2090/1141 2085/2091/1136
f 2085/2091/1136 2084/2090/1141 2086/2092/1121
f 2087/2093/331 2088/2094/331 2089/2095/331
f 2089/2095/331 2088/2094/331 2090/2096/331
f 2091/2097/1142 2092/2098/1141 2093/2099/1122
f 2093/2099/1122 2092/2098/1141 2094/2100/1143
f 2095/2101/1116 2096/2102/1125 2097/2103/1144
f 2097/2103/1144 2096/2102/1125 2098/2104/1145
f 2099/2105/331 2100/2106/331 2101/2107/331
f 2101/2107/331 2100/2106/331 2102/2108/331
f 2103/2109/229 2104/2110/229 2105/2111/229
f 2105/2111/229 2104/2110/229 2106/2112/229
f 2107/2113/1146 2108/2114/1147 2109/2115/1148
f 2109/2115/1148 2108/2114/1147 2110/2116/1100
f 2111/2117/1149 2112/2118/1150 2113/2119/1151
f 2113/2119/1151 2112/2118/1150 2114/2120/1152
f 2115/2121/1153 2116/2122/1154 2117/2123/1154
f 2117/2123/1154 2116/2122/1154 2118/2124/1155
f 2119/2125/1156 2120/2126/1157 2121/2127/1152
f 2121/2127/1152 2120/2126/1157 2122/2128/1151
f 2123/2129/1158 2124/2130/1159 2125/2131/1159
f 2125/2131/1159 2124/2130/1159 2126/2132/1160
f 2127/2133/1161 2128/2134/1162 2129/2135/1163
f 2129/2135/1163 2128/2134/1162 2130/2136/1164
f 2131/2137/1165 2132/2138/1166 2133/2139/1167
f 2133/2139/1167 2132/2138/1166 2134/2140/1164
f 2135/2141/331 2136/2142/1168 2137/2143/1169
f 2137/2143/1169 2136/2142/1168 2138/2144/1170
f 2139/2145/1171 2140/2146/1172 2141/2147/1173
f 2141/2147/1173 2140/2146/1172 2142/2148/1105
f 2143/2149/1174 2144/2150/1175 2145/2151/1176
f 2145/2151/1176 2144/2150/1175 2146/2152/1177
f 2147/2153/1174 2148/2154/1176 2149/2155/1178
f 2149/2155/1178 2148/2154/1176 2150/2156/1179
f 2151/2157/1180 2152/2158/1181 2153/2159/1181
f 2153/2159/1181 2152/2158/1181 2154/2160/1182
f 2155/2161/1183 2156/2162/1184 2157/2163/1184
f 2157/2163/1184 2156/2162/1184 2158/2164/1185
f 2159/2165/331 2160/2166/331 2161/2167/331
f 2161/2167/331 2160/2166/331 2162/2168/331
f 2163/2169/331 2164/2170/331 2165/2171/331
f 2165/2171/331 2164/2170/331 2166/2172/331
f 2167/2173/331 2168/2174/331 2169/2175/331
f 2169/2175/331 2168/2174/331 2170/2176/331
f 2171/2177/1110 2172/2178/1186 2173/2179/1187
f 2173/2179/1187 2172/2178/1186 2174/2180/1188
f 2175/2181/331 2176/2182/331 2177/2183/331
f 2177/2183/331 2176/2182/331 2178/2184/331
f 2179/2185/331 2180/2186/331 2181/2187/1189
f 2181/2187/1189 2180/2186/331 2182/2188/331
f 2183/2189/1190 2184/2190/1107 2185/2191/1191
f 2185/2191/1191 2184/2190/1107 2186/2192/1192
f 2187/2193/1193 2188/2194/1194 2189/2195/1194
f 2189/2195/1194 2188/2194/1194 2190/2196/1195
f 2191/2197/331 2192/2198/331 2193/2199/331
f 2193/2199/331 2192/2198/331 2194/2200/1196
f 2195/2201/1197 2196/2202/1112 2197/2203/1198
f 2197/2203/1198 2196/2202/1112 2198/2204/1199
f 2199/2205/331 2200/2206/331 2201/2207/331
f 2201/2207/331 2200/2206/331 2202/2208/331
f 2203/2209/1200 2204/2210/1201 2205/2211/1202
f 2205/2211/1202 2204/2210/1201 2206/2212/1203
f 2207/2213/1198 2208/2214/1199 2209/2215/1204
f 2209/2215/1204 2208/2214/1199 2210/2216/1105
f 2211/2217/1200 2212/2218/1205 2213/2219/1104
f 2213/2219/1104 2212/2218/1205 2214/2220/1206
f 2215/2221/1162 2216/2222/1161 2217/2223/1207
f 2217/2223/1207 2216/2222/1161 2218/2224/1208
f 2219/2225/1167 2220/2226/1209 2221/2227/1210
f 2221/2227/1210 2220/2226/1209 2222/2228/1162
f 2223/2229/1211 2224/2230/1212 2225/2231/1213
f 2225/2231/1213 2224/2230/1212 2226/2232/1214
f 2227/2233/1143 2228/2234/1215 2229/2235/1216
f 2229/2235/1216 2228/2234/1215 2230/2236/1217
f 2231/2237/1132 2232/2238/1218 2233/2239/1219
f 2233/2239/1219 2232/2238/1218 2234/2240/1220
f 2235/2241/1105 2236/2242/1199 2237/2243/1221
f 2237/2243/1221 2236/2242/1199 2238/2244/1222
f 2239/2245/1223 2240/2246/1224 2241/2247/1225
f 2241/2247/1225 2240/2246/1224 2242/2248/1113
f 2243/2249/1207 2244/2250/1208 2245/2251/1201
f 2245/2251/1201 2244/2250/1208 2246/2252/1226
f 2247/2253/1170 2248/2254/1227 2249/2255/1228
f 2249/2255/1228 2248/2254/1227 2250/2256/1229
f 2251/2257/1230 2252/2258/1231 2253/2259/1231
f 2253/2259/1231 2252/2258/1231 2254/2260/1232
f 2255/2261/1178 2256/2262/1179 2257/2263/1233
f 2257/2263/1233 2256/2262/1179 2258/2264/1234
f 2259/2265/1128 2260/2266/1116 2261/2267/1130
f 2261/2267/1130 2260/2266/1116 2262/2268/1235
f 2260/2266/1116 2263/2269/1144 2262/2268/1235
f 2262/2268/1235 2263/2269/1144 2264/2270/1139
f 2265/2271/1112 2266/2272/1197 2267/2273/1113
f 2267/2273/1113 2266/2272/1197 2268/2274/1225
f 2266/2272/1197 2269/2275/1236 2268/2274/1225
f 2268/2274/1225 2269/2275/1236 2270/2276/1237
f 2269/2275/1236 2271/2277/1238 2270/2276/1237
f 2272/2278/1239 2273/2279/1162 2274/2280/1171
f 2274/2280/1171 2273/2279/1162 2275/2281/1172
f 2273/2279/1162 2276/2282/1200 2275/2281/1172
f 2275/2281/1172 2276/2282/1200 2277/2283/1104
f 2278/2284/1240 2279/2285/1133 2280/2286/1241
f 2280/2286/1241 2279/2285/1133 2281/2287/1242
f 2279/2285/1133 2282/2288/1127 2281/2287/1242
f 2281/2287/1242 2282/2288/1127 2283/2289/1129
f 2284/2290/1243 2285/2291/1244 2286/2292/1243
f 2286/2292/1243 2285/2291/1244 2287/2293/1245
f 2285/2291/1244 2288/2294/1246 2287/2293/1245
f 2287/2293/1245 2288/2294/1246 2289/2295/1247
f 2290/2296/1240 2291/2297/1241 2292/2298/1248
f 2292/2298/1248 2291/2297/1241 2293/2299/1142
f 2291/2297/1241 2294/2300/1242 2293/2299/1142
f 2293/2299/1142 2294/2300/1242 2295/2301/1135
f 2294/2300/1242 2296/2302/1129 2295/2301/1135
f 2295/2301/1135 2296/2302/1129 2297/2303/1249
f 2298/2304/1127 2299/2305/1131 2300/2306/1128
f 2300/2306/1128 2299/2305/1131 2301/2307/1115
f 2299/2305/1131 2302/2308/1220 2301/2307/1115
f 2303/2309/1130 2304/2310/1140 2305/2311/1135
f 2305/2311/1135 2304/2310/1140 2306/2312/1250
f 2304/2310/1140 2307/2313/1139 2306/2312/1250
f 2308/2314/1166 2309/2315/1251 2310/2316/1164
f 2310/2316/1164 2309/2315/1251 2311/2317/1163
f 2309/2315/1251 2312/2318/1252 2311/2317/1163
f 2311/2317/1163 2312/2318/1252 2313/2319/1161
f 2312/2318/1252 2314/2320/1253 2313/2319/1161
f 2313/2319/1161 2314/2320/1253 2315/2321/1208
f 2316/2322/331 2317/2323/331 2318/2324/331
f 2318/2324/331 2317/2323/331 2319/2325/331
f 2317/2323/331 2320/2326/331 2319/2325/331
f 2319/2325/331 2320/2326/331 2321/2327/331
f 2322/2328/1156 2323/2329/1254 2324/2330/1255
f 2324/2330/1255 2323/2329/1254 2325/2331/1256
f 2323/2329/1254 2326/2332/1118 2325/2331/1256
f 2325/2331/1256 2326/2332/1118 2327/2333/1257
f 2328/2334/1258 2329/2335/1259 2330/2336/1126
f 2330/2336/1126 2329/2335/1259 2331/2337/1125
f 2329/2335/1259 2332/2338/1260 2331/2337/1125
f 2333/2339/331 2334/2340/1169 2335/2341/331
f 2335/2341/331 2334/2340/1169 2336/2342/1228
f 2334/2340/1169 2337/2343/1170 2336/2342/1228
f 2338/2344/1197 2339/2345/1198 2340/2346/1236
f 2340/2346/1236 2339/2345/1198 2341/2347/1238
f 2339/2345/1198 2342/2348/1261 2341/2347/1238
f 2341/2347/1238 2342/2348/1261 2343/2349/1189
f 2344/2350/1261 2345/2351/1198 2346/2352/1262
f 2346/2352/1262 2345/2351/1198 2347/2353/1104
f 2345/2351/1198 2348/2354/1263 2347/2353/1104
f 2347/2353/1104 2348/2354/1263 2349/2355/1105
f 2350/2356/1201 2351/2357/1226 2352/2358/1203
f 2352/2358/1203 2351/2357/1226 2353/2359/1196
f 2351/2357/1226 2354/2360/331 2353/2359/1196
usemtl mat0.232
f 2355/2361/1264 2356/2362/1265 2357/2363/1266
f 2358/2364/1267 2359/2365/1268 2360/2366/1269
f 2361/2367/331 2362/2368/331 2363/2369/331
f 2364/2370/331 2365/2371/331 2366/2372/331
f 2367/2373/1270 2368/2374/1271 2369/2375/1272
f 2370/2376/1273 2371/2377/331 2372/2378/1274
f 2373/2379/1275 2374/2380/1276 2375/2381/1277
f 2376/2382/1278 2377/2383/1279 2378/2384/1280
f 2379/2385/1281 2380/2386/1282 2381/2387/1283
f 2382/2388/1284 2383/2389/1285 2384/2390/1286
f 2385/2391/1268 2386/2392/1287 2387/2393/1288
f 2387/2393/1288 2386/2392/1287 2388/2394/1280
f 2389/2395/1289 2390/2396/1290 2391/2397/1291
f 2391/2397/1291 2390/2396/1290 2392/2398/1292
f 2393/2399/1293 2394/2400/1294 2395/2401/1295
f 2395/2401/1295 2394/2400/1294 2396/2402/1296
f 2397/2403/1293 2398/2404/1297 2399/2405/1298
f 2399/2405/1298 2398/2404/1297 2400/2406/1299
f 2401/2407/1300 2402/2408/1301 2403/2409/1302
f 2403/2409/1302 2402/2408/1301 2404/2410/1292
f 2405/2411/1303 2406/2412/1304 2407/2413/1302
f 2407/2413/1302 2406/2412/1304 2408/2414/1300
f 2409/2415/1305 2410/2416/1292 2411/2417/1285
f 2411/2417/1285 2410/2416/1292 2412/2418/1301
f 2413/2419/1291 2414/2420/1292 2415/2421/1288
f 2415/2421/1288 2414/2420/1292 2416/2422/1305
f 2417/2423/1300 2418/2424/1304 2419/2425/1306
f 2419/2425/1306 2418/2424/1304 2420/2426/1293
f 2421/2427/1285 2422/2428/1307 2423/2429/1308
f 2423/2429/1308 2422/2428/1307 2424/2430/1288
f 2425/2431/331 2426/2432/1282 2427/2433/1309
f 2427/2433/1309 2426/2432/1282 2428/2434/1281
f 2429/2435/1310 2430/2436/1311 2431/2437/1264
f 2431/2437/1264 2430/2436/1311 2432/2438/1312
f 2433/2439/331 2434/2440/331 2435/2441/331
f 2435/2441/331 2434/2440/331 2436/2442/331
f 2437/2443/229 2438/2444/229 2439/2445/229
f 2439/2445/229 2438/2444/229 2440/2446/229
f 2441/2447/1313 2442/2448/1314 2443/2449/1315
f 2443/2449/1315 2442/2448/1314 2444/2450/1264
f 2445/2451/1316 2446/2452/1317 2447/2453/1318
f 2447/2453/1318 2446/2452/1317 2448/2454/1319
f 2449/2455/1320 2450/2456/1321 2451/2457/1321
f 2451/2457/1321 2450/2456/1321 2452/2458/1322
f 2453/2459/331 2454/2460/331 2455/2461/331
f 2455/2461/331 2454/2460/331 2456/2462/331
f 2457/2463/1323 2458/2464/1310 2459/2465/1324
f 2459/2465/1324 2458/2464/1310 2460/2466/1325
f 2461/2467/1324 2462/2468/1325 2463/2469/1326
f 2463/2469/1326 2462/2468/1325 2464/2470/1156
f 2465/2471/1318 2466/2472/1327 2467/2473/1316
f 2467/2473/1316 2466/2472/1327 2468/2474/1156
f 2469/2475/1328 2470/2476/1298 2471/2477/1306
f 2471/2477/1306 2470/2476/1298 2472/2478/1329
f 2473/2479/1288 2474/2480/1307 2475/2481/1268
f 2475/2481/1268 2474/2480/1307 2476/2482/1330
f 2477/2483/1331 2478/2484/1332 2479/2485/1333
f 2479/2485/1333 2478/2484/1332 2480/2486/1334
f 2481/2487/1268 2482/2488/1267 2483/2489/1287
f 2483/2489/1287 2482/2488/1267 2484/2490/1335
f 2485/2491/1283 2486/2492/1336 2487/2493/331
f 2487/2493/331 2486/2492/1336 2488/2494/331
f 2489/2495/1281 2490/2496/1283 2491/2497/1337
f 2491/2497/1337 2490/2496/1283 2492/2498/1338
f 2493/2499/1339 2494/2500/1340 2495/2501/1340
f 2495/2501/1340 2494/2500/1340 2496/2502/1341
f 2497/2503/1342 2498/2504/1343 2499/2505/1344
f 2499/2505/1344 2498/2504/1343 2500/2506/1345
f 2501/2507/1346 2502/2508/1347 2503/2509/1347
f 2503/2509/1347 2502/2508/1347 2504/2510/1348
f 2505/2511/1349 2506/2512/1350 2507/2513/1350
f 2507/2513/1350 2506/2512/1350 2508/2514/1351
f 2509/2515/331 2510/2516/331 2511/2517/331
f 2511/2517/331 2510/2516/331 2512/2518/331
f 2513/2519/331 2514/2520/331 2515/2521/331
f 2515/2521/331 2514/2520/331 2516/2522/331
f 2517/2523/1352 2518/2524/1353 2519/2525/1354
f 2519/2525/1354 2518/2524/1353 2520/2526/1355
f 2521/2527/331 2522/2528/331 2523/2529/331
f 2523/2529/331 2522/2528/331 2524/2530/331
f 2525/2531/1356 2526/2532/1357 2527/2533/1357
f 2527/2533/1357 2526/2532/1357 2528/2534/1358
f 2529/2535/331 2530/2536/331 2531/2537/331
f 2531/2537/331 2530/2536/331 2532/2538/331
f 2533/2539/1359 2534/2540/1360 2535/2541/1361
f 2535/2541/1361 2534/2540/1360 2536/2542/1362
f 2537/2543/1332 2538/2544/1363 2539/2545/1364
f 2539/2545/1364 2538/2544/1363 2540/2546/1365
f 2541/2547/1366 2542/2548/1367 2543/2549/1368
f 2543/2549/1368 2542/2548/1367 2544/2550/1369
f 2545/2551/1370 2546/2552/1371 2547/2553/1372
f 2547/2553/1372 2546/2552/1371 2548/2554/1373
f 2549/2555/1374 2550/2556/1365 2551/2557/1359
f 2551/2557/1359 2550/2556/1365 2552/2558/1375
f 2553/2559/1370 2554/2560/1372 2555/2561/1375
f 2555/2561/1375 2554/2560/1372 2556/2562/1359
f 2557/2563/1273 2558/2564/1274 2559/2565/1376
f 2559/2565/1376 2558/2564/1274 2560/2566/1361
f 2561/2567/1377 2562/2568/1377 2563/2569/1378
f 2563/2569/1378 2562/2568/1377 2564/2570/1379
f 2565/2571/1378 2566/2572/1379 2567/2573/1380
f 2567/2573/1380 2566/2572/1379 2568/2574/1381
f 2569/2575/1382 2570/2576/1383 2571/2577/1375
f 2571/2577/1375 2570/2576/1383 2572/2578/1370
f 2573/2579/1329 2574/2580/1384 2575/2581/1385
f 2575/2581/1385 2574/2580/1384 2576/2582/1386
f 2577/2583/1132 2578/2584/1387 2579/2585/1388
f 2579/2585/1388 2578/2584/1387 2580/2586/1278
f 2581/2587/1370 2582/2588/1389 2583/2589/1390
f 2583/2589/1390 2582/2588/1389 2584/2590/1391
f 2585/2591/1375 2586/2592/1365 2587/2593/1382
f 2587/2593/1382 2586/2592/1365 2588/2594/1392
f 2589/2595/1359 2590/2596/1361 2591/2597/1393
f 2591/2597/1393 2590/2596/1361 2592/2598/1274
f 2593/2599/1394 2594/2600/1395 2595/2601/1395
f 2595/2601/1395 2594/2600/1395 2596/2602/1396
f 2597/2603/1359 2598/2604/1393 2599/2605/1374
f 2599/2605/1374 2598/2604/1393 2600/2606/1397
f 2601/2607/1397 2602/2608/1276 2603/2609/1374
f 2603/2609/1374 2602/2608/1276 2604/2610/1398
f 2605/2611/1333 2606/2612/1334 2607/2613/1399
f 2607/2613/1399 2606/2612/1334 2608/2614/1275
f 2606/2612/1334 2609/2615/1365 2608/2614/1275
f 2608/2614/1275 2609/2615/1365 2610/2616/1374
f 2611/2617/1370 2612/2618/1390 2613/2619/1400
f 2613/2619/1400 2612/2618/1390 2614/2620/1373
f 2612/2618/1390 2615/2621/1270 2614/2620/1373
f 2614/2620/1373 2615/2621/1270 2616/2622/1355
f 2615/2621/1270 2617/2623/1272 2616/2622/1355
f 2616/2622/1355 2617/2623/1272 2618/2624/1354
f 2617/2623/1272 2619/2625/1401 2618/2624/1354
f 2618/2624/1354 2619/2625/1401 2620/2626/1402
f 2621/2627/1296 2622/2628/1294 2623/2629/1403
f 2623/2629/1403 2622/2628/1294 2624/2630/1404
f 2622/2628/1294 2625/2631/1328 2624/2630/1404
f 2624/2630/1404 2625/2631/1328 2626/2632/1405
f 2627/2633/1403 2628/2634/1404 2629/2635/1289
f 2629/2635/1289 2628/2634/1404 2630/2636/1290
f 2628/2634/1404 2631/2637/1302 2630/2636/1290
f 2630/2636/1290 2631/2637/1302 2632/2638/1406
f 2633/2639/1403 2634/2640/1289 2635/2641/1132
f 2635/2641/1132 2634/2640/1289 2636/2642/1279
f 2634/2640/1289 2637/2643/1291 2636/2642/1279
f 2636/2642/1279 2637/2643/1291 2638/2644/1280
f 2637/2643/1291 2639/2645/1288 2638/2644/1280
f 2640/2646/331 2641/2647/331 2642/2648/331
f 2642/2648/331 2641/2647/331 2643/2649/331
f 2641/2647/331 2644/2650/331 2643/2649/331
f 2643/2649/331 2644/2650/331 2645/2651/331
f 2646/2652/1407 2647/2653/1408 2648/2654/1409
f 2648/2654/1409 2647/2653/1408 2649/2655/1410
f 2647/2653/1408 2650/2656/1344 2649/2655/1410
f 2649/2655/1410 2650/2656/1344 2651/2657/1345
f 2652/2658/331 2653/2659/331 2654/2660/331
f 2654/2660/331 2653/2659/331 2655/2661/331
f 2653/2659/331 2656/2662/331 2655/2661/331
f 2655/2661/331 2656/2662/331 2657/2663/331
f 2656/2662/331 2658/2664/331 2657/2663/331
f 2657/2663/331 2658/2664/331 2659/2665/331
f 2660/2666/1411 2661/2667/1412 2662/2668/1413
f 2662/2668/1413 2661/2667/1412 2663/2669/1414
f 2661/2667/1412 2664/2670/1415 2663/2669/1414
f 2665/2671/1416 2666/2672/1417 2667/2673/1418
f 2667/2673/1418 2666/2672/1417 2668/2674/1419
f 2666/2672/1417 2669/2675/1420 2668/2674/1419
f 2670/2676/1421 2671/2677/1353 2672/2678/1373
f 2672/2678/1373 2671/2677/1353 2673/2679/1422
f 2671/2677/1353 2674/2680/1352 2673/2679/1422
f 2675/2681/1423 2676/2682/1424 2677/2683/1422
f 2677/2683/1422 2676/2682/1424 2678/2684/1373
f 2676/2682/1424 2679/2685/1425 2678/2684/1373
f 2678/2684/1373 2679/2685/1425 2680/2686/1372
f 2679/2685/1425 2681/2687/1360 2680/2686/1372
f 2680/2686/1372 2681/2687/1360 2682/2688/1359
usemtl mat0.233
f 2683/2689/1426 2684/2690/1427 2685/2691/74
f 2686/2692/1428 2687/2693/1429 2688/2694/1430
f 2689/2695/1431 2690/2696/1432 2691/2697/1433
f 2692/2698/1434 2693/2699/1435 2694/2700/1436
f 2695/2701/1437 2696/2702/1438 2697/2703/1439
f 2698/2704/1440 2699/2705/1441 2700/2706/1442
f 2701/2707/1443 2702/2708/1444 2703/2709/1445
f 2703/2709/1445 2702/2708/1444 2704/2710/1428
f 2705/2711/74 2706/2712/1446 2707/2713/74
f 2707/2713/74 2706/2712/1446 2708/2714/1447
f 2709/2715/74 2710/2716/74 2711/2717/74
f 2711/2717/74 2710/2716/74 2712/2718/74
f 2713/2719/74 2714/2720/74 2715/2721/74
f 2715/2721/74 2714/2720/74 2716/2722/74
f 2717/2723/74 2718/2724/74 2719/2725/74
f 2719/2725/74 2718/2724/74 2720/2726/74
f 2721/2727/1448 2722/2728/1449 2723/2729/1450
f 2723/2729/1450 2722/2728/1449 2724/2730/1451
f 2725/2731/1452 2726/2732/1453 2727/2733/1448
f 2727/2733/1448 2726/2732/1453 2728/2734/1449
f 2729/2735/1454 2730/2736/1455 2731/2737/1456
f 2731/2737/1456 2730/2736/1455 2732/2738/1457
f 2733/2739/1458 2734/2740/1459 2735/2741/1460
f 2735/2741/1460 2734/2740/1459 2736/2742/1461
f 2737/2743/1429 2738/2744/1462 2739/2745/1463
f 2739/2745/1463 2738/2744/1462 2740/2746/1464
f 2741/2747/1465 2742/2748/1466 2743/2749/1467
f 2743/2749/1467 2742/2748/1466 2744/2750/1464
f 2745/2751/1427 2746/2752/1426 2747/2753/1468
f 2747/2753/1468 2746/2752/1426 2748/2754/1469
f 2749/2755/1431 2750/2756/1433 2751/2757/1470
f 2751/2757/1470 2750/2756/1433 2752/2758/1471
f 2753/2759/1472 2754/2760/1473 2755/2761/1474
f 2755/2761/1474 2754/2760/1473 2756/2762/1475
f 2757/2763/1476 2758/2764/1477 2759/2765/1474
f 2759/2765/1474 2758/2764/1477 2760/2766/1472
f 2761/2767/1478 2762/2768/1463 2763/2769/1479
f 2763/2769/1479 2762/2768/1463 2764/2770/1464
f 2765/2771/1447 2766/2772/1446 2767/2773/1480
f 2767/2773/1480 2766/2772/1446 2768/2774/1481
f 2769/2775/1482 2770/2776/1483 2771/2777/1484
f 2771/2777/1484 2770/2776/1483 2772/2778/1485
f 2773/2779/1428 2774/2780/1430 2775/2781/1445
f 2775/2781/1445 2774/2780/1430 2776/2782/1443
f 2777/2783/1465 2778/2784/1467 2779/2785/1484
f 2779/2785/1484 2778/2784/1467 2780/2786/1482
f 2781/2787/1486 2782/2788/1487 2783/2789/1441
f 2783/2789/1441 2782/2788/1487 2784/2790/1442
f 2785/2791/1440 2786/2792/1442 2787/2793/1435
f 2787/2793/1435 2786/2792/1442 2788/2794/1488
f 2789/2795/1489 2790/2796/1434 2791/2797/1490
f 2791/2797/1490 2790/2796/1434 2792/2798/1436
f 2793/2799/1491 2794/2800/1460 2795/2801/1492
f 2795/2801/1492 2794/2800/1460 2796/2802/1461
f 2797/2803/1493 2798/2804/1494 2799/2805/1495
f 2799/2805/1495 2798/2804/1494 2800/2806/1496
f 2801/2807/1497 2802/2808/1498 2803/2809/1438
f 2803/2809/1438 2802/2808/1498 2804/2810/1499
f 2805/2811/1500 2806/2812/1501 2807/2813/1495
f 2807/2813/1495 2806/2812/1501 2808/2814/1502
f 2806/2812/1501 2809/2815/1503 2808/2814/1502
f 2808/2814/1502 2809/2815/1503 2810/2816/1504
f 2811/2817/1467 2812/2818/1505 2813/2819/1482
f 2813/2819/1482 2812/2818/1505 2814/2820/1483
f 2812/2818/1505 2815/2821/1506 2814/2820/1483
f 2814/2820/1483 2815/2821/1506 2816/2822/1507
f 2817/2823/1452 2818/2824/1508 2819/2825/1453
f 2819/2825/1453 2818/2824/1508 2820/2826/1491
f 2818/2824/1508 2821/2827/1460 2820/2826/1491
f 2822/2828/1457 2823/2829/1509 2824/2830/1510
f 2824/2830/1510 2823/2829/1509 2825/2831/1511
f 2823/2829/1509 2826/2832/1512 2825/2831/1511
f 2827/2833/1513 2828/2834/1514 2829/2835/1475
f 2829/2835/1475 2828/2834/1514 2830/2836/1515
f 2828/2834/1514 2831/2837/1516 2830/2836/1515
f 2830/2836/1515 2831/2837/1516 2832/2838/1517
f 2833/2839/1431 2834/2840/1470 2835/2841/1518
f 2835/2841/1518 2834/2840/1470 2836/2842/1519
f 2834/2840/1470 2837/2843/1520 2836/2842/1519
f 2838/2844/1439 2839/2845/1487 2840/2846/1521
f 2840/2846/1521 2839/2845/1487 2841/2847/1522
f 2839/2845/1487 2842/2848/1486 2841/2847/1522
f 2843/2849/1523 2844/2850/1524 2845/2851/1444
f 2845/2851/1444 2844/2850/1524 2846/2852/1525
f 2844/2850/1524 2847/2853/1526 2846/2852/1525
f 2848/2854/1465 2849/2855/1527 2850/2856/1466
f 2850/2856/1466 2849/2855/1527 2851/2857/1464
f 2849/2855/1527 2852/2858/1479 2851/2857/1464
usemtl mat0.234
f 2853/2859/1528 2854/2860/1529 2855/2861/1530
f 2856/2862/1531 2857/2863/1532 2858/2864/1533
f 2859/2865/1534 2860/2866/1535 2861/2867/1536
f 2862/2868/1537 2863/2869/1538 2864/2870/1539
f 2865/2871/1540 2866/2872/1541 2867/2873/1542
f 2868/2874/1543 2869/2875/1544 2870/2876/1545
f 2871/2877/1546 2872/2878/1547 2873/2879/1548
f 2873/2879/1548 2872/2878/1547 2874/2880/1549
f 2875/2881/1550 2876/2882/1551 2877/2883/1552
f 2877/2883/1552 2876/2882/1551 2878/2884/1553
f 2879/2885/1554 2880/2886/1555 2881/2887/1556
f 2881/2887/1556 2880/2886/1555 2882/2888/1557
f 2883/2889/1528 2884/2890/1558 2885/2891/1559
f 2885/2891/1559 2884/2890/1558 2886/2892/1557
f 2887/2893/1560 2888/2894/1561 2889/2895/1562
f 2889/2895/1562 2888/2894/1561 2890/2896/1563
f 2891/2897/1564 2892/2898/1565 2893/2899/1566
f 2893/2899/1566 2892/2898/1565 2894/2900/1567
f 2895/2901/1568 2896/2902/1562 2897/2903/1569
f 2897/2903/1569 2896/2902/1562 2898/2904/1570
f 2899/2905/1571 2900/2906/1572 2901/2907/1560
f 2901/2907/1560 2900/2906/1572 2902/2908/1561
f 2903/2909/1573 2904/2910/1541 2905/2911/1574
f 2905/2911/1574 2904/2910/1541 2906/2912/1575
f 2907/2913/1576 2908/2914/1577 2909/2915/1578
f 2909/2915/1578 2908/2914/1577 2910/2916/1579
f 2911/2917/17 2912/2918/17 2913/2919/1580
f 2913/2919/1580 2912/2918/17 2914/2920/1581
f 2915/2921/1582 2916/2922/1583 2917/2923/1573
f 2917/2923/1573 2916/2922/1583 2918/2924/1584
f 2919/2925/1585 2920/2926/1586 2921/2927/1587
f 2921/2927/1587 2920/2926/1586 2922/2928/1588
f 2923/2929/1589 2924/2930/1535 2925/2931/1590
f 2925/2931/1590 2924/2930/1535 2926/2932/1549
f 2927/2933/1591 2928/2934/1592 2929/2935/1593
f 2929/2935/1593 2928/2934/1592 2930/2936/1544
f 2931/2937/1594 2932/2938/1595 2933/2939/1578
f 2933/2939/1578 2932/2938/1595 2934/2940/1596
f 2935/2941/1597 2936/2942/1580 2937/2943/1598
f 2937/2943/1598 2936/2942/1580 2938/2944/1581
f 2939/2945/1599 2940/2946/1600 2941/2947/1601
f 2941/2947/1601 2940/2946/1600 2942/2948/1602
f 2943/2949/1579 2944/2950/1577 2945/2951/1603
f 2945/2951/1603 2944/2950/1577 2946/2952/1576
f 2947/2953/1549 2948/2954/1536 2949/2955/1548
f 2949/2955/1548 2948/2954/1536 2950/2956/1546
f 2951/2957/1546 2952/2958/1600 2953/2959/1547
f 2953/2959/1547 2952/2958/1600 2954/2960/1599
f 2955/2961/1601 2956/2962/1604 2957/2963/1599
f 2957/2963/1599 2956/2962/1604 2958/2964/1547
f 2959/2965/1605 2960/2966/1606 2961/2967/1531
f 2961/2967/1531 2960/2966/1606 2962/2968/1532
f 2963/2969/1607 2964/2970/1545 2965/2971/1608
f 2965/2971/1608 2964/2970/1545 2966/2972/1609
f 2967/2973/1610 2968/2974/1611 2969/2975/1601
f 2969/2975/1601 2968/2974/1611 2970/2976/1604
f 2971/2977/1584 2972/2978/1583 2973/2979/1585
f 2973/2979/1585 2972/2978/1583 2974/2980/1586
f 2975/2981/1612 2976/2982/1613 2977/2983/1588
f 2977/2983/1588 2976/2982/1613 2978/2984/1587
f 2979/2985/1614 2980/2986/1592 2981/2987/1615
f 2981/2987/1615 2980/2986/1592 2982/2988/1616
f 2980/2986/1592 2983/2989/1591 2982/2988/1616
f 2984/2990/1549 2985/2991/1579 2986/2992/1590
f 2986/2992/1590 2985/2991/1579 2987/2993/1617
f 2985/2991/1579 2988/2994/1603 2987/2993/1617
f 2989/2995/17 2990/2996/17 2991/2997/17
f 2991/2997/17 2990/2996/17 2992/2998/17
f 2990/2996/17 2993/2999/17 2992/2998/17
f 2992/2998/17 2993/2999/17 2994/3000/17
f 2993/2999/17 2995/3001/17 2994/3000/17
f 2994/3000/17 2995/3001/17 2996/3002/17
f 2997/3003/1553 2998/3004/1618 2999/3005/1552
f 2999/3005/1552 2998/3004/1618 3000/3006/1619
f 2998/3004/1618 3001/3007/1620 3000/3006/1619
f 3000/3006/1619 3001/3007/1620 3002/3008/1621
f 3003/3009/1567 3004/3010/1565 3005/3011/1622
f 3005/3011/1622 3004/3010/1565 3006/3012/1623
f 3004/3010/1565 3007/3013/1551 3006/3012/1623
f 3008/3014/1624 3009/3015/1625 3010/3016/1626
f 3010/3016/1626 3009/3015/1625 3011/3017/1627
f 3009/3015/1625 3012/3018/17 3011/3017/1627
f 3013/3019/1628 3014/3020/1629 3015/3021/1630
f 3015/3021/1630 3014/3020/1629 3016/3022/1575
f 3014/3020/1629 3017/3023/1631 3016/3022/1575
f 3018/3024/1632 3019/3025/1614 3020/3026/1533
f 3020/3026/1533 3019/3025/1614 3021/3027/1633
f 3019/3025/1614 3022/3028/1615 3021/3027/1633
usemtl mat0.235
f 3023/3029/331 3024/3030/331 3025/3031/331
f 3026/3032/331 3027/3033/331 3028/3034/331
f 3028/3034/331 3027/3033/331 3029/3035/331
f 3027/3033/331 3030/3036/331 3029/3035/331
f 3029/3035/331 3030/3036/331 3031/3037/331
f 3030/3036/331 3032/3038/331 3031/3037/331
f 3033/3039/1634 3034/3040/1635 3035/3041/1636
f 3035/3041/1636 3034/3040/1635 3036/3042/1637
f 3034/3040/1635 3037/3043/1638 3036/3042/1637
f 3036/3042/1637 3037/3043/1638 3038/3044/1639
f 3037/3043/1638 3039/3045/1640 3038/3044/1639
f 3038/3044/1639 3039/3045/1640 3040/3046/1641
f 3039/3045/1640 3041/3047/1642 3040/3046/1641
f 3040/3046/1641 3041/3047/1642 3042/3048/1643
f 3041/3047/1642 3043/3049/1644 3042/3048/1643
f 3042/3048/1643 3043/3049/1644 3044/3050/1645
f 3043/3049/1644 3045/3051/1646 3044/3050/1645
f 3044/3050/1645 3045/3051/1646 3046/3052/1647
f 3045/3051/1646 3047/3053/1648 3046/3052/1647
f 3046/3052/1647 3047/3053/1648 3048/3054/1649
f 3047/3053/1648 3049/3055/1634 3048/3054/1649
f 3048/3054/1649 3049/3055/1634 3050/3056/1636
usemtl mat0.236
f 3051/3057/1650 3052/3058/1651 3053/3059/1652
f 3053/3059/1652 3052/3058/1651 3054/3060/1653
f 3055/3061/1651 3056/3062/1654 3057/3063/1653
f 3057/3063/1653 3056/3062/1654 3058/3064/1655
f 3056/3062/1654 3059/3065/1656 3058/3064/1655
f 3058/3064/1655 3059/3065/1656 3060/3066/1657
f 3059/3065/1656 3061/3067/1658 3060/3066/1657
f 3060/3066/1657 3061/3067/1658 3062/3068/1659
f 3061/3067/1658 3063/3069/1660 3062/3068/1659
f 3062/3068/1659 3063/3069/1660 3064/3070/1652
