# Blender v2.93.5 OBJ File: ''
# www.blender.org
mtllib New Harpus.mtl
o Mesh_0014.rip_Mesh_0014.rip_mesh0000.001
v -0.215312 -0.243750 0.603281
v -0.260000 -0.302656 0.548437
v -0.229531 -0.280313 0.503750
v -0.127969 -0.062969 0.668281
v -0.154375 -0.002031 0.668281
v -0.276250 -0.160469 0.599219
v -0.274219 -0.004063 0.582969
v -0.290469 -0.002031 0.617500
v -0.227500 -0.002031 0.643906
v -0.684531 -0.140156 0.182812
v -0.710938 -0.002031 0.117812
v -0.704844 -0.089375 0.085312
v -0.684531 -0.140156 -0.182813
v -0.591094 -0.343281 -0.231563
v -0.639844 -0.343281 -0.000000
v -0.522031 -0.002031 -0.505781
v -0.381875 -0.002031 -0.615469
v -0.351406 -0.188906 -0.609375
v -0.162500 0.111719 0.495625
v -0.148281 0.111719 0.452969
v -0.152344 0.264062 0.450938
v -0.237656 -0.004063 0.467187
v -0.162500 -0.004063 0.517969
v -0.162500 0.111719 0.495625
v -0.394062 0.195000 -0.180781
v -0.268125 0.467187 -0.065000
v -0.162500 0.499688 -0.176719
v 0.215312 -0.243750 0.603281
v 0.229531 -0.280313 0.503750
v 0.260000 -0.302656 0.548437
v 0.127969 -0.062969 0.668281
v 0.276250 -0.160469 0.599219
v 0.154375 -0.002031 0.668281
v -0.213281 0.270156 0.392031
v -0.207187 0.331094 0.390000
v -0.257969 0.365625 0.318906
v 0.075156 -0.107656 0.672344
v 0.048750 -0.164531 0.662187
v 0.121875 -0.184844 0.647969
v 0.170625 -0.002031 -0.704844
v 0.162500 -0.239687 -0.662188
v 0.140156 -0.199062 -0.566719
v 0.121875 -0.184844 0.647969
v 0.109687 -0.172656 0.589062
v 0.190937 -0.225469 0.552500
v 0.542344 -0.002031 0.477344
v 0.467187 -0.002031 0.550469
v 0.444844 -0.091406 0.552500
v 0.225469 0.107656 0.455000
v 0.239687 0.113750 0.353438
v 0.188906 0.274219 0.394063
v 0.215312 -0.694687 -0.000000
v 0.215312 -0.647969 0.239687
v 0.093437 -0.704844 0.162500
v 0.162500 0.111719 0.495625
v 0.152344 0.264062 0.450938
v 0.148281 0.111719 0.452969
v 0.288437 0.130000 0.343281
v 0.331094 0.109687 0.288438
v 0.331094 0.310781 0.219375
v 0.000000 -0.030469 -0.499687
v 0.000000 0.233594 -0.402187
v 0.418437 -0.028437 -0.288437
v 0.394062 0.195000 -0.180781
v 0.134062 0.566719 0.298594
v 0.000000 0.497656 0.493594
v 0.119844 0.424531 0.487500
v 0.105625 0.383906 0.540313
v 0.000000 0.645937 0.233594
v 0.142187 0.603281 0.107656
v 0.000000 0.647969 0.087344
v 0.000000 0.613437 -0.054844
v 0.162500 0.499688 -0.176719
v 0.142187 0.603281 0.107656
v 0.268125 0.467187 -0.065000
v 0.268125 0.485469 0.067031
v 0.000000 0.353437 0.576875
v 0.097500 0.325000 0.556563
v 0.000000 0.414375 0.562656
v 0.105625 0.383906 0.540313
v 0.142187 0.603281 0.107656
v 0.000000 0.645937 0.233594
v 0.134062 0.566719 0.298594
v 0.000000 0.603281 0.363594
v 0.442812 -0.016250 0.156406
v 0.369687 0.164531 0.199063
v 0.260000 -0.004063 0.337187
v 0.239687 0.113750 0.353438
v 0.225469 0.402187 0.296563
v 0.188906 0.274219 0.394063
v 0.369687 0.164531 0.199063
v 0.239687 0.113750 0.353438
v 0.260000 -0.004063 0.337187
v 0.239687 0.113750 0.353438
v 0.237656 -0.004063 0.467187
v 0.225469 0.107656 0.455000
v 0.162500 -0.004063 0.517969
v 0.162500 0.111719 0.495625
v 0.152344 -0.004063 0.467187
v 0.148281 0.111719 0.452969
v 0.000000 0.538281 -0.197031
v 0.000000 0.613437 -0.054844
v 0.162500 0.499688 -0.176719
v 0.142187 0.603281 0.107656
v 0.109687 0.123906 0.457031
v 0.152344 0.203125 0.444844
v 0.077187 0.127969 0.509844
v 0.085313 0.192969 0.515938
v 0.024375 0.154375 0.536250
v 0.000000 0.140156 0.546406
v 0.077187 0.127969 0.509844
v 0.000000 0.062969 0.511875
v 0.077187 0.127969 0.509844
v 0.085313 0.192969 0.515938
v 0.024375 0.154375 0.536250
v 0.000000 0.209219 0.536250
v 0.000000 -0.130000 0.497656
v 0.162500 -0.119844 0.483437
v 0.000000 0.002031 0.481406
v 0.158437 -0.002031 0.483437
v 0.000000 0.264062 0.408281
v 0.000000 0.002031 0.481406
v 0.162500 0.264062 0.436719
v 0.158437 -0.002031 0.483437
v -0.105625 0.383906 0.540313
v 0.000000 0.414375 0.562656
v 0.000000 0.497656 0.493594
v 0.105625 0.383906 0.540313
v 0.192969 -0.582969 -0.209219
v 0.444844 -0.463125 -0.000000
v 0.190937 -0.619531 -0.000000
v 0.192969 -0.578906 0.217344
v 0.150312 -0.536250 0.329062
v 0.186875 -0.465156 0.416406
v 0.000000 -0.536250 0.365625
v 0.000000 -0.463125 0.461094
v 0.524062 -0.302656 0.217344
v 0.404219 -0.459063 0.217344
v 0.444844 -0.463125 -0.000000
v 0.192969 -0.578906 0.217344
v 0.235625 -0.282344 0.528125
v 0.146250 -0.329063 0.546406
v 0.186875 -0.465156 0.416406
v 0.000000 -0.463125 0.461094
v 0.568750 -0.079219 -0.298594
v 0.489531 -0.079219 -0.410312
v 0.585000 -0.002031 -0.274219
v 0.457031 -0.002031 -0.455000
v 0.587031 -0.002031 0.268125
v 0.483437 -0.002031 0.428594
v 0.564687 -0.081250 0.298594
v 0.489531 -0.081250 0.404219
v 0.000000 0.140156 0.546406
v 0.024375 0.154375 0.536250
v 0.000000 0.158437 0.562656
v 0.000000 0.209219 0.536250
v 0.637812 -0.079219 0.077187
v 0.637812 -0.079219 -0.077188
v 0.635781 -0.002031 0.105625
v 0.635781 -0.002031 -0.111719
v 0.327031 -0.201094 0.520000
v 0.162500 -0.168594 0.609375
v 0.235625 -0.282344 0.528125
v 0.146250 -0.329063 0.546406
v 0.000000 -0.199062 -0.566719
v 0.140156 -0.199062 -0.566719
v 0.000000 -0.239687 -0.682500
v 0.162500 -0.239687 -0.662188
v 0.140156 -0.199062 -0.566719
v 0.000000 -0.199062 -0.566719
v 0.140156 -0.002031 -0.572812
v 0.000000 -0.002031 -0.572812
v 0.635781 -0.002031 -0.111719
v 0.154375 -0.002031 0.471250
v 0.635781 -0.002031 0.105625
v 0.587031 -0.002031 0.268125
v 0.154375 -0.002031 0.471250
v 0.635781 -0.002031 -0.111719
v 0.000000 -0.002031 -0.483437
v 0.000000 -0.002031 -0.572812
v 0.457031 -0.002031 -0.455000
v 0.000000 -0.002031 -0.572812
v 0.585000 -0.002031 -0.274219
v 0.635781 -0.002031 -0.111719
v 0.528125 -0.304687 -0.207188
v 0.444844 -0.463125 -0.000000
v 0.408281 -0.459062 -0.209219
v 0.192969 -0.582969 -0.209219
v 0.528125 -0.304687 -0.207188
v 0.574844 -0.308750 -0.000000
v 0.444844 -0.463125 -0.000000
v 0.524062 -0.302656 0.217344
v 0.420469 -0.002031 0.489531
v 0.274219 -0.004063 0.582969
v 0.400156 -0.081250 0.493594
v 0.327031 -0.201094 0.520000
v -0.146250 -0.329063 0.546406
v 0.000000 -0.463125 0.461094
v 0.000000 -0.329063 0.564687
v 0.146250 -0.329063 0.546406
v 0.343281 -0.002031 -0.546406
v 0.170625 0.166563 -0.589062
v 0.152344 -0.002031 -0.621562
v 0.146250 0.166563 -0.597187
v 0.000000 -0.597188 0.410312
v 0.000000 -0.704844 0.186875
v 0.164531 -0.597188 0.371719
v 0.093437 -0.704844 0.162500
v 0.207187 -0.515938 0.465156
v 0.164531 -0.597188 0.371719
v 0.215312 -0.647969 0.239687
v 0.093437 -0.704844 0.162500
v 0.000000 -0.729219 -0.000000
v 0.093437 -0.704844 -0.162500
v 0.215312 -0.694687 -0.000000
v 0.215312 -0.652031 -0.231563
v 0.207187 -0.515938 0.465156
v 0.215312 -0.647969 0.239687
v 0.363594 -0.515938 0.363594
v 0.450937 -0.515938 0.239687
v 0.552500 -0.190938 0.424531
v 0.444844 -0.365625 0.444844
v 0.587031 -0.343281 0.239687
v 0.450937 -0.515938 0.239687
v 0.629687 -0.089375 -0.333125
v 0.552500 -0.188906 -0.424531
v 0.544375 -0.089375 -0.457031
v 0.522031 -0.002031 -0.505781
v 0.331094 0.046719 -0.635781
v 0.170625 -0.002031 -0.704844
v 0.192969 0.184844 -0.674375
v 0.164531 0.184844 -0.680469
v 0.215312 -0.652031 -0.231563
v 0.093437 -0.704844 -0.162500
v 0.000000 -0.704844 -0.186875
v 0.000000 -0.729219 -0.000000
v 0.215312 -0.694687 -0.000000
v 0.093437 -0.704844 0.162500
v 0.000000 -0.729219 -0.000000
v 0.000000 -0.704844 0.186875
v 0.684531 -0.140156 0.182812
v 0.639844 -0.343281 -0.000000
v 0.702812 -0.190937 -0.000000
v 0.684531 -0.140156 -0.182813
v 0.552500 -0.188906 -0.424531
v 0.591094 -0.343281 -0.231563
v 0.544375 -0.365625 -0.314844
v 0.455000 -0.515937 -0.231563
v 0.000000 -0.704844 -0.186875
v 0.000000 -0.631719 -0.363594
v 0.215312 -0.652031 -0.231563
v 0.221406 -0.515937 -0.450938
v 0.710938 -0.002031 0.117812
v 0.656094 -0.002031 0.302656
v 0.684531 -0.140156 0.182812
v 0.629687 -0.091406 0.333125
v 0.000000 -0.150313 0.631719
v 0.000000 -0.329063 0.564687
v 0.162500 -0.168594 0.609375
v 0.146250 -0.329063 0.546406
v 0.215312 -0.694687 -0.000000
v 0.215312 -0.652031 -0.231563
v 0.190937 -0.619531 -0.000000
v 0.192969 -0.582969 -0.209219
v 0.150312 -0.536250 0.329062
v 0.164531 -0.597188 0.371719
v 0.186875 -0.465156 0.416406
v 0.207187 -0.515938 0.465156
v 0.524062 -0.302656 0.217344
v 0.587031 -0.343281 0.239687
v 0.404219 -0.459063 0.217344
v 0.450937 -0.515938 0.239687
v 0.489531 -0.079219 -0.410312
v 0.544375 -0.089375 -0.457031
v 0.457031 -0.002031 -0.455000
v 0.522031 -0.002031 -0.505781
v 0.170625 -0.002031 -0.704844
v 0.140156 -0.199062 -0.566719
v 0.152344 -0.002031 -0.621562
v 0.140156 -0.002031 -0.572812
v 0.489531 -0.081250 0.404219
v 0.550469 -0.091406 0.448906
v 0.564687 -0.081250 0.298594
v 0.629687 -0.091406 0.333125
v 0.704844 -0.089375 0.085312
v 0.704844 -0.089375 -0.083281
v 0.637812 -0.079219 0.077187
v 0.637812 -0.079219 -0.077188
v 0.146250 0.166563 -0.597187
v 0.164531 0.184844 -0.680469
v 0.152344 -0.002031 -0.621562
v 0.170625 -0.002031 -0.704844
v 0.170625 0.166563 -0.589062
v 0.192969 0.184844 -0.674375
v 0.146250 0.166563 -0.597187
v 0.164531 0.184844 -0.680469
v 0.207187 -0.515938 0.465156
v 0.262031 -0.310781 0.591094
v 0.186875 -0.465156 0.416406
v 0.235625 -0.282344 0.528125
v 0.235625 -0.282344 0.528125
v 0.262031 -0.310781 0.591094
v 0.327031 -0.201094 0.520000
v 0.365625 -0.225469 0.578906
v 0.585000 -0.002031 -0.274219
v 0.654062 -0.002031 -0.306719
v 0.568750 -0.079219 -0.298594
v 0.629687 -0.089375 -0.333125
v 0.343281 -0.002031 -0.546406
v 0.331094 0.046719 -0.635781
v 0.170625 0.166563 -0.589062
v 0.192969 0.184844 -0.674375
v 0.528125 -0.304687 -0.207188
v 0.408281 -0.459062 -0.209219
v 0.591094 -0.343281 -0.231563
v 0.455000 -0.515937 -0.231563
v 0.400156 -0.081250 0.493594
v 0.327031 -0.201094 0.520000
v 0.444844 -0.091406 0.552500
v 0.365625 -0.225469 0.578906
v 0.656094 -0.002031 0.302656
v 0.710938 -0.002031 0.117812
v 0.587031 -0.002031 0.268125
v 0.635781 -0.002031 0.105625
v 0.710938 -0.002031 -0.123906
v 0.654062 -0.002031 -0.306719
v 0.635781 -0.002031 -0.111719
v 0.585000 -0.002031 -0.274219
v 0.467187 -0.002031 0.550469
v 0.542344 -0.002031 0.477344
v 0.420469 -0.002031 0.489531
v 0.483437 -0.002031 0.428594
v 0.400156 -0.081250 0.493594
v 0.444844 -0.091406 0.552500
v 0.420469 -0.002031 0.489531
v 0.467187 -0.002031 0.550469
v 0.489531 -0.081250 0.404219
v 0.483437 -0.002031 0.428594
v 0.550469 -0.091406 0.448906
v 0.542344 -0.002031 0.477344
v 0.637812 -0.079219 0.077187
v 0.635781 -0.002031 0.105625
v 0.704844 -0.089375 0.085312
v 0.710938 -0.002031 0.117812
v 0.637812 -0.079219 -0.077188
v 0.704844 -0.089375 -0.083281
v 0.635781 -0.002031 -0.111719
v 0.710938 -0.002031 -0.123906
v 0.564687 -0.081250 0.298594
v 0.629687 -0.091406 0.333125
v 0.587031 -0.002031 0.268125
v 0.656094 -0.002031 0.302656
v 0.192969 -0.578906 0.217344
v 0.215312 -0.647969 0.239687
v 0.190937 -0.619531 -0.000000
v 0.215312 -0.694687 -0.000000
v 0.192969 -0.582969 -0.209219
v 0.215312 -0.652031 -0.231563
v 0.408281 -0.459062 -0.209219
v 0.455000 -0.515937 -0.231563
v 0.524062 -0.302656 0.217344
v 0.574844 -0.308750 -0.000000
v 0.587031 -0.343281 0.239687
v 0.639844 -0.343281 -0.000000
v 0.528125 -0.304687 -0.207188
v 0.591094 -0.343281 -0.231563
v 0.574844 -0.308750 -0.000000
v 0.639844 -0.343281 -0.000000
v 0.568750 -0.079219 -0.298594
v 0.629687 -0.089375 -0.333125
v 0.489531 -0.079219 -0.410312
v 0.544375 -0.089375 -0.457031
v 0.215312 -0.647969 0.239687
v 0.192969 -0.578906 0.217344
v 0.450937 -0.515938 0.239687
v 0.404219 -0.459063 0.217344
v 0.450937 -0.515938 0.239687
v 0.444844 -0.365625 0.444844
v 0.363594 -0.515938 0.363594
v 0.207187 -0.515938 0.465156
v 0.207187 -0.515938 0.465156
v 0.444844 -0.365625 0.444844
v 0.262031 -0.310781 0.591094
v 0.365625 -0.225469 0.578906
v 0.629687 -0.089375 -0.333125
v 0.654062 -0.002031 -0.306719
v 0.684531 -0.140156 -0.182813
v 0.710938 -0.002031 -0.123906
v 0.260000 -0.302656 0.548437
v 0.276250 -0.160469 0.599219
v 0.215312 -0.243750 0.603281
v 0.121875 -0.184844 0.647969
v 0.290469 -0.002031 0.617500
v 0.227500 -0.002031 0.643906
v 0.276250 -0.160469 0.599219
v 0.154375 -0.002031 0.668281
v 0.290469 -0.002031 0.617500
v 0.276250 -0.160469 0.599219
v 0.412344 -0.170625 0.505781
v 0.260000 -0.302656 0.548437
v 0.000000 -0.162500 0.666250
v 0.048750 -0.164531 0.662187
v 0.000000 -0.121875 0.674375
v 0.075156 -0.107656 0.672344
v 0.075156 -0.107656 0.672344
v 0.121875 -0.184844 0.647969
v 0.127969 -0.062969 0.668281
v 0.276250 -0.160469 0.599219
v 0.121875 -0.184844 0.647969
v 0.190937 -0.225469 0.552500
v 0.215312 -0.243750 0.603281
v 0.229531 -0.280313 0.503750
v 0.227500 -0.002031 0.643906
v 0.154375 -0.002031 0.605312
v 0.154375 -0.002031 0.668281
v 0.140156 -0.002031 0.609375
v 0.117812 -0.058906 0.611406
v 0.127969 -0.062969 0.668281
v 0.140156 -0.002031 0.609375
v 0.154375 -0.002031 0.668281
v 0.000000 -0.111719 0.615469
v 0.000000 -0.121875 0.674375
v 0.069063 -0.099531 0.613437
v 0.075156 -0.107656 0.672344
v 0.042656 -0.152344 0.605312
v 0.048750 -0.164531 0.662187
v 0.000000 -0.152344 0.607344
v 0.000000 -0.162500 0.666250
v 0.109687 -0.172656 0.589062
v 0.121875 -0.184844 0.647969
v 0.042656 -0.152344 0.605312
v 0.048750 -0.164531 0.662187
v 0.069063 -0.099531 0.613437
v 0.075156 -0.107656 0.672344
v 0.117812 -0.058906 0.611406
v 0.127969 -0.062969 0.668281
v 0.290469 -0.002031 0.617500
v 0.412344 -0.170625 0.505781
v 0.274219 -0.004063 0.582969
v 0.377812 -0.154375 0.461094
v 0.154375 -0.002031 0.605312
v 0.127969 -0.067031 0.607344
v 0.140156 -0.002031 0.609375
v 0.117812 -0.058906 0.611406
v 0.075156 -0.109688 0.611406
v 0.069063 -0.099531 0.613437
v 0.127969 -0.067031 0.607344
v 0.117812 -0.058906 0.611406
v 0.000000 -0.111719 0.615469
v 0.069063 -0.099531 0.613437
v 0.000000 -0.123906 0.615469
v 0.075156 -0.109688 0.611406
v -0.213281 0.199062 0.375781
v -0.233594 0.203125 0.379844
v -0.268125 0.132031 0.339219
v -0.288437 0.130000 0.343281
v -0.178750 0.270156 0.396094
v -0.213281 0.270156 0.392031
v -0.213281 0.199062 0.375781
v -0.233594 0.203125 0.379844
v -0.178750 0.337187 0.383906
v -0.207187 0.331094 0.390000
v -0.178750 0.270156 0.396094
v -0.213281 0.270156 0.392031
v 0.150312 -0.536250 0.329062
v 0.000000 -0.536250 0.365625
v 0.164531 -0.597188 0.371719
v 0.000000 -0.597188 0.410312
v 0.000000 0.280312 0.546406
v 0.000000 0.209219 0.536250
v 0.087344 0.276250 0.528125
v 0.085313 0.192969 0.515938
v -0.457031 0.253906 0.010156
v -0.444844 0.182812 0.103594
v -0.331094 0.310781 0.219375
v -0.331094 0.109687 0.288438
v -0.434687 0.450937 -0.091406
v -0.444844 0.367656 -0.067031
v -0.331094 0.310781 0.219375
v -0.457031 0.253906 0.010156
v -0.331094 0.310781 0.219375
v -0.349375 0.416406 0.148281
v -0.434687 0.450937 -0.091406
v -0.412344 0.520000 -0.101562
v -0.213281 0.270156 0.392031
v -0.257969 0.365625 0.318906
v -0.331094 0.310781 0.219375
v -0.349375 0.416406 0.148281
v -0.406250 0.459062 -0.091406
v -0.310781 0.316875 0.148281
v -0.426562 0.363594 -0.065000
v -0.438750 0.257969 0.010156
v -0.268125 0.132031 0.339219
v -0.288437 0.130000 0.343281
v -0.320937 0.103594 0.280313
v -0.331094 0.109687 0.288438
v -0.438750 0.257969 0.010156
v -0.310781 0.316875 0.148281
v -0.426562 0.186875 0.091406
v -0.320937 0.103594 0.280313
v 0.000000 0.062969 0.511875
v -0.077187 0.127969 0.509844
v -0.054844 0.079219 0.467187
v -0.109687 0.123906 0.457031
v 0.000000 0.353437 0.576875
v 0.000000 0.414375 0.562656
v -0.097500 0.325000 0.556563
v -0.105625 0.383906 0.540313
v 0.000000 0.645937 0.233594
v 0.000000 0.647969 0.087344
v -0.142187 0.603281 0.107656
v 0.000000 0.613437 -0.054844
v -0.268125 0.485469 0.067031
v -0.142187 0.603281 0.107656
v -0.268125 0.467187 -0.065000
v -0.162500 0.499688 -0.176719
v -0.394062 0.195000 -0.180781
v -0.162500 0.499688 -0.176719
v 0.000000 0.233594 -0.402187
v 0.000000 0.538281 -0.197031
v 0.000000 0.538281 -0.197031
v -0.162500 0.499688 -0.176719
v 0.000000 0.613437 -0.054844
v -0.142187 0.603281 0.107656
v -0.501719 -0.024375 -0.077188
v -0.442812 -0.016250 0.156406
v -0.438750 0.180781 0.010156
v -0.369687 0.164531 0.199063
v -0.225469 0.402187 0.296563
v -0.369687 0.164531 0.199063
v -0.188906 0.274219 0.394063
v -0.239687 0.113750 0.353438
v -0.237656 -0.004063 0.467187
v -0.162500 0.111719 0.495625
v -0.225469 0.107656 0.455000
v -0.152344 0.264062 0.450938
v -0.438750 0.180781 0.010156
v -0.369687 0.164531 0.199063
v -0.268125 0.485469 0.067031
v -0.225469 0.402187 0.296563
v -0.142187 0.603281 0.107656
v -0.268125 0.485469 0.067031
v -0.134062 0.566719 0.298594
v -0.225469 0.402187 0.296563
v -0.268125 0.485469 0.067031
v -0.268125 0.467187 -0.065000
v -0.438750 0.180781 0.010156
v -0.394062 0.195000 -0.180781
v 0.000000 0.280312 0.546406
v -0.097500 0.325000 0.556563
v -0.087344 0.276250 0.528125
v -0.152344 0.264062 0.450938
v -0.148281 0.111719 0.452969
v -0.162500 0.111719 0.495625
v -0.152344 -0.004063 0.467187
v -0.162500 -0.004063 0.517969
v 0.000000 0.140156 0.546406
v 0.000000 0.158437 0.562656
v -0.024375 0.154375 0.536250
v 0.000000 0.209219 0.536250
v -0.024375 0.154375 0.536250
v -0.077187 0.127969 0.509844
v 0.000000 0.140156 0.546406
v 0.000000 0.062969 0.511875
v -0.134062 0.566719 0.298594
v -0.225469 0.402187 0.296563
v -0.119844 0.424531 0.487500
v -0.152344 0.264062 0.450938
v -0.158437 -0.002031 0.483437
v -0.162500 -0.119844 0.483437
v 0.000000 0.002031 0.481406
v 0.000000 -0.130000 0.497656
v -0.158437 -0.002031 0.483437
v 0.000000 0.002031 0.481406
v -0.162500 0.264062 0.436719
v 0.000000 0.264062 0.408281
v -0.192969 -0.582969 -0.209219
v -0.190937 -0.619531 -0.000000
v -0.444844 -0.463125 -0.000000
v -0.192969 -0.578906 0.217344
v 0.000000 -0.463125 0.461094
v -0.186875 -0.465156 0.416406
v 0.000000 -0.536250 0.365625
v -0.150312 -0.536250 0.329062
v -0.524062 -0.302656 0.217344
v -0.444844 -0.463125 -0.000000
v -0.404219 -0.459063 0.217344
v -0.192969 -0.578906 0.217344
v -0.235625 -0.282344 0.528125
v -0.186875 -0.465156 0.416406
v -0.146250 -0.329063 0.546406
v 0.000000 -0.463125 0.461094
v -0.568750 -0.079219 -0.298594
v -0.585000 -0.002031 -0.274219
v -0.489531 -0.079219 -0.410312
v -0.457031 -0.002031 -0.455000
v -0.489531 -0.081250 0.404219
v -0.483437 -0.002031 0.428594
v -0.564687 -0.081250 0.298594
v -0.587031 -0.002031 0.268125
v -0.635781 -0.002031 -0.111719
v -0.637812 -0.079219 -0.077188
v -0.635781 -0.002031 0.105625
v -0.637812 -0.079219 0.077187
v -0.146250 -0.329063 0.546406
v 0.000000 -0.329063 0.564687
v -0.162500 -0.168594 0.609375
v 0.000000 -0.150313 0.631719
v -0.146250 -0.329063 0.546406
v -0.162500 -0.168594 0.609375
v -0.235625 -0.282344 0.528125
v -0.327031 -0.201094 0.520000
v 0.000000 -0.123906 0.615469
v 0.000000 -0.123906 0.485469
v -0.075156 -0.109688 0.611406
v -0.075156 -0.111719 0.481406
v -0.075156 -0.109688 0.611406
v -0.075156 -0.111719 0.481406
v -0.127969 -0.067031 0.607344
v -0.127969 -0.067031 0.475312
v -0.127969 -0.067031 0.607344
v -0.127969 -0.067031 0.475312
v -0.154375 -0.002031 0.605312
v -0.154375 -0.002031 0.471250
v -0.420469 -0.002031 0.489531
v -0.154375 -0.002031 0.471250
v -0.483437 -0.002031 0.428594
v -0.587031 -0.002031 0.268125
v -0.162500 -0.239687 -0.662188
v -0.140156 -0.199062 -0.566719
v 0.000000 -0.239687 -0.682500
v 0.000000 -0.199062 -0.566719
v 0.000000 -0.002031 -0.572812
v 0.000000 -0.199062 -0.566719
v -0.140156 -0.002031 -0.572812
v -0.140156 -0.199062 -0.566719
v -0.635781 -0.002031 -0.111719
v -0.635781 -0.002031 0.105625
v -0.154375 -0.002031 0.471250
v -0.587031 -0.002031 0.268125
v -0.154375 -0.002031 0.471250
v 0.000000 -0.002031 -0.483437
v -0.635781 -0.002031 -0.111719
v 0.000000 -0.002031 -0.572812
v -0.457031 -0.002031 -0.455000
v -0.140156 -0.002031 -0.572812
v -0.343281 -0.002031 -0.546406
v -0.152344 -0.002031 -0.621562
v -0.528125 -0.304687 -0.207188
v -0.408281 -0.459062 -0.209219
v -0.444844 -0.463125 -0.000000
v -0.192969 -0.582969 -0.209219
v -0.528125 -0.304687 -0.207188
v -0.444844 -0.463125 -0.000000
v -0.574844 -0.308750 -0.000000
v -0.524062 -0.302656 0.217344
v -0.420469 -0.002031 0.489531
v -0.400156 -0.081250 0.493594
v -0.274219 -0.004063 0.582969
v -0.327031 -0.201094 0.520000
v -0.343281 -0.002031 -0.546406
v -0.152344 -0.002031 -0.621562
v -0.170625 0.166563 -0.589062
v -0.146250 0.166563 -0.597187
v -0.093437 -0.704844 0.162500
v 0.000000 -0.704844 0.186875
v -0.164531 -0.597188 0.371719
v 0.000000 -0.597188 0.410312
v -0.207187 -0.515938 0.465156
v -0.215312 -0.647969 0.239687
v -0.164531 -0.597188 0.371719
v -0.093437 -0.704844 0.162500
v 0.000000 -0.729219 -0.000000
v -0.215312 -0.694687 -0.000000
v -0.093437 -0.704844 -0.162500
v -0.215312 -0.652031 -0.231563
v -0.207187 -0.515938 0.465156
v -0.363594 -0.515938 0.363594
v -0.215312 -0.647969 0.239687
v -0.450937 -0.515938 0.239687
v 0.000000 -0.239687 -0.682500
v 0.000000 -0.365625 -0.629688
v -0.162500 -0.365625 -0.609375
v 0.000000 -0.515937 -0.513906
v -0.591094 -0.343281 -0.231563
v -0.684531 -0.140156 -0.182813
v -0.552500 -0.188906 -0.424531
v -0.629687 -0.089375 -0.333125
v -0.629687 -0.089375 -0.333125
v -0.544375 -0.089375 -0.457031
v -0.552500 -0.188906 -0.424531
v -0.522031 -0.002031 -0.505781
v -0.162500 -0.239687 -0.662188
v -0.351406 -0.188906 -0.609375
v -0.170625 -0.002031 -0.704844
v -0.381875 -0.002031 -0.615469
v -0.684531 -0.140156 0.182812
v -0.704844 -0.089375 0.085312
v -0.702812 -0.190937 -0.000000
v -0.704844 -0.089375 -0.083281
v -0.215312 -0.652031 -0.231563
v 0.000000 -0.704844 -0.186875
v -0.093437 -0.704844 -0.162500
v 0.000000 -0.729219 -0.000000
v -0.351406 -0.188906 -0.609375
v -0.162500 -0.239687 -0.662188
v -0.162500 -0.365625 -0.609375
v 0.000000 -0.239687 -0.682500
v -0.552500 -0.188906 -0.424531
v -0.544375 -0.365625 -0.314844
v -0.591094 -0.343281 -0.231563
v -0.455000 -0.515937 -0.231563
v 0.000000 -0.704844 -0.186875
v -0.215312 -0.652031 -0.231563
v 0.000000 -0.631719 -0.363594
v -0.221406 -0.515937 -0.450938
v -0.639844 -0.343281 -0.000000
v -0.587031 -0.343281 0.239687
v -0.684531 -0.140156 0.182812
v -0.552500 -0.190938 0.424531
v -0.192969 -0.582969 -0.209219
v -0.215312 -0.652031 -0.231563
v -0.190937 -0.619531 -0.000000
v -0.215312 -0.694687 -0.000000
v 0.000000 -0.597188 0.410312
v 0.000000 -0.536250 0.365625
v -0.164531 -0.597188 0.371719
v -0.150312 -0.536250 0.329062
v -0.207187 -0.515938 0.465156
v -0.164531 -0.597188 0.371719
v -0.186875 -0.465156 0.416406
v -0.150312 -0.536250 0.329062
v -0.450937 -0.515938 0.239687
v -0.587031 -0.343281 0.239687
v -0.404219 -0.459063 0.217344
v -0.524062 -0.302656 0.217344
v -0.522031 -0.002031 -0.505781
v -0.544375 -0.089375 -0.457031
v -0.457031 -0.002031 -0.455000
v -0.489531 -0.079219 -0.410312
v -0.522031 -0.002031 -0.505781
v -0.457031 -0.002031 -0.455000
v -0.381875 -0.002031 -0.615469
v -0.343281 -0.002031 -0.546406
v -0.629687 -0.091406 0.333125
v -0.550469 -0.091406 0.448906
v -0.564687 -0.081250 0.298594
v -0.489531 -0.081250 0.404219
v -0.637812 -0.079219 -0.077188
v -0.704844 -0.089375 -0.083281
v -0.637812 -0.079219 0.077187
v -0.704844 -0.089375 0.085312
v -0.170625 -0.002031 -0.704844
v -0.164531 0.184844 -0.680469
v -0.152344 -0.002031 -0.621562
v -0.146250 0.166563 -0.597187
v -0.164531 0.184844 -0.680469
v -0.192969 0.184844 -0.674375
v -0.146250 0.166563 -0.597187
v -0.170625 0.166563 -0.589062
v -0.235625 -0.282344 0.528125
v -0.262031 -0.310781 0.591094
v -0.186875 -0.465156 0.416406
v -0.207187 -0.515938 0.465156
v -0.365625 -0.225469 0.578906
v -0.262031 -0.310781 0.591094
v -0.327031 -0.201094 0.520000
v -0.235625 -0.282344 0.528125
v -0.629687 -0.089375 -0.333125
v -0.654062 -0.002031 -0.306719
v -0.568750 -0.079219 -0.298594
v -0.585000 -0.002031 -0.274219
v -0.455000 -0.515937 -0.231563
v -0.408281 -0.459062 -0.209219
v -0.591094 -0.343281 -0.231563
v -0.528125 -0.304687 -0.207188
v -0.365625 -0.225469 0.578906
v -0.327031 -0.201094 0.520000
v -0.444844 -0.091406 0.552500
v -0.400156 -0.081250 0.493594
v -0.635781 -0.002031 0.105625
v -0.710938 -0.002031 0.117812
v -0.587031 -0.002031 0.268125
v -0.656094 -0.002031 0.302656
v -0.585000 -0.002031 -0.274219
v -0.654062 -0.002031 -0.306719
v -0.635781 -0.002031 -0.111719
v -0.710938 -0.002031 -0.123906
v -0.483437 -0.002031 0.428594
v -0.542344 -0.002031 0.477344
v -0.420469 -0.002031 0.489531
v -0.467187 -0.002031 0.550469
v -0.467187 -0.002031 0.550469
v -0.444844 -0.091406 0.552500
v -0.420469 -0.002031 0.489531
v -0.400156 -0.081250 0.493594
v -0.542344 -0.002031 0.477344
v -0.483437 -0.002031 0.428594
v -0.550469 -0.091406 0.448906
v -0.489531 -0.081250 0.404219
v -0.710938 -0.002031 0.117812
v -0.635781 -0.002031 0.105625
v -0.704844 -0.089375 0.085312
v -0.637812 -0.079219 0.077187
v -0.710938 -0.002031 -0.123906
v -0.704844 -0.089375 -0.083281
v -0.635781 -0.002031 -0.111719
v -0.637812 -0.079219 -0.077188
v -0.656094 -0.002031 0.302656
v -0.629687 -0.091406 0.333125
v -0.587031 -0.002031 0.268125
v -0.564687 -0.081250 0.298594
v -0.215312 -0.694687 -0.000000
v -0.215312 -0.647969 0.239687
v -0.190937 -0.619531 -0.000000
v -0.192969 -0.578906 0.217344
v -0.455000 -0.515937 -0.231563
v -0.215312 -0.652031 -0.231563
v -0.408281 -0.459062 -0.209219
v -0.192969 -0.582969 -0.209219
v -0.639844 -0.343281 -0.000000
v -0.574844 -0.308750 -0.000000
v -0.587031 -0.343281 0.239687
v -0.524062 -0.302656 0.217344
v -0.639844 -0.343281 -0.000000
v -0.591094 -0.343281 -0.231563
v -0.574844 -0.308750 -0.000000
v -0.528125 -0.304687 -0.207188
v -0.544375 -0.089375 -0.457031
v -0.629687 -0.089375 -0.333125
v -0.489531 -0.079219 -0.410312
v -0.568750 -0.079219 -0.298594
v -0.404219 -0.459063 0.217344
v -0.192969 -0.578906 0.217344
v -0.450937 -0.515938 0.239687
v -0.215312 -0.647969 0.239687
v -0.450937 -0.515938 0.239687
v -0.363594 -0.515938 0.363594
v -0.444844 -0.365625 0.444844
v -0.207187 -0.515938 0.465156
v -0.207187 -0.515938 0.465156
v -0.262031 -0.310781 0.591094
v -0.444844 -0.365625 0.444844
v -0.365625 -0.225469 0.578906
v -0.629687 -0.089375 -0.333125
v -0.684531 -0.140156 -0.182813
v -0.654062 -0.002031 -0.306719
v -0.710938 -0.002031 -0.123906
v -0.260000 -0.302656 0.548437
v -0.215312 -0.243750 0.603281
v -0.276250 -0.160469 0.599219
v -0.121875 -0.184844 0.647969
v -0.290469 -0.002031 0.617500
v -0.276250 -0.160469 0.599219
v -0.227500 -0.002031 0.643906
v -0.154375 -0.002031 0.668281
v -0.290469 -0.002031 0.617500
v -0.412344 -0.170625 0.505781
v -0.276250 -0.160469 0.599219
v -0.260000 -0.302656 0.548437
v 0.000000 -0.162500 0.666250
v 0.000000 -0.121875 0.674375
v -0.048750 -0.164531 0.662187
v -0.075156 -0.107656 0.672344
v -0.290469 -0.002031 0.617500
v -0.274219 -0.004063 0.582969
v -0.412344 -0.170625 0.505781
v -0.377812 -0.154375 0.461094
v -0.117812 -0.058906 0.611406
v -0.127969 -0.067031 0.607344
v -0.140156 -0.002031 0.609375
v -0.154375 -0.002031 0.605312
v -0.075156 -0.109688 0.611406
v -0.127969 -0.067031 0.607344
v -0.069063 -0.099531 0.613437
v -0.117812 -0.058906 0.611406
v 0.000000 -0.111719 0.615469
v 0.000000 -0.123906 0.615469
v -0.069063 -0.099531 0.613437
v -0.075156 -0.109688 0.611406
v 0.119844 0.424531 0.487500
v 0.105625 0.383906 0.540313
v 0.152344 0.264062 0.450938
v 0.097500 0.325000 0.556563
v -0.054844 0.079219 0.467187
v 0.000000 0.058906 0.477344
v 0.000000 0.062969 0.511875
v 0.054844 0.079219 0.467187
v 0.438750 0.257969 0.010156
v 0.426562 0.186875 0.091406
v 0.310781 0.316875 0.148281
v 0.320937 0.103594 0.280313
v 0.087344 0.276250 0.528125
v 0.085313 0.192969 0.515938
v 0.152344 0.264062 0.450938
v 0.152344 0.203125 0.444844
v 0.000000 0.062969 0.511875
v 0.054844 0.079219 0.467187
v 0.077187 0.127969 0.509844
v 0.109687 0.123906 0.457031
v 0.178750 0.270156 0.396094
v 0.178750 0.337187 0.383906
v 0.310781 0.316875 0.148281
v 0.300625 0.412344 0.132031
v 0.444844 0.367656 -0.067031
v 0.426562 0.363594 -0.065000
v 0.434687 0.450937 -0.091406
v 0.406250 0.459062 -0.091406
v 0.288437 0.130000 0.343281
v 0.331094 0.310781 0.219375
v 0.233594 0.203125 0.379844
v 0.213281 0.270156 0.392031
v 0.412344 0.520000 -0.101562
v 0.349375 0.416406 0.148281
v 0.434687 0.450937 -0.091406
v 0.331094 0.310781 0.219375
v 0.310781 0.316875 0.148281
v 0.300625 0.412344 0.132031
v 0.406250 0.459062 -0.091406
v 0.404219 0.522031 -0.101562
v 0.406250 0.459062 -0.091406
v 0.426562 0.363594 -0.065000
v 0.310781 0.316875 0.148281
v 0.438750 0.257969 0.010156
v 0.426562 0.186875 0.091406
v 0.444844 0.182812 0.103594
v 0.320937 0.103594 0.280313
v 0.331094 0.109687 0.288438
v 0.434687 0.450937 -0.091406
v 0.331094 0.310781 0.219375
v 0.444844 0.367656 -0.067031
v 0.457031 0.253906 0.010156
v 0.457031 0.253906 0.010156
v 0.331094 0.310781 0.219375
v 0.444844 0.182812 0.103594
v 0.331094 0.109687 0.288438
v 0.434687 0.450937 -0.091406
v 0.406250 0.459062 -0.091406
v 0.412344 0.520000 -0.101562
v 0.404219 0.522031 -0.101562
v 0.444844 0.182812 0.103594
v 0.426562 0.186875 0.091406
v 0.457031 0.253906 0.010156
v 0.438750 0.257969 0.010156
v 0.457031 0.253906 0.010156
v 0.438750 0.257969 0.010156
v 0.444844 0.367656 -0.067031
v 0.426562 0.363594 -0.065000
v -0.300625 0.412344 0.132031
v -0.257969 0.365625 0.318906
v -0.178750 0.337187 0.383906
v -0.207187 0.331094 0.390000
v -0.331094 0.109687 0.288438
v -0.444844 0.182812 0.103594
v -0.320937 0.103594 0.280313
v -0.426562 0.186875 0.091406
v 0.412344 0.520000 -0.101562
v 0.404219 0.522031 -0.101562
v 0.349375 0.416406 0.148281
v 0.300625 0.412344 0.132031
v -0.444844 0.182812 0.103594
v -0.457031 0.253906 0.010156
v -0.426562 0.186875 0.091406
v -0.438750 0.257969 0.010156
v -0.444844 0.367656 -0.067031
v -0.426562 0.363594 -0.065000
v -0.434687 0.450937 -0.091406
v -0.406250 0.459062 -0.091406
v -0.412344 0.520000 -0.101562
v -0.404219 0.522031 -0.101562
v 0.207187 0.331094 0.390000
v 0.257969 0.365625 0.318906
v 0.178750 0.337187 0.383906
v 0.300625 0.412344 0.132031
v 0.349375 0.416406 0.148281
v 0.349375 0.416406 0.148281
v 0.257969 0.365625 0.318906
v 0.331094 0.310781 0.219375
v 0.213281 0.270156 0.392031
v 0.207187 0.331094 0.390000
v 0.000000 0.538281 -0.197031
v 0.162500 0.499688 -0.176719
v 0.000000 0.233594 -0.402187
v 0.394062 0.195000 -0.180781
v 0.268125 0.467187 -0.065000
v 0.501719 -0.024375 -0.077188
v 0.438750 0.180781 0.010156
v 0.442812 -0.016250 0.156406
v 0.369687 0.164531 0.199063
v 0.268125 0.485469 0.067031
v 0.225469 0.402187 0.296563
v 0.225469 0.402187 0.296563
v 0.152344 0.264062 0.450938
v 0.188906 0.274219 0.394063
v 0.225469 0.107656 0.455000
v 0.162500 0.111719 0.495625
v 0.237656 -0.004063 0.467187
v 0.162500 -0.004063 0.517969
v 0.142187 0.603281 0.107656
v 0.134062 0.566719 0.298594
v 0.268125 0.485469 0.067031
v 0.225469 0.402187 0.296563
v 0.119844 0.424531 0.487500
v 0.152344 0.264062 0.450938
v 0.268125 0.485469 0.067031
v 0.438750 0.180781 0.010156
v 0.268125 0.467187 -0.065000
v 0.394062 0.195000 -0.180781
v 0.501719 -0.024375 -0.077188
v 0.418437 -0.028437 -0.288437
v 0.152344 0.264062 0.450938
v 0.097500 0.325000 0.556563
v 0.087344 0.276250 0.528125
v 0.000000 0.280312 0.546406
v 0.000000 0.353437 0.576875
v -0.097500 0.325000 0.556563
v 0.134062 0.566719 0.298594
v 0.000000 0.603281 0.363594
v 0.000000 0.497656 0.493594
v -0.134062 0.566719 0.298594
v 0.000000 0.645937 0.233594
v -0.142187 0.603281 0.107656
v 0.000000 -0.123906 0.615469
v 0.075156 -0.109688 0.611406
v 0.000000 -0.123906 0.485469
v 0.075156 -0.111719 0.481406
v 0.127969 -0.067031 0.607344
v 0.127969 -0.067031 0.475312
v 0.154375 -0.002031 0.605312
v 0.154375 -0.002031 0.471250
v 0.587031 -0.002031 0.268125
v 0.154375 -0.002031 0.471250
v 0.483437 -0.002031 0.428594
v 0.420469 -0.002031 0.489531
v 0.274219 -0.004063 0.582969
v 0.154375 -0.002031 0.605312
v 0.227500 -0.002031 0.643906
v 0.154375 -0.002031 0.471250
v 0.274219 -0.004063 0.582969
v 0.290469 -0.002031 0.617500
v 0.152344 -0.002031 -0.621562
v 0.140156 -0.002031 -0.572812
v 0.343281 -0.002031 -0.546406
v 0.457031 -0.002031 -0.455000
v 0.000000 -0.002031 -0.572812
v 0.455000 -0.515937 -0.231563
v 0.379844 -0.365625 -0.495625
v 0.544375 -0.365625 -0.314844
v 0.552500 -0.188906 -0.424531
v 0.351406 -0.188906 -0.609375
v 0.522031 -0.002031 -0.505781
v 0.381875 -0.002031 -0.615469
v 0.000000 -0.631719 -0.363594
v 0.000000 -0.515937 -0.513906
v 0.221406 -0.515937 -0.450938
v 0.162500 -0.365625 -0.609375
v 0.000000 -0.365625 -0.629688
v 0.000000 -0.239687 -0.682500
v 0.629687 -0.089375 -0.333125
v 0.684531 -0.140156 -0.182813
v 0.552500 -0.188906 -0.424531
v 0.591094 -0.343281 -0.231563
v 0.639844 -0.343281 -0.000000
v 0.000000 -0.239687 -0.682500
v 0.162500 -0.239687 -0.662188
v 0.162500 -0.365625 -0.609375
v 0.351406 -0.188906 -0.609375
v 0.170625 -0.002031 -0.704844
v 0.381875 -0.002031 -0.615469
v 0.331094 0.046719 -0.635781
v 0.550469 -0.091406 0.448906
v 0.552500 -0.190938 0.424531
v 0.629687 -0.091406 0.333125
v 0.684531 -0.140156 0.182812
v 0.587031 -0.343281 0.239687
v 0.639844 -0.343281 -0.000000
v 0.710938 -0.002031 -0.123906
v 0.704844 -0.089375 -0.083281
v 0.684531 -0.140156 -0.182813
v 0.702812 -0.190937 -0.000000
v 0.704844 -0.089375 0.085312
v 0.684531 -0.140156 0.182812
v 0.710938 -0.002031 0.117812
v 0.444844 -0.365625 0.444844
v 0.552500 -0.190938 0.424531
v 0.365625 -0.225469 0.578906
v 0.444844 -0.091406 0.552500
v 0.550469 -0.091406 0.448906
v 0.542344 -0.002031 0.477344
v 0.215312 -0.652031 -0.231563
v 0.221406 -0.515937 -0.450938
v 0.455000 -0.515937 -0.231563
v 0.379844 -0.365625 -0.495625
v 0.162500 -0.365625 -0.609375
v 0.351406 -0.188906 -0.609375
v 0.522031 -0.002031 -0.505781
v 0.381875 -0.002031 -0.615469
v 0.457031 -0.002031 -0.455000
v 0.343281 -0.002031 -0.546406
v 0.331094 0.046719 -0.635781
v -0.412344 0.520000 -0.101562
v -0.349375 0.416406 0.148281
v -0.404219 0.522031 -0.101562
v -0.300625 0.412344 0.132031
v -0.257969 0.365625 0.318906
v 0.178750 0.337187 0.383906
v 0.178750 0.270156 0.396094
v 0.207187 0.331094 0.390000
v 0.213281 0.270156 0.392031
v 0.213281 0.199062 0.375781
v 0.233594 0.203125 0.379844
v 0.268125 0.132031 0.339219
v 0.288437 0.130000 0.343281
v 0.320937 0.103594 0.280313
v 0.331094 0.109687 0.288438
v -0.178750 0.270156 0.396094
v -0.310781 0.316875 0.148281
v -0.178750 0.337187 0.383906
v -0.300625 0.412344 0.132031
v -0.406250 0.459062 -0.091406
v -0.404219 0.522031 -0.101562
v -0.213281 0.270156 0.392031
v -0.331094 0.310781 0.219375
v -0.233594 0.203125 0.379844
v -0.288437 0.130000 0.343281
v -0.331094 0.109687 0.288438
v 0.000000 0.280312 0.546406
v -0.087344 0.276250 0.528125
v 0.000000 0.209219 0.536250
v -0.085313 0.192969 0.515938
v -0.152344 0.264062 0.450938
v -0.152344 0.203125 0.444844
v -0.097500 0.325000 0.556563
v -0.105625 0.383906 0.540313
v -0.152344 0.264062 0.450938
v -0.119844 0.424531 0.487500
v 0.000000 0.497656 0.493594
v -0.134062 0.566719 0.298594
v 0.000000 -0.030469 -0.499687
v -0.418437 -0.028437 -0.288437
v 0.000000 0.233594 -0.402187
v -0.394062 0.195000 -0.180781
v -0.501719 -0.024375 -0.077188
v -0.438750 0.180781 0.010156
v -0.442812 -0.016250 0.156406
v -0.260000 -0.004063 0.337187
v -0.369687 0.164531 0.199063
v -0.239687 0.113750 0.353438
v -0.237656 -0.004063 0.467187
v -0.225469 0.107656 0.455000
v -0.225469 0.402187 0.296563
v -0.188906 0.274219 0.394063
v -0.152344 0.264062 0.450938
v -0.225469 0.107656 0.455000
v -0.239687 0.113750 0.353438
v 0.000000 0.209219 0.536250
v -0.085313 0.192969 0.515938
v -0.024375 0.154375 0.536250
v -0.077187 0.127969 0.509844
v -0.152344 0.203125 0.444844
v -0.109687 0.123906 0.457031
v -0.140156 -0.002031 0.609375
v -0.154375 -0.002031 0.605312
v -0.154375 -0.002031 0.668281
v -0.227500 -0.002031 0.643906
v -0.154375 -0.002031 0.471250
v -0.274219 -0.004063 0.582969
v -0.420469 -0.002031 0.489531
v -0.635781 -0.002031 -0.111719
v 0.000000 -0.002031 -0.572812
v -0.585000 -0.002031 -0.274219
v -0.457031 -0.002031 -0.455000
v -0.140156 -0.002031 -0.572812
v -0.215312 -0.652031 -0.231563
v -0.455000 -0.515937 -0.231563
v -0.221406 -0.515937 -0.450938
v -0.379844 -0.365625 -0.495625
v -0.544375 -0.365625 -0.314844
v -0.552500 -0.188906 -0.424531
v -0.450937 -0.515938 0.239687
v -0.444844 -0.365625 0.444844
v -0.587031 -0.343281 0.239687
v -0.552500 -0.190938 0.424531
v -0.365625 -0.225469 0.578906
v -0.444844 -0.091406 0.552500
v 0.000000 -0.631719 -0.363594
v -0.221406 -0.515937 -0.450938
v 0.000000 -0.515937 -0.513906
v -0.162500 -0.365625 -0.609375
v -0.379844 -0.365625 -0.495625
v -0.351406 -0.188906 -0.609375
v -0.552500 -0.188906 -0.424531
v -0.522031 -0.002031 -0.505781
v -0.550469 -0.091406 0.448906
v -0.629687 -0.091406 0.333125
v -0.552500 -0.190938 0.424531
v -0.684531 -0.140156 0.182812
v -0.656094 -0.002031 0.302656
v -0.710938 -0.002031 0.117812
v -0.164531 0.184844 -0.680469
v -0.170625 -0.002031 -0.704844
v -0.192969 0.184844 -0.674375
v -0.331094 0.046719 -0.635781
v -0.381875 -0.002031 -0.615469
v 0.000000 -0.704844 0.186875
v -0.093437 -0.704844 0.162500
v 0.000000 -0.729219 -0.000000
v -0.215312 -0.694687 -0.000000
v -0.215312 -0.647969 0.239687
v -0.710938 -0.002031 -0.123906
v -0.684531 -0.140156 -0.182813
v -0.704844 -0.089375 -0.083281
v -0.702812 -0.190937 -0.000000
v -0.639844 -0.343281 -0.000000
v -0.684531 -0.140156 0.182812
v -0.552500 -0.190938 0.424531
v -0.444844 -0.091406 0.552500
v -0.550469 -0.091406 0.448906
v -0.542344 -0.002031 0.477344
v -0.467187 -0.002031 0.550469
v -0.140156 -0.002031 -0.572812
v -0.140156 -0.199062 -0.566719
v -0.152344 -0.002031 -0.621562
v -0.170625 -0.002031 -0.704844
v -0.162500 -0.239687 -0.662188
v -0.192969 0.184844 -0.674375
v -0.331094 0.046719 -0.635781
v -0.170625 0.166563 -0.589062
v -0.343281 -0.002031 -0.546406
v -0.381875 -0.002031 -0.615469
v -0.276250 -0.160469 0.599219
v -0.121875 -0.184844 0.647969
v -0.127969 -0.062969 0.668281
v -0.075156 -0.107656 0.672344
v -0.048750 -0.164531 0.662187
v -0.229531 -0.280313 0.503750
v -0.190937 -0.225469 0.552500
v -0.215312 -0.243750 0.603281
v -0.121875 -0.184844 0.647969
v -0.109687 -0.172656 0.589062
v 0.000000 -0.111719 0.615469
v -0.069063 -0.099531 0.613437
v 0.000000 -0.121875 0.674375
v -0.075156 -0.107656 0.672344
v -0.117812 -0.058906 0.611406
v -0.127969 -0.062969 0.668281
v -0.140156 -0.002031 0.609375
v -0.154375 -0.002031 0.668281
v -0.109687 -0.172656 0.589062
v -0.042656 -0.152344 0.605312
v -0.121875 -0.184844 0.647969
v -0.048750 -0.164531 0.662187
v 0.000000 -0.152344 0.607344
v 0.000000 -0.162500 0.666250
v -0.138125 0.611927 0.342591
v -0.308750 0.557083 0.318216
v -0.308750 0.479895 0.429935
v -0.308750 0.557083 0.318216
v -0.308750 0.615989 0.186185
v -0.278281 0.530677 0.202435
v 0.000000 -0.251354 -0.675065
v -0.162500 -0.251354 -0.654753
v -0.170625 -0.015729 -0.697409
v -0.308750 0.615989 -0.169284
v -0.127969 0.687083 -0.120534
v -0.138125 0.613958 -0.325690
v 0.000000 -0.226979 -0.606003
v -0.154375 -0.017761 -0.622253
v -0.146250 -0.229011 -0.587722
v -0.138125 0.555052 -0.232253
v -0.278281 0.530677 -0.183503
v -0.276250 0.404739 -0.394753
v 0.308750 0.615989 0.186185
v 0.278281 0.530677 0.202435
v 0.278281 0.563177 0.009466
v 0.308750 0.557083 0.318216
v 0.278281 0.530677 0.202435
v 0.308750 0.615989 0.186185
v 0.000000 -0.251354 -0.675065
v 0.170625 -0.015729 -0.697409
v 0.162500 -0.251354 -0.654753
v 0.000000 -0.226979 -0.606003
v 0.146250 -0.229011 -0.587722
v 0.154375 -0.017761 -0.622253
v 0.000000 0.498177 -0.506471
v 0.000000 0.613958 -0.356159
v 0.132031 0.498177 -0.488190
v 0.138125 0.613958 -0.325690
v 0.000000 0.711458 0.009466
v 0.127969 0.687083 -0.120534
v 0.000000 0.687083 -0.179440
v 0.138125 0.613958 -0.325690
v 0.308750 0.615989 0.186185
v 0.308750 0.636302 0.009466
v 0.127969 0.685052 0.137435
v 0.186875 0.685052 0.009466
v 0.186875 0.685052 0.009466
v 0.308750 0.636302 0.009466
v 0.127969 0.687083 -0.120534
v 0.308750 0.615989 -0.169284
v 0.000000 0.173177 -0.693347
v 0.170625 -0.015729 -0.697409
v 0.000000 -0.015729 -0.719753
v 0.000000 -0.251354 -0.675065
v 0.160469 0.313333 -0.616159
v 0.164531 0.173177 -0.673034
v 0.000000 0.173177 -0.693347
v 0.170625 -0.015729 -0.697409
v -0.160469 0.313333 -0.616159
v 0.000000 0.347864 -0.622253
v 0.000000 0.173177 -0.693347
v 0.160469 0.313333 -0.616159
v -0.138125 0.611927 0.342591
v 0.000000 0.611927 0.373060
v 0.000000 0.685052 0.198372
v 0.138125 0.611927 0.342591
v -0.138125 0.613958 -0.325690
v 0.000000 0.687083 -0.179440
v 0.000000 0.613958 -0.356159
v 0.138125 0.613958 -0.325690
v 0.000000 0.264583 0.586341
v 0.125937 0.341770 0.527435
v 0.000000 0.297083 0.657435
v 0.154375 0.388489 0.584310
v 0.278281 0.530677 0.202435
v 0.308750 0.557083 0.318216
v 0.278281 0.431145 0.375091
v 0.308750 0.479895 0.429935
v 0.278281 0.431145 0.375091
v 0.308750 0.479895 0.429935
v 0.125937 0.341770 0.527435
v 0.154375 0.388489 0.584310
v 0.154375 -0.017761 -0.622253
v 0.170625 -0.015729 -0.697409
v 0.148281 0.136614 -0.603972
v 0.164531 0.173177 -0.673034
v 0.148281 0.136614 -0.603972
v 0.164531 0.173177 -0.673034
v 0.144219 0.276771 -0.553190
v 0.160469 0.313333 -0.616159
v 0.146250 -0.229011 -0.587722
v 0.162500 -0.251354 -0.654753
v 0.154375 -0.017761 -0.622253
v 0.170625 -0.015729 -0.697409
v 0.000000 -0.226979 -0.606003
v 0.000000 -0.251354 -0.675065
v 0.146250 -0.229011 -0.587722
v 0.162500 -0.251354 -0.654753
v 0.000000 0.264583 0.586341
v 0.000000 0.443333 0.470560
v 0.125937 0.341770 0.527435
v 0.278281 0.431145 0.375091
v 0.138125 0.611927 0.342591
v 0.000000 0.611927 0.373060
v 0.132031 0.496145 0.505091
v 0.000000 0.496145 0.523372
v 0.127969 0.685052 0.137435
v 0.138125 0.611927 0.342591
v 0.308750 0.615989 0.186185
v 0.308750 0.557083 0.318216
v -0.278281 0.530677 -0.183503
v -0.138125 0.555052 -0.232253
v -0.278281 0.563177 0.009466
v 0.000000 0.636302 0.009466
v -0.278281 0.563177 0.009466
v -0.140156 0.553020 0.249154
v -0.278281 0.530677 0.202435
v -0.278281 0.431145 0.375091
v -0.160469 0.313333 -0.616159
v -0.132031 0.498177 -0.488190
v 0.000000 0.347864 -0.622253
v 0.000000 0.498177 -0.506471
v -0.138125 0.613958 -0.325690
v 0.000000 0.613958 -0.356159
v -0.132031 0.498177 -0.488190
v 0.000000 0.498177 -0.506471
v 0.000000 0.711458 0.009466
v 0.000000 0.687083 -0.179440
v -0.127969 0.687083 -0.120534
v -0.138125 0.613958 -0.325690
v -0.127969 0.687083 -0.120534
v -0.186875 0.685052 0.009466
v 0.000000 0.711458 0.009466
v -0.127969 0.685052 0.137435
v -0.308750 0.615989 0.186185
v -0.127969 0.685052 0.137435
v -0.308750 0.636302 0.009466
v -0.186875 0.685052 0.009466
v -0.186875 0.685052 0.009466
v -0.127969 0.687083 -0.120534
v -0.308750 0.636302 0.009466
v -0.308750 0.615989 -0.169284
v -0.138125 0.611927 0.342591
v -0.308750 0.479895 0.429935
v -0.132031 0.496145 0.505091
v -0.154375 0.388489 0.584310
v -0.154375 0.388489 0.584310
v -0.125937 0.341770 0.527435
v 0.000000 0.297083 0.657435
v 0.000000 0.264583 0.586341
v -0.160469 0.313333 -0.616159
v -0.144219 0.276771 -0.553190
v -0.308750 0.449427 -0.445534
v -0.276250 0.404739 -0.394753
v -0.308750 0.479895 0.429935
v -0.308750 0.557083 0.318216
v -0.278281 0.431145 0.375091
v -0.278281 0.530677 0.202435
v -0.308750 0.449427 -0.445534
v -0.276250 0.404739 -0.394753
v -0.308750 0.559114 -0.299284
v -0.278281 0.530677 -0.183503
v -0.278281 0.563177 0.009466
v -0.308750 0.615989 -0.169284
v -0.278281 0.530677 -0.183503
v -0.308750 0.559114 -0.299284
v -0.154375 0.388489 0.584310
v -0.308750 0.479895 0.429935
v -0.125937 0.341770 0.527435
v -0.278281 0.431145 0.375091
v -0.162500 -0.251354 -0.654753
v 0.000000 -0.251354 -0.675065
v -0.146250 -0.229011 -0.587722
v 0.000000 -0.226979 -0.606003
v 0.000000 0.264583 0.586341
v -0.125937 0.341770 0.527435
v 0.000000 0.443333 0.470560
v -0.278281 0.431145 0.375091
v 0.138125 0.613958 -0.325690
v 0.308750 0.449427 -0.445534
v 0.132031 0.498177 -0.488190
v 0.160469 0.313333 -0.616159
v 0.000000 0.498177 -0.506471
v 0.132031 0.498177 -0.488190
v 0.000000 0.347864 -0.622253
v 0.160469 0.313333 -0.616159
v 0.278281 0.431145 0.375091
v 0.140156 0.553020 0.249154
v 0.278281 0.530677 0.202435
v 0.278281 0.563177 0.009466
v 0.276250 0.404739 -0.394753
v 0.000000 0.311302 -0.559284
v 0.144219 0.276771 -0.553190
v 0.000000 0.154896 -0.624284
v 0.144219 0.276771 -0.553190
v 0.000000 0.154896 -0.624284
v 0.148281 0.136614 -0.603972
v 0.000000 -0.013698 -0.646628
v 0.148281 0.136614 -0.603972
v 0.000000 -0.013698 -0.646628
v 0.154375 -0.017761 -0.622253
v 0.000000 -0.226979 -0.606003
v 0.000000 0.636302 0.009466
v 0.000000 0.581458 -0.240378
v 0.138125 0.555052 -0.232253
v 0.000000 0.447396 -0.455690
v -0.278281 0.563177 0.009466
v 0.000000 0.636302 0.009466
v -0.140156 0.553020 0.249154
v 0.000000 0.581458 0.257279
v 0.000000 0.581458 0.257279
v 0.000000 0.443333 0.470560
v -0.140156 0.553020 0.249154
v -0.278281 0.431145 0.375091
v 0.000000 0.581458 0.257279
v 0.140156 0.553020 0.249154
v 0.000000 0.443333 0.470560
v 0.278281 0.431145 0.375091
v 0.000000 -0.226979 -0.606003
v 0.000000 -0.013698 -0.646628
v -0.154375 -0.017761 -0.622253
v -0.148281 0.136614 -0.603972
v 0.000000 0.154896 -0.624284
v -0.144219 0.276771 -0.553190
v 0.000000 0.311302 -0.559284
v -0.276250 0.404739 -0.394753
v 0.000000 0.447396 -0.455690
v -0.138125 0.555052 -0.232253
v 0.000000 0.581458 -0.240378
v 0.000000 0.636302 0.009466
v 0.000000 0.581458 0.257279
v 0.000000 0.636302 0.009466
v 0.140156 0.553020 0.249154
v 0.278281 0.563177 0.009466
v 0.138125 0.555052 -0.232253
v 0.278281 0.530677 -0.183503
v 0.000000 0.297083 0.657435
v 0.154375 0.388489 0.584310
v 0.000000 0.496145 0.523372
v 0.132031 0.496145 0.505091
v 0.308750 0.479895 0.429935
v 0.138125 0.611927 0.342591
v 0.308750 0.557083 0.318216
v 0.138125 0.611927 0.342591
v 0.127969 0.685052 0.137435
v 0.000000 0.685052 0.198372
v 0.000000 0.711458 0.009466
v 0.186875 0.685052 0.009466
v 0.127969 0.687083 -0.120534
v 0.308750 0.449427 -0.445534
v 0.138125 0.613958 -0.325690
v 0.308750 0.559114 -0.299284
v 0.308750 0.615989 -0.169284
v 0.127969 0.687083 -0.120534
v 0.160469 0.313333 -0.616159
v 0.308750 0.449427 -0.445534
v 0.144219 0.276771 -0.553190
v 0.276250 0.404739 -0.394753
v 0.308750 0.559114 -0.299284
v 0.278281 0.530677 -0.183503
v 0.308750 0.615989 -0.169284
v 0.278281 0.563177 0.009466
v 0.308750 0.636302 0.009466
v 0.308750 0.615989 0.186185
v 0.000000 0.311302 -0.559284
v 0.276250 0.404739 -0.394753
v 0.000000 0.447396 -0.455690
v 0.138125 0.555052 -0.232253
v 0.278281 0.530677 -0.183503
v -0.138125 0.611927 0.342591
v -0.132031 0.496145 0.505091
v 0.000000 0.611927 0.373060
v 0.000000 0.496145 0.523372
v -0.154375 0.388489 0.584310
v 0.000000 0.297083 0.657435
v -0.160469 0.313333 -0.616159
v -0.308750 0.449427 -0.445534
v -0.132031 0.498177 -0.488190
v -0.138125 0.613958 -0.325690
v -0.308750 0.559114 -0.299284
v -0.308750 0.615989 -0.169284
v -0.308750 0.557083 0.318216
v -0.138125 0.611927 0.342591
v -0.308750 0.615989 0.186185
v -0.127969 0.685052 0.137435
v 0.000000 0.685052 0.198372
v 0.000000 0.711458 0.009466
v 0.000000 -0.251354 -0.675065
v -0.170625 -0.015729 -0.697409
v 0.000000 -0.015729 -0.719753
v 0.000000 0.173177 -0.693347
v -0.164531 0.173177 -0.673034
v -0.160469 0.313333 -0.616159
v -0.308750 0.615989 -0.169284
v -0.278281 0.563177 0.009466
v -0.308750 0.636302 0.009466
v -0.308750 0.615989 0.186185
v -0.278281 0.530677 0.202435
v -0.146250 -0.229011 -0.587722
v -0.154375 -0.017761 -0.622253
v -0.162500 -0.251354 -0.654753
v -0.170625 -0.015729 -0.697409
v -0.148281 0.136614 -0.603972
v -0.164531 0.173177 -0.673034
v -0.144219 0.276771 -0.553190
v -0.160469 0.313333 -0.616159
v 0.640731 0.176692 -0.265570
v 0.443685 0.351423 -0.444320
v 0.574696 0.352006 -0.239164
v 0.572937 0.350990 0.240211
v 0.626599 0.351481 0.000523
v 0.448307 0.501856 0.223961
v 0.446592 0.151389 -0.537758
v 0.312967 0.285334 -0.574320
v 0.443685 0.351423 -0.444320
v 0.146867 0.187091 -0.592602
v 0.174959 0.158746 -0.594633
v 0.281104 0.255211 -0.515414
v 0.249425 0.070392 0.561148
v 0.415584 -0.014279 0.490054
v 0.398284 -0.089940 0.498179
v 0.275184 0.566088 0.000523
v 0.305342 0.639791 0.000523
v 0.304671 0.620640 -0.178227
v 0.272555 0.534079 -0.192445
v 0.550287 0.288658 0.000523
v 0.275184 0.566088 0.000523
v 0.274314 0.535094 0.193492
v 0.465106 0.237134 0.362086
v 0.274008 0.434062 0.366148
v 0.550287 0.288658 0.000523
v 0.274314 0.535094 0.193492
v 0.136797 0.354843 0.510367
v 0.249425 0.070392 0.561148
v -0.002916 0.271834 0.577398
v -0.004092 0.139808 0.628179
v 0.146867 0.187091 -0.592602
v 0.281104 0.255211 -0.515414
v 0.146429 0.285349 -0.551977
v 0.275641 0.406859 -0.401664
v 0.454630 -0.012845 -0.454477
v 0.405860 0.132563 -0.476820
v 0.341755 -0.012340 -0.545883
v 0.296197 0.034067 -0.568227
v 0.454630 -0.012845 -0.454477
v 0.467881 0.236390 -0.361039
v 0.405860 0.132563 -0.476820
v 0.281104 0.255211 -0.515414
v 0.579347 -0.013550 -0.273695
v 0.631251 -0.014075 -0.111195
v 0.550287 0.288658 0.000523
v 0.631250 -0.014075 0.108180
v 0.465106 0.237134 0.362086
v 0.249425 0.070392 0.561148
v 0.274008 0.434062 0.366148
v 0.136797 0.354843 0.510367
v -0.003624 -0.474439 0.461617
v 0.183824 -0.474108 0.416929
v -0.004820 -0.545494 0.366148
v 0.145342 -0.545581 0.333648
v 0.582122 -0.014293 0.270680
v 0.564079 -0.092729 0.299117
v 0.479330 -0.015003 0.429117
v 0.491265 -0.092550 0.404742
v 0.362398 -0.234970 0.579429
v 0.359890 -0.011252 0.630211
v 0.178322 -0.200517 0.678961
v 0.184284 -0.011782 0.703336
v 0.463697 -0.012301 0.550992
v 0.359890 -0.011252 0.630211
v 0.443424 -0.099062 0.553023
v 0.362398 -0.234970 0.579429
v 0.519119 -0.010795 -0.505258
v 0.446592 0.151389 -0.537758
v 0.640731 0.176692 -0.265570
v 0.443685 0.351423 -0.444320
v 0.448307 0.501856 -0.220883
v 0.512053 0.501132 0.000523
v 0.626599 0.351481 0.000523
v 0.448307 0.501856 0.223961
v 0.304671 0.620640 -0.178227
v 0.448307 0.501856 -0.220883
v 0.305434 0.562444 -0.308227
v 0.305672 0.452343 -0.452445
v 0.303675 0.561428 0.309273
v 0.448307 0.501856 0.223961
v 0.304671 0.620640 0.179273
v 0.305342 0.639791 0.000523
v 0.443685 0.351423 -0.444320
v 0.312967 0.285334 -0.574320
v 0.305672 0.452343 -0.452445
v 0.160900 0.317158 -0.621039
v 0.519119 -0.010795 -0.505258
v 0.382559 -0.009891 -0.612914
v 0.446592 0.151389 -0.537758
v 0.330437 0.039763 -0.635258
v 0.519119 -0.010795 -0.505258
v 0.651145 -0.011970 -0.306195
v 0.539922 -0.099640 -0.456508
v 0.627353 -0.100762 -0.334633
v 0.160900 0.317158 -0.621039
v 0.312967 0.285334 -0.574320
v 0.163913 0.206315 -0.667758
v 0.193022 0.176211 -0.671820
v -0.004149 -0.526343 0.514429
v -0.004800 -0.606465 0.408804
v 0.204209 -0.525667 0.465679
v 0.161738 -0.606479 0.372242
v 0.651145 -0.011970 0.303180
v 0.536511 -0.012481 0.479898
v 0.624579 -0.100019 0.335680
v 0.545472 -0.101127 0.449430
v 0.264076 0.175015 0.644429
v 0.441926 0.350407 0.447398
v 0.310916 0.349824 0.546930
v 0.305527 0.485096 0.423023
v 0.235669 -0.291719 0.530679
v 0.259227 -0.320336 0.591617
v 0.183824 -0.474108 0.416929
v 0.204209 -0.525667 0.465679
v 0.398284 -0.089940 0.498179
v 0.443424 -0.099062 0.553023
v 0.330043 -0.211431 0.514429
v 0.362398 -0.234970 0.579429
v -0.003907 -0.014887 0.646461
v -0.003163 -0.012112 0.727711
v -0.004092 0.139808 0.628179
v -0.003494 0.175335 0.703336
v 0.275184 0.566088 0.000523
v 0.304671 0.620640 -0.178227
v 0.272555 0.534079 -0.192445
v 0.305434 0.562444 -0.308227
v 0.274314 0.535094 0.193492
v 0.304671 0.620640 0.179273
v 0.275184 0.566088 0.000523
v 0.305342 0.639791 0.000523
v 0.631250 -0.014075 0.108180
v 0.582122 -0.014293 0.270680
v 0.550287 0.288658 0.000523
v 0.465106 0.237134 0.362086
v 0.632359 -0.093181 0.077711
v 0.631250 -0.014075 0.108180
v 0.632359 -0.093181 -0.076664
v 0.631251 -0.014075 -0.111195
v 0.632359 -0.093181 -0.076664
v 0.631251 -0.014075 -0.111195
v 0.701926 -0.099926 -0.084789
v 0.707583 -0.012223 -0.123383
v 0.632359 -0.093181 0.077711
v 0.700167 -0.100942 0.087867
v 0.631250 -0.014075 0.108180
v 0.707583 -0.012223 0.120367
v 0.564079 -0.092729 0.299117
v 0.582122 -0.014293 0.270680
v 0.624579 -0.100019 0.335680
v 0.651145 -0.011970 0.303180
v 0.304671 0.620640 0.179273
v 0.274314 0.535094 0.193492
v 0.303675 0.561428 0.309273
v 0.274008 0.434062 0.366148
v -0.004092 0.139808 0.628179
v -0.003494 0.175335 0.703336
v -0.002916 0.271834 0.577398
v -0.003062 0.304587 0.650523
v 0.275641 0.406859 -0.401664
v 0.305672 0.452343 -0.452445
v 0.146429 0.285349 -0.551977
v 0.160900 0.317158 -0.621039
v 0.405860 0.132563 -0.476820
v 0.281104 0.255211 -0.515414
v 0.446592 0.151389 -0.537758
v 0.312967 0.285334 -0.574320
v 0.405860 0.132563 -0.476820
v 0.446592 0.151389 -0.537758
v 0.296197 0.034067 -0.568227
v 0.330437 0.039763 -0.635258
v 0.296197 0.034067 -0.568227
v 0.330437 0.039763 -0.635258
v 0.341755 -0.012340 -0.545883
v 0.382559 -0.009891 -0.612914
v 0.488490 -0.091806 -0.411820
v 0.454630 -0.012845 -0.454477
v 0.539922 -0.099640 -0.456508
v 0.519119 -0.010795 -0.505258
v 0.341755 -0.012340 -0.545883
v 0.382559 -0.009891 -0.612914
v 0.454630 -0.012845 -0.454477
v 0.519119 -0.010795 -0.505258
v 0.330043 -0.211431 0.514429
v 0.362398 -0.234970 0.579429
v 0.235669 -0.291719 0.530679
v 0.259227 -0.320336 0.591617
v 0.398284 -0.089940 0.498179
v 0.415584 -0.014279 0.490054
v 0.443424 -0.099062 0.553023
v 0.463697 -0.012301 0.550992
v 0.281104 0.255211 -0.515414
v 0.174959 0.158746 -0.594633
v 0.312967 0.285334 -0.574320
v 0.193022 0.176211 -0.671820
v 0.146867 0.187091 -0.592602
v 0.163913 0.206315 -0.667758
v 0.174959 0.158746 -0.594633
v 0.193022 0.176211 -0.671820
v 0.145342 -0.545581 0.333648
v 0.183824 -0.474108 0.416929
v 0.161738 -0.606479 0.372242
v 0.204209 -0.525667 0.465679
v 0.564079 -0.092729 -0.298070
v 0.627353 -0.100762 -0.334633
v 0.579347 -0.013550 -0.273695
v 0.651145 -0.011970 -0.306195
v 0.564079 -0.092729 -0.298070
v 0.488490 -0.091806 -0.411820
v 0.627353 -0.100762 -0.334633
v 0.539922 -0.099640 -0.456508
v 0.491265 -0.092550 0.404742
v 0.545472 -0.101127 0.449430
v 0.479330 -0.015003 0.429117
v 0.536511 -0.012481 0.479898
v 0.145342 -0.545581 0.333648
v 0.161738 -0.606479 0.372242
v -0.004820 -0.545494 0.366148
v -0.004800 -0.606465 0.408804
v 0.146429 0.285349 -0.551977
v 0.160900 0.317158 -0.621039
v 0.146867 0.187091 -0.592602
v 0.163913 0.206315 -0.667758
v -0.004081 -0.315210 0.571304
v -0.004738 -0.167823 0.628179
v 0.235669 -0.291719 0.530679
v 0.249425 0.070392 0.561148
v 0.707583 -0.012223 0.120367
v 0.651145 -0.011970 0.303180
v 0.631250 -0.014075 0.108180
v 0.582122 -0.014293 0.270680
v 0.479330 -0.015003 0.429117
v 0.536511 -0.012481 0.479898
v 0.415584 -0.014279 0.490054
v 0.463697 -0.012301 0.550992
v 0.707583 -0.012223 -0.123383
v 0.631251 -0.014075 -0.111195
v 0.651145 -0.011970 -0.306195
v 0.579347 -0.013550 -0.273695
v 0.632359 -0.093181 -0.076664
v 0.701926 -0.099926 -0.084789
v 0.632359 -0.093181 0.077711
v 0.700167 -0.100942 0.087867
v 0.272555 0.534079 -0.192445
v 0.275641 0.406859 -0.401664
v 0.467881 0.236390 -0.361039
v 0.281104 0.255211 -0.515414
v 0.272555 0.534079 -0.192445
v 0.305434 0.562444 -0.308227
v 0.275641 0.406859 -0.401664
v 0.305672 0.452343 -0.452445
v 0.700167 -0.100942 0.087867
v 0.701926 -0.099926 -0.084789
v 0.707583 -0.012223 0.120367
v 0.707583 -0.012223 -0.123383
v -0.004092 0.139808 0.628179
v 0.249425 0.070392 0.561148
v -0.003907 -0.014887 0.646461
v -0.004738 -0.167823 0.628179
v 0.272555 0.534079 -0.192445
v 0.467881 0.236390 -0.361039
v 0.550287 0.288658 0.000523
v 0.579347 -0.013550 -0.273695
v 0.235669 -0.291719 0.530679
v 0.249425 0.070392 0.561148
v 0.330043 -0.211431 0.514429
v 0.398284 -0.089940 0.498179
v -0.004820 -0.545494 0.366148
v -0.004800 -0.606465 0.408804
v -0.003624 -0.474439 0.461617
v -0.004149 -0.526343 0.514429
v 0.564079 -0.092729 0.299117
v 0.624579 -0.100019 0.335680
v 0.491265 -0.092550 0.404742
v 0.545472 -0.101127 0.449430
v 0.235669 -0.291719 0.530679
v 0.183824 -0.474108 0.416929
v -0.004081 -0.315210 0.571304
v -0.003624 -0.474439 0.461617
v 0.640731 0.176692 -0.265570
v 0.574696 0.352006 -0.239164
v 0.626599 0.351481 0.000523
v 0.448307 0.501856 -0.220883
v 0.443685 0.351423 -0.444320
v 0.305672 0.452343 -0.452445
v 0.564079 -0.092729 -0.298070
v 0.579347 -0.013550 -0.273695
v 0.488490 -0.091806 -0.411820
v 0.454630 -0.012845 -0.454477
v 0.467881 0.236390 -0.361039
v 0.204209 -0.525667 0.465679
v 0.259227 -0.320336 0.591617
v 0.159701 -0.375452 0.609898
v 0.178322 -0.200517 0.678961
v 0.362398 -0.234970 0.579429
v -0.003163 -0.012112 0.727711
v -0.004592 -0.200576 0.703336
v 0.184284 -0.011782 0.703336
v 0.178322 -0.200517 0.678961
v -0.004062 -0.376181 0.630211
v 0.159701 -0.375452 0.609898
v -0.004149 -0.526343 0.514429
v 0.204209 -0.525667 0.465679
v -0.003163 -0.012112 0.727711
v 0.184284 -0.011782 0.703336
v -0.003494 0.175335 0.703336
v 0.264076 0.175015 0.644429
v 0.359890 -0.011252 0.630211
v 0.493344 0.176036 0.498179
v 0.463697 -0.012301 0.550992
v 0.536511 -0.012481 0.479898
v 0.264076 0.175015 0.644429
v 0.493344 0.176036 0.498179
v 0.441926 0.350407 0.447398
v 0.638972 0.175677 0.268648
v 0.536511 -0.012481 0.479898
v 0.651145 -0.011970 0.303180
v 0.441926 0.350407 0.447398
v 0.638972 0.175677 0.268648
v 0.572937 0.350990 0.240211
v 0.626599 0.351481 0.000523
v 0.698928 0.177455 0.000523
v 0.640731 0.176692 -0.265570
v 0.249425 0.070392 0.561148
v 0.465106 0.237134 0.362086
v 0.415584 -0.014279 0.490054
v 0.479330 -0.015003 0.429117
v 0.582122 -0.014293 0.270680
v -0.003494 0.175335 0.703336
v 0.264076 0.175015 0.644429
v -0.003062 0.304587 0.650523
v 0.150724 0.395721 0.577398
v 0.310916 0.349824 0.546930
v 0.305527 0.485096 0.423023
v 0.572937 0.350990 0.240211
v 0.448307 0.501856 0.223961
v 0.441926 0.350407 0.447398
v 0.305527 0.485096 0.423023
v 0.303675 0.561428 0.309273
v 0.304671 0.620640 -0.178227
v 0.305342 0.639791 0.000523
v 0.448307 0.501856 -0.220883
v 0.512053 0.501132 0.000523
v 0.448307 0.501856 0.223961
v 0.651145 -0.011970 0.303180
v 0.707583 -0.012223 0.120367
v 0.638972 0.175677 0.268648
v 0.698928 0.177455 0.000523
v 0.707583 -0.012223 -0.123383
v 0.640731 0.176692 -0.265570
v 0.651145 -0.011970 -0.306195
v 0.519119 -0.010795 -0.505258
v -0.004149 -0.526343 0.514429
v -0.004062 -0.376181 0.630211
v -0.003624 -0.474439 0.461617
v -0.004081 -0.315210 0.571304
v -0.004592 -0.200576 0.703336
v -0.004738 -0.167823 0.628179
v -0.003163 -0.012112 0.727711
v -0.003907 -0.014887 0.646461
v -0.003062 0.304587 0.650523
v 0.150724 0.395721 0.577398
v -0.002916 0.271834 0.577398
v 0.136797 0.354843 0.510367
v 0.305527 0.485096 0.423023
v 0.274008 0.434062 0.366148
v 0.303675 0.561428 0.309273
v -0.465106 0.237134 0.362086
v -0.479330 -0.015003 0.429117
v -0.582122 -0.014293 0.270680
v -0.640731 0.176692 -0.265570
v -0.574696 0.352006 -0.239164
v -0.443685 0.351423 -0.444320
v -0.274008 0.434062 0.366148
v -0.303675 0.561428 0.309273
v -0.305527 0.485096 0.423023
v -0.305342 0.639791 0.000523
v -0.512053 0.501132 0.000523
v -0.448307 0.501856 0.223961
v -0.362398 -0.234970 0.579429
v -0.259227 -0.320336 0.591617
v -0.178322 -0.200517 0.678961
v -0.249425 0.070392 0.561148
v -0.398284 -0.089940 0.498179
v -0.415584 -0.014279 0.490054
v -0.272555 0.534079 -0.192445
v -0.275184 0.566088 0.000523
v -0.550287 0.288658 0.000523
v -0.274314 0.535094 0.193492
v -0.136797 0.354843 0.510367
v 0.002916 0.271834 0.577398
v -0.249425 0.070392 0.561148
v 0.004092 0.139808 0.628179
v -0.454630 -0.012845 -0.454477
v -0.341755 -0.012340 -0.545883
v -0.405860 0.132563 -0.476820
v -0.296197 0.034067 -0.568227
v -0.579347 -0.013550 -0.273695
v -0.550287 0.288658 0.000523
v -0.631251 -0.014075 -0.111195
v -0.631250 -0.014075 0.108180
v -0.145342 -0.545581 0.333648
v -0.183824 -0.474108 0.416929
v 0.004820 -0.545494 0.366148
v 0.003624 -0.474439 0.461617
v -0.564079 -0.092729 -0.298070
v -0.488490 -0.091806 -0.411820
v -0.579347 -0.013550 -0.273695
v -0.454630 -0.012845 -0.454477
v -0.491265 -0.092550 0.404742
v -0.564079 -0.092729 0.299117
v -0.479330 -0.015003 0.429117
v -0.582122 -0.014293 0.270680
v 0.003163 -0.012112 0.727711
v 0.003494 0.175335 0.703336
v -0.184284 -0.011782 0.703336
v -0.264076 0.175015 0.644429
v -0.519119 -0.010795 -0.505258
v -0.640731 0.176692 -0.265570
v -0.446592 0.151389 -0.537758
v -0.443685 0.351423 -0.444320
v -0.448307 0.501856 -0.220883
v -0.574696 0.352006 -0.239164
v -0.626599 0.351481 0.000523
v -0.640731 0.176692 -0.265570
v -0.305672 0.452343 -0.452445
v -0.443685 0.351423 -0.444320
v -0.448307 0.501856 -0.220883
v -0.574696 0.352006 -0.239164
v -0.305527 0.485096 0.423023
v -0.310916 0.349824 0.546930
v -0.150724 0.395721 0.577398
v -0.264076 0.175015 0.644429
v -0.305527 0.485096 0.423023
v -0.448307 0.501856 0.223961
v -0.441926 0.350407 0.447398
v -0.572937 0.350990 0.240211
v -0.448307 0.501856 -0.220883
v -0.626599 0.351481 0.000523
v -0.512053 0.501132 0.000523
v -0.448307 0.501856 0.223961
v -0.304671 0.620640 -0.178227
v -0.305434 0.562444 -0.308227
v -0.448307 0.501856 -0.220883
v -0.305672 0.452343 -0.452445
v -0.512053 0.501132 0.000523
v -0.305342 0.639791 0.000523
v -0.448307 0.501856 -0.220883
v -0.304671 0.620640 -0.178227
v -0.150724 0.395721 0.577398
v -0.264076 0.175015 0.644429
v 0.003062 0.304587 0.650523
v 0.003494 0.175335 0.703336
v -0.519119 -0.010795 -0.505258
v -0.446592 0.151389 -0.537758
v -0.382559 -0.009891 -0.612914
v -0.330437 0.039763 -0.635258
v -0.627353 -0.100762 -0.334633
v -0.651145 -0.011970 -0.306195
v -0.539922 -0.099640 -0.456508
v -0.519119 -0.010795 -0.505258
v -0.519119 -0.010795 -0.505258
v -0.651145 -0.011970 -0.306195
v -0.640731 0.176692 -0.265570
v -0.707583 -0.012223 -0.123383
v -0.160900 0.317158 -0.621039
v -0.163913 0.206315 -0.667758
v -0.312967 0.285334 -0.574320
v -0.193022 0.176211 -0.671820
v -0.161738 -0.606479 0.372242
v 0.004800 -0.606465 0.408804
v -0.204209 -0.525667 0.465679
v 0.004149 -0.526343 0.514429
v -0.545472 -0.101127 0.449430
v -0.536511 -0.012481 0.479898
v -0.624579 -0.100019 0.335680
v -0.651145 -0.011970 0.303180
v -0.264076 0.175015 0.644429
v -0.310916 0.349824 0.546930
v -0.441926 0.350407 0.447398
v -0.305527 0.485096 0.423023
v 0.004149 -0.526343 0.514429
v 0.003624 -0.474439 0.461617
v 0.004062 -0.376181 0.630211
v 0.004081 -0.315210 0.571304
v -0.631251 -0.014075 -0.111195
v -0.631250 -0.014075 0.108180
v -0.632359 -0.093181 -0.076664
v -0.632359 -0.093181 0.077711
v -0.465106 0.237134 0.362086
v -0.550287 0.288658 0.000523
v -0.274008 0.434062 0.366148
v -0.274314 0.535094 0.193492
v 0.004592 -0.200576 0.703336
v 0.004738 -0.167823 0.628179
v 0.003163 -0.012112 0.727711
v 0.003907 -0.014887 0.646461
v 0.004149 -0.526343 0.514429
v 0.004800 -0.606465 0.408804
v 0.003624 -0.474439 0.461617
v 0.004820 -0.545494 0.366148
v -0.545472 -0.101127 0.449430
v -0.624579 -0.100019 0.335680
v -0.491265 -0.092550 0.404742
v -0.564079 -0.092729 0.299117
v -0.707583 -0.012223 -0.123383
v -0.631251 -0.014075 -0.111195
v -0.701926 -0.099926 -0.084789
v -0.632359 -0.093181 -0.076664
v -0.707583 -0.012223 0.120367
v -0.700167 -0.100942 0.087867
v -0.631250 -0.014075 0.108180
v -0.632359 -0.093181 0.077711
v -0.651145 -0.011970 0.303180
v -0.582122 -0.014293 0.270680
v -0.624579 -0.100019 0.335680
v -0.564079 -0.092729 0.299117
v -0.312967 0.285334 -0.574320
v -0.281104 0.255211 -0.515414
v -0.446592 0.151389 -0.537758
v -0.405860 0.132563 -0.476820
v -0.330437 0.039763 -0.635258
v -0.446592 0.151389 -0.537758
v -0.296197 0.034067 -0.568227
v -0.405860 0.132563 -0.476820
v -0.519119 -0.010795 -0.505258
v -0.454630 -0.012845 -0.454477
v -0.539922 -0.099640 -0.456508
v -0.488490 -0.091806 -0.411820
v -0.463697 -0.012301 0.550992
v -0.415584 -0.014279 0.490054
v -0.443424 -0.099062 0.553023
v -0.398284 -0.089940 0.498179
v -0.193022 0.176211 -0.671820
v -0.174959 0.158746 -0.594633
v -0.312967 0.285334 -0.574320
v -0.281104 0.255211 -0.515414
v -0.193022 0.176211 -0.671820
v -0.163913 0.206315 -0.667758
v -0.174959 0.158746 -0.594633
v -0.146867 0.187091 -0.592602
v -0.150724 0.395721 0.577398
v -0.136797 0.354843 0.510367
v -0.305527 0.485096 0.423023
v -0.274008 0.434062 0.366148
v -0.204209 -0.525667 0.465679
v -0.183824 -0.474108 0.416929
v -0.161738 -0.606479 0.372242
v -0.145342 -0.545581 0.333648
v -0.651145 -0.011970 -0.306195
v -0.627353 -0.100762 -0.334633
v -0.579347 -0.013550 -0.273695
v -0.564079 -0.092729 -0.298070
v -0.539922 -0.099640 -0.456508
v -0.488490 -0.091806 -0.411820
v -0.627353 -0.100762 -0.334633
v -0.564079 -0.092729 -0.298070
v -0.536511 -0.012481 0.479898
v -0.545472 -0.101127 0.449430
v -0.479330 -0.015003 0.429117
v -0.491265 -0.092550 0.404742
v 0.004800 -0.606465 0.408804
v -0.161738 -0.606479 0.372242
v 0.004820 -0.545494 0.366148
v -0.145342 -0.545581 0.333648
v 0.003062 0.304587 0.650523
v 0.002916 0.271834 0.577398
v -0.150724 0.395721 0.577398
v -0.136797 0.354843 0.510367
v -0.582122 -0.014293 0.270680
v -0.651145 -0.011970 0.303180
v -0.631250 -0.014075 0.108180
v -0.707583 -0.012223 0.120367
v -0.463697 -0.012301 0.550992
v -0.536511 -0.012481 0.479898
v -0.415584 -0.014279 0.490054
v -0.479330 -0.015003 0.429117
v -0.579347 -0.013550 -0.273695
v -0.631251 -0.014075 -0.111195
v -0.651145 -0.011970 -0.306195
v -0.707583 -0.012223 -0.123383
v -0.700167 -0.100942 0.087867
v -0.701926 -0.099926 -0.084789
v -0.632359 -0.093181 0.077711
v -0.632359 -0.093181 -0.076664
v -0.272555 0.534079 -0.192445
v -0.467881 0.236390 -0.361039
v -0.275641 0.406859 -0.401664
v -0.281104 0.255211 -0.515414
v -0.204209 -0.525667 0.465679
v 0.004149 -0.526343 0.514429
v -0.159701 -0.375452 0.609898
v 0.004062 -0.376181 0.630211
v -0.631250 -0.014075 0.108180
v -0.550287 0.288658 0.000523
v -0.582122 -0.014293 0.270680
v -0.465106 0.237134 0.362086
v -0.272555 0.534079 -0.192445
v -0.550287 0.288658 0.000523
v -0.467881 0.236390 -0.361039
v -0.579347 -0.013550 -0.273695
v 0.004092 0.139808 0.628179
v 0.003907 -0.014887 0.646461
v -0.249425 0.070392 0.561148
v 0.004738 -0.167823 0.628179
v 0.004062 -0.376181 0.630211
v 0.004081 -0.315210 0.571304
v 0.004592 -0.200576 0.703336
v 0.004738 -0.167823 0.628179
v -0.204209 -0.525667 0.465679
v -0.259227 -0.320336 0.591617
v -0.183824 -0.474108 0.416929
v -0.235669 -0.291719 0.530679
v 0.003624 -0.474439 0.461617
v -0.183824 -0.474108 0.416929
v 0.004081 -0.315210 0.571304
v -0.235669 -0.291719 0.530679
v -0.160900 0.317158 -0.621039
v -0.312967 0.285334 -0.574320
v -0.305672 0.452343 -0.452445
v -0.443685 0.351423 -0.444320
v -0.446592 0.151389 -0.537758
v -0.136797 0.354843 0.510367
v -0.249425 0.070392 0.561148
v -0.274008 0.434062 0.366148
v -0.465106 0.237134 0.362086
v -0.415584 -0.014279 0.490054
v -0.479330 -0.015003 0.429117
v -0.275641 0.406859 -0.401664
v -0.281104 0.255211 -0.515414
v -0.146429 0.285349 -0.551977
v -0.146867 0.187091 -0.592602
v -0.174959 0.158746 -0.594633
v -0.281104 0.255211 -0.515414
v -0.467881 0.236390 -0.361039
v -0.405860 0.132563 -0.476820
v -0.454630 -0.012845 -0.454477
v -0.579347 -0.013550 -0.273695
v -0.204209 -0.525667 0.465679
v -0.159701 -0.375452 0.609898
v -0.259227 -0.320336 0.591617
v -0.178322 -0.200517 0.678961
v 0.004062 -0.376181 0.630211
v 0.004592 -0.200576 0.703336
v -0.362398 -0.234970 0.579429
v -0.178322 -0.200517 0.678961
v -0.359890 -0.011252 0.630211
v -0.184284 -0.011782 0.703336
v 0.004592 -0.200576 0.703336
v 0.003163 -0.012112 0.727711
v -0.362398 -0.234970 0.579429
v -0.359890 -0.011252 0.630211
v -0.443424 -0.099062 0.553023
v -0.463697 -0.012301 0.550992
v -0.493344 0.176036 0.498179
v -0.536511 -0.012481 0.479898
v -0.638972 0.175677 0.268648
v -0.651145 -0.011970 0.303180
v -0.184284 -0.011782 0.703336
v -0.264076 0.175015 0.644429
v -0.359890 -0.011252 0.630211
v -0.493344 0.176036 0.498179
v -0.441926 0.350407 0.447398
v -0.638972 0.175677 0.268648
v -0.572937 0.350990 0.240211
v -0.626599 0.351481 0.000523
v -0.448307 0.501856 0.223961
v -0.305342 0.639791 0.000523
v -0.448307 0.501856 0.223961
v -0.304671 0.620640 0.179273
v -0.303675 0.561428 0.309273
v -0.305527 0.485096 0.423023
v -0.398284 -0.089940 0.498179
v -0.249425 0.070392 0.561148
v -0.330043 -0.211431 0.514429
v -0.235669 -0.291719 0.530679
v 0.004738 -0.167823 0.628179
v 0.004081 -0.315210 0.571304
v -0.651145 -0.011970 0.303180
v -0.638972 0.175677 0.268648
v -0.707583 -0.012223 0.120367
v -0.698928 0.177455 0.000523
v -0.626599 0.351481 0.000523
v -0.640731 0.176692 -0.265570
v -0.398284 -0.089940 0.498179
v -0.330043 -0.211431 0.514429
v -0.443424 -0.099062 0.553023
v -0.362398 -0.234970 0.579429
v -0.235669 -0.291719 0.530679
v -0.259227 -0.320336 0.591617
v 0.003907 -0.014887 0.646461
v 0.004092 0.139808 0.628179
v 0.003163 -0.012112 0.727711
v 0.003494 0.175335 0.703336
v 0.002916 0.271834 0.577398
v 0.003062 0.304587 0.650523
v -0.305672 0.452343 -0.452445
v -0.305434 0.562444 -0.308227
v -0.275641 0.406859 -0.401664
v -0.272555 0.534079 -0.192445
v -0.304671 0.620640 -0.178227
v -0.275184 0.566088 0.000523
v -0.305342 0.639791 0.000523
v -0.274008 0.434062 0.366148
v -0.274314 0.535094 0.193492
v -0.303675 0.561428 0.309273
v -0.304671 0.620640 0.179273
v -0.275184 0.566088 0.000523
v -0.305342 0.639791 0.000523
v -0.275641 0.406859 -0.401664
v -0.146429 0.285349 -0.551977
v -0.305672 0.452343 -0.452445
v -0.160900 0.317158 -0.621039
v -0.146867 0.187091 -0.592602
v -0.163913 0.206315 -0.667758
v -0.296197 0.034067 -0.568227
v -0.341755 -0.012340 -0.545883
v -0.330437 0.039763 -0.635258
v -0.382559 -0.009891 -0.612914
v -0.454630 -0.012845 -0.454477
v -0.519119 -0.010795 -0.505258
v -0.700167 -0.100942 0.087867
v -0.707583 -0.012223 0.120367
v -0.701926 -0.099926 -0.084789
v -0.707583 -0.012223 -0.123383
v -0.698928 0.177455 0.000523
v -0.640731 0.176692 -0.265570
v -0.414827 -0.484230 -0.207188
v -0.431077 -0.465949 0.215312
v -0.317327 -0.593918 -0.000000
v -0.585452 -0.325793 -0.000000
v -0.540764 -0.325793 0.215312
v -0.431077 -0.465949 0.215312
v -0.238108 -0.498449 -0.209219
v -0.189358 -0.553293 -0.192969
v -0.229983 -0.561418 -0.166563
v -0.225921 -0.604074 0.107656
v -0.189358 -0.626418 0.054844
v -0.189358 -0.604074 0.121875
v -0.189358 -0.541105 0.071094
v -0.225921 -0.563449 0.109687
v -0.189358 -0.563449 0.123906
v -0.189358 -0.553293 -0.192969
v -0.189358 -0.498449 -0.229531
v -0.189358 -0.441574 -0.172656
v -0.225921 -0.516730 0.123906
v -0.189358 -0.541105 0.071094
v -0.189358 -0.518762 0.138125
v -0.189358 -0.455793 0.087344
v -0.225921 -0.478137 0.125937
v -0.189358 -0.476106 0.140156
v -0.189358 -0.541105 0.071094
v -0.236077 -0.553293 0.067031
v -0.225921 -0.563449 0.109687
v -0.225921 -0.431418 0.140156
v -0.189358 -0.455793 0.087344
v -0.189358 -0.433449 0.154375
v -0.191389 -0.372512 0.101562
v -0.225921 -0.392824 0.142187
v -0.189358 -0.392824 0.156406
v -0.189358 -0.455793 0.087344
v -0.236077 -0.467980 0.083281
v -0.225921 -0.478137 0.125937
v -0.191389 -0.372512 0.101562
v -0.236077 -0.382668 0.097500
v -0.225921 -0.392824 0.142187
v -0.528577 -0.279074 -0.109687
v -0.528577 -0.279074 0.213281
v -0.433108 -0.319699 -0.067031
v -0.412796 -0.327824 0.168594
v -0.528577 -0.279074 -0.109687
v -0.433108 -0.319699 -0.067031
v -0.528577 -0.423293 -0.166563
v -0.439202 -0.512668 -0.123906
v -0.258421 -0.614230 0.054844
v -0.258421 -0.614230 -0.138125
v -0.189358 -0.626418 0.054844
v -0.189358 -0.626418 -0.138125
v -0.191389 -0.372512 0.101562
v -0.189358 -0.626418 0.054844
v -0.189358 -0.372512 -0.089375
v -0.189358 -0.626418 -0.138125
v -0.258421 -0.382668 -0.089375
v -0.258421 -0.382668 0.101562
v -0.189358 -0.372512 -0.089375
v -0.191389 -0.372512 0.101562
v -0.234046 -0.405012 -0.093438
v -0.189358 -0.372512 -0.089375
v -0.229983 -0.433449 -0.150313
v -0.189358 -0.441574 -0.172656
v -0.189358 -0.553293 -0.192969
v -0.189358 -0.441574 -0.172656
v -0.189358 -0.626418 -0.138125
v -0.189358 -0.372512 -0.089375
v -0.232014 -0.591887 -0.125938
v -0.229983 -0.561418 -0.166563
v -0.189358 -0.626418 -0.138125
v -0.189358 -0.553293 -0.192969
v -0.232014 -0.591887 -0.125938
v -0.274671 -0.498449 -0.109688
v -0.229983 -0.561418 -0.166563
v -0.266546 -0.498449 -0.158438
v -0.544827 -0.325793 -0.207187
v -0.585452 -0.325793 -0.000000
v -0.414827 -0.484230 -0.207188
v -0.431077 -0.465949 0.215312
v -0.215764 -0.648762 -0.231563
v -0.364046 -0.628449 -0.000000
v -0.455452 -0.512668 -0.231563
v -0.514358 -0.514699 -0.000000
v -0.333577 -0.407043 0.109687
v -0.333577 -0.579699 0.065000
v -0.258421 -0.382668 0.101562
v -0.258421 -0.614230 0.054844
v -0.412796 -0.532980 0.115781
v -0.412796 -0.327824 0.168594
v -0.528577 -0.423293 0.156406
v -0.528577 -0.279074 0.213281
v -0.514358 -0.514699 -0.000000
v -0.364046 -0.628449 -0.000000
v -0.451389 -0.514699 0.239687
v -0.215764 -0.644699 0.239687
v -0.451389 -0.514699 0.239687
v -0.585452 -0.342043 0.239687
v -0.514358 -0.514699 -0.000000
v -0.638264 -0.342043 -0.000000
v -0.455452 -0.512668 -0.231563
v -0.414827 -0.484230 -0.207188
v -0.215764 -0.648762 -0.231563
v -0.211702 -0.600012 -0.207188
v -0.585452 -0.325793 -0.000000
v -0.544827 -0.325793 -0.207187
v -0.638264 -0.342043 -0.000000
v -0.589514 -0.342043 -0.231562
v -0.589514 -0.342043 -0.231562
v -0.544827 -0.325793 -0.207187
v -0.455452 -0.512668 -0.231563
v -0.414827 -0.484230 -0.207188
v -0.215764 -0.648762 -0.231563
v -0.211702 -0.600012 -0.207188
v -0.215764 -0.689387 -0.000000
v -0.209671 -0.636574 -0.000000
v -0.215764 -0.644699 0.239687
v -0.211702 -0.595949 0.215312
v -0.451389 -0.514699 0.239687
v -0.431077 -0.465949 0.215312
v -0.585452 -0.342043 0.239687
v -0.540764 -0.325793 0.215312
v -0.638264 -0.342043 -0.000000
v -0.585452 -0.325793 -0.000000
v -0.451389 -0.514699 0.239687
v -0.431077 -0.465949 0.215312
v -0.585452 -0.342043 0.239687
v -0.540764 -0.325793 0.215312
v -0.209671 -0.636574 -0.000000
v -0.211702 -0.595949 0.215312
v -0.215764 -0.689387 -0.000000
v -0.215764 -0.644699 0.239687
v -0.209671 -0.636574 -0.000000
v -0.211702 -0.600012 -0.207188
v -0.317327 -0.593918 -0.000000
v -0.414827 -0.484230 -0.207188
v -0.431077 -0.465949 0.215312
v -0.211702 -0.595949 0.215312
v -0.317327 -0.593918 -0.000000
v -0.209671 -0.636574 -0.000000
v -0.412796 -0.327824 0.168594
v -0.412796 -0.532980 0.115781
v -0.333577 -0.407043 0.109687
v -0.333577 -0.579699 0.065000
v -0.256389 -0.583762 0.095469
v -0.225921 -0.604074 0.107656
v -0.189358 -0.583762 0.138125
v -0.189358 -0.604074 0.121875
v -0.258421 -0.382668 0.101562
v -0.258421 -0.614230 0.054844
v -0.191389 -0.372512 0.101562
v -0.189358 -0.626418 0.054844
v -0.189358 -0.563449 0.123906
v -0.225921 -0.563449 0.109687
v -0.189358 -0.583762 0.138125
v -0.256389 -0.583762 0.095469
v -0.256389 -0.498449 0.111719
v -0.225921 -0.516730 0.123906
v -0.189358 -0.498449 0.154375
v -0.189358 -0.518762 0.138125
v -0.260452 -0.583762 0.058906
v -0.256389 -0.583762 0.095469
v -0.236077 -0.553293 0.067031
v -0.225921 -0.563449 0.109687
v -0.189358 -0.476106 0.140156
v -0.225921 -0.478137 0.125937
v -0.189358 -0.498449 0.154375
v -0.256389 -0.498449 0.111719
v -0.256389 -0.413137 0.127969
v -0.225921 -0.431418 0.140156
v -0.189358 -0.413137 0.170625
v -0.189358 -0.433449 0.154375
v -0.260452 -0.498449 0.077187
v -0.256389 -0.498449 0.111719
v -0.236077 -0.467980 0.083281
v -0.225921 -0.478137 0.125937
v -0.189358 -0.392824 0.156406
v -0.225921 -0.392824 0.142187
v -0.189358 -0.413137 0.170625
v -0.256389 -0.413137 0.127969
v -0.455452 -0.512668 -0.231563
v -0.514358 -0.514699 -0.000000
v -0.589514 -0.342043 -0.231562
v -0.638264 -0.342043 -0.000000
v -0.215764 -0.644699 0.239687
v -0.364046 -0.628449 -0.000000
v -0.215764 -0.689387 -0.000000
v -0.215764 -0.648762 -0.231563
v -0.260452 -0.413137 0.093437
v -0.256389 -0.413137 0.127969
v -0.236077 -0.382668 0.097500
v -0.225921 -0.392824 0.142187
v -0.189358 -0.583762 0.138125
v -0.189358 -0.604074 0.121875
v -0.189358 -0.563449 0.123906
v -0.189358 -0.541105 0.071094
v -0.189358 -0.626418 0.054844
v -0.189358 -0.413137 0.170625
v -0.189358 -0.433449 0.154375
v -0.189358 -0.392824 0.156406
v -0.191389 -0.372512 0.101562
v -0.189358 -0.455793 0.087344
v -0.260452 -0.498449 0.077187
v -0.236077 -0.528918 0.071094
v -0.256389 -0.498449 0.111719
v -0.225921 -0.516730 0.123906
v -0.189358 -0.541105 0.071094
v -0.189358 -0.498449 0.154375
v -0.189358 -0.518762 0.138125
v -0.189358 -0.476106 0.140156
v -0.189358 -0.455793 0.087344
v -0.189358 -0.541105 0.071094
v -0.260452 -0.583762 0.058906
v -0.236077 -0.614230 0.054844
v -0.256389 -0.583762 0.095469
v -0.225921 -0.604074 0.107656
v -0.189358 -0.626418 0.054844
v -0.260452 -0.413137 0.093437
v -0.236077 -0.443605 0.087344
v -0.256389 -0.413137 0.127969
v -0.225921 -0.431418 0.140156
v -0.189358 -0.455793 0.087344
v -0.412796 -0.327824 0.168594
v -0.333577 -0.407043 0.109687
v -0.433108 -0.319699 -0.067031
v -0.333577 -0.407043 -0.083281
v -0.258421 -0.382668 0.101562
v -0.258421 -0.382668 -0.089375
v -0.433108 -0.319699 -0.067031
v -0.333577 -0.407043 -0.083281
v -0.439202 -0.512668 -0.123906
v -0.333577 -0.579699 -0.132031
v -0.258421 -0.382668 -0.089375
v -0.258421 -0.614230 -0.138125
v -0.189358 -0.372512 -0.089375
v -0.189358 -0.626418 -0.138125
v -0.229983 -0.561418 -0.166563
v -0.266546 -0.498449 -0.158438
v -0.238108 -0.498449 -0.209219
v -0.229983 -0.433449 -0.150313
v -0.274671 -0.498449 -0.109688
v -0.234046 -0.405012 -0.093438
v -0.189358 -0.553293 -0.192969
v -0.238108 -0.498449 -0.209219
v -0.189358 -0.498449 -0.229531
v -0.189358 -0.441574 -0.172656
v -0.229983 -0.433449 -0.150313
v 0.236077 -0.498449 -0.209219
v 0.227952 -0.561418 -0.166563
v 0.187327 -0.553293 -0.192969
v 0.412796 -0.484230 -0.207188
v 0.315296 -0.593918 -0.000000
v 0.429045 -0.465949 0.215312
v 0.583421 -0.325793 -0.000000
v 0.429045 -0.465949 0.215312
v 0.540764 -0.325793 0.215312
v 0.187327 -0.541105 0.071094
v 0.187327 -0.626418 0.054844
v 0.187327 -0.604074 0.121875
v 0.223889 -0.604074 0.107656
v 0.187327 -0.604074 0.121875
v 0.187327 -0.626418 0.054844
v 0.223889 -0.604074 0.107656
v 0.187327 -0.626418 0.054844
v 0.234046 -0.614230 0.054844
v 0.187327 -0.455793 0.087344
v 0.187327 -0.541105 0.071094
v 0.187327 -0.518762 0.138125
v 0.223889 -0.516730 0.123906
v 0.187327 -0.518762 0.138125
v 0.187327 -0.541105 0.071094
v 0.223889 -0.516730 0.123906
v 0.187327 -0.541105 0.071094
v 0.234046 -0.528918 0.071094
v 0.189358 -0.372512 0.101562
v 0.187327 -0.455793 0.087344
v 0.187327 -0.433449 0.154375
v 0.223889 -0.431418 0.140156
v 0.187327 -0.433449 0.154375
v 0.187327 -0.455793 0.087344
v 0.223889 -0.431418 0.140156
v 0.187327 -0.455793 0.087344
v 0.234046 -0.443605 0.087344
v 0.258421 -0.382668 -0.089375
v 0.189358 -0.372512 -0.089375
v 0.258421 -0.382668 0.101562
v 0.189358 -0.372512 0.101562
v 0.526546 -0.279074 -0.109687
v 0.431077 -0.319699 -0.067031
v 0.526546 -0.279074 0.213281
v 0.410764 -0.327824 0.168594
v 0.258421 -0.382668 -0.089375
v 0.258421 -0.614230 -0.138125
v 0.189358 -0.372512 -0.089375
v 0.187327 -0.626418 -0.138125
v 0.331546 -0.407043 -0.083281
v 0.331546 -0.579699 -0.132031
v 0.258421 -0.382668 -0.089375
v 0.258421 -0.614230 -0.138125
v 0.431077 -0.319699 -0.067031
v 0.437171 -0.512668 -0.123906
v 0.331546 -0.407043 -0.083281
v 0.331546 -0.579699 -0.132031
v 0.526546 -0.279074 -0.109687
v 0.526546 -0.423293 -0.166563
v 0.431077 -0.319699 -0.067031
v 0.437171 -0.512668 -0.123906
v 0.256389 -0.614230 0.054844
v 0.187327 -0.626418 0.054844
v 0.258421 -0.614230 -0.138125
v 0.187327 -0.626418 -0.138125
v 0.189358 -0.372512 0.101562
v 0.189358 -0.372512 -0.089375
v 0.187327 -0.626418 0.054844
v 0.187327 -0.626418 -0.138125
v 0.187327 -0.441574 -0.172656
v 0.189358 -0.372512 -0.089375
v 0.227952 -0.433449 -0.150313
v 0.232014 -0.405012 -0.093438
v 0.232014 -0.591887 -0.125938
v 0.187327 -0.626418 -0.138125
v 0.227952 -0.561418 -0.166563
v 0.187327 -0.553293 -0.192969
v 0.331546 -0.407043 0.109687
v 0.331546 -0.407043 -0.083281
v 0.258421 -0.382668 0.101562
v 0.258421 -0.382668 -0.089375
v 0.410764 -0.327824 0.168594
v 0.431077 -0.319699 -0.067031
v 0.331546 -0.407043 0.109687
v 0.331546 -0.407043 -0.083281
v 0.542795 -0.325793 -0.207187
v 0.412796 -0.484230 -0.207188
v 0.583421 -0.325793 -0.000000
v 0.429045 -0.465949 0.215312
v 0.213733 -0.644699 0.239687
v 0.213733 -0.689387 -0.000000
v 0.362014 -0.628449 -0.000000
v 0.213733 -0.648762 -0.231563
v 0.213733 -0.644699 0.239687
v 0.362014 -0.628449 -0.000000
v 0.451389 -0.512668 0.239687
v 0.512327 -0.512668 -0.000000
v 0.451389 -0.512668 0.239687
v 0.512327 -0.512668 -0.000000
v 0.583421 -0.342043 0.239687
v 0.636233 -0.342043 -0.000000
v 0.583421 -0.325793 -0.000000
v 0.636233 -0.342043 -0.000000
v 0.542795 -0.325793 -0.207187
v 0.587483 -0.342043 -0.231562
v 0.209671 -0.634543 -0.000000
v 0.209671 -0.600012 -0.207188
v 0.213733 -0.689387 -0.000000
v 0.213733 -0.648762 -0.231563
v 0.583421 -0.325793 -0.000000
v 0.540764 -0.325793 0.215312
v 0.636233 -0.342043 -0.000000
v 0.583421 -0.342043 0.239687
v 0.209671 -0.634543 -0.000000
v 0.213733 -0.689387 -0.000000
v 0.209671 -0.595949 0.215312
v 0.213733 -0.644699 0.239687
v 0.209671 -0.634543 -0.000000
v 0.315296 -0.593918 -0.000000
v 0.209671 -0.600012 -0.207188
v 0.412796 -0.484230 -0.207188
v 0.429045 -0.465949 0.215312
v 0.315296 -0.593918 -0.000000
v 0.209671 -0.595949 0.215312
v 0.209671 -0.634543 -0.000000
v 0.410764 -0.532980 0.115781
v 0.526546 -0.423293 0.156406
v 0.410764 -0.327824 0.168594
v 0.526546 -0.279074 0.213281
v 0.254358 -0.583762 0.095469
v 0.187327 -0.583762 0.138125
v 0.223889 -0.604074 0.107656
v 0.187327 -0.604074 0.121875
v 0.187327 -0.541105 0.071094
v 0.187327 -0.604074 0.121875
v 0.187327 -0.563449 0.123906
v 0.187327 -0.583762 0.138125
v 0.223889 -0.604074 0.107656
v 0.234046 -0.614230 0.054844
v 0.254358 -0.583762 0.095469
v 0.260452 -0.583762 0.058906
v 0.254358 -0.498449 0.111719
v 0.187327 -0.498449 0.154375
v 0.223889 -0.516730 0.123906
v 0.187327 -0.518762 0.138125
v 0.187327 -0.455793 0.087344
v 0.187327 -0.518762 0.138125
v 0.187327 -0.476106 0.140156
v 0.187327 -0.498449 0.154375
v 0.223889 -0.516730 0.123906
v 0.234046 -0.528918 0.071094
v 0.254358 -0.498449 0.111719
v 0.260452 -0.498449 0.077187
v 0.254358 -0.413137 0.127969
v 0.187327 -0.413137 0.170625
v 0.223889 -0.431418 0.140156
v 0.187327 -0.433449 0.154375
v 0.189358 -0.372512 0.101562
v 0.187327 -0.433449 0.154375
v 0.187327 -0.392824 0.156406
v 0.187327 -0.413137 0.170625
v 0.187327 -0.441574 -0.172656
v 0.236077 -0.498449 -0.209219
v 0.187327 -0.498449 -0.229531
v 0.187327 -0.553293 -0.192969
v 0.232014 -0.405012 -0.093438
v 0.272639 -0.498449 -0.109688
v 0.227952 -0.433449 -0.150313
v 0.266546 -0.498449 -0.158438
v 0.223889 -0.431418 0.140156
v 0.234046 -0.443605 0.087344
v 0.254358 -0.413137 0.127969
v 0.260452 -0.413137 0.093437
v 0.187327 -0.626418 0.054844
v 0.256389 -0.614230 0.054844
v 0.189358 -0.372512 0.101562
v 0.258421 -0.382668 0.101562
v 0.331546 -0.579699 0.065000
v 0.331546 -0.407043 0.109687
v 0.410764 -0.532980 0.115781
v 0.410764 -0.327824 0.168594
v 0.254358 -0.413137 0.127969
v 0.223889 -0.392824 0.142187
v 0.187327 -0.413137 0.170625
v 0.187327 -0.392824 0.156406
v 0.189358 -0.372512 0.101562
v 0.260452 -0.498449 0.077187
v 0.234046 -0.465949 0.083281
v 0.254358 -0.498449 0.111719
v 0.223889 -0.478137 0.125937
v 0.187327 -0.455793 0.087344
v 0.254358 -0.498449 0.111719
v 0.223889 -0.478137 0.125937
v 0.187327 -0.498449 0.154375
v 0.187327 -0.476106 0.140156
v 0.187327 -0.455793 0.087344
v 0.260452 -0.583762 0.058906
v 0.234046 -0.553293 0.067031
v 0.254358 -0.583762 0.095469
v 0.223889 -0.563449 0.109687
v 0.187327 -0.541105 0.071094
v 0.254358 -0.583762 0.095469
v 0.223889 -0.563449 0.109687
v 0.187327 -0.583762 0.138125
v 0.187327 -0.563449 0.123906
v 0.187327 -0.541105 0.071094
v 0.260452 -0.413137 0.093437
v 0.234046 -0.382668 0.097500
v 0.254358 -0.413137 0.127969
v 0.223889 -0.392824 0.142187
v 0.189358 -0.372512 0.101562
v 0.232014 -0.591887 -0.125938
v 0.227952 -0.561418 -0.166563
v 0.272639 -0.498449 -0.109688
v 0.266546 -0.498449 -0.158438
v 0.236077 -0.498449 -0.209219
v 0.227952 -0.433449 -0.150313
v 0.187327 -0.441574 -0.172656
v 0.189358 -0.372512 -0.089375
v 0.187327 -0.441574 -0.172656
v 0.187327 -0.626418 -0.138125
v 0.187327 -0.553293 -0.192969
v 0.187327 -0.498449 -0.229531
v 0.213733 -0.648762 -0.231563
v 0.455452 -0.512668 -0.231563
v 0.362014 -0.628449 -0.000000
v 0.512327 -0.512668 -0.000000
v 0.587483 -0.342043 -0.231562
v 0.636233 -0.342043 -0.000000
v 0.587483 -0.342043 -0.231562
v 0.455452 -0.512668 -0.231563
v 0.542795 -0.325793 -0.207187
v 0.412796 -0.484230 -0.207188
v 0.213733 -0.648762 -0.231563
v 0.209671 -0.600012 -0.207188
v 0.213733 -0.644699 0.239687
v 0.451389 -0.512668 0.239687
v 0.209671 -0.595949 0.215312
v 0.429045 -0.465949 0.215312
v 0.583421 -0.342043 0.239687
v 0.540764 -0.325793 0.215312
v -0.227052 0.159460 -0.668193
v -0.320628 0.295575 -0.569510
v -0.193657 0.146264 -0.593491
v -0.275375 0.267752 -0.507663
v -0.340684 0.013962 -0.627688
v -0.227052 0.159460 -0.668193
v -0.288195 0.020219 -0.554937
v -0.193657 0.146264 -0.593491
v -0.275375 0.267752 -0.507663
v -0.380785 0.140501 -0.469102
v -0.193657 0.146264 -0.593491
v -0.288195 0.020219 -0.554937
v -0.340684 0.013962 -0.627688
v -0.288195 0.020219 -0.554937
v -0.436671 0.154725 -0.525283
v -0.380785 0.140501 -0.469102
v -0.275375 0.267752 -0.507663
v -0.320628 0.295575 -0.569510
v -0.380785 0.140501 -0.469102
v -0.436671 0.154725 -0.525283
v -0.227052 0.159460 -0.668193
v -0.340684 0.013962 -0.627688
v 0.193657 0.146264 -0.593491
v 0.227052 0.159460 -0.668193
v 0.288195 0.020219 -0.554937
v 0.340684 0.013962 -0.627688
v 0.275375 0.267752 -0.507663
v 0.380785 0.140501 -0.469102
v 0.320628 0.295575 -0.569510
v 0.436671 0.154725 -0.525283
v 0.288195 0.020219 -0.554937
v 0.380785 0.140501 -0.469102
v 0.193657 0.146264 -0.593491
v 0.275375 0.267752 -0.507663
v 0.380785 0.140501 -0.469102
v 0.288195 0.020219 -0.554937
v 0.436671 0.154725 -0.525283
v 0.340684 0.013962 -0.627688
v 0.340684 0.013962 -0.627688
v 0.227052 0.159460 -0.668193
v 0.436671 0.154725 -0.525283
v 0.320628 0.295575 -0.569510
v 0.193657 0.146264 -0.593491
v 0.275375 0.267752 -0.507663
vt 0.586487 1.767822
vt 0.620300 1.764771
vt 0.621277 1.786560
vt 0.510376 1.753723
vt 0.498352 1.732544
vt 0.575562 1.731140
vt 0.506775 1.904602
vt 0.515320 1.913757
vt 0.512451 1.903015
vt 0.861877 1.161865
vt 0.907532 1.178833
vt 0.879578 1.191956
vt 0.855042 1.274170
vt 0.789185 1.280823
vt 0.800720 1.215454
vt 0.853271 1.394714
vt 0.824707 1.439148
vt 0.775818 1.412964
vt 0.762573 1.625732
vt 0.765076 1.634705
vt 0.723267 1.646179
vt 0.776489 1.598816
vt 0.786255 1.615356
vt 0.762573 1.625732
vt 0.644470 1.522278
vt 0.622375 1.583984
vt 0.588867 1.578247
vt 0.586487 1.767822
vt 0.621277 1.786560
vt 0.620300 1.764771
vt 0.510376 1.753723
vt 0.575562 1.731140
vt 0.498352 1.732544
vt 0.304565 1.718445
vt 0.303528 1.695801
vt 0.337463 1.684875
vt 0.510864 1.779114
vt 0.521057 1.799927
vt 0.545227 1.783630
vt 0.421204 1.957153
vt 0.430115 1.945312
vt 0.431458 1.957153
vt 0.545227 1.783630
vt 0.555908 1.802979
vt 0.590881 1.789124
vt 0.881409 1.044861
vt 0.868042 1.013123
vt 0.838135 1.019409
vt 0.756409 1.612915
vt 0.740356 1.598022
vt 0.722900 1.625427
vt 0.648438 1.220947
vt 0.652771 1.145081
vt 0.608521 1.170471
vt 0.762573 1.625732
vt 0.723267 1.646179
vt 0.765076 1.634705
vt 0.339539 1.775635
vt 0.369568 1.783142
vt 0.386841 1.701294
vt 0.553894 1.451538
vt 0.553894 1.508179
vt 0.650452 1.471436
vt 0.644470 1.522278
vt 0.196472 1.823730
vt 0.158997 1.798706
vt 0.152527 1.824646
vt 0.140381 1.822021
vt 0.211487 1.797546
vt 0.231384 1.825439
vt 0.235962 1.798218
vt 0.262756 1.799133
vt 0.289001 1.836670
vt 0.231384 1.825439
vt 0.266724 1.859985
vt 0.237732 1.859436
vt 0.127686 1.803467
vt 0.129272 1.825012
vt 0.139709 1.801331
vt 0.140381 1.822021
vt 0.231384 1.825439
vt 0.211487 1.797546
vt 0.196472 1.823730
vt 0.188843 1.797241
vt 0.728210 1.532593
vt 0.708191 1.569702
vt 0.758850 1.577332
vt 0.740356 1.598022
vt 0.688416 1.627441
vt 0.722900 1.625427
vt 0.708191 1.569702
vt 0.740356 1.598022
vt 0.758850 1.577332
vt 0.740356 1.598022
vt 0.776489 1.598816
vt 0.756409 1.612915
vt 0.786255 1.615356
vt 0.788696 1.626282
vt 0.762573 1.625732
vt 0.765076 1.634705
vt 0.293579 1.800232
vt 0.262756 1.799133
vt 0.289001 1.836670
vt 0.231384 1.825439
vt 0.188721 1.414001
vt 0.214905 1.367615
vt 0.154480 1.401306
vt 0.159302 1.366333
vt 0.125366 1.386841
vt 0.112244 1.393005
vt 0.154480 1.401306
vt 0.113220 1.433899
vt 0.154480 1.401306
vt 0.159302 1.366333
vt 0.125366 1.386841
vt 0.110413 1.360535
vt 0.922607 1.297241
vt 0.991211 1.291321
vt 0.922913 1.239624
vt 0.990173 1.242126
vt 0.922485 1.125244
vt 0.922913 1.239624
vt 0.992981 1.128174
vt 0.990173 1.242126
vt 0.140381 1.822021
vt 0.139709 1.801331
vt 0.158997 1.798706
vt 0.140381 1.822021
vt 0.988403 1.098145
vt 0.951904 1.051636
vt 0.952271 1.102600
vt 0.914246 1.098206
vt 0.829590 1.972046
vt 0.834534 1.936462
vt 0.780640 1.972961
vt 0.777039 1.938110
vt 0.913330 1.023315
vt 0.914490 1.056885
vt 0.951904 1.051636
vt 0.914246 1.098206
vt 0.836914 1.871399
vt 0.810547 1.885010
vt 0.834534 1.936462
vt 0.777039 1.938110
vt 0.362366 1.823669
vt 0.341797 1.834229
vt 0.372681 1.833130
vt 0.339722 1.849792
vt 0.462463 1.845703
vt 0.486450 1.866516
vt 0.475708 1.839600
vt 0.492126 1.853760
vt 0.112244 1.393005
vt 0.125366 1.386841
vt 0.111755 1.385376
vt 0.110413 1.360535
vt 0.433777 1.820007
vt 0.408203 1.816467
vt 0.436951 1.833618
vt 0.400757 1.828552
vt 0.862610 1.846558
vt 0.808655 1.834839
vt 0.836914 1.871399
vt 0.810547 1.885010
vt 0.276978 1.918152
vt 0.256897 1.915283
vt 0.280273 1.894836
vt 0.263916 1.888489
vt 0.280273 1.894836
vt 0.276978 1.918152
vt 0.312927 1.899536
vt 0.309631 1.922791
vt 0.400757 1.828552
vt 0.436951 1.833618
vt 0.485718 1.921753
vt 0.462463 1.845703
vt 0.485718 1.921753
vt 0.325012 1.922729
vt 0.400757 1.828552
vt 0.309631 1.922791
vt 0.339722 1.849792
vt 0.372681 1.833130
vt 0.309631 1.922791
vt 0.400757 1.828552
vt 0.987976 1.022217
vt 0.951904 1.051636
vt 0.987732 1.055908
vt 0.988403 1.098145
vt 0.987976 1.022217
vt 0.951660 1.017212
vt 0.951904 1.051636
vt 0.913330 1.023315
vt 0.494995 1.878296
vt 0.506775 1.904602
vt 0.508362 1.875977
vt 0.531921 1.879700
vt 0.810547 1.885010
vt 0.777039 1.938110
vt 0.768005 1.885376
vt 0.810547 1.885010
vt 0.321960 1.866455
vt 0.305115 1.896362
vt 0.282593 1.878052
vt 0.280457 1.881775
vt 0.587585 1.070801
vt 0.576416 1.160095
vt 0.646057 1.090759
vt 0.608521 1.170471
vt 0.675659 1.056763
vt 0.646057 1.090759
vt 0.652771 1.145081
vt 0.608521 1.170471
vt 0.579346 1.226624
vt 0.617615 1.273804
vt 0.648438 1.220947
vt 0.659241 1.288086
vt 0.675659 1.056763
vt 0.652771 1.145081
vt 0.714417 1.104980
vt 0.733398 1.144165
vt 0.828979 1.081726
vt 0.765381 1.078247
vt 0.795044 1.145752
vt 0.733398 1.144165
vt 0.856079 1.324646
vt 0.815918 1.346375
vt 0.838196 1.367737
vt 0.853271 1.394714
vt 0.826538 1.461182
vt 0.782532 1.493408
vt 0.833069 1.520386
vt 0.827881 1.527344
vt 0.659241 1.288086
vt 0.617615 1.273804
vt 0.591492 1.288269
vt 0.579346 1.226624
vt 0.648438 1.220947
vt 0.608521 1.170471
vt 0.579346 1.226624
vt 0.576416 1.160095
vt 0.861877 1.161865
vt 0.800720 1.215454
vt 0.848328 1.217896
vt 0.855042 1.274170
vt 0.815918 1.346375
vt 0.789185 1.280823
vt 0.776489 1.304382
vt 0.731689 1.282349
vt 0.591492 1.288269
vt 0.610291 1.343872
vt 0.659241 1.288086
vt 0.686279 1.353943
vt 0.907532 1.178833
vt 0.899414 1.117554
vt 0.861877 1.161865
vt 0.868896 1.109436
vt 0.760376 1.834045
vt 0.768005 1.885376
vt 0.808655 1.834839
vt 0.810547 1.885010
vt 0.952332 1.115845
vt 0.952271 1.102600
vt 0.991760 1.110535
vt 0.988403 1.098145
vt 0.829590 1.972046
vt 0.834534 1.936462
vt 0.850098 1.975708
vt 0.856323 1.939819
vt 0.792236 1.168518
vt 0.733154 1.166443
vt 0.795044 1.145752
vt 0.733398 1.144165
vt 0.388611 1.947388
vt 0.388916 1.957153
vt 0.393127 1.947388
vt 0.393250 1.957153
vt 0.421204 1.957153
vt 0.421509 1.947388
vt 0.430115 1.945312
vt 0.421631 1.941345
vt 0.336060 1.947388
vt 0.335938 1.957153
vt 0.342224 1.947388
vt 0.341980 1.957153
vt 0.358032 1.957153
vt 0.365417 1.957153
vt 0.358459 1.947388
vt 0.365906 1.947388
vt 0.413086 1.947388
vt 0.421509 1.947388
vt 0.413269 1.957153
vt 0.421204 1.957153
vt 0.411865 1.947388
vt 0.412537 1.957153
vt 0.413086 1.947388
vt 0.413269 1.957153
vt 0.856323 1.939819
vt 0.834534 1.936462
vt 0.858459 1.867737
vt 0.836914 1.871399
vt 0.311401 1.947388
vt 0.317200 1.947388
vt 0.311279 1.957153
vt 0.316650 1.957153
vt 0.378113 1.947388
vt 0.382080 1.947388
vt 0.378479 1.957153
vt 0.382385 1.957153
vt 0.400085 1.947388
vt 0.403015 1.957153
vt 0.411865 1.947388
vt 0.412537 1.957153
vt 0.786133 1.259277
vt 0.789185 1.280823
vt 0.730408 1.262451
vt 0.731689 1.282349
vt 0.324036 1.947388
vt 0.324036 1.957153
vt 0.317200 1.947388
vt 0.316650 1.957153
vt 0.345886 1.957153
vt 0.346436 1.947388
vt 0.354126 1.957153
vt 0.354492 1.947388
vt 0.369385 1.957153
vt 0.369934 1.947388
vt 0.378479 1.957153
vt 0.378113 1.947388
vt 0.327515 1.957153
vt 0.327881 1.947388
vt 0.331604 1.957153
vt 0.332031 1.947388
vt 0.324036 1.947388
vt 0.327881 1.947388
vt 0.324036 1.957153
vt 0.327515 1.957153
vt 0.336060 1.947388
vt 0.335938 1.957153
vt 0.332031 1.947388
vt 0.331604 1.957153
vt 0.358459 1.947388
vt 0.354492 1.947388
vt 0.358032 1.957153
vt 0.354126 1.957153
vt 0.365906 1.947388
vt 0.369934 1.947388
vt 0.365417 1.957153
vt 0.369385 1.957153
vt 0.342224 1.947388
vt 0.346436 1.947388
vt 0.341980 1.957153
vt 0.345886 1.957153
vt 0.914246 1.098206
vt 0.911133 1.110657
vt 0.952271 1.102600
vt 0.952332 1.115845
vt 0.661804 1.267212
vt 0.730408 1.262451
vt 0.659241 1.288086
vt 0.731689 1.282349
vt 0.913330 1.023315
vt 0.909973 1.010803
vt 0.951660 1.017212
vt 0.951538 1.004517
vt 0.987976 1.022217
vt 0.951660 1.017212
vt 0.991516 1.009644
vt 0.951538 1.004517
vt 0.382080 1.947388
vt 0.382385 1.957153
vt 0.388611 1.947388
vt 0.388916 1.957153
vt 0.652771 1.145081
vt 0.733398 1.144165
vt 0.657776 1.168030
vt 0.733154 1.166443
vt 0.733398 1.144165
vt 0.765381 1.078247
vt 0.714417 1.104980
vt 0.675659 1.056763
vt 0.675659 1.056763
vt 0.765381 1.078247
vt 0.740784 1.004883
vt 0.785828 1.014587
vt 0.856079 1.324646
vt 0.885559 1.321716
vt 0.855042 1.274170
vt 0.900452 1.264771
vt 0.620300 1.764771
vt 0.575562 1.731140
vt 0.586487 1.767822
vt 0.545227 1.783630
vt 0.532959 1.691406
vt 0.516602 1.710327
vt 0.575562 1.731140
vt 0.498352 1.732544
vt 0.532959 1.691406
vt 0.575562 1.731140
vt 0.619446 1.689087
vt 0.620300 1.764771
vt 0.507385 1.812683
vt 0.521057 1.799927
vt 0.496399 1.802979
vt 0.510864 1.779114
vt 0.510864 1.779114
vt 0.545227 1.783630
vt 0.510376 1.753723
vt 0.575562 1.731140
vt 0.545227 1.783630
vt 0.590881 1.789124
vt 0.586487 1.767822
vt 0.621277 1.786560
vt 0.515320 1.913757
vt 0.517212 1.926086
vt 0.507263 1.924927
vt 0.508423 1.926514
vt 0.507629 1.935913
vt 0.508423 1.926514
vt 0.516846 1.936279
vt 0.517212 1.926086
vt 0.505737 1.958069
vt 0.506714 1.946533
vt 0.515015 1.959595
vt 0.516296 1.947327
vt 0.534607 1.817322
vt 0.521057 1.799927
vt 0.522278 1.828064
vt 0.507385 1.812683
vt 0.555908 1.802979
vt 0.545227 1.783630
vt 0.534607 1.817322
vt 0.521057 1.799927
vt 0.506714 1.946533
vt 0.507629 1.935913
vt 0.516296 1.947327
vt 0.516846 1.936279
vt 0.532959 1.691406
vt 0.536011 1.678528
vt 0.619446 1.689087
vt 0.615540 1.667725
vt 0.507263 1.924927
vt 0.508423 1.926514
vt 0.505371 1.935852
vt 0.507629 1.935913
vt 0.504639 1.946167
vt 0.505371 1.935852
vt 0.506714 1.946533
vt 0.507629 1.935913
vt 0.505737 1.958069
vt 0.503784 1.958252
vt 0.506714 1.946533
vt 0.504639 1.946167
vt 0.308289 1.747925
vt 0.314392 1.745422
vt 0.331604 1.779297
vt 0.339539 1.775635
vt 0.293091 1.718079
vt 0.304565 1.718445
vt 0.308289 1.747925
vt 0.314392 1.745422
vt 0.293945 1.690002
vt 0.303528 1.695801
vt 0.293091 1.718079
vt 0.304565 1.718445
vt 0.829590 1.972046
vt 0.831604 1.994141
vt 0.780640 1.972961
vt 0.781372 1.995911
vt 0.104614 1.317261
vt 0.110413 1.360535
vt 0.158142 1.319885
vt 0.159302 1.366333
vt 0.482788 1.716431
vt 0.451416 1.747498
vt 0.386841 1.701294
vt 0.369568 1.783142
vt 0.508423 1.633057
vt 0.503845 1.666992
vt 0.386841 1.701294
vt 0.482788 1.716431
vt 0.386841 1.701294
vt 0.411377 1.657837
vt 0.508423 1.633057
vt 0.509521 1.604187
vt 0.304565 1.718445
vt 0.337463 1.684875
vt 0.386841 1.701294
vt 0.411377 1.657837
vt 0.544434 1.062195
vt 0.531799 1.067383
vt 0.533447 1.101318
vt 0.518127 1.079163
vt 0.331604 1.779297
vt 0.370605 1.788757
vt 0.339539 1.775635
vt 0.369568 1.783142
vt 0.518127 1.079163
vt 0.510254 1.091858
vt 0.533447 1.101318
vt 0.507141 1.123352
vt 0.113220 1.433899
vt 0.154480 1.401306
vt 0.151062 1.446167
vt 0.188721 1.414001
vt 0.127686 1.803467
vt 0.139709 1.801331
vt 0.129272 1.825012
vt 0.140381 1.822021
vt 0.211487 1.797546
vt 0.235962 1.798218
vt 0.231384 1.825439
vt 0.262756 1.799133
vt 0.237732 1.859436
vt 0.231384 1.825439
vt 0.266724 1.859985
vt 0.289001 1.836670
vt 0.644470 1.522278
vt 0.588867 1.578247
vt 0.553894 1.508179
vt 0.553894 1.582153
vt 0.293579 1.800232
vt 0.289001 1.836670
vt 0.262756 1.799133
vt 0.231384 1.825439
vt 0.691895 1.495972
vt 0.728210 1.532593
vt 0.678589 1.541931
vt 0.708191 1.569702
vt 0.688416 1.627441
vt 0.708191 1.569702
vt 0.722900 1.625427
vt 0.740356 1.598022
vt 0.776489 1.598816
vt 0.762573 1.625732
vt 0.756409 1.612915
vt 0.723267 1.646179
vt 0.678589 1.541931
vt 0.708191 1.569702
vt 0.642273 1.604675
vt 0.688416 1.627441
vt 0.231384 1.825439
vt 0.237732 1.859436
vt 0.196472 1.823730
vt 0.184570 1.860474
vt 0.642273 1.604675
vt 0.622375 1.583984
vt 0.678589 1.541931
vt 0.644470 1.522278
vt 0.110901 1.807739
vt 0.129272 1.825012
vt 0.119019 1.832153
vt 0.133057 1.854248
vt 0.765076 1.634705
vt 0.788696 1.626282
vt 0.762573 1.625732
vt 0.786255 1.615356
vt 0.112244 1.393005
vt 0.111755 1.385376
vt 0.125366 1.386841
vt 0.110413 1.360535
vt 0.125366 1.386841
vt 0.154480 1.401306
vt 0.112244 1.393005
vt 0.113220 1.433899
vt 0.196472 1.823730
vt 0.184570 1.860474
vt 0.152527 1.824646
vt 0.133057 1.854248
vt 0.990173 1.242126
vt 0.991211 1.291321
vt 0.922913 1.239624
vt 0.922607 1.297241
vt 0.990173 1.242126
vt 0.922913 1.239624
vt 0.992981 1.128174
vt 0.922485 1.125244
vt 0.988403 1.098145
vt 0.952271 1.102600
vt 0.951904 1.051636
vt 0.914246 1.098206
vt 0.777039 1.938110
vt 0.834534 1.936462
vt 0.780640 1.972961
vt 0.829590 1.972046
vt 0.913330 1.023315
vt 0.951904 1.051636
vt 0.914490 1.056885
vt 0.914246 1.098206
vt 0.836914 1.871399
vt 0.834534 1.936462
vt 0.810547 1.885010
vt 0.777039 1.938110
vt 0.362366 1.823669
vt 0.372681 1.833130
vt 0.341797 1.834229
vt 0.339722 1.849792
vt 0.492126 1.853760
vt 0.486450 1.866516
vt 0.475708 1.839600
vt 0.462463 1.845703
vt 0.400757 1.828552
vt 0.408203 1.816467
vt 0.436951 1.833618
vt 0.433777 1.820007
vt 0.810547 1.885010
vt 0.768005 1.885376
vt 0.808655 1.834839
vt 0.760376 1.834045
vt 0.810547 1.885010
vt 0.808655 1.834839
vt 0.836914 1.871399
vt 0.862610 1.846558
vt 0.503784 1.958252
vt 0.504639 1.946167
vt 0.483643 1.955872
vt 0.484619 1.943787
vt 0.504639 1.946167
vt 0.505371 1.935852
vt 0.484619 1.943787
vt 0.485046 1.932983
vt 0.505371 1.935852
vt 0.507263 1.924927
vt 0.485046 1.932983
vt 0.485718 1.921753
vt 0.494995 1.878296
vt 0.486450 1.866516
vt 0.485718 1.921753
vt 0.462463 1.845703
vt 0.263916 1.888489
vt 0.280273 1.894836
vt 0.256897 1.915283
vt 0.276978 1.918152
vt 0.309631 1.922791
vt 0.276978 1.918152
vt 0.312927 1.899536
vt 0.280273 1.894836
vt 0.400757 1.828552
vt 0.485718 1.921753
vt 0.436951 1.833618
vt 0.462463 1.845703
vt 0.485718 1.921753
vt 0.400757 1.828552
vt 0.325012 1.922729
vt 0.309631 1.922791
vt 0.339722 1.849792
vt 0.321960 1.866455
vt 0.312927 1.899536
vt 0.305115 1.896362
vt 0.987976 1.022217
vt 0.987732 1.055908
vt 0.951904 1.051636
vt 0.988403 1.098145
vt 0.987976 1.022217
vt 0.951904 1.051636
vt 0.951660 1.017212
vt 0.913330 1.023315
vt 0.494995 1.878296
vt 0.508362 1.875977
vt 0.506775 1.904602
vt 0.531921 1.879700
vt 0.321960 1.866455
vt 0.282593 1.878052
vt 0.305115 1.896362
vt 0.280457 1.881775
vt 0.608521 1.170471
vt 0.576416 1.160095
vt 0.646057 1.090759
vt 0.587585 1.070801
vt 0.675659 1.056763
vt 0.652771 1.145081
vt 0.646057 1.090759
vt 0.608521 1.170471
vt 0.579346 1.226624
vt 0.648438 1.220947
vt 0.617615 1.273804
vt 0.659241 1.288086
vt 0.675659 1.056763
vt 0.714417 1.104980
vt 0.652771 1.145081
vt 0.733398 1.144165
vt 0.688721 1.477722
vt 0.664551 1.444641
vt 0.702759 1.415222
vt 0.634644 1.395752
vt 0.789185 1.280823
vt 0.855042 1.274170
vt 0.815918 1.346375
vt 0.856079 1.324646
vt 0.856079 1.324646
vt 0.838196 1.367737
vt 0.815918 1.346375
vt 0.853271 1.394714
vt 0.727844 1.446106
vt 0.775818 1.412964
vt 0.782532 1.493408
vt 0.824707 1.439148
vt 0.861877 1.161865
vt 0.879578 1.191956
vt 0.848328 1.217896
vt 0.875793 1.246765
vt 0.659241 1.288086
vt 0.591492 1.288269
vt 0.617615 1.273804
vt 0.579346 1.226624
vt 0.775818 1.412964
vt 0.727844 1.446106
vt 0.702759 1.415222
vt 0.688721 1.477722
vt 0.815918 1.346375
vt 0.776489 1.304382
vt 0.789185 1.280823
vt 0.731689 1.282349
vt 0.591492 1.288269
vt 0.659241 1.288086
vt 0.610291 1.343872
vt 0.686279 1.353943
vt 0.800720 1.215454
vt 0.795044 1.145752
vt 0.861877 1.161865
vt 0.828979 1.081726
vt 0.988403 1.098145
vt 0.991760 1.110535
vt 0.952271 1.102600
vt 0.952332 1.115845
vt 0.781372 1.995911
vt 0.831604 1.994141
vt 0.780640 1.972961
vt 0.829590 1.972046
vt 0.856323 1.939819
vt 0.834534 1.936462
vt 0.850098 1.975708
vt 0.829590 1.972046
vt 0.733398 1.144165
vt 0.733154 1.166443
vt 0.795044 1.145752
vt 0.792236 1.168518
vt 0.393250 1.957153
vt 0.393127 1.947388
vt 0.388916 1.957153
vt 0.388611 1.947388
vt 0.393250 1.957153
vt 0.400696 1.957153
vt 0.393127 1.947388
vt 0.400085 1.947388
vt 0.341980 1.957153
vt 0.335938 1.957153
vt 0.342224 1.947388
vt 0.336060 1.947388
vt 0.365906 1.947388
vt 0.365417 1.957153
vt 0.358459 1.947388
vt 0.358032 1.957153
vt 0.421204 1.957153
vt 0.421509 1.947388
vt 0.413269 1.957153
vt 0.413086 1.947388
vt 0.413269 1.957153
vt 0.412537 1.957153
vt 0.413086 1.947388
vt 0.411865 1.947388
vt 0.836914 1.871399
vt 0.834534 1.936462
vt 0.858459 1.867737
vt 0.856323 1.939819
vt 0.316650 1.957153
vt 0.311279 1.957153
vt 0.317200 1.947388
vt 0.311401 1.947388
vt 0.382385 1.957153
vt 0.382080 1.947388
vt 0.378479 1.957153
vt 0.378113 1.947388
vt 0.731689 1.282349
vt 0.789185 1.280823
vt 0.730408 1.262451
vt 0.786133 1.259277
vt 0.316650 1.957153
vt 0.317200 1.947388
vt 0.324036 1.957153
vt 0.324036 1.947388
vt 0.354492 1.947388
vt 0.346436 1.947388
vt 0.354126 1.957153
vt 0.345886 1.957153
vt 0.378113 1.947388
vt 0.369934 1.947388
vt 0.378479 1.957153
vt 0.369385 1.957153
vt 0.332031 1.947388
vt 0.327881 1.947388
vt 0.331604 1.957153
vt 0.327515 1.957153
vt 0.327515 1.957153
vt 0.327881 1.947388
vt 0.324036 1.957153
vt 0.324036 1.947388
vt 0.331604 1.957153
vt 0.335938 1.957153
vt 0.332031 1.947388
vt 0.336060 1.947388
vt 0.354126 1.957153
vt 0.354492 1.947388
vt 0.358032 1.957153
vt 0.358459 1.947388
vt 0.369385 1.957153
vt 0.369934 1.947388
vt 0.365417 1.957153
vt 0.365906 1.947388
vt 0.345886 1.957153
vt 0.346436 1.947388
vt 0.341980 1.957153
vt 0.342224 1.947388
vt 0.952332 1.115845
vt 0.952271 1.102600
vt 0.911133 1.110657
vt 0.914246 1.098206
vt 0.731689 1.282349
vt 0.730408 1.262451
vt 0.659241 1.288086
vt 0.661804 1.267212
vt 0.951538 1.004517
vt 0.909973 1.010803
vt 0.951660 1.017212
vt 0.913330 1.023315
vt 0.951538 1.004517
vt 0.951660 1.017212
vt 0.991516 1.009644
vt 0.987976 1.022217
vt 0.388916 1.957153
vt 0.382385 1.957153
vt 0.388611 1.947388
vt 0.382080 1.947388
vt 0.733154 1.166443
vt 0.733398 1.144165
vt 0.657776 1.168030
vt 0.652771 1.145081
vt 0.733398 1.144165
vt 0.714417 1.104980
vt 0.765381 1.078247
vt 0.675659 1.056763
vt 0.675659 1.056763
vt 0.740784 1.004883
vt 0.765381 1.078247
vt 0.785828 1.014587
vt 0.856079 1.324646
vt 0.855042 1.274170
vt 0.885559 1.321716
vt 0.900452 1.264771
vt 0.620300 1.764771
vt 0.586487 1.767822
vt 0.575562 1.731140
vt 0.545227 1.783630
vt 0.532959 1.691406
vt 0.575562 1.731140
vt 0.516602 1.710327
vt 0.498352 1.732544
vt 0.532959 1.691406
vt 0.619446 1.689087
vt 0.575562 1.731140
vt 0.620300 1.764771
vt 0.507385 1.812683
vt 0.496399 1.802979
vt 0.521057 1.799927
vt 0.510864 1.779114
vt 0.532959 1.691406
vt 0.619446 1.689087
vt 0.536011 1.678528
vt 0.615540 1.667725
vt 0.507629 1.935913
vt 0.508423 1.926514
vt 0.505371 1.935852
vt 0.507263 1.924927
vt 0.504639 1.946167
vt 0.506714 1.946533
vt 0.505371 1.935852
vt 0.507629 1.935913
vt 0.505737 1.958069
vt 0.506714 1.946533
vt 0.503784 1.958252
vt 0.504639 1.946167
vt 0.152527 1.824646
vt 0.140381 1.822021
vt 0.133057 1.854248
vt 0.129272 1.825012
vt 0.151062 1.446167
vt 0.113220 1.433899
vt 0.111206 1.451050
vt 0.151062 1.446167
vt 0.518127 1.079163
vt 0.533447 1.101318
vt 0.510254 1.091858
vt 0.507141 1.123352
vt 0.158142 1.319885
vt 0.159302 1.366333
vt 0.216187 1.331970
vt 0.214905 1.367615
vt 0.113220 1.433899
vt 0.151062 1.446167
vt 0.154480 1.401306
vt 0.188721 1.414001
vt 0.536438 1.140198
vt 0.533447 1.101318
vt 0.544495 1.138306
vt 0.546082 1.096802
vt 0.503845 1.666992
vt 0.508423 1.633057
vt 0.510193 1.669373
vt 0.517334 1.628662
vt 0.339539 1.775635
vt 0.386841 1.701294
vt 0.314392 1.745422
vt 0.304565 1.718445
vt 0.509521 1.604187
vt 0.411377 1.657837
vt 0.508423 1.633057
vt 0.386841 1.701294
vt 0.533447 1.101318
vt 0.544434 1.062195
vt 0.546082 1.096802
vt 0.552612 1.059204
vt 0.544434 1.062195
vt 0.533447 1.101318
vt 0.531799 1.067383
vt 0.518127 1.079163
vt 0.456787 1.753296
vt 0.370605 1.788757
vt 0.451416 1.747498
vt 0.369568 1.783142
vt 0.508423 1.633057
vt 0.386841 1.701294
vt 0.503845 1.666992
vt 0.482788 1.716431
vt 0.482788 1.716431
vt 0.386841 1.701294
vt 0.451416 1.747498
vt 0.369568 1.783142
vt 0.508423 1.633057
vt 0.509521 1.604187
vt 0.517334 1.628662
vt 0.513794 1.597412
vt 0.451416 1.747498
vt 0.482788 1.716431
vt 0.456787 1.753296
vt 0.489075 1.719421
vt 0.482788 1.716431
vt 0.503845 1.666992
vt 0.489075 1.719421
vt 0.510193 1.669373
vt 0.403137 1.640381
vt 0.337463 1.684875
vt 0.293945 1.690002
vt 0.303528 1.695801
vt 0.369568 1.783142
vt 0.451416 1.747498
vt 0.370605 1.788757
vt 0.456787 1.753296
vt 0.509521 1.604187
vt 0.513794 1.597412
vt 0.411377 1.657837
vt 0.403137 1.640381
vt 0.451416 1.747498
vt 0.456787 1.753296
vt 0.482788 1.716431
vt 0.489075 1.719421
vt 0.503845 1.666992
vt 0.510193 1.669373
vt 0.508423 1.633057
vt 0.517334 1.628662
vt 0.509521 1.604187
vt 0.513794 1.597412
vt 0.303528 1.695801
vt 0.337463 1.684875
vt 0.293945 1.690002
vt 0.403137 1.640381
vt 0.411377 1.657837
vt 0.411377 1.657837
vt 0.337463 1.684875
vt 0.386841 1.701294
vt 0.304565 1.718445
vt 0.303528 1.695801
vt 0.553894 1.582153
vt 0.588867 1.578247
vt 0.553894 1.508179
vt 0.644470 1.522278
vt 0.622375 1.583984
vt 0.691895 1.495972
vt 0.678589 1.541931
vt 0.728210 1.532593
vt 0.708191 1.569702
vt 0.642273 1.604675
vt 0.688416 1.627441
vt 0.688416 1.627441
vt 0.723267 1.646179
vt 0.722900 1.625427
vt 0.756409 1.612915
vt 0.762573 1.625732
vt 0.776489 1.598816
vt 0.786255 1.615356
vt 0.231384 1.825439
vt 0.196472 1.823730
vt 0.237732 1.859436
vt 0.184570 1.860474
vt 0.152527 1.824646
vt 0.133057 1.854248
vt 0.642273 1.604675
vt 0.678589 1.541931
vt 0.622375 1.583984
vt 0.644470 1.522278
vt 0.691895 1.495972
vt 0.650452 1.471436
vt 0.133057 1.854248
vt 0.129272 1.825012
vt 0.119019 1.832153
vt 0.110901 1.807739
vt 0.127686 1.803467
vt 0.129272 1.825012
vt 0.196472 1.823730
vt 0.188843 1.797241
vt 0.158997 1.798706
vt 0.196472 1.823730
vt 0.211487 1.797546
vt 0.231384 1.825439
vt 0.503784 1.958252
vt 0.483643 1.955872
vt 0.504639 1.946167
vt 0.484619 1.943787
vt 0.505371 1.935852
vt 0.485046 1.932983
vt 0.507263 1.924927
vt 0.485718 1.921753
vt 0.462463 1.845703
vt 0.486450 1.866516
vt 0.485718 1.921753
vt 0.494995 1.878296
vt 0.506775 1.904602
vt 0.507263 1.924927
vt 0.485718 1.921753
vt 0.515320 1.913757
vt 0.506775 1.904602
vt 0.512451 1.903015
vt 0.305115 1.896362
vt 0.321960 1.866455
vt 0.312927 1.899536
vt 0.339722 1.849792
vt 0.309631 1.922791
vt 0.731689 1.282349
vt 0.746216 1.362854
vt 0.776489 1.304382
vt 0.815918 1.346375
vt 0.775818 1.412964
vt 0.853271 1.394714
vt 0.824707 1.439148
vt 0.610291 1.343872
vt 0.634644 1.395752
vt 0.686279 1.353943
vt 0.702759 1.415222
vt 0.664551 1.444641
vt 0.688721 1.477722
vt 0.856079 1.324646
vt 0.855042 1.274170
vt 0.815918 1.346375
vt 0.789185 1.280823
vt 0.800720 1.215454
vt 0.688721 1.477722
vt 0.727844 1.446106
vt 0.702759 1.415222
vt 0.775818 1.412964
vt 0.782532 1.493408
vt 0.824707 1.439148
vt 0.826538 1.461182
vt 0.857056 1.064636
vt 0.828979 1.081726
vt 0.868896 1.109436
vt 0.861877 1.161865
vt 0.795044 1.145752
vt 0.800720 1.215454
vt 0.900452 1.264771
vt 0.875793 1.246765
vt 0.855042 1.274170
vt 0.848328 1.217896
vt 0.879578 1.191956
vt 0.861877 1.161865
vt 0.907532 1.178833
vt 0.765381 1.078247
vt 0.828979 1.081726
vt 0.785828 1.014587
vt 0.838135 1.019409
vt 0.857056 1.064636
vt 0.881409 1.044861
vt 0.659241 1.288086
vt 0.686279 1.353943
vt 0.731689 1.282349
vt 0.746216 1.362854
vt 0.702759 1.415222
vt 0.775818 1.412964
vt 0.393250 1.957153
vt 0.393127 1.947388
vt 0.400696 1.957153
vt 0.400085 1.947388
vt 0.403015 1.957153
vt 0.509521 1.604187
vt 0.411377 1.657837
vt 0.513794 1.597412
vt 0.403137 1.640381
vt 0.337463 1.684875
vt 0.293945 1.690002
vt 0.293091 1.718079
vt 0.303528 1.695801
vt 0.304565 1.718445
vt 0.308289 1.747925
vt 0.314392 1.745422
vt 0.331604 1.779297
vt 0.339539 1.775635
vt 0.370605 1.788757
vt 0.369568 1.783142
vt 0.536438 1.140198
vt 0.544495 1.138306
vt 0.533447 1.101318
vt 0.546082 1.096802
vt 0.544434 1.062195
vt 0.552612 1.059204
vt 0.304565 1.718445
vt 0.386841 1.701294
vt 0.314392 1.745422
vt 0.339539 1.775635
vt 0.369568 1.783142
vt 0.104614 1.317261
vt 0.158142 1.319885
vt 0.110413 1.360535
vt 0.159302 1.366333
vt 0.216187 1.331970
vt 0.214905 1.367615
vt 0.129272 1.825012
vt 0.140381 1.822021
vt 0.133057 1.854248
vt 0.152527 1.824646
vt 0.158997 1.798706
vt 0.196472 1.823730
vt 0.553894 1.451538
vt 0.650452 1.471436
vt 0.553894 1.508179
vt 0.644470 1.522278
vt 0.691895 1.495972
vt 0.678589 1.541931
vt 0.728210 1.532593
vt 0.758850 1.577332
vt 0.708191 1.569702
vt 0.740356 1.598022
vt 0.776489 1.598816
vt 0.756409 1.612915
vt 0.688416 1.627441
vt 0.722900 1.625427
vt 0.723267 1.646179
vt 0.756409 1.612915
vt 0.740356 1.598022
vt 0.110413 1.360535
vt 0.159302 1.366333
vt 0.125366 1.386841
vt 0.154480 1.401306
vt 0.214905 1.367615
vt 0.188721 1.414001
vt 0.508423 1.926514
vt 0.517212 1.926086
vt 0.507263 1.924927
vt 0.515320 1.913757
vt 0.485718 1.921753
vt 0.506775 1.904602
vt 0.494995 1.878296
vt 0.400757 1.828552
vt 0.372681 1.833130
vt 0.309631 1.922791
vt 0.339722 1.849792
vt 0.312927 1.899536
vt 0.659241 1.288086
vt 0.731689 1.282349
vt 0.686279 1.353943
vt 0.746216 1.362854
vt 0.776489 1.304382
vt 0.815918 1.346375
vt 0.733398 1.144165
vt 0.765381 1.078247
vt 0.795044 1.145752
vt 0.828979 1.081726
vt 0.785828 1.014587
vt 0.838135 1.019409
vt 0.610291 1.343872
vt 0.686279 1.353943
vt 0.634644 1.395752
vt 0.702759 1.415222
vt 0.746216 1.362854
vt 0.775818 1.412964
vt 0.815918 1.346375
vt 0.853271 1.394714
vt 0.857056 1.064636
vt 0.868896 1.109436
vt 0.828979 1.081726
vt 0.861877 1.161865
vt 0.899414 1.117554
vt 0.907532 1.178833
vt 0.827881 1.527344
vt 0.782532 1.493408
vt 0.833069 1.520386
vt 0.826538 1.461182
vt 0.824707 1.439148
vt 0.576416 1.160095
vt 0.608521 1.170471
vt 0.579346 1.226624
vt 0.648438 1.220947
vt 0.652771 1.145081
vt 0.900452 1.264771
vt 0.855042 1.274170
vt 0.875793 1.246765
vt 0.848328 1.217896
vt 0.800720 1.215454
vt 0.861877 1.161865
vt 0.828979 1.081726
vt 0.838135 1.019409
vt 0.857056 1.064636
vt 0.881409 1.044861
vt 0.868042 1.013123
vt 0.421631 1.941345
vt 0.421509 1.947388
vt 0.430115 1.945312
vt 0.421204 1.957153
vt 0.431458 1.957153
vt 0.412537 1.957153
vt 0.403015 1.957153
vt 0.411865 1.947388
vt 0.400085 1.947388
vt 0.400696 1.957153
vt 0.575562 1.731140
vt 0.545227 1.783630
vt 0.510376 1.753723
vt 0.510864 1.779114
vt 0.521057 1.799927
vt 0.621277 1.786560
vt 0.590881 1.789124
vt 0.586487 1.767822
vt 0.545227 1.783630
vt 0.555908 1.802979
vt 0.505737 1.958069
vt 0.515015 1.959595
vt 0.506714 1.946533
vt 0.516296 1.947327
vt 0.507629 1.935913
vt 0.516846 1.936279
vt 0.508423 1.926514
vt 0.517212 1.926086
vt 0.555908 1.802979
vt 0.534607 1.817322
vt 0.545227 1.783630
vt 0.521057 1.799927
vt 0.522278 1.828064
vt 0.507385 1.812683
vt 0.922424 1.460205
vt 0.868347 1.472900
vt 0.856750 1.432312
vt 0.341736 1.959167
vt 0.348572 1.959167
vt 0.346863 1.967224
vt 0.956299 1.989868
vt 0.904785 1.980774
vt 0.917786 1.905090
vt 0.893860 1.626282
vt 0.950256 1.602051
vt 0.951111 1.668518
vt 0.009094 1.065552
vt 0.019897 1.101135
vt 0.071655 1.086121
vt 0.251038 1.048523
vt 0.200378 1.090027
vt 0.261902 1.084045
vt 0.348572 1.959167
vt 0.346863 1.967224
vt 0.358459 1.967224
vt 0.341736 1.959167
vt 0.346863 1.967224
vt 0.348572 1.959167
vt 0.956299 1.989868
vt 0.917786 1.905090
vt 0.904785 1.980774
vt 0.009094 1.065552
vt 0.071655 1.086121
vt 0.019897 1.101135
vt 0.993164 1.735840
vt 0.994263 1.676086
vt 0.951843 1.729919
vt 0.951111 1.668518
vt 0.985352 1.557434
vt 0.950256 1.602051
vt 0.991638 1.616577
vt 0.951111 1.668518
vt 0.878906 1.515991
vt 0.887878 1.570862
vt 0.939514 1.524109
vt 0.927429 1.565430
vt 0.927429 1.565430
vt 0.887878 1.570862
vt 0.950256 1.602051
vt 0.893860 1.626282
vt 0.980835 1.855164
vt 0.917786 1.905090
vt 0.971497 1.914490
vt 0.956299 1.989868
vt 0.935974 1.798645
vt 0.929016 1.846008
vt 0.980835 1.855164
vt 0.917786 1.905090
vt 0.935974 1.798645
vt 0.988281 1.795532
vt 0.980835 1.855164
vt 0.935974 1.798645
vt 0.922424 1.460205
vt 0.961548 1.441406
vt 0.975159 1.498901
vt 0.922424 1.460205
vt 0.951111 1.668518
vt 0.991638 1.616577
vt 0.994263 1.676086
vt 0.951111 1.668518
vt 0.311646 1.967102
vt 0.321167 1.967163
vt 0.311157 1.959167
vt 0.321106 1.959167
vt 0.346863 1.967224
vt 0.341736 1.959167
vt 0.334961 1.967224
vt 0.335144 1.959167
vt 0.334961 1.967224
vt 0.321167 1.967163
vt 0.335144 1.959167
vt 0.321106 1.959167
vt 0.416992 1.967346
vt 0.417419 1.959167
vt 0.407776 1.967346
vt 0.407471 1.959167
vt 0.407776 1.967346
vt 0.407471 1.959167
vt 0.398987 1.967224
vt 0.399719 1.959167
vt 0.429749 1.967346
vt 0.430603 1.959167
vt 0.416992 1.967346
vt 0.417419 1.959167
vt 0.438599 1.967407
vt 0.439148 1.959167
vt 0.429749 1.967346
vt 0.430603 1.959167
vt 0.491089 1.040771
vt 0.459900 1.065796
vt 0.439392 1.027527
vt 0.409363 1.094971
vt 0.922424 1.460205
vt 0.961548 1.441406
vt 0.906677 1.401306
vt 0.944580 1.384949
vt 0.939514 1.524109
vt 0.922424 1.460205
vt 0.878906 1.515991
vt 0.868347 1.472900
vt 0.261902 1.084045
vt 0.310974 1.083557
vt 0.251038 1.048523
vt 0.313293 1.011414
vt 0.310974 1.083557
vt 0.359863 1.087219
vt 0.373047 1.052612
vt 0.409363 1.094971
vt 0.935974 1.798645
vt 0.951843 1.729919
vt 0.988281 1.795532
vt 0.993164 1.735840
vt 0.951111 1.668518
vt 0.994263 1.676086
vt 0.951843 1.729919
vt 0.993164 1.735840
vt 0.985352 1.557434
vt 0.991638 1.616577
vt 0.950256 1.602051
vt 0.951111 1.668518
vt 0.950256 1.602051
vt 0.927429 1.565430
vt 0.985352 1.557434
vt 0.939514 1.524109
vt 0.878906 1.515991
vt 0.939514 1.524109
vt 0.887878 1.570862
vt 0.927429 1.565430
vt 0.927429 1.565430
vt 0.950256 1.602051
vt 0.887878 1.570862
vt 0.893860 1.626282
vt 0.922424 1.460205
vt 0.856750 1.432312
vt 0.906677 1.401306
vt 0.886353 1.365356
vt 0.321106 1.959167
vt 0.311157 1.959167
vt 0.321167 1.967163
vt 0.311646 1.967102
vt 0.399719 1.959167
vt 0.398987 1.967224
vt 0.384094 1.959167
vt 0.384583 1.967224
vt 0.335144 1.959167
vt 0.341736 1.959167
vt 0.334961 1.967224
vt 0.346863 1.967224
vt 0.384094 1.959167
vt 0.384583 1.967224
vt 0.375000 1.959167
vt 0.370056 1.967224
vt 0.358459 1.967224
vt 0.368347 1.959167
vt 0.370056 1.967224
vt 0.375000 1.959167
vt 0.321106 1.959167
vt 0.321167 1.967163
vt 0.335144 1.959167
vt 0.334961 1.967224
vt 0.430603 1.959167
vt 0.439148 1.959167
vt 0.429749 1.967346
vt 0.438599 1.967407
vt 0.491089 1.040771
vt 0.439392 1.027527
vt 0.459900 1.065796
vt 0.409363 1.094971
vt 0.951111 1.668518
vt 0.893921 1.727356
vt 0.951843 1.729919
vt 0.935974 1.798645
vt 0.993164 1.735840
vt 0.951843 1.729919
vt 0.988281 1.795532
vt 0.935974 1.798645
vt 0.409363 1.094971
vt 0.359863 1.087219
vt 0.373047 1.052612
vt 0.310974 1.083557
vt 0.200378 1.090027
vt 0.145081 1.064697
vt 0.144348 1.027527
vt 0.102417 1.037048
vt 0.145081 1.064697
vt 0.109070 1.074646
vt 0.102417 1.037048
vt 0.061523 1.048218
vt 0.109070 1.074646
vt 0.071655 1.086121
vt 0.061523 1.048218
vt 0.009094 1.065552
vt 0.313293 1.011414
vt 0.251038 1.048523
vt 0.249512 1.012878
vt 0.186218 1.019409
vt 0.310974 1.083557
vt 0.373047 1.052612
vt 0.313293 1.011414
vt 0.376831 1.017029
vt 0.376831 1.017029
vt 0.373047 1.052612
vt 0.439392 1.027527
vt 0.409363 1.094971
vt 0.376831 1.017029
vt 0.439392 1.027527
vt 0.373047 1.052612
vt 0.409363 1.094971
vt 0.009094 1.065552
vt 0.071655 1.086121
vt 0.061523 1.048218
vt 0.109070 1.074646
vt 0.102417 1.037048
vt 0.145081 1.064697
vt 0.144348 1.027527
vt 0.200378 1.090027
vt 0.186218 1.019409
vt 0.251038 1.048523
vt 0.249512 1.012878
vt 0.313293 1.011414
vt 0.376831 1.017029
vt 0.373047 1.052612
vt 0.313293 1.011414
vt 0.310974 1.083557
vt 0.251038 1.048523
vt 0.261902 1.084045
vt 0.919250 1.314880
vt 0.886353 1.365356
vt 0.944580 1.384949
vt 0.906677 1.401306
vt 0.856750 1.432312
vt 0.922424 1.460205
vt 0.868347 1.472900
vt 0.922424 1.460205
vt 0.939514 1.524109
vt 0.975159 1.498901
vt 0.985352 1.557434
vt 0.927429 1.565430
vt 0.950256 1.602051
vt 0.893921 1.727356
vt 0.951111 1.668518
vt 0.895264 1.670898
vt 0.893860 1.626282
vt 0.950256 1.602051
vt 0.399719 1.959167
vt 0.384094 1.959167
vt 0.398987 1.967224
vt 0.384583 1.967224
vt 0.375000 1.959167
vt 0.370056 1.967224
vt 0.368347 1.959167
vt 0.358459 1.967224
vt 0.357727 1.959167
vt 0.348572 1.959167
vt 0.144348 1.027527
vt 0.186218 1.019409
vt 0.200378 1.090027
vt 0.251038 1.048523
vt 0.261902 1.084045
vt 0.922424 1.460205
vt 0.906677 1.401306
vt 0.961548 1.441406
vt 0.944580 1.384949
vt 0.886353 1.365356
vt 0.919250 1.314880
vt 0.935974 1.798645
vt 0.893921 1.727356
vt 0.951843 1.729919
vt 0.951111 1.668518
vt 0.895264 1.670898
vt 0.893860 1.626282
vt 0.868347 1.472900
vt 0.922424 1.460205
vt 0.878906 1.515991
vt 0.939514 1.524109
vt 0.975159 1.498901
vt 0.985352 1.557434
vt 0.956299 1.989868
vt 0.917786 1.905090
vt 0.971497 1.914490
vt 0.980835 1.855164
vt 0.929016 1.846008
vt 0.935974 1.798645
vt 0.368347 1.959167
vt 0.358459 1.967224
vt 0.357727 1.959167
vt 0.348572 1.959167
vt 0.346863 1.967224
vt 0.429749 1.967346
vt 0.416992 1.967346
vt 0.430603 1.959167
vt 0.417419 1.959167
vt 0.407776 1.967346
vt 0.407471 1.959167
vt 0.398987 1.967224
vt 0.399719 1.959167
vt 0.398926 1.517395
vt 0.419128 1.424316
vt 0.365784 1.472778
vt 0.241150 1.533936
vt 0.306580 1.510376
vt 0.218018 1.480835
vt 0.479004 1.455261
vt 0.471008 1.393921
vt 0.419128 1.424316
vt 0.041565 1.183594
vt 0.088196 1.189087
vt 0.043152 1.194336
vt 0.424194 1.196960
vt 0.411682 1.261230
vt 0.394592 1.245544
vt 0.360107 1.992859
vt 0.351929 1.982849
vt 0.359497 1.982788
vt 0.180237 1.118042
vt 0.231506 1.106628
vt 0.240540 1.207458
vt 0.284180 1.108826
vt 0.334229 1.199097
vt 0.240540 1.207458
vt 0.334656 1.125854
vt 0.284180 1.108826
vt 0.393494 1.116516
vt 0.442383 1.107910
vt 0.424194 1.196960
vt 0.470703 1.135864
vt 0.041565 1.183594
vt 0.060547 1.161072
vt 0.088196 1.189087
vt 0.123413 1.151245
vt 0.112549 1.277649
vt 0.073608 1.269592
vt 0.106812 1.235657
vt 0.062622 1.254150
vt 0.112549 1.277649
vt 0.106812 1.235657
vt 0.146301 1.215881
vt 0.088196 1.189087
vt 0.171692 1.287476
vt 0.240540 1.207458
vt 0.217346 1.290161
vt 0.277222 1.285095
vt 0.334229 1.199097
vt 0.334656 1.125854
vt 0.424194 1.196960
vt 0.393494 1.116516
vt 0.577271 1.302429
vt 0.588989 1.336365
vt 0.526794 1.334290
vt 0.549683 1.360718
vt 0.321899 1.274597
vt 0.372253 1.256592
vt 0.338440 1.291992
vt 0.372070 1.279907
vt 0.127075 1.730164
vt 0.122620 1.660034
vt 0.063416 1.714905
vt 0.065430 1.657776
vt 0.163086 1.660400
vt 0.122620 1.660034
vt 0.155762 1.689331
vt 0.127075 1.730164
vt 0.498108 1.508423
vt 0.479004 1.455261
vt 0.398926 1.517395
vt 0.419128 1.424316
vt 0.338135 1.421692
vt 0.283020 1.461792
vt 0.306580 1.510376
vt 0.218018 1.480835
vt 0.303528 1.374146
vt 0.338135 1.421692
vt 0.350464 1.368591
vt 0.407654 1.372925
vt 0.168396 1.457825
vt 0.218018 1.480835
vt 0.201538 1.424316
vt 0.250061 1.394409
vt 0.419128 1.424316
vt 0.471008 1.393921
vt 0.407654 1.372925
vt 0.487061 1.344238
vt 0.498108 1.508423
vt 0.537415 1.469788
vt 0.479004 1.455261
vt 0.537842 1.446655
vt 0.498108 1.508423
vt 0.441833 1.557434
vt 0.503845 1.540283
vt 0.468689 1.570801
vt 0.487061 1.344238
vt 0.471008 1.393921
vt 0.522156 1.358948
vt 0.527649 1.371277
vt 0.017334 1.832764
vt 0.023804 1.873474
vt 0.083862 1.834229
vt 0.076843 1.874634
vt 0.261719 1.645996
vt 0.196472 1.657532
vt 0.253845 1.675842
vt 0.210449 1.683716
vt 0.095764 1.602295
vt 0.171143 1.546082
vt 0.122925 1.547180
vt 0.143188 1.493713
vt 0.321899 1.979187
vt 0.322510 1.969543
vt 0.310974 1.979187
vt 0.311462 1.969604
vt 0.335022 1.979187
vt 0.335327 1.969543
vt 0.328064 1.979187
vt 0.328186 1.969604
vt 0.413574 1.992859
vt 0.414062 1.982788
vt 0.405945 1.992859
vt 0.405640 1.982849
vt 0.360107 1.992859
vt 0.350464 1.992859
vt 0.351929 1.982849
vt 0.346436 1.982849
vt 0.369751 1.992859
vt 0.360107 1.992859
vt 0.367310 1.982788
vt 0.359497 1.982788
vt 0.277222 1.285095
vt 0.240540 1.207458
vt 0.321899 1.274597
vt 0.334229 1.199097
vt 0.270813 1.307129
vt 0.228516 1.310669
vt 0.277222 1.285095
vt 0.217346 1.290161
vt 0.377869 1.979187
vt 0.382019 1.979187
vt 0.378235 1.969543
vt 0.382324 1.969666
vt 0.370178 1.979187
vt 0.366150 1.979187
vt 0.370361 1.969543
vt 0.366699 1.969604
vt 0.353577 1.979187
vt 0.357727 1.979187
vt 0.353760 1.969543
vt 0.358032 1.969604
vt 0.367310 1.982788
vt 0.373779 1.982788
vt 0.369751 1.992859
vt 0.379578 1.992859
vt 0.405945 1.992859
vt 0.405640 1.982849
vt 0.398926 1.992859
vt 0.399597 1.982788
vt 0.338318 1.992859
vt 0.326721 1.992859
vt 0.337769 1.982788
vt 0.325562 1.982788
vt 0.106812 1.235657
vt 0.087891 1.243774
vt 0.088196 1.189087
vt 0.068298 1.193787
vt 0.425354 1.979126
vt 0.416626 1.979126
vt 0.425659 1.969666
vt 0.416809 1.969666
vt 0.416626 1.979126
vt 0.416809 1.969666
vt 0.413208 1.979126
vt 0.413879 1.969666
vt 0.401306 1.979126
vt 0.401672 1.969543
vt 0.406006 1.979126
vt 0.406128 1.969727
vt 0.413208 1.979126
vt 0.413879 1.969666
vt 0.406006 1.979126
vt 0.406128 1.969727
vt 0.328064 1.979187
vt 0.328186 1.969604
vt 0.321899 1.979187
vt 0.322510 1.969543
vt 0.335022 1.979187
vt 0.338867 1.979248
vt 0.335327 1.969543
vt 0.339355 1.969604
vt 0.311218 1.992859
vt 0.319397 1.992859
vt 0.310913 1.982788
vt 0.319214 1.982788
vt 0.321411 1.992859
vt 0.319397 1.992859
vt 0.320923 1.982788
vt 0.319214 1.982788
vt 0.452087 1.992859
vt 0.457764 1.992859
vt 0.452454 1.982727
vt 0.458252 1.982727
vt 0.394531 1.979187
vt 0.394897 1.969604
vt 0.390442 1.979187
vt 0.390869 1.969666
vt 0.394531 1.979187
vt 0.401306 1.979126
vt 0.394897 1.969604
vt 0.401672 1.969543
vt 0.347290 1.979187
vt 0.343140 1.979248
vt 0.347412 1.969543
vt 0.343567 1.969604
vt 0.452087 1.992859
vt 0.452454 1.982727
vt 0.444458 1.992859
vt 0.444702 1.982727
vt 0.326721 1.992859
vt 0.321411 1.992859
vt 0.325562 1.982788
vt 0.320923 1.982788
vt 0.551147 1.250488
vt 0.485474 1.282654
vt 0.526306 1.207458
vt 0.424194 1.196960
vt 0.366699 1.969604
vt 0.358032 1.969604
vt 0.366150 1.979187
vt 0.357727 1.979187
vt 0.343140 1.979248
vt 0.343567 1.969604
vt 0.338867 1.979248
vt 0.339355 1.969604
vt 0.382324 1.969666
vt 0.382019 1.979187
vt 0.390869 1.969666
vt 0.390442 1.979187
vt 0.377869 1.979187
vt 0.378235 1.969543
vt 0.370178 1.979187
vt 0.370361 1.969543
vt 0.180237 1.118042
vt 0.146301 1.215881
vt 0.123413 1.151245
vt 0.088196 1.189087
vt 0.350464 1.992859
vt 0.338318 1.992859
vt 0.346436 1.982849
vt 0.337769 1.982788
vt 0.343933 1.648315
vt 0.393005 1.623474
vt 0.321655 1.627502
vt 0.391357 1.592224
vt 0.470703 1.135864
vt 0.500061 1.170105
vt 0.424194 1.196960
vt 0.526306 1.207458
vt 0.180237 1.118042
vt 0.240540 1.207458
vt 0.146301 1.215881
vt 0.171692 1.287476
vt 0.485474 1.282654
vt 0.448853 1.279114
vt 0.424194 1.196960
vt 0.411682 1.261230
vt 0.444458 1.992859
vt 0.444702 1.982727
vt 0.438599 1.992859
vt 0.439209 1.982788
vt 0.353577 1.979187
vt 0.353760 1.969543
vt 0.347290 1.979187
vt 0.347412 1.969543
vt 0.485474 1.282654
vt 0.551147 1.250488
vt 0.526794 1.334290
vt 0.577271 1.302429
vt 0.398926 1.517395
vt 0.365784 1.472778
vt 0.306580 1.510376
vt 0.338135 1.421692
vt 0.419128 1.424316
vt 0.407654 1.372925
vt 0.160400 1.307068
vt 0.123779 1.301025
vt 0.171692 1.287476
vt 0.112549 1.277649
vt 0.146301 1.215881
vt 0.083862 1.834229
vt 0.093872 1.757263
vt 0.061462 1.772461
vt 0.063416 1.714905
vt 0.127075 1.730164
vt 0.007446 1.654968
vt 0.007019 1.714417
vt 0.065430 1.657776
vt 0.063416 1.714905
vt 0.010559 1.773621
vt 0.061462 1.772461
vt 0.017334 1.832764
vt 0.083862 1.834229
vt 0.007446 1.654968
vt 0.065430 1.657776
vt 0.012756 1.595642
vt 0.095764 1.602295
vt 0.122620 1.660034
vt 0.176392 1.601746
vt 0.163086 1.660400
vt 0.196472 1.657532
vt 0.095764 1.602295
vt 0.176392 1.601746
vt 0.171143 1.546082
vt 0.255737 1.587402
vt 0.196472 1.657532
vt 0.261719 1.645996
vt 0.171143 1.546082
vt 0.255737 1.587402
vt 0.241150 1.533936
vt 0.306580 1.510376
vt 0.330750 1.559753
vt 0.398926 1.517395
vt 0.424194 1.196960
vt 0.394592 1.245544
vt 0.334229 1.199097
vt 0.372253 1.256592
vt 0.321899 1.274597
vt 0.012756 1.595642
vt 0.095764 1.602295
vt 0.020081 1.552795
vt 0.074890 1.526855
vt 0.122925 1.547180
vt 0.143188 1.493713
vt 0.241150 1.533936
vt 0.218018 1.480835
vt 0.171143 1.546082
vt 0.143188 1.493713
vt 0.168396 1.457825
vt 0.303528 1.374146
vt 0.250061 1.394409
vt 0.338135 1.421692
vt 0.283020 1.461792
vt 0.218018 1.480835
vt 0.261719 1.645996
vt 0.321655 1.627502
vt 0.255737 1.587402
vt 0.330750 1.559753
vt 0.391357 1.592224
vt 0.398926 1.517395
vt 0.441833 1.557434
vt 0.498108 1.508423
vt 0.439209 1.982788
vt 0.438599 1.992859
vt 0.430786 1.982727
vt 0.428955 1.992859
vt 0.422424 1.982788
vt 0.421326 1.992859
vt 0.414062 1.982788
vt 0.413574 1.992859
vt 0.399597 1.982788
vt 0.391174 1.982788
vt 0.398926 1.992859
vt 0.390259 1.992859
vt 0.379456 1.982788
vt 0.379578 1.992859
vt 0.373779 1.982788
vt 0.334229 1.199097
vt 0.321899 1.274597
vt 0.372253 1.256592
vt 0.398926 1.517395
vt 0.365784 1.472778
vt 0.419128 1.424316
vt 0.379578 1.992859
vt 0.379456 1.982788
vt 0.373779 1.982788
vt 0.250061 1.394409
vt 0.283020 1.461792
vt 0.218018 1.480835
vt 0.127075 1.730164
vt 0.093872 1.757263
vt 0.063416 1.714905
vt 0.424194 1.196960
vt 0.394592 1.245544
vt 0.411682 1.261230
vt 0.180237 1.118042
vt 0.240540 1.207458
vt 0.231506 1.106628
vt 0.284180 1.108826
vt 0.393494 1.116516
vt 0.424194 1.196960
vt 0.442383 1.107910
vt 0.470703 1.135864
vt 0.112549 1.277649
vt 0.106812 1.235657
vt 0.073608 1.269592
vt 0.062622 1.254150
vt 0.171692 1.287476
vt 0.217346 1.290161
vt 0.240540 1.207458
vt 0.277222 1.285095
vt 0.549683 1.360718
vt 0.588989 1.336365
vt 0.526794 1.334290
vt 0.577271 1.302429
vt 0.160400 1.307068
vt 0.171692 1.287476
vt 0.123779 1.301025
vt 0.112549 1.277649
vt 0.372070 1.279907
vt 0.372253 1.256592
vt 0.338440 1.291992
vt 0.321899 1.274597
vt 0.007446 1.654968
vt 0.012756 1.595642
vt 0.065430 1.657776
vt 0.095764 1.602295
vt 0.498108 1.508423
vt 0.398926 1.517395
vt 0.479004 1.455261
vt 0.419128 1.424316
vt 0.338135 1.421692
vt 0.365784 1.472778
vt 0.306580 1.510376
vt 0.398926 1.517395
vt 0.407654 1.372925
vt 0.419128 1.424316
vt 0.338135 1.421692
vt 0.365784 1.472778
vt 0.143188 1.493713
vt 0.122925 1.547180
vt 0.074890 1.526855
vt 0.095764 1.602295
vt 0.143188 1.493713
vt 0.218018 1.480835
vt 0.171143 1.546082
vt 0.241150 1.533936
vt 0.338135 1.421692
vt 0.306580 1.510376
vt 0.283020 1.461792
vt 0.218018 1.480835
vt 0.303528 1.374146
vt 0.350464 1.368591
vt 0.338135 1.421692
vt 0.407654 1.372925
vt 0.283020 1.461792
vt 0.250061 1.394409
vt 0.338135 1.421692
vt 0.303528 1.374146
vt 0.074890 1.526855
vt 0.095764 1.602295
vt 0.020081 1.552795
vt 0.012756 1.595642
vt 0.498108 1.508423
vt 0.479004 1.455261
vt 0.537415 1.469788
vt 0.537842 1.446655
vt 0.468689 1.570801
vt 0.441833 1.557434
vt 0.503845 1.540283
vt 0.498108 1.508423
vt 0.498108 1.508423
vt 0.441833 1.557434
vt 0.398926 1.517395
vt 0.391357 1.592224
vt 0.487061 1.344238
vt 0.522156 1.358948
vt 0.471008 1.393921
vt 0.527649 1.371277
vt 0.076843 1.874634
vt 0.023804 1.873474
vt 0.083862 1.834229
vt 0.017334 1.832764
vt 0.210449 1.683716
vt 0.196472 1.657532
vt 0.253845 1.675842
vt 0.261719 1.645996
vt 0.095764 1.602295
vt 0.122925 1.547180
vt 0.171143 1.546082
vt 0.143188 1.493713
vt 0.439209 1.982788
vt 0.430786 1.982727
vt 0.438599 1.992859
vt 0.428955 1.992859
vt 0.217346 1.290161
vt 0.228516 1.310669
vt 0.277222 1.285095
vt 0.270813 1.307129
vt 0.334229 1.199097
vt 0.334656 1.125854
vt 0.240540 1.207458
vt 0.284180 1.108826
vt 0.422424 1.982788
vt 0.421326 1.992859
vt 0.414062 1.982788
vt 0.413574 1.992859
vt 0.439209 1.982788
vt 0.438599 1.992859
vt 0.444702 1.982727
vt 0.444458 1.992859
vt 0.347412 1.969543
vt 0.353760 1.969543
vt 0.347290 1.979187
vt 0.353577 1.979187
vt 0.382324 1.969666
vt 0.382019 1.979187
vt 0.378235 1.969543
vt 0.377869 1.979187
vt 0.366699 1.969604
vt 0.370361 1.969543
vt 0.366150 1.979187
vt 0.370178 1.979187
vt 0.358032 1.969604
vt 0.357727 1.979187
vt 0.353760 1.969543
vt 0.353577 1.979187
vt 0.068298 1.193787
vt 0.087891 1.243774
vt 0.088196 1.189087
vt 0.106812 1.235657
vt 0.416809 1.969666
vt 0.416626 1.979126
vt 0.425659 1.969666
vt 0.425354 1.979126
vt 0.406128 1.969727
vt 0.406006 1.979126
vt 0.401672 1.969543
vt 0.401306 1.979126
vt 0.339355 1.969604
vt 0.338867 1.979248
vt 0.335327 1.969543
vt 0.335022 1.979187
vt 0.319214 1.982788
vt 0.319397 1.992859
vt 0.310913 1.982788
vt 0.311218 1.992859
vt 0.319214 1.982788
vt 0.319397 1.992859
vt 0.320923 1.982788
vt 0.321411 1.992859
vt 0.391174 1.982788
vt 0.390259 1.992859
vt 0.379456 1.982788
vt 0.379578 1.992859
vt 0.458252 1.982727
vt 0.457764 1.992859
vt 0.452454 1.982727
vt 0.452087 1.992859
vt 0.390869 1.969666
vt 0.394897 1.969604
vt 0.390442 1.979187
vt 0.394531 1.979187
vt 0.401672 1.969543
vt 0.401306 1.979126
vt 0.394897 1.969604
vt 0.394531 1.979187
vt 0.343567 1.969604
vt 0.347412 1.969543
vt 0.343140 1.979248
vt 0.347290 1.979187
vt 0.444702 1.982727
vt 0.452454 1.982727
vt 0.444458 1.992859
vt 0.452087 1.992859
vt 0.399597 1.982788
vt 0.398926 1.992859
vt 0.391174 1.982788
vt 0.390259 1.992859
vt 0.357727 1.979187
vt 0.358032 1.969604
vt 0.366150 1.979187
vt 0.366699 1.969604
vt 0.339355 1.969604
vt 0.343567 1.969604
vt 0.338867 1.979248
vt 0.343140 1.979248
vt 0.390442 1.979187
vt 0.382019 1.979187
vt 0.390869 1.969666
vt 0.382324 1.969666
vt 0.370361 1.969543
vt 0.378235 1.969543
vt 0.370178 1.979187
vt 0.377869 1.979187
vt 0.180237 1.118042
vt 0.123413 1.151245
vt 0.146301 1.215881
vt 0.088196 1.189087
vt 0.083862 1.834229
vt 0.017334 1.832764
vt 0.061462 1.772461
vt 0.010559 1.773621
vt 0.277222 1.285095
vt 0.321899 1.274597
vt 0.240540 1.207458
vt 0.334229 1.199097
vt 0.180237 1.118042
vt 0.146301 1.215881
vt 0.240540 1.207458
vt 0.171692 1.287476
vt 0.470703 1.135864
vt 0.424194 1.196960
vt 0.500061 1.170105
vt 0.526306 1.207458
vt 0.430786 1.982727
vt 0.428955 1.992859
vt 0.422424 1.982788
vt 0.421326 1.992859
vt 0.311462 1.969604
vt 0.322510 1.969543
vt 0.310974 1.979187
vt 0.321899 1.979187
vt 0.577271 1.302429
vt 0.551147 1.250488
vt 0.526794 1.334290
vt 0.485474 1.282654
vt 0.487061 1.344238
vt 0.471008 1.393921
vt 0.407654 1.372925
vt 0.419128 1.424316
vt 0.479004 1.455261
vt 0.393494 1.116516
vt 0.334656 1.125854
vt 0.424194 1.196960
vt 0.334229 1.199097
vt 0.394592 1.245544
vt 0.372253 1.256592
vt 0.123413 1.151245
vt 0.060547 1.161072
vt 0.088196 1.189087
vt 0.041565 1.183594
vt 0.043152 1.194336
vt 0.088196 1.189087
vt 0.106812 1.235657
vt 0.146301 1.215881
vt 0.112549 1.277649
vt 0.171692 1.287476
vt 0.083862 1.834229
vt 0.061462 1.772461
vt 0.093872 1.757263
vt 0.063416 1.714905
vt 0.010559 1.773621
vt 0.007019 1.714417
vt 0.127075 1.730164
vt 0.063416 1.714905
vt 0.122620 1.660034
vt 0.065430 1.657776
vt 0.007019 1.714417
vt 0.007446 1.654968
vt 0.127075 1.730164
vt 0.122620 1.660034
vt 0.155762 1.689331
vt 0.163086 1.660400
vt 0.176392 1.601746
vt 0.196472 1.657532
vt 0.255737 1.587402
vt 0.261719 1.645996
vt 0.065430 1.657776
vt 0.095764 1.602295
vt 0.122620 1.660034
vt 0.176392 1.601746
vt 0.171143 1.546082
vt 0.255737 1.587402
vt 0.241150 1.533936
vt 0.306580 1.510376
vt 0.218018 1.480835
vt 0.250061 1.394409
vt 0.218018 1.480835
vt 0.201538 1.424316
vt 0.168396 1.457825
vt 0.143188 1.493713
vt 0.411682 1.261230
vt 0.448853 1.279114
vt 0.424194 1.196960
vt 0.485474 1.282654
vt 0.526306 1.207458
vt 0.551147 1.250488
vt 0.261719 1.645996
vt 0.255737 1.587402
vt 0.321655 1.627502
vt 0.330750 1.559753
vt 0.306580 1.510376
vt 0.398926 1.517395
vt 0.335022 1.979187
vt 0.328064 1.979187
vt 0.335327 1.969543
vt 0.328186 1.969604
vt 0.321899 1.979187
vt 0.322510 1.969543
vt 0.413574 1.992859
vt 0.405945 1.992859
vt 0.414062 1.982788
vt 0.405640 1.982849
vt 0.398926 1.992859
vt 0.399597 1.982788
vt 0.337769 1.982788
vt 0.338318 1.992859
vt 0.346436 1.982849
vt 0.350464 1.992859
vt 0.351929 1.982849
vt 0.360107 1.992859
vt 0.359497 1.982788
vt 0.379578 1.992859
vt 0.373779 1.982788
vt 0.369751 1.992859
vt 0.367310 1.982788
vt 0.360107 1.992859
vt 0.359497 1.982788
vt 0.338318 1.992859
vt 0.337769 1.982788
vt 0.326721 1.992859
vt 0.325562 1.982788
vt 0.321411 1.992859
vt 0.320923 1.982788
vt 0.416626 1.979126
vt 0.413208 1.979126
vt 0.416809 1.969666
vt 0.413879 1.969666
vt 0.406006 1.979126
vt 0.406128 1.969727
vt 0.343933 1.648315
vt 0.321655 1.627502
vt 0.393005 1.623474
vt 0.391357 1.592224
vt 0.330750 1.559753
vt 0.398926 1.517395
vt 0.634521 1.732300
vt 0.692566 1.772339
vt 0.752869 1.724915
vt 0.692261 1.666382
vt 0.752869 1.724915
vt 0.753418 1.674561
vt 0.732788 1.209778
vt 0.753845 1.204895
vt 0.752075 1.220337
vt 0.414062 1.327576
vt 0.439453 1.323242
vt 0.418579 1.346130
vt 0.376892 1.325378
vt 0.397217 1.345398
vt 0.400635 1.327759
vt 0.024475 1.240173
vt 0.015259 1.238525
vt 0.019897 1.243164
vt 0.414062 1.327576
vt 0.439453 1.323242
vt 0.418579 1.346130
vt 0.376892 1.325378
vt 0.397217 1.345398
vt 0.400635 1.327759
vt 0.376892 1.325378
vt 0.400635 1.327759
vt 0.390747 1.305847
vt 0.414062 1.327576
vt 0.439453 1.323242
vt 0.418579 1.346130
vt 0.376892 1.325378
vt 0.397217 1.345398
vt 0.400635 1.327759
vt 0.376892 1.325378
vt 0.400635 1.327759
vt 0.390747 1.305847
vt 0.376892 1.325378
vt 0.400635 1.327759
vt 0.390747 1.305847
vt 0.172363 1.990234
vt 0.161987 1.965027
vt 0.092590 1.990051
vt 0.103333 1.959351
vt 0.111877 1.895874
vt 0.070068 1.893738
vt 0.104614 1.924927
vt 0.049622 1.923096
vt 0.036133 1.219604
vt 0.036194 1.235474
vt 0.030273 1.219666
vt 0.030273 1.235535
vt 0.009277 1.215881
vt 0.009338 1.231750
vt 0.030273 1.219666
vt 0.030273 1.235535
vt 0.167969 1.912537
vt 0.168091 1.895325
vt 0.120117 1.912109
vt 0.120300 1.894958
vt 0.698547 1.231873
vt 0.712036 1.218689
vt 0.684387 1.223206
vt 0.711487 1.204712
vt 0.024475 1.240173
vt 0.030273 1.235535
vt 0.015259 1.238525
vt 0.009338 1.231750
vt 0.760864 1.232544
vt 0.752075 1.220337
vt 0.776611 1.222961
vt 0.753845 1.204895
vt 0.760864 1.232544
vt 0.729248 1.238220
vt 0.752075 1.220337
vt 0.731262 1.224548
vt 0.633728 1.674194
vt 0.634521 1.732300
vt 0.692261 1.666382
vt 0.752869 1.724915
vt 0.699951 1.982178
vt 0.636353 1.940735
vt 0.700073 1.903442
vt 0.637573 1.891418
vt 0.213684 1.950684
vt 0.262024 1.950562
vt 0.207214 1.971313
vt 0.271729 1.970825
vt 0.246033 1.926941
vt 0.187866 1.927246
vt 0.213989 1.895569
vt 0.171875 1.895020
vt 0.637573 1.891418
vt 0.636353 1.940735
vt 0.573181 1.901917
vt 0.568787 1.975464
vt 0.573181 1.901917
vt 0.572571 1.842224
vt 0.637573 1.891418
vt 0.638062 1.835999
vt 0.700073 1.903442
vt 0.699951 1.982178
vt 0.718689 1.908447
vt 0.715149 1.977051
vt 0.637756 1.821777
vt 0.638062 1.835999
vt 0.698608 1.826416
vt 0.702026 1.841187
vt 0.702026 1.841187
vt 0.700073 1.903442
vt 0.717285 1.845215
vt 0.718689 1.908447
vt 0.699951 1.982178
vt 0.634766 1.982483
vt 0.695251 1.997314
vt 0.633911 1.997009
vt 0.568787 1.975464
vt 0.573181 1.901917
vt 0.554871 1.969177
vt 0.558105 1.897217
vt 0.572571 1.842224
vt 0.638062 1.835999
vt 0.575684 1.827637
vt 0.637756 1.821777
vt 0.573181 1.901917
vt 0.572571 1.842224
vt 0.558105 1.897217
vt 0.558167 1.846252
vt 0.633911 1.997009
vt 0.634766 1.982483
vt 0.571777 1.990601
vt 0.568787 1.975464
vt 0.692749 1.804016
vt 0.692566 1.772339
vt 0.633362 1.798340
vt 0.634521 1.732300
vt 0.752869 1.724915
vt 0.692566 1.772339
vt 0.754639 1.797180
vt 0.692749 1.804016
vt 0.187866 1.927246
vt 0.246033 1.926941
vt 0.213684 1.950684
vt 0.262024 1.950562
vt 0.407349 1.314758
vt 0.414062 1.327576
vt 0.407043 1.349060
vt 0.418579 1.346130
vt 0.207214 1.971313
vt 0.271729 1.970825
vt 0.204468 1.990051
vt 0.275146 1.989746
vt 0.397217 1.345398
vt 0.407043 1.349060
vt 0.400635 1.327759
vt 0.407349 1.314758
vt 0.407349 1.314758
vt 0.414062 1.327576
vt 0.407043 1.349060
vt 0.418579 1.346130
vt 0.407043 1.295715
vt 0.390747 1.305847
vt 0.407349 1.314758
vt 0.400635 1.327759
vt 0.397217 1.345398
vt 0.407043 1.349060
vt 0.400635 1.327759
vt 0.407349 1.314758
vt 0.407349 1.314758
vt 0.414062 1.327576
vt 0.407043 1.349060
vt 0.418579 1.346130
vt 0.407043 1.295715
vt 0.390747 1.305847
vt 0.407349 1.314758
vt 0.400635 1.327759
vt 0.397217 1.345398
vt 0.407043 1.349060
vt 0.400635 1.327759
vt 0.407349 1.314758
vt 0.700073 1.903442
vt 0.637573 1.891418
vt 0.702026 1.841187
vt 0.638062 1.835999
vt 0.568787 1.975464
vt 0.636353 1.940735
vt 0.634766 1.982483
vt 0.699951 1.982178
vt 0.407043 1.295715
vt 0.390747 1.305847
vt 0.407349 1.314758
vt 0.400635 1.327759
vt 0.026733 1.212524
vt 0.025085 1.213745
vt 0.028442 1.213867
vt 0.023254 1.218140
vt 0.030273 1.219421
vt 0.012756 1.210144
vt 0.011108 1.211365
vt 0.014465 1.211487
vt 0.009338 1.215637
vt 0.016235 1.216919
vt 0.407043 1.295715
vt 0.425659 1.304993
vt 0.407349 1.314758
vt 0.414062 1.327576
vt 0.439453 1.323242
vt 0.019714 1.211304
vt 0.018066 1.212524
vt 0.021423 1.212646
vt 0.016296 1.216858
vt 0.023254 1.218140
vt 0.407043 1.295715
vt 0.425659 1.304993
vt 0.407349 1.314758
vt 0.414062 1.327576
vt 0.439453 1.323242
vt 0.407043 1.295715
vt 0.425659 1.304993
vt 0.407349 1.314758
vt 0.414062 1.327576
vt 0.439453 1.323242
vt 0.103333 1.959351
vt 0.161987 1.965027
vt 0.118164 1.931519
vt 0.165955 1.931946
vt 0.120117 1.912109
vt 0.167969 1.912537
vt 0.104614 1.924927
vt 0.049622 1.923096
vt 0.079834 1.951782
vt 0.031494 1.951843
vt 0.086243 1.972290
vt 0.022156 1.971924
vt 0.088989 1.990906
vt 0.018799 1.990784
vt 0.752075 1.220337
vt 0.731262 1.224548
vt 0.732788 1.209778
vt 0.712036 1.218689
vt 0.729248 1.238220
vt 0.698547 1.231873
vt 0.753845 1.204895
vt 0.732788 1.209778
vt 0.734070 1.195557
vt 0.711487 1.204712
vt 0.712036 1.218689
vt 0.732788 1.209778
vt 0.752075 1.220337
vt 0.753845 1.204895
vt 0.634521 1.732300
vt 0.752869 1.724915
vt 0.692566 1.772339
vt 0.692261 1.666382
vt 0.753418 1.674561
vt 0.752869 1.724915
vt 0.023254 1.218140
vt 0.028442 1.213867
vt 0.030273 1.219421
vt 0.414062 1.327576
vt 0.418579 1.346130
vt 0.439453 1.323242
vt 0.414062 1.327576
vt 0.439453 1.323242
vt 0.425659 1.304993
vt 0.016296 1.216858
vt 0.021423 1.212646
vt 0.023254 1.218140
vt 0.414062 1.327576
vt 0.418579 1.346130
vt 0.439453 1.323242
vt 0.414062 1.327576
vt 0.439453 1.323242
vt 0.425659 1.304993
vt 0.009338 1.215637
vt 0.014465 1.211487
vt 0.016235 1.216919
vt 0.414062 1.327576
vt 0.418579 1.346130
vt 0.439453 1.323242
vt 0.414062 1.327576
vt 0.439453 1.323242
vt 0.425659 1.304993
vt 0.167969 1.912537
vt 0.120117 1.912109
vt 0.168091 1.895325
vt 0.120300 1.894958
vt 0.172363 1.990234
vt 0.092590 1.990051
vt 0.161987 1.965027
vt 0.103333 1.959351
vt 0.086243 1.972290
vt 0.022156 1.971924
vt 0.088989 1.990906
vt 0.018799 1.990784
vt 0.079834 1.951782
vt 0.031494 1.951843
vt 0.086243 1.972290
vt 0.022156 1.971924
vt 0.104614 1.924927
vt 0.079834 1.951782
vt 0.049622 1.923096
vt 0.031494 1.951843
vt 0.111877 1.895874
vt 0.104614 1.924927
vt 0.070068 1.893738
vt 0.049622 1.923096
vt 0.036133 1.219604
vt 0.030273 1.219666
vt 0.036194 1.235474
vt 0.030273 1.235535
vt 0.009277 1.215881
vt 0.030273 1.219666
vt 0.009338 1.231750
vt 0.030273 1.235535
vt 0.711487 1.204712
vt 0.712036 1.218689
vt 0.684387 1.223206
vt 0.698547 1.231873
vt 0.760864 1.232544
vt 0.776611 1.222961
vt 0.752075 1.220337
vt 0.753845 1.204895
vt 0.118164 1.931519
vt 0.120117 1.912109
vt 0.165955 1.931946
vt 0.167969 1.912537
vt 0.103333 1.959351
vt 0.118164 1.931519
vt 0.161987 1.965027
vt 0.165955 1.931946
vt 0.633728 1.674194
vt 0.692261 1.666382
vt 0.634521 1.732300
vt 0.752869 1.724915
vt 0.568787 1.975464
vt 0.634766 1.982483
vt 0.636353 1.940735
vt 0.699951 1.982178
vt 0.568787 1.975464
vt 0.636353 1.940735
vt 0.573181 1.901917
vt 0.637573 1.891418
vt 0.573181 1.901917
vt 0.637573 1.891418
vt 0.572571 1.842224
vt 0.638062 1.835999
vt 0.637756 1.821777
vt 0.698608 1.826416
vt 0.638062 1.835999
vt 0.702026 1.841187
vt 0.633911 1.997009
vt 0.634766 1.982483
vt 0.695251 1.997314
vt 0.699951 1.982178
vt 0.637756 1.821777
vt 0.638062 1.835999
vt 0.575684 1.827637
vt 0.572571 1.842224
vt 0.633911 1.997009
vt 0.571777 1.990601
vt 0.634766 1.982483
vt 0.568787 1.975464
vt 0.692749 1.804016
vt 0.633362 1.798340
vt 0.692566 1.772339
vt 0.634521 1.732300
vt 0.752869 1.724915
vt 0.754639 1.797180
vt 0.692566 1.772339
vt 0.692749 1.804016
vt 0.246033 1.926941
vt 0.213989 1.895569
vt 0.187866 1.927246
vt 0.171875 1.895020
vt 0.407349 1.314758
vt 0.407043 1.349060
vt 0.414062 1.327576
vt 0.418579 1.346130
vt 0.023254 1.218140
vt 0.025085 1.213745
vt 0.028442 1.213867
vt 0.026733 1.212524
vt 0.414062 1.327576
vt 0.425659 1.304993
vt 0.407349 1.314758
vt 0.407043 1.295715
vt 0.407349 1.314758
vt 0.407043 1.349060
vt 0.414062 1.327576
vt 0.418579 1.346130
vt 0.016296 1.216858
vt 0.018066 1.212524
vt 0.021423 1.212646
vt 0.019714 1.211304
vt 0.414062 1.327576
vt 0.425659 1.304993
vt 0.407349 1.314758
vt 0.407043 1.295715
vt 0.407349 1.314758
vt 0.407043 1.349060
vt 0.414062 1.327576
vt 0.418579 1.346130
vt 0.009338 1.215637
vt 0.011108 1.211365
vt 0.014465 1.211487
vt 0.012756 1.210144
vt 0.711487 1.204712
vt 0.734070 1.195557
vt 0.732788 1.209778
vt 0.753845 1.204895
vt 0.698547 1.231873
vt 0.729248 1.238220
vt 0.712036 1.218689
vt 0.731262 1.224548
vt 0.414062 1.327576
vt 0.425659 1.304993
vt 0.407349 1.314758
vt 0.407043 1.295715
vt 0.275146 1.989746
vt 0.271729 1.970825
vt 0.204468 1.990051
vt 0.207214 1.971313
vt 0.262024 1.950562
vt 0.213684 1.950684
vt 0.246033 1.926941
vt 0.187866 1.927246
vt 0.407349 1.314758
vt 0.400635 1.327759
vt 0.407043 1.349060
vt 0.397217 1.345398
vt 0.376892 1.325378
vt 0.407043 1.295715
vt 0.407349 1.314758
vt 0.390747 1.305847
vt 0.400635 1.327759
vt 0.376892 1.325378
vt 0.407349 1.314758
vt 0.400635 1.327759
vt 0.407043 1.349060
vt 0.397217 1.345398
vt 0.376892 1.325378
vt 0.407043 1.295715
vt 0.407349 1.314758
vt 0.390747 1.305847
vt 0.400635 1.327759
vt 0.376892 1.325378
vt 0.407349 1.314758
vt 0.400635 1.327759
vt 0.407043 1.349060
vt 0.397217 1.345398
vt 0.376892 1.325378
vt 0.407043 1.295715
vt 0.407349 1.314758
vt 0.390747 1.305847
vt 0.400635 1.327759
vt 0.376892 1.325378
vt 0.760864 1.232544
vt 0.752075 1.220337
vt 0.729248 1.238220
vt 0.731262 1.224548
vt 0.732788 1.209778
vt 0.712036 1.218689
vt 0.711487 1.204712
vt 0.009338 1.231750
vt 0.030273 1.235535
vt 0.015259 1.238525
vt 0.024475 1.240173
vt 0.019897 1.243164
vt 0.699951 1.982178
vt 0.700073 1.903442
vt 0.636353 1.940735
vt 0.637573 1.891418
vt 0.702026 1.841187
vt 0.638062 1.835999
vt 0.702026 1.841187
vt 0.717285 1.845215
vt 0.700073 1.903442
vt 0.718689 1.908447
vt 0.699951 1.982178
vt 0.715149 1.977051
vt 0.568787 1.975464
vt 0.554871 1.969177
vt 0.573181 1.901917
vt 0.558105 1.897217
vt 0.572571 1.842224
vt 0.558167 1.846252
vt 0.852051 1.725464
vt 0.852661 1.667664
vt 0.880615 1.725403
vt 0.881348 1.667969
vt 0.796021 1.725525
vt 0.852051 1.725464
vt 0.796326 1.755432
vt 0.851990 1.754883
vt 0.852844 1.808472
vt 0.851990 1.754883
vt 0.796753 1.809021
vt 0.796326 1.755432
vt 0.796021 1.725525
vt 0.796326 1.667603
vt 0.765930 1.725220
vt 0.766235 1.667419
vt 0.852417 1.642212
vt 0.796509 1.642334
vt 0.852661 1.667664
vt 0.796326 1.667603
vt 0.852051 1.725464
vt 0.796021 1.725525
vt 0.851990 1.754883
vt 0.852051 1.725464
vt 0.796326 1.755432
vt 0.796021 1.725525
vt 0.852417 1.642212
vt 0.852661 1.667664
vt 0.796509 1.642334
vt 0.796326 1.667603
vt 0.796326 1.755432
vt 0.851990 1.754883
vt 0.796753 1.809021
vt 0.852844 1.808472
vt 0.766235 1.667419
vt 0.796326 1.667603
vt 0.765930 1.725220
vt 0.796021 1.725525
vt 0.796021 1.725525
vt 0.852051 1.725464
vt 0.796326 1.667603
vt 0.852661 1.667664
vt 0.880615 1.725403
vt 0.881348 1.667969
vn -0.3240 -0.3573 0.8760
vn -0.3944 -0.4472 0.8028
vn -0.3807 -0.4529 0.8062
vn -0.1938 -0.0929 0.9766
vn -0.2328 -0.0030 0.9725
vn -0.4188 -0.2370 0.8766
vn -0.4382 -0.0063 0.8988
vn -0.3438 -0.0030 0.9390
vn -0.4382 -0.0030 0.8989
vn -0.9508 -0.1896 0.2450
vn -0.9875 -0.0028 0.1579
vn -0.9859 -0.1218 0.1151
vn -0.9508 -0.1896 -0.2450
vn -0.8268 -0.4677 -0.3125
vn -0.8863 -0.4632 -0.0000
vn -0.7305 -0.0028 -0.6829
vn -0.5408 -0.0028 -0.8411
vn -0.4954 -0.2594 -0.8290
vn -0.3145 0.2105 0.9256
vn -0.3127 0.2295 0.9217
vn -0.2886 0.4872 0.8243
vn -0.4663 -0.0078 0.8846
vn -0.3092 -0.0075 0.9510
vn -0.3145 0.2106 0.9256
vn -0.8367 0.4033 -0.3704
vn -0.5041 0.8556 -0.1179
vn -0.3005 0.9001 -0.3153
vn 0.3240 -0.3573 0.8760
vn 0.3807 -0.4529 0.8062
vn 0.3944 -0.4472 0.8028
vn 0.1938 -0.0929 0.9766
vn 0.4188 -0.2370 0.8766
vn 0.2328 -0.0030 0.9725
vn -0.4200 0.5182 0.7450
vn -0.3857 0.6004 0.7006
vn -0.4806 0.6635 0.5733
vn 0.1136 -0.1585 0.9808
vn 0.0738 -0.2426 0.9673
vn 0.1841 -0.2720 0.9445
vn 0.2433 -0.0028 -0.9699
vn 0.2348 -0.3249 -0.9162
vn 0.2323 -0.3338 -0.9136
vn 0.1820 -0.2790 0.9429
vn 0.3143 -0.3616 0.8778
vn 0.7622 -0.0028 0.6473
vn 0.6604 -0.0028 0.7509
vn 0.6355 -0.1272 0.7616
vn 0.4469 0.2078 0.8701
vn 0.5557 0.2569 0.7907
vn 0.3766 0.5325 0.7580
vn 0.3032 -0.9529 -0.0000
vn 0.3050 -0.8942 0.3277
vn 0.1315 -0.9664 0.2207
vn 0.3145 0.2105 0.9256
vn 0.2886 0.4872 0.8243
vn 0.3127 0.2295 0.9217
vn 0.6310 0.2770 0.7247
vn 0.7431 0.2398 0.6247
vn 0.6674 0.6102 0.4268
vn -0.0000 -0.0614 -0.9981
vn -0.0000 0.5058 -0.8627
vn 0.8314 -0.0550 -0.5530
vn 0.8367 0.4033 -0.3704
vn 0.2105 0.8666 0.4524
vn 0.0000 0.7133 0.7009
vn 0.1879 0.6485 0.7377
vn 0.1624 0.5751 0.8018
vn -0.0000 0.9414 0.3372
vn 0.2318 0.9579 0.1693
vn 0.0000 0.9912 0.1324
vn -0.0000 0.9961 -0.0882
vn 0.3005 0.9001 -0.3154
vn 0.2318 0.9579 0.1694
vn 0.5041 0.8556 -0.1179
vn 0.4898 0.8638 0.1182
vn 0.0000 0.5260 0.8505
vn 0.1545 0.5017 0.8511
vn 0.0000 0.5966 0.8025
vn 0.1625 0.5751 0.8018
vn -0.0000 0.8586 0.5127
vn 0.9460 -0.0338 0.3224
vn 0.8282 0.3591 0.4303
vn 0.6242 -0.0095 0.7812
vn 0.4215 0.7323 0.5349
vn 0.3766 0.5325 0.7581
vn 0.8282 0.3590 0.4303
vn 0.4663 -0.0077 0.8846
vn 0.3092 -0.0074 0.9510
vn 0.3201 -0.0084 0.9473
vn 0.3145 0.2107 0.9256
vn -0.0000 0.9401 -0.3409
vn 0.0000 0.9961 -0.0883
vn 0.2333 0.2567 0.9379
vn 0.3067 0.3984 0.8644
vn 0.1504 0.2428 0.9583
vn 0.1583 0.3488 0.9237
vn 0.0452 0.2787 0.9593
vn -0.0000 0.2506 0.9681
vn -0.0000 0.1233 0.9924
vn 0.1503 0.2428 0.9583
vn 0.1583 0.3487 0.9238
vn 0.0452 0.2788 0.9593
vn 0.0000 0.3665 0.9304
vn 0.0000 -0.2550 0.9669
vn 0.3201 -0.2300 0.9190
vn -0.0000 0.0042 1.0000
vn 0.3216 -0.0040 0.9469
vn -0.0000 0.5467 0.8373
vn 0.3126 0.4949 0.8108
vn -0.1624 0.5751 0.8018
vn 0.3050 -0.8973 -0.3190
vn 0.7021 -0.7120 0.0000
vn 0.3017 -0.9534 0.0000
vn 0.3054 -0.8925 0.3320
vn 0.2388 -0.8298 0.5044
vn 0.2949 -0.7149 0.6340
vn 0.0000 -0.8287 0.5597
vn 0.0000 -0.7120 0.7022
vn 0.8229 -0.4629 0.3293
vn 0.6334 -0.7006 0.3286
vn 0.3054 -0.8925 0.3319
vn 0.3769 -0.4399 0.8151
vn 0.2306 -0.5055 0.8315
vn 0.2948 -0.7149 0.6340
vn 0.8856 -0.1202 -0.4487
vn 0.7717 -0.1217 -0.6242
vn 0.9111 -0.0031 -0.4121
vn 0.7211 -0.0031 -0.6928
vn 0.9151 -0.0031 0.4033
vn 0.7599 -0.0031 0.6501
vn 0.8839 -0.1239 0.4510
vn 0.7759 -0.1254 0.6182
vn 0.0000 0.2507 0.9681
vn -0.0000 0.2734 0.9619
vn -0.0000 0.3664 0.9304
vn 0.9862 -0.1193 0.1151
vn 0.9862 -0.1193 -0.1152
vn 0.9874 -0.0031 0.1583
vn 0.9859 -0.0031 -0.1672
vn 0.5190 -0.3108 0.7963
vn 0.2572 -0.2599 0.9307
vn 0.0000 -0.3342 -0.9425
vn 0.0001 -0.3341 -0.9425
vn 0.2349 -0.3249 -0.9161
vn 0.0000 -0.3341 -0.9425
vn 0.2349 -0.3248 -0.9161
vn 0.2348 -0.3249 -0.9161
vn 0.2458 -0.0035 -0.9693
vn 0.0000 -0.0036 -1.0000
vn 0.3215 -0.0041 0.9469
vn 0.0000 -0.0042 -1.0000
vn 0.7212 -0.0031 -0.6927
vn 0.8279 -0.4652 -0.3134
vn 0.6397 -0.7006 -0.3163
vn 0.3049 -0.8973 -0.3190
vn 0.8861 -0.4636 -0.0000
vn 0.7021 -0.7121 0.0000
vn 0.8229 -0.4630 0.3293
vn 0.6649 -0.0031 0.7469
vn 0.4382 -0.0063 0.8989
vn 0.6381 -0.1262 0.7595
vn -0.2306 -0.5055 0.8315
vn -0.0000 -0.5070 0.8619
vn 0.5456 -0.0031 -0.8380
vn 0.2462 -0.0032 -0.9692
vn 0.2773 0.2637 -0.9239
vn 0.2373 0.2633 -0.9351
vn 0.0000 -0.8267 0.5627
vn 0.0000 -0.9672 0.2540
vn 0.2341 -0.8275 0.5103
vn 0.2939 -0.7129 0.6367
vn 0.0000 -1.0000 -0.0000
vn 0.1315 -0.9664 -0.2207
vn 0.3046 -0.8985 -0.3161
vn 0.5102 -0.7052 0.4923
vn 0.6318 -0.7041 0.3240
vn 0.7754 -0.2610 0.5749
vn 0.6235 -0.4992 0.6017
vn 0.8221 -0.4683 0.3239
vn 0.8840 -0.1222 -0.4512
vn 0.7760 -0.2584 -0.5754
vn 0.7711 -0.1233 -0.6247
vn 0.7305 -0.0028 -0.6830
vn 0.4739 0.0651 -0.8781
vn 0.2748 0.2564 -0.9267
vn 0.2349 0.2571 -0.9374
vn 0.0000 -0.9672 -0.2540
vn 0.0000 -0.9672 0.2541
vn 0.9508 -0.1896 0.2450
vn 0.8863 -0.4632 -0.0000
vn 0.9667 -0.2558 -0.0000
vn 0.9508 -0.1896 -0.2450
vn 0.8268 -0.4677 -0.3125
vn 0.7582 -0.4960 -0.4232
vn 0.6374 -0.7041 -0.3130
vn -0.0000 -0.8687 -0.4953
vn 0.3160 -0.7172 -0.6210
vn 0.9874 -0.0028 0.1579
vn 0.9136 -0.0027 0.4067
vn 0.8837 -0.1250 0.4511
vn 0.0000 -0.2336 0.9723
vn 0.2306 -0.5055 0.8314
vn 0.3032 -0.9529 -0.0003
vn 0.3016 -0.9534 0.0000
vn 0.3017 -0.9534 0.0001
vn 0.3046 -0.8985 -0.3162
vn 0.7717 -0.1216 -0.6242
vn 0.7305 -0.0028 -0.6829
vn 0.2433 -0.0027 -0.9699
vn 0.7759 -0.1255 0.6182
vn 0.7796 -0.1261 0.6134
vn 0.9858 -0.1218 0.1152
vn 0.9862 -0.1218 -0.1125
vn 0.9857 -0.1192 0.1189
vn 0.9862 -0.1193 -0.1151
vn 0.2462 0.0001 -0.9692
vn 0.2939 -0.7128 0.6368
vn 0.3760 -0.4344 0.8185
vn 0.5189 -0.3109 0.7963
vn 0.3759 -0.4344 0.8185
vn 0.5202 -0.3125 0.7948
vn 0.8856 -0.1202 -0.4486
vn 0.9111 -0.0028 -0.4123
vn 0.8840 -0.1222 -0.4513
vn 0.5456 -0.0031 -0.8381
vn 0.4739 0.0652 -0.8782
vn 0.8278 -0.4653 -0.3134
vn 0.6374 -0.7040 -0.3131
vn 0.6355 -0.1271 0.7616
vn 0.6354 -0.1272 0.7616
vn 0.5111 -0.3218 0.7970
vn 0.5203 -0.3124 0.7948
vn 0.9874 -0.0027 0.1580
vn 0.9871 -0.0031 0.1601
vn 0.9862 -0.0027 -0.1658
vn 0.9111 -0.0027 -0.4122
vn 0.7599 -0.0031 0.6500
vn 0.6627 -0.0155 0.7487
vn 0.7796 -0.1261 0.6135
vn 0.9872 0.0002 0.1594
vn 0.9859 -0.1218 0.1151
vn 0.9875 -0.0027 0.1579
vn 0.9859 -0.0032 -0.1671
vn 0.9862 -0.1218 -0.1124
vn 0.9862 -0.0028 -0.1658
vn 0.9151 -0.0030 0.4033
vn 0.8837 -0.1249 0.4511
vn 0.9136 -0.0027 0.4066
vn 0.3051 -0.8942 0.3277
vn 0.3017 -0.9534 0.0004
vn 0.3050 -0.8942 0.3276
vn 0.6397 -0.7005 -0.3163
vn 0.6375 -0.7040 -0.3130
vn 0.8863 -0.4632 0.0001
vn 0.8860 -0.4636 -0.0006
vn 0.8863 -0.4631 -0.0000
vn 0.7718 -0.1216 -0.6242
vn 0.6318 -0.7042 0.3241
vn 0.6333 -0.7007 0.3286
vn 0.6318 -0.7041 0.3241
vn 0.9861 -0.0027 -0.1659
vn 0.4382 -0.0030 0.8989
vn 0.3438 -0.0030 0.9390
vn 0.6246 -0.2518 0.7393
vn 0.0000 -0.2391 0.9710
vn 0.0000 -0.1795 0.9838
vn 0.3240 -0.3572 0.8760
vn 0.3806 -0.4528 0.8063
vn 0.3439 -0.0030 0.9390
vn 0.2329 -0.0030 0.9725
vn 0.2555 -0.0033 0.9668
vn 0.2319 -0.0033 0.9727
vn 0.1950 -0.0949 0.9762
vn 0.2319 -0.0032 0.9727
vn 0.1938 -0.0930 0.9766
vn 0.2318 -0.0033 0.9727
vn 0.0000 -0.1802 0.9836
vn 0.1066 -0.1621 0.9810
vn 0.0000 -0.1794 0.9838
vn 0.0706 -0.2456 0.9668
vn 0.0737 -0.2426 0.9673
vn 0.0000 -0.2455 0.9694
vn 0.1717 -0.2759 0.9457
vn 0.0705 -0.2456 0.9668
vn 0.1143 -0.1606 0.9804
vn 0.1955 -0.0945 0.9761
vn 0.6245 -0.2517 0.7393
vn 0.6268 -0.2495 0.7382
vn 0.2121 -0.1082 0.9712
vn 0.1949 -0.0949 0.9762
vn 0.1244 -0.1768 0.9764
vn 0.1144 -0.1606 0.9804
vn -0.0000 -0.1991 0.9800
vn -0.4604 0.4186 0.7828
vn -0.4891 0.4143 0.7675
vn -0.6063 0.2908 0.7402
vn -0.6310 0.2771 0.7247
vn -0.3595 0.5292 0.7686
vn -0.3396 0.6240 0.7038
vn 0.2340 -0.8276 0.5103
vn -0.0001 -0.8267 0.5627
vn -0.0000 0.4598 0.8880
vn 0.1498 0.4616 0.8743
vn -0.8793 0.4758 0.0189
vn -0.9088 0.3638 0.2042
vn -0.6674 0.6103 0.4267
vn -0.7431 0.2398 0.6247
vn -0.6963 0.7037 -0.1413
vn -0.7740 0.6231 -0.1125
vn -0.6674 0.6103 0.4268
vn -0.8793 0.4759 0.0189
vn -0.6305 0.7320 0.2582
vn -0.6964 0.7036 -0.1413
vn -0.6244 0.7669 -0.1484
vn -0.6675 0.6103 0.4267
vn -0.6654 0.7324 -0.1445
vn -0.7645 0.6347 -0.1124
vn -0.6745 0.6698 0.3105
vn -0.8676 0.4969 0.0194
vn -0.7435 0.2337 0.6266
vn -0.6310 0.2770 0.7246
vn -0.7434 0.2338 0.6266
vn -0.9036 0.3856 0.1868
vn -0.7435 0.2338 0.6266
vn 0.0001 0.1232 0.9924
vn -0.1503 0.2428 0.9584
vn -0.1191 0.1675 0.9786
vn -0.2332 0.2567 0.9379
vn -0.1545 0.5017 0.8511
vn -0.2318 0.9579 0.1693
vn -0.4898 0.8638 0.1182
vn -0.2318 0.9579 0.1694
vn -0.3005 0.9001 -0.3154
vn -0.8367 0.4034 -0.3704
vn -0.3006 0.9001 -0.3154
vn -0.2317 0.9579 0.1693
vn -0.9881 -0.0468 -0.1467
vn -0.9460 -0.0338 0.3224
vn -0.9278 0.3724 0.0207
vn -0.8282 0.3590 0.4303
vn -0.4215 0.7323 0.5349
vn -0.3766 0.5325 0.7581
vn -0.5557 0.2569 0.7907
vn -0.4468 0.2078 0.8701
vn -0.2886 0.4872 0.8242
vn -0.4898 0.8638 0.1181
vn -0.2105 0.8667 0.4523
vn 0.0001 0.4598 0.8880
vn -0.1499 0.4616 0.8743
vn -0.2885 0.4872 0.8243
vn -0.3202 -0.0039 0.9473
vn -0.3145 0.2107 0.9256
vn -0.3092 -0.0076 0.9510
vn -0.0452 0.2788 0.9593
vn -0.0452 0.2787 0.9593
vn -0.1504 0.2428 0.9583
vn -0.2104 0.8666 0.4524
vn -0.1879 0.6484 0.7377
vn -0.3216 -0.0040 0.9469
vn -0.3201 -0.2300 0.9190
vn -0.3126 0.4949 0.8108
vn -0.3050 -0.8973 -0.3190
vn -0.3017 -0.9534 0.0000
vn -0.7021 -0.7120 0.0000
vn -0.3054 -0.8925 0.3320
vn -0.2949 -0.7149 0.6340
vn -0.2388 -0.8298 0.5044
vn -0.8229 -0.4629 0.3293
vn -0.6334 -0.7006 0.3286
vn -0.3054 -0.8925 0.3319
vn -0.3769 -0.4399 0.8151
vn -0.2948 -0.7149 0.6340
vn -0.8856 -0.1202 -0.4487
vn -0.9111 -0.0031 -0.4121
vn -0.7717 -0.1217 -0.6242
vn -0.7211 -0.0031 -0.6928
vn -0.7759 -0.1254 0.6182
vn -0.7599 -0.0031 0.6501
vn -0.8839 -0.1239 0.4510
vn -0.9151 -0.0031 0.4033
vn -0.9859 -0.0031 -0.1672
vn -0.9862 -0.1193 -0.1152
vn -0.9874 -0.0031 0.1583
vn -0.9862 -0.1193 0.1151
vn -0.2306 -0.5055 0.8314
vn -0.2572 -0.2599 0.9307
vn -0.5190 -0.3108 0.7963
vn -0.1243 -0.1768 0.9764
vn -0.0001 -0.2495 0.9684
vn -0.1556 -0.2253 0.9618
vn -0.1244 -0.1768 0.9764
vn -0.2121 -0.1082 0.9712
vn -0.1557 -0.2253 0.9618
vn -0.2662 -0.1359 0.9543
vn -0.2555 -0.0033 0.9668
vn -0.2663 -0.1358 0.9543
vn -0.3215 -0.0041 0.9469
vn -0.6649 -0.0031 0.7469
vn -0.7599 -0.0031 0.6500
vn -0.3214 -0.0041 0.9469
vn -0.9150 -0.0031 0.4033
vn -0.2323 -0.3338 -0.9136
vn -0.2349 -0.3248 -0.9161
vn -0.0001 -0.3341 -0.9425
vn -0.2347 -0.3249 -0.9162
vn -0.2458 -0.0035 -0.9693
vn -0.2348 -0.3249 -0.9161
vn -0.5456 -0.0032 -0.8381
vn -0.2461 -0.0032 -0.9692
vn -0.8279 -0.4652 -0.3134
vn -0.6397 -0.7006 -0.3163
vn -0.3049 -0.8973 -0.3190
vn -0.7021 -0.7121 0.0000
vn -0.8861 -0.4636 -0.0000
vn -0.8229 -0.4630 0.3293
vn -0.6381 -0.1262 0.7595
vn -0.4382 -0.0063 0.8989
vn -0.5456 -0.0031 -0.8380
vn -0.2773 0.2637 -0.9239
vn -0.2462 -0.0032 -0.9692
vn -0.2373 0.2633 -0.9351
vn -0.1315 -0.9664 0.2207
vn -0.2341 -0.8275 0.5103
vn -0.2939 -0.7129 0.6367
vn -0.3050 -0.8942 0.3277
vn -0.3032 -0.9529 -0.0000
vn -0.1315 -0.9664 -0.2207
vn -0.3046 -0.8985 -0.3161
vn -0.5102 -0.7052 0.4923
vn -0.6318 -0.7041 0.3240
vn 0.0000 -0.5057 -0.8627
vn -0.2301 -0.5042 -0.8324
vn -0.0000 -0.7118 -0.7024
vn -0.8268 -0.4677 -0.3126
vn -0.7760 -0.2584 -0.5754
vn -0.8840 -0.1222 -0.4513
vn -0.8840 -0.1222 -0.4512
vn -0.7711 -0.1233 -0.6247
vn -0.7305 -0.0028 -0.6830
vn -0.2433 -0.0028 -0.9699
vn -0.5409 -0.0028 -0.8411
vn -0.9667 -0.2558 -0.0000
vn -0.9862 -0.1218 -0.1124
vn -0.2300 -0.5041 -0.8324
vn -0.7582 -0.4960 -0.4232
vn -0.6374 -0.7041 -0.3130
vn -0.3160 -0.7172 -0.6210
vn -0.8221 -0.4683 0.3239
vn -0.7754 -0.2610 0.5749
vn -0.3046 -0.8985 -0.3162
vn -0.3017 -0.9534 0.0001
vn -0.3017 -0.9534 -0.0004
vn 0.0001 -0.8267 0.5627
vn -0.2340 -0.8276 0.5103
vn 0.0071 -0.8279 0.5608
vn -0.7717 -0.1216 -0.6242
vn -0.5456 -0.0032 -0.8380
vn -0.8837 -0.1250 0.4511
vn -0.7796 -0.1261 0.6134
vn -0.7759 -0.1255 0.6182
vn -0.9862 -0.1193 -0.1151
vn -0.9862 -0.1218 -0.1125
vn -0.9862 -0.1193 0.1152
vn -0.9858 -0.1218 0.1152
vn -0.2349 0.2571 -0.9374
vn -0.2748 0.2564 -0.9267
vn -0.3760 -0.4344 0.8185
vn -0.2939 -0.7128 0.6368
vn -0.5202 -0.3125 0.7948
vn -0.5114 -0.3181 0.7983
vn -0.5189 -0.3109 0.7963
vn -0.3759 -0.4344 0.8185
vn -0.8856 -0.1202 -0.4486
vn -0.9111 -0.0028 -0.4123
vn -0.9108 -0.0053 -0.4129
vn -0.6374 -0.7040 -0.3131
vn -0.8278 -0.4653 -0.3134
vn -0.6354 -0.1272 0.7616
vn -0.6355 -0.1271 0.7616
vn -0.9874 -0.0027 0.1580
vn -0.9136 -0.0027 0.4067
vn -0.9871 -0.0031 -0.1601
vn -0.9111 -0.0027 -0.4122
vn -0.9862 -0.0027 -0.1658
vn -0.7622 -0.0028 0.6473
vn -0.6604 -0.0028 0.7509
vn -0.6355 -0.1272 0.7616
vn -0.7796 -0.1261 0.6135
vn -0.7602 -0.0047 0.6497
vn -0.9875 -0.0027 0.1579
vn -0.9862 -0.0029 -0.1658
vn -0.9136 -0.0027 0.4066
vn -0.9151 -0.0030 0.4033
vn -0.8837 -0.1249 0.4511
vn -0.3032 -0.9529 0.0003
vn -0.3016 -0.9534 -0.0000
vn -0.3050 -0.8942 0.3276
vn -0.3051 -0.8942 0.3277
vn -0.6375 -0.7040 -0.3130
vn -0.6397 -0.7005 -0.3163
vn -0.8860 -0.4636 0.0006
vn -0.8863 -0.4632 -0.0006
vn -0.8861 -0.4636 -0.0001
vn -0.8268 -0.4650 -0.3166
vn -0.7718 -0.1216 -0.6242
vn -0.6333 -0.7007 0.3286
vn -0.6318 -0.7042 0.3241
vn -0.6318 -0.7041 0.3241
vn -0.6235 -0.4992 0.6017
vn -0.9861 -0.0027 -0.1659
vn -0.1841 -0.2720 0.9445
vn -0.6246 -0.2518 0.7393
vn -0.0738 -0.2426 0.9673
vn -0.1136 -0.1585 0.9808
vn -0.6245 -0.2517 0.7393
vn -0.6213 -0.2412 0.7455
vn -0.1949 -0.0949 0.9762
vn -0.2318 -0.0033 0.9727
vn -0.1144 -0.1606 0.9804
vn 0.1879 0.6484 0.7377
vn 0.2886 0.4872 0.8242
vn -0.1191 0.1675 0.9787
vn -0.0001 0.1236 0.9923
vn 0.1191 0.1675 0.9787
vn 0.8676 0.4969 0.0194
vn 0.6744 0.6699 0.3105
vn 0.9036 0.3856 0.1868
vn 0.7435 0.2338 0.6266
vn 0.1499 0.4617 0.8743
vn 0.3068 0.3984 0.8644
vn -0.0001 0.1232 0.9924
vn 0.1191 0.1675 0.9786
vn 0.1503 0.2428 0.9584
vn 0.2332 0.2567 0.9379
vn 0.3595 0.5292 0.7686
vn 0.6759 0.6696 0.3080
vn 0.3396 0.6240 0.7038
vn 0.5808 0.7759 0.2461
vn 0.7740 0.6231 -0.1125
vn 0.6964 0.7036 -0.1413
vn 0.7645 0.6347 -0.1124
vn 0.6653 0.7324 -0.1445
vn 0.6675 0.6103 0.4267
vn 0.4892 0.4143 0.7675
vn 0.4200 0.5182 0.7450
vn 0.6244 0.7669 -0.1484
vn 0.6305 0.7320 0.2582
vn 0.6674 0.6103 0.4268
vn 0.6654 0.7324 -0.1445
vn 0.6153 0.7740 -0.1492
vn 0.6745 0.6698 0.3105
vn 0.9036 0.3856 0.1869
vn 0.7434 0.2338 0.6266
vn 0.9088 0.3638 0.2043
vn 0.6963 0.7037 -0.1413
vn 0.8793 0.4759 0.0189
vn 0.8793 0.4758 0.0189
vn 0.6674 0.6103 0.4267
vn 0.9088 0.3638 0.2042
vn 0.6243 0.7669 -0.1484
vn 0.6654 0.7324 -0.1444
vn -0.5808 0.7760 0.2461
vn -0.4806 0.6635 0.5734
vn -0.9088 0.3638 0.2043
vn -0.9036 0.3856 0.1869
vn 0.5808 0.7760 0.2461
vn -0.7740 0.6231 -0.1126
vn -0.6243 0.7669 -0.1484
vn -0.6153 0.7740 -0.1492
vn 0.3857 0.6004 0.7006
vn 0.4806 0.6635 0.5733
vn 0.9881 -0.0468 -0.1467
vn 0.9278 0.3724 0.0207
vn 0.4898 0.8638 0.1181
vn 0.3145 0.2106 0.9256
vn 0.4663 -0.0078 0.8846
vn 0.3092 -0.0075 0.9510
vn 0.4214 0.7323 0.5349
vn 0.2885 0.4872 0.8243
vn 0.1499 0.4616 0.8743
vn -0.0000 0.8586 0.5126
vn 0.0000 0.7133 0.7008
vn 0.0001 -0.2495 0.9684
vn 0.1556 -0.2253 0.9618
vn 0.2663 -0.1358 0.9543
vn 0.9150 -0.0031 0.4033
vn 0.3214 -0.0041 0.9469
vn 0.4381 -0.0063 0.8989
vn 0.2556 -0.0033 0.9668
vn 0.5456 -0.0032 -0.8381
vn 0.2425 -0.0035 -0.9701
vn 0.0001 -0.0036 -1.0000
vn 0.6374 -0.7041 -0.3131
vn 0.5373 -0.5037 -0.6765
vn 0.7582 -0.4960 -0.4231
vn 0.4954 -0.2594 -0.8290
vn 0.7305 -0.0027 -0.6829
vn 0.5408 -0.0028 -0.8411
vn 0.3160 -0.7173 -0.6210
vn 0.2300 -0.5042 -0.8324
vn 0.2300 -0.5041 -0.8324
vn 0.4739 0.0651 -0.8782
vn 0.9861 -0.0027 -0.1658
vn 0.9875 -0.0028 0.1579
vn 0.7754 -0.2610 0.5750
vn 0.5372 -0.5038 -0.6765
vn 0.5409 -0.0028 -0.8411
vn 0.5456 -0.0032 -0.8380
vn 0.3594 0.5292 0.7686
vn 0.4605 0.4186 0.7828
vn 0.6063 0.2908 0.7402
vn 0.6310 0.2771 0.7247
vn 0.6310 0.2770 0.7246
vn 0.7435 0.2337 0.6266
vn -0.6744 0.6699 0.3105
vn -0.6675 0.6102 0.4267
vn -0.4892 0.4143 0.7675
vn -0.6310 0.2770 0.7247
vn -0.1498 0.4616 0.8743
vn -0.1583 0.3488 0.9237
vn -0.3068 0.3984 0.8644
vn -0.1625 0.5751 0.8018
vn -0.1879 0.6485 0.7377
vn -0.2105 0.8666 0.4524
vn -0.8314 -0.0551 -0.5530
vn -0.6242 -0.0095 0.7812
vn -0.8282 0.3591 0.4303
vn -0.4663 -0.0077 0.8846
vn -0.4469 0.2078 0.8701
vn -0.2885 0.4872 0.8242
vn -0.3067 0.3984 0.8644
vn -0.2333 0.2567 0.9379
vn -0.2346 -0.0033 0.9721
vn -0.2556 -0.0033 0.9668
vn -0.3438 -0.0031 0.9390
vn -0.4381 -0.0063 0.8989
vn -0.3160 -0.7173 -0.6210
vn -0.5373 -0.5037 -0.6764
vn -0.7582 -0.4960 -0.4231
vn -0.7754 -0.2610 0.5750
vn -0.2300 -0.5042 -0.8324
vn -0.5373 -0.5038 -0.6764
vn -0.9874 -0.0028 0.1579
vn -0.4739 0.0651 -0.8781
vn -0.9861 -0.0027 -0.1658
vn -0.2458 0.0000 -0.9693
vn -0.2462 0.0001 -0.9692
vn -0.2348 -0.3248 -0.9162
vn -0.4739 0.0652 -0.8781
vn -0.3806 -0.4528 0.8063
vn -0.3144 -0.3615 0.8778
vn -0.3240 -0.3572 0.8760
vn -0.1820 -0.2790 0.9429
vn -0.0017 -0.1800 0.9837
vn -0.1950 -0.0949 0.9762
vn -0.2319 -0.0032 0.9727
vn -0.2334 0.0005 0.9724
vn -0.0706 -0.2456 0.9668
vn 0.0023 -0.2454 0.9694
vn -0.1986 0.8571 0.4753
vn -0.4437 0.7799 0.4414
vn -0.4429 0.6706 0.5951
vn -0.4438 0.7799 0.4414
vn -0.4421 0.8592 0.2573
vn -0.4498 0.8355 0.3157
vn -0.0000 -0.3518 -0.9361
vn -0.2332 -0.3514 -0.9067
vn -0.2457 -0.0221 -0.9691
vn -0.4447 0.8642 -0.2353
vn -0.1851 0.9682 -0.1683
vn -0.2003 0.8673 -0.4557
vn -0.0000 -0.3536 -0.9354
vn -0.2333 -0.3559 -0.9049
vn -0.2489 -0.0279 -0.9681
vn -0.2297 0.8991 -0.3727
vn -0.4500 0.6422 -0.6205
vn -0.4538 0.8430 -0.2888
vn 0.4421 0.8593 0.2572
vn 0.4498 0.8355 0.3157
vn 0.4524 0.8917 0.0149
vn 0.4438 0.7799 0.4414
vn 0.4421 0.8592 0.2573
vn 0.2457 -0.0221 -0.9691
vn 0.2332 -0.3514 -0.9067
vn 0.2489 -0.0279 -0.9681
vn 0.2333 -0.3559 -0.9049
vn 0.0000 0.7046 -0.7096
vn 0.0000 0.8670 -0.4983
vn 0.1916 0.7042 -0.6836
vn 0.2003 0.8673 -0.4558
vn 0.0000 0.9999 0.0132
vn 0.1851 0.9682 -0.1683
vn -0.0000 0.9681 -0.2505
vn 0.4422 0.8592 0.2573
vn 0.4458 0.8950 0.0132
vn 0.1849 0.9639 0.1916
vn 0.2697 0.9629 0.0132
vn 0.4447 0.8642 -0.2353
vn 0.0000 0.2445 -0.9697
vn 0.0000 -0.0221 -0.9998
vn 0.2335 0.4441 -0.8650
vn 0.2381 0.2442 -0.9400
vn -0.2335 0.4441 -0.8650
vn -0.0000 0.4915 -0.8709
vn -0.0000 0.8560 0.5170
vn -0.0000 0.9612 0.2758
vn 0.1986 0.8571 0.4753
vn -0.2003 0.8673 -0.4558
vn -0.0000 0.4145 0.9101
vn 0.2028 0.5360 0.8195
vn 0.0004 0.4153 0.9097
vn -0.0000 0.4150 0.9098
vn 0.2216 0.5434 0.8097
vn 0.4498 0.8355 0.3158
vn 0.4486 0.6770 0.5835
vn 0.4429 0.6706 0.5951
vn 0.2028 0.5361 0.8195
vn 0.2217 0.5434 0.8097
vn 0.2489 -0.0278 -0.9681
vn 0.2408 0.2161 -0.9462
vn 0.2408 0.2160 -0.9462
vn 0.2382 0.2442 -0.9400
vn 0.2344 0.4383 -0.8677
vn 0.2333 -0.3560 -0.9049
vn 0.2332 -0.3513 -0.9067
vn -0.0012 -0.3536 -0.9354
vn 0.0001 -0.3518 -0.9361
vn -0.0000 0.4145 0.9100
vn -0.0000 0.6891 0.7246
vn 0.1986 0.8571 0.4754
vn 0.1889 0.6914 0.6973
vn 0.0000 0.6914 0.7225
vn 0.1848 0.9639 0.1916
vn 0.4421 0.8593 0.2573
vn 0.4438 0.7799 0.4413
vn -0.4523 0.8917 0.0149
vn -0.0000 0.9999 0.0147
vn -0.4523 0.8917 0.0148
vn -0.2312 0.8884 0.3965
vn -0.4486 0.6770 0.5835
vn -0.1916 0.7042 -0.6837
vn -0.1916 0.7042 -0.6836
vn -0.2697 0.9629 0.0132
vn -0.1849 0.9639 0.1916
vn -0.4422 0.8592 0.2573
vn -0.4458 0.8950 0.0132
vn -0.1986 0.8571 0.4754
vn -0.1889 0.6914 0.6973
vn -0.2217 0.5434 0.8097
vn -0.2216 0.5434 0.8097
vn -0.2028 0.5360 0.8195
vn -0.0007 0.4150 0.9098
vn -0.2344 0.4382 -0.8678
vn -0.4495 0.6374 -0.6258
vn -0.4495 0.6373 -0.6259
vn -0.4500 0.6423 -0.6205
vn -0.2345 0.4383 -0.8677
vn -0.4498 0.8355 0.3158
vn -0.4478 0.7900 -0.4188
vn -0.4538 0.8430 -0.2887
vn -0.4524 0.8917 0.0148
vn -0.4447 0.8642 -0.2352
vn -0.4478 0.7899 -0.4189
vn -0.2028 0.5361 0.8195
vn -0.2218 -0.3563 -0.9077
vn -0.0000 -0.3537 -0.9354
vn 0.4495 0.6373 -0.6259
vn 0.1916 0.7042 -0.6837
vn 0.2312 0.8884 0.3965
vn 0.4523 0.8917 0.0148
vn 0.4500 0.6422 -0.6205
vn 0.2344 0.4382 -0.8678
vn 0.0000 0.4898 -0.8718
vn 0.0000 0.2430 -0.9700
vn 0.2344 0.4382 -0.8677
vn 0.2407 0.2161 -0.9462
vn 0.0000 0.2429 -0.9700
vn 0.0000 -0.0214 -0.9998
vn 0.2407 0.2160 -0.9462
vn 0.2297 0.8991 -0.3727
vn 0.0000 0.9254 -0.3790
vn -0.0000 0.7039 -0.7103
vn -0.4524 0.8917 0.0149
vn -0.2312 0.8885 0.3965
vn 0.0000 0.9159 0.4015
vn 0.0000 0.9159 0.4014
vn -0.2407 0.2161 -0.9462
vn -0.2345 0.4382 -0.8677
vn 0.2312 0.8885 0.3965
vn 0.4523 0.8917 0.0149
vn 0.4538 0.8430 -0.2888
vn 0.4437 0.7799 0.4414
vn 0.0000 0.9612 0.2757
vn 0.4478 0.7899 -0.4189
vn 0.4495 0.6374 -0.6258
vn 0.2345 0.4383 -0.8677
vn 0.4500 0.6423 -0.6205
vn 0.4478 0.7899 -0.4188
vn 0.4459 0.8950 0.0132
vn -0.4438 0.7799 0.4413
vn -0.4421 0.8593 0.2573
vn -0.2381 0.2442 -0.9400
vn -0.4459 0.8950 0.0132
vn -0.2333 -0.3560 -0.9049
vn -0.2332 -0.3513 -0.9067
vn -0.2408 0.2161 -0.9462
vn -0.2381 0.2441 -0.9401
vn -0.2344 0.4383 -0.8677
vn 0.9009 0.2420 -0.3603
vn 0.6288 0.4851 -0.6076
vn 0.8118 0.4844 -0.3260
vn 0.8112 0.4841 0.3282
vn 0.8775 0.4795 0.0007
vn 0.6426 0.7007 0.3098
vn 0.6377 0.2106 -0.7410
vn 0.4507 0.4002 -0.7980
vn 0.6288 0.4851 -0.6077
vn 0.2377 0.2950 -0.9255
vn 0.4512 0.3990 -0.7983
vn 0.2824 0.2496 -0.9262
vn 0.4156 0.1143 0.9023
vn 0.6318 -0.1390 0.7626
vn 0.6600 -0.0221 0.7510
vn 0.4466 0.8948 0.0008
vn 0.4362 0.8655 -0.2461
vn 0.4400 0.8980 0.0007
vn 0.4425 0.8446 -0.3015
vn 0.4465 0.8948 0.0008
vn 0.8905 0.4550 0.0008
vn 0.4440 0.8436 0.3022
vn 0.7431 0.3690 0.5582
vn 0.4453 0.6871 0.5742
vn 0.2217 0.5602 0.7982
vn -0.0047 0.4292 0.9032
vn -0.0066 0.2192 0.9757
vn 0.2368 0.4495 -0.8613
vn 0.4453 0.6402 -0.6261
vn 0.7196 -0.0198 -0.6941
vn 0.5442 -0.0192 -0.8388
vn 0.6473 0.2059 -0.7339
vn 0.4746 0.0532 -0.8786
vn 0.6473 0.2060 -0.7339
vn 0.7460 0.3672 -0.5555
vn 0.9097 -0.0207 -0.4147
vn 0.9856 -0.0214 -0.1676
vn 0.9864 -0.0214 0.1631
vn 0.4156 0.1142 0.9023
vn -0.0057 -0.7200 0.6940
vn -0.0076 -0.8327 0.5537
vn 0.2874 -0.7222 0.6291
vn 0.2278 -0.8328 0.5045
vn 0.9122 -0.0218 0.4093
vn 0.7565 -0.0231 0.6535
vn 0.8813 -0.1411 0.4510
vn 0.7748 -0.1422 0.6160
vn 0.5144 -0.3249 0.7936
vn 0.5092 -0.0155 0.8605
vn 0.2524 -0.2764 0.9273
vn 0.2620 -0.0163 0.9649
vn 0.6572 -0.0170 0.7535
vn 0.6330 -0.1377 0.7618
vn 0.7288 -0.0148 -0.6845
vn 0.6288 0.4852 -0.6076
vn 0.6435 0.7017 -0.3059
vn 0.7238 0.6900 0.0007
vn 0.8776 0.4795 0.0007
vn 0.4362 0.8655 -0.2462
vn 0.4400 0.7892 -0.4285
vn 0.4420 0.6372 -0.6314
vn 0.4382 0.7890 0.4306
vn 0.4360 0.8652 0.2476
vn 0.4506 0.4002 -0.7980
vn 0.4420 0.6372 -0.6313
vn 0.2321 0.4457 -0.8646
vn 0.7289 -0.0148 -0.6845
vn 0.5431 -0.0137 -0.8396
vn 0.4738 0.0555 -0.8789
vn 0.9105 -0.0163 -0.4131
vn 0.7674 -0.1380 -0.6261
vn 0.8807 -0.1378 -0.4533
vn 0.2360 0.2893 -0.9277
vn 0.2766 0.2460 -0.9290
vn -0.0058 -0.7184 0.6956
vn -0.0067 -0.8316 0.5553
vn 0.2871 -0.7200 0.6318
vn 0.2278 -0.8320 0.5059
vn 0.9120 -0.0163 0.4098
vn 0.7569 -0.0172 0.6533
vn 0.8793 -0.1372 0.4560
vn 0.7751 -0.1400 0.6162
vn 0.3790 0.2447 0.8925
vn 0.6261 0.4836 0.6116
vn 0.4436 0.4862 0.7529
vn 0.4395 0.6797 0.5872
vn 0.3733 -0.4501 0.8112
vn 0.3701 -0.4456 0.8151
vn 0.2875 -0.7222 0.6291
vn 0.6356 -0.1310 0.7608
vn 0.6330 -0.1378 0.7618
vn 0.5233 -0.3265 0.7871
vn 0.5144 -0.3248 0.7936
vn -0.0063 -0.0232 0.9997
vn -0.0045 -0.0168 0.9998
vn -0.0050 0.2440 0.9698
vn 0.4465 0.8948 0.0009
vn 0.4439 0.8435 0.3022
vn 0.4464 0.8948 -0.0030
vn 0.4361 0.8652 0.2475
vn 0.9121 -0.0218 0.4093
vn 0.7431 0.3691 0.5582
vn 0.9831 -0.1411 0.1166
vn 0.9833 -0.1411 -0.1150
vn 0.9856 -0.0214 -0.1675
vn 0.9833 -0.1412 -0.1150
vn 0.9840 -0.1364 -0.1147
vn 0.9860 -0.0166 -0.1659
vn 0.9864 -0.0215 0.1631
vn 0.9832 -0.1380 0.1191
vn 0.9867 -0.0166 0.1620
vn 0.8793 -0.1372 0.4561
vn 0.9120 -0.0164 0.4098
vn 0.4453 0.6870 0.5742
vn -0.0044 0.4273 0.9041
vn 0.4452 0.6402 -0.6261
vn 0.2322 0.4457 -0.8645
vn 0.6376 0.2106 -0.7410
vn 0.4714 0.0503 -0.8805
vn 0.6377 0.2106 -0.7409
vn 0.4737 0.0555 -0.8789
vn 0.4737 0.0556 -0.8789
vn 0.5442 -0.0192 -0.8387
vn 0.5430 -0.0137 -0.8396
vn 0.7680 -0.1406 -0.6248
vn 0.7674 -0.1379 -0.6261
vn 0.7234 -0.0298 -0.6898
vn 0.7288 -0.0147 -0.6845
vn 0.5442 -0.0191 -0.8387
vn 0.7288 -0.0147 -0.6846
vn 0.5143 -0.3249 0.7936
vn 0.3701 -0.4456 0.8152
vn 0.6600 -0.0221 0.7509
vn 0.6572 -0.0170 0.7536
vn 0.2825 0.2496 -0.9262
vn 0.2766 0.2459 -0.9290
vn 0.2875 -0.7222 0.6292
vn 0.2278 -0.8319 0.5059
vn 0.8853 -0.1294 -0.4466
vn 0.8807 -0.1377 -0.4533
vn 0.9105 -0.0164 -0.4132
vn 0.8819 -0.1412 -0.4497
vn 0.8807 -0.1378 -0.4532
vn 0.7675 -0.1379 -0.6261
vn 0.7748 -0.1421 0.6160
vn 0.7565 -0.0230 0.6535
vn 0.7750 -0.1400 0.6162
vn 0.7566 -0.0231 0.6535
vn 0.7750 -0.1399 0.6162
vn 0.2185 -0.8337 0.5071
vn -0.0075 -0.8327 0.5537
vn 0.2368 0.4494 -0.8614
vn 0.2321 0.4456 -0.8646
vn -0.0065 -0.4866 0.8736
vn -0.0075 -0.2604 0.9655
vn 0.9867 -0.0166 0.1619
vn 0.9121 -0.0163 0.4097
vn 0.9872 -0.0214 0.1578
vn 0.7565 -0.0231 0.6536
vn 0.7569 -0.0171 0.6533
vn 0.6571 -0.0170 0.7536
vn 0.9105 -0.0163 -0.4132
vn 0.9108 -0.0207 -0.4123
vn 0.9832 -0.1411 -0.1154
vn 0.9832 -0.1381 0.1191
vn -0.0076 -0.2604 0.9655
vn 0.7461 0.3672 -0.5555
vn -0.0068 -0.8316 0.5554
vn -0.0056 -0.7200 0.6940
vn -0.0058 -0.7185 0.6955
vn -0.0068 -0.8316 0.5553
vn 0.8813 -0.1411 0.4509
vn 0.8793 -0.1371 0.4560
vn -0.0064 -0.4866 0.8736
vn 0.2871 -0.7199 0.6318
vn 0.3701 -0.4455 0.8152
vn 0.2246 -0.5143 0.8277
vn 0.2524 -0.2765 0.9273
vn -0.0065 -0.2766 0.9610
vn -0.0057 -0.5161 0.8565
vn 0.6950 0.2416 0.6772
vn 0.6261 0.4836 0.6117
vn 0.8994 0.2409 0.3649
vn 0.8112 0.4840 0.3282
vn 0.9708 0.2401 0.0007
vn 0.7565 -0.0230 0.6536
vn -0.0050 0.2441 0.9697
vn 0.2172 0.5554 0.8027
vn 0.4436 0.4861 0.7529
vn 0.4381 0.7891 0.4306
vn 0.9707 0.2401 0.0007
vn -0.0057 -0.7199 0.6940
vn -0.0062 -0.0232 0.9997
vn 0.2172 0.5553 0.8028
vn -0.0136 0.4233 0.9059
vn 0.4395 0.6798 0.5871
vn -0.7431 0.3690 0.5582
vn -0.9122 -0.0218 0.4093
vn -0.7565 -0.0231 0.6535
vn -0.9009 0.2420 -0.3603
vn -0.8118 0.4844 -0.3260
vn -0.6288 0.4851 -0.6076
vn -0.4453 0.6871 0.5742
vn -0.4395 0.6798 0.5871
vn -0.4382 0.7890 0.4306
vn -0.4400 0.8980 0.0007
vn -0.7238 0.6900 0.0007
vn -0.6426 0.7007 0.3098
vn -0.5144 -0.3249 0.7936
vn -0.3701 -0.4456 0.8152
vn -0.2524 -0.2764 0.9273
vn -0.4156 0.1143 0.9023
vn -0.6600 -0.0221 0.7510
vn -0.6318 -0.1390 0.7626
vn -0.4425 0.8446 -0.3015
vn -0.8905 0.4550 0.0008
vn -0.4465 0.8948 0.0008
vn -0.4440 0.8436 0.3022
vn -0.2217 0.5602 0.7982
vn 0.0047 0.4292 0.9032
vn 0.0066 0.2192 0.9757
vn -0.7196 -0.0198 -0.6941
vn -0.6473 0.2059 -0.7339
vn -0.5442 -0.0192 -0.8388
vn -0.4746 0.0532 -0.8786
vn -0.9097 -0.0207 -0.4147
vn -0.9856 -0.0214 -0.1675
vn -0.9864 -0.0214 0.1631
vn -0.2278 -0.8328 0.5045
vn 0.0076 -0.8327 0.5537
vn -0.2874 -0.7222 0.6291
vn 0.0057 -0.7200 0.6940
vn -0.8819 -0.1412 -0.4497
vn -0.7680 -0.1406 -0.6248
vn -0.7748 -0.1422 0.6160
vn -0.8813 -0.1411 0.4510
vn 0.0045 -0.0168 0.9998
vn 0.0050 0.2440 0.9698
vn -0.2620 -0.0163 0.9649
vn -0.3790 0.2447 0.8925
vn -0.7288 -0.0148 -0.6845
vn -0.6377 0.2106 -0.7410
vn -0.6288 0.4852 -0.6076
vn -0.6435 0.7017 -0.3059
vn -0.8119 0.4844 -0.3260
vn -0.8776 0.4795 0.0007
vn -0.4420 0.6372 -0.6314
vn -0.6288 0.4851 -0.6077
vn -0.6435 0.7017 -0.3060
vn -0.8119 0.4843 -0.3260
vn -0.4395 0.6797 0.5872
vn -0.4436 0.4861 0.7529
vn -0.2172 0.5554 0.8028
vn -0.3790 0.2446 0.8925
vn -0.6261 0.4836 0.6117
vn -0.8112 0.4841 0.3282
vn -0.4362 0.8655 -0.2462
vn -0.4400 0.7892 -0.4285
vn 0.0044 0.4273 0.9041
vn 0.0050 0.2441 0.9697
vn -0.7289 -0.0148 -0.6845
vn -0.5431 -0.0137 -0.8396
vn -0.4738 0.0555 -0.8789
vn -0.8807 -0.1378 -0.4533
vn -0.9105 -0.0163 -0.4131
vn -0.7674 -0.1380 -0.6261
vn -0.7288 -0.0147 -0.6845
vn -0.9105 -0.0163 -0.4132
vn -0.9860 -0.0166 -0.1659
vn -0.2321 0.4457 -0.8646
vn -0.2360 0.2893 -0.9277
vn -0.4506 0.4002 -0.7980
vn -0.2766 0.2460 -0.9290
vn -0.2278 -0.8320 0.5059
vn 0.0067 -0.8316 0.5553
vn -0.2871 -0.7200 0.6318
vn 0.0058 -0.7184 0.6956
vn -0.7751 -0.1400 0.6162
vn -0.7569 -0.0171 0.6533
vn -0.8793 -0.1372 0.4560
vn -0.9120 -0.0163 0.4098
vn -0.4436 0.4862 0.7529
vn -0.6261 0.4836 0.6116
vn 0.0058 -0.7185 0.6955
vn 0.0057 -0.5161 0.8565
vn 0.0056 -0.7200 0.6940
vn 0.0057 -0.7199 0.6940
vn 0.0065 -0.4866 0.8736
vn -0.9833 -0.1411 -0.1150
vn -0.9831 -0.1411 0.1166
vn 0.0065 -0.2766 0.9610
vn 0.0075 -0.2604 0.9655
vn 0.0062 -0.0232 0.9997
vn 0.0068 -0.8316 0.5553
vn 0.0068 -0.8316 0.5554
vn 0.0075 -0.8327 0.5537
vn -0.8793 -0.1371 0.4560
vn -0.8813 -0.1411 0.4509
vn -0.9840 -0.1364 -0.1147
vn -0.9833 -0.1412 -0.1150
vn -0.9867 -0.0166 0.1620
vn -0.9832 -0.1380 0.1191
vn -0.9864 -0.0215 0.1631
vn -0.9120 -0.0164 0.4098
vn -0.8793 -0.1372 0.4561
vn -0.8837 -0.1336 0.4486
vn -0.6376 0.2106 -0.7410
vn -0.4512 0.3990 -0.7983
vn -0.4737 0.0555 -0.8789
vn -0.6377 0.2106 -0.7409
vn -0.6473 0.2060 -0.7339
vn -0.7196 -0.0198 -0.6942
vn -0.7674 -0.1379 -0.6261
vn -0.6572 -0.0170 0.7536
vn -0.6600 -0.0221 0.7509
vn -0.6330 -0.1378 0.7618
vn -0.6346 -0.1288 0.7620
vn -0.2824 0.2496 -0.9262
vn -0.4473 0.3955 -0.8022
vn -0.2766 0.2459 -0.9290
vn -0.2825 0.2496 -0.9262
vn -0.2377 0.2950 -0.9255
vn -0.2172 0.5554 0.8027
vn -0.2875 -0.7222 0.6292
vn -0.2278 -0.8320 0.5058
vn -0.9105 -0.0164 -0.4132
vn -0.8807 -0.1377 -0.4533
vn -0.8819 -0.1413 -0.4497
vn -0.7675 -0.1379 -0.6261
vn -0.8807 -0.1378 -0.4532
vn -0.7569 -0.0172 0.6533
vn -0.7750 -0.1399 0.6162
vn -0.7565 -0.0230 0.6535
vn -0.7748 -0.1421 0.6160
vn -0.7750 -0.1400 0.6162
vn 0.0041 -0.8331 0.5532
vn -0.2216 0.5602 0.7982
vn -0.9121 -0.0163 0.4097
vn -0.9867 -0.0166 0.1619
vn -0.6571 -0.0170 0.7536
vn -0.7565 -0.0231 0.6536
vn -0.9872 -0.0214 -0.1579
vn -0.9106 -0.0163 -0.4131
vn -0.9832 -0.1381 0.1191
vn -0.9840 -0.1364 -0.1146
vn -0.4452 0.6402 -0.6261
vn -0.7460 0.3672 -0.5555
vn -0.2246 -0.5143 0.8277
vn -0.9121 -0.0218 0.4093
vn -0.7431 0.3691 0.5582
vn -0.7461 0.3672 -0.5555
vn -0.4156 0.1142 0.9023
vn 0.0063 -0.0232 0.9997
vn 0.0076 -0.2604 0.9655
vn 0.0064 -0.4866 0.8736
vn 0.0065 -0.2766 0.9609
vn -0.3701 -0.4456 0.8151
vn -0.2875 -0.7222 0.6291
vn -0.3733 -0.4501 0.8112
vn -0.4420 0.6372 -0.6313
vn -0.4453 0.6402 -0.6261
vn -0.2368 0.4495 -0.8613
vn -0.2377 0.2949 -0.9255
vn -0.2871 -0.7199 0.6318
vn -0.3702 -0.4455 0.8151
vn -0.2524 -0.2765 0.9273
vn -0.5092 -0.0155 0.8605
vn -0.6330 -0.1377 0.7618
vn -0.6572 -0.0170 0.7535
vn -0.6950 0.2415 0.6772
vn -0.8994 0.2409 0.3649
vn -0.6950 0.2416 0.6772
vn -0.8775 0.4795 0.0007
vn -0.6427 0.7007 0.3098
vn -0.4360 0.8652 0.2476
vn -0.5233 -0.3265 0.7871
vn -0.9707 0.2401 0.0007
vn -0.3687 -0.4537 0.8113
vn 0.0066 0.2191 0.9757
vn -0.4425 0.8446 -0.3014
vn -0.4465 0.8948 0.0029
vn -0.4453 0.6870 0.5742
vn -0.4360 0.8652 0.2475
vn -0.2368 0.4495 -0.8614
vn -0.2322 0.4457 -0.8645
vn -0.5441 -0.0191 -0.8388
vn -0.4737 0.0556 -0.8789
vn -0.7288 -0.0147 -0.6846
vn -0.9708 0.2401 0.0007
vn -0.6293 -0.7155 -0.3033
vn -0.4809 -0.8768 -0.0000
vn -0.6536 -0.6881 0.3150
vn -0.8791 -0.4765 0.0000
vn -0.6536 -0.6882 0.3150
vn -0.8187 -0.4804 0.3145
vn -0.4125 -0.8411 -0.3498
vn -0.3152 -0.8970 -0.3099
vn -0.3742 -0.8897 -0.2615
vn -0.3537 -0.9211 0.1626
vn -0.2954 -0.9518 0.0826
vn -0.3009 -0.9351 0.1869
vn -0.3356 -0.9341 0.1216
vn -0.3195 -0.9259 0.2017
vn -0.3747 -0.9104 0.1756
vn -0.3151 -0.8970 -0.3099
vn -0.3798 -0.8626 -0.3341
vn -0.3344 -0.8574 -0.3911
vn -0.4002 -0.8916 0.2118
vn -0.3407 -0.9091 0.2398
vn -0.3865 -0.9061 0.1720
vn -0.3650 -0.8938 0.2607
vn -0.4249 -0.8759 0.2285
vn -0.3988 -0.9105 0.1093
vn -0.4556 -0.8474 0.2727
vn -0.3895 -0.8685 0.3065
vn -0.4538 -0.8603 0.2323
vn -0.4182 -0.8450 0.3333
vn -0.4858 -0.8228 0.2950
vn -0.4249 -0.8759 0.2286
vn -0.4543 -0.8773 0.1547
vn -0.4537 -0.8603 0.2324
vn -0.4857 -0.8228 0.2951
vn -0.5233 -0.8262 0.2085
vn -0.8755 -0.4503 -0.1753
vn -0.8060 -0.5795 -0.1204
vn -0.8403 -0.4322 0.3272
vn -0.7551 -0.5841 0.2976
vn -0.7668 -0.5981 -0.2331
vn -0.6500 -0.7390 -0.1769
vn -0.3952 -0.9150 0.0809
vn -0.3885 -0.8994 -0.2003
vn -0.2901 -0.9349 -0.2042
vn -0.4527 -0.8675 -0.2062
vn -0.2902 -0.9349 -0.2042
vn -0.5597 -0.8073 -0.1868
vn -0.5569 -0.8033 0.2112
vn -0.5006 -0.8439 -0.1929
vn -0.4579 -0.8407 -0.2889
vn -0.3797 -0.8626 -0.3341
vn -0.2902 -0.9349 -0.2043
vn -0.3798 -0.8626 -0.3342
vn -0.3664 -0.9104 -0.1919
vn -0.3146 -0.8972 -0.3101
vn -0.3664 -0.9105 -0.1919
vn -0.4838 -0.8551 -0.1864
vn -0.4639 -0.8450 -0.2660
vn -0.8237 -0.4798 -0.3023
vn -0.8791 -0.4766 -0.0000
vn -0.3064 -0.8974 -0.3173
vn -0.5112 -0.8595 -0.0000
vn -0.6398 -0.7015 -0.3139
vn -0.7161 -0.6980 -0.0000
vn -0.6307 -0.7498 0.2001
vn -0.5063 -0.8571 0.0952
vn -0.3953 -0.9150 0.0809
vn -0.6137 -0.7719 0.1661
vn -0.7551 -0.5842 0.2976
vn -0.7692 -0.6001 0.2196
vn -0.5111 -0.8595 -0.0000
vn -0.6329 -0.7030 0.3243
vn -0.3068 -0.8931 0.3289
vn -0.8220 -0.4678 0.3248
vn -0.8865 -0.4627 0.0000
vn -0.6399 -0.7015 -0.3139
vn -0.6293 -0.7156 -0.3033
vn -0.3242 -0.8951 -0.3062
vn -0.8794 -0.4759 0.0113
vn -0.8865 -0.4628 0.0001
vn -0.8267 -0.4673 -0.3133
vn -0.8267 -0.4673 -0.3134
vn -0.3064 -0.8975 -0.3173
vn -0.3059 -0.9521 -0.0001
vn -0.3203 -0.9473 -0.0000
vn -0.6330 -0.7030 0.3243
vn -0.3247 -0.8905 0.3187
vn -0.8220 -0.4678 0.3247
vn -0.8865 -0.4628 -0.0000
vn -0.8792 -0.4765 -0.0000
vn -0.8187 -0.4805 0.3145
vn -0.3201 -0.9473 -0.0065
vn -0.3248 -0.8905 0.3187
vn -0.3068 -0.8931 0.3290
vn -0.7552 -0.5841 0.2976
vn -0.6137 -0.7718 0.1661
vn -0.6307 -0.7497 0.2001
vn -0.4066 -0.9018 0.1461
vn -0.3536 -0.9211 0.1626
vn -0.3084 -0.9261 0.2171
vn -0.3010 -0.9351 0.1869
vn -0.2953 -0.9518 0.0826
vn -0.3194 -0.9259 0.2017
vn -0.3084 -0.9262 0.2171
vn -0.3748 -0.9103 0.1755
vn -0.4582 -0.8677 0.1926
vn -0.3493 -0.8958 0.2748
vn -0.4147 -0.9054 0.0905
vn -0.3649 -0.8938 0.2607
vn -0.3494 -0.8958 0.2748
vn -0.4582 -0.8677 0.1927
vn -0.5202 -0.8165 0.2505
vn -0.3993 -0.8486 0.3472
vn -0.4685 -0.8733 0.1339
vn -0.3992 -0.8486 0.3472
vn -0.3993 -0.8485 0.3471
vn -0.8267 -0.4672 -0.3134
vn -0.3059 -0.9521 -0.0000
vn -0.5340 -0.8250 0.1848
vn -0.5233 -0.8262 0.2086
vn -0.3084 -0.9262 0.2170
vn -0.2954 -0.9518 0.0825
vn -0.3993 -0.8485 0.3472
vn -0.3895 -0.8686 0.3064
vn -0.4538 -0.8603 0.2324
vn -0.4685 -0.8733 0.1340
vn -0.4135 -0.9025 0.1202
vn -0.3494 -0.8958 0.2749
vn -0.3658 -0.9271 0.0820
vn -0.4726 -0.8650 0.1687
vn -0.6308 -0.7497 0.2001
vn -0.6362 -0.7562 -0.1533
vn -0.6500 -0.7390 -0.1770
vn -0.6362 -0.7562 -0.1532
vn -0.4993 -0.8452 -0.1907
vn -0.6361 -0.7562 -0.1533
vn -0.5597 -0.8074 -0.1868
vn -0.3885 -0.8994 -0.2004
vn -0.4639 -0.8450 -0.2661
vn -0.4579 -0.8408 -0.2889
vn 0.4096 -0.8423 -0.3503
vn 0.3713 -0.8908 -0.2618
vn 0.3121 -0.8980 -0.3103
vn 0.6274 -0.7169 -0.3039
vn 0.6518 -0.6896 0.3157
vn 0.4785 -0.8781 -0.0000
vn 0.8785 -0.4778 -0.0000
vn 0.8187 -0.4804 0.3145
vn 0.6518 -0.6895 0.3156
vn 0.3324 -0.9353 0.1217
vn 0.2980 -0.9360 0.1871
vn 0.2925 -0.9527 0.0826
vn 0.3509 -0.9222 0.1628
vn 0.2980 -0.9361 0.1871
vn 0.3631 -0.9281 0.0821
vn 0.3829 -0.9076 0.1723
vn 0.3374 -0.9102 0.2401
vn 0.3324 -0.9352 0.1218
vn 0.3972 -0.8929 0.2121
vn 0.3324 -0.9352 0.1217
vn 0.4106 -0.9038 0.1204
vn 0.4499 -0.8622 0.2329
vn 0.3860 -0.8700 0.3069
vn 0.4523 -0.8490 0.2732
vn 0.3860 -0.8699 0.3069
vn 0.4694 -0.8666 0.1690
vn 0.5597 -0.8073 -0.1868
vn 0.5569 -0.8033 0.2112
vn 0.4527 -0.8675 -0.2062
vn 0.4499 -0.8622 0.2328
vn 0.8747 -0.4516 -0.1758
vn 0.8394 -0.4333 0.3281
vn 0.8047 -0.5813 -0.1208
vn 0.7535 -0.5858 0.2984
vn 0.3885 -0.8994 -0.2003
vn 0.2872 -0.9358 -0.2044
vn 0.6339 -0.7580 -0.1536
vn 0.4970 -0.8465 -0.1910
vn 0.3884 -0.8994 -0.2004
vn 0.6339 -0.7580 -0.1537
vn 0.6483 -0.7405 -0.1773
vn 0.8047 -0.5813 -0.1207
vn 0.7655 -0.5995 -0.2337
vn 0.6482 -0.7405 -0.1773
vn 0.3926 -0.9161 0.0810
vn 0.3885 -0.8994 -0.2004
vn 0.2873 -0.9358 -0.2044
vn 0.2873 -0.9358 -0.2045
vn 0.3763 -0.8640 -0.3346
vn 0.4547 -0.8423 -0.2894
vn 0.4974 -0.8457 -0.1933
vn 0.3664 -0.9105 -0.1919
vn 0.3122 -0.8979 -0.3102
vn 0.6284 -0.7515 0.2006
vn 0.8227 -0.4810 -0.3030
vn 0.6518 -0.6895 0.3157
vn 0.3042 -0.8939 0.3293
vn 0.3033 -0.9529 -0.0000
vn 0.5090 -0.8607 0.0000
vn 0.3038 -0.8982 -0.3176
vn 0.3042 -0.8939 0.3292
vn 0.6342 -0.7016 0.3249
vn 0.7161 -0.6980 0.0000
vn 0.8211 -0.4689 0.3255
vn 0.8859 -0.4639 -0.0000
vn 0.8258 -0.4684 -0.3141
vn 0.3212 -0.9470 0.0031
vn 0.3214 -0.8960 -0.3065
vn 0.3038 -0.8982 -0.3177
vn 0.8787 -0.4772 -0.0115
vn 0.8859 -0.4639 -0.0001
vn 0.8187 -0.4804 0.3146
vn 0.3213 -0.9470 -0.0000
vn 0.3219 -0.8914 0.3190
vn 0.3212 -0.9470 -0.0000
vn 0.3220 -0.8914 0.3190
vn 0.4786 -0.8781 0.0000
vn 0.6118 -0.7733 0.1664
vn 0.7680 -0.6014 0.2201
vn 0.4039 -0.9030 0.1463
vn 0.3025 -0.9278 0.2182
vn 0.3509 -0.9221 0.1628
vn 0.3164 -0.9269 0.2019
vn 0.3054 -0.9271 0.2173
vn 0.4147 -0.9054 0.0905
vn 0.4554 -0.8691 0.1930
vn 0.3461 -0.8969 0.2752
vn 0.3616 -0.8951 0.2610
vn 0.3460 -0.8969 0.2752
vn 0.4106 -0.9038 0.1203
vn 0.4553 -0.8692 0.1930
vn 0.4685 -0.8733 0.1340
vn 0.5172 -0.8182 0.2511
vn 0.3957 -0.8500 0.3478
vn 0.4145 -0.8466 0.3339
vn 0.3313 -0.8584 -0.3916
vn 0.4095 -0.8424 -0.3503
vn 0.3312 -0.8584 -0.3916
vn 0.4096 -0.8424 -0.3503
vn 0.3121 -0.8980 -0.3102
vn 0.4984 -0.8458 -0.1903
vn 0.4810 -0.8566 -0.1867
vn 0.4548 -0.8423 -0.2893
vn 0.4639 -0.8450 -0.2661
vn 0.4810 -0.8566 -0.1868
vn 0.4694 -0.8667 0.1690
vn 0.5340 -0.8250 0.1848
vn 0.5040 -0.8584 0.0953
vn 0.6285 -0.7515 0.2006
vn 0.4824 -0.8245 0.2956
vn 0.4144 -0.8466 0.3339
vn 0.4825 -0.8245 0.2956
vn 0.4684 -0.8733 0.1339
vn 0.4527 -0.8780 0.1555
vn 0.4218 -0.8773 0.2289
vn 0.4554 -0.8691 0.1929
vn 0.3460 -0.8970 0.2752
vn 0.3615 -0.8951 0.2610
vn 0.4040 -0.9030 0.1463
vn 0.3959 -0.9117 0.1094
vn 0.3718 -0.9115 0.1758
vn 0.3719 -0.9115 0.1758
vn 0.3053 -0.9271 0.2173
vn 0.3718 -0.9115 0.1757
vn 0.3324 -0.9353 0.1218
vn 0.5340 -0.8250 0.1849
vn 0.5200 -0.8282 0.2090
vn 0.4548 -0.8423 -0.2894
vn 0.3763 -0.8640 -0.3347
vn 0.3763 -0.8639 -0.3347
vn 0.3312 -0.8585 -0.3916
vn 0.6398 -0.7015 -0.3139
vn 0.8258 -0.4683 -0.3141
vn 0.6519 -0.6895 0.3157
vn -0.3239 0.2216 -0.9198
vn -0.4591 0.4123 -0.7869
vn -0.3153 0.2340 -0.9197
vn -0.4445 0.4210 -0.7907
vn -0.4902 0.0195 -0.8714
vn -0.4737 0.0323 -0.8801
vn -0.3118 0.2294 -0.9221
vn -0.3118 0.2294 -0.9220
vn -0.6272 0.2254 -0.7456
vn -0.4737 0.0324 -0.8801
vn -0.4902 0.0196 -0.8714
vn -0.6367 0.2198 -0.7391
vn -0.4736 0.0323 -0.8801
vn 0.3118 0.2294 -0.9221
vn 0.3239 0.2216 -0.9198
vn 0.4737 0.0323 -0.8801
vn 0.4902 0.0195 -0.8714
vn 0.4444 0.4210 -0.7907
vn 0.4591 0.4123 -0.7869
vn 0.6272 0.2254 -0.7456
vn 0.6367 0.2198 -0.7391
vn 0.4737 0.0324 -0.8801
vn 0.3118 0.2294 -0.9220
vn 0.4445 0.4210 -0.7907
vn 0.4736 0.0323 -0.8801
vn 0.4902 0.0196 -0.8714
vn 0.4492 0.4286 -0.7839
usemtl mat0
s 1
f 1/1/1 2/2/2 3/3/3
f 4/4/4 5/5/5 6/6/6
f 7/7/7 9/8/8 8/9/9
f 10/10/10 11/11/11 12/12/12
f 13/13/13 14/14/14 15/15/15
f 16/16/16 17/17/17 18/18/18
f 19/19/19 20/20/20 21/21/21
f 22/22/22 23/23/23 24/24/24
f 25/25/25 26/26/26 27/27/27
f 28/28/28 29/29/29 30/30/30
f 31/31/31 32/32/32 33/33/33
f 34/34/34 35/35/35 36/36/36
f 37/37/37 38/38/38 39/39/39
f 40/40/40 42/41/41 41/42/42
f 43/43/39 44/44/43 45/45/44
f 46/46/45 47/47/46 48/48/47
f 49/49/48 50/50/49 51/51/50
f 52/52/51 53/53/52 54/54/53
f 55/55/54 56/56/55 57/57/56
f 58/58/57 59/59/58 60/60/59
f 61/61/60 62/62/61 63/63/62
f 63/63/62 62/62/61 64/64/63
f 65/65/64 66/66/65 67/67/66
f 67/67/66 66/66/65 68/68/67
f 69/69/68 70/70/69 71/71/70
f 71/71/70 70/70/69 72/72/71
f 73/73/72 74/74/73 75/75/74
f 75/75/74 74/74/73 76/76/75
f 77/77/76 78/78/77 79/79/78
f 79/79/78 78/78/77 80/80/79
f 81/81/73 82/82/68 83/83/64
f 83/83/64 82/82/68 84/84/80
f 85/85/81 86/86/82 87/87/83
f 87/87/83 86/86/82 88/88/49
f 89/89/84 90/90/85 91/91/86
f 91/91/86 90/90/85 92/92/49
f 93/93/83 94/94/49 95/95/87
f 95/95/87 94/94/49 96/96/48
f 97/97/88 99/98/89 98/99/90
f 99/98/89 100/100/56 98/99/90
f 101/101/91 102/102/92 103/103/72
f 103/103/72 102/102/92 104/104/73
f 105/105/93 106/106/94 107/107/95
f 107/107/95 106/106/94 108/108/96
f 109/109/97 110/110/98 111/111/95
f 111/111/95 110/110/98 112/112/99
f 113/113/100 114/114/101 115/115/102
f 115/115/102 114/114/101 116/116/103
f 117/117/104 118/118/105 119/119/106
f 119/119/106 118/118/105 120/120/107
f 121/121/108 122/122/106 123/123/109
f 123/123/109 122/122/106 124/124/107
f 125/125/110 126/126/78 127/127/65
f 127/127/65 126/126/78 128/128/67
f 129/129/111 130/130/112 131/131/113
f 131/131/113 130/130/112 132/132/114
f 133/133/115 134/134/116 135/135/117
f 135/135/117 134/134/116 136/136/118
f 137/137/119 138/138/120 139/139/112
f 139/139/112 138/138/120 140/140/121
f 141/141/122 142/142/123 143/143/124
f 143/143/124 142/142/123 144/144/118
f 145/145/125 146/146/126 147/147/127
f 147/147/127 146/146/126 148/148/128
f 149/149/129 150/150/130 151/151/131
f 151/151/131 150/150/130 152/152/132
f 153/153/133 154/154/102 155/155/134
f 155/155/134 154/154/102 156/156/135
f 157/157/136 158/158/137 159/159/138
f 159/159/138 158/158/137 160/160/139
f 161/161/140 162/162/141 163/163/122
f 163/163/122 162/162/141 164/164/123
f 165/165/142 167/166/143 166/167/144
f 167/166/145 166/167/146 168/168/42
f 169/169/147 170/170/142 171/171/148
f 171/171/148 170/170/142 172/172/149
f 173/173/139 175/174/138 174/175/150
f 175/174/138 176/176/129 174/175/150
f 177/177/150 179/178/151 178/179/139
f 179/178/151 180/180/149 178/179/139
f 181/181/152 183/182/127 182/183/149
f 183/182/127 184/184/139 182/183/149
f 185/185/153 186/186/112 187/187/154
f 187/187/154 186/186/112 188/188/155
f 189/189/153 190/190/156 191/191/157
f 191/191/157 190/190/156 192/192/158
f 193/193/159 194/194/160 195/195/161
f 195/195/161 194/194/160 196/196/140
f 197/197/162 198/198/118 199/199/163
f 199/199/163 198/198/118 200/200/123
f 201/201/164 203/202/165 202/203/166
f 203/202/165 204/204/167 202/203/166
f 205/205/168 206/206/169 207/207/170
f 207/207/170 206/206/169 208/208/53
f 209/209/171 210/210/170 211/211/52
f 211/211/52 210/210/170 212/212/53
f 213/213/172 214/214/173 215/215/51
f 215/215/51 214/214/173 216/216/174
f 217/217/171 218/218/52 219/219/175
f 219/219/175 218/218/52 220/220/176
f 221/221/177 222/222/178 223/223/179
f 223/223/179 222/222/178 224/224/176
f 225/225/180 226/226/181 227/227/182
f 227/227/182 226/226/181 228/228/183
f 229/229/184 230/230/40 231/231/185
f 231/231/185 230/230/40 232/232/186
f 233/233/174 234/234/173 235/235/187
f 235/235/187 234/234/173 236/236/172
f 237/237/51 238/238/53 239/239/172
f 239/239/172 238/238/53 240/240/188
f 241/241/189 242/242/190 243/243/191
f 243/243/191 242/242/190 244/244/192
f 245/245/181 246/246/193 247/247/194
f 247/247/194 246/246/193 248/248/195
f 249/249/187 250/250/196 251/251/174
f 251/251/174 250/250/196 252/252/197
f 253/253/198 254/254/199 255/255/189
f 255/255/189 254/254/199 256/256/200
f 257/257/201 258/258/163 259/259/141
f 259/259/141 258/258/163 260/260/202
f 261/261/203 263/262/204 262/263/174
f 263/262/205 262/263/206 264/264/111
f 265/265/115 267/266/116 266/267/170
f 267/266/116 268/268/171 266/267/170
f 269/269/119 271/270/120 270/271/179
f 271/270/120 272/272/176 270/271/179
f 273/273/207 274/274/182 275/275/128
f 275/275/128 276/276/208 274/274/182
f 277/277/209 279/278/165 278/279/147
f 279/278/165 280/280/148 278/279/147
f 281/281/210 282/282/211 283/283/131
f 283/283/131 282/282/211 284/284/200
f 285/285/212 286/286/213 287/287/214
f 287/287/214 286/286/213 288/288/215
f 289/289/167 291/290/216 290/291/186
f 291/290/216 292/292/40 290/291/186
f 293/293/166 294/294/185 295/295/167
f 295/295/167 294/294/185 296/296/186
f 297/297/217 299/298/116 298/299/218
f 299/298/116 300/300/122 298/299/218
f 301/301/122 303/302/219 302/303/220
f 303/302/219 302/303/218 304/304/221
f 305/305/127 307/306/222 306/307/223
f 307/306/222 308/308/224 306/307/223
f 309/309/225 310/310/226 311/311/166
f 311/311/166 310/310/226 312/312/185
f 313/313/227 315/314/193 314/315/154
f 315/314/193 316/316/228 314/315/154
f 317/317/161 319/318/229 318/319/219
f 319/318/230 318/319/231 320/320/232
f 321/321/199 323/322/129 322/323/233
f 323/322/129 324/324/234 322/323/233
f 325/325/235 327/326/139 326/327/236
f 327/326/139 328/328/127 326/327/236
f 329/329/46 331/330/159 330/331/45
f 331/330/159 332/332/237 330/331/45
f 333/333/161 335/334/238 334/335/47
f 335/334/238 336/336/46 334/335/47
f 337/337/210 339/338/239 338/339/130
f 339/338/239 340/340/45 338/339/130
f 341/341/136 342/342/240 343/343/241
f 343/343/241 342/342/240 344/344/242
f 345/345/215 347/346/243 346/347/244
f 347/346/243 348/348/245 346/347/244
f 349/349/131 351/350/246 350/351/247
f 351/350/246 352/352/248 350/351/247
f 353/353/121 354/354/249 355/355/205
f 355/355/250 356/356/51 354/354/251
f 357/357/155 359/358/252 358/359/174
f 359/358/252 360/360/253 358/359/174
f 361/361/119 363/362/179 362/363/156
f 363/362/179 364/364/254 362/363/156
f 365/365/153 367/366/255 366/367/193
f 367/366/255 368/368/256 366/367/193
f 369/369/125 370/370/224 371/371/257
f 371/371/257 370/370/224 372/372/182
f 373/373/52 375/374/258 374/375/121
f 375/374/258 376/376/259 374/375/121
f 377/377/260 378/378/178 379/379/175
f 379/379/175 378/378/178 380/380/171
f 381/381/171 382/382/178 383/383/218
f 383/383/218 382/382/178 384/384/221
f 385/385/224 386/386/223 387/387/192
f 387/387/192 386/386/223 388/388/261
f 389/389/30 390/390/32 391/391/28
f 391/391/28 390/390/32 392/392/39
f 393/393/262 394/394/263 395/395/32
f 395/395/32 394/394/263 396/396/33
f 397/397/262 398/398/32 399/399/264
f 399/399/264 398/398/32 400/400/30
f 401/401/265 402/402/38 403/403/266
f 403/403/266 402/402/38 404/404/37
f 405/405/37 406/406/39 407/407/31
f 407/407/31 406/406/39 408/408/32
f 409/409/39 410/410/44 411/411/267
f 411/411/267 410/410/44 412/412/268
f 413/413/269 415/414/270 414/415/271
f 415/414/270 416/416/272 414/415/271
f 417/417/273 419/418/274 418/419/275
f 419/418/276 418/419/31 420/420/33
f 421/421/277 423/422/278 422/423/279
f 423/422/278 424/424/37 422/423/279
f 425/425/280 426/426/281 427/427/282
f 427/427/282 426/426/281 428/428/265
f 429/429/283 430/430/39 431/431/284
f 431/431/284 430/430/39 432/432/38
f 433/433/285 435/434/286 434/435/37
f 435/434/286 436/436/31 434/435/37
f 437/437/262 439/438/160 438/439/287
f 439/438/160 438/439/264 440/440/288
f 441/441/271 443/442/276 442/443/289
f 443/442/276 444/444/290 442/443/289
f 445/445/291 447/446/289 446/447/292
f 447/446/289 448/448/290 446/447/292
f 449/449/277 451/450/293 450/451/292
f 451/450/293 452/452/291 450/451/292
f 453/453/294 454/454/295 455/455/296
f 455/455/296 454/454/295 456/456/297
f 457/457/298 458/458/34 459/459/294
f 459/459/294 458/458/34 460/460/295
f 461/461/299 462/462/35 463/463/298
f 463/463/298 462/462/35 464/464/34
f 465/465/115 467/466/300 466/467/117
f 467/466/300 468/468/301 466/467/117
f 469/469/302 470/470/135 471/471/303
f 471/471/303 470/470/135 472/472/96
f 473/473/304 474/474/305 475/475/306
f 475/475/306 474/474/305 476/476/307
f 477/477/308 478/478/309 479/479/310
f 479/479/310 478/478/309 480/480/311
f 481/481/310 482/482/312 483/483/313
f 483/483/313 482/482/312 484/484/314
f 485/485/34 486/486/36 487/487/315
f 487/487/315 486/486/36 488/488/312
f 489/489/316 491/490/317 490/491/318
f 491/490/317 492/492/319 490/491/318
f 493/493/296 495/494/320 494/495/321
f 495/494/322 494/495/321 496/496/307
f 497/497/319 499/498/323 498/499/318
f 499/498/323 500/500/324 498/499/318
f 501/501/325 502/502/326 503/503/327
f 503/503/327 502/502/326 504/504/328
f 505/505/76 506/506/78 507/507/329
f 507/507/329 506/506/78 508/508/110
f 509/509/68 510/510/70 511/511/330
f 511/511/330 510/510/70 512/512/71
f 513/513/331 514/514/332 515/515/26
f 515/515/26 514/514/332 516/516/333
f 517/517/334 518/518/335 519/519/61
f 519/519/61 518/518/335 520/520/91
f 521/521/91 522/522/333 523/523/92
f 523/523/92 522/522/333 524/524/336
f 525/525/337 526/526/338 527/527/339
f 527/527/339 526/526/338 528/528/340
f 529/529/341 530/530/340 531/531/342
f 531/531/342 530/530/340 532/532/343
f 533/533/22 534/534/24 535/535/344
f 535/535/344 534/534/24 536/536/345
f 537/537/339 538/538/340 539/539/346
f 539/539/346 538/538/340 540/540/341
f 541/541/332 542/542/331 543/543/347
f 543/543/347 542/542/331 544/544/341
f 545/545/331 546/546/26 547/547/339
f 547/547/339 546/546/26 548/548/25
f 549/549/348 550/550/329 551/551/349
f 551/551/349 550/550/329 552/552/350
f 553/553/20 555/554/351 554/555/352
f 555/554/351 556/556/353 554/555/352
f 557/557/133 558/558/134 559/559/354
f 559/559/354 558/558/134 560/560/135
f 561/561/355 562/562/356 563/563/98
f 563/563/98 562/562/356 564/564/99
f 565/565/357 566/566/341 567/567/358
f 567/567/358 566/566/341 568/568/345
f 569/569/359 570/570/360 571/571/106
f 571/571/106 570/570/360 572/572/104
f 573/573/359 574/574/106 575/575/361
f 575/575/361 574/574/106 576/576/108
f 577/577/362 578/578/363 579/579/364
f 579/579/364 578/578/363 580/580/365
f 581/581/118 582/582/366 583/583/117
f 583/583/117 582/582/366 584/584/367
f 585/585/368 586/586/364 587/587/369
f 587/587/369 586/586/364 588/588/370
f 589/589/371 590/590/372 591/591/162
f 591/591/162 590/590/372 592/592/118
f 593/593/373 594/594/374 595/595/375
f 595/595/375 594/594/374 596/596/376
f 597/597/377 598/598/378 599/599/379
f 599/599/379 598/598/378 600/600/380
f 601/601/381 602/602/382 603/603/383
f 603/603/383 602/602/382 604/604/384
f 605/605/385 606/606/163 607/607/386
f 607/607/386 606/606/163 608/608/201
f 609/609/162 610/610/386 611/611/371
f 611/611/371 610/610/386 612/612/387
f 613/613/293 615/614/388 614/615/389
f 615/614/388 616/616/390 614/615/389
f 617/617/391 619/618/392 618/619/393
f 619/618/392 620/620/394 618/619/393
f 621/621/392 623/622/395 622/623/396
f 623/622/395 624/624/397 622/623/396
f 625/625/398 627/626/399 626/627/400
f 627/626/399 628/628/401 626/627/400
f 629/629/402 630/630/403 631/631/145
f 631/631/404 632/632/142 630/630/405
f 633/633/149 634/634/142 635/635/406
f 635/635/406 634/634/142 636/636/407
f 637/637/381 639/638/397 638/639/383
f 639/638/397 640/640/380 638/639/383
f 641/641/397 643/642/381 642/643/151
f 643/642/381 644/644/149 642/643/151
f 645/645/376 647/646/408 646/647/406
f 647/646/408 648/648/409 646/647/406
f 649/649/410 650/650/411 651/651/364
f 651/651/364 650/650/411 652/652/412
f 653/653/410 654/654/413 655/655/414
f 655/655/414 654/654/413 656/656/415
f 657/657/398 658/658/416 659/659/417
f 659/659/417 658/658/416 660/660/387
f 661/661/418 663/662/419 662/663/420
f 663/662/419 664/664/421 662/663/420
f 665/665/422 666/666/169 667/667/423
f 667/667/423 666/666/169 668/668/168
f 669/669/424 670/670/425 671/671/423
f 671/671/423 670/670/425 672/672/422
f 673/673/172 674/674/426 675/675/427
f 675/675/427 674/674/426 676/676/428
f 677/677/424 678/678/429 679/679/425
f 679/679/425 678/678/429 680/680/430
f 681/681/145 682/682/431 683/683/432
f 683/683/432 682/682/431 684/684/433
f 685/685/434 686/686/13 687/687/435
f 687/687/435 686/686/13 688/688/436
f 689/689/437 690/690/438 691/691/435
f 691/691/435 690/690/438 692/692/439
f 693/693/402 694/694/18 695/695/440
f 695/695/440 694/694/18 696/696/441
f 697/697/10 698/698/12 699/699/442
f 699/699/442 698/698/12 700/700/443
f 701/701/428 702/702/187 703/703/427
f 703/703/427 702/702/187 704/704/172
f 705/705/18 706/706/402 707/707/444
f 707/707/444 706/706/402 708/708/145
f 709/709/435 710/710/445 711/711/14
f 711/711/14 710/710/445 712/712/446
f 713/713/187 714/714/428 715/715/196
f 715/715/196 714/714/428 716/716/447
f 717/717/15 718/718/448 719/719/10
f 719/719/10 718/718/448 720/720/449
f 721/721/362 722/722/450 723/723/451
f 723/723/452 724/724/426 722/722/428
f 725/725/453 727/726/454 726/727/455
f 727/726/454 728/728/367 726/727/455
f 729/729/424 731/730/366 730/731/423
f 731/730/366 732/732/367 730/731/423
f 733/733/430 735/734/369 734/735/448
f 735/734/369 736/736/368 734/735/448
f 737/737/16 739/738/376 738/739/438
f 739/738/376 738/739/438 740/740/456
f 741/741/439 743/742/441 742/743/376
f 743/742/441 744/744/457 742/743/376
f 745/745/458 746/746/459 747/747/379
f 747/747/379 746/746/459 748/748/460
f 749/749/461 750/750/462 751/751/463
f 751/751/463 750/750/462 752/752/464
f 753/753/440 755/754/420 754/755/465
f 755/754/420 756/756/421 754/755/465
f 757/757/465 758/758/466 759/759/421
f 759/759/421 758/758/466 760/760/419
f 761/761/371 763/762/366 762/763/467
f 763/762/366 764/764/468 762/763/467
f 765/765/469 766/766/467 767/767/470
f 767/767/471 768/768/371 766/766/472
f 769/769/436 771/770/473 770/771/474
f 771/770/473 772/772/475 770/771/474
f 773/773/476 775/774/14 774/775/411
f 775/774/14 776/776/477 774/775/411
f 777/777/469 778/778/387 779/779/478
f 779/779/479 780/780/416 778/778/471
f 781/781/383 783/782/380 782/783/480
f 783/782/380 784/784/481 782/783/480
f 785/785/374 787/786/482 786/787/483
f 787/786/482 788/788/484 786/787/483
f 789/789/399 791/790/398 790/791/485
f 791/790/398 792/792/486 790/791/485
f 793/793/486 795/794/398 794/795/487
f 795/794/398 796/796/416 794/795/487
f 797/797/485 799/798/488 798/799/489
f 799/798/488 800/800/460 798/799/489
f 801/801/490 802/802/383 803/803/12
f 803/803/12 802/802/383 804/804/384
f 805/805/491 807/806/381 806/807/443
f 807/806/381 808/808/461 806/807/443
f 809/809/492 811/810/493 810/811/494
f 811/810/493 812/812/379 810/811/494
f 813/813/495 815/814/496 814/815/497
f 815/814/451 814/815/498 816/816/370
f 817/817/499 819/818/500 818/819/428
f 819/818/500 820/820/412 818/819/428
f 821/821/15 823/822/448 822/823/501
f 823/822/448 824/824/368 822/823/501
f 825/825/502 827/826/503 826/827/14
f 827/826/503 828/828/504 826/827/14
f 829/829/438 830/830/436 831/831/505
f 831/831/505 830/830/436 832/832/373
f 833/833/506 835/834/507 834/835/370
f 835/834/507 836/836/425 834/835/370
f 837/837/508 838/838/429 839/839/509
f 839/839/509 838/838/429 840/840/424
f 841/841/424 842/842/467 843/843/509
f 843/843/509 842/842/467 844/844/469
f 845/845/436 846/846/13 847/847/474
f 847/847/474 846/846/13 848/848/510
f 849/849/2 850/850/1 851/851/6
f 851/851/6 850/850/1 852/852/511
f 853/853/9 854/854/6 855/855/8
f 855/855/8 854/854/6 856/856/5
f 857/857/9 858/858/512 859/859/6
f 859/859/6 858/858/512 860/860/2
f 861/861/265 862/862/266 863/863/513
f 863/863/513 862/862/266 864/864/514
f 865/865/9 867/866/515 866/867/417
f 867/866/512 866/867/417 868/868/516
f 869/869/517 871/870/518 870/871/392
f 871/870/518 872/872/395 870/871/392
f 873/873/391 875/874/519 874/875/392
f 875/874/519 876/876/517 874/875/392
f 877/877/277 879/878/519 878/879/293
f 879/878/519 880/880/391 878/879/293
f 881/881/520 882/882/79 883/883/521
f 883/883/521 882/882/79 884/884/77
f 885/885/522 887/886/325 886/887/523
f 887/886/325 888/888/524 886/887/523
f 889/889/525 891/890/526 890/891/527
f 891/890/526 892/892/528 890/891/527
f 893/893/529 894/894/96 895/895/521
f 895/895/521 894/894/96 896/896/530
f 897/897/531 898/898/532 899/899/533
f 899/899/533 898/898/532 900/900/534
f 901/901/535 903/902/536 902/903/537
f 903/902/536 904/904/538 902/903/537
f 905/905/539 907/906/540 906/907/541
f 907/906/540 908/908/542 906/907/541
f 909/909/57 910/910/543 911/911/544
f 911/911/544 910/910/543 912/912/545
f 913/913/546 914/914/547 915/915/540
f 915/915/540 914/914/547 916/916/548
f 917/917/526 919/918/549 918/919/538
f 919/918/549 920/920/550 918/919/538
f 921/921/549 923/922/551 922/923/541
f 923/922/551 924/924/525 922/923/541
f 925/925/552 927/926/553 926/927/554
f 927/926/528 926/927/554 928/928/58
f 929/929/555 930/930/548 931/931/539
f 931/931/539 930/930/548 932/932/556
f 933/933/557 934/934/558 935/935/559
f 935/935/559 934/934/558 936/936/58
f 937/937/540 939/938/560 938/939/561
f 939/938/560 940/940/550 938/939/561
f 941/941/559 943/942/557 942/943/552
f 943/942/557 944/944/525 942/943/552
f 945/945/557 947/946/539 946/947/525
f 947/946/539 948/948/541 946/947/525
f 949/949/562 950/950/563 951/951/299
f 951/951/299 950/950/563 952/952/35
f 953/953/307 954/954/564 955/955/324
f 955/955/322 956/956/565 954/954/564
f 957/957/546 958/958/550 959/959/547
f 959/959/547 958/958/550 960/960/566
f 961/961/305 963/962/565 962/963/311
f 963/962/565 964/964/319 962/963/311
f 962/963/311 964/964/319 965/965/567
f 964/964/319 966/966/317 965/965/567
f 965/965/567 966/966/317 967/967/313
f 966/966/317 968/968/316 967/967/313
f 967/967/313 968/968/316 969/969/568
f 968/968/316 970/970/569 969/969/568
f 971/971/570 972/972/571 973/973/537
f 973/973/537 972/972/571 974/974/566
f 972/972/571 975/975/547 974/974/566
f 976/976/547 977/977/571 978/978/543
f 978/978/543 977/977/571 979/979/545
f 977/977/571 980/980/570 979/979/545
f 981/981/91 982/982/72 983/983/61
f 983/983/61 982/982/72 984/984/63
f 982/982/72 985/985/74 984/984/63
f 986/986/572 987/987/573 988/988/81
f 988/988/81 987/987/573 989/989/86
f 987/987/573 990/990/574 989/989/86
f 989/989/86 990/990/574 991/991/84
f 992/992/84 993/993/521 994/994/50
f 994/994/50 993/993/521 995/995/48
f 993/993/521 996/996/575 995/995/48
f 995/995/48 996/996/575 997/997/576
f 996/996/575 998/998/577 997/997/576
f 999/999/73 1000/1000/64 1001/1001/75
f 1001/1001/75 1000/1000/64 1002/1002/578
f 1000/1000/64 1003/1003/520 1002/1002/578
f 1002/1002/578 1003/1003/520 1004/1004/521
f 1005/1005/75 1006/1006/573 1007/1007/74
f 1007/1007/74 1006/1006/573 1008/1008/63
f 1006/1006/573 1009/1009/572 1008/1008/63
f 1008/1008/63 1009/1009/572 1010/1010/62
f 1011/1011/579 1012/1012/77 1013/1013/580
f 1013/1013/580 1012/1012/77 1014/1014/302
f 1012/1012/77 1015/1015/76 1014/1014/302
f 1014/1014/302 1015/1015/76 1016/1016/329
f 1017/1017/64 1018/1018/581 1019/1019/582
f 1019/1019/582 1018/1018/581 1020/1020/347
f 1018/1018/581 1021/1021/68 1020/1020/347
f 1020/1020/347 1021/1021/68 1022/1022/332
f 1023/1023/293 1025/1024/583 1024/1025/291
f 1025/1024/583 1026/1026/584 1024/1025/291
f 1024/1025/291 1026/1026/584 1027/1027/289
f 1026/1026/584 1028/1028/585 1027/1027/289
f 1027/1027/289 1028/1028/585 1029/1029/271
f 1028/1028/585 1030/1030/150 1029/1029/271
f 1031/1031/586 1033/1032/237 1032/1033/587
f 1033/1032/237 1034/1034/159 1032/1033/587
f 1032/1033/150 1035/1035/588 1034/1034/159
f 1036/1036/589 1038/1037/150 1037/1038/263
f 1038/1037/150 1039/1039/588 1037/1038/263
f 1037/1038/263 1039/1039/588 1040/1040/262
f 1041/1041/165 1043/1042/590 1042/1043/591
f 1043/1042/590 1044/1044/128 1042/1043/591
f 1042/1043/591 1044/1044/128 1045/1045/592
f 1046/1046/593 1047/1047/594 1048/1048/595
f 1048/1048/595 1047/1047/594 1049/1049/181
f 1047/1047/594 1050/1050/596 1049/1049/181
f 1049/1049/181 1050/1050/596 1051/1051/597
f 1050/1050/596 1052/1052/598 1051/1051/597
f 1053/1053/196 1054/1054/433 1055/1055/599
f 1055/1055/599 1054/1054/433 1056/1056/600
f 1054/1054/433 1057/1057/431 1056/1056/600
f 1056/1056/600 1057/1057/431 1058/1058/145
f 1059/1059/224 1060/1060/192 1061/1061/181
f 1061/1061/181 1060/1060/192 1062/1062/193
f 1060/1060/192 1063/1063/190 1062/1062/193
f 1064/1064/145 1065/1065/42 1066/1066/601
f 1066/1066/601 1065/1065/42 1067/1067/596
f 1065/1065/42 1068/1068/40 1067/1067/596
f 1067/1067/596 1068/1068/40 1069/1069/598
f 1068/1068/40 1070/1070/602 1069/1069/598
f 1071/1071/239 1072/1072/177 1073/1073/200
f 1073/1073/200 1072/1072/177 1074/1074/189
f 1072/1072/177 1075/1075/179 1074/1074/189
f 1074/1074/189 1075/1075/179 1076/1076/190
f 1077/1077/603 1078/1078/244 1079/1079/192
f 1079/1079/192 1078/1078/244 1080/1080/191
f 1078/1078/244 1081/1081/241 1080/1080/191
f 1080/1080/191 1081/1081/241 1082/1082/189
f 1081/1081/241 1083/1083/604 1082/1082/189
f 1084/1084/178 1085/1085/605 1086/1086/221
f 1086/1086/221 1085/1085/605 1087/1087/47
f 1085/1085/605 1088/1088/239 1087/1087/47
f 1087/1087/47 1088/1088/239 1089/1089/45
f 1090/1090/174 1091/1091/599 1092/1092/195
f 1092/1092/195 1091/1091/599 1093/1093/606
f 1091/1091/599 1094/1094/600 1093/1093/606
f 1093/1093/606 1094/1094/600 1095/1095/596
f 1096/1096/183 1098/1097/128 1097/1098/607
f 1098/1097/128 1099/1099/608 1097/1098/607
f 1097/1098/607 1100/1100/226 1099/1099/225
f 1101/1101/314 1102/1102/312 1103/1103/569
f 1103/1103/569 1102/1102/312 1104/1104/562
f 1102/1102/312 1105/1105/563 1104/1104/562
f 1106/1106/537 1107/1107/609 1108/1108/570
f 1108/1108/570 1107/1107/609 1109/1109/545
f 1107/1107/609 1110/1110/610 1109/1109/545
f 1109/1109/545 1110/1110/610 1111/1111/544
f 1110/1110/610 1112/1112/611 1111/1111/544
f 1111/1111/544 1112/1112/611 1113/1113/612
f 1112/1112/611 1113/1113/613 1114/1114/614
f 1113/1113/613 1114/1114/553 1115/1115/58
f 1116/1116/298 1118/1117/299 1117/1118/615
f 1118/1117/299 1119/1119/562 1117/1118/615
f 1117/1118/615 1119/1119/562 1120/1120/316
f 1119/1119/562 1121/1121/569 1120/1120/316
f 1122/1122/34 1123/1123/616 1124/1124/617
f 1124/1124/617 1123/1123/616 1125/1125/618
f 1123/1123/616 1126/1126/307 1125/1125/618
f 1127/1127/302 1128/1128/619 1129/1129/135
f 1129/1129/135 1128/1128/619 1130/1130/620
f 1128/1128/619 1131/1131/345 1130/1130/620
f 1130/1130/620 1131/1131/345 1132/1132/621
f 1133/1133/329 1134/1134/622 1135/1135/345
f 1135/1135/345 1134/1134/622 1136/1136/623
f 1134/1134/622 1137/1137/65 1136/1136/623
f 1136/1136/623 1137/1137/65 1138/1138/624
f 1139/1139/60 1140/1140/625 1141/1141/61
f 1141/1141/61 1140/1140/625 1142/1142/25
f 1140/1140/625 1143/1143/337 1142/1142/25
f 1142/1142/25 1143/1143/337 1144/1144/339
f 1145/1145/338 1146/1146/626 1147/1147/627
f 1147/1147/627 1146/1146/626 1148/1148/343
f 1146/1146/626 1149/1149/628 1148/1148/343
f 1148/1148/343 1149/1149/628 1150/1150/629
f 1151/1151/341 1152/1152/342 1153/1153/630
f 1153/1153/630 1152/1152/342 1154/1154/344
f 1152/1152/342 1155/1155/343 1154/1154/344
f 1156/1156/103 1157/1157/620 1158/1158/354
f 1158/1158/354 1157/1157/620 1159/1159/356
f 1157/1157/620 1160/1160/631 1159/1159/356
f 1159/1159/356 1160/1160/631 1161/1161/632
f 1162/1162/633 1164/1163/5 1163/1164/634
f 1164/1163/5 1165/1165/635 1163/1164/634
f 1163/1164/634 1165/1165/635 1166/1166/397
f 1165/1165/635 1167/1167/7 1166/1166/397
f 1166/1166/397 1168/1168/398 1167/1167/636
f 1169/1169/381 1171/1170/374 1170/1171/592
f 1171/1170/374 1172/1172/376 1170/1171/592
f 1170/1171/592 1172/1172/376 1173/1173/406
f 1174/1174/428 1175/1175/476 1176/1176/637
f 1176/1176/637 1175/1175/476 1177/1177/638
f 1175/1175/476 1178/1178/639 1177/1177/638
f 1177/1177/638 1178/1178/639 1179/1179/435
f 1180/1180/430 1181/1181/509 1182/1182/448
f 1182/1182/448 1181/1181/509 1183/1183/640
f 1181/1181/509 1184/1184/469 1183/1183/640
f 1183/1183/640 1184/1184/469 1185/1185/487
f 1186/1186/196 1187/1187/637 1188/1188/433
f 1188/1188/433 1187/1187/637 1189/1189/641
f 1187/1187/637 1190/1190/642 1189/1189/641
f 1189/1189/641 1190/1190/642 1191/1191/18
f 1190/1190/642 1192/1192/435 1191/1191/18
f 1191/1191/18 1192/1192/435 1193/1193/16
f 1194/1194/488 1195/1195/494 1196/1196/449
f 1196/1196/449 1195/1195/494 1197/1197/10
f 1195/1195/494 1198/1198/481 1197/1197/10
f 1197/1197/10 1198/1198/481 1199/1199/643
f 1200/1200/465 1201/1201/440 1202/1202/466
f 1202/1202/466 1201/1201/440 1203/1203/644
f 1201/1201/440 1204/1204/441 1203/1203/644
f 1205/1205/188 1206/1206/422 1207/1207/172
f 1207/1207/172 1206/1206/422 1208/1208/426
f 1206/1206/422 1209/1209/425 1208/1208/426
f 1210/1210/645 1211/1211/13 1212/1212/462
f 1212/1212/462 1211/1211/13 1213/1213/442
f 1211/1211/13 1214/1214/15 1213/1213/442
f 1213/1213/442 1214/1214/15 1215/1215/10
f 1216/1216/640 1217/1217/487 1218/1218/488
f 1218/1218/488 1217/1217/487 1219/1219/485
f 1217/1217/487 1220/1220/486 1219/1219/485
f 1221/1221/646 1223/1222/647 1222/1223/648
f 1223/1222/647 1224/1224/440 1222/1223/648
f 1222/1223/648 1224/1224/440 1225/1225/402
f 1226/1226/466 1227/1227/649 1228/1228/419
f 1228/1228/419 1227/1227/649 1229/1229/457
f 1227/1227/649 1230/1230/441 1229/1229/457
f 1231/1231/6 1232/1232/511 1233/1233/4
f 1233/1233/4 1232/1232/511 1234/1234/514
f 1232/1232/511 1235/1235/513 1234/1234/514
f 1236/1236/650 1237/1237/651 1238/1238/652
f 1238/1238/652 1237/1237/651 1239/1239/511
f 1237/1237/651 1240/1240/653 1239/1239/511
f 1241/1241/654 1243/1242/279 1242/1243/519
f 1243/1242/279 1244/1244/514 1242/1243/519
f 1242/1243/519 1244/1244/514 1245/1245/655
f 1244/1244/514 1246/1246/4 1245/1245/655
f 1245/1245/655 1246/1246/4 1247/1247/656
f 1246/1246/4 1247/1247/657 1248/1248/5
f 1249/1249/653 1250/1250/658 1251/1251/511
f 1251/1251/511 1250/1250/658 1252/1252/513
f 1250/1250/658 1253/1253/659 1252/1252/513
f 1252/1252/513 1253/1253/659 1254/1254/265
f 1255/1255/660 1256/1256/661 1257/1257/662
f 1258/1258/663 1259/1259/664 1260/1260/665
f 1261/1261/666 1262/1262/667 1263/1263/668
f 1264/1264/669 1265/1265/670 1266/1266/671
f 1267/1267/672 1269/1268/673 1268/1269/674
f 1270/1270/675 1272/1271/676 1271/1272/677
f 1273/1273/678 1274/1274/679 1275/1275/680
f 1276/1276/681 1277/1277/679 1278/1278/682
f 1279/1279/666 1280/1280/683 1281/1281/684
f 1282/1282/672 1284/1283/685 1283/1284/686
f 1285/1285/687 1286/1286/688 1287/1287/689
f 1287/1287/689 1286/1286/688 1288/1288/690
f 1289/1289/691 1290/1290/692 1291/1291/693
f 1291/1291/693 1290/1290/692 1292/1292/690
f 1293/1293/694 1294/1294/695 1295/1295/696
f 1295/1295/696 1294/1294/695 1296/1296/697
f 1297/1297/697 1298/1298/695 1299/1299/692
f 1299/1299/692 1298/1298/695 1300/1300/698
f 1301/1301/699 1302/1302/683 1303/1303/700
f 1303/1303/700 1302/1302/683 1304/1304/666
f 1305/1305/701 1306/1306/702 1307/1307/699
f 1307/1307/699 1306/1306/702 1308/1308/683
f 1309/1309/703 1310/1310/704 1311/1311/699
f 1311/1311/699 1310/1310/704 1312/1312/701
f 1313/1313/660 1314/1314/705 1315/1315/706
f 1315/1315/706 1314/1314/705 1316/1316/707
f 1317/1317/708 1318/1318/693 1319/1319/688
f 1319/1319/688 1318/1318/693 1320/1320/690
f 1321/1321/709 1322/1322/710 1323/1323/711
f 1323/1323/712 1324/1324/713 1322/1322/710
f 1325/1325/714 1326/1326/681 1327/1327/715
f 1327/1327/715 1326/1326/681 1328/1328/716
f 1329/1329/715 1331/1330/717 1330/1331/716
f 1331/1330/717 1332/1332/718 1330/1331/716
f 1333/1333/719 1334/1334/683 1335/1335/720
f 1335/1335/720 1334/1334/683 1336/1336/702
f 1337/1337/721 1338/1338/722 1339/1339/723
f 1339/1339/723 1338/1338/722 1340/1340/701
f 1341/1341/724 1342/1342/725 1343/1343/685
f 1343/1343/685 1342/1342/725 1344/1344/683
f 1345/1345/726 1346/1346/727 1347/1347/686
f 1347/1347/686 1346/1346/727 1348/1348/684
f 1349/1349/728 1351/1350/710 1350/1351/729
f 1351/1350/710 1352/1352/715 1350/1351/729
f 1353/1353/730 1354/1354/705 1355/1355/731
f 1355/1355/731 1354/1354/705 1356/1356/732
f 1357/1357/733 1358/1358/730 1359/1359/734
f 1359/1359/734 1358/1358/730 1360/1360/735
f 1361/1361/677 1363/1362/736 1362/1363/675
f 1363/1362/736 1364/1364/737 1362/1363/675
f 1365/1365/738 1367/1366/665 1366/1367/739
f 1367/1366/665 1368/1368/740 1366/1367/739
f 1369/1369/703 1370/1370/741 1371/1371/704
f 1371/1371/704 1370/1370/741 1372/1372/687
f 1373/1373/708 1374/1374/688 1375/1375/742
f 1375/1375/742 1374/1374/688 1376/1376/687
f 1377/1377/691 1378/1378/693 1379/1379/670
f 1379/1379/670 1378/1378/693 1380/1380/708
f 1381/1381/670 1382/1382/743 1383/1383/691
f 1383/1383/691 1382/1382/743 1384/1384/744
f 1385/1385/745 1386/1386/744 1387/1387/746
f 1387/1387/746 1386/1386/744 1388/1388/743
f 1389/1389/743 1390/1390/670 1391/1391/746
f 1391/1391/746 1390/1390/670 1392/1392/669
f 1393/1393/747 1394/1394/662 1395/1395/748
f 1395/1395/748 1394/1394/662 1396/1396/749
f 1397/1397/750 1399/1398/712 1398/1399/751
f 1399/1398/712 1398/1399/751 1400/1400/752
f 1401/1401/703 1402/1402/753 1403/1403/754
f 1403/1403/755 1404/1404/756 1402/1402/757
f 1405/1405/662 1406/1406/663 1407/1407/740
f 1407/1407/740 1406/1406/663 1408/1408/758
f 1409/1409/755 1410/1410/676 1411/1411/759
f 1411/1411/759 1410/1410/676 1412/1412/760
f 1413/1413/761 1414/1414/762 1415/1415/677
f 1415/1415/677 1414/1414/762 1416/1416/763
f 1417/1417/749 1419/1418/764 1418/1419/662
f 1419/1418/764 1420/1420/740 1418/1419/662
f 1421/1421/667 1422/1422/727 1423/1423/765
f 1423/1423/765 1422/1422/727 1424/1424/766
f 1425/1425/728 1427/1426/729 1426/1427/751
f 1427/1426/729 1428/1428/740 1426/1427/751
f 1429/1429/690 1430/1430/767 1431/1431/689
f 1431/1431/689 1430/1430/767 1432/1432/701
f 1433/1433/687 1434/1434/768 1435/1435/704
f 1435/1435/704 1434/1434/768 1436/1436/701
f 1437/1437/715 1439/1438/679 1438/1439/769
f 1439/1438/679 1440/1440/770 1438/1439/769
f 1441/1441/771 1443/1442/772 1442/1443/773
f 1443/1442/772 1444/1444/774 1442/1443/773
f 1445/1445/775 1447/1446/776 1446/1447/777
f 1447/1446/776 1448/1448/778 1446/1447/777
f 1449/1449/779 1451/1450/685 1450/1451/778
f 1451/1450/685 1452/1452/766 1450/1451/778
f 1453/1453/737 1455/1454/780 1454/1455/781
f 1455/1454/780 1456/1456/782 1454/1455/781
f 1457/1457/783 1459/1458/784 1458/1459/737
f 1459/1458/784 1460/1460/785 1458/1459/737
f 1461/1461/786 1463/1462/739 1462/1463/729
f 1463/1462/739 1464/1464/740 1462/1463/729
f 1465/1465/786 1467/1466/729 1466/1467/769
f 1467/1466/729 1468/1468/715 1466/1467/769
f 1469/1469/766 1471/1470/674 1470/1471/778
f 1471/1470/674 1472/1472/787 1470/1471/778
f 1470/1471/778 1472/1472/787 1473/1473/774
f 1472/1472/787 1474/1474/788 1473/1473/774
f 1473/1473/774 1474/1474/788 1475/1475/773
f 1474/1474/788 1476/1476/676 1475/1475/773
f 1475/1475/773 1476/1476/676 1477/1477/782
f 1476/1476/676 1478/1478/675 1477/1477/782
f 1477/1477/782 1478/1478/675 1479/1479/781
f 1478/1478/675 1480/1480/737 1479/1479/781
f 1481/1481/785 1483/1482/789 1482/1483/737
f 1483/1482/789 1484/1484/790 1482/1483/737
f 1482/1483/737 1484/1484/790 1485/1485/780
f 1484/1484/790 1486/1486/791 1485/1485/780
f 1487/1487/712 1488/1488/718 1489/1489/732
f 1489/1489/732 1488/1488/718 1490/1490/731
f 1488/1488/718 1491/1491/716 1490/1490/731
f 1490/1490/731 1491/1491/716 1492/1492/730
f 1491/1491/716 1493/1493/792 1492/1492/730
f 1494/1494/707 1495/1495/733 1496/1496/793
f 1496/1496/793 1495/1495/733 1497/1497/691
f 1495/1495/733 1498/1498/697 1497/1497/691
f 1497/1497/691 1498/1498/697 1499/1499/692
f 1500/1500/767 1501/1501/690 1502/1502/794
f 1502/1502/794 1501/1501/690 1503/1503/698
f 1501/1501/690 1504/1504/692 1503/1503/698
f 1505/1505/701 1506/1506/795 1507/1507/772
f 1507/1507/796 1508/1508/797 1506/1506/767
f 1506/1506/767 1509/1509/798 1508/1508/771
f 1508/1508/771 1509/1509/798 1510/1510/791
f 1509/1509/798 1511/1511/698 1510/1510/791
f 1510/1510/791 1511/1511/698 1512/1512/770
f 1511/1511/698 1513/1513/799 1512/1512/770
f 1512/1512/770 1513/1513/799 1514/1514/734
f 1515/1515/773 1517/1516/782 1516/1517/771
f 1517/1516/782 1518/1518/780 1516/1517/771
f 1516/1517/771 1518/1518/780 1519/1519/791
f 1520/1520/747 1521/1521/748 1522/1522/705
f 1522/1522/705 1521/1521/748 1523/1523/732
f 1521/1521/748 1524/1524/749 1523/1523/732
f 1523/1523/732 1524/1524/749 1525/1525/712
f 1526/1526/703 1527/1527/755 1528/1528/742
f 1528/1528/742 1527/1527/755 1529/1529/708
f 1527/1527/755 1530/1530/763 1529/1529/708
f 1529/1529/708 1530/1530/763 1531/1531/669
f 1532/1532/800 1533/1533/747 1534/1534/801
f 1534/1534/801 1533/1533/747 1535/1535/744
f 1533/1533/747 1536/1536/793 1535/1535/744
f 1535/1535/744 1536/1536/793 1537/1537/691
f 1538/1538/666 1539/1539/668 1540/1540/700
f 1540/1540/700 1539/1539/668 1541/1541/699
f 1539/1539/668 1542/1542/802 1541/1541/699
f 1541/1541/699 1542/1542/802 1543/1543/703
f 1544/1544/669 1545/1545/761 1546/1546/803
f 1546/1546/803 1545/1545/761 1547/1547/801
f 1545/1545/761 1548/1548/665 1547/1547/801
f 1549/1549/804 1550/1550/674 1551/1551/805
f 1551/1551/805 1550/1550/674 1552/1552/668
f 1550/1550/674 1553/1553/806 1552/1552/668
f 1552/1552/668 1553/1553/806 1554/1554/807
f 1553/1553/806 1555/1555/808 1554/1554/807
f 1554/1554/807 1555/1555/808 1556/1556/703
f 1557/1557/809 1558/1558/810 1559/1559/811
f 1560/1560/812 1561/1561/813 1562/1562/814
f 1563/1563/815 1564/1564/816 1565/1565/817
f 1566/1566/818 1568/1567/819 1567/1568/820
f 1569/1569/821 1571/1570/822 1570/1571/823
f 1572/1572/824 1574/1573/825 1573/1574/826
f 1575/1575/827 1577/1576/828 1576/1577/829
f 1577/1576/828 1578/1578/830 1576/1577/829
f 1579/1579/831 1581/1580/829 1580/1581/832
f 1581/1580/829 1582/1582/830 1580/1581/832
f 1583/1583/833 1585/1584/834 1584/1585/821
f 1585/1584/834 1586/1586/835 1584/1585/821
f 1587/1587/818 1589/1588/836 1588/1589/819
f 1589/1588/836 1590/1590/837 1588/1589/819
f 1591/1591/838 1593/1592/839 1592/1593/840
f 1593/1592/839 1594/1594/841 1592/1593/840
f 1595/1595/838 1597/1596/842 1596/1597/843
f 1597/1596/842 1598/1598/819 1596/1597/843
f 1599/1599/844 1601/1600/829 1600/1601/845
f 1601/1600/829 1602/1602/846 1600/1601/845
f 1603/1603/831 1605/1604/832 1604/1605/847
f 1605/1604/832 1606/1606/833 1604/1605/847
f 1607/1607/848 1609/1608/849 1608/1609/850
f 1609/1608/849 1610/1610/851 1608/1609/850
f 1611/1611/852 1613/1612/853 1612/1613/854
f 1613/1612/853 1614/1614/855 1612/1613/854
f 1615/1615/856 1616/1616/857 1617/1617/858
f 1617/1617/858 1616/1616/857 1618/1618/859
f 1619/1619/860 1620/1620/857 1621/1621/861
f 1621/1621/861 1620/1620/857 1622/1622/856
f 1623/1623/862 1624/1624/815 1625/1625/809
f 1625/1625/809 1624/1624/815 1626/1626/863
f 1627/1627/864 1628/1628/865 1629/1629/866
f 1629/1629/866 1628/1628/865 1630/1630/814
f 1631/1631/867 1632/1632/864 1633/1633/868
f 1633/1633/868 1632/1632/864 1634/1634/869
f 1635/1635/870 1636/1636/814 1637/1637/871
f 1637/1637/871 1636/1636/814 1638/1638/826
f 1639/1639/817 1640/1640/872 1641/1641/873
f 1641/1641/873 1640/1640/872 1642/1642/874
f 1643/1643/875 1644/1644/876 1645/1645/815
f 1645/1645/815 1644/1644/876 1646/1646/877
f 1647/1647/862 1648/1648/878 1649/1649/879
f 1649/1649/879 1648/1648/878 1650/1650/880
f 1651/1651/874 1652/1652/872 1653/1653/881
f 1653/1653/881 1652/1652/872 1654/1654/882
f 1655/1655/883 1656/1656/884 1657/1657/885
f 1657/1657/885 1656/1656/884 1658/1658/886
f 1659/1659/887 1660/1660/888 1661/1661/889
f 1661/1661/889 1660/1660/888 1662/1662/890
f 1663/1663/891 1664/1664/892 1665/1665/893
f 1665/1665/893 1664/1664/892 1666/1666/894
f 1667/1667/895 1668/1668/896 1669/1669/897
f 1669/1669/897 1668/1668/896 1670/1670/885
f 1671/1671/898 1672/1672/899 1673/1673/900
f 1673/1673/900 1672/1672/899 1674/1674/901
f 1675/1675/902 1676/1676/903 1677/1677/835
f 1677/1677/835 1676/1676/903 1678/1678/904
f 1679/1679/905 1681/1680/827 1680/1681/867
f 1681/1680/827 1682/1682/868 1680/1681/867
f 1683/1683/906 1685/1684/907 1684/1685/908
f 1685/1684/907 1686/1686/826 1684/1685/908
f 1687/1687/846 1689/1688/829 1688/1689/909
f 1689/1688/829 1690/1690/910 1688/1689/909
f 1691/1691/911 1693/1692/912 1692/1693/846
f 1693/1692/912 1694/1694/913 1692/1693/846
f 1695/1695/914 1696/1696/913 1697/1697/915
f 1697/1697/915 1696/1696/913 1698/1698/916
f 1699/1699/911 1701/1700/917 1700/1701/918
f 1701/1700/846 1700/1701/918 1702/1702/919
f 1703/1703/854 1704/1704/852 1705/1705/920
f 1705/1705/920 1704/1704/852 1706/1706/921
f 1707/1707/871 1709/1708/870 1708/1709/830
f 1709/1708/870 1710/1710/922 1708/1709/830
f 1711/1711/835 1712/1712/904 1713/1713/834
f 1713/1713/834 1712/1712/904 1714/1714/923
f 1715/1715/924 1717/1716/836 1716/1717/869
f 1717/1716/836 1718/1718/925 1716/1717/869
f 1719/1719/840 1721/1720/926 1720/1721/819
f 1721/1720/926 1722/1722/872 1720/1721/819
f 1723/1723/842 1725/1724/927 1724/1725/928
f 1725/1724/927 1726/1726/929 1724/1725/928
f 1727/1727/841 1728/1728/930 1729/1729/931
f 1729/1729/931 1728/1728/930 1730/1730/932
f 1731/1731/933 1733/1732/934 1732/1733/838
f 1733/1732/879 1732/1733/935 1734/1734/936
f 1735/1735/937 1736/1736/876 1737/1737/838
f 1737/1737/838 1736/1736/876 1738/1738/938
f 1739/1739/900 1740/1740/939 1741/1741/895
f 1741/1741/895 1740/1740/939 1742/1742/940
f 1743/1743/822 1744/1744/941 1745/1745/899
f 1745/1745/899 1744/1744/941 1746/1746/942
f 1747/1747/819 1748/1748/820 1749/1749/872
f 1749/1749/872 1748/1748/820 1750/1750/882
f 1751/1751/818 1753/1752/943 1752/1753/881
f 1753/1752/943 1754/1754/944 1752/1753/881
f 1755/1755/851 1756/1756/945 1757/1757/946
f 1757/1757/946 1756/1756/945 1758/1758/885
f 1759/1759/947 1760/1760/948 1761/1761/844
f 1761/1761/844 1760/1760/948 1762/1762/949
f 1763/1763/950 1764/1764/933 1765/1765/951
f 1765/1765/951 1764/1764/933 1766/1766/952
f 1767/1767/953 1769/1768/954 1768/1769/955
f 1769/1768/956 1768/1769/957 1770/1770/888
f 1771/1771/958 1772/1772/886 1773/1773/959
f 1773/1773/959 1772/1772/886 1774/1774/884
f 1775/1775/960 1777/1776/818 1776/1777/961
f 1777/1776/818 1778/1778/881 1776/1777/961
f 1779/1779/962 1781/1780/895 1780/1781/963
f 1781/1780/895 1782/1782/821 1780/1781/963
f 1783/1783/964 1784/1784/965 1785/1785/966
f 1785/1785/966 1784/1784/965 1786/1786/852
f 1787/1787/967 1788/1788/968 1789/1789/823
f 1789/1789/823 1788/1788/968 1790/1790/969
f 1791/1791/916 1792/1792/913 1793/1793/970
f 1793/1793/970 1792/1792/913 1794/1794/971
f 1795/1795/972 1796/1796/915 1797/1797/911
f 1797/1797/911 1796/1796/915 1798/1798/973
f 1799/1799/827 1801/1800/843 1800/1801/924
f 1801/1800/843 1802/1802/819 1800/1801/924
f 1803/1803/827 1805/1804/924 1804/1805/868
f 1805/1804/924 1806/1806/869 1804/1805/868
f 1807/1807/973 1808/1808/915 1809/1809/919
f 1809/1809/919 1808/1808/915 1810/1810/916
f 1811/1811/835 1813/1812/902 1812/1813/847
f 1813/1812/902 1814/1814/974 1812/1813/847
f 1815/1815/827 1817/1816/829 1816/1817/975
f 1817/1816/829 1818/1818/844 1816/1817/975
f 1819/1819/895 1821/1820/900 1820/1821/847
f 1821/1820/900 1822/1822/822 1820/1821/847
f 1823/1823/959 1824/1824/976 1825/1825/977
f 1825/1825/848 1826/1826/978 1824/1824/979
f 1827/1827/980 1828/1828/981 1829/1829/855
f 1829/1829/855 1828/1828/981 1830/1830/890
f 1831/1831/895 1833/1832/982 1832/1833/897
f 1833/1832/982 1834/1834/977 1832/1833/897
f 1835/1835/809 1836/1836/811 1837/1837/866
f 1837/1837/866 1836/1836/811 1838/1838/864
f 1836/1836/811 1839/1839/817 1838/1838/864
f 1838/1838/864 1839/1839/817 1840/1840/869
f 1841/1841/950 1843/1842/933 1842/1843/844
f 1843/1842/933 1844/1844/838 1842/1843/844
f 1842/1843/844 1844/1844/838 1845/1845/843
f 1846/1846/983 1847/1847/984 1848/1848/985
f 1848/1848/985 1847/1847/984 1849/1849/986
f 1847/1847/984 1850/1850/856 1849/1849/986
f 1851/1851/903 1852/1852/987 1853/1853/859
f 1853/1853/859 1852/1852/987 1854/1854/858
f 1852/1852/987 1855/1855/988 1854/1854/858
f 1854/1854/858 1855/1855/988 1856/1856/985
f 1855/1855/988 1857/1857/883 1856/1856/985
f 1856/1856/985 1857/1857/883 1858/1858/885
f 1859/1859/903 1860/1860/859 1861/1861/904
f 1861/1861/904 1860/1860/859 1862/1862/891
f 1860/1860/859 1863/1863/857 1862/1862/891
f 1862/1862/891 1863/1863/857 1864/1864/989
f 1863/1863/857 1865/1865/860 1864/1864/989
f 1864/1864/989 1865/1865/860 1866/1866/968
f 1867/1867/891 1868/1868/989 1869/1869/990
f 1869/1869/990 1868/1868/989 1870/1870/991
f 1868/1868/989 1871/1871/888 1870/1870/991
f 1870/1870/991 1871/1871/888 1872/1872/887
f 1873/1873/892 1874/1874/991 1875/1875/992
f 1875/1875/992 1874/1874/991 1876/1876/866
f 1874/1874/991 1877/1877/993 1876/1876/866
f 1876/1876/866 1877/1877/993 1878/1878/809
f 1879/1879/821 1881/1880/823 1880/1881/910
f 1881/1880/823 1882/1882/994 1880/1881/910
f 1880/1881/910 1882/1882/994 1883/1883/852
f 1884/1884/995 1885/1885/891 1886/1886/923
f 1886/1886/923 1885/1885/891 1887/1887/996
f 1885/1885/891 1888/1888/997 1887/1887/996
f 1887/1887/996 1888/1888/997 1889/1889/894
f 1890/1890/812 1891/1891/814 1892/1892/990
f 1892/1892/990 1891/1891/814 1893/1893/894
f 1891/1891/814 1894/1894/998 1893/1893/894
f 1895/1895/867 1896/1896/826 1897/1897/864
f 1897/1897/864 1896/1896/826 1898/1898/865
f 1896/1896/826 1899/1899/814 1898/1898/865
f 1900/1900/887 1901/1901/919 1902/1902/991
f 1902/1902/991 1901/1901/919 1903/1903/999
f 1901/1901/919 1904/1904/916 1903/1903/999
f 1903/1903/999 1904/1904/916 1905/1905/809
f 1904/1904/916 1906/1906/970 1905/1905/809
f 1905/1905/809 1906/1906/970 1907/1907/936
f 1908/1908/978 1910/1909/977 1909/1910/988
f 1910/1909/1000 1909/1910/988 1911/1911/982
f 1909/1910/988 1912/1912/987 1911/1911/982
f 1911/1911/982 1912/1912/987 1913/1913/974
f 1912/1912/987 1914/1914/903 1913/1913/974
f 1913/1913/974 1914/1914/903 1915/1915/1001
f 1916/1916/923 1917/1917/1002 1918/1918/1003
f 1918/1918/1003 1917/1917/1002 1919/1919/833
f 1917/1917/1002 1920/1920/894 1919/1919/833
f 1919/1919/833 1920/1920/894 1921/1921/832
f 1920/1920/1004 1921/1921/832 1922/1922/870
f 1923/1923/1005 1925/1924/1006 1924/1925/1007
f 1926/1926/1008 1927/1927/1009 1928/1928/1010
f 1929/1929/1011 1931/1930/1012 1930/1931/1013
f 1932/1932/1014 1933/1933/1015 1934/1934/1016
f 1935/1935/1017 1936/1936/1018 1937/1937/1019
f 1938/1938/1020 1940/1939/1021 1939/1940/1022
f 1941/1941/1023 1943/1942/1024 1942/1943/1025
f 1943/1942/1024 1944/1944/1026 1942/1943/1025
f 1945/1945/1027 1947/1946/1020 1946/1947/1028
f 1947/1946/1020 1948/1948/1029 1946/1947/1028
f 1949/1949/1030 1951/1950/1031 1950/1951/1032
f 1951/1950/1031 1952/1952/1033 1950/1951/1032
f 1953/1953/1034 1955/1954/1035 1954/1955/1024
f 1955/1954/1035 1956/1956/1036 1954/1955/1024
f 1957/1957/1037 1959/1958/1038 1958/1959/1039
f 1959/1958/1038 1960/1960/1040 1958/1959/1039
f 1961/1961/1041 1963/1962/1034 1962/1963/1042
f 1963/1962/1034 1964/1964/1030 1962/1963/1042
f 1965/1965/1043 1967/1966/1007 1966/1967/1044
f 1967/1966/1007 1968/1968/1006 1966/1967/1044
f 1969/1969/1045 1970/1970/1046 1971/1971/1047
f 1971/1971/1047 1970/1970/1046 1972/1972/1048
f 1973/1973/1049 1974/1974/1008 1975/1975/1050
f 1975/1975/1050 1974/1974/1008 1976/1976/1051
f 1977/1977/1052 1978/1978/1053 1979/1979/1054
f 1979/1979/1054 1978/1978/1053 1980/1980/1008
f 1981/1981/1055 1982/1982/1056 1983/1983/1057
f 1983/1983/1057 1982/1982/1056 1984/1984/1058
f 1985/1985/1059 1986/1986/1060 1987/1987/1061
f 1987/1987/1061 1986/1986/1060 1988/1988/1062
f 1989/1989/1059 1990/1990/1016 1991/1991/1063
f 1991/1991/1063 1990/1990/1016 1992/1992/1064
f 1993/1993/1052 1994/1994/1054 1995/1995/1015
f 1995/1995/1015 1994/1994/1054 1996/1996/1016
f 1997/1997/1065 1998/1998/1066 1999/1999/1052
f 1999/1999/1052 1998/1998/1066 2000/2000/1055
f 2001/2001/1015 2002/2002/1014 2003/2003/1052
f 2003/2003/1052 2002/2002/1014 2004/2004/1065
f 2005/2005/1061 2006/2006/1048 2007/2007/1067
f 2007/2007/1067 2006/2006/1048 2008/2008/1068
f 2009/2009/1069 2010/2010/1050 2011/2011/1070
f 2011/2011/1070 2010/2010/1050 2012/2012/1071
f 2013/2013/1072 2014/2014/1073 2015/2015/1074
f 2015/2015/1074 2014/2014/1073 2016/2016/1049
f 2017/2017/1075 2018/2018/1076 2019/2019/1008
f 2019/2019/1008 2018/2018/1076 2020/2020/1077
f 2021/2021/1078 2022/2022/1079 2023/2023/1080
f 2023/2023/1080 2022/2022/1079 2024/2024/1081
f 2025/2025/1082 2026/2026/1083 2027/2027/1084
f 2027/2027/1084 2026/2026/1083 2028/2028/1085
f 2029/2029/1086 2030/2030/1087 2031/2031/1088
f 2031/2031/1088 2030/2030/1087 2032/2032/1089
f 2033/2033/1048 2034/2034/1090 2035/2035/1091
f 2035/2035/1091 2034/2034/1090 2036/2036/1059
f 2037/2037/1092 2039/2038/1093 2038/2039/1094
f 2039/2038/1093 2038/2039/1095 2040/2040/1096
f 2041/2041/1035 2043/2042/1097 2042/2043/1036
f 2043/2042/1097 2044/2044/1098 2042/2043/1036
f 2045/2045/1005 2047/2046/1011 2046/2047/1024
f 2047/2046/1011 2048/2048/1026 2046/2047/1024
f 2049/2049/1099 2050/2050/1100 2051/2051/1045
f 2051/2051/1045 2050/2050/1100 2052/2052/1101
f 2053/2053/1092 2055/2054/1040 2054/2055/1102
f 2055/2054/1094 2054/2055/1103 2056/2056/1104
f 2057/2057/1086 2058/2058/1105 2059/2059/1043
f 2059/2059/1043 2058/2058/1105 2060/2060/1106
f 2061/2061/1077 2062/2062/1035 2063/2063/1107
f 2063/2063/1107 2062/2062/1035 2064/2064/1108
f 2065/2065/1109 2066/2066/1110 2067/2067/1036
f 2067/2067/1111 2068/2068/1098 2066/2066/1110
f 2069/2069/1112 2070/2070/1006 2071/2071/1113
f 2071/2071/1113 2070/2070/1006 2072/2072/1114
f 2073/2073/1080 2075/2074/1115 2074/2075/1116
f 2075/2074/1115 2076/2076/1031 2074/2075/1116
f 2077/2077/1117 2079/2078/1033 2078/2079/1118
f 2079/2078/1033 2080/2080/1119 2078/2079/1118
f 2081/2081/1075 2082/2082/1120 2083/2083/1074
f 2083/2083/1121 2084/2084/1042 2082/2082/1030
f 2085/2085/1122 2086/2086/1123 2087/2087/1124
f 2087/2087/1124 2086/2086/1123 2088/2088/1125
f 2089/2089/1081 2090/2090/1126 2091/2091/1080
f 2091/2091/1080 2090/2090/1126 2092/2092/1127
f 2093/2093/1128 2095/2094/1129 2094/2095/1079
f 2095/2094/1129 2096/2096/1130 2094/2095/1079
f 2097/2097/1131 2098/2098/1027 2099/2099/1059
f 2099/2099/1059 2098/2098/1027 2100/2100/1011
f 2101/2101/1084 2102/2102/1132 2103/2103/1133
f 2103/2103/1133 2102/2102/1132 2104/2104/1037
f 2105/2105/1134 2106/2106/1135 2107/2107/1034
f 2107/2107/1034 2106/2106/1135 2108/2108/1136
f 2109/2109/1137 2110/2110/1042 2111/2111/1138
f 2111/2111/1138 2110/2110/1042 2112/2112/1041
f 2113/2113/1139 2114/2114/1140 2115/2115/1141
f 2115/2115/1141 2116/2116/1142 2114/2114/1143
f 2117/2117/1083 2118/2118/1082 2119/2119/1144
f 2119/2119/1144 2118/2118/1082 2120/2120/1037
f 2121/2121/1067 2122/2122/1028 2123/2123/1131
f 2123/2123/1131 2122/2122/1028 2124/2124/1145
f 2125/2125/1006 2126/2126/1146 2127/2127/1036
f 2127/2127/1036 2126/2126/1146 2128/2128/1147
f 2129/2129/1148 2130/2130/1087 2131/2131/1021
f 2131/2131/1021 2130/2130/1087 2132/2132/1149
f 2133/2133/1034 2134/2134/1150 2135/2135/1151
f 2135/2135/1151 2134/2134/1150 2136/2136/1077
f 2137/2137/1152 2138/2138/1153 2139/2139/1098
f 2139/2139/1098 2138/2138/1153 2140/2140/1097
f 2141/2141/1023 2143/2142/1154 2142/2143/1155
f 2143/2142/1154 2144/2144/1116 2142/2143/1155
f 2145/2145/1084 2146/2146/1085 2147/2147/1156
f 2147/2147/1156 2146/2146/1085 2148/2148/1093
f 2149/2149/1036 2151/2150/1157 2150/2151/1024
f 2151/2150/1157 2152/2152/1158 2150/2151/1024
f 2153/2153/1023 2155/2154/1159 2154/2155/1024
f 2155/2154/1159 2156/2156/1034 2154/2155/1024
f 2157/2157/1029 2159/2158/1160 2158/2159/1161
f 2159/2158/1160 2160/2160/1162 2158/2159/1161
f 2161/2161/1093 2162/2162/1163 2163/2163/1164
f 2163/2163/1164 2162/2162/1163 2164/2164/1162
f 2165/2165/1084 2166/2166/1165 2167/2167/1166
f 2167/2167/1166 2166/2166/1165 2168/2168/1167
f 2169/2169/1094 2171/2170/1163 2170/2171/1166
f 2171/2170/1163 2172/2172/1167 2170/2171/1166
f 2173/2173/1078 2174/2174/1080 2175/2175/1168
f 2175/2175/1168 2174/2174/1080 2176/2176/1056
f 2174/2174/1080 2177/2177/1050 2176/2176/1056
f 2178/2178/1027 2180/2179/1011 2179/2180/1160
f 2180/2179/1011 2181/2181/1005 2179/2180/1160
f 2179/2180/1160 2181/2181/1005 2182/2182/1021
f 2181/2181/1005 2183/2183/1007 2182/2182/1021
f 2184/2184/1169 2186/2185/1170 2185/2186/1116
f 2186/2185/1170 2187/2187/1171 2185/2186/1116
f 2185/2186/1116 2187/2187/1171 2188/2188/1126
f 2189/2189/1116 2191/2190/1119 2190/2191/1159
f 2191/2190/1119 2192/2192/1030 2190/2191/1159
f 2190/2191/1159 2192/2192/1030 2193/2193/1034
f 2194/2194/1172 2195/2195/1156 2196/2196/1173
f 2196/2196/1173 2195/2195/1156 2197/2197/1019
f 2195/2195/1156 2198/2198/1093 2197/2197/1019
f 2197/2197/1019 2198/2198/1093 2199/2199/1099
f 2200/2200/1017 2201/2201/1174 2202/2202/1175
f 2202/2202/1175 2201/2201/1174 2203/2203/1047
f 2201/2201/1174 2204/2204/1099 2203/2203/1047
f 2203/2203/1047 2204/2204/1099 2205/2205/1045
f 2206/2206/1017 2207/2207/1175 2208/2208/1176
f 2208/2208/1176 2207/2207/1175 2209/2209/1177
f 2207/2207/1175 2210/2210/1178 2209/2209/1177
f 2209/2209/1177 2210/2210/1178 2211/2211/1139
f 2210/2210/1178 2212/2212/1179 2211/2211/1139
f 2211/2211/1139 2212/2212/1179 2213/2213/1089
f 2214/2214/1047 2215/2215/1048 2216/2216/1175
f 2216/2216/1175 2215/2215/1048 2217/2217/1180
f 2215/2215/1048 2218/2218/1063 2217/2217/1180
f 2217/2217/1180 2218/2218/1063 2219/2219/1179
f 2218/2218/1063 2220/2220/1064 2219/2219/1179
f 2219/2219/1179 2220/2220/1064 2221/2221/1181
f 2220/2220/1064 2222/2222/1016 2221/2221/1181
f 2223/2223/1014 2224/2224/1182 2225/2225/1183
f 2225/2225/1183 2224/2224/1182 2226/2226/1013
f 2224/2224/1182 2227/2227/1059 2226/2226/1013
f 2228/2228/1022 2230/2229/1184 2229/2230/1160
f 2230/2229/1184 2231/2231/1167 2229/2230/1160
f 2229/2230/1160 2231/2231/1167 2232/2232/1100
f 2231/2231/1167 2233/2233/1096 2232/2232/1100
f 2234/2234/1089 2235/2235/1179 2236/2236/1109
f 2236/2236/1109 2235/2235/1179 2237/2237/1185
f 2235/2235/1179 2238/2238/1181 2237/2237/1185
f 2237/2237/1185 2238/2238/1181 2239/2239/1008
f 2240/2240/1022 2241/2241/1184 2242/2242/1124
f 2242/2242/1124 2241/2241/1184 2243/2243/1017
f 2241/2241/1184 2244/2244/1186 2243/2243/1017
f 2243/2243/1017 2244/2244/1186 2245/2245/1018
f 2246/2246/1161 2247/2247/1187 2248/2248/1045
f 2248/2248/1045 2247/2247/1187 2249/2249/1046
f 2247/2247/1187 2250/2250/1028 2249/2249/1046
f 2249/2249/1046 2250/2250/1028 2251/2251/1067
f 2252/2252/1055 2254/2253/1154 2253/2254/1066
f 2254/2253/1154 2255/2255/1188 2253/2254/1066
f 2253/2254/1066 2255/2255/1188 2256/2256/1065
f 2255/2255/1188 2257/2257/1189 2256/2256/1065
f 2256/2256/1065 2257/2257/1189 2258/2258/1014
f 2259/2259/1190 2261/2260/1013 2260/2261/1026
f 2261/2260/1013 2262/2262/1191 2260/2261/1026
f 2260/2261/1026 2262/2262/1191 2263/2263/1025
f 2262/2262/1191 2264/2264/1014 2263/2263/1025
f 2265/2265/1154 2267/2266/1055 2266/2267/1192
f 2267/2266/1055 2268/2268/1193 2266/2267/1192
f 2266/2267/1192 2268/2268/1193 2269/2269/1130
f 2268/2268/1193 2270/2270/1079 2269/2269/1130
f 2271/2271/1033 2272/2272/1194 2273/2273/1195
f 2273/2273/1195 2272/2272/1194 2274/2274/1070
f 2272/2272/1194 2275/2275/1030 2274/2274/1070
f 2274/2274/1070 2275/2275/1030 2276/2276/1196
f 2277/2277/1152 2278/2278/1109 2279/2279/1107
f 2279/2279/1107 2278/2278/1109 2280/2280/1077
f 2278/2278/1109 2281/2281/1197 2280/2280/1077
f 2280/2280/1077 2281/2281/1197 2282/2282/1008
f 2283/2283/1198 2285/2284/1199 2284/2285/1200
f 2286/2286/1201 2288/2287/1202 2287/2288/1203
f 2289/2289/1204 2290/2290/1205 2291/2291/1206
f 2292/2292/1207 2293/2293/1208 2294/2294/1209
f 2295/2295/1210 2297/2296/1211 2296/2297/1212
f 2298/2298/1213 2300/2299/1214 2299/2300/1215
f 2301/2301/1216 2302/2302/1210 2303/2303/1217
f 2304/2304/1218 2306/2305/1219 2305/2306/1220
f 2307/2307/1210 2309/2308/1212 2308/2309/1221
f 2310/2310/1222 2311/2311/1218 2312/2312/1223
f 2313/2313/1224 2315/2314/1225 2314/2315/1226
f 2316/2316/1218 2318/2317/1227 2317/2318/1228
f 2319/2319/1229 2321/2320/1230 2320/2321/1231
f 2322/2322/1232 2324/2323/1233 2323/2324/1234
f 2324/2323/1233 2325/2325/1235 2323/2324/1234
f 2326/2326/1232 2328/2327/1236 2327/2328/1233
f 2328/2327/1236 2329/2329/1237 2327/2328/1233
f 2330/2330/1238 2331/2331/1239 2332/2332/1208
f 2332/2332/1208 2331/2331/1239 2333/2333/1240
f 2334/2334/1224 2336/2335/1241 2335/2336/1208
f 2336/2335/1241 2337/2337/1242 2335/2336/1208
f 2338/2338/1243 2340/2339/1241 2339/2340/1244
f 2340/2339/1241 2341/2341/1229 2339/2340/1244
f 2342/2342/1245 2344/2343/1246 2343/2344/1241
f 2344/2343/1246 2345/2345/1247 2343/2344/1241
f 2346/2346/1213 2348/2347/1248 2347/2348/1249
f 2348/2347/1248 2349/2349/1241 2347/2348/1249
f 2350/2350/1250 2351/2351/1206 2352/2352/1240
f 2352/2352/1240 2351/2351/1206 2353/2353/1251
f 2354/2354/1252 2355/2355/1253 2356/2356/1206
f 2356/2356/1206 2355/2355/1253 2357/2357/1254
f 2358/2358/1255 2360/2359/1198 2359/2360/1256
f 2360/2359/1198 2361/2361/1202 2359/2360/1256
f 2362/2362/1257 2363/2363/1258 2364/2364/1259
f 2364/2364/1259 2363/2363/1258 2365/2365/1260
f 2366/2366/1261 2367/2367/1262 2368/2368/1244
f 2368/2368/1244 2367/2367/1262 2369/2369/1263
f 2370/2370/1264 2371/2371/1265 2372/2372/1266
f 2372/2372/1266 2371/2371/1265 2373/2373/1234
f 2374/2374/1260 2375/2375/1267 2376/2376/1268
f 2376/2376/1268 2375/2375/1267 2377/2377/1269
f 2378/2378/1268 2379/2379/1270 2380/2380/1260
f 2380/2380/1260 2379/2379/1270 2381/2381/1271
f 2382/2382/1272 2384/2383/1257 2383/2384/1273
f 2384/2383/1257 2385/2385/1274 2383/2384/1273
f 2386/2386/1275 2388/2387/1276 2387/2388/1255
f 2388/2387/1276 2389/2389/1277 2387/2388/1255
f 2390/2390/1278 2392/2391/1259 2391/2392/1255
f 2392/2391/1259 2393/2393/1273 2391/2392/1255
f 2394/2394/1279 2396/2395/1280 2395/2396/1274
f 2396/2395/1280 2397/2397/1281 2395/2396/1274
f 2398/2398/1269 2400/2399/1282 2399/2400/1283
f 2400/2399/1282 2401/2401/1202 2399/2400/1283
f 2402/2402/1284 2404/2403/1285 2403/2404/1203
f 2404/2403/1285 2405/2405/1286 2403/2404/1203
f 2406/2406/1282 2408/2407/1270 2407/2408/1200
f 2408/2407/1270 2409/2409/1287 2407/2408/1200
f 2410/2410/1288 2412/2411/1280 2411/2412/1289
f 2412/2411/1280 2413/2413/1290 2411/2412/1289
f 2414/2414/1281 2416/2415/1199 2415/2416/1274
f 2416/2415/1199 2417/2417/1198 2415/2416/1274
f 2418/2418/1202 2420/2419/1199 2419/2420/1289
f 2420/2419/1199 2421/2421/1281 2419/2420/1289
f 2422/2422/1291 2423/2423/1292 2424/2424/1293
f 2424/2424/1293 2423/2423/1292 2425/2425/1262
f 2426/2426/1294 2427/2427/1295 2428/2428/1296
f 2428/2428/1296 2427/2427/1295 2429/2429/1297
f 2430/2430/1244 2431/2431/1238 2432/2432/1224
f 2432/2432/1224 2431/2431/1238 2433/2433/1298
f 2434/2434/1299 2436/2435/1300 2435/2436/1301
f 2436/2435/1300 2435/2436/1212 2437/2437/1294
f 2438/2438/1302 2439/2439/1216 2440/2440/1303
f 2440/2440/1303 2439/2439/1216 2441/2441/1217
f 2442/2442/1304 2444/2443/1221 2443/2444/1294
f 2444/2443/1221 2445/2445/1212 2443/2444/1294
f 2446/2446/1305 2448/2447/1303 2447/2448/1227
f 2448/2447/1306 2447/2448/1227 2449/2449/1307
f 2450/2450/1308 2451/2451/1222 2452/2452/1309
f 2452/2452/1309 2451/2451/1222 2453/2453/1223
f 2454/2454/1310 2456/2455/1228 2455/2456/1302
f 2456/2455/1228 2457/2457/1220 2455/2456/1302
f 2458/2458/1225 2460/2459/1311 2459/2460/1226
f 2460/2459/1312 2459/2460/1226 2461/2461/1308
f 2462/2462/1259 2463/2463/1260 2464/2464/1313
f 2464/2464/1313 2463/2463/1260 2465/2465/1271
f 2466/2466/1269 2467/2467/1267 2468/2468/1314
f 2468/2468/1314 2467/2467/1267 2469/2469/1257
f 2470/2470/1315 2472/2471/1316 2471/2472/1308
f 2472/2471/1316 2473/2473/1226 2471/2472/1308
f 2474/2474/1317 2476/2475/1211 2475/2476/1297
f 2476/2475/1211 2477/2477/1210 2475/2476/1297
f 2475/2476/1297 2477/2477/1210 2478/2478/1318
f 2479/2479/1319 2481/2480/1225 2480/2481/1320
f 2481/2480/1225 2482/2482/1321 2480/2481/1320
f 2480/2481/1320 2482/2482/1321 2483/2483/1218
f 2484/2484/1322 2485/2485/1323 2486/2486/1307
f 2486/2486/1307 2485/2485/1323 2487/2487/1216
f 2485/2485/1323 2488/2488/1210 2487/2487/1216
f 2489/2489/1324 2491/2490/1219 2490/2491/1217
f 2491/2490/1219 2492/2492/1218 2490/2491/1217
f 2490/2491/1217 2492/2492/1218 2493/2493/1210
f 2494/2494/1304 2495/2495/1325 2496/2496/1294
f 2496/2496/1294 2495/2495/1325 2497/2497/1207
f 2495/2495/1325 2498/2498/1318 2497/2497/1207
f 2499/2499/1315 2500/2500/1326 2501/2501/1308
f 2501/2501/1308 2500/2500/1326 2502/2502/1222
f 2500/2500/1326 2503/2503/1218 2502/2502/1222
f 2504/2504/1235 2506/2505/1233 2505/2506/1327
f 2506/2505/1233 2507/2507/1328 2505/2506/1327
f 2505/2506/1327 2507/2507/1328 2508/2508/1244
f 2507/2507/1328 2509/2509/1243 2508/2508/1244
f 2510/2510/1233 2512/2511/1329 2511/2512/1330
f 2512/2511/1329 2513/2513/1331 2511/2512/1330
f 2511/2512/1332 2514/2514/1333 2513/2513/1331
f 2513/2513/1331 2514/2514/1333 2515/2515/1334
f 2514/2514/1333 2516/2516/1241 2515/2515/1334
f 2515/2515/1334 2516/2516/1241 2517/2517/1240
f 2518/2518/1206 2519/2519/1335 2520/2520/1204
f 2520/2520/1204 2519/2519/1335 2521/2521/1246
f 2519/2519/1335 2522/2522/1253 2521/2521/1246
f 2521/2521/1246 2522/2522/1253 2523/2523/1245
f 2524/2524/1205 2525/2525/1204 2526/2526/1215
f 2526/2526/1215 2527/2527/1214 2525/2525/1204
f 2525/2525/1204 2527/2527/1214 2528/2528/1336
f 2529/2529/1337 2530/2530/1338 2531/2531/1339
f 2532/2532/1340 2534/2533/1341 2533/2534/1342
f 2535/2535/1343 2537/2536/1344 2536/2537/1345
f 2538/2538/1346 2540/2539/1347 2539/2540/1348
f 2541/2541/1349 2542/2542/1350 2543/2543/1348
f 2544/2544/1349 2545/2545/1348 2546/2546/1351
f 2547/2547/1352 2549/2548/1353 2548/2549/1354
f 2550/2550/1355 2551/2551/1353 2552/2552/1356
f 2553/2553/1355 2554/2554/1354 2555/2555/1357
f 2556/2556/1358 2558/2557/1359 2557/2558/1352
f 2559/2559/1360 2560/2560/1361 2561/2561/1352
f 2562/2562/1360 2563/2563/1352 2564/2564/1362
f 2565/2565/1363 2567/2566/1364 2566/2567/1365
f 2567/2566/1364 2568/2568/1366 2566/2567/1365
f 2569/2569/1367 2571/2570/1368 2570/2571/1369
f 2571/2570/1368 2572/2572/1370 2570/2571/1369
f 2573/2573/1363 2574/2574/1371 2575/2575/1365
f 2575/2575/1365 2574/2574/1371 2576/2576/1372
f 2577/2577/1373 2578/2578/1374 2579/2579/1363
f 2579/2579/1363 2578/2578/1374 2580/2580/1375
f 2581/2581/1369 2583/2582/1376 2582/2583/1377
f 2583/2582/1376 2584/2584/1374 2582/2583/1377
f 2585/2585/1367 2587/2586/1378 2586/2587/1379
f 2587/2586/1378 2588/2588/1380 2586/2587/1379
f 2589/2589/1381 2590/2590/1348 2591/2591/1382
f 2591/2591/1382 2590/2590/1348 2592/2592/1383
f 2593/2593/1366 2595/2594/1348 2594/2595/1365
f 2595/2594/1348 2596/2596/1384 2594/2595/1365
f 2597/2597/1385 2599/2598/1386 2598/2599/1365
f 2599/2598/1386 2600/2600/1387 2598/2599/1365
f 2601/2601/1388 2602/2602/1383 2603/2603/1338
f 2603/2603/1338 2602/2602/1383 2604/2604/1389
f 2605/2605/1390 2607/2606/1364 2606/2607/1373
f 2607/2606/1364 2608/2608/1363 2606/2607/1373
f 2609/2609/1370 2611/2610/1390 2610/2611/1378
f 2611/2610/1390 2612/2612/1376 2610/2611/1378
f 2613/2613/1391 2615/2614/1343 2614/2615/1340
f 2615/2614/1343 2616/2616/1392 2614/2615/1340
f 2617/2617/1393 2618/2618/1394 2619/2619/1395
f 2619/2619/1395 2618/2618/1394 2620/2620/1396
f 2621/2621/1397 2622/2622/1395 2623/2623/1398
f 2623/2623/1398 2622/2622/1395 2624/2624/1399
f 2625/2625/1398 2626/2626/1399 2627/2627/1400
f 2627/2627/1400 2626/2626/1399 2628/2628/1401
f 2629/2629/1343 2631/2630/1391 2630/2631/1401
f 2631/2630/1391 2632/2632/1402 2630/2631/1401
f 2633/2633/1403 2635/2634/1394 2634/2635/1404
f 2635/2634/1394 2636/2636/1405 2634/2635/1404
f 2637/2637/1406 2639/2638/1407 2638/2639/1408
f 2639/2638/1407 2640/2640/1400 2638/2639/1408
f 2641/2641/1409 2643/2642/1410 2642/2643/1394
f 2643/2642/1410 2644/2644/1397 2642/2643/1394
f 2645/2645/1411 2647/2646/1404 2646/2647/1342
f 2647/2646/1404 2648/2648/1340 2646/2647/1342
f 2649/2649/1392 2651/2650/1412 2650/2651/1413
f 2651/2650/1412 2652/2652/1411 2650/2651/1413
f 2653/2653/1414 2654/2654/1415 2655/2655/1370
f 2655/2655/1370 2654/2654/1415 2656/2656/1368
f 2657/2657/1416 2658/2658/1417 2659/2659/1418
f 2659/2659/1418 2658/2658/1417 2660/2660/1347
f 2661/2661/1346 2663/2662/1419 2662/2663/1347
f 2663/2662/1419 2664/2664/1420 2662/2663/1347
f 2665/2665/1349 2666/2666/1351 2667/2667/1416
f 2667/2667/1416 2666/2666/1351 2668/2668/1421
f 2669/2669/1422 2670/2670/1423 2671/2671/1355
f 2671/2671/1355 2670/2670/1423 2672/2672/1353
f 2673/2673/1352 2675/2674/1424 2674/2675/1353
f 2675/2674/1424 2676/2676/1425 2674/2675/1353
f 2677/2677/1355 2678/2678/1426 2679/2679/1427
f 2679/2679/1427 2678/2678/1426 2680/2680/1428
f 2681/2681/1429 2682/2682/1430 2683/2683/1360
f 2683/2683/1360 2682/2682/1430 2684/2684/1359
f 2685/2685/1366 2687/2686/1431 2686/2687/1361
f 2687/2686/1431 2688/2688/1430 2686/2687/1361
f 2689/2689/1385 2691/2690/1432 2690/2691/1433
f 2691/2690/1434 2690/2691/1435 2692/2692/1436
f 2693/2693/1437 2694/2694/1438 2695/2695/1386
f 2695/2695/1439 2696/2696/1440 2694/2694/1441
f 2697/2697/1360 2698/2698/1442 2699/2699/1429
f 2699/2699/1429 2698/2698/1442 2700/2700/1443
f 2701/2701/1348 2702/2702/1381 2703/2703/1366
f 2703/2703/1366 2702/2702/1381 2704/2704/1364
f 2702/2702/1381 2705/2705/1444 2704/2704/1364
f 2704/2704/1364 2705/2705/1444 2706/2706/1445
f 2705/2705/1444 2707/2707/1414 2706/2706/1445
f 2706/2706/1445 2707/2707/1414 2708/2708/1370
f 2709/2709/1429 2710/2710/1446 2711/2711/1430
f 2711/2711/1430 2712/2712/1447 2710/2710/1448
f 2710/2710/1448 2712/2712/1447 2713/2713/1358
f 2714/2714/1449 2716/2715/1422 2715/2716/1450
f 2716/2715/1422 2717/2717/1451 2715/2716/1450
f 2715/2716/1450 2717/2717/1451 2718/2718/1352
f 2719/2719/1452 2720/2720/1451 2721/2721/1453
f 2721/2721/1423 2722/2722/1454 2720/2720/1451
f 2720/2720/1451 2722/2722/1454 2723/2723/1352
f 2724/2724/1421 2726/2725/1455 2725/2726/1456
f 2726/2725/1455 2727/2727/1457 2725/2726/1456
f 2725/2726/1456 2727/2727/1457 2728/2728/1346
f 2729/2729/1455 2730/2730/1458 2731/2731/1420
f 2731/2731/1459 2732/2732/1419 2730/2730/1460
f 2730/2730/1460 2732/2732/1419 2733/2733/1461
f 2734/2734/1462 2736/2735/1429 2735/2736/1463
f 2736/2735/1429 2737/2737/1448 2735/2736/1463
f 2735/2736/1463 2737/2737/1448 2738/2738/1358
f 2739/2739/1388 2740/2740/1338 2741/2741/1441
f 2741/2741/1441 2740/2740/1338 2742/2742/1440
f 2740/2740/1338 2743/2743/1433 2742/2742/1440
f 2742/2742/1440 2743/2743/1433 2744/2744/1386
f 2743/2743/1433 2744/2744/1464 2745/2745/1465
f 2746/2746/1365 2748/2747/1383 2747/2748/1466
f 2748/2747/1383 2749/2749/1339 2747/2748/1466
f 2747/2748/1466 2749/2749/1339 2750/2750/1467
f 2751/2751/1396 2752/2752/1468 2753/2753/1395
f 2753/2753/1395 2752/2752/1468 2754/2754/1399
f 2752/2752/1468 2755/2755/1469 2754/2754/1399
f 2754/2754/1399 2755/2755/1469 2756/2756/1401
f 2757/2757/1402 2759/2758/1391 2758/2759/1468
f 2759/2758/1391 2760/2760/1340 2758/2759/1468
f 2758/2759/1468 2760/2760/1340 2761/2761/1396
f 2760/2760/1340 2762/2762/1404 2761/2761/1396
f 2763/2763/1397 2765/2764/1412 2764/2765/1398
f 2765/2764/1412 2766/2766/1470 2764/2765/1398
f 2764/2765/1398 2766/2766/1470 2767/2767/1400
f 2766/2766/1470 2768/2768/1344 2767/2767/1400
f 2769/2769/1471 2770/2770/1472 2771/2771/1473
f 2771/2771/1473 2770/2770/1472 2772/2772/1474
f 2773/2773/1475 2774/2774/1471 2775/2775/1476
f 2775/2775/1476 2774/2774/1471 2776/2776/1477
f 2777/2777/1474 2779/2778/1478 2778/2779/1479
f 2779/2778/1478 2780/2780/1480 2778/2779/1479
f 2781/2781/1481 2783/2782/1482 2782/2783/1483
f 2783/2782/1482 2784/2784/1479 2782/2783/1483
f 2785/2785/1474 2787/2786/1479 2786/2787/1472
f 2787/2786/1479 2788/2788/1482 2786/2787/1472
f 2786/2787/1472 2789/2789/1471 2788/2788/1482
f 2788/2788/1482 2789/2789/1471 2790/2790/1481
f 2791/2791/1484 2792/2792/1485 2793/2793/1486
f 2793/2793/1486 2792/2792/1485 2794/2794/1487
f 2795/2795/1488 2797/2796/1489 2796/2797/1490
f 2797/2796/1489 2798/2798/1491 2796/2797/1490
f 2799/2799/1492 2801/2800/1493 2800/2801/1490
f 2801/2800/1493 2802/2802/1494 2800/2801/1490
f 2803/2803/1490 2805/2804/1491 2804/2805/1495
f 2805/2804/1491 2806/2806/1496 2804/2805/1495
f 2807/2807/1496 2808/2808/1485 2809/2809/1491
f 2809/2809/1491 2808/2808/1485 2810/2810/1489
f 2808/2808/1485 2811/2811/1493 2810/2810/1489
f 2810/2810/1489 2811/2811/1493 2812/2812/1497
