# Blender v2.82 (sub 7) OBJ File: ''
# www.blender.org
mtllib Fortress Closed.mtl
o Mesh_0014.rip.001_Mesh_0014.rip_mesh0000.001
v 0.000000 0.325000 0.231563
v 0.079219 0.199062 0.213281
v 0.097500 0.322969 0.203125
v 0.178750 0.081250 0.099531
v 0.207187 0.060937 0.050781
v 0.231562 0.097500 0.038594
v 0.000000 0.325000 0.231563
v -0.099531 0.322969 0.203125
v -0.081250 0.199062 0.213281
v 0.178750 0.081250 -0.091406
v 0.231562 0.097500 -0.030469
v 0.207187 0.060938 -0.042656
v 0.249844 0.040625 -0.046719
v 0.207187 0.060938 -0.042656
v 0.231562 0.097500 -0.030469
v 0.249844 0.040625 0.052813
v 0.231562 0.097500 0.038594
v 0.207187 0.060937 0.050781
v -0.249844 0.040625 -0.046719
v -0.233594 0.097500 -0.030469
v -0.197031 0.071094 -0.038594
v -0.178750 0.097500 0.083281
v -0.233594 0.097500 0.038594
v -0.197031 0.071094 0.046719
v -0.178750 0.097500 -0.075156
v -0.197031 0.071094 -0.038594
v -0.233594 0.097500 -0.030469
v 0.158437 0.414375 -0.148281
v 0.107656 0.418438 -0.099531
v 0.164531 0.440781 -0.048750
v -0.156406 0.428594 0.148281
v -0.105625 0.428594 0.099531
v -0.154375 0.444844 0.065000
v -0.249844 0.040625 0.052813
v -0.197031 0.071094 0.046719
v -0.233594 0.097500 0.038594
v -0.081250 0.438750 -0.142187
v -0.107656 0.422500 -0.105625
v -0.071094 0.406250 -0.160469
v -0.136094 0.300625 0.180781
v -0.125937 0.414375 0.138125
v -0.158437 0.300625 0.162500
v 0.081250 0.438750 -0.142187
v 0.073125 0.406250 -0.160469
v 0.109687 0.422500 -0.105625
v 0.105625 0.081250 -0.160469
v 0.038594 0.038594 -0.235625
v 0.028437 0.075156 -0.235625
v 0.038594 0.038594 -0.251875
v 0.028437 0.075156 -0.235625
v 0.038594 0.038594 -0.235625
v 0.099531 0.260000 -0.195000
v 0.085313 0.325000 -0.215312
v 0.150312 0.325000 -0.148281
v -0.105625 0.081250 -0.160469
v -0.028437 0.075156 -0.235625
v -0.038594 0.038594 -0.235625
v -0.038594 0.038594 -0.251875
v -0.038594 0.038594 -0.235625
v -0.028437 0.075156 -0.235625
v -0.099531 0.260000 -0.195000
v -0.150312 0.325000 -0.148281
v -0.085313 0.325000 -0.215312
v -0.615469 -0.000000 0.093437
v -0.692656 -0.000000 0.093437
v -0.654062 -0.000000 0.247812
v -0.692656 -0.000000 0.093437
v -0.609375 -0.162500 0.310781
v -0.654062 -0.000000 0.247812
v -0.182812 0.000000 -0.682500
v -0.278281 -0.213281 -0.609375
v -0.351406 0.000000 -0.611406
v 0.000000 -0.682500 0.182812
v -0.166562 -0.656094 0.190937
v -0.217344 -0.645938 0.156406
v -0.117812 -0.390000 0.398125
v -0.166562 -0.550469 0.396094
v -0.347344 -0.452969 0.396094
v -0.522031 0.278281 -0.247812
v -0.574844 0.306719 -0.247812
v -0.631719 0.168594 -0.247812
v -0.316875 -0.255938 0.398125
v -0.471250 -0.327031 0.396094
v -0.568750 -0.327031 0.247812
v -0.692656 -0.000000 0.093437
v -0.615469 -0.065000 0.093437
v -0.304688 -0.067031 0.093437
v -0.410312 -0.255937 -0.109688
v -0.605312 -0.327031 -0.109688
v -0.568750 -0.327031 -0.247813
v -0.682500 -0.182812 -0.000000
v -0.692656 0.000000 -0.093437
v -0.609375 -0.162500 -0.310781
v 0.615469 -0.000000 0.093437
v 0.654062 -0.000000 0.247812
v 0.692656 -0.000000 0.093437
v -0.499687 -0.000000 0.499687
v -0.491562 -0.000000 0.375781
v -0.611406 -0.000000 0.351406
v 0.117812 -0.390000 0.398125
v 0.347344 -0.452969 0.396094
v 0.166562 -0.550469 0.396094
v 0.347344 -0.452969 -0.396094
v 0.117812 -0.390000 -0.398125
v 0.166562 -0.550469 -0.396094
v 0.692656 -0.000000 0.093437
v 0.654062 -0.000000 0.247812
v 0.609375 -0.162500 0.310781
v 0.316875 -0.255938 0.398125
v 0.568750 -0.327031 0.247812
v 0.471250 -0.327031 0.396094
v 0.692656 -0.000000 0.093437
v 0.304688 -0.067031 0.093437
v 0.615469 -0.065000 0.093437
v 0.410312 -0.255937 -0.109688
v 0.568750 -0.327031 -0.247813
v 0.605312 -0.327031 -0.109688
v 0.182812 0.000000 -0.682500
v 0.304688 0.174688 -0.609375
v 0.351406 0.000000 -0.611406
v 0.682500 -0.182812 -0.000000
v 0.609375 -0.162500 -0.310781
v 0.692656 0.000000 -0.093437
v 0.182812 -0.000000 0.682500
v 0.396094 -0.162500 0.558594
v 0.351406 -0.000000 0.611406
v 0.635781 0.260000 -0.095469
v 0.635781 0.260000 0.095469
v 0.670312 0.178750 0.095469
v 0.550469 -0.071094 0.322969
v 0.550469 0.016250 0.322969
v 0.556562 0.016250 0.394062
v 0.507812 -0.475313 0.109687
v 0.339219 -0.361563 0.109687
v 0.507812 -0.473281 -0.109688
v 0.339219 -0.361562 -0.109688
v -0.148281 0.558594 -0.396094
v 0.000000 0.000000 -0.398125
v 0.000000 0.576875 -0.396094
v 0.148281 0.558594 -0.396094
v 0.408281 0.408281 -0.396094
v 0.000000 0.000000 -0.398125
v 0.487500 0.304688 -0.396094
v 0.505781 0.000000 -0.398125
v 0.593125 0.000000 -0.247812
v 0.522031 0.278281 -0.247812
v 0.505781 0.000000 -0.398125
v 0.438750 0.278281 -0.398125
v 0.000000 0.000000 0.000000
v 0.593125 0.000000 -0.247812
v 0.000000 0.000000 -0.398125
v 0.505781 0.000000 -0.398125
v 0.000000 0.000000 0.000000
v 0.692656 0.000000 -0.093437
v 0.593125 0.000000 -0.247812
v 0.654062 0.000000 -0.247812
v 0.491562 -0.000000 0.375781
v 0.615469 -0.000000 0.093437
v 0.491562 -0.081250 0.375781
v 0.615469 -0.081250 0.093437
v 0.471250 -0.327031 -0.396094
v 0.568750 -0.327031 -0.247813
v 0.316875 -0.255937 -0.398125
v 0.410312 -0.255937 -0.109688
v 0.117812 -0.390000 -0.398125
v 0.347344 -0.452969 -0.396094
v 0.316875 -0.255937 -0.398125
v 0.471250 -0.327031 -0.396094
v 0.605312 -0.327031 0.109687
v 0.568750 -0.327031 0.247812
v 0.410312 -0.255938 0.109687
v 0.316875 -0.255938 0.398125
v 0.471250 -0.327031 0.396094
v 0.347344 -0.452969 0.396094
v 0.316875 -0.255938 0.398125
v 0.117812 -0.390000 0.398125
v 0.605312 -0.327031 -0.109688
v 0.507812 -0.473281 -0.109688
v 0.410312 -0.255937 -0.109688
v 0.339219 -0.361562 -0.109688
v 0.438750 0.278281 -0.398125
v 0.522031 0.278281 -0.247812
v 0.487500 0.304688 -0.396094
v 0.574844 0.306719 -0.247812
v 0.148281 0.558594 -0.396094
v 0.000000 0.000000 -0.398125
v 0.288437 0.499688 -0.396094
v 0.408281 0.408281 -0.396094
v 0.117812 -0.461094 -0.190938
v 0.152344 -0.457031 -0.156406
v 0.166562 -0.656094 -0.190938
v 0.217344 -0.645938 -0.156406
v 0.117812 -0.390000 -0.398125
v 0.117812 -0.461094 -0.190938
v 0.166562 -0.550469 -0.396094
v 0.166562 -0.656094 -0.190938
v 0.217344 -0.645938 0.156406
v 0.152344 -0.457031 0.156406
v 0.166562 -0.656094 0.190937
v 0.117812 -0.461094 0.190937
v 0.217344 -0.645938 0.156406
v 0.217344 -0.645938 -0.156406
v 0.152344 -0.457031 0.156406
v 0.152344 -0.457031 -0.156406
v 0.166562 -0.656094 0.190937
v 0.117812 -0.461094 0.190937
v 0.166562 -0.550469 0.396094
v 0.117812 -0.390000 0.398125
v 0.605312 -0.327031 0.109687
v 0.507812 -0.475313 0.109687
v 0.605312 -0.327031 -0.109688
v 0.507812 -0.473281 -0.109688
v 0.635781 0.260000 0.095469
v 0.455000 0.260000 0.093438
v 0.670312 0.178750 0.095469
v 0.304688 0.154375 0.093438
v 0.635781 0.260000 -0.095469
v 0.670312 0.178750 -0.095469
v 0.455000 0.260000 -0.099531
v 0.304688 0.154375 -0.093437
v -0.166562 -0.550469 -0.396094
v 0.000000 -0.499687 -0.499688
v 0.000000 -0.611406 -0.351406
v 0.166562 -0.550469 -0.396094
v 0.351406 0.000000 -0.611406
v 0.499687 0.000000 -0.499687
v 0.459062 -0.190937 -0.497656
v 0.654062 0.000000 -0.247812
v -0.107656 -0.002031 0.359531
v -0.091406 -0.067031 0.306719
v -0.205156 -0.002031 0.312812
v -0.188906 -0.071094 0.260000
v -0.205156 -0.002031 0.312812
v -0.188906 -0.071094 0.260000
v -0.288437 -0.002031 0.239687
v -0.243750 -0.067031 0.207187
v 0.605312 -0.327031 0.109687
v 0.410312 -0.255938 0.109687
v 0.507812 -0.475313 0.109687
v 0.339219 -0.361563 0.109687
v -0.243750 -0.067031 0.207187
v -0.292500 -0.069063 0.130000
v -0.288437 -0.002031 0.239687
v -0.343281 -0.002031 0.148281
v -0.327031 -0.067031 0.095469
v -0.375781 -0.067031 0.103594
v -0.327031 -0.040625 0.097500
v -0.369687 -0.026406 0.111719
v -0.385937 -0.026406 0.162500
v -0.394062 -0.040625 0.132031
v -0.396094 -0.067031 0.164531
v -0.396094 -0.067031 0.130000
v -0.493594 0.016250 0.274219
v -0.493594 -0.071094 0.274219
v -0.550469 0.016250 0.322969
v -0.550469 -0.071094 0.322969
v -0.420469 0.016250 0.282344
v -0.420469 -0.071094 0.282344
v -0.493594 0.016250 0.274219
v -0.493594 -0.071094 0.274219
v -0.373750 0.016250 0.339219
v -0.373750 -0.071094 0.339219
v -0.420469 0.016250 0.282344
v -0.420469 -0.071094 0.282344
v -0.379844 0.016250 0.410312
v -0.379844 -0.071094 0.410312
v -0.373750 0.016250 0.339219
v -0.373750 -0.071094 0.339219
v -0.436719 0.016250 0.457031
v -0.436719 -0.071094 0.457031
v -0.379844 0.016250 0.410312
v -0.379844 -0.071094 0.410312
v -0.436719 0.016250 0.457031
v -0.509844 0.016250 0.450937
v -0.436719 -0.071094 0.457031
v -0.526094 -0.071094 0.418437
v -0.420469 0.016250 0.282344
v -0.493594 0.016250 0.274219
v -0.465156 0.016250 0.365625
v -0.550469 0.016250 0.322969
v -0.379844 0.016250 0.410312
v -0.373750 0.016250 0.339219
v -0.465156 0.016250 0.365625
v -0.420469 0.016250 0.282344
v -0.509844 0.016250 0.450937
v -0.436719 0.016250 0.457031
v -0.465156 0.016250 0.365625
v -0.379844 0.016250 0.410312
v -0.550469 0.016250 0.322969
v -0.556562 0.016250 0.394062
v -0.465156 0.016250 0.365625
v -0.509844 0.016250 0.450937
v -0.304688 0.038594 0.109687
v -0.304688 -0.164531 0.109687
v 0.000000 0.038594 0.318906
v 0.000000 -0.164531 0.318906
v -0.304688 0.038594 -0.109687
v -0.304688 0.038594 0.109687
v 0.000000 0.038594 -0.318906
v 0.000000 0.038594 0.318906
v -0.304688 -0.164531 -0.109688
v -0.304688 0.038594 -0.109687
v 0.000000 -0.164531 -0.318906
v 0.000000 0.038594 -0.318906
v -0.304688 0.038594 -0.109687
v -0.304688 -0.164531 -0.109688
v -0.304688 0.038594 0.109687
v -0.304688 -0.164531 0.109687
v -0.654062 -0.067031 0.083281
v -0.459062 -0.067031 0.493594
v 0.000000 -0.067031 0.083281
v 0.000000 -0.067031 0.676406
v -0.631719 0.168594 -0.247812
v -0.574844 0.306719 -0.247812
v -0.540312 0.144219 -0.428594
v -0.487500 0.304688 -0.396094
v -0.499687 0.000000 -0.499687
v -0.654062 0.000000 -0.247812
v -0.540312 0.144219 -0.428594
v -0.631719 0.168594 -0.247812
v -0.166562 -0.550469 -0.396094
v -0.213281 -0.371719 -0.558594
v 0.000000 -0.499687 -0.499688
v 0.000000 -0.351406 -0.611406
v -0.540312 0.144219 -0.428594
v -0.304688 0.174688 -0.609375
v -0.499687 0.000000 -0.499687
v -0.351406 0.000000 -0.611406
v -0.408281 0.408281 -0.396094
v -0.213281 0.371719 -0.558594
v -0.304688 0.174688 -0.609375
v 0.000000 0.182813 -0.682500
v 0.000000 0.000000 -0.704844
v 0.000000 -0.182812 -0.682500
v -0.182812 0.000000 -0.682500
v -0.278281 -0.213281 -0.609375
v -0.471250 -0.327031 -0.396094
v -0.213281 -0.371719 -0.558594
v -0.347344 -0.452969 -0.396094
v -0.166562 -0.550469 -0.396094
v -0.408281 0.408281 -0.396094
v -0.288437 0.499688 -0.396094
v -0.213281 0.371719 -0.558594
v -0.148281 0.558594 -0.396094
v -0.605312 -0.327031 0.109687
v -0.682500 -0.182812 -0.000000
v -0.605312 -0.327031 -0.109688
v -0.609375 -0.162500 -0.310781
v -0.166562 -0.550469 -0.396094
v 0.000000 -0.611406 -0.351406
v -0.166562 -0.656094 -0.190938
v 0.000000 -0.682500 -0.182813
v -0.123906 -0.067031 0.410312
v -0.121875 -0.026406 0.402187
v -0.237656 -0.067031 0.357500
v -0.231562 -0.026406 0.349375
v -0.670312 0.178750 0.095469
v -0.692656 0.000000 -0.093437
v -0.692656 -0.000000 0.093437
v -0.682500 -0.182812 -0.000000
v -0.471250 -0.327031 0.396094
v -0.347344 -0.452969 0.396094
v -0.260000 -0.339219 0.558594
v -0.166562 -0.550469 0.396094
v -0.260000 -0.339219 0.558594
v -0.166562 -0.550469 0.396094
v 0.000000 -0.499688 0.499687
v 0.000000 -0.611406 0.351406
v -0.166562 -0.550469 0.396094
v -0.166562 -0.656094 0.190937
v 0.000000 -0.611406 0.351406
v 0.000000 -0.682500 0.182812
v 0.000000 -0.682500 0.182812
v -0.217344 -0.645938 0.156406
v 0.000000 -0.704844 -0.000000
v -0.217344 -0.645938 -0.156406
v -0.605312 -0.327031 0.109687
v -0.609375 -0.162500 0.310781
v -0.682500 -0.182812 -0.000000
v -0.692656 -0.000000 0.093437
v -0.471250 -0.327031 0.396094
v -0.609375 -0.162500 0.310781
v -0.568750 -0.327031 0.247812
v -0.605312 -0.327031 0.109687
v -0.615469 -0.000000 0.093437
v -0.654062 -0.000000 0.247812
v -0.491562 -0.000000 0.375781
v -0.611406 -0.000000 0.351406
v -0.692656 0.000000 -0.093437
v -0.670312 0.178750 -0.095469
v -0.304688 0.000000 -0.093437
v -0.304688 0.154375 -0.093437
v -0.635781 0.260000 0.095469
v -0.455000 0.260000 0.093438
v -0.635781 0.260000 -0.095469
v -0.455000 0.260000 -0.099531
v -0.304688 0.154375 0.093438
v -0.304688 0.154375 -0.093437
v -0.455000 0.260000 0.093438
v -0.455000 0.260000 -0.099531
v -0.304688 0.154375 -0.093437
v -0.304688 0.154375 0.093438
v -0.304688 0.000000 -0.093437
v -0.304688 -0.067031 0.093437
v -0.438750 0.278281 -0.398125
v -0.487500 0.304688 -0.396094
v -0.522031 0.278281 -0.247812
v -0.574844 0.306719 -0.247812
v -0.522031 0.278281 -0.247812
v -0.631719 0.168594 -0.247812
v -0.593125 0.000000 -0.247812
v -0.654062 0.000000 -0.247812
v -0.148281 0.558594 -0.396094
v -0.288437 0.499688 -0.396094
v 0.000000 0.000000 -0.398125
v -0.408281 0.408281 -0.396094
v -0.408281 0.408281 -0.396094
v -0.487500 0.304688 -0.396094
v 0.000000 0.000000 -0.398125
v -0.505781 0.000000 -0.398125
v -0.438750 0.278281 -0.398125
v -0.522031 0.278281 -0.247812
v -0.505781 0.000000 -0.398125
v -0.593125 0.000000 -0.247812
v 0.000000 0.000000 0.000000
v 0.000000 0.000000 -0.398125
v -0.593125 0.000000 -0.247812
v -0.505781 0.000000 -0.398125
v 0.000000 0.000000 0.000000
v -0.593125 0.000000 -0.247812
v -0.692656 0.000000 -0.093437
v -0.654062 0.000000 -0.247812
v -0.491562 -0.000000 0.375781
v -0.491562 -0.081250 0.375781
v -0.615469 -0.000000 0.093437
v -0.615469 -0.081250 0.093437
v -0.491562 -0.081250 0.375781
v -0.491562 -0.000000 0.375781
v -0.229531 -0.081250 0.570781
v -0.229531 -0.000000 0.570781
v -0.229531 -0.081250 0.570781
v -0.229531 -0.000000 0.570781
v 0.000000 -0.081250 0.619531
v 0.000000 -0.000000 0.619531
v -0.471250 -0.327031 -0.396094
v -0.316875 -0.255937 -0.398125
v -0.568750 -0.327031 -0.247813
v -0.410312 -0.255937 -0.109688
v -0.605312 -0.327031 0.109687
v -0.410312 -0.255938 0.109687
v -0.568750 -0.327031 0.247812
v -0.316875 -0.255938 0.398125
v -0.471250 -0.327031 0.396094
v -0.316875 -0.255938 0.398125
v -0.347344 -0.452969 0.396094
v -0.117812 -0.390000 0.398125
v -0.339219 -0.361562 -0.109688
v -0.507812 -0.473281 -0.109688
v -0.410312 -0.255937 -0.109688
v -0.605312 -0.327031 -0.109688
v -0.339219 -0.361563 0.109687
v -0.410312 -0.255938 0.109687
v -0.507812 -0.475313 0.109687
v -0.605312 -0.327031 0.109687
v -0.507812 -0.475313 0.109687
v -0.507812 -0.473281 -0.109688
v -0.339219 -0.361563 0.109687
v -0.339219 -0.361562 -0.109688
v -0.117812 -0.461094 -0.190938
v -0.166562 -0.656094 -0.190938
v -0.152344 -0.457031 -0.156406
v -0.217344 -0.645938 -0.156406
v -0.117812 -0.390000 -0.398125
v -0.166562 -0.550469 -0.396094
v -0.117812 -0.461094 -0.190938
v -0.166562 -0.656094 -0.190938
v -0.117812 -0.461094 0.190937
v -0.152344 -0.457031 0.156406
v -0.166562 -0.656094 0.190937
v -0.217344 -0.645938 0.156406
v -0.217344 -0.645938 0.156406
v -0.152344 -0.457031 0.156406
v -0.217344 -0.645938 -0.156406
v -0.152344 -0.457031 -0.156406
v -0.117812 -0.390000 0.398125
v -0.117812 -0.461094 0.190937
v -0.166562 -0.550469 0.396094
v -0.166562 -0.656094 0.190937
v 0.000000 -0.704844 -0.000000
v -0.217344 -0.645938 -0.156406
v 0.000000 -0.682500 -0.182813
v -0.166562 -0.656094 -0.190938
v -0.605312 -0.327031 0.109687
v -0.605312 -0.327031 -0.109688
v -0.507812 -0.475313 0.109687
v -0.507812 -0.473281 -0.109688
v -0.304688 0.154375 -0.093437
v -0.670312 0.178750 -0.095469
v -0.455000 0.260000 -0.099531
v -0.635781 0.260000 -0.095469
v -0.540312 0.144219 -0.428594
v -0.487500 0.304688 -0.396094
v -0.304688 0.174688 -0.609375
v -0.408281 0.408281 -0.396094
v -0.134062 0.162500 0.077188
v -0.227500 0.036562 0.132031
v 0.000000 0.162500 0.156406
v 0.000000 0.036562 0.264062
v -0.134062 0.162500 -0.077187
v -0.227500 0.036563 -0.132031
v -0.134062 0.162500 0.077188
v -0.227500 0.036562 0.132031
v 0.000000 0.162500 -0.156406
v 0.000000 0.036563 -0.264062
v -0.134062 0.162500 -0.077187
v -0.227500 0.036563 -0.132031
v -0.134062 0.170625 -0.121875
v -0.081250 0.190938 -0.217344
v -0.105625 0.081250 -0.160469
v -0.028437 0.075156 -0.235625
v 0.000000 0.237656 -0.237656
v -0.099531 0.260000 -0.195000
v 0.000000 0.288438 -0.237656
v -0.085313 0.325000 -0.215312
v -0.038594 0.038594 -0.251875
v -0.028437 0.075156 -0.235625
v 0.000000 0.038594 -0.257969
v 0.000000 0.075156 -0.241719
v -0.028437 0.075156 -0.235625
v -0.081250 0.190938 -0.217344
v 0.000000 0.152344 -0.233594
v 0.000000 0.190938 -0.257969
v 0.028437 0.075156 -0.235625
v 0.000000 0.075156 -0.241719
v 0.000000 0.152344 -0.233594
v -0.028437 0.075156 -0.235625
v 0.134062 0.170625 -0.121875
v 0.105625 0.081250 -0.160469
v 0.081250 0.190938 -0.217344
v 0.028437 0.075156 -0.235625
v 0.099531 0.260000 -0.195000
v 0.081250 0.190938 -0.217344
v 0.000000 0.237656 -0.237656
v 0.000000 0.190938 -0.257969
v 0.000000 0.237656 -0.237656
v 0.000000 0.288438 -0.237656
v 0.099531 0.260000 -0.195000
v 0.085313 0.325000 -0.215312
v 0.000000 0.075156 -0.241719
v 0.028437 0.075156 -0.235625
v 0.000000 0.038594 -0.257969
v 0.038594 0.038594 -0.251875
v 0.028437 0.075156 -0.235625
v 0.000000 0.152344 -0.233594
v 0.081250 0.190938 -0.217344
v 0.000000 0.190938 -0.257969
v 0.081250 0.190938 -0.217344
v 0.099531 0.260000 -0.195000
v 0.134062 0.170625 -0.121875
v 0.150312 0.325000 -0.148281
v 0.172656 0.266094 0.136094
v 0.188906 0.113750 0.123906
v 0.156406 0.266094 0.130000
v 0.152344 0.113750 0.109688
v 0.140156 0.266094 0.140156
v 0.121875 0.113750 0.134063
v 0.144219 0.266094 0.158438
v 0.127969 0.113750 0.172656
v 0.144219 0.266094 0.158438
v 0.127969 0.113750 0.172656
v 0.160469 0.266094 0.166563
v 0.164531 0.113750 0.184844
v 0.160469 0.266094 0.166563
v 0.164531 0.113750 0.184844
v 0.174687 0.266094 0.154375
v 0.195000 0.113750 0.160469
v 0.174687 0.266094 0.154375
v 0.195000 0.113750 0.160469
v 0.172656 0.266094 0.136094
v 0.188906 0.113750 0.123906
v 0.195000 0.113750 0.160469
v 0.158437 0.040625 0.148281
v 0.188906 0.113750 0.123906
v 0.152344 0.113750 0.109688
v -0.611406 -0.000000 0.351406
v -0.396094 -0.162500 0.558594
v -0.499687 -0.000000 0.499687
v -0.351406 -0.000000 0.611406
v 0.635781 0.260000 0.095469
v 0.635781 0.260000 -0.095469
v 0.455000 0.260000 0.093438
v 0.455000 0.260000 -0.099531
v 0.000000 0.461094 0.197031
v 0.000000 0.402187 0.241719
v 0.069063 0.414375 0.186875
v 0.087344 0.329062 0.233594
v 0.069063 0.414375 0.186875
v 0.038594 0.469219 0.099531
v 0.000000 0.461094 0.197031
v 0.000000 0.469219 0.107656
v 0.069063 0.414375 0.186875
v 0.125937 0.414375 0.138125
v 0.038594 0.469219 0.099531
v 0.073125 0.469219 0.077188
v 0.000000 0.280312 0.282344
v 0.000000 0.280312 0.221406
v 0.087344 0.329062 0.233594
v 0.087344 0.316875 0.205156
v 0.000000 0.457031 0.093438
v 0.038594 0.469219 0.099531
v 0.073125 0.457031 0.060938
v 0.073125 0.469219 0.077188
v 0.125937 0.414375 0.138125
v 0.125937 0.402187 0.121875
v 0.073125 0.469219 0.077188
v 0.073125 0.457031 0.060938
v 0.087344 0.329062 0.233594
v 0.087344 0.316875 0.205156
v 0.138125 0.300625 0.180781
v 0.138125 0.288437 0.152344
v 0.138125 0.300625 0.180781
v 0.138125 0.288437 0.152344
v 0.158437 0.300625 0.162500
v 0.158437 0.288437 0.146250
v 0.125937 0.414375 0.138125
v 0.158437 0.300625 0.162500
v 0.125937 0.402187 0.121875
v 0.158437 0.288437 0.146250
v -0.036562 0.469219 0.099531
v 0.000000 0.469219 0.107656
v 0.000000 0.457031 0.093438
v 0.038594 0.469219 0.099531
v -0.085313 0.329062 0.233594
v 0.000000 0.280312 0.282344
v 0.000000 0.402187 0.241719
v 0.087344 0.329062 0.233594
v 0.000000 0.461094 0.197031
v -0.067031 0.414375 0.186875
v 0.000000 0.402187 0.241719
v -0.085313 0.329062 0.233594
v -0.067031 0.414375 0.186875
v 0.000000 0.461094 0.197031
v -0.036562 0.469219 0.099531
v 0.000000 0.469219 0.107656
v -0.085313 0.316875 0.205156
v 0.000000 0.280312 0.221406
v -0.085313 0.329062 0.233594
v 0.000000 0.280312 0.282344
v 0.000000 0.457031 0.093438
v -0.071094 0.457031 0.060938
v -0.036562 0.469219 0.099531
v -0.071094 0.469219 0.077188
v -0.071094 0.457031 0.060938
v -0.125937 0.402187 0.121875
v -0.071094 0.469219 0.077188
v -0.125937 0.414375 0.138125
v -0.158437 0.288437 0.146250
v -0.158437 0.300625 0.162500
v -0.125937 0.402187 0.121875
v -0.125937 0.414375 0.138125
v -0.071094 0.406250 -0.160469
v 0.000000 0.450938 -0.182812
v -0.097500 0.404219 -0.225469
v 0.000000 0.450938 -0.268125
v -0.119844 0.467188 -0.201094
v -0.156406 0.448906 -0.150312
v -0.081250 0.438750 -0.142187
v -0.107656 0.422500 -0.105625
v -0.156406 0.448906 -0.150312
v -0.140156 0.276250 -0.154375
v -0.107656 0.422500 -0.105625
v -0.103594 0.260000 -0.113750
v -0.097500 0.329063 -0.225469
v -0.065000 0.308750 -0.160469
v -0.140156 0.276250 -0.154375
v -0.103594 0.260000 -0.113750
v 0.000000 0.272188 -0.268125
v 0.000000 0.272188 -0.182812
v -0.097500 0.329063 -0.225469
v -0.065000 0.308750 -0.160469
v -0.097500 0.404219 -0.225469
v -0.140156 0.276250 -0.154375
v -0.119844 0.467188 -0.201094
v -0.156406 0.448906 -0.150312
v -0.065000 0.308750 -0.160469
v -0.071094 0.406250 -0.160469
v -0.103594 0.260000 -0.113750
v -0.107656 0.422500 -0.105625
v 0.000000 0.450938 -0.182812
v -0.071094 0.406250 -0.160469
v 0.000000 0.272188 -0.182812
v -0.065000 0.308750 -0.160469
v -0.097500 0.404219 -0.225469
v -0.119844 0.467188 -0.201094
v -0.071094 0.406250 -0.160469
v -0.081250 0.438750 -0.142187
v 0.073125 0.406250 -0.160469
v 0.097500 0.404219 -0.225469
v 0.000000 0.450938 -0.182812
v 0.000000 0.450938 -0.268125
v 0.109687 0.422500 -0.105625
v 0.158437 0.448906 -0.150312
v 0.081250 0.438750 -0.142187
v 0.119844 0.467188 -0.201094
v 0.105625 0.260000 -0.113750
v 0.142187 0.276250 -0.154375
v 0.109687 0.422500 -0.105625
v 0.158437 0.448906 -0.150312
v 0.099531 0.329063 -0.225469
v 0.142187 0.276250 -0.154375
v 0.065000 0.308750 -0.160469
v 0.105625 0.260000 -0.113750
v 0.000000 0.272188 -0.268125
v 0.099531 0.329063 -0.225469
v 0.000000 0.272188 -0.182812
v 0.065000 0.308750 -0.160469
v 0.000000 0.272188 -0.268125
v 0.000000 0.450938 -0.268125
v 0.099531 0.329063 -0.225469
v 0.097500 0.404219 -0.225469
v 0.065000 0.308750 -0.160469
v 0.105625 0.260000 -0.113750
v 0.073125 0.406250 -0.160469
v 0.109687 0.422500 -0.105625
v 0.000000 0.450938 -0.182812
v 0.000000 0.272188 -0.182812
v 0.073125 0.406250 -0.160469
v 0.065000 0.308750 -0.160469
v 0.081250 0.438750 -0.142187
v 0.119844 0.467188 -0.201094
v 0.073125 0.406250 -0.160469
v 0.097500 0.404219 -0.225469
v -0.156406 0.428594 0.148281
v -0.154375 0.444844 0.065000
v -0.225469 0.444844 0.095469
v -0.243750 0.455000 0.073125
v -0.174687 0.290469 0.136094
v -0.121875 0.292500 0.091406
v -0.156406 0.428594 0.148281
v -0.105625 0.428594 0.099531
v -0.227500 0.316875 0.099531
v -0.154375 0.316875 0.067031
v -0.174687 0.290469 0.136094
v -0.121875 0.292500 0.091406
v -0.266094 0.286406 0.000000
v -0.180781 0.286406 0.000000
v -0.227500 0.316875 0.099531
v -0.154375 0.316875 0.067031
v -0.174687 0.290469 0.136094
v -0.156406 0.428594 0.148281
v -0.227500 0.316875 0.099531
v -0.225469 0.444844 0.095469
v -0.266094 0.479375 0.000000
v -0.243750 0.455000 0.073125
v -0.180781 0.479375 0.000000
v -0.154375 0.444844 0.065000
v -0.174687 0.290469 -0.136094
v -0.156406 0.428594 -0.148281
v -0.121875 0.292500 -0.091406
v -0.105625 0.428594 -0.099531
v -0.225469 0.444844 -0.095469
v -0.156406 0.428594 -0.148281
v -0.227500 0.316875 -0.099531
v -0.174687 0.290469 -0.136094
v -0.266094 0.286406 0.000000
v -0.243750 0.455000 -0.073125
v -0.227500 0.316875 -0.099531
v -0.225469 0.444844 -0.095469
v -0.154375 0.444844 -0.065000
v -0.154375 0.316875 -0.067031
v -0.105625 0.428594 -0.099531
v -0.121875 0.292500 -0.091406
v -0.180781 0.479375 0.000000
v -0.180781 0.286406 0.000000
v -0.154375 0.444844 -0.065000
v -0.154375 0.316875 -0.067031
v -0.154375 0.444844 -0.065000
v -0.243750 0.455000 -0.073125
v -0.180781 0.479375 0.000000
v -0.266094 0.479375 0.000000
v 0.158437 0.414375 -0.148281
v 0.164531 0.440781 -0.048750
v 0.225469 0.434688 -0.095469
v 0.253906 0.448906 -0.048750
v 0.162500 0.284375 -0.142187
v 0.109687 0.284375 -0.097500
v 0.158437 0.414375 -0.148281
v 0.107656 0.418438 -0.099531
v 0.225469 0.316875 -0.099531
v 0.152344 0.316875 -0.067031
v 0.162500 0.284375 -0.142187
v 0.109687 0.284375 -0.097500
v 0.268125 0.286406 0.000000
v 0.182812 0.286406 0.000000
v 0.225469 0.316875 -0.099531
v 0.152344 0.316875 -0.067031
v 0.162500 0.284375 -0.142187
v 0.158437 0.414375 -0.148281
v 0.225469 0.316875 -0.099531
v 0.225469 0.434688 -0.095469
v 0.268125 0.479375 0.000000
v 0.253906 0.448906 -0.048750
v 0.182812 0.479375 0.000000
v 0.164531 0.440781 -0.048750
v 0.162500 0.284375 0.142188
v 0.158437 0.414375 0.148281
v 0.109687 0.284375 0.097500
v 0.107656 0.418437 0.099531
v 0.225469 0.316875 0.099531
v 0.162500 0.284375 0.142188
v 0.152344 0.316875 0.067031
v 0.109687 0.284375 0.097500
v 0.268125 0.286406 0.000000
v 0.225469 0.316875 0.099531
v 0.182812 0.286406 0.000000
v 0.152344 0.316875 0.067031
v 0.225469 0.434687 0.095469
v 0.158437 0.414375 0.148281
v 0.225469 0.316875 0.099531
v 0.162500 0.284375 0.142188
v 0.268125 0.286406 0.000000
v 0.253906 0.448906 0.048750
v 0.225469 0.316875 0.099531
v 0.225469 0.434687 0.095469
v 0.164531 0.440781 0.048750
v 0.152344 0.316875 0.067031
v 0.107656 0.418437 0.099531
v 0.109687 0.284375 0.097500
v 0.182812 0.479375 0.000000
v 0.182812 0.286406 0.000000
v 0.164531 0.440781 0.048750
v 0.152344 0.316875 0.067031
v 0.164531 0.440781 0.048750
v 0.253906 0.448906 0.048750
v 0.182812 0.479375 0.000000
v 0.268125 0.479375 0.000000
v -0.140156 0.142187 0.123906
v -0.213281 0.195000 0.085313
v -0.178750 0.097500 0.083281
v -0.233594 0.097500 0.038594
v -0.201094 0.322969 0.101563
v -0.227500 0.325000 0.002031
v -0.213281 0.195000 0.085313
v -0.255937 0.168594 0.002031
v -0.140156 0.142187 0.123906
v -0.148281 0.325000 0.150313
v -0.213281 0.195000 0.085313
v -0.201094 0.322969 0.101563
v -0.249844 0.040625 0.052813
v -0.233594 0.097500 0.038594
v -0.255937 0.040625 0.002031
v -0.239687 0.097500 0.002031
v -0.239687 0.097500 0.002031
v -0.233594 0.097500 0.038594
v -0.255937 0.168594 0.002031
v -0.213281 0.195000 0.085313
v -0.140156 0.142188 -0.117812
v -0.178750 0.097500 -0.075156
v -0.213281 0.195000 -0.077187
v -0.233594 0.097500 -0.030469
v -0.255937 0.168594 0.002031
v -0.227500 0.325000 0.002031
v -0.213281 0.195000 -0.077187
v -0.201094 0.322969 -0.095469
v -0.140156 0.142188 -0.117812
v -0.213281 0.195000 -0.077187
v -0.148281 0.325000 -0.142187
v -0.201094 0.322969 -0.095469
v -0.239687 0.097500 0.002031
v -0.233594 0.097500 -0.030469
v -0.255937 0.040625 0.002031
v -0.249844 0.040625 -0.046719
v -0.213281 0.195000 -0.077187
v -0.233594 0.097500 -0.030469
v -0.255937 0.168594 0.002031
v -0.239687 0.097500 0.002031
v 0.134062 0.174688 -0.123906
v 0.209219 0.197031 -0.077187
v 0.178750 0.081250 -0.091406
v 0.231562 0.097500 -0.030469
v 0.249844 0.040625 -0.046719
v 0.231562 0.097500 -0.030469
v 0.257969 0.040625 0.002031
v 0.235625 0.097500 0.002031
v 0.235625 0.097500 0.002031
v 0.231562 0.097500 -0.030469
v 0.251875 0.160469 0.002031
v 0.209219 0.197031 -0.077187
v 0.235625 0.097500 0.002031
v 0.231562 0.097500 0.038594
v 0.257969 0.040625 0.002031
v 0.249844 0.040625 0.052813
v 0.125937 0.150312 0.121875
v 0.079219 0.199062 0.213281
v 0.089375 0.093437 0.160469
v 0.032500 0.097500 0.235625
v 0.032500 0.097500 0.235625
v 0.079219 0.199062 0.213281
v 0.000000 0.160469 0.257969
v 0.000000 0.325000 0.231563
v 0.125937 0.150312 0.121875
v 0.154375 0.325000 0.121875
v 0.079219 0.199062 0.213281
v 0.097500 0.322969 0.203125
v 0.089375 0.093437 0.160469
v 0.032500 0.097500 0.235625
v 0.044687 0.060937 0.213281
v 0.048750 0.040625 0.251875
v -0.034531 0.097500 0.235625
v 0.000000 0.160469 0.257969
v -0.081250 0.199062 0.213281
v 0.000000 0.325000 0.231563
v -0.127969 0.150312 0.121875
v -0.081250 0.199062 0.213281
v -0.158437 0.325000 0.121875
v -0.099531 0.322969 0.203125
v 0.000000 0.097500 0.241719
v -0.034531 0.097500 0.235625
v 0.000000 0.040625 0.257969
v -0.050781 0.040625 0.251875
v 0.166562 0.400156 -0.095469
v 0.000000 0.400156 -0.192969
v 0.071094 0.469219 -0.040625
v 0.000000 0.469219 -0.083281
v 0.000000 0.469219 0.083281
v 0.000000 0.400156 0.192969
v 0.071094 0.469219 0.040625
v 0.166562 0.400156 0.095469
v 0.071094 0.469219 0.040625
v 0.166562 0.400156 0.095469
v 0.071094 0.469219 -0.040625
v 0.166562 0.400156 -0.095469
v 0.052812 0.542344 -0.030469
v 0.071094 0.469219 -0.040625
v 0.000000 0.542344 -0.060937
v 0.000000 0.469219 -0.083281
v 0.000000 0.542344 0.060938
v 0.000000 0.469219 0.083281
v 0.052812 0.542344 0.030469
v 0.071094 0.469219 0.040625
v 0.052812 0.542344 0.030469
v 0.071094 0.469219 0.040625
v 0.052812 0.542344 -0.030469
v 0.071094 0.469219 -0.040625
v -0.036562 0.623594 0.020313
v 0.000000 0.623594 0.042656
v 0.000000 0.686562 0.022344
v 0.036562 0.623594 0.020313
v -0.166562 0.400156 -0.095469
v -0.071094 0.469219 -0.040625
v 0.000000 0.400156 -0.192969
v 0.000000 0.469219 -0.083281
v -0.018281 0.686562 0.010156
v 0.000000 0.694687 0.000000
v -0.018281 0.686562 -0.010156
v 0.000000 0.686562 -0.022344
v -0.036562 0.623594 0.020313
v 0.000000 0.686562 0.022344
v -0.018281 0.686562 0.010156
v 0.000000 0.694687 0.000000
v 0.000000 0.686562 -0.022344
v 0.000000 0.623594 -0.042656
v -0.018281 0.686562 -0.010156
v -0.036562 0.623594 -0.020312
v -0.018281 0.686562 -0.010156
v -0.036562 0.623594 -0.020312
v -0.018281 0.686562 0.010156
v -0.036562 0.623594 0.020313
v -0.154375 0.331094 0.115781
v -0.156406 0.266094 0.130000
v -0.182812 0.331094 0.127969
v -0.172656 0.266094 0.136094
v -0.134062 0.331094 0.166563
v -0.144219 0.266094 0.158438
v -0.130000 0.331094 0.136094
v -0.140156 0.266094 0.140156
v -0.162500 0.331094 0.178750
v -0.160469 0.266094 0.166563
v -0.134062 0.331094 0.166563
v -0.144219 0.266094 0.158438
v -0.182812 0.331094 0.127969
v -0.172656 0.266094 0.136094
v -0.186875 0.331094 0.158438
v -0.174687 0.266094 0.154375
v -0.164531 0.113750 0.184844
v -0.158437 0.040625 0.148281
v -0.127969 0.113750 0.172656
v -0.121875 0.113750 0.134063
v -0.162500 0.331094 0.178750
v -0.134062 0.331094 0.166563
v -0.158437 0.402187 0.148281
v -0.130000 0.331094 0.136094
v -0.172656 0.266094 -0.136094
v -0.188906 0.113750 -0.123906
v -0.156406 0.266094 -0.130000
v -0.152344 0.113750 -0.109687
v -0.140156 0.266094 -0.140156
v -0.121875 0.113750 -0.134062
v -0.144219 0.266094 -0.158437
v -0.127969 0.113750 -0.172656
v -0.144219 0.266094 -0.158437
v -0.127969 0.113750 -0.172656
v -0.160469 0.266094 -0.166562
v -0.164531 0.113750 -0.184844
v -0.160469 0.266094 -0.166562
v -0.164531 0.113750 -0.184844
v -0.174687 0.266094 -0.154375
v -0.195000 0.113750 -0.160469
v -0.174687 0.266094 -0.154375
v -0.195000 0.113750 -0.160469
v -0.172656 0.266094 -0.136094
v -0.188906 0.113750 -0.123906
v -0.195000 0.113750 -0.160469
v -0.158437 0.040625 -0.148281
v -0.188906 0.113750 -0.123906
v -0.152344 0.113750 -0.109687
v -0.162500 0.331094 -0.178750
v -0.158437 0.402188 -0.148281
v -0.134062 0.331094 -0.166562
v -0.130000 0.331094 -0.136094
v -0.182812 0.331094 -0.127969
v -0.158437 0.402188 -0.148281
v -0.186875 0.331094 -0.158437
v -0.162500 0.331094 -0.178750
v 0.154375 0.331094 -0.115781
v 0.156406 0.266094 -0.130000
v 0.182812 0.331094 -0.127969
v 0.172656 0.266094 -0.136094
v 0.134062 0.331094 -0.166562
v 0.144219 0.266094 -0.158437
v 0.130000 0.331094 -0.136094
v 0.140156 0.266094 -0.140156
v 0.162500 0.331094 -0.178750
v 0.160469 0.266094 -0.166562
v 0.134062 0.331094 -0.166562
v 0.144219 0.266094 -0.158437
v 0.182812 0.331094 -0.127969
v 0.172656 0.266094 -0.136094
v 0.186875 0.331094 -0.158437
v 0.174687 0.266094 -0.154375
v 0.164531 0.113750 -0.184844
v 0.158437 0.040625 -0.148281
v 0.127969 0.113750 -0.172656
v 0.121875 0.113750 -0.134062
v 0.162500 0.331094 -0.178750
v 0.134062 0.331094 -0.166562
v 0.158437 0.402188 -0.148281
v 0.130000 0.331094 -0.136094
v 0.304688 0.154375 -0.093437
v 0.304688 0.000000 -0.093437
v 0.304688 0.154375 0.093438
v 0.304688 -0.067031 0.093437
v 0.304688 0.154375 0.093438
v 0.455000 0.260000 0.093438
v 0.304688 0.154375 -0.093437
v 0.455000 0.260000 -0.099531
v -0.182812 -0.000000 0.682500
v 0.000000 -0.000000 0.704844
v 0.000000 -0.000000 0.619531
v 0.182812 -0.000000 0.682500
v 0.692656 0.000000 -0.093437
v 0.304688 0.000000 -0.093437
v 0.670312 0.178750 -0.095469
v 0.304688 0.154375 -0.093437
v 0.304688 -0.067031 0.093437
v 0.692656 -0.000000 0.093437
v 0.304688 0.154375 0.093438
v 0.670312 0.178750 0.095469
v 0.396094 -0.162500 0.558594
v 0.609375 -0.162500 0.310781
v 0.611406 -0.000000 0.351406
v 0.654062 -0.000000 0.247812
v 0.000000 -0.000000 0.619531
v 0.182812 -0.000000 0.682500
v 0.229531 -0.000000 0.570781
v 0.351406 -0.000000 0.611406
v 0.499687 -0.000000 0.499687
v 0.491562 -0.000000 0.375781
v 0.351406 -0.000000 0.611406
v 0.229531 -0.000000 0.570781
v 0.471250 -0.327031 -0.396094
v 0.609375 -0.162500 -0.310781
v 0.568750 -0.327031 -0.247813
v 0.605312 -0.327031 -0.109688
v 0.278281 -0.213281 -0.609375
v 0.213281 -0.371719 -0.558594
v 0.000000 -0.182812 -0.682500
v 0.000000 -0.351406 -0.611406
v 0.000000 0.499688 -0.499687
v 0.213281 0.371719 -0.558594
v 0.000000 0.351406 -0.611406
v 0.000000 0.182813 -0.682500
v 0.396094 -0.162500 0.558594
v 0.182812 -0.000000 0.682500
v 0.000000 -0.182813 0.682500
v 0.000000 -0.000000 0.704844
v 0.605312 -0.327031 0.109687
v 0.682500 -0.182812 -0.000000
v 0.609375 -0.162500 0.310781
v 0.692656 -0.000000 0.093437
v 0.166562 -0.550469 0.396094
v 0.000000 -0.611406 0.351406
v 0.166562 -0.656094 0.190937
v 0.000000 -0.682500 0.182812
v 0.166562 -0.550469 -0.396094
v 0.166562 -0.656094 -0.190938
v 0.000000 -0.611406 -0.351406
v 0.000000 -0.682500 -0.182813
v 0.396094 -0.162500 0.558594
v 0.000000 -0.182813 0.682500
v 0.260000 -0.339219 0.558594
v 0.000000 -0.351406 0.611406
v 0.611406 -0.000000 0.351406
v 0.499687 -0.000000 0.499687
v 0.396094 -0.162500 0.558594
v 0.351406 -0.000000 0.611406
v 0.000000 0.000000 -0.704844
v 0.182812 0.000000 -0.682500
v 0.000000 -0.182812 -0.682500
v 0.278281 -0.213281 -0.609375
v 0.605312 -0.327031 0.109687
v 0.605312 -0.327031 -0.109688
v 0.682500 -0.182812 -0.000000
v 0.609375 -0.162500 -0.310781
v 0.471250 -0.327031 -0.396094
v 0.347344 -0.452969 -0.396094
v 0.213281 -0.371719 -0.558594
v 0.166562 -0.550469 -0.396094
v 0.499687 0.000000 -0.499687
v 0.540312 0.144219 -0.428594
v 0.654062 0.000000 -0.247812
v 0.631719 0.168594 -0.247812
v 0.351406 0.000000 -0.611406
v 0.304688 0.174688 -0.609375
v 0.499687 0.000000 -0.499687
v 0.540312 0.144219 -0.428594
v 0.166562 -0.550469 -0.396094
v 0.000000 -0.499687 -0.499688
v 0.213281 -0.371719 -0.558594
v 0.000000 -0.351406 -0.611406
v 0.304688 -0.164531 -0.109688
v 0.000000 -0.164531 -0.318906
v 0.304688 0.038594 -0.109687
v 0.000000 0.038594 -0.318906
v 0.654062 -0.067031 0.083281
v 0.000000 -0.067031 0.083281
v 0.459062 -0.067031 0.493594
v 0.000000 -0.067031 0.676406
v 0.304688 0.038594 -0.109687
v 0.304688 0.038594 0.109687
v 0.304688 -0.164531 -0.109688
v 0.304688 -0.164531 0.109687
v 0.550469 0.016250 0.322969
v 0.465156 0.016250 0.365625
v 0.556562 0.016250 0.394062
v 0.509844 0.016250 0.450937
v 0.304688 0.038594 -0.109687
v 0.000000 0.038594 -0.318906
v 0.304688 0.038594 0.109687
v 0.000000 0.038594 0.318906
v 0.304688 0.038594 0.109687
v 0.000000 0.038594 0.318906
v 0.304688 -0.164531 0.109687
v 0.000000 -0.164531 0.318906
v 0.420469 0.016250 0.282344
v 0.465156 0.016250 0.365625
v 0.493594 0.016250 0.274219
v 0.550469 0.016250 0.322969
v 0.509844 0.016250 0.450937
v 0.465156 0.016250 0.365625
v 0.436719 0.016250 0.457031
v 0.379844 0.016250 0.410312
v 0.379844 0.016250 0.410312
v 0.465156 0.016250 0.365625
v 0.373750 0.016250 0.339219
v 0.420469 0.016250 0.282344
v 0.493594 0.016250 0.274219
v 0.550469 0.016250 0.322969
v 0.493594 -0.071094 0.274219
v 0.550469 -0.071094 0.322969
v 0.550469 -0.071094 0.322969
v 0.556562 0.016250 0.394062
v 0.526094 -0.071094 0.418437
v 0.509844 0.016250 0.450937
v 0.526094 -0.071094 0.418437
v 0.509844 0.016250 0.450937
v 0.436719 -0.071094 0.457031
v 0.436719 0.016250 0.457031
v 0.369687 -0.026406 0.111719
v 0.394062 -0.040625 0.132031
v 0.375781 -0.067031 0.103594
v 0.396094 -0.067031 0.130000
v 0.343281 -0.002031 0.148281
v 0.327031 -0.040625 0.097500
v 0.292500 -0.069063 0.130000
v 0.327031 -0.067031 0.095469
v 0.327031 -0.067031 0.095469
v 0.327031 -0.040625 0.097500
v 0.375781 -0.067031 0.103594
v 0.369687 -0.026406 0.111719
v 0.359531 -0.192969 -0.408281
v 0.473281 -0.262031 -0.174688
v 0.247812 -0.322969 -0.408281
v 0.325000 -0.430625 -0.174688
v 0.107656 -0.002031 0.359531
v 0.121875 -0.026406 0.402187
v 0.205156 -0.002031 0.312812
v 0.231562 -0.026406 0.349375
v 0.000000 -0.026406 0.428594
v 0.121875 -0.026406 0.402187
v 0.000000 -0.002031 0.381875
v 0.107656 -0.002031 0.359531
v 0.162500 0.331094 0.178750
v 0.158437 0.402187 0.148281
v 0.134062 0.331094 0.166563
v 0.130000 0.331094 0.136094
v 0.182812 0.331094 0.127969
v 0.158437 0.402187 0.148281
v 0.186875 0.331094 0.158438
v 0.162500 0.331094 0.178750
v 0.247812 -0.322969 -0.408281
v 0.325000 -0.430625 -0.174688
v 0.095469 -0.396094 -0.408281
v 0.121875 -0.526094 -0.174688
v -0.304688 -0.067031 0.093437
v -0.304688 0.154375 0.093438
v -0.692656 -0.000000 0.093437
v -0.670312 0.178750 0.095469
v -0.455000 0.260000 0.093438
v -0.635781 0.260000 0.095469
v 0.121875 -0.526094 0.174687
v 0.325000 -0.430625 0.174687
v 0.095469 -0.396094 0.408281
v 0.247812 -0.322969 0.408281
v 0.473281 -0.262031 0.174687
v 0.359531 -0.192969 0.408281
v 0.243750 -0.067031 0.207187
v 0.188906 -0.071094 0.260000
v 0.288437 -0.002031 0.239687
v 0.205156 -0.002031 0.312812
v 0.091406 -0.067031 0.306719
v 0.107656 -0.002031 0.359531
v 0.000000 -0.069063 0.329062
v 0.000000 -0.002031 0.381875
v 0.396094 -0.067031 0.164531
v 0.385937 -0.026406 0.162500
v 0.339219 -0.067031 0.255937
v 0.322969 -0.026406 0.266094
v 0.343281 -0.002031 0.148281
v 0.288437 -0.002031 0.239687
v 0.292500 -0.069063 0.130000
v 0.243750 -0.067031 0.207187
v 0.339219 -0.067031 0.255937
v 0.322969 -0.026406 0.266094
v 0.237656 -0.067031 0.357500
v 0.231562 -0.026406 0.349375
v 0.288437 -0.002031 0.239687
v 0.205156 -0.002031 0.312812
v 0.231562 -0.026406 0.349375
v 0.121875 -0.026406 0.402187
v 0.237656 -0.067031 0.357500
v 0.123906 -0.067031 0.410312
v 0.000000 -0.026406 0.428594
v 0.000000 -0.067031 0.436719
v 0.396094 -0.067031 0.130000
v 0.394062 -0.040625 0.132031
v 0.396094 -0.067031 0.164531
v 0.385937 -0.026406 0.162500
v 0.369687 -0.026406 0.111719
v 0.343281 -0.002031 0.148281
v 0.327031 -0.040625 0.097500
v 0.493594 -0.071094 0.274219
v 0.420469 -0.071094 0.282344
v 0.493594 0.016250 0.274219
v 0.420469 0.016250 0.282344
v 0.373750 -0.071094 0.339219
v 0.373750 0.016250 0.339219
v 0.373750 -0.071094 0.339219
v 0.379844 -0.071094 0.410312
v 0.373750 0.016250 0.339219
v 0.379844 0.016250 0.410312
v 0.436719 -0.071094 0.457031
v 0.436719 0.016250 0.457031
v 0.692656 0.000000 -0.093437
v 0.609375 -0.162500 -0.310781
v 0.654062 0.000000 -0.247812
v 0.459062 -0.190937 -0.497656
v 0.471250 -0.327031 -0.396094
v 0.213281 -0.371719 -0.558594
v 0.408281 0.408281 -0.396094
v 0.487500 0.304688 -0.396094
v 0.304688 0.174688 -0.609375
v 0.540312 0.144219 -0.428594
v 0.574844 0.306719 -0.247812
v 0.631719 0.168594 -0.247812
v 0.000000 0.000000 -0.704844
v 0.000000 0.182813 -0.682500
v 0.182812 0.000000 -0.682500
v 0.304688 0.174688 -0.609375
v 0.213281 0.371719 -0.558594
v 0.408281 0.408281 -0.396094
v 0.000000 0.576875 -0.396094
v 0.148281 0.558594 -0.396094
v 0.000000 0.499688 -0.499687
v 0.213281 0.371719 -0.558594
v 0.288437 0.499688 -0.396094
v 0.408281 0.408281 -0.396094
v 0.682500 -0.182812 -0.000000
v 0.692656 0.000000 -0.093437
v 0.692656 -0.000000 0.093437
v 0.670312 0.178750 0.095469
v 0.670312 0.178750 -0.095469
v 0.635781 0.260000 -0.095469
v 0.605312 -0.327031 0.109687
v 0.609375 -0.162500 0.310781
v 0.568750 -0.327031 0.247812
v 0.471250 -0.327031 0.396094
v 0.396094 -0.162500 0.558594
v 0.260000 -0.339219 0.558594
v 0.000000 -0.611406 0.351406
v 0.166562 -0.550469 0.396094
v 0.000000 -0.499688 0.499687
v 0.260000 -0.339219 0.558594
v 0.347344 -0.452969 0.396094
v 0.471250 -0.327031 0.396094
v 0.166562 -0.656094 -0.190938
v 0.217344 -0.645938 -0.156406
v 0.000000 -0.682500 -0.182813
v 0.000000 -0.704844 -0.000000
v 0.217344 -0.645938 0.156406
v 0.000000 -0.682500 0.182812
v 0.166562 -0.656094 0.190937
v 0.615469 -0.000000 0.093437
v 0.491562 -0.000000 0.375781
v 0.654062 -0.000000 0.247812
v 0.611406 -0.000000 0.351406
v 0.499687 -0.000000 0.499687
v 0.654062 0.000000 -0.247812
v 0.631719 0.168594 -0.247812
v 0.593125 0.000000 -0.247812
v 0.522031 0.278281 -0.247812
v 0.574844 0.306719 -0.247812
v 0.000000 -0.000000 0.619531
v 0.229531 -0.000000 0.570781
v 0.000000 -0.081250 0.619531
v 0.229531 -0.081250 0.570781
v 0.491562 -0.000000 0.375781
v 0.491562 -0.081250 0.375781
v 0.213281 -0.371719 -0.558594
v 0.278281 -0.213281 -0.609375
v 0.459062 -0.190937 -0.497656
v 0.351406 0.000000 -0.611406
v 0.182812 0.000000 -0.682500
v 0.260000 -0.339219 0.558594
v 0.000000 -0.351406 0.611406
v 0.000000 -0.499688 0.499687
v -0.260000 -0.339219 0.558594
v 0.000000 -0.182813 0.682500
v -0.396094 -0.162500 0.558594
v -0.359531 -0.192969 -0.408281
v -0.247812 -0.322969 -0.408281
v -0.473281 -0.262031 -0.174688
v -0.325000 -0.430625 -0.174688
v -0.095469 -0.396094 -0.408281
v -0.121875 -0.526094 -0.174688
v -0.121875 -0.526094 -0.174688
v -0.121875 -0.526094 0.174687
v -0.325000 -0.430625 -0.174688
v -0.325000 -0.430625 0.174687
v -0.095469 -0.396094 0.408281
v -0.247812 -0.322969 0.408281
v -0.325000 -0.430625 -0.174688
v -0.325000 -0.430625 0.174687
v -0.473281 -0.262031 -0.174688
v -0.473281 -0.262031 0.174687
v -0.247812 -0.322969 0.408281
v -0.359531 -0.192969 0.408281
v -0.091406 -0.067031 0.306719
v -0.107656 -0.002031 0.359531
v 0.000000 -0.069063 0.329062
v 0.000000 -0.002031 0.381875
v -0.121875 -0.026406 0.402187
v 0.000000 -0.026406 0.428594
v -0.123906 -0.067031 0.410312
v 0.000000 -0.067031 0.436719
v -0.107656 -0.002031 0.359531
v -0.205156 -0.002031 0.312812
v -0.121875 -0.026406 0.402187
v -0.231562 -0.026406 0.349375
v -0.288437 -0.002031 0.239687
v -0.322969 -0.026406 0.266094
v -0.343281 -0.002031 0.148281
v -0.385937 -0.026406 0.162500
v -0.231562 -0.026406 0.349375
v -0.322969 -0.026406 0.266094
v -0.237656 -0.067031 0.357500
v -0.339219 -0.067031 0.255937
v -0.385937 -0.026406 0.162500
v -0.396094 -0.067031 0.164531
v -0.396094 -0.067031 0.130000
v -0.394062 -0.040625 0.132031
v -0.375781 -0.067031 0.103594
v -0.369687 -0.026406 0.111719
v -0.385937 -0.026406 0.162500
v -0.343281 -0.002031 0.148281
v -0.327031 -0.067031 0.095469
v -0.327031 -0.040625 0.097500
v -0.292500 -0.069063 0.130000
v -0.343281 -0.002031 0.148281
v -0.369687 -0.026406 0.111719
v -0.509844 0.016250 0.450937
v -0.556562 0.016250 0.394062
v -0.526094 -0.071094 0.418437
v -0.550469 -0.071094 0.322969
v -0.550469 0.016250 0.322969
v -0.692656 0.000000 -0.093437
v -0.654062 0.000000 -0.247812
v -0.609375 -0.162500 -0.310781
v -0.459062 -0.190937 -0.497656
v -0.499687 0.000000 -0.499687
v -0.351406 0.000000 -0.611406
v 0.000000 0.000000 -0.704844
v -0.182812 0.000000 -0.682500
v 0.000000 0.182813 -0.682500
v -0.304688 0.174688 -0.609375
v -0.351406 0.000000 -0.611406
v -0.605312 -0.327031 -0.109688
v -0.609375 -0.162500 -0.310781
v -0.568750 -0.327031 -0.247813
v -0.471250 -0.327031 -0.396094
v -0.459062 -0.190937 -0.497656
v -0.213281 -0.371719 -0.558594
v 0.000000 0.182813 -0.682500
v -0.213281 0.371719 -0.558594
v 0.000000 0.351406 -0.611406
v 0.000000 0.499688 -0.499687
v -0.148281 0.558594 -0.396094
v 0.000000 0.576875 -0.396094
v 0.000000 -0.000000 0.704844
v -0.182812 -0.000000 0.682500
v 0.000000 -0.182813 0.682500
v -0.396094 -0.162500 0.558594
v -0.351406 -0.000000 0.611406
v -0.654062 -0.000000 0.247812
v -0.609375 -0.162500 0.310781
v -0.611406 -0.000000 0.351406
v -0.396094 -0.162500 0.558594
v -0.471250 -0.327031 0.396094
v -0.260000 -0.339219 0.558594
v -0.692656 0.000000 -0.093437
v -0.670312 0.178750 0.095469
v -0.670312 0.178750 -0.095469
v -0.635781 0.260000 -0.095469
v -0.635781 0.260000 0.095469
v 0.000000 -0.351406 -0.611406
v -0.213281 -0.371719 -0.558594
v 0.000000 -0.182812 -0.682500
v -0.278281 -0.213281 -0.609375
v -0.459062 -0.190937 -0.497656
v -0.351406 0.000000 -0.611406
v -0.499687 -0.000000 0.499687
v -0.351406 -0.000000 0.611406
v -0.491562 -0.000000 0.375781
v -0.229531 -0.000000 0.570781
v -0.182812 -0.000000 0.682500
v 0.000000 -0.000000 0.619531
v 0.121875 -0.526094 -0.174688
v 0.325000 -0.430625 -0.174688
v 0.121875 -0.526094 0.174687
v 0.325000 -0.430625 0.174687
v 0.473281 -0.262031 -0.174688
v 0.473281 -0.262031 0.174687
v -0.471250 -0.327031 -0.396094
v -0.347344 -0.452969 -0.396094
v -0.316875 -0.255937 -0.398125
v -0.117812 -0.390000 -0.398125
v -0.166562 -0.550469 -0.396094
v 0.000000 0.036562 0.264062
v 0.227500 0.036562 0.132031
v 0.000000 0.162500 0.156406
v 0.134062 0.162500 0.077188
v 0.227500 0.036563 -0.132031
v 0.134062 0.162500 -0.077187
v 0.000000 0.036563 -0.264062
v 0.000000 0.162500 -0.156406
v 0.000000 0.190938 -0.257969
v -0.081250 0.190938 -0.217344
v 0.000000 0.237656 -0.237656
v -0.099531 0.260000 -0.195000
v -0.134062 0.170625 -0.121875
v -0.150312 0.325000 -0.148281
v 0.140156 0.266094 0.140156
v 0.144219 0.266094 0.158438
v 0.130000 0.331094 0.136094
v 0.134062 0.331094 0.166563
v 0.160469 0.266094 0.166563
v 0.162500 0.331094 0.178750
v 0.174687 0.266094 0.154375
v 0.186875 0.331094 0.158438
v 0.172656 0.266094 0.136094
v 0.182812 0.331094 0.127969
v 0.156406 0.266094 0.130000
v 0.154375 0.331094 0.115781
v 0.121875 0.113750 0.134063
v 0.158437 0.040625 0.148281
v 0.127969 0.113750 0.172656
v 0.164531 0.113750 0.184844
v 0.195000 0.113750 0.160469
v 0.087344 0.329062 0.233594
v 0.138125 0.300625 0.180781
v 0.069063 0.414375 0.186875
v 0.125937 0.414375 0.138125
v 0.158437 0.300625 0.162500
v -0.085313 0.329062 0.233594
v -0.067031 0.414375 0.186875
v -0.136094 0.300625 0.180781
v -0.125937 0.414375 0.138125
v -0.036562 0.469219 0.099531
v -0.071094 0.469219 0.077188
v -0.085313 0.329062 0.233594
v -0.136094 0.300625 0.180781
v -0.085313 0.316875 0.205156
v -0.136094 0.288437 0.152344
v -0.158437 0.300625 0.162500
v -0.158437 0.288437 0.146250
v 0.000000 0.272188 -0.268125
v -0.097500 0.329063 -0.225469
v 0.000000 0.450938 -0.268125
v -0.097500 0.404219 -0.225469
v -0.140156 0.276250 -0.154375
v 0.158437 0.448906 -0.150312
v 0.142187 0.276250 -0.154375
v 0.119844 0.467188 -0.201094
v 0.097500 0.404219 -0.225469
v 0.099531 0.329063 -0.225469
v -0.225469 0.444844 0.095469
v -0.243750 0.455000 0.073125
v -0.227500 0.316875 0.099531
v -0.266094 0.286406 0.000000
v -0.266094 0.479375 0.000000
v -0.243750 0.455000 -0.073125
v -0.121875 0.292500 0.091406
v -0.154375 0.316875 0.067031
v -0.105625 0.428594 0.099531
v -0.154375 0.444844 0.065000
v -0.180781 0.286406 0.000000
v -0.180781 0.479375 0.000000
v -0.243750 0.455000 -0.073125
v -0.154375 0.444844 -0.065000
v -0.225469 0.444844 -0.095469
v -0.156406 0.428594 -0.148281
v -0.105625 0.428594 -0.099531
v -0.121875 0.292500 -0.091406
v -0.154375 0.316875 -0.067031
v -0.174687 0.290469 -0.136094
v -0.227500 0.316875 -0.099531
v -0.180781 0.286406 0.000000
v -0.266094 0.286406 0.000000
v 0.225469 0.434688 -0.095469
v 0.253906 0.448906 -0.048750
v 0.225469 0.316875 -0.099531
v 0.268125 0.286406 0.000000
v 0.268125 0.479375 0.000000
v 0.253906 0.448906 0.048750
v 0.109687 0.284375 -0.097500
v 0.152344 0.316875 -0.067031
v 0.107656 0.418438 -0.099531
v 0.164531 0.440781 -0.048750
v 0.182812 0.286406 0.000000
v 0.182812 0.479375 0.000000
v 0.253906 0.448906 0.048750
v 0.164531 0.440781 0.048750
v 0.225469 0.434687 0.095469
v 0.158437 0.414375 0.148281
v 0.107656 0.418437 0.099531
v 0.251875 0.160469 0.002031
v 0.209219 0.197031 -0.077187
v 0.225469 0.325000 0.002031
v 0.199062 0.322969 -0.095469
v 0.134062 0.174688 -0.123906
v 0.144219 0.325000 -0.142187
v 0.231562 0.097500 0.038594
v 0.209219 0.197031 0.083281
v 0.178750 0.081250 0.099531
v 0.134062 0.174687 0.132031
v 0.199062 0.322969 0.101563
v 0.144219 0.325000 0.150313
v 0.199062 0.322969 0.101563
v 0.209219 0.197031 0.083281
v 0.225469 0.325000 0.002031
v 0.251875 0.160469 0.002031
v 0.231562 0.097500 0.038594
v 0.235625 0.097500 0.002031
v -0.034531 0.097500 0.235625
v 0.000000 0.097500 0.241719
v 0.000000 0.160469 0.257969
v 0.032500 0.097500 0.235625
v 0.000000 0.040625 0.257969
v 0.048750 0.040625 0.251875
v -0.050781 0.040625 0.251875
v -0.034531 0.097500 0.235625
v -0.046719 0.060937 0.213281
v -0.091406 0.093437 0.160469
v -0.081250 0.199062 0.213281
v -0.127969 0.150312 0.121875
v 0.000000 0.686562 -0.022344
v 0.000000 0.694687 0.000000
v 0.018281 0.686562 -0.010156
v 0.018281 0.686562 0.010156
v 0.000000 0.686562 0.022344
v 0.036562 0.623594 0.020313
v 0.000000 0.542344 0.060938
v 0.052812 0.542344 0.030469
v 0.000000 0.578906 0.075156
v 0.065000 0.578906 0.036563
v 0.052812 0.542344 -0.030469
v 0.065000 0.578906 -0.036562
v 0.000000 0.542344 -0.060937
v 0.000000 0.578906 -0.075156
v 0.000000 0.578906 0.075156
v 0.065000 0.578906 0.036563
v 0.000000 0.623594 0.042656
v 0.036562 0.623594 0.020313
v 0.065000 0.578906 -0.036562
v 0.036562 0.623594 -0.020312
v 0.000000 0.578906 -0.075156
v 0.000000 0.623594 -0.042656
v 0.036562 0.623594 0.020313
v 0.036562 0.623594 -0.020312
v 0.018281 0.686562 0.010156
v 0.018281 0.686562 -0.010156
v 0.000000 0.623594 -0.042656
v 0.000000 0.686562 -0.022344
v -0.166562 0.400156 -0.095469
v -0.166562 0.400156 0.095469
v -0.071094 0.469219 -0.040625
v -0.071094 0.469219 0.040625
v 0.000000 0.400156 0.192969
v 0.000000 0.469219 0.083281
v 0.000000 0.469219 -0.083281
v -0.071094 0.469219 -0.040625
v 0.000000 0.542344 -0.060937
v -0.052812 0.542344 -0.030469
v -0.071094 0.469219 0.040625
v -0.052812 0.542344 0.030469
v 0.000000 0.469219 0.083281
v 0.000000 0.542344 0.060938
v -0.052812 0.542344 -0.030469
v -0.065000 0.578906 -0.036562
v 0.000000 0.542344 -0.060937
v 0.000000 0.578906 -0.075156
v -0.036562 0.623594 -0.020312
v 0.000000 0.623594 -0.042656
v 0.000000 0.542344 0.060938
v 0.000000 0.578906 0.075156
v -0.052812 0.542344 0.030469
v -0.065000 0.578906 0.036563
v 0.000000 0.623594 0.042656
v -0.036562 0.623594 0.020313
v -0.052812 0.542344 0.030469
v -0.065000 0.578906 0.036563
v -0.052812 0.542344 -0.030469
v -0.065000 0.578906 -0.036562
v -0.036562 0.623594 0.020313
v -0.036562 0.623594 -0.020312
v -0.152344 0.113750 0.109688
v -0.188906 0.113750 0.123906
v -0.156406 0.266094 0.130000
v -0.172656 0.266094 0.136094
v -0.195000 0.113750 0.160469
v -0.174687 0.266094 0.154375
v -0.164531 0.113750 0.184844
v -0.160469 0.266094 0.166563
v -0.127969 0.113750 0.172656
v -0.144219 0.266094 0.158438
v -0.121875 0.113750 0.134063
v -0.140156 0.266094 0.140156
v -0.160469 0.266094 0.166563
v -0.162500 0.331094 0.178750
v -0.174687 0.266094 0.154375
v -0.186875 0.331094 0.158438
v -0.158437 0.402187 0.148281
v -0.182812 0.331094 0.127969
v -0.152344 0.113750 0.109688
v -0.158437 0.040625 0.148281
v -0.188906 0.113750 0.123906
v -0.195000 0.113750 0.160469
v -0.164531 0.113750 0.184844
v -0.140156 0.266094 -0.140156
v -0.144219 0.266094 -0.158437
v -0.130000 0.331094 -0.136094
v -0.134062 0.331094 -0.166562
v -0.160469 0.266094 -0.166562
v -0.162500 0.331094 -0.178750
v -0.174687 0.266094 -0.154375
v -0.186875 0.331094 -0.158437
v -0.172656 0.266094 -0.136094
v -0.182812 0.331094 -0.127969
v -0.156406 0.266094 -0.130000
v -0.154375 0.331094 -0.115781
v -0.121875 0.113750 -0.134062
v -0.158437 0.040625 -0.148281
v -0.127969 0.113750 -0.172656
v -0.164531 0.113750 -0.184844
v -0.195000 0.113750 -0.160469
v 0.152344 0.113750 -0.109687
v 0.188906 0.113750 -0.123906
v 0.156406 0.266094 -0.130000
v 0.172656 0.266094 -0.136094
v 0.195000 0.113750 -0.160469
v 0.174687 0.266094 -0.154375
v 0.164531 0.113750 -0.184844
v 0.160469 0.266094 -0.166562
v 0.127969 0.113750 -0.172656
v 0.144219 0.266094 -0.158437
v 0.121875 0.113750 -0.134062
v 0.140156 0.266094 -0.140156
v 0.160469 0.266094 -0.166562
v 0.162500 0.331094 -0.178750
v 0.174687 0.266094 -0.154375
v 0.186875 0.331094 -0.158437
v 0.158437 0.402188 -0.148281
v 0.182812 0.331094 -0.127969
v 0.152344 0.113750 -0.109687
v 0.158437 0.040625 -0.148281
v 0.188906 0.113750 -0.123906
v 0.195000 0.113750 -0.160469
v 0.164531 0.113750 -0.184844
v -0.349251 -0.453820 -0.396094
v -0.471126 -0.327883 -0.396094
v -0.440658 -0.303508 -0.398125
v -0.166439 -0.549289 -0.396094
v -0.349251 -0.453820 -0.396094
v -0.154251 -0.348195 -0.398125
v -0.566595 -0.327883 -0.247812
v -0.507689 -0.474133 -0.109688
v -0.605189 -0.327883 -0.109687
v -0.349251 -0.453820 0.396094
v -0.440658 -0.303508 0.398125
v -0.471126 -0.327883 0.396094
v -0.465033 -0.303508 0.335156
v -0.471126 -0.327883 0.396094
v -0.440658 -0.303508 0.398125
v -0.566595 -0.327883 0.247812
v -0.605189 -0.327883 0.109687
v -0.507689 -0.474133 0.109687
v -0.471126 -0.327883 0.396094
v -0.566595 -0.327883 0.247812
v -0.412220 -0.535070 0.182812
v -0.507689 -0.474133 0.109687
v -0.507689 -0.474133 -0.109688
v -0.353314 -0.610226 -0.000000
v -0.507689 -0.474133 0.109687
v -0.412220 -0.535070 0.182812
v -0.217220 -0.644758 -0.156406
v -0.198939 -0.600070 -0.148281
v -0.217220 -0.644758 0.156406
v -0.198939 -0.600070 0.148281
v -0.156283 -0.352258 0.335156
v -0.154251 -0.348195 0.398125
v -0.154251 -0.531008 0.335156
v -0.166439 -0.549289 0.396094
v -0.198939 -0.600070 0.148281
v -0.154251 -0.604133 0.174687
v -0.217220 -0.644758 0.156406
v -0.166439 -0.656945 0.190937
v -0.562533 -0.303508 0.101562
v -0.471126 -0.437570 0.101562
v -0.605189 -0.327883 0.109687
v -0.507689 -0.474133 0.109687
v -0.465033 -0.303508 0.335156
v -0.237533 -0.303508 0.335156
v -0.154251 -0.531008 0.335156
v -0.156283 -0.352258 0.335156
v -0.154251 -0.604133 0.174687
v -0.154251 -0.531008 0.335156
v -0.166439 -0.656945 0.190937
v -0.166439 -0.549289 0.396094
v -0.154251 -0.531008 -0.335156
v -0.465033 -0.303508 -0.335156
v -0.154251 -0.604133 -0.174688
v -0.198939 -0.600070 -0.148281
v -0.198939 -0.600070 -0.148281
v -0.465033 -0.303508 -0.335156
v -0.471126 -0.437570 -0.101563
v -0.562533 -0.303508 -0.101562
v -0.471126 -0.327883 -0.396094
v -0.412220 -0.535070 -0.182813
v -0.566595 -0.327883 -0.247812
v -0.507689 -0.474133 -0.109688
v -0.166439 -0.549289 0.396094
v -0.349251 -0.453820 0.396094
v -0.412220 -0.535070 0.182812
v -0.471126 -0.327883 0.396094
v -0.217220 -0.644758 0.156406
v -0.166439 -0.656945 0.190937
v -0.412220 -0.535070 0.182812
v -0.166439 -0.549289 0.396094
v -0.217220 -0.644758 -0.156406
v -0.412220 -0.535070 -0.182813
v -0.166439 -0.656945 -0.190938
v -0.166439 -0.549289 -0.396094
v -0.217220 -0.644758 -0.156406
v -0.353314 -0.610226 -0.000000
v -0.412220 -0.535070 -0.182813
v -0.507689 -0.474133 -0.109688
v -0.156283 -0.352258 -0.335156
v -0.154251 -0.531008 -0.335156
v -0.154251 -0.348195 -0.398125
v -0.166439 -0.549289 -0.396094
v -0.198939 -0.600070 -0.148281
v -0.217220 -0.644758 -0.156406
v -0.154251 -0.604133 -0.174688
v -0.166439 -0.656945 -0.190938
v -0.562533 -0.303508 -0.101562
v -0.605189 -0.327883 -0.109687
v -0.471126 -0.437570 -0.101563
v -0.507689 -0.474133 -0.109688
v -0.507689 -0.474133 -0.109688
v -0.507689 -0.474133 0.109687
v -0.471126 -0.437570 -0.101563
v -0.471126 -0.437570 0.101562
v -0.154251 -0.348195 -0.398125
v -0.349251 -0.453820 -0.396094
v -0.231439 -0.303508 -0.398125
v -0.440658 -0.303508 -0.398125
v -0.154251 -0.348195 -0.398125
v -0.231439 -0.303508 -0.398125
v -0.156283 -0.352258 -0.335156
v -0.237533 -0.303508 -0.335156
v -0.154251 -0.604133 -0.174688
v -0.166439 -0.656945 -0.190938
v -0.154251 -0.531008 -0.335156
v -0.166439 -0.549289 -0.396094
v -0.465033 -0.303508 -0.335156
v -0.154251 -0.531008 -0.335156
v -0.237533 -0.303508 -0.335156
v -0.156283 -0.352258 -0.335156
v -0.198939 -0.600070 -0.148281
v -0.471126 -0.437570 -0.101563
v -0.198939 -0.600070 0.148281
v -0.471126 -0.437570 0.101562
v -0.154251 -0.348195 0.398125
v -0.156283 -0.352258 0.335156
v -0.231439 -0.303508 0.398125
v -0.237533 -0.303508 0.335156
v -0.154251 -0.531008 0.335156
v -0.154251 -0.604133 0.174687
v -0.465033 -0.303508 0.335156
v -0.198939 -0.600070 0.148281
v -0.231439 -0.303508 0.398125
v -0.237533 -0.303508 0.335156
v -0.440658 -0.303508 0.398125
v -0.465033 -0.303508 0.335156
v -0.412220 -0.535070 0.182812
v -0.353314 -0.610226 -0.000000
v -0.217220 -0.644758 0.156406
v -0.217220 -0.644758 -0.156406
v -0.166439 -0.549289 -0.396094
v -0.412220 -0.535070 -0.182813
v -0.349251 -0.453820 -0.396094
v -0.471126 -0.327883 -0.396094
v -0.198939 -0.600070 0.148281
v -0.471126 -0.437570 0.101562
v -0.465033 -0.303508 0.335156
v -0.562533 -0.303508 0.101562
v -0.440658 -0.303508 0.398125
v -0.349251 -0.453820 0.396094
v -0.231439 -0.303508 0.398125
v -0.154251 -0.348195 0.398125
v -0.166439 -0.549289 0.396094
v -0.231439 -0.303508 -0.398125
v -0.440658 -0.303508 -0.398125
v -0.237533 -0.303508 -0.335156
v -0.465033 -0.303508 -0.335156
v -0.471126 -0.327883 -0.396094
v -0.471126 -0.327883 -0.396094
v -0.566595 -0.327883 -0.247812
v -0.465033 -0.303508 -0.335156
v -0.562533 -0.303508 -0.101562
v -0.605189 -0.327883 -0.109687
v -0.605189 -0.327883 0.109687
v -0.566595 -0.327883 0.247812
v -0.562533 -0.303508 0.101562
v -0.465033 -0.303508 0.335156
v -0.471126 -0.327883 0.396094
v 0.560501 -0.303508 -0.101562
v 0.603158 -0.327883 -0.109687
v 0.566595 -0.327883 -0.247812
v 0.469095 -0.327883 -0.396094
v 0.440658 -0.303508 -0.398125
v 0.463001 -0.303508 -0.335156
v 0.566595 -0.327883 0.247812
v 0.463001 -0.303508 0.335156
v 0.469095 -0.327883 0.396094
v 0.347220 -0.453820 -0.396094
v 0.440658 -0.303508 -0.398125
v 0.469095 -0.327883 -0.396094
v 0.566595 -0.327883 -0.247812
v 0.603158 -0.327883 -0.109687
v 0.505658 -0.474133 -0.109688
v 0.347220 -0.453820 0.396094
v 0.469095 -0.327883 0.396094
v 0.440658 -0.303508 0.398125
v 0.166439 -0.549289 0.396094
v 0.347220 -0.453820 0.396094
v 0.152220 -0.348195 0.398125
v 0.566595 -0.327883 0.247812
v 0.505658 -0.474133 0.109687
v 0.603158 -0.327883 0.109687
v 0.215189 -0.644758 -0.156406
v 0.215189 -0.644758 0.156406
v 0.196908 -0.600070 -0.148281
v 0.196908 -0.600070 0.148281
v 0.560501 -0.303508 0.101562
v 0.603158 -0.327883 0.109687
v 0.469095 -0.437570 0.101562
v 0.505658 -0.474133 0.109687
v 0.463001 -0.303508 0.335156
v 0.566595 -0.327883 0.247812
v 0.560501 -0.303508 0.101562
v 0.603158 -0.327883 0.109687
v 0.152220 -0.348195 0.398125
v 0.347220 -0.453820 0.396094
v 0.229408 -0.303508 0.398125
v 0.440658 -0.303508 0.398125
v 0.154251 -0.352258 0.335156
v 0.235501 -0.303508 0.335156
v 0.152220 -0.531008 0.335156
v 0.463001 -0.303508 0.335156
v 0.152220 -0.604133 0.174687
v 0.166439 -0.656945 0.190937
v 0.152220 -0.531008 0.335156
v 0.166439 -0.549289 0.396094
v 0.229408 -0.303508 -0.398125
v 0.235501 -0.303508 -0.335156
v 0.440658 -0.303508 -0.398125
v 0.463001 -0.303508 -0.335156
v 0.152220 -0.531008 -0.335156
v 0.152220 -0.604133 -0.174688
v 0.463001 -0.303508 -0.335156
v 0.196908 -0.600070 -0.148281
v 0.196908 -0.600070 -0.148281
v 0.469095 -0.437570 -0.101563
v 0.463001 -0.303508 -0.335156
v 0.560501 -0.303508 -0.101562
v 0.469095 -0.327883 -0.396094
v 0.566595 -0.327883 -0.247812
v 0.410189 -0.535070 -0.182813
v 0.505658 -0.474133 -0.109688
v 0.154251 -0.352258 0.335156
v 0.152220 -0.531008 0.335156
v 0.152220 -0.348195 0.398125
v 0.166439 -0.549289 0.396094
v 0.196908 -0.600070 0.148281
v 0.215189 -0.644758 0.156406
v 0.152220 -0.604133 0.174687
v 0.166439 -0.656945 0.190937
v 0.215189 -0.644758 -0.156406
v 0.166439 -0.656945 -0.190938
v 0.410189 -0.535070 -0.182813
v 0.166439 -0.549289 -0.396094
v 0.215189 -0.644758 -0.156406
v 0.410189 -0.535070 -0.182813
v 0.351283 -0.610226 -0.000000
v 0.505658 -0.474133 -0.109688
v 0.154251 -0.352258 -0.335156
v 0.152220 -0.348195 -0.398125
v 0.152220 -0.531008 -0.335156
v 0.166439 -0.549289 -0.396094
v 0.196908 -0.600070 -0.148281
v 0.152220 -0.604133 -0.174688
v 0.215189 -0.644758 -0.156406
v 0.166439 -0.656945 -0.190938
v 0.560501 -0.303508 -0.101562
v 0.566595 -0.327883 -0.247812
v 0.463001 -0.303508 -0.335156
v 0.469095 -0.327883 -0.396094
v 0.560501 -0.303508 -0.101562
v 0.469095 -0.437570 -0.101563
v 0.603158 -0.327883 -0.109687
v 0.505658 -0.474133 -0.109688
v 0.505658 -0.474133 -0.109688
v 0.469095 -0.437570 -0.101563
v 0.505658 -0.474133 0.109687
v 0.469095 -0.437570 0.101562
v 0.152220 -0.348195 -0.398125
v 0.154251 -0.352258 -0.335156
v 0.229408 -0.303508 -0.398125
v 0.235501 -0.303508 -0.335156
v 0.152220 -0.604133 -0.174688
v 0.152220 -0.531008 -0.335156
v 0.166439 -0.656945 -0.190938
v 0.166439 -0.549289 -0.396094
v 0.463001 -0.303508 -0.335156
v 0.235501 -0.303508 -0.335156
v 0.152220 -0.531008 -0.335156
v 0.154251 -0.352258 -0.335156
v 0.505658 -0.474133 -0.109688
v 0.505658 -0.474133 0.109687
v 0.351283 -0.610226 -0.000000
v 0.410189 -0.535070 0.182812
v 0.215189 -0.644758 0.156406
v 0.410189 -0.535070 0.182812
v 0.166439 -0.656945 0.190937
v 0.166439 -0.549289 0.396094
v 0.166439 -0.549289 0.396094
v 0.410189 -0.535070 0.182812
v 0.347220 -0.453820 0.396094
v 0.469095 -0.327883 0.396094
v 0.469095 -0.327883 0.396094
v 0.410189 -0.535070 0.182812
v 0.566595 -0.327883 0.247812
v 0.505658 -0.474133 0.109687
v 0.152220 -0.348195 0.398125
v 0.229408 -0.303508 0.398125
v 0.154251 -0.352258 0.335156
v 0.235501 -0.303508 0.335156
v 0.410189 -0.535070 0.182812
v 0.215189 -0.644758 0.156406
v 0.351283 -0.610226 -0.000000
v 0.215189 -0.644758 -0.156406
v 0.166439 -0.549289 -0.396094
v 0.347220 -0.453820 -0.396094
v 0.410189 -0.535070 -0.182813
v 0.469095 -0.327883 -0.396094
v 0.152220 -0.531008 0.335156
v 0.463001 -0.303508 0.335156
v 0.152220 -0.604133 0.174687
v 0.196908 -0.600070 0.148281
v 0.229408 -0.303508 0.398125
v 0.440658 -0.303508 0.398125
v 0.235501 -0.303508 0.335156
v 0.463001 -0.303508 0.335156
v 0.469095 -0.327883 0.396094
v 0.440658 -0.303508 -0.398125
v 0.347220 -0.453820 -0.396094
v 0.229408 -0.303508 -0.398125
v 0.152220 -0.348195 -0.398125
v 0.166439 -0.549289 -0.396094
v 0.560501 -0.303508 0.101562
v 0.469095 -0.437570 0.101562
v 0.463001 -0.303508 0.335156
v 0.196908 -0.600070 0.148281
v 0.469095 -0.437570 -0.101563
v 0.196908 -0.600070 -0.148281
v 0.087263 0.404046 0.364315
v 0.178669 0.261859 0.370409
v 0.087263 0.261859 0.366347
v 0.182731 0.261859 0.441503
v 0.087263 0.404046 0.441503
v 0.087263 0.261859 0.441503
v 0.507731 0.243578 0.262753
v 0.404137 0.265921 0.404940
v 0.497575 0.265921 0.281034
v 0.034450 0.263890 0.618222
v 0.008044 0.036390 0.480096
v 0.034450 0.036390 0.638534
v 0.146169 0.558421 0.394784
v -0.004144 0.578734 0.394784
v -0.004144 0.499515 0.498378
v 0.182731 0.207015 0.494315
v 0.237575 0.426390 0.427284
v 0.182731 0.261859 0.441503
v -0.004144 0.174515 0.648690
v -0.004144 0.182640 0.681190
v -0.004144 0.353265 0.610097
v 0.548356 0.296390 0.238378
v 0.570700 0.308578 0.246503
v 0.627575 0.170453 0.246503
v -0.004144 0.499515 0.498378
v -0.004144 0.353265 0.610097
v 0.129919 0.324828 0.610097
v 0.170544 0.001859 0.648690
v 0.205075 0.393890 0.500409
v 0.333044 0.001859 0.581659
v 0.178669 0.001859 0.681190
v 0.349294 0.001859 0.610096
v 0.322888 0.135921 0.608065
v 0.493512 0.001859 0.498378
v 0.322888 0.135921 0.608065
v -0.004144 0.182640 0.681190
v 0.178669 0.001859 0.681190
v -0.004144 0.001859 0.703534
v 0.286325 0.501546 0.394784
v 0.146169 0.558421 0.394784
v 0.300544 0.395921 0.496347
v -0.004144 0.499515 0.498378
v -0.004144 0.499515 0.498378
v 0.129919 0.324828 0.610097
v 0.300544 0.395921 0.496347
v 0.322888 0.135921 0.608065
v 0.322888 0.135921 0.608065
v 0.129919 0.324828 0.610097
v -0.004144 0.182640 0.681190
v -0.004144 0.353265 0.610097
v 0.461012 0.296390 0.378534
v 0.483356 0.306546 0.394784
v 0.548356 0.296390 0.238378
v 0.570700 0.308578 0.246503
v 0.649919 0.001859 0.246503
v 0.619450 0.001859 0.238378
v 0.627575 0.170453 0.246503
v 0.548356 0.296390 0.238378
v -0.004144 0.499515 0.498378
v -0.004144 0.477171 0.474003
v -0.004144 0.353265 0.610097
v -0.004144 0.174515 0.648690
v -0.004144 0.003890 0.671034
v -0.004144 0.001859 0.703534
v -0.004144 0.174515 0.648690
v -0.004144 0.182640 0.681190
v 0.170544 0.001859 0.648690
v 0.178669 0.001859 0.681190
v -0.004144 0.003890 0.671034
v -0.004144 0.001859 0.703534
v -0.004144 0.552328 0.378534
v -0.004144 0.578734 0.394784
v 0.138044 0.534046 0.378534
v 0.146169 0.558421 0.394784
v -0.004144 0.552328 0.378534
v -0.004144 0.477171 0.474003
v -0.004144 0.578734 0.394784
v -0.004144 0.499515 0.498378
v 0.138044 0.534046 0.378534
v 0.146169 0.558421 0.394784
v 0.274137 0.479203 0.378534
v 0.286325 0.501546 0.394784
v 0.274137 0.479203 0.378534
v 0.286325 0.501546 0.394784
v 0.387888 0.391859 0.378534
v 0.406169 0.410140 0.394784
v 0.387888 0.391859 0.378534
v 0.406169 0.410140 0.394784
v 0.461012 0.296390 0.378534
v 0.483356 0.306546 0.394784
v 0.034450 0.367484 0.571503
v 0.170544 0.367484 0.492284
v 0.008044 0.367484 0.480097
v 0.176638 0.367484 0.437440
v 0.176638 0.367484 0.437440
v 0.176638 0.036390 0.437440
v 0.008044 0.367484 0.480097
v 0.008044 0.036390 0.480096
v 0.176638 0.367484 0.437440
v 0.170544 0.367484 0.492284
v 0.176638 0.036390 0.437440
v 0.180700 0.036390 0.506503
v 0.034450 0.367484 0.571503
v 0.008044 0.367484 0.480097
v 0.034450 0.263890 0.618222
v 0.008044 0.036390 0.480096
v 0.034450 0.036390 0.638534
v 0.008044 0.036390 0.480096
v 0.180700 0.036390 0.506503
v 0.176638 0.036390 0.437440
v 0.627575 0.170453 0.246503
v 0.570700 0.308578 0.246503
v 0.536169 0.146078 0.427284
v 0.483356 0.306546 0.394784
v 0.322888 0.135921 0.608065
v 0.493512 0.001859 0.498378
v 0.536169 0.146078 0.427284
v 0.607263 0.001859 0.352128
v 0.257888 0.036390 0.492284
v 0.180700 0.036390 0.506503
v 0.257888 0.343109 0.492284
v 0.170544 0.367484 0.492284
v 0.034450 0.036390 0.638534
v 0.280231 0.036390 0.559315
v 0.034450 0.263890 0.618222
v 0.261950 0.343109 0.512597
v 0.034450 0.036390 0.638534
v 0.180700 0.036390 0.506503
v 0.280231 0.036390 0.559315
v 0.257888 0.036390 0.492284
v 0.087263 0.404046 0.441503
v 0.182731 0.261859 0.441503
v 0.125856 0.456859 0.439472
v 0.237575 0.426390 0.427284
v 0.125856 0.456859 0.364315
v 0.087263 0.404046 0.364315
v 0.125856 0.456859 0.439472
v 0.087263 0.404046 0.441503
v 0.237575 0.424359 0.374472
v 0.178669 0.261859 0.370409
v 0.125856 0.456859 0.364315
v 0.087263 0.404046 0.364315
v 0.182731 0.207015 0.494315
v 0.182731 0.261859 0.441503
v 0.182731 0.207015 0.435409
v 0.178669 0.261859 0.370409
v 0.278200 0.355296 0.380565
v 0.278200 0.355296 0.459784
v 0.278200 0.207015 0.431347
v 0.278200 0.207015 0.494315
v 0.087263 0.261859 0.441503
v 0.087263 0.404046 0.441503
v 0.087263 0.261859 0.366347
v 0.087263 0.404046 0.364315
v 0.278200 0.207015 0.431347
v 0.278200 0.207015 0.494315
v 0.182731 0.207015 0.435409
v 0.182731 0.207015 0.494315
v 0.278200 0.355296 0.459784
v 0.278200 0.355296 0.380565
v 0.237575 0.426390 0.427284
v 0.237575 0.424359 0.374472
v 0.087263 0.261859 0.366347
v 0.178669 0.261859 0.370409
v 0.087263 0.261859 0.441503
v 0.182731 0.261859 0.441503
v 0.125856 0.456859 0.439472
v 0.237575 0.426390 0.427284
v 0.125856 0.456859 0.364315
v 0.237575 0.424359 0.374472
v 0.237575 0.426390 0.427284
v 0.182731 0.207015 0.494315
v 0.278200 0.355296 0.459784
v 0.278200 0.207015 0.494315
v 0.434606 0.265921 0.423221
v 0.404137 0.265921 0.404940
v 0.290388 0.265921 0.530878
v 0.263981 0.265921 0.480096
v 0.404137 0.265921 0.404940
v 0.402106 0.020140 0.406971
v 0.263981 0.265921 0.480096
v 0.257888 0.020140 0.482128
v 0.440700 0.020140 0.449628
v 0.288356 0.020140 0.549159
v 0.402106 0.020140 0.406971
v 0.257888 0.020140 0.482128
v 0.288356 0.020140 0.549159
v 0.290388 0.265921 0.530878
v 0.257888 0.020140 0.482128
v 0.263981 0.265921 0.480096
v 0.538200 0.265921 0.313534
v 0.497575 0.265921 0.281034
v 0.434606 0.265921 0.423221
v 0.404137 0.265921 0.404940
v 0.404137 0.265921 0.404940
v 0.507731 0.243578 0.262753
v 0.402106 0.020140 0.406971
v 0.528044 0.020140 0.266815
v 0.528044 0.020140 0.266815
v 0.550388 0.020140 0.303378
v 0.402106 0.020140 0.406971
v 0.440700 0.020140 0.449628
v 0.607263 0.001859 0.352128
v 0.649919 0.001859 0.246503
v 0.536169 0.146078 0.427284
v 0.627575 0.170453 0.246503
v 0.461012 0.296390 0.378534
v 0.205075 0.393890 0.500409
v 0.387888 0.391859 0.378534
v 0.274137 0.479203 0.378534
v -0.004144 0.552328 0.378534
v 0.205075 0.393890 0.500409
v -0.004144 0.477171 0.474003
v -0.004144 0.174515 0.648690
v 0.333044 0.001859 0.581659
v 0.205075 0.393890 0.500409
v 0.495544 0.166390 0.404940
v 0.461012 0.296390 0.378534
v 0.619450 0.001859 0.238378
v 0.526013 0.001859 0.404940
v 0.495544 0.166390 0.404940
v 0.333044 0.001859 0.581659
v 0.274137 0.479203 0.378534
v 0.205075 0.393890 0.500409
v 0.138044 0.534046 0.378534
v -0.004144 0.552328 0.378534
v -0.004144 0.003890 0.671034
v -0.004144 0.174515 0.648690
v 0.170544 0.001859 0.648690
v 0.205075 0.393890 0.500409
v 0.034450 0.367484 0.571503
v 0.261950 0.343109 0.512597
v 0.170544 0.367484 0.492284
v 0.257888 0.343109 0.492284
v 0.257888 0.343109 0.492284
v 0.261950 0.343109 0.512597
v 0.257888 0.036390 0.492284
v 0.280231 0.036390 0.559315
v 0.619450 0.001859 0.238378
v 0.495544 0.166390 0.404940
v 0.548356 0.296390 0.238378
v 0.461012 0.296390 0.378534
v 0.649919 0.001859 0.246503
v 0.607263 0.001859 0.352128
v 0.619450 0.001859 0.238378
v 0.526013 0.001859 0.404940
v 0.493512 0.001859 0.498378
v 0.333044 0.001859 0.581659
v 0.349294 0.001859 0.610096
v 0.170544 0.001859 0.648690
v 0.178669 0.001859 0.681190
v 0.182731 0.207015 0.435409
v 0.178669 0.261859 0.370409
v 0.278200 0.207015 0.431347
v 0.278200 0.355296 0.380565
v 0.237575 0.424359 0.374472
v 0.528044 0.020140 0.266815
v 0.507731 0.243578 0.262753
v 0.550388 0.020140 0.303378
v 0.538200 0.265921 0.313534
v 0.497575 0.265921 0.281034
v 0.286325 0.501546 0.394784
v 0.300544 0.395921 0.496347
v 0.406169 0.410140 0.394784
v 0.483356 0.306546 0.394784
v 0.322888 0.135921 0.608065
v 0.536169 0.146078 0.427284
v 0.398993 0.493578 -0.170625
v 0.455868 0.375765 -0.170625
v 0.447743 0.355453 -0.140156
v 0.398993 0.493578 -0.170625
v 0.516805 0.359515 -0.140156
v 0.455868 0.375765 -0.170625
v 0.453836 0.371702 0.152344
v 0.502586 0.359515 0.121875
v 0.490399 0.375765 0.152344
v 0.667118 0.180765 -0.095469
v 0.522899 0.012171 -0.089375
v 0.689461 0.002015 -0.095469
v 0.461961 0.077171 -0.237656
v 0.461961 0.406234 -0.237656
v 0.537118 0.288421 -0.237656
v 0.076024 0.662171 0.002031
v 0.053680 0.454984 0.304688
v 0.076024 0.597171 0.304688
v 0.630555 0.170609 -0.247812
v 0.689461 0.002015 -0.095469
v 0.652899 0.002015 -0.247813
v 0.461961 0.077171 -0.237656
v 0.512743 0.012171 -0.237656
v 0.522899 0.012171 -0.089375
v 0.461961 0.081234 -0.089375
v 0.598055 0.243734 -0.089375
v 0.461961 0.446859 -0.091406
v -0.001164 0.627640 0.186875
v 0.266961 0.511859 0.310781
v -0.001164 0.538265 0.379844
v 0.598055 0.243734 0.089375
v 0.632586 0.262015 0.095469
v 0.667118 0.180765 0.093438
v 0.537118 0.288421 -0.237656
v 0.461961 0.406234 -0.237656
v 0.451805 0.288421 -0.379844
v 0.451805 0.288421 0.379844
v 0.486336 0.306702 0.396094
v 0.407118 0.410296 0.396094
v 0.630555 0.170609 0.245781
v 0.652899 0.002015 0.245781
v 0.689461 0.002015 0.093437
v 0.667118 0.180765 0.093438
v 0.689461 0.002015 0.093437
v 0.522899 0.012171 0.089375
v 0.461961 0.077171 0.237656
v 0.522899 0.012171 0.089375
v 0.512743 0.012171 0.237656
v 0.537118 0.288421 0.237656
v 0.451805 0.288421 0.379844
v 0.461961 0.406234 0.237656
v -0.001164 0.676390 0.203125
v -0.001164 0.578890 0.396094
v 0.147118 0.558577 0.396094
v 0.461961 0.406234 0.237656
v 0.461961 0.446859 0.091406
v 0.461961 0.081234 0.089375
v -0.001164 0.538265 -0.379844
v -0.001164 0.627640 -0.188906
v -0.001164 0.578890 -0.396094
v -0.001164 0.676390 -0.203125
v 0.486336 0.306703 -0.396094
v 0.451805 0.288421 -0.379844
v 0.407118 0.410296 -0.396094
v 0.376649 0.389984 -0.379844
v 0.573680 0.308734 -0.247812
v 0.537118 0.288421 -0.237656
v 0.486336 0.306703 -0.396094
v 0.451805 0.288421 -0.379844
v 0.573680 0.308734 -0.247812
v 0.630555 0.170609 -0.247812
v 0.537118 0.288421 -0.237656
v 0.461961 0.077171 -0.237656
v 0.512743 0.012171 -0.237656
v 0.652899 0.002015 -0.247813
v 0.522899 0.012171 -0.089375
v 0.689461 0.002015 -0.095469
v 0.573680 0.308734 -0.247812
v 0.486336 0.306703 -0.396094
v 0.476180 0.479359 -0.203125
v 0.407118 0.410296 -0.396094
v 0.652899 0.002015 -0.247813
v 0.512743 0.012171 -0.237656
v 0.630555 0.170609 -0.247812
v 0.461961 0.077171 -0.237656
v 0.126805 0.522015 -0.379844
v 0.287274 0.501703 -0.396094
v 0.376649 0.389984 -0.379844
v 0.407118 0.410296 -0.396094
v 0.376649 0.389984 0.379844
v 0.287274 0.501702 0.396094
v 0.126805 0.522015 0.379844
v 0.147118 0.558577 0.396094
v 0.226336 0.416390 -0.302656
v 0.226336 0.416390 0.304688
v 0.053680 0.454984 -0.302656
v 0.053680 0.454984 0.304688
v 0.226336 0.416390 -0.302656
v 0.228368 0.471234 -0.302656
v 0.226336 0.416390 0.304688
v 0.230399 0.485452 0.304688
v 0.053680 0.454984 0.304688
v 0.076024 0.662171 0.002031
v 0.053680 0.454984 -0.302656
v 0.078055 0.578890 -0.302656
v 0.078055 0.578890 -0.302656
v 0.358368 0.493578 -0.302656
v 0.228368 0.471234 -0.302656
v 0.366493 0.448890 -0.276250
v -0.001164 0.676390 -0.203125
v -0.001164 0.706859 0.000000
v 0.254774 0.619515 -0.203125
v 0.266961 0.647952 0.000000
v 0.476180 0.479359 -0.203125
v 0.498524 0.499671 0.000000
v 0.632586 0.262015 -0.095469
v 0.632586 0.262015 0.095469
v 0.226336 0.416390 -0.302656
v 0.053680 0.454984 -0.302656
v 0.228368 0.471234 -0.302656
v 0.078055 0.578890 -0.302656
v 0.220243 0.355453 -0.302656
v 0.169461 0.355453 -0.243750
v 0.220243 0.426546 -0.302656
v 0.169461 0.426546 -0.243750
v 0.220243 0.355453 -0.302656
v 0.285243 0.351390 -0.075156
v 0.169461 0.355453 -0.243750
v 0.169461 0.351390 -0.075156
v 0.293368 0.454984 -0.006094
v 0.285243 0.440765 -0.075156
v 0.293368 0.377796 -0.006094
v 0.285243 0.351390 -0.075156
v 0.413211 0.469203 -0.188906
v 0.413211 0.454984 -0.006094
v 0.413211 0.371703 -0.188906
v 0.413211 0.373734 -0.006094
v 0.169461 0.426546 -0.243750
v 0.169461 0.355453 -0.243750
v 0.169461 0.426546 -0.075156
v 0.169461 0.351390 -0.075156
v 0.413211 0.373734 -0.006094
v 0.413211 0.454984 -0.006094
v 0.293368 0.377796 -0.006094
v 0.293368 0.454984 -0.006094
v 0.413211 0.469203 -0.188906
v 0.413211 0.371703 -0.188906
v 0.364461 0.428578 -0.268125
v 0.364461 0.363578 -0.268125
v 0.413211 0.371703 -0.188906
v 0.413211 0.373734 -0.006094
v 0.285243 0.351390 -0.075156
v 0.293368 0.377796 -0.006094
v 0.169461 0.351390 -0.075156
v 0.285243 0.351390 -0.075156
v 0.169461 0.426546 -0.075156
v 0.285243 0.440765 -0.075156
v 0.364461 0.428578 -0.268125
v 0.364461 0.363578 -0.268125
v 0.220243 0.426546 -0.302656
v 0.220243 0.355453 -0.302656
v 0.413211 0.371703 -0.188906
v 0.285243 0.351390 -0.075156
v 0.364461 0.363578 -0.268125
v 0.220243 0.355453 -0.302656
v 0.398993 0.493578 -0.170625
v 0.447743 0.355453 -0.140156
v 0.398993 0.493577 0.152344
v 0.453836 0.371702 0.152344
v 0.490399 0.375765 0.152344
v 0.427430 0.485452 0.152344
v 0.453836 0.371702 0.152344
v 0.398993 0.493577 0.152344
v 0.407118 0.410296 -0.396094
v 0.287274 0.501703 -0.396094
v 0.476180 0.479359 -0.203125
v 0.254774 0.619515 -0.203125
v -0.001164 0.538265 -0.379844
v 0.266961 0.511859 -0.310781
v -0.001164 0.627640 -0.188906
v 0.230399 0.611390 0.000000
v 0.254774 0.619515 -0.203125
v 0.266961 0.647952 0.000000
v 0.476180 0.479359 -0.203125
v 0.498524 0.499671 0.000000
v -0.001164 0.538265 -0.379844
v 0.126805 0.522015 -0.379844
v 0.266961 0.511859 -0.310781
v 0.376649 0.389984 -0.379844
v 0.632586 0.262015 -0.095469
v 0.632586 0.262015 0.095469
v 0.598055 0.243734 -0.089375
v 0.598055 0.243734 0.089375
v 0.461961 0.077171 0.237656
v 0.512743 0.012171 0.237656
v 0.630555 0.170609 0.245781
v 0.652899 0.002015 0.245781
v 0.512743 0.012171 0.237656
v 0.522899 0.012171 0.089375
v 0.652899 0.002015 0.245781
v 0.689461 0.002015 0.093437
v -0.001164 0.538265 0.379844
v -0.001164 0.578890 0.396094
v -0.001164 0.627640 0.186875
v -0.001164 0.676390 0.203125
v 0.451805 0.288421 0.379844
v 0.537118 0.288421 0.237656
v 0.486336 0.306702 0.396094
v 0.573680 0.308734 0.245781
v -0.001164 0.538265 0.379844
v 0.126805 0.522015 0.379844
v -0.001164 0.578890 0.396094
v 0.147118 0.558577 0.396094
v 0.632586 0.262015 0.095469
v 0.630555 0.170609 0.245781
v 0.667118 0.180765 0.093438
v 0.689461 0.002015 0.093437
v 0.451805 0.288421 0.379844
v 0.407118 0.410296 0.396094
v 0.376649 0.389984 0.379844
v 0.287274 0.501702 0.396094
v 0.573680 0.308734 0.245781
v 0.476180 0.479359 0.203125
v 0.486336 0.306702 0.396094
v 0.407118 0.410296 0.396094
v 0.461961 0.406234 0.237656
v 0.461961 0.081234 0.089375
v 0.461961 0.077171 0.237656
v 0.522899 0.012171 0.089375
v -0.001164 0.676390 0.203125
v 0.147118 0.558577 0.396094
v 0.254774 0.619515 0.203125
v 0.287274 0.501702 0.396094
v 0.407118 0.410296 0.396094
v 0.476180 0.479359 0.203125
v 0.287274 0.501702 0.396094
v 0.254774 0.619515 0.203125
v 0.366493 0.448890 0.304688
v 0.366493 0.448890 -0.276250
v 0.372586 0.501702 0.278281
v 0.358368 0.493578 -0.302656
v 0.366493 0.448890 0.304688
v 0.230399 0.485452 0.304688
v 0.366493 0.448890 -0.276250
v 0.228368 0.471234 -0.302656
v 0.598055 0.243734 0.089375
v 0.461961 0.446859 0.091406
v 0.598055 0.243734 -0.089375
v 0.461961 0.446859 -0.091406
v 0.451805 0.288421 -0.379844
v 0.461961 0.406234 -0.237656
v 0.376649 0.389984 -0.379844
v 0.266961 0.511859 -0.310781
v 0.461961 0.446859 -0.091406
v 0.230399 0.611390 0.000000
v 0.461961 0.446859 0.091406
v 0.451805 0.288421 0.379844
v 0.376649 0.389984 0.379844
v 0.461961 0.406234 0.237656
v 0.266961 0.511859 0.310781
v 0.126805 0.522015 0.379844
v -0.001164 0.538265 0.379844
v 0.498524 0.499671 0.000000
v 0.266961 0.647952 0.000000
v 0.476180 0.479359 0.203125
v 0.254774 0.619515 0.203125
v -0.001164 0.706859 0.000000
v -0.001164 0.676390 0.203125
v 0.630555 0.170609 0.245781
v 0.632586 0.262015 0.095469
v 0.573680 0.308734 0.245781
v 0.476180 0.479359 0.203125
v 0.498524 0.499671 0.000000
v 0.573680 0.308734 0.245781
v 0.537118 0.288421 0.237656
v 0.630555 0.170609 0.245781
v 0.461961 0.077171 0.237656
v 0.461961 0.406234 0.237656
v 0.522899 0.012171 0.089375
v 0.461961 0.081234 0.089375
v 0.667118 0.180765 0.093438
v 0.598055 0.243734 0.089375
v 0.461961 0.446859 0.091406
v 0.522899 0.012171 -0.089375
v 0.461961 0.081234 -0.089375
v 0.461961 0.077171 -0.237656
v 0.461961 0.406234 -0.237656
v 0.461961 0.446859 -0.091406
v 0.461961 0.406234 0.237656
v 0.266961 0.511859 0.310781
v 0.461961 0.446859 0.091406
v 0.230399 0.611390 0.000000
v -0.001164 0.627640 0.186875
v -0.001164 0.627640 -0.188906
v 0.287274 0.501703 -0.396094
v 0.147118 0.558578 -0.396094
v 0.254774 0.619515 -0.203125
v -0.001164 0.676390 -0.203125
v -0.001164 0.578890 -0.396094
v 0.689461 0.002015 -0.095469
v 0.630555 0.170609 -0.247812
v 0.667118 0.180765 -0.095469
v 0.632586 0.262015 -0.095469
v 0.573680 0.308734 -0.247812
v 0.476180 0.479359 -0.203125
v -0.001164 0.676390 0.203125
v -0.001164 0.706859 0.000000
v -0.001164 0.627640 0.186875
v -0.001164 0.627640 -0.188906
v -0.001164 0.676390 -0.203125
v 0.287274 0.501703 -0.396094
v 0.126805 0.522015 -0.379844
v 0.147118 0.558578 -0.396094
v -0.001164 0.578890 -0.396094
v -0.001164 0.538265 -0.379844
v 0.522899 0.012171 -0.089375
v 0.667118 0.180765 -0.095469
v 0.461961 0.081234 -0.089375
v 0.598055 0.243734 -0.089375
v 0.632586 0.262015 -0.095469
v 0.372586 0.501702 0.278281
v 0.076024 0.597171 0.304688
v 0.366493 0.448890 0.304688
v 0.230399 0.485452 0.304688
v 0.053680 0.454984 0.304688
v 0.226336 0.416390 0.304688
v 0.453836 0.371702 0.152344
v 0.447743 0.355453 -0.140156
v 0.502586 0.359515 0.121875
v 0.516805 0.359515 -0.140156
v 0.455868 0.375765 -0.170625
v -0.455868 0.371702 0.152344
v -0.492430 0.375765 0.152344
v -0.502586 0.359515 0.123906
v -0.518836 0.359515 -0.140156
v -0.457899 0.375765 -0.168594
v -0.447743 0.355453 -0.140156
v -0.398993 0.493578 -0.168594
v -0.447743 0.355453 -0.140156
v -0.457899 0.375765 -0.168594
v -0.398993 0.493578 -0.168594
v -0.457899 0.375765 -0.168594
v -0.518836 0.359515 -0.140156
v 0.001164 0.706859 0.000000
v -0.000868 0.627640 -0.186875
v 0.001164 0.676390 -0.203125
v -0.498524 0.499671 0.000000
v -0.634618 0.262015 0.095469
v -0.478211 0.479359 0.203125
v -0.600086 0.243734 -0.089375
v -0.634618 0.262015 -0.095469
v -0.667118 0.180765 -0.095469
v -0.667118 0.180765 -0.095469
v -0.691493 0.002015 -0.093438
v -0.522899 0.012171 -0.089375
v 0.001164 0.578890 -0.396094
v -0.000868 0.538265 -0.379844
v -0.128836 0.522015 -0.379844
v -0.630555 0.170609 -0.247812
v -0.652899 0.002015 -0.247813
v -0.691493 0.002015 -0.093438
v 0.001164 0.676390 -0.203125
v 0.001164 0.578890 -0.396094
v -0.149149 0.558578 -0.396094
v -0.463993 0.077171 -0.237656
v -0.522899 0.012171 -0.089375
v -0.514774 0.012171 -0.237656
v -0.539149 0.288421 -0.237656
v -0.453836 0.288421 -0.379844
v -0.463993 0.406234 -0.237656
v -0.463993 0.406234 -0.237656
v -0.463993 0.446859 -0.091406
v -0.463993 0.081234 -0.089375
v -0.667118 0.180765 0.095469
v -0.522899 0.012171 0.089375
v -0.691493 0.002015 0.093437
v -0.463993 0.077171 0.237656
v -0.463993 0.406234 0.237656
v -0.539149 0.288421 0.237656
v -0.463993 0.081234 0.089375
v -0.600086 0.243734 0.089375
v -0.463993 0.446859 0.091406
v -0.630555 0.170609 0.247813
v -0.691493 0.002015 0.093437
v -0.652899 0.002015 0.247812
v -0.463993 0.077171 0.237656
v -0.514774 0.012171 0.237656
v -0.522899 0.012171 0.089375
v -0.539149 0.288421 0.237656
v -0.463993 0.406234 0.237656
v -0.453836 0.288421 0.379844
v -0.000868 0.627640 -0.186875
v 0.001164 0.706859 0.000000
v -0.000868 0.627640 0.186875
v 0.001164 0.676390 0.203125
v -0.232430 0.611390 0.000000
v -0.463993 0.446859 -0.091406
v -0.268993 0.511859 -0.310781
v -0.463993 0.406234 -0.237656
v -0.514774 0.012171 -0.237656
v -0.522899 0.012171 -0.089375
v -0.652899 0.002015 -0.247813
v -0.691493 0.002015 -0.093438
v -0.652899 0.002015 -0.247813
v -0.630555 0.170609 -0.247812
v -0.514774 0.012171 -0.237656
v -0.463993 0.077171 -0.237656
v -0.228368 0.416390 -0.302656
v -0.055711 0.454984 -0.302656
v -0.228368 0.416390 0.306719
v -0.055711 0.454984 0.306719
v -0.228368 0.416390 -0.302656
v -0.228368 0.416390 0.306719
v -0.230399 0.471234 -0.302656
v -0.232430 0.485452 0.306719
v -0.078055 0.597171 0.306719
v -0.232430 0.485452 0.306719
v -0.055711 0.454984 0.306719
v -0.228368 0.416390 0.306719
v -0.080086 0.578890 -0.302656
v -0.230399 0.471234 -0.302656
v -0.360399 0.493578 -0.302656
v -0.366493 0.448890 -0.276250
v -0.360399 0.493578 -0.302656
v -0.366493 0.448890 -0.276250
v -0.372586 0.501702 0.278281
v -0.366493 0.448890 0.306719
v -0.232430 0.485452 0.306719
v -0.078055 0.597171 0.306719
v -0.366493 0.448890 0.306719
v -0.372586 0.501702 0.278281
v -0.230399 0.471234 -0.302656
v -0.232430 0.485452 0.306719
v -0.366493 0.448890 -0.276250
v -0.366493 0.448890 0.306719
v -0.228368 0.416390 -0.302656
v -0.230399 0.471234 -0.302656
v -0.055711 0.454984 -0.302656
v -0.080086 0.578890 -0.302656
v -0.000868 0.538265 -0.379844
v 0.001164 0.578890 -0.396094
v -0.000868 0.627640 -0.186875
v 0.001164 0.676390 -0.203125
v -0.453836 0.288421 -0.379844
v -0.539149 0.288421 -0.237656
v -0.488368 0.306703 -0.396094
v -0.573680 0.308734 -0.247812
v -0.295399 0.454984 -0.006094
v -0.295399 0.377796 -0.006094
v -0.287274 0.440765 -0.075156
v -0.287274 0.351390 -0.075156
v -0.415243 0.373734 -0.006094
v -0.415243 0.454984 -0.006094
v -0.415243 0.371703 -0.188906
v -0.413211 0.469203 -0.188906
v -0.171493 0.426546 -0.243750
v -0.171493 0.426546 -0.075156
v -0.171493 0.355453 -0.243750
v -0.171493 0.351390 -0.075156
v -0.295399 0.454984 -0.006094
v -0.415243 0.454984 -0.006094
v -0.295399 0.377796 -0.006094
v -0.415243 0.373734 -0.006094
v -0.413211 0.469203 -0.188906
v -0.366493 0.428578 -0.268125
v -0.415243 0.371703 -0.188906
v -0.366493 0.363578 -0.268125
v -0.295399 0.377796 -0.006094
v -0.415243 0.373734 -0.006094
v -0.287274 0.351390 -0.075156
v -0.415243 0.371703 -0.188906
v -0.287274 0.440765 -0.075156
v -0.287274 0.351390 -0.075156
v -0.171493 0.426546 -0.075156
v -0.171493 0.351390 -0.075156
v -0.366493 0.428578 -0.268125
v -0.222274 0.426546 -0.302656
v -0.366493 0.363578 -0.268125
v -0.222274 0.355453 -0.302656
v -0.415243 0.371703 -0.188906
v -0.366493 0.363578 -0.268125
v -0.287274 0.351390 -0.075156
v -0.222274 0.355453 -0.302656
v -0.455868 0.371702 0.152344
v -0.447743 0.355453 -0.140156
v -0.398993 0.493577 0.152344
v -0.398993 0.493578 -0.168594
v -0.492430 0.375765 0.152344
v -0.455868 0.371702 0.152344
v -0.427430 0.485452 0.152344
v -0.398993 0.493577 0.152344
v -0.518836 0.359515 -0.140156
v -0.447743 0.355453 -0.140156
v -0.502586 0.359515 0.123906
v -0.455868 0.371702 0.152344
v -0.478211 0.479359 -0.203125
v -0.573680 0.308734 -0.247812
v -0.634618 0.262015 -0.095469
v -0.630555 0.170609 -0.247812
v -0.573680 0.308734 -0.247812
v -0.478211 0.479359 -0.203125
v -0.488368 0.306703 -0.396094
v -0.409149 0.410296 -0.396094
v -0.634618 0.262015 -0.095469
v -0.630555 0.170609 -0.247812
v -0.667118 0.180765 -0.095469
v -0.691493 0.002015 -0.093438
v 0.001164 0.676390 -0.203125
v -0.149149 0.558578 -0.396094
v -0.256805 0.619515 -0.203125
v -0.289305 0.501703 -0.396094
v -0.409149 0.410296 -0.396094
v -0.478211 0.479359 -0.203125
v -0.289305 0.501703 -0.396094
v -0.256805 0.619515 -0.203125
v -0.463993 0.406234 -0.237656
v -0.463993 0.081234 -0.089375
v -0.463993 0.077171 -0.237656
v -0.522899 0.012171 -0.089375
v -0.463993 0.077171 0.237656
v -0.630555 0.170609 0.247813
v -0.514774 0.012171 0.237656
v -0.652899 0.002015 0.247812
v -0.514774 0.012171 0.237656
v -0.652899 0.002015 0.247812
v -0.522899 0.012171 0.089375
v -0.691493 0.002015 0.093437
v -0.634618 0.262015 -0.095469
v -0.600086 0.243734 -0.089375
v -0.634618 0.262015 0.095469
v -0.600086 0.243734 0.089375
v -0.573680 0.308734 0.247813
v -0.539149 0.288421 0.237656
v -0.488368 0.306702 0.396094
v -0.453836 0.288421 0.379844
v -0.573680 0.308734 0.247813
v -0.630555 0.170609 0.247813
v -0.539149 0.288421 0.237656
v -0.463993 0.077171 0.237656
v -0.149149 0.558577 0.396094
v -0.128836 0.522015 0.379844
v 0.001164 0.578890 0.396094
v -0.000868 0.538265 0.379844
v -0.000868 0.538265 0.379844
v -0.000868 0.627640 0.186875
v 0.001164 0.578890 0.396094
v 0.001164 0.676390 0.203125
v -0.573680 0.308734 0.247813
v -0.488368 0.306702 0.396094
v -0.478211 0.479359 0.203125
v -0.409149 0.410296 0.396094
v -0.409149 0.410296 0.396094
v -0.289305 0.501702 0.396094
v -0.478211 0.479359 0.203125
v -0.256805 0.619515 0.203125
v 0.001164 0.676390 0.203125
v 0.001164 0.706859 0.000000
v -0.256805 0.619515 0.203125
v -0.266961 0.647952 0.000000
v -0.256805 0.619515 0.203125
v -0.266961 0.647952 0.000000
v -0.478211 0.479359 0.203125
v -0.498524 0.499671 0.000000
v -0.222274 0.355453 -0.302656
v -0.171493 0.355453 -0.243750
v -0.287274 0.351390 -0.075156
v -0.171493 0.351390 -0.075156
v -0.222274 0.355453 -0.302656
v -0.222274 0.426546 -0.302656
v -0.171493 0.355453 -0.243750
v -0.171493 0.426546 -0.243750
v -0.600086 0.243734 0.089375
v -0.600086 0.243734 -0.089375
v -0.463993 0.446859 0.091406
v -0.463993 0.446859 -0.091406
v -0.522899 0.012171 0.089375
v -0.667118 0.180765 0.095469
v -0.463993 0.081234 0.089375
v -0.600086 0.243734 0.089375
v -0.634618 0.262015 0.095469
v -0.376649 0.389984 0.379844
v -0.268993 0.511859 0.310781
v -0.128836 0.522015 0.379844
v -0.000868 0.538265 0.379844
v -0.000868 0.627640 0.186875
v -0.522899 0.012171 0.089375
v -0.463993 0.081234 0.089375
v -0.463993 0.077171 0.237656
v -0.463993 0.406234 0.237656
v -0.463993 0.446859 0.091406
v -0.453836 0.288421 0.379844
v -0.463993 0.406234 0.237656
v -0.376649 0.389984 0.379844
v -0.268993 0.511859 0.310781
v -0.463993 0.446859 0.091406
v -0.232430 0.611390 0.000000
v -0.463993 0.446859 -0.091406
v -0.289305 0.501702 0.396094
v -0.149149 0.558577 0.396094
v -0.256805 0.619515 0.203125
v 0.001164 0.676390 0.203125
v 0.001164 0.578890 0.396094
v -0.691493 0.002015 0.093437
v -0.630555 0.170609 0.247813
v -0.667118 0.180765 0.095469
v -0.634618 0.262015 0.095469
v -0.573680 0.308734 0.247813
v -0.478211 0.479359 0.203125
v -0.149149 0.558577 0.396094
v -0.289305 0.501702 0.396094
v -0.128836 0.522015 0.379844
v -0.376649 0.389984 0.379844
v -0.409149 0.410296 0.396094
v -0.453836 0.288421 0.379844
v -0.488368 0.306702 0.396094
v -0.268993 0.511859 0.310781
v -0.232430 0.611390 0.000000
v -0.000868 0.627640 0.186875
v -0.000868 0.627640 -0.186875
v -0.268993 0.511859 -0.310781
v -0.000868 0.538265 -0.379844
v -0.453836 0.288421 -0.379844
v -0.376649 0.389984 -0.379844
v -0.463993 0.406234 -0.237656
v -0.268993 0.511859 -0.310781
v -0.128836 0.522015 -0.379844
v -0.000868 0.538265 -0.379844
v -0.634618 0.262015 0.095469
v -0.498524 0.499671 0.000000
v -0.634618 0.262015 -0.095469
v -0.478211 0.479359 -0.203125
v -0.266961 0.647952 0.000000
v -0.256805 0.619515 -0.203125
v 0.001164 0.706859 0.000000
v 0.001164 0.676390 -0.203125
v -0.488368 0.306703 -0.396094
v -0.409149 0.410296 -0.396094
v -0.453836 0.288421 -0.379844
v -0.376649 0.389984 -0.379844
v -0.289305 0.501703 -0.396094
v -0.128836 0.522015 -0.379844
v -0.149149 0.558578 -0.396094
v 0.001164 0.578890 -0.396094
v -0.522899 0.012171 -0.089375
v -0.463993 0.081234 -0.089375
v -0.667118 0.180765 -0.095469
v -0.600086 0.243734 -0.089375
v -0.463993 0.446859 -0.091406
v -0.573680 0.308734 -0.247812
v -0.539149 0.288421 -0.237656
v -0.630555 0.170609 -0.247812
v -0.463993 0.077171 -0.237656
v -0.463993 0.406234 -0.237656
v -0.080086 0.578890 -0.302656
v -0.078055 0.662171 0.002031
v -0.055711 0.454984 -0.302656
v -0.055711 0.454984 0.306719
v -0.078055 0.597171 0.306719
v -0.538200 0.265921 0.313534
v -0.499606 0.265921 0.281034
v -0.507731 0.243578 0.262753
v -0.087263 0.404046 0.364315
v -0.087263 0.261859 0.366347
v -0.180700 0.261859 0.370409
v -0.404137 0.020140 0.406971
v -0.530075 0.020140 0.266815
v -0.507731 0.243578 0.262753
v -0.148200 0.558421 0.394784
v 0.002112 0.499515 0.498378
v 0.002112 0.578734 0.394784
v 0.002112 0.174515 0.648690
v 0.002112 0.353265 0.610097
v 0.002112 0.182640 0.681190
v -0.184763 0.207015 0.494315
v -0.184763 0.261859 0.441503
v -0.239606 0.426390 0.427284
v -0.550388 0.296390 0.238378
v -0.629606 0.170453 0.246503
v -0.572731 0.308578 0.246503
v -0.288356 0.501546 0.394784
v -0.302575 0.395921 0.496347
v -0.148200 0.558421 0.394784
v 0.002112 0.499515 0.498378
v -0.483356 0.306546 0.394784
v -0.302575 0.395921 0.496347
v -0.406169 0.410140 0.394784
v -0.288356 0.501546 0.394784
v -0.324919 0.135921 0.608065
v 0.002112 0.182640 0.681190
v -0.131950 0.324828 0.610097
v 0.002112 0.353265 0.610097
v -0.463044 0.296390 0.378534
v -0.550388 0.296390 0.238378
v -0.483356 0.306546 0.394784
v -0.572731 0.308578 0.246503
v -0.651950 0.001859 0.246503
v -0.629606 0.170453 0.246503
v -0.621481 0.001859 0.238378
v -0.550388 0.296390 0.238378
v -0.335075 0.001859 0.581659
v -0.495544 0.001859 0.498378
v -0.526013 0.001859 0.404940
v -0.609294 0.001859 0.352128
v -0.324919 0.135921 0.608065
v -0.180700 0.001859 0.681190
v 0.002112 0.182640 0.681190
v 0.002112 0.001859 0.703534
v 0.002112 0.499515 0.498378
v 0.002112 0.353265 0.610097
v 0.002112 0.477171 0.474003
v 0.002112 0.174515 0.648690
v -0.172575 0.001859 0.648690
v -0.351325 0.001859 0.610096
v -0.335075 0.001859 0.581659
v -0.495544 0.001859 0.498378
v 0.002112 0.003890 0.671034
v 0.002112 0.174515 0.648690
v 0.002112 0.001859 0.703534
v 0.002112 0.182640 0.681190
v 0.002112 0.499515 0.498378
v 0.002112 0.477171 0.474003
v 0.002112 0.578734 0.394784
v 0.002112 0.552328 0.378534
v -0.651950 0.001859 0.246503
v -0.621481 0.001859 0.238378
v -0.609294 0.001859 0.352128
v -0.526013 0.001859 0.404940
v -0.178669 0.367484 0.437440
v -0.172575 0.367484 0.492284
v -0.010075 0.367484 0.480097
v -0.036481 0.367484 0.571503
v -0.178669 0.367484 0.437440
v -0.010075 0.367484 0.480097
v -0.178669 0.036390 0.437440
v -0.010075 0.036390 0.480096
v -0.178669 0.367484 0.437440
v -0.178669 0.036390 0.437440
v -0.172575 0.367484 0.492284
v -0.182731 0.036390 0.506503
v -0.463044 0.296390 0.378534
v -0.389919 0.391859 0.378534
v -0.205075 0.393890 0.500409
v -0.274137 0.479203 0.378534
v -0.609294 0.001859 0.352128
v -0.536169 0.146078 0.427284
v -0.651950 0.001859 0.246503
v -0.629606 0.170453 0.246503
v -0.257888 0.343109 0.492284
v -0.257888 0.036390 0.492284
v -0.263981 0.343109 0.512597
v -0.282263 0.036390 0.559315
v -0.172575 0.367484 0.492284
v -0.182731 0.036390 0.506503
v -0.257888 0.343109 0.492284
v -0.257888 0.036390 0.492284
v -0.036481 0.036390 0.638534
v -0.036481 0.263890 0.618222
v -0.282263 0.036390 0.559315
v -0.263981 0.343109 0.512597
v -0.257888 0.036390 0.492284
v -0.182731 0.036390 0.506503
v -0.282263 0.036390 0.559315
v -0.036481 0.036390 0.638534
v -0.127888 0.456859 0.364315
v -0.127888 0.456859 0.439472
v -0.087263 0.404046 0.364315
v -0.087263 0.404046 0.441503
v -0.184763 0.207015 0.494315
v -0.184763 0.207015 0.435409
v -0.184763 0.261859 0.441503
v -0.180700 0.261859 0.370409
v -0.087263 0.404046 0.364315
v -0.087263 0.404046 0.441503
v -0.087263 0.261859 0.366347
v -0.087263 0.261859 0.441503
v -0.184763 0.207015 0.494315
v -0.280231 0.207015 0.494315
v -0.184763 0.207015 0.435409
v -0.280231 0.207015 0.431347
v -0.280231 0.355296 0.380565
v -0.180700 0.261859 0.370409
v -0.280231 0.207015 0.431347
v -0.184763 0.207015 0.435409
v -0.184763 0.261859 0.441503
v -0.180700 0.261859 0.370409
v -0.087263 0.261859 0.441503
v -0.087263 0.261859 0.366347
v -0.239606 0.424359 0.374472
v -0.239606 0.426390 0.427284
v -0.127888 0.456859 0.364315
v -0.127888 0.456859 0.439472
v -0.239606 0.426390 0.427284
v -0.278200 0.355296 0.459784
v -0.184763 0.207015 0.494315
v -0.280231 0.207015 0.494315
v -0.442731 0.020140 0.449628
v -0.404137 0.020140 0.406971
v -0.290388 0.020140 0.549159
v -0.259919 0.020140 0.482128
v -0.290388 0.020140 0.549159
v -0.259919 0.020140 0.482128
v -0.292419 0.265921 0.530878
v -0.266012 0.265921 0.480096
v -0.442731 0.020140 0.449628
v -0.552419 0.020140 0.303378
v -0.404137 0.020140 0.406971
v -0.530075 0.020140 0.266815
v -0.538200 0.265921 0.313534
v -0.507731 0.243578 0.262753
v -0.552419 0.020140 0.303378
v -0.530075 0.020140 0.266815
v 0.002112 0.552328 0.378534
v 0.002112 0.477171 0.474003
v -0.205075 0.393890 0.500409
v 0.002112 0.174515 0.648690
v -0.621481 0.001859 0.238378
v -0.495544 0.166390 0.404940
v -0.526013 0.001859 0.404940
v -0.335075 0.001859 0.581659
v -0.274137 0.479203 0.378534
v -0.140075 0.534046 0.378534
v -0.205075 0.393890 0.500409
v 0.002112 0.552328 0.378534
v 0.002112 0.003890 0.671034
v -0.172575 0.001859 0.648690
v 0.002112 0.174515 0.648690
v -0.205075 0.393890 0.500409
v -0.178669 0.036390 0.437440
v -0.010075 0.036390 0.480096
v -0.182731 0.036390 0.506503
v -0.036481 0.036390 0.638534
v -0.036481 0.367484 0.571503
v -0.172575 0.367484 0.492284
v -0.263981 0.343109 0.512597
v -0.257888 0.343109 0.492284
v -0.621481 0.001859 0.238378
v -0.550388 0.296390 0.238378
v -0.495544 0.166390 0.404940
v -0.463044 0.296390 0.378534
v -0.036481 0.367484 0.571503
v -0.036481 0.263890 0.618222
v -0.010075 0.367484 0.480097
v -0.010075 0.036390 0.480096
v -0.036481 0.036390 0.638534
v -0.302575 0.395921 0.496347
v -0.483356 0.306546 0.394784
v -0.324919 0.135921 0.608065
v -0.536169 0.146078 0.427284
v -0.572731 0.308578 0.246503
v -0.629606 0.170453 0.246503
v -0.609294 0.001859 0.352128
v -0.495544 0.001859 0.498378
v -0.536169 0.146078 0.427284
v -0.324919 0.135921 0.608065
v -0.351325 0.001859 0.610096
v -0.180700 0.001859 0.681190
v -0.324919 0.135921 0.608065
v -0.131950 0.324828 0.610097
v -0.302575 0.395921 0.496347
v 0.002112 0.499515 0.498378
v 0.002112 0.353265 0.610097
v 0.002112 0.001859 0.703534
v -0.180700 0.001859 0.681190
v 0.002112 0.003890 0.671034
v -0.172575 0.001859 0.648690
v -0.351325 0.001859 0.610096
v -0.483356 0.306546 0.394784
v -0.406169 0.410140 0.394784
v -0.463044 0.296390 0.378534
v -0.389919 0.391859 0.378534
v -0.288356 0.501546 0.394784
v -0.274137 0.479203 0.378534
v -0.148200 0.558421 0.394784
v -0.140075 0.534046 0.378534
v 0.002112 0.578734 0.394784
v 0.002112 0.552328 0.378534
v -0.463044 0.296390 0.378534
v -0.205075 0.393890 0.500409
v -0.495544 0.166390 0.404940
v -0.335075 0.001859 0.581659
v -0.172575 0.001859 0.648690
v -0.239606 0.426390 0.427284
v -0.184763 0.261859 0.441503
v -0.127888 0.456859 0.439472
v -0.087263 0.404046 0.441503
v -0.087263 0.261859 0.441503
v -0.087263 0.404046 0.364315
v -0.180700 0.261859 0.370409
v -0.127888 0.456859 0.364315
v -0.239606 0.424359 0.374472
v -0.280231 0.355296 0.380565
v -0.239606 0.424359 0.374472
v -0.280231 0.355296 0.380565
v -0.239606 0.426390 0.427284
v -0.278200 0.355296 0.459784
v -0.280231 0.207015 0.431347
v -0.280231 0.207015 0.494315
v -0.538200 0.265921 0.313534
v -0.436637 0.265921 0.423221
v -0.499606 0.265921 0.281034
v -0.404137 0.265921 0.404940
v -0.292419 0.265921 0.530878
v -0.266012 0.265921 0.480096
v -0.499606 0.265921 0.281034
v -0.404137 0.265921 0.404940
v -0.507731 0.243578 0.262753
v -0.404137 0.020140 0.406971
v -0.266012 0.265921 0.480096
v -0.259919 0.020140 0.482128
vt 0.003906 1.517029
vt 0.051697 1.580261
vt 0.058289 1.514160
vt 0.223389 1.182434
vt 0.193787 1.196411
vt 0.177246 1.177612
vt 0.003906 1.517029
vt 0.058289 1.514160
vt 0.051697 1.580261
vt 0.223389 1.182434
vt 0.177246 1.177612
vt 0.193787 1.196411
vt 0.176147 1.211609
vt 0.193787 1.196411
vt 0.177246 1.177612
vt 0.176147 1.211609
vt 0.177246 1.177612
vt 0.193787 1.196411
vt 0.617493 1.204346
vt 0.618835 1.169861
vt 0.640564 1.184082
vt 0.661377 1.166504
vt 0.618835 1.169861
vt 0.640564 1.184082
vt 0.661377 1.166504
vt 0.640564 1.184082
vt 0.618835 1.169861
vt 0.105957 1.870789
vt 0.109741 1.837158
vt 0.071594 1.835449
vt 0.558960 1.848450
vt 0.554871 1.809814
vt 0.521729 1.819397
vt 0.617493 1.204346
vt 0.640564 1.184082
vt 0.618835 1.169861
vt 0.328735 1.601379
vt 0.324707 1.573792
vt 0.308777 1.608521
vt 0.110718 1.243042
vt 0.092041 1.179077
vt 0.124756 1.236084
vt 0.328735 1.601379
vt 0.308777 1.608521
vt 0.324707 1.573792
vt 0.196716 1.627747
vt 0.140015 1.649536
vt 0.134583 1.628662
vt 0.132324 1.651550
vt 0.134583 1.628662
vt 0.140015 1.649536
vt 0.186401 1.525879
vt 0.177429 1.486938
vt 0.228027 1.492249
vt 0.196716 1.627747
vt 0.134583 1.628662
vt 0.140015 1.649536
vt 0.132324 1.651550
vt 0.140015 1.649536
vt 0.134583 1.628662
vt 0.186401 1.525879
vt 0.228027 1.492249
vt 0.177429 1.486938
vt 0.822205 1.542786
vt 0.837830 1.553101
vt 0.808289 1.578918
vt 0.272461 1.268188
vt 0.212158 1.317993
vt 0.228455 1.271240
vt 0.542236 1.310059
vt 0.496460 1.351074
vt 0.497192 1.294067
vt 0.887451 1.718750
vt 0.842712 1.720215
vt 0.830444 1.711609
vt 0.178162 1.460327
vt 0.135925 1.450317
vt 0.158875 1.407227
vt 0.588989 1.746460
vt 0.573486 1.750549
vt 0.566711 1.711731
vt 0.711182 1.045654
vt 0.720825 1.042969
vt 0.728455 1.050293
vt 0.554199 1.500854
vt 0.550659 1.471924
vt 0.600464 1.397888
vt 0.720947 1.088867
vt 0.732910 1.091797
vt 0.728943 1.099304
vt 0.299683 1.318237
vt 0.326782 1.268188
vt 0.386414 1.317444
vt 0.822205 1.542786
vt 0.808289 1.578918
vt 0.837830 1.553101
vt 0.740356 1.608459
vt 0.755981 1.581787
vt 0.784241 1.594421
vt 0.178162 1.460327
vt 0.158875 1.407227
vt 0.135925 1.450317
vt 0.441589 1.404846
vt 0.422974 1.457397
vt 0.464600 1.447205
vt 0.272461 1.268188
vt 0.228455 1.271240
vt 0.212158 1.317993
vt 0.711182 1.045654
vt 0.728455 1.050293
vt 0.720825 1.042969
vt 0.554199 1.500854
vt 0.600464 1.397888
vt 0.550659 1.471924
vt 0.720947 1.088867
vt 0.728943 1.099304
vt 0.732910 1.091797
vt 0.401917 1.991760
vt 0.362915 1.946350
vt 0.352539 1.991760
vt 0.299683 1.318237
vt 0.386414 1.317444
vt 0.326782 1.268188
vt 0.056946 1.314270
vt 0.128723 1.332825
vt 0.100891 1.297546
vt 0.326965 1.191650
vt 0.272400 1.191589
vt 0.272400 1.216553
vt 0.592224 1.372498
vt 0.612671 1.373779
vt 0.613708 1.357300
vt 0.732788 1.068237
vt 0.720764 1.068359
vt 0.732910 1.081299
vt 0.720886 1.081360
vt 0.376343 1.647583
vt 0.416382 1.797302
vt 0.416382 1.642273
vt 0.456421 1.647583
vt 0.525818 1.687622
vt 0.416382 1.797302
vt 0.546997 1.715210
vt 0.552124 1.797302
vt 0.586975 1.669800
vt 0.588989 1.746460
vt 0.632690 1.674194
vt 0.634277 1.750671
vt 0.995483 1.007874
vt 0.825378 1.052063
vt 0.979919 1.115723
vt 0.842896 1.095947
vt 0.995483 1.007874
vt 0.804199 1.006592
vt 0.825378 1.052063
vt 0.808655 1.049255
vt 0.755981 1.581787
vt 0.822205 1.542786
vt 0.750671 1.563660
vt 0.812073 1.525818
vt 0.721436 1.106750
vt 0.728943 1.099304
vt 0.711731 1.104309
vt 0.720947 1.088867
vt 0.422974 1.457397
vt 0.441589 1.404846
vt 0.395142 1.404114
vt 0.421692 1.368408
vt 0.732605 1.057678
vt 0.728455 1.050293
vt 0.720703 1.060913
vt 0.711182 1.045654
vt 0.178711 1.370056
vt 0.158875 1.407227
vt 0.205994 1.406067
vt 0.178162 1.460327
vt 0.732910 1.091797
vt 0.732910 1.081299
vt 0.720947 1.088867
vt 0.720886 1.081360
vt 0.634277 1.750671
vt 0.588989 1.746460
vt 0.626587 1.763000
vt 0.580505 1.760071
vt 0.456421 1.647583
vt 0.416382 1.797302
vt 0.493774 1.663025
vt 0.525818 1.687622
vt 0.707764 1.063965
vt 0.708252 1.066406
vt 0.718262 1.062866
vt 0.718628 1.066040
vt 0.703003 1.053406
vt 0.707764 1.063965
vt 0.711792 1.052551
vt 0.718262 1.062866
vt 0.719299 1.082581
vt 0.708862 1.083008
vt 0.719116 1.085815
vt 0.708557 1.085510
vt 0.719299 1.082581
vt 0.718628 1.066040
vt 0.708862 1.083008
vt 0.708252 1.066406
vt 0.719116 1.085815
vt 0.708557 1.085510
vt 0.713440 1.096558
vt 0.704651 1.096375
vt 0.268250 1.362671
vt 0.268372 1.413574
vt 0.331299 1.362488
vt 0.331421 1.413391
vt 0.625183 1.528992
vt 0.654114 1.486206
vt 0.600586 1.523987
vt 0.653015 1.433411
vt 0.742432 1.525635
vt 0.766602 1.518738
vt 0.710388 1.485046
vt 0.707520 1.432312
vt 0.464600 1.447205
vt 0.516174 1.451721
vt 0.486755 1.488464
vt 0.464600 1.447205
vt 0.497192 1.294067
vt 0.449951 1.282166
vt 0.447327 1.332947
vt 0.370728 1.271362
vt 0.248596 1.701965
vt 0.270569 1.709839
vt 0.240845 1.730164
vt 0.263550 1.738892
vt 0.240845 1.730164
vt 0.263550 1.738892
vt 0.238098 1.759460
vt 0.260681 1.759888
vt 0.732605 1.057678
vt 0.720703 1.060913
vt 0.732788 1.068237
vt 0.720764 1.068359
vt 0.260681 1.759888
vt 0.263062 1.782471
vt 0.238098 1.759460
vt 0.239075 1.783447
vt 0.256104 1.798828
vt 0.240051 1.806519
vt 0.250854 1.794006
vt 0.238831 1.794861
vt 0.228577 1.788818
vt 0.230347 1.796997
vt 0.218262 1.793152
vt 0.226562 1.804077
vt 0.611572 1.390442
vt 0.591125 1.389160
vt 0.612671 1.373779
vt 0.592224 1.372498
vt 0.614014 1.273743
vt 0.593506 1.274170
vt 0.613647 1.257019
vt 0.593201 1.257446
vt 0.614319 1.290466
vt 0.593872 1.290894
vt 0.614014 1.273743
vt 0.593506 1.274170
vt 0.614685 1.307190
vt 0.594238 1.307617
vt 0.614319 1.290466
vt 0.593872 1.290894
vt 0.615051 1.323914
vt 0.594543 1.324341
vt 0.614685 1.307190
vt 0.594238 1.307617
vt 0.615051 1.323914
vt 0.615417 1.340637
vt 0.594543 1.324341
vt 0.594116 1.346802
vt 0.653931 1.361267
vt 0.640991 1.371887
vt 0.634644 1.350952
vt 0.624329 1.370239
vt 0.644958 1.331726
vt 0.655579 1.344666
vt 0.634644 1.350952
vt 0.653931 1.361267
vt 0.615417 1.340637
vt 0.628357 1.330017
vt 0.634644 1.350952
vt 0.644958 1.331726
vt 0.624329 1.370239
vt 0.613708 1.357300
vt 0.634644 1.350952
vt 0.615417 1.340637
vt 0.753723 1.086243
vt 0.739807 1.086243
vt 0.753784 1.061096
vt 0.739807 1.061096
vt 0.788269 1.054199
vt 0.788391 1.067017
vt 0.770447 1.042297
vt 0.770935 1.079346
vt 0.740173 1.089661
vt 0.754150 1.089539
vt 0.740417 1.114807
vt 0.754333 1.114685
vt 0.759033 1.041138
vt 0.759216 1.054199
vt 0.744995 1.041321
vt 0.745178 1.054382
vt 0.785767 1.397278
vt 0.671753 1.343323
vt 0.785767 1.215637
vt 0.621277 1.215637
vt 0.229858 1.944092
vt 0.240356 1.903381
vt 0.284424 1.953369
vt 0.289490 1.906555
vt 0.303833 1.991760
vt 0.226440 1.991760
vt 0.284424 1.953369
vt 0.229858 1.944092
vt 0.464600 1.447205
vt 0.492126 1.393494
vt 0.516174 1.451721
vt 0.543030 1.412842
vt 0.284424 1.953369
vt 0.362915 1.946350
vt 0.303833 1.991760
vt 0.352539 1.991760
vt 0.308411 1.875244
vt 0.377319 1.889709
vt 0.362915 1.946350
vt 0.447449 1.939087
vt 0.585266 1.329041
vt 0.565613 1.371765
vt 0.542236 1.310059
vt 0.496460 1.351074
vt 0.421692 1.368408
vt 0.492126 1.393494
vt 0.441589 1.404846
vt 0.464600 1.447205
vt 0.308411 1.875244
vt 0.337891 1.843750
vt 0.377319 1.889709
vt 0.373413 1.819519
vt 0.268250 1.362671
vt 0.299683 1.318237
vt 0.331299 1.362488
vt 0.386414 1.317444
vt 0.843506 1.564148
vt 0.887451 1.578308
vt 0.843506 1.622925
vt 0.887451 1.625061
vt 0.224976 1.693665
vt 0.235779 1.697388
vt 0.216248 1.726624
vt 0.227478 1.728333
vt 0.272400 1.216553
vt 0.326782 1.268188
vt 0.272461 1.268188
vt 0.299683 1.318237
vt 0.178711 1.370056
vt 0.158875 1.407227
vt 0.114746 1.385010
vt 0.135925 1.450317
vt 0.114746 1.385010
vt 0.135925 1.450317
vt 0.084351 1.454895
vt 0.113647 1.491882
vt 0.842712 1.778931
vt 0.842712 1.720215
vt 0.887451 1.765442
vt 0.887451 1.718750
vt 0.887451 1.718750
vt 0.830444 1.711609
vt 0.887451 1.671936
vt 0.830444 1.631348
vt 0.268250 1.362671
vt 0.212158 1.317993
vt 0.299683 1.318237
vt 0.272461 1.268188
vt 0.178711 1.370056
vt 0.212158 1.317993
vt 0.227539 1.364563
vt 0.268250 1.362671
vt 0.822205 1.542786
vt 0.808289 1.578918
vt 0.755981 1.581787
vt 0.784241 1.594421
vt 0.811096 1.492249
vt 0.766602 1.518738
vt 0.742432 1.404785
vt 0.707520 1.432312
vt 0.654968 1.537842
vt 0.654114 1.486206
vt 0.709778 1.536743
vt 0.710388 1.485046
vt 0.653015 1.433411
vt 0.707520 1.432312
vt 0.654114 1.486206
vt 0.710388 1.485046
vt 0.707520 1.432312
vt 0.653015 1.433411
vt 0.706665 1.387878
vt 0.651794 1.369995
vt 0.634277 1.750671
vt 0.626587 1.763000
vt 0.588989 1.746460
vt 0.580505 1.760071
vt 0.588989 1.746460
vt 0.566711 1.711731
vt 0.586975 1.669800
vt 0.570801 1.666443
vt 0.376343 1.647583
vt 0.338989 1.663025
vt 0.416382 1.797302
vt 0.306946 1.687622
vt 0.306946 1.687622
vt 0.285767 1.715210
vt 0.416382 1.797302
vt 0.280701 1.797302
vt 0.634277 1.750671
vt 0.588989 1.746460
vt 0.632690 1.674194
vt 0.586975 1.669800
vt 0.995483 1.007874
vt 0.979919 1.115723
vt 0.825378 1.052063
vt 0.842896 1.095947
vt 0.995483 1.007874
vt 0.825378 1.052063
vt 0.804199 1.006592
vt 0.808655 1.049255
vt 0.755981 1.581787
vt 0.750671 1.563660
vt 0.822205 1.542786
vt 0.812073 1.525818
vt 0.750671 1.563660
vt 0.755981 1.581787
vt 0.677612 1.566101
vt 0.674927 1.584900
vt 0.677612 1.566101
vt 0.674927 1.584900
vt 0.627747 1.545166
vt 0.620483 1.563293
vt 0.721436 1.106750
vt 0.711731 1.104309
vt 0.728943 1.099304
vt 0.720947 1.088867
vt 0.732605 1.057678
vt 0.720703 1.060913
vt 0.728455 1.050293
vt 0.711182 1.045654
vt 0.178711 1.370056
vt 0.205994 1.406067
vt 0.158875 1.407227
vt 0.178162 1.460327
vt 0.720886 1.081360
vt 0.732910 1.081299
vt 0.720947 1.088867
vt 0.732910 1.091797
vt 0.720764 1.068359
vt 0.720703 1.060913
vt 0.732788 1.068237
vt 0.732605 1.057678
vt 0.732788 1.068237
vt 0.732910 1.081299
vt 0.720764 1.068359
vt 0.720886 1.081360
vt 0.707764 1.063965
vt 0.718262 1.062866
vt 0.708252 1.066406
vt 0.718628 1.066040
vt 0.703003 1.053406
vt 0.711792 1.052551
vt 0.707764 1.063965
vt 0.718262 1.062866
vt 0.708557 1.085510
vt 0.708862 1.083008
vt 0.719116 1.085815
vt 0.719299 1.082581
vt 0.719299 1.082581
vt 0.708862 1.083008
vt 0.718628 1.066040
vt 0.708252 1.066406
vt 0.704651 1.096375
vt 0.708557 1.085510
vt 0.713440 1.096558
vt 0.719116 1.085815
vt 0.887451 1.671936
vt 0.830444 1.631348
vt 0.887451 1.625061
vt 0.843506 1.622925
vt 0.268250 1.362671
vt 0.331299 1.362488
vt 0.268372 1.413574
vt 0.331421 1.413391
vt 0.707520 1.432312
vt 0.766602 1.518738
vt 0.710388 1.485046
vt 0.742432 1.525635
vt 0.284424 1.953369
vt 0.289490 1.906555
vt 0.362915 1.946350
vt 0.308411 1.875244
vt 0.800110 1.081299
vt 0.796692 1.091492
vt 0.792053 1.075134
vt 0.783142 1.081055
vt 0.810242 1.081238
vt 0.813782 1.091370
vt 0.800110 1.081299
vt 0.796692 1.091492
vt 0.818237 1.074951
vt 0.827209 1.080811
vt 0.810242 1.081238
vt 0.813782 1.091370
vt 0.227295 1.580383
vt 0.167480 1.563599
vt 0.196716 1.627747
vt 0.134583 1.628662
vt 0.123962 1.531799
vt 0.186401 1.525879
vt 0.126282 1.504272
vt 0.177429 1.486938
vt 0.132324 1.651550
vt 0.134583 1.628662
vt 0.111938 1.646118
vt 0.118469 1.626709
vt 0.134583 1.628662
vt 0.167480 1.563599
vt 0.120544 1.583984
vt 0.116821 1.559753
vt 0.134583 1.628662
vt 0.118469 1.626709
vt 0.120544 1.583984
vt 0.134583 1.628662
vt 0.227295 1.580383
vt 0.196716 1.627747
vt 0.167480 1.563599
vt 0.134583 1.628662
vt 0.186401 1.525879
vt 0.167480 1.563599
vt 0.123962 1.531799
vt 0.116821 1.559753
vt 0.123962 1.531799
vt 0.126282 1.504272
vt 0.186401 1.525879
vt 0.177429 1.486938
vt 0.118469 1.626709
vt 0.134583 1.628662
vt 0.111938 1.646118
vt 0.132324 1.651550
vt 0.134583 1.628662
vt 0.120544 1.583984
vt 0.167480 1.563599
vt 0.116821 1.559753
vt 0.167480 1.563599
vt 0.186401 1.525879
vt 0.227295 1.580383
vt 0.228027 1.492249
vt 0.625061 1.840698
vt 0.645142 1.926147
vt 0.634827 1.839050
vt 0.665894 1.919678
vt 0.583130 1.840576
vt 0.556824 1.922852
vt 0.592957 1.841614
vt 0.577881 1.928101
vt 0.592957 1.841614
vt 0.577881 1.928101
vt 0.603638 1.841980
vt 0.599548 1.930725
vt 0.603638 1.841980
vt 0.599548 1.930725
vt 0.614502 1.841614
vt 0.623657 1.929993
vt 0.614502 1.841614
vt 0.623657 1.929993
vt 0.625061 1.840698
vt 0.645142 1.926147
vt 0.623657 1.929993
vt 0.611206 1.989685
vt 0.650574 1.940552
vt 0.671082 1.967041
vt 0.196472 1.275696
vt 0.128723 1.332825
vt 0.148376 1.284180
vt 0.100891 1.297546
vt 0.654968 1.537842
vt 0.709778 1.536743
vt 0.654114 1.486206
vt 0.710388 1.485046
vt 0.010986 1.182068
vt 0.012878 1.221924
vt 0.054626 1.196716
vt 0.068909 1.248779
vt 0.054626 1.196716
vt 0.047974 1.138794
vt 0.010986 1.182068
vt 0.026611 1.135986
vt 0.054626 1.196716
vt 0.092041 1.179077
vt 0.047974 1.138794
vt 0.069153 1.131042
vt 0.024719 1.290100
vt 0.056091 1.301819
vt 0.068909 1.248779
vt 0.083252 1.257385
vt 0.933167 1.539917
vt 0.919739 1.556885
vt 0.933105 1.576599
vt 0.923218 1.578430
vt 0.923950 1.629639
vt 0.933289 1.633423
vt 0.923218 1.578430
vt 0.933105 1.576599
vt 0.924805 1.748596
vt 0.935303 1.736389
vt 0.924988 1.708069
vt 0.935486 1.695801
vt 0.924988 1.708069
vt 0.935486 1.695801
vt 0.924988 1.692749
vt 0.935059 1.693298
vt 0.923950 1.629639
vt 0.924988 1.692749
vt 0.933289 1.633423
vt 0.935059 1.693298
vt 0.919739 1.556885
vt 0.923645 1.536499
vt 0.933167 1.539917
vt 0.919739 1.556885
vt 0.068909 1.248779
vt 0.024719 1.290100
vt 0.012878 1.221924
vt 0.068909 1.248779
vt 0.010986 1.182068
vt 0.054626 1.196716
vt 0.012878 1.221924
vt 0.068909 1.248779
vt 0.054626 1.196716
vt 0.010986 1.182068
vt 0.047974 1.138794
vt 0.026611 1.135986
vt 0.083252 1.257385
vt 0.056091 1.301819
vt 0.068909 1.248779
vt 0.024719 1.290100
vt 0.933167 1.539917
vt 0.933105 1.576599
vt 0.919739 1.556885
vt 0.923218 1.578430
vt 0.933105 1.576599
vt 0.933289 1.633423
vt 0.923218 1.578430
vt 0.923950 1.629639
vt 0.935059 1.693298
vt 0.924988 1.692749
vt 0.933289 1.633423
vt 0.923950 1.629639
vt 0.207703 1.218689
vt 0.159485 1.226685
vt 0.217529 1.255432
vt 0.155396 1.273804
vt 0.251770 1.237061
vt 0.267029 1.204285
vt 0.224365 1.205872
vt 0.235535 1.180664
vt 0.343323 1.538635
vt 0.247192 1.532471
vt 0.324707 1.573792
vt 0.234924 1.562073
vt 0.576965 1.275391
vt 0.540588 1.251770
vt 0.525208 1.297546
vt 0.500854 1.274780
vt 0.604187 1.210449
vt 0.554565 1.208679
vt 0.576965 1.275391
vt 0.540588 1.251770
vt 0.317383 1.485962
vt 0.247192 1.532471
vt 0.352539 1.503418
vt 0.343323 1.538635
vt 0.255188 1.601257
vt 0.308777 1.608521
vt 0.234924 1.562073
vt 0.324707 1.573792
vt 0.324219 1.655396
vt 0.308777 1.608521
vt 0.227173 1.634644
vt 0.255188 1.601257
vt 0.217529 1.255432
vt 0.251770 1.237061
vt 0.207703 1.218689
vt 0.224365 1.205872
vt 0.207703 1.218689
vt 0.217529 1.255432
vt 0.159485 1.226685
vt 0.155396 1.273804
vt 0.235535 1.180664
vt 0.267029 1.204285
vt 0.224365 1.205872
vt 0.251770 1.237061
vt 0.234924 1.562073
vt 0.247192 1.532471
vt 0.324707 1.573792
vt 0.343323 1.538635
vt 0.576965 1.275391
vt 0.525208 1.297546
vt 0.540588 1.251770
vt 0.500854 1.274780
vt 0.604187 1.210449
vt 0.576965 1.275391
vt 0.554565 1.208679
vt 0.540588 1.251770
vt 0.244324 1.426453
vt 0.343567 1.425964
vt 0.275696 1.486450
vt 0.317383 1.485962
vt 0.255188 1.601257
vt 0.234924 1.562073
vt 0.308777 1.608521
vt 0.324707 1.573792
vt 0.324219 1.655396
vt 0.227173 1.634644
vt 0.308777 1.608521
vt 0.255188 1.601257
vt 0.224365 1.205872
vt 0.251770 1.237061
vt 0.207703 1.218689
vt 0.217529 1.255432
vt 0.558960 1.848450
vt 0.521729 1.819397
vt 0.511719 1.861816
vt 0.494873 1.862000
vt 0.102173 1.968018
vt 0.140747 1.971069
vt 0.113098 1.892456
vt 0.151367 1.896545
vt 0.494385 1.953369
vt 0.487488 1.909668
vt 0.458496 1.940796
vt 0.462341 1.901672
vt 0.555969 1.941528
vt 0.530640 1.900574
vt 0.494385 1.953369
vt 0.487488 1.909668
vt 0.102173 1.968018
vt 0.113098 1.892456
vt 0.067200 1.954529
vt 0.065247 1.883606
vt 0.460510 1.847961
vt 0.494873 1.862000
vt 0.487854 1.808716
vt 0.521729 1.819397
vt 0.102173 1.968018
vt 0.113098 1.892456
vt 0.140747 1.971069
vt 0.151367 1.896545
vt 0.065247 1.883606
vt 0.113098 1.892456
vt 0.067200 1.954529
vt 0.102173 1.968018
vt 0.007812 1.971313
vt 0.049622 1.877747
vt 0.067200 1.954529
vt 0.065247 1.883606
vt 0.185547 1.896301
vt 0.165833 1.964478
vt 0.151367 1.896545
vt 0.140747 1.971069
vt 0.227966 1.888245
vt 0.200500 1.990601
vt 0.185547 1.896301
vt 0.165833 1.964478
vt 0.521729 1.819397
vt 0.494873 1.862000
vt 0.487854 1.808716
vt 0.460510 1.847961
vt 0.105957 1.870789
vt 0.071594 1.835449
vt 0.064026 1.871338
vt 0.038086 1.862427
vt 0.099243 1.818604
vt 0.132874 1.820679
vt 0.102966 1.755920
vt 0.136841 1.755615
vt 0.162537 1.886169
vt 0.154053 1.848694
vt 0.124146 1.875305
vt 0.125610 1.841492
vt 0.216125 1.873657
vt 0.191833 1.839600
vt 0.162537 1.886169
vt 0.154053 1.848694
vt 0.099243 1.818604
vt 0.102966 1.755920
vt 0.062744 1.802856
vt 0.062378 1.744995
vt 0.013916 1.846802
vt 0.038086 1.862427
vt 0.044556 1.818665
vt 0.071594 1.835449
vt 0.099243 1.818604
vt 0.102966 1.755920
vt 0.132874 1.820679
vt 0.136841 1.755615
vt 0.162537 1.886169
vt 0.124146 1.875305
vt 0.154053 1.848694
vt 0.125610 1.841492
vt 0.216125 1.873657
vt 0.162537 1.886169
vt 0.191833 1.839600
vt 0.154053 1.848694
vt 0.062378 1.744995
vt 0.102966 1.755920
vt 0.062744 1.802856
vt 0.099243 1.818604
vt 0.009521 1.816101
vt 0.035889 1.737793
vt 0.062744 1.802856
vt 0.062378 1.744995
vt 0.174438 1.748657
vt 0.159119 1.807678
vt 0.136841 1.755615
vt 0.132874 1.820679
vt 0.201782 1.732300
vt 0.193726 1.825012
vt 0.174438 1.748657
vt 0.159119 1.807678
vt 0.071594 1.835449
vt 0.038086 1.862427
vt 0.044556 1.818665
vt 0.013916 1.846802
vt 0.691406 1.138367
vt 0.659119 1.110413
vt 0.661377 1.166504
vt 0.618835 1.169861
vt 0.666138 1.036987
vt 0.606689 1.039185
vt 0.659119 1.110413
vt 0.606995 1.128845
vt 0.691406 1.138367
vt 0.691895 1.033691
vt 0.659119 1.110413
vt 0.666138 1.036987
vt 0.617493 1.204346
vt 0.618835 1.169861
vt 0.605652 1.198730
vt 0.612854 1.169128
vt 0.612854 1.169128
vt 0.618835 1.169861
vt 0.606995 1.128845
vt 0.659119 1.110413
vt 0.691406 1.138367
vt 0.661377 1.166504
vt 0.659119 1.110413
vt 0.618835 1.169861
vt 0.606995 1.128845
vt 0.606689 1.039185
vt 0.659119 1.110413
vt 0.666138 1.036987
vt 0.691406 1.138367
vt 0.659119 1.110413
vt 0.691895 1.033691
vt 0.666138 1.036987
vt 0.612854 1.169128
vt 0.618835 1.169861
vt 0.605652 1.198730
vt 0.617493 1.204346
vt 0.659119 1.110413
vt 0.618835 1.169861
vt 0.606995 1.128845
vt 0.612854 1.169128
vt 0.252136 1.129578
vt 0.202881 1.119324
vt 0.223389 1.182434
vt 0.177246 1.177612
vt 0.176147 1.211609
vt 0.177246 1.177612
vt 0.150574 1.206360
vt 0.157837 1.176697
vt 0.157837 1.176697
vt 0.177246 1.177612
vt 0.153320 1.142639
vt 0.202881 1.119324
vt 0.157837 1.176697
vt 0.177246 1.177612
vt 0.150574 1.206360
vt 0.176147 1.211609
vt 0.107483 1.604919
vt 0.051697 1.580261
vt 0.079712 1.636780
vt 0.025940 1.637939
vt 0.025940 1.637939
vt 0.051697 1.580261
vt 0.004944 1.602966
vt 0.003906 1.517029
vt 0.107483 1.604919
vt 0.111816 1.510559
vt 0.051697 1.580261
vt 0.058289 1.514160
vt 0.079712 1.636780
vt 0.025940 1.637939
vt 0.042603 1.656250
vt 0.028870 1.670776
vt 0.025940 1.637939
vt 0.004944 1.602966
vt 0.051697 1.580261
vt 0.003906 1.517029
vt 0.107483 1.604919
vt 0.051697 1.580261
vt 0.111816 1.510559
vt 0.058289 1.514160
vt 0.004761 1.637634
vt 0.025940 1.637939
vt 0.004089 1.668762
vt 0.028870 1.670776
vt 0.562866 1.656128
vt 0.591309 1.622070
vt 0.550354 1.629211
vt 0.562622 1.614563
vt 0.519104 1.614319
vt 0.490295 1.621460
vt 0.531250 1.629089
vt 0.518433 1.655884
vt 0.531250 1.629089
vt 0.518433 1.655884
vt 0.550354 1.629211
vt 0.562866 1.656128
vt 0.378662 1.452454
vt 0.382202 1.470459
vt 0.392456 1.447632
vt 0.400879 1.463928
vt 0.349976 1.449707
vt 0.343140 1.466736
vt 0.364136 1.453125
vt 0.362427 1.471436
vt 0.364136 1.453125
vt 0.362427 1.471436
vt 0.378662 1.452454
vt 0.382202 1.470459
vt 0.211487 1.453674
vt 0.200928 1.449158
vt 0.208374 1.434326
vt 0.211487 1.453674
vt 0.562866 1.656128
vt 0.550354 1.629211
vt 0.591309 1.622070
vt 0.562622 1.614563
vt 0.213928 1.436096
vt 0.216614 1.430115
vt 0.219788 1.435913
vt 0.225220 1.433655
vt 0.211487 1.453674
vt 0.208374 1.434326
vt 0.213928 1.436096
vt 0.216614 1.430115
vt 0.225220 1.433655
vt 0.233887 1.447998
vt 0.219788 1.435913
vt 0.223572 1.453247
vt 0.219788 1.435913
vt 0.223572 1.453247
vt 0.213928 1.436096
vt 0.211487 1.453674
vt 0.642090 1.810120
vt 0.634827 1.839050
vt 0.627869 1.804871
vt 0.625061 1.840698
vt 0.588318 1.804932
vt 0.592957 1.841614
vt 0.574280 1.812012
vt 0.583130 1.840576
vt 0.601257 1.807800
vt 0.603638 1.841980
vt 0.588318 1.804932
vt 0.592957 1.841614
vt 0.627869 1.804871
vt 0.625061 1.840698
vt 0.614868 1.807434
vt 0.614502 1.841614
vt 0.599548 1.930725
vt 0.611206 1.989685
vt 0.574097 1.942383
vt 0.556702 1.964294
vt 0.601257 1.807800
vt 0.588318 1.804932
vt 0.607117 1.774780
vt 0.579041 1.793152
vt 0.625061 1.840698
vt 0.645142 1.926147
vt 0.634827 1.839050
vt 0.665894 1.919678
vt 0.583130 1.840576
vt 0.556824 1.922852
vt 0.592957 1.841614
vt 0.577881 1.928101
vt 0.592957 1.841614
vt 0.577881 1.928101
vt 0.603638 1.841980
vt 0.599548 1.930725
vt 0.603638 1.841980
vt 0.599548 1.930725
vt 0.614502 1.841614
vt 0.623657 1.929993
vt 0.614502 1.841614
vt 0.623657 1.929993
vt 0.625061 1.840698
vt 0.645142 1.926147
vt 0.623657 1.929993
vt 0.611206 1.989685
vt 0.650574 1.940552
vt 0.671082 1.967041
vt 0.601257 1.807800
vt 0.607117 1.774780
vt 0.588318 1.804932
vt 0.579041 1.793152
vt 0.627869 1.804871
vt 0.607117 1.774780
vt 0.614868 1.807434
vt 0.601257 1.807800
vt 0.642090 1.810120
vt 0.634827 1.839050
vt 0.627869 1.804871
vt 0.625061 1.840698
vt 0.588318 1.804932
vt 0.592957 1.841614
vt 0.574280 1.812012
vt 0.583130 1.840576
vt 0.601257 1.807800
vt 0.603638 1.841980
vt 0.588318 1.804932
vt 0.592957 1.841614
vt 0.627869 1.804871
vt 0.625061 1.840698
vt 0.614868 1.807434
vt 0.614502 1.841614
vt 0.599548 1.930725
vt 0.611206 1.989685
vt 0.574097 1.942383
vt 0.556702 1.964294
vt 0.601257 1.807800
vt 0.588318 1.804932
vt 0.607117 1.774780
vt 0.579041 1.793152
vt 0.707520 1.432312
vt 0.706665 1.387878
vt 0.653015 1.433411
vt 0.651794 1.369995
vt 0.653015 1.433411
vt 0.654114 1.486206
vt 0.707520 1.432312
vt 0.710388 1.485046
vt 0.649231 1.601013
vt 0.608215 1.579895
vt 0.620483 1.563293
vt 0.649231 1.601013
vt 0.811096 1.492249
vt 0.742432 1.404785
vt 0.766602 1.518738
vt 0.707520 1.432312
vt 0.600464 1.397888
vt 0.554199 1.500854
vt 0.653015 1.433411
vt 0.600586 1.523987
vt 0.128723 1.332825
vt 0.212158 1.317993
vt 0.196472 1.275696
vt 0.228455 1.271240
vt 0.620483 1.563293
vt 0.649231 1.601013
vt 0.674927 1.584900
vt 0.694275 1.610718
vt 0.740356 1.608459
vt 0.755981 1.581787
vt 0.694275 1.610718
vt 0.674927 1.584900
vt 0.421692 1.368408
vt 0.386414 1.317444
vt 0.372070 1.364136
vt 0.331299 1.362488
vt 0.496460 1.351074
vt 0.492126 1.393494
vt 0.565613 1.371765
vt 0.543030 1.412842
vt 0.424500 1.837158
vt 0.377319 1.889709
vt 0.438293 1.887817
vt 0.447449 1.939087
vt 0.128723 1.332825
vt 0.056946 1.314270
vt 0.034302 1.375427
vt 0.014526 1.333313
vt 0.268250 1.362671
vt 0.299683 1.318237
vt 0.212158 1.317993
vt 0.272461 1.268188
vt 0.842712 1.778931
vt 0.887451 1.765442
vt 0.842712 1.720215
vt 0.887451 1.718750
vt 0.843506 1.564148
vt 0.843506 1.622925
vt 0.887451 1.578308
vt 0.887451 1.625061
vt 0.128723 1.332825
vt 0.034302 1.375427
vt 0.114746 1.385010
vt 0.057312 1.416443
vt 0.196472 1.275696
vt 0.148376 1.284180
vt 0.128723 1.332825
vt 0.100891 1.297546
vt 0.585266 1.329041
vt 0.542236 1.310059
vt 0.565613 1.371765
vt 0.496460 1.351074
vt 0.268250 1.362671
vt 0.331299 1.362488
vt 0.299683 1.318237
vt 0.386414 1.317444
vt 0.421692 1.368408
vt 0.441589 1.404846
vt 0.492126 1.393494
vt 0.464600 1.447205
vt 0.303833 1.991760
vt 0.284424 1.953369
vt 0.226440 1.991760
vt 0.229858 1.944092
vt 0.352539 1.991760
vt 0.362915 1.946350
vt 0.303833 1.991760
vt 0.284424 1.953369
vt 0.464600 1.447205
vt 0.516174 1.451721
vt 0.492126 1.393494
vt 0.543030 1.412842
vt 0.740173 1.089661
vt 0.740417 1.114807
vt 0.754150 1.089539
vt 0.754333 1.114685
vt 0.785767 1.397278
vt 0.785767 1.215637
vt 0.671753 1.343323
vt 0.621277 1.215637
vt 0.759033 1.041138
vt 0.744995 1.041321
vt 0.759216 1.054199
vt 0.745178 1.054382
vt 0.624329 1.370239
vt 0.634644 1.350952
vt 0.613708 1.357300
vt 0.615417 1.340637
vt 0.788269 1.054199
vt 0.770447 1.042297
vt 0.788391 1.067017
vt 0.770935 1.079346
vt 0.753723 1.086243
vt 0.753784 1.061096
vt 0.739807 1.086243
vt 0.739807 1.061096
vt 0.653931 1.361267
vt 0.634644 1.350952
vt 0.640991 1.371887
vt 0.624329 1.370239
vt 0.615417 1.340637
vt 0.634644 1.350952
vt 0.628357 1.330017
vt 0.644958 1.331726
vt 0.644958 1.331726
vt 0.634644 1.350952
vt 0.655579 1.344666
vt 0.653931 1.361267
vt 0.611572 1.390442
vt 0.612671 1.373779
vt 0.591125 1.389160
vt 0.592224 1.372498
vt 0.592224 1.372498
vt 0.613708 1.357300
vt 0.594116 1.346802
vt 0.615417 1.340637
vt 0.594116 1.346802
vt 0.615417 1.340637
vt 0.594543 1.324341
vt 0.615051 1.323914
vt 0.238831 1.794861
vt 0.230347 1.796997
vt 0.240051 1.806519
vt 0.226562 1.804077
vt 0.239075 1.783447
vt 0.250854 1.794006
vt 0.263062 1.782471
vt 0.256104 1.798828
vt 0.256104 1.798828
vt 0.250854 1.794006
vt 0.240051 1.806519
vt 0.238831 1.794861
vt 0.847168 1.106079
vt 0.830750 1.103699
vt 0.846558 1.116577
vt 0.830505 1.117126
vt 0.248596 1.701965
vt 0.235779 1.697388
vt 0.240845 1.730164
vt 0.227478 1.728333
vt 0.248962 1.666199
vt 0.235779 1.697388
vt 0.260742 1.673889
vt 0.248596 1.701965
vt 0.601257 1.807800
vt 0.607117 1.774780
vt 0.588318 1.804932
vt 0.579041 1.793152
vt 0.627869 1.804871
vt 0.607117 1.774780
vt 0.614868 1.807434
vt 0.601257 1.807800
vt 0.846558 1.116577
vt 0.830505 1.117126
vt 0.847473 1.127380
vt 0.831116 1.130493
vt 0.600464 1.397888
vt 0.653015 1.433411
vt 0.554199 1.500854
vt 0.600586 1.523987
vt 0.654114 1.486206
vt 0.625183 1.528992
vt 0.809753 1.130676
vt 0.810120 1.117371
vt 0.793640 1.127747
vt 0.794250 1.117371
vt 0.809448 1.104065
vt 0.793274 1.106995
vt 0.260681 1.759888
vt 0.263550 1.738892
vt 0.238098 1.759460
vt 0.240845 1.730164
vt 0.270569 1.709839
vt 0.248596 1.701965
vt 0.280640 1.686035
vt 0.260742 1.673889
vt 0.218262 1.793152
vt 0.228577 1.788818
vt 0.214417 1.765991
vt 0.225098 1.760681
vt 0.239075 1.783447
vt 0.238098 1.759460
vt 0.263062 1.782471
vt 0.260681 1.759888
vt 0.214417 1.765991
vt 0.225098 1.760681
vt 0.216248 1.726624
vt 0.227478 1.728333
vt 0.238098 1.759460
vt 0.240845 1.730164
vt 0.227478 1.728333
vt 0.235779 1.697388
vt 0.216248 1.726624
vt 0.224976 1.693665
vt 0.248962 1.666199
vt 0.238403 1.661194
vt 0.226562 1.804077
vt 0.230347 1.796997
vt 0.218262 1.793152
vt 0.228577 1.788818
vt 0.238831 1.794861
vt 0.239075 1.783447
vt 0.250854 1.794006
vt 0.593201 1.257446
vt 0.593506 1.274170
vt 0.613647 1.257019
vt 0.614014 1.273743
vt 0.593872 1.290894
vt 0.614319 1.290466
vt 0.593872 1.290894
vt 0.594238 1.307617
vt 0.614319 1.290466
vt 0.614685 1.307190
vt 0.594543 1.324341
vt 0.615051 1.323914
vt 0.326782 1.268188
vt 0.386414 1.317444
vt 0.370728 1.271362
vt 0.447327 1.332947
vt 0.421692 1.368408
vt 0.492126 1.393494
vt 0.308411 1.875244
vt 0.289490 1.906555
vt 0.362915 1.946350
vt 0.284424 1.953369
vt 0.240356 1.903381
vt 0.229858 1.944092
vt 0.450500 1.991760
vt 0.447449 1.939087
vt 0.401917 1.991760
vt 0.362915 1.946350
vt 0.377319 1.889709
vt 0.308411 1.875244
vt 0.412720 1.802490
vt 0.373413 1.819519
vt 0.424500 1.837158
vt 0.377319 1.889709
vt 0.337891 1.843750
vt 0.308411 1.875244
vt 0.299683 1.318237
vt 0.326782 1.268188
vt 0.272461 1.268188
vt 0.272400 1.216553
vt 0.326904 1.216614
vt 0.326965 1.191650
vt 0.268250 1.362671
vt 0.212158 1.317993
vt 0.227539 1.364563
vt 0.178711 1.370056
vt 0.128723 1.332825
vt 0.114746 1.385010
vt 0.113647 1.491882
vt 0.135925 1.450317
vt 0.084351 1.454895
vt 0.114746 1.385010
vt 0.158875 1.407227
vt 0.178711 1.370056
vt 0.843506 1.622925
vt 0.830444 1.631348
vt 0.887451 1.625061
vt 0.887451 1.671936
vt 0.830444 1.711609
vt 0.887451 1.718750
vt 0.842712 1.720215
vt 0.822205 1.542786
vt 0.755981 1.581787
vt 0.808289 1.578918
vt 0.784241 1.594421
vt 0.740356 1.608459
vt 0.570801 1.666443
vt 0.566711 1.711731
vt 0.586975 1.669800
vt 0.588989 1.746460
vt 0.573486 1.750549
vt 0.620483 1.563293
vt 0.674927 1.584900
vt 0.627747 1.545166
vt 0.677612 1.566101
vt 0.755981 1.581787
vt 0.750671 1.563660
vt 0.492126 1.393494
vt 0.496460 1.351074
vt 0.447327 1.332947
vt 0.497192 1.294067
vt 0.542236 1.310059
vt 0.114746 1.385010
vt 0.057312 1.416443
vt 0.084351 1.454895
vt 0.114746 1.385010
vt 0.034302 1.375427
vt 0.128723 1.332825
vt 0.847168 1.106079
vt 0.846558 1.116577
vt 0.830750 1.103699
vt 0.830505 1.117126
vt 0.847473 1.127380
vt 0.831116 1.130493
vt 0.831116 1.130493
vt 0.809753 1.130676
vt 0.830505 1.117126
vt 0.810120 1.117371
vt 0.793640 1.127747
vt 0.794250 1.117371
vt 0.830505 1.117126
vt 0.810120 1.117371
vt 0.830750 1.103699
vt 0.809448 1.104065
vt 0.794250 1.117371
vt 0.793274 1.106995
vt 0.270569 1.709839
vt 0.248596 1.701965
vt 0.280640 1.686035
vt 0.260742 1.673889
vt 0.235779 1.697388
vt 0.248962 1.666199
vt 0.224976 1.693665
vt 0.238403 1.661194
vt 0.248596 1.701965
vt 0.240845 1.730164
vt 0.235779 1.697388
vt 0.227478 1.728333
vt 0.238098 1.759460
vt 0.225098 1.760681
vt 0.239075 1.783447
vt 0.228577 1.788818
vt 0.227478 1.728333
vt 0.225098 1.760681
vt 0.216248 1.726624
vt 0.214417 1.765991
vt 0.228577 1.788818
vt 0.218262 1.793152
vt 0.226562 1.804077
vt 0.230347 1.796997
vt 0.240051 1.806519
vt 0.238831 1.794861
vt 0.228577 1.788818
vt 0.239075 1.783447
vt 0.256104 1.798828
vt 0.250854 1.794006
vt 0.263062 1.782471
vt 0.239075 1.783447
vt 0.238831 1.794861
vt 0.615417 1.340637
vt 0.613708 1.357300
vt 0.594116 1.346802
vt 0.592224 1.372498
vt 0.612671 1.373779
vt 0.326782 1.268188
vt 0.370728 1.271362
vt 0.386414 1.317444
vt 0.447327 1.332947
vt 0.449951 1.282166
vt 0.497192 1.294067
vt 0.450500 1.991760
vt 0.401917 1.991760
vt 0.447449 1.939087
vt 0.362915 1.946350
vt 0.352539 1.991760
vt 0.331299 1.362488
vt 0.386414 1.317444
vt 0.372070 1.364136
vt 0.421692 1.368408
vt 0.447327 1.332947
vt 0.492126 1.393494
vt 0.447449 1.939087
vt 0.377319 1.889709
vt 0.438293 1.887817
vt 0.424500 1.837158
vt 0.373413 1.819519
vt 0.412720 1.802490
vt 0.014526 1.333313
vt 0.056946 1.314270
vt 0.034302 1.375427
vt 0.128723 1.332825
vt 0.100891 1.297546
vt 0.228455 1.271240
vt 0.212158 1.317993
vt 0.196472 1.275696
vt 0.128723 1.332825
vt 0.178711 1.370056
vt 0.114746 1.385010
vt 0.326782 1.268188
vt 0.272400 1.216553
vt 0.326904 1.216614
vt 0.326965 1.191650
vt 0.272400 1.191589
vt 0.543030 1.412842
vt 0.492126 1.393494
vt 0.565613 1.371765
vt 0.496460 1.351074
vt 0.447327 1.332947
vt 0.497192 1.294067
vt 0.740356 1.608459
vt 0.694275 1.610718
vt 0.755981 1.581787
vt 0.674927 1.584900
vt 0.649231 1.601013
vt 0.620483 1.563293
vt 0.831116 1.130493
vt 0.830505 1.117126
vt 0.809753 1.130676
vt 0.810120 1.117371
vt 0.830750 1.103699
vt 0.809448 1.104065
vt 0.421692 1.368408
vt 0.441589 1.404846
vt 0.395142 1.404114
vt 0.422974 1.457397
vt 0.464600 1.447205
vt 0.783142 1.081055
vt 0.796692 1.091492
vt 0.792053 1.075134
vt 0.800110 1.081299
vt 0.813782 1.091370
vt 0.810242 1.081238
vt 0.827209 1.080811
vt 0.818237 1.074951
vt 0.116821 1.559753
vt 0.167480 1.563599
vt 0.123962 1.531799
vt 0.186401 1.525879
vt 0.227295 1.580383
vt 0.228027 1.492249
vt 0.583130 1.840576
vt 0.592957 1.841614
vt 0.574280 1.812012
vt 0.588318 1.804932
vt 0.603638 1.841980
vt 0.601257 1.807800
vt 0.614502 1.841614
vt 0.614868 1.807434
vt 0.625061 1.840698
vt 0.627869 1.804871
vt 0.634827 1.839050
vt 0.642090 1.810120
vt 0.556702 1.964294
vt 0.611206 1.989685
vt 0.574097 1.942383
vt 0.599548 1.930725
vt 0.623657 1.929993
vt 0.068909 1.248779
vt 0.110718 1.243042
vt 0.054626 1.196716
vt 0.092041 1.179077
vt 0.124756 1.236084
vt 0.068909 1.248779
vt 0.054626 1.196716
vt 0.110718 1.243042
vt 0.092041 1.179077
vt 0.047974 1.138794
vt 0.069153 1.131042
vt 0.924805 1.748596
vt 0.924988 1.708069
vt 0.935303 1.736389
vt 0.935486 1.695801
vt 0.924988 1.692749
vt 0.935059 1.693298
vt 0.244324 1.426453
vt 0.275696 1.486450
vt 0.343567 1.425964
vt 0.317383 1.485962
vt 0.247192 1.532471
vt 0.343323 1.538635
vt 0.247192 1.532471
vt 0.352539 1.503418
vt 0.317383 1.485962
vt 0.275696 1.486450
vt 0.065247 1.883606
vt 0.049622 1.877747
vt 0.067200 1.954529
vt 0.007812 1.971313
vt 0.006714 1.865356
vt 0.049622 1.877747
vt 0.140747 1.971069
vt 0.165833 1.964478
vt 0.151367 1.896545
vt 0.185547 1.896301
vt 0.200500 1.990601
vt 0.227966 1.888245
vt 0.494873 1.862000
vt 0.521729 1.819397
vt 0.511719 1.861816
vt 0.558960 1.848450
vt 0.554871 1.809814
vt 0.462341 1.901672
vt 0.487488 1.909668
vt 0.458496 1.940796
vt 0.494385 1.953369
vt 0.530640 1.900574
vt 0.555969 1.941528
vt 0.062378 1.744995
vt 0.035889 1.737793
vt 0.062744 1.802856
vt 0.009521 1.816101
vt 0.011169 1.723022
vt 0.035889 1.737793
vt 0.132874 1.820679
vt 0.159119 1.807678
vt 0.136841 1.755615
vt 0.174438 1.748657
vt 0.193726 1.825012
vt 0.201782 1.732300
vt 0.038086 1.862427
vt 0.071594 1.835449
vt 0.064026 1.871338
vt 0.105957 1.870789
vt 0.109741 1.837158
vt 0.153320 1.142639
vt 0.202881 1.119324
vt 0.153931 1.051331
vt 0.210571 1.049683
vt 0.252136 1.129578
vt 0.250061 1.046692
vt 0.177246 1.177612
vt 0.202881 1.119324
vt 0.223389 1.182434
vt 0.252136 1.129578
vt 0.210571 1.049683
vt 0.250061 1.046692
vt 0.210571 1.049683
vt 0.202881 1.119324
vt 0.153931 1.051331
vt 0.153320 1.142639
vt 0.177246 1.177612
vt 0.157837 1.176697
vt 0.025940 1.637939
vt 0.004761 1.637634
vt 0.004944 1.602966
vt 0.025940 1.637939
vt 0.004089 1.668762
vt 0.028870 1.670776
vt 0.028870 1.670776
vt 0.025940 1.637939
vt 0.042603 1.656250
vt 0.079712 1.636780
vt 0.051697 1.580261
vt 0.107483 1.604919
vt 0.225220 1.433655
vt 0.216614 1.430115
vt 0.219788 1.435913
vt 0.213928 1.436096
vt 0.208374 1.434326
vt 0.211487 1.453674
vt 0.188232 1.468994
vt 0.206177 1.477051
vt 0.190979 1.459351
vt 0.208191 1.468140
vt 0.230225 1.476440
vt 0.227722 1.467590
vt 0.247986 1.467163
vt 0.244568 1.457642
vt 0.190979 1.459351
vt 0.208191 1.468140
vt 0.200928 1.449158
vt 0.211487 1.453674
vt 0.227722 1.467590
vt 0.223572 1.453247
vt 0.244568 1.457642
vt 0.233887 1.447998
vt 0.211487 1.453674
vt 0.223572 1.453247
vt 0.213928 1.436096
vt 0.219788 1.435913
vt 0.233887 1.447998
vt 0.225220 1.433655
vt 0.562866 1.656128
vt 0.518433 1.655884
vt 0.550354 1.629211
vt 0.531250 1.629089
vt 0.490295 1.621460
vt 0.519104 1.614319
vt 0.400879 1.463928
vt 0.382202 1.470459
vt 0.392456 1.447632
vt 0.378662 1.452454
vt 0.362427 1.471436
vt 0.364136 1.453125
vt 0.343140 1.466736
vt 0.349976 1.449707
vt 0.230225 1.476440
vt 0.227722 1.467590
vt 0.247986 1.467163
vt 0.244568 1.457642
vt 0.223572 1.453247
vt 0.233887 1.447998
vt 0.188232 1.468994
vt 0.190979 1.459351
vt 0.206177 1.477051
vt 0.208191 1.468140
vt 0.200928 1.449158
vt 0.211487 1.453674
vt 0.206177 1.477051
vt 0.208191 1.468140
vt 0.230225 1.476440
vt 0.227722 1.467590
vt 0.211487 1.453674
vt 0.223572 1.453247
vt 0.665894 1.919678
vt 0.645142 1.926147
vt 0.634827 1.839050
vt 0.625061 1.840698
vt 0.623657 1.929993
vt 0.614502 1.841614
vt 0.599548 1.930725
vt 0.603638 1.841980
vt 0.577881 1.928101
vt 0.592957 1.841614
vt 0.556824 1.922852
vt 0.583130 1.840576
vt 0.603638 1.841980
vt 0.601257 1.807800
vt 0.614502 1.841614
vt 0.614868 1.807434
vt 0.607117 1.774780
vt 0.627869 1.804871
vt 0.671082 1.967041
vt 0.611206 1.989685
vt 0.650574 1.940552
vt 0.623657 1.929993
vt 0.599548 1.930725
vt 0.583130 1.840576
vt 0.592957 1.841614
vt 0.574280 1.812012
vt 0.588318 1.804932
vt 0.603638 1.841980
vt 0.601257 1.807800
vt 0.614502 1.841614
vt 0.614868 1.807434
vt 0.625061 1.840698
vt 0.627869 1.804871
vt 0.634827 1.839050
vt 0.642090 1.810120
vt 0.556702 1.964294
vt 0.611206 1.989685
vt 0.574097 1.942383
vt 0.599548 1.930725
vt 0.623657 1.929993
vt 0.665894 1.919678
vt 0.645142 1.926147
vt 0.634827 1.839050
vt 0.625061 1.840698
vt 0.623657 1.929993
vt 0.614502 1.841614
vt 0.599548 1.930725
vt 0.603638 1.841980
vt 0.577881 1.928101
vt 0.592957 1.841614
vt 0.556824 1.922852
vt 0.583130 1.840576
vt 0.603638 1.841980
vt 0.601257 1.807800
vt 0.614502 1.841614
vt 0.614868 1.807434
vt 0.607117 1.774780
vt 0.627869 1.804871
vt 0.671082 1.967041
vt 0.611206 1.989685
vt 0.650574 1.940552
vt 0.623657 1.929993
vt 0.599548 1.930725
vt 0.534058 1.105347
vt 0.534119 1.147034
vt 0.544434 1.146362
vt 0.534058 1.054504
vt 0.534058 1.105347
vt 0.581421 1.080139
vt 0.496521 1.166260
vt 0.459534 1.135132
vt 0.461853 1.182861
vt 0.322632 1.106995
vt 0.312134 1.148926
vt 0.322754 1.151001
vt 0.398254 1.220032
vt 0.395020 1.237061
vt 0.405029 1.236206
vt 0.367737 1.169006
vt 0.405884 1.182495
vt 0.405823 1.135681
vt 0.322754 1.151001
vt 0.367737 1.169006
vt 0.387390 1.106812
vt 0.405823 1.135681
vt 0.459534 1.135132
vt 0.431213 1.084045
vt 0.405823 1.135681
vt 0.387390 1.106812
vt 0.470886 1.049805
vt 0.468628 1.036804
vt 0.390198 1.049683
vt 0.392456 1.036804
vt 0.481445 1.216187
vt 0.482117 1.232727
vt 0.527344 1.210693
vt 0.534058 1.226379
vt 0.543945 1.154785
vt 0.541870 1.168152
vt 0.556763 1.154968
vt 0.555969 1.170715
vt 0.554443 1.874390
vt 0.512390 1.874573
vt 0.555359 1.887085
vt 0.509888 1.887939
vt 0.696350 1.196411
vt 0.708008 1.204102
vt 0.720032 1.195190
vt 0.713867 1.204285
vt 0.541870 1.168152
vt 0.527344 1.210693
vt 0.555969 1.170715
vt 0.534058 1.226379
vt 0.718872 1.151917
vt 0.695190 1.151978
vt 0.721558 1.162292
vt 0.719177 1.164429
vt 0.719177 1.164429
vt 0.695190 1.151978
vt 0.699829 1.167847
vt 0.689819 1.166565
vt 0.534119 1.147034
vt 0.475525 1.106140
vt 0.496521 1.166260
vt 0.459534 1.135132
vt 0.322815 1.055481
vt 0.322632 1.106995
vt 0.387390 1.106812
vt 0.322754 1.151001
vt 0.390198 1.049683
vt 0.379883 1.037537
vt 0.387390 1.106812
vt 0.322815 1.055481
vt 0.470886 1.049805
vt 0.475525 1.106140
vt 0.480347 1.037964
vt 0.534058 1.054504
vt 0.470886 1.049805
vt 0.431213 1.084045
vt 0.475525 1.106140
vt 0.459534 1.135132
vt 0.412842 1.245056
vt 0.367981 1.243958
vt 0.413757 1.261047
vt 0.362915 1.259766
vt 0.346741 1.191467
vt 0.334351 1.192871
vt 0.349976 1.204224
vt 0.336609 1.208008
vt 0.456360 1.873596
vt 0.455261 1.886108
vt 0.497864 1.874390
vt 0.500183 1.887573
vt 0.459534 1.135132
vt 0.405823 1.135681
vt 0.457581 1.147949
vt 0.408020 1.148438
vt 0.581421 1.080139
vt 0.534058 1.105347
vt 0.580139 1.104004
vt 0.544434 1.146362
vt 0.413757 1.261047
vt 0.436035 1.260132
vt 0.412842 1.245056
vt 0.436768 1.244080
vt 0.349976 1.204224
vt 0.336609 1.208008
vt 0.367981 1.243958
vt 0.362915 1.259766
vt 0.695190 1.151978
vt 0.718872 1.151917
vt 0.706421 1.143677
vt 0.712219 1.143188
vt 0.719177 1.164429
vt 0.699829 1.167847
vt 0.719604 1.182678
vt 0.700134 1.180298
vt 0.482117 1.232727
vt 0.481445 1.216187
vt 0.459167 1.234009
vt 0.456848 1.217590
vt 0.720032 1.195190
vt 0.722107 1.184692
vt 0.696350 1.196411
vt 0.719604 1.182678
vt 0.459167 1.234009
vt 0.456848 1.217590
vt 0.405029 1.236206
vt 0.398254 1.220032
vt 0.387390 1.106812
vt 0.431213 1.084045
vt 0.390198 1.049683
vt 0.470886 1.049805
vt 0.534058 1.054504
vt 0.475525 1.106140
vt 0.534058 1.105347
vt 0.534119 1.147034
vt 0.719604 1.182678
vt 0.700134 1.180298
vt 0.696350 1.196411
vt 0.690186 1.182129
vt 0.312134 1.148926
vt 0.322632 1.106995
vt 0.275818 1.105652
vt 0.274597 1.081360
vt 0.322815 1.055481
vt 0.436035 1.260132
vt 0.488586 1.257263
vt 0.436768 1.244080
vt 0.493591 1.240967
vt 0.498291 1.257141
vt 0.534119 1.147034
vt 0.496521 1.166260
vt 0.530640 1.163940
vt 0.471741 1.195374
vt 0.461853 1.182861
vt 0.405884 1.182495
vt 0.367737 1.169006
vt 0.398071 1.196716
vt 0.330750 1.169678
vt 0.322754 1.151001
vt 0.471741 1.195374
vt 0.461853 1.182861
vt 0.496521 1.166260
vt 0.498291 1.257141
vt 0.488586 1.257263
vt 0.493591 1.240967
vt 0.367737 1.169006
vt 0.330750 1.169678
vt 0.322754 1.151001
vt 0.534058 1.105347
vt 0.544434 1.146362
vt 0.534119 1.147034
vt 0.496521 1.166260
vt 0.461853 1.182861
vt 0.459534 1.135132
vt 0.322632 1.106995
vt 0.322754 1.151001
vt 0.312134 1.148926
vt 0.322815 1.055481
vt 0.322632 1.106995
vt 0.274597 1.081360
vt 0.367737 1.169006
vt 0.405823 1.135681
vt 0.405884 1.182495
vt 0.470886 1.049805
vt 0.390198 1.049683
vt 0.468628 1.036804
vt 0.392456 1.036804
vt 0.554443 1.874390
vt 0.555359 1.887085
vt 0.512390 1.874573
vt 0.509888 1.887939
vt 0.330750 1.169678
vt 0.367737 1.169006
vt 0.398071 1.196716
vt 0.405884 1.182495
vt 0.274597 1.081360
vt 0.322632 1.106995
vt 0.275818 1.105652
vt 0.312134 1.148926
vt 0.713867 1.204285
vt 0.708008 1.204102
vt 0.720032 1.195190
vt 0.696350 1.196411
vt 0.541870 1.168152
vt 0.555969 1.170715
vt 0.527344 1.210693
vt 0.534058 1.226379
vt 0.436035 1.260132
vt 0.436768 1.244080
vt 0.488586 1.257263
vt 0.493591 1.240967
vt 0.718872 1.151917
vt 0.721558 1.162292
vt 0.695190 1.151978
vt 0.719177 1.164429
vt 0.719177 1.164429
vt 0.699829 1.167847
vt 0.695190 1.151978
vt 0.689819 1.166565
vt 0.534119 1.147034
vt 0.496521 1.166260
vt 0.475525 1.106140
vt 0.459534 1.135132
vt 0.481445 1.216187
vt 0.527344 1.210693
vt 0.482117 1.232727
vt 0.534058 1.226379
vt 0.543945 1.154785
vt 0.556763 1.154968
vt 0.541870 1.168152
vt 0.555969 1.170715
vt 0.470886 1.049805
vt 0.480347 1.037964
vt 0.475525 1.106140
vt 0.534058 1.054504
vt 0.470886 1.049805
vt 0.475525 1.106140
vt 0.431213 1.084045
vt 0.459534 1.135132
vt 0.412842 1.245056
vt 0.413757 1.261047
vt 0.367981 1.243958
vt 0.362915 1.259766
vt 0.346741 1.191467
vt 0.349976 1.204224
vt 0.334351 1.192871
vt 0.336609 1.208008
vt 0.471741 1.195374
vt 0.496521 1.166260
vt 0.530640 1.163940
vt 0.534119 1.147034
vt 0.456360 1.873596
vt 0.497864 1.874390
vt 0.455261 1.886108
vt 0.500183 1.887573
vt 0.459534 1.135132
vt 0.457581 1.147949
vt 0.405823 1.135681
vt 0.408020 1.148438
vt 0.413757 1.261047
vt 0.412842 1.245056
vt 0.436035 1.260132
vt 0.436768 1.244080
vt 0.349976 1.204224
vt 0.367981 1.243958
vt 0.336609 1.208008
vt 0.362915 1.259766
vt 0.695190 1.151978
vt 0.706421 1.143677
vt 0.718872 1.151917
vt 0.712219 1.143188
vt 0.459534 1.135132
vt 0.405823 1.135681
vt 0.431213 1.084045
vt 0.387390 1.106812
vt 0.390198 1.049683
vt 0.387390 1.106812
vt 0.379883 1.037537
vt 0.322815 1.055481
vt 0.322815 1.055481
vt 0.387390 1.106812
vt 0.322632 1.106995
vt 0.322754 1.151001
vt 0.322754 1.151001
vt 0.387390 1.106812
vt 0.367737 1.169006
vt 0.405823 1.135681
vt 0.482117 1.232727
vt 0.459167 1.234009
vt 0.481445 1.216187
vt 0.456848 1.217590
vt 0.387390 1.106812
vt 0.390198 1.049683
vt 0.431213 1.084045
vt 0.470886 1.049805
vt 0.534058 1.054504
vt 0.534058 1.105347
vt 0.475525 1.106140
vt 0.534119 1.147034
vt 0.720032 1.195190
vt 0.696350 1.196411
vt 0.722107 1.184692
vt 0.719604 1.182678
vt 0.459167 1.234009
vt 0.405029 1.236206
vt 0.456848 1.217590
vt 0.398254 1.220032
vt 0.395020 1.237061
vt 0.544434 1.146362
vt 0.534058 1.105347
vt 0.580139 1.104004
vt 0.581421 1.080139
vt 0.534058 1.054504
vt 0.690186 1.182129
vt 0.700134 1.180298
vt 0.696350 1.196411
vt 0.719604 1.182678
vt 0.699829 1.167847
vt 0.719177 1.164429
vt 0.018555 1.066772
vt 0.059143 1.088867
vt 0.057190 1.063721
vt 0.031860 1.479431
vt 0.012817 1.437439
vt 0.006409 1.475098
vt 0.899109 1.429382
vt 0.907410 1.473389
vt 0.905212 1.432983
vt 0.415222 1.492065
vt 0.475586 1.529053
vt 0.475586 1.487183
vt 0.831787 1.815430
vt 0.868835 1.797791
vt 0.881287 1.830566
vt 0.036865 1.499451
vt 0.054321 1.438599
vt 0.031860 1.479431
vt 0.760864 1.102539
vt 0.759644 1.102417
vt 0.760315 1.095642
vt 0.787476 1.097900
vt 0.788330 1.097412
vt 0.790466 1.102295
vt 0.881287 1.830566
vt 0.896729 1.878601
vt 0.863647 1.894897
vt 0.766663 1.109863
vt 0.770630 1.094604
vt 0.773315 1.110229
vt 0.866699 1.984802
vt 0.815979 1.988953
vt 0.820923 1.952271
vt 0.765259 1.988525
vt 0.820923 1.952271
vt 0.908142 1.928162
vt 0.866699 1.984802
vt 0.916260 1.977539
vt 0.798218 1.839417
vt 0.831787 1.815430
vt 0.808777 1.877441
vt 0.881287 1.830566
vt 0.881287 1.830566
vt 0.863647 1.894897
vt 0.808777 1.877441
vt 0.820923 1.952271
vt 0.820923 1.952271
vt 0.863647 1.894897
vt 0.908142 1.928162
vt 0.896729 1.878601
vt 0.906677 1.693542
vt 0.914001 1.695007
vt 0.906677 1.736511
vt 0.913635 1.737488
vt 0.791016 1.108948
vt 0.790222 1.108398
vt 0.790466 1.102295
vt 0.787476 1.097900
vt 0.762695 1.089172
vt 0.763855 1.089600
vt 0.760315 1.095642
vt 0.760864 1.102539
vt 0.760132 1.109070
vt 0.759338 1.109680
vt 0.760864 1.102539
vt 0.759644 1.102417
vt 0.766663 1.109863
vt 0.766541 1.111084
vt 0.760132 1.109070
vt 0.759338 1.109680
vt 0.906067 1.552063
vt 0.914001 1.551147
vt 0.906372 1.588684
vt 0.914062 1.588013
vt 0.765442 1.085327
vt 0.763855 1.089600
vt 0.764404 1.084778
vt 0.762695 1.089172
vt 0.906372 1.588684
vt 0.914062 1.588013
vt 0.906433 1.625916
vt 0.914124 1.624756
vt 0.906433 1.625916
vt 0.914124 1.624756
vt 0.906921 1.662537
vt 0.914612 1.663330
vt 0.906921 1.662537
vt 0.914612 1.663330
vt 0.906677 1.693542
vt 0.914001 1.695007
vt 0.363831 1.530579
vt 0.375305 1.569946
vt 0.388489 1.529236
vt 0.388611 1.575012
vt 0.388611 1.575012
vt 0.475708 1.574768
vt 0.388489 1.529236
vt 0.475586 1.529053
vt 0.388611 1.575012
vt 0.388672 1.589233
vt 0.475708 1.574768
vt 0.475830 1.592773
vt 0.388428 1.504517
vt 0.388489 1.529236
vt 0.415222 1.492065
vt 0.475586 1.529053
vt 0.517334 1.525940
vt 0.475586 1.529053
vt 0.493408 1.571350
vt 0.475708 1.574768
vt 0.691833 1.934082
vt 0.704590 1.895325
vt 0.745911 1.947876
vt 0.752075 1.901428
vt 0.820923 1.952271
vt 0.765259 1.988525
vt 0.745911 1.947876
vt 0.714417 1.984680
vt 0.475525 1.613159
vt 0.475830 1.592773
vt 0.394653 1.612061
vt 0.388672 1.589233
vt 0.517334 1.525940
vt 0.513367 1.593262
vt 0.577698 1.530945
vt 0.595215 1.597534
vt 0.517334 1.525940
vt 0.493408 1.571350
vt 0.513367 1.593262
vt 0.494446 1.591736
vt 0.012817 1.437439
vt 0.031860 1.479431
vt 0.025940 1.425171
vt 0.054321 1.438599
vt 0.916443 1.864258
vt 0.919678 1.882141
vt 0.936646 1.860596
vt 0.940247 1.878418
vt 0.016296 1.108643
vt 0.059143 1.088867
vt 0.004944 1.078796
vt 0.018555 1.066772
vt 0.968140 1.955505
vt 0.951843 1.942383
vt 0.951904 1.957581
vt 0.932800 1.944763
vt 0.910828 1.810669
vt 0.932129 1.806519
vt 0.916748 1.768372
vt 0.933777 1.765137
vt 0.947144 1.916565
vt 0.940247 1.878418
vt 0.927185 1.920227
vt 0.919678 1.882141
vt 0.954224 1.983582
vt 0.971436 1.981384
vt 0.951904 1.957581
vt 0.968140 1.955505
vt 0.932129 1.806519
vt 0.910828 1.810669
vt 0.927734 1.829895
vt 0.913330 1.832458
vt 0.927185 1.920227
vt 0.932800 1.944763
vt 0.947144 1.916565
vt 0.951843 1.942383
vt 0.936646 1.860596
vt 0.927734 1.829895
vt 0.916443 1.864258
vt 0.913330 1.832458
vt 0.054321 1.438599
vt 0.036865 1.499451
vt 0.064331 1.459778
vt 0.062561 1.500610
vt 0.916199 1.469971
vt 0.907410 1.473389
vt 0.921570 1.514709
vt 0.905457 1.514160
vt 0.907410 1.473389
vt 0.842224 1.475220
vt 0.905457 1.514160
vt 0.843140 1.518066
vt 0.827393 1.473206
vt 0.824280 1.519470
vt 0.842224 1.475220
vt 0.843140 1.518066
vt 0.842896 1.538757
vt 0.911194 1.530701
vt 0.843140 1.518066
vt 0.905457 1.514160
vt 0.917542 1.432556
vt 0.905212 1.432983
vt 0.916199 1.469971
vt 0.907410 1.473389
vt 0.907410 1.473389
vt 0.899109 1.429382
vt 0.842224 1.475220
vt 0.843628 1.426086
vt 0.843628 1.426086
vt 0.833557 1.428955
vt 0.842224 1.475220
vt 0.827393 1.473206
vt 0.714417 1.984680
vt 0.683472 1.980347
vt 0.745911 1.947876
vt 0.691833 1.934082
vt 0.781433 1.098267
vt 0.770630 1.094604
vt 0.778809 1.094543
vt 0.775085 1.090515
vt 0.765442 1.085327
vt 0.770630 1.094604
vt 0.763855 1.089600
vt 0.760864 1.102539
vt 0.773315 1.110229
vt 0.770630 1.094604
vt 0.781982 1.103455
vt 0.781433 1.098267
vt 0.790222 1.108398
vt 0.783264 1.109680
vt 0.781982 1.103455
vt 0.773315 1.110229
vt 0.775085 1.090515
vt 0.770630 1.094604
vt 0.770447 1.087341
vt 0.765442 1.085327
vt 0.760132 1.109070
vt 0.760864 1.102539
vt 0.766663 1.109863
vt 0.770630 1.094604
vt 0.363831 1.530579
vt 0.363525 1.592285
vt 0.375305 1.569946
vt 0.368896 1.592651
vt 0.394653 1.612061
vt 0.394592 1.617493
vt 0.475525 1.613159
vt 0.475281 1.632141
vt 0.790222 1.108398
vt 0.781982 1.103455
vt 0.787476 1.097900
vt 0.781433 1.098267
vt 0.791016 1.108948
vt 0.786743 1.110596
vt 0.790222 1.108398
vt 0.783264 1.109680
vt 0.780029 1.111511
vt 0.773315 1.110229
vt 0.773254 1.111389
vt 0.766663 1.109863
vt 0.766541 1.111084
vt 0.081909 1.092041
vt 0.059143 1.088867
vt 0.078735 1.117981
vt 0.036072 1.118042
vt 0.016296 1.108643
vt 0.843628 1.426086
vt 0.899109 1.429382
vt 0.843750 1.415344
vt 0.905823 1.416199
vt 0.905212 1.432983
vt 0.798218 1.839417
vt 0.808777 1.877441
vt 0.769897 1.870605
vt 0.752075 1.901428
vt 0.820923 1.952271
vt 0.745911 1.947876
vt 0.143250 1.063416
vt 0.106812 1.063416
vt 0.104980 1.072632
vt 0.143250 1.063416
vt 0.095154 1.047607
vt 0.106812 1.063416
vt 0.108704 1.149475
vt 0.095215 1.142334
vt 0.102356 1.154785
vt 0.085266 1.678528
vt 0.045105 1.721436
vt 0.037842 1.677368
vt 0.981506 1.462952
vt 0.970093 1.548645
vt 0.954712 1.515564
vt 0.824341 1.731567
vt 0.768738 1.812561
vt 0.807312 1.812561
vt 0.831299 1.358643
vt 0.872437 1.399231
vt 0.831299 1.399231
vt 0.774170 1.180115
vt 0.775269 1.185547
vt 0.765625 1.187866
vt 0.064880 1.734924
vt 0.103577 1.694763
vt 0.160339 1.724670
vt 0.739685 1.125061
vt 0.732239 1.144653
vt 0.725647 1.127502
vt 0.708069 1.128479
vt 0.705566 1.129761
vt 0.703186 1.124207
vt 0.772217 1.167480
vt 0.769714 1.158386
vt 0.781860 1.161560
vt 0.073242 1.030823
vt 0.071228 1.016541
vt 0.113403 1.017334
vt 0.959656 1.358215
vt 0.959656 1.397949
vt 0.921143 1.397949
vt 0.703186 1.124207
vt 0.701355 1.111755
vt 0.713196 1.112244
vt 0.733887 1.181335
vt 0.742920 1.188477
vt 0.733154 1.186768
vt 0.735046 1.168579
vt 0.725037 1.163330
vt 0.736938 1.159363
vt 0.946594 1.140808
vt 0.996887 1.148865
vt 0.996887 1.187744
vt 0.736938 1.159363
vt 0.747070 1.158020
vt 0.743713 1.182373
vt 0.535706 1.029907
vt 0.462158 1.026978
vt 0.534668 1.014893
vt 0.463562 1.010071
vt 0.723877 1.016235
vt 0.721924 1.030579
vt 0.681580 1.017822
vt 0.677917 1.030640
vt 0.783752 1.018921
vt 0.779358 1.033142
vt 0.723877 1.016235
vt 0.721924 1.030579
vt 0.944031 1.519226
vt 0.934326 1.481628
vt 0.954712 1.515564
vt 0.981506 1.462952
vt 0.775269 1.185547
vt 0.777527 1.194824
vt 0.765625 1.187866
vt 0.767883 1.199097
vt 0.831299 1.317139
vt 0.794800 1.300659
vt 0.843384 1.268494
vt 0.794800 1.268494
vt 0.934509 1.436768
vt 0.970825 1.444214
vt 0.934326 1.481628
vt 0.981506 1.462952
vt 0.580566 1.030151
vt 0.632751 1.011292
vt 0.677917 1.030640
vt 0.681580 1.017822
vt 0.117065 1.030212
vt 0.162231 1.011597
vt 0.213867 1.030945
vt 0.211121 1.016418
vt 0.721252 1.649719
vt 0.721558 1.812622
vt 0.768494 1.649658
vt 0.768738 1.812561
vt 0.721252 1.649719
vt 0.706848 1.649719
vt 0.721558 1.812622
vt 0.703247 1.812683
vt 0.768738 1.812561
vt 0.824341 1.731567
vt 0.768494 1.649658
vt 0.801941 1.649475
vt 0.769043 1.616211
vt 0.697876 1.627319
vt 0.723694 1.635498
vt 0.686096 1.635315
vt 0.843384 1.142578
vt 0.894958 1.139099
vt 0.843384 1.205688
vt 0.895569 1.205688
vt 0.843384 1.268494
vt 0.896179 1.268494
vt 0.872437 1.336365
vt 0.921143 1.336365
vt 0.721252 1.649719
vt 0.768494 1.649658
vt 0.723694 1.635498
vt 0.769043 1.616211
vt 0.948547 1.750671
vt 0.948730 1.775818
vt 0.971558 1.754639
vt 0.971741 1.779785
vt 0.287292 1.807312
vt 0.270630 1.867737
vt 0.300842 1.822754
vt 0.301208 1.867493
vt 0.981445 1.893738
vt 0.976624 1.871704
vt 0.957031 1.893921
vt 0.948120 1.867798
vt 0.984436 1.677063
vt 0.979492 1.618408
vt 0.952881 1.677185
vt 0.953674 1.618530
vt 0.971741 1.779785
vt 0.948730 1.775818
vt 0.972168 1.834412
vt 0.947815 1.830444
vt 0.955872 1.932312
vt 0.981689 1.932129
vt 0.957031 1.893921
vt 0.981445 1.893738
vt 0.984436 1.677063
vt 0.952881 1.677185
vt 0.971924 1.707153
vt 0.950684 1.707275
vt 0.236633 1.837830
vt 0.236755 1.885864
vt 0.270630 1.867737
vt 0.268188 1.887024
vt 0.947815 1.830444
vt 0.948120 1.867798
vt 0.972168 1.834412
vt 0.976624 1.871704
vt 0.971924 1.707153
vt 0.950684 1.707275
vt 0.971558 1.754639
vt 0.948547 1.750671
vt 0.236633 1.837830
vt 0.270630 1.867737
vt 0.249512 1.816772
vt 0.287292 1.807312
vt 0.143250 1.063416
vt 0.104980 1.072632
vt 0.143921 1.149231
vt 0.108704 1.149475
vt 0.102356 1.154785
vt 0.138794 1.155212
vt 0.108704 1.149475
vt 0.143921 1.149231
vt 0.794800 1.268494
vt 0.794800 1.228577
vt 0.843384 1.268494
vt 0.843384 1.205688
vt 0.778931 1.125793
vt 0.773438 1.143372
vt 0.764771 1.124268
vt 0.752686 1.139404
vt 0.843384 1.205688
vt 0.895569 1.205688
vt 0.843384 1.268494
vt 0.896179 1.268494
vt 0.778931 1.125793
vt 0.778564 1.134399
vt 0.773438 1.143372
vt 0.779846 1.153198
vt 0.872437 1.336365
vt 0.921143 1.336365
vt 0.873840 1.346436
vt 0.919983 1.346069
vt 0.175720 1.671082
vt 0.190674 1.686584
vt 0.144531 1.711121
vt 0.187561 1.723572
vt 0.733154 1.186768
vt 0.742920 1.188477
vt 0.731506 1.196167
vt 0.741394 1.199829
vt 0.258911 1.028992
vt 0.259949 1.013794
vt 0.332336 1.027893
vt 0.331055 1.011169
vt 0.073242 1.030823
vt 0.015869 1.033203
vt 0.071228 1.016541
vt 0.011475 1.018982
vt 0.258911 1.028992
vt 0.213867 1.030945
vt 0.259949 1.013794
vt 0.211121 1.016418
vt 0.921143 1.336365
vt 0.959656 1.358215
vt 0.921143 1.358215
vt 0.921143 1.397949
vt 0.073242 1.030823
vt 0.113403 1.017334
vt 0.117065 1.030212
vt 0.162231 1.011597
vt 0.959656 1.316040
vt 0.946594 1.268494
vt 0.996887 1.298767
vt 0.996887 1.268494
vt 0.736938 1.159363
vt 0.743713 1.182373
vt 0.733887 1.181335
vt 0.742920 1.188477
vt 0.946594 1.140808
vt 0.996887 1.187744
vt 0.946594 1.205688
vt 0.996887 1.226685
vt 0.996887 1.268494
vt 0.946594 1.268494
vt 0.996887 1.226685
vt 0.946594 1.205688
vt 0.665894 1.811768
vt 0.669800 1.656006
vt 0.652100 1.804260
vt 0.657959 1.648499
vt 0.665894 1.811768
vt 0.703247 1.812683
vt 0.669800 1.656006
vt 0.706848 1.649719
vt 0.747620 1.174622
vt 0.747070 1.158020
vt 0.759888 1.174255
vt 0.759521 1.157654
vt 0.781860 1.161560
vt 0.769714 1.158386
vt 0.779846 1.153198
vt 0.773438 1.143372
vt 0.759521 1.157654
vt 0.752686 1.139404
vt 0.747070 1.158020
vt 0.725037 1.163330
vt 0.726501 1.154846
vt 0.736938 1.159363
vt 0.732239 1.144653
vt 0.726562 1.136047
vt 0.725647 1.127502
vt 0.896179 1.268494
vt 0.895569 1.205688
vt 0.946594 1.268494
vt 0.946594 1.205688
vt 0.894958 1.139099
vt 0.946594 1.140808
vt 0.959656 1.358215
vt 0.921143 1.336365
vt 0.959656 1.316040
vt 0.946594 1.268494
vt 0.896179 1.268494
vt 0.111145 1.691223
vt 0.117676 1.682007
vt 0.144531 1.711121
vt 0.175720 1.671082
vt 0.090271 1.657898
vt 0.713196 1.112244
vt 0.717407 1.117004
vt 0.703186 1.124207
vt 0.708069 1.128479
vt 0.717773 1.142456
vt 0.765625 1.187866
vt 0.764404 1.181824
vt 0.774170 1.180115
vt 0.769714 1.158386
vt 0.759521 1.157654
vt 0.736938 1.159363
vt 0.732239 1.144653
vt 0.747070 1.158020
vt 0.752686 1.139404
vt 0.739685 1.125061
vt 0.764771 1.124268
vt 0.794800 1.228577
vt 0.794800 1.189697
vt 0.843384 1.205688
vt 0.843384 1.142578
vt 0.794800 1.151672
vt 0.872437 1.399231
vt 0.831299 1.358643
vt 0.872437 1.358643
vt 0.872437 1.336365
vt 0.831299 1.317139
vt 0.843384 1.268494
vt 0.331055 1.011169
vt 0.397034 1.001892
vt 0.332336 1.027893
vt 0.462158 1.026978
vt 0.463562 1.010071
vt 0.632751 1.011292
vt 0.580566 1.030151
vt 0.583069 1.015381
vt 0.534668 1.014893
vt 0.535706 1.029907
vt 0.045105 1.721436
vt 0.085266 1.678528
vt 0.064880 1.734924
vt 0.103577 1.694763
vt 0.107300 1.684937
vt 0.688110 1.844604
vt 0.771057 1.851074
vt 0.687195 1.828979
vt 0.724487 1.830750
vt 0.768738 1.812561
vt 0.721558 1.812622
vt 0.108704 1.149475
vt 0.104980 1.072632
vt 0.095215 1.142334
vt 0.087036 1.072693
vt 0.106812 1.063416
vt 0.108704 1.149475
vt 0.102356 1.154785
vt 0.095215 1.142334
vt 0.087036 1.072693
vt 0.106812 1.063416
vt 0.104980 1.072632
vt 0.143250 1.063416
vt 0.104980 1.072632
vt 0.106812 1.063416
vt 0.143250 1.063416
vt 0.106812 1.063416
vt 0.095154 1.047607
vt 0.397034 1.001892
vt 0.462158 1.026978
vt 0.463562 1.010071
vt 0.896179 1.268494
vt 0.921143 1.336365
vt 0.946594 1.268494
vt 0.103577 1.694763
vt 0.107300 1.684937
vt 0.085266 1.678528
vt 0.085266 1.678528
vt 0.037842 1.677368
vt 0.045105 1.721436
vt 0.534668 1.014893
vt 0.535706 1.029907
vt 0.580566 1.030151
vt 0.831299 1.358643
vt 0.831299 1.399231
vt 0.872437 1.399231
vt 0.843384 1.142578
vt 0.794800 1.151672
vt 0.794800 1.189697
vt 0.774170 1.180115
vt 0.765625 1.187866
vt 0.775269 1.185547
vt 0.772217 1.167480
vt 0.781860 1.161560
vt 0.769714 1.158386
vt 0.769714 1.158386
vt 0.759521 1.157654
vt 0.764404 1.181824
vt 0.703186 1.124207
vt 0.713196 1.112244
vt 0.701355 1.111755
vt 0.175720 1.671082
vt 0.090271 1.657898
vt 0.117676 1.682007
vt 0.717407 1.117004
vt 0.708069 1.128479
vt 0.717773 1.142456
vt 0.959656 1.358215
vt 0.921143 1.397949
vt 0.959656 1.397949
vt 0.733887 1.181335
vt 0.733154 1.186768
vt 0.742920 1.188477
vt 0.735046 1.168579
vt 0.736938 1.159363
vt 0.725037 1.163330
vt 0.462158 1.026978
vt 0.397034 1.001892
vt 0.332336 1.027893
vt 0.331055 1.011169
vt 0.752686 1.139404
vt 0.759521 1.157654
vt 0.773438 1.143372
vt 0.769714 1.158386
vt 0.775269 1.185547
vt 0.765625 1.187866
vt 0.777527 1.194824
vt 0.767883 1.199097
vt 0.934509 1.436768
vt 0.934326 1.481628
vt 0.970825 1.444214
vt 0.981506 1.462952
vt 0.721252 1.649719
vt 0.768494 1.649658
vt 0.721558 1.812622
vt 0.768738 1.812561
vt 0.721252 1.649719
vt 0.721558 1.812622
vt 0.706848 1.649719
vt 0.703247 1.812683
vt 0.771057 1.851074
vt 0.724487 1.830750
vt 0.768738 1.812561
vt 0.721558 1.812622
vt 0.769043 1.616211
vt 0.723694 1.635498
vt 0.697876 1.627319
vt 0.686096 1.635315
vt 0.657959 1.648499
vt 0.669800 1.656006
vt 0.652100 1.804260
vt 0.665894 1.811768
vt 0.724487 1.830750
vt 0.771057 1.851074
vt 0.687195 1.828979
vt 0.688110 1.844604
vt 0.706848 1.649719
vt 0.703247 1.812683
vt 0.669800 1.656006
vt 0.665894 1.811768
vt 0.721252 1.649719
vt 0.723694 1.635498
vt 0.768494 1.649658
vt 0.769043 1.616211
vt 0.535706 1.029907
vt 0.534668 1.014893
vt 0.462158 1.026978
vt 0.463562 1.010071
vt 0.721924 1.030579
vt 0.779358 1.033142
vt 0.723877 1.016235
vt 0.783752 1.018921
vt 0.981445 1.893738
vt 0.957031 1.893921
vt 0.976624 1.871704
vt 0.948120 1.867798
vt 0.953674 1.618530
vt 0.979492 1.618408
vt 0.952881 1.677185
vt 0.984436 1.677063
vt 0.971741 1.779785
vt 0.972168 1.834412
vt 0.948730 1.775818
vt 0.947815 1.830444
vt 0.981445 1.893738
vt 0.981689 1.932129
vt 0.957031 1.893921
vt 0.955872 1.932312
vt 0.984436 1.677063
vt 0.971924 1.707153
vt 0.952881 1.677185
vt 0.950684 1.707275
vt 0.268188 1.887024
vt 0.236755 1.885864
vt 0.270630 1.867737
vt 0.236633 1.837830
vt 0.976624 1.871704
vt 0.948120 1.867798
vt 0.972168 1.834412
vt 0.947815 1.830444
vt 0.971924 1.707153
vt 0.971558 1.754639
vt 0.950684 1.707275
vt 0.948547 1.750671
vt 0.236633 1.837830
vt 0.249512 1.816772
vt 0.270630 1.867737
vt 0.287292 1.807312
vt 0.108704 1.149475
vt 0.104980 1.072632
vt 0.143921 1.149231
vt 0.143250 1.063416
vt 0.102356 1.154785
vt 0.108704 1.149475
vt 0.138794 1.155212
vt 0.143921 1.149231
vt 0.087036 1.072693
vt 0.104980 1.072632
vt 0.095215 1.142334
vt 0.108704 1.149475
vt 0.843384 1.268494
vt 0.831299 1.317139
vt 0.872437 1.336365
vt 0.831299 1.358643
vt 0.831299 1.317139
vt 0.843384 1.268494
vt 0.794800 1.300659
vt 0.794800 1.268494
vt 0.872437 1.336365
vt 0.831299 1.358643
vt 0.872437 1.358643
vt 0.872437 1.399231
vt 0.843384 1.142578
vt 0.794800 1.189697
vt 0.843384 1.205688
vt 0.794800 1.228577
vt 0.794800 1.268494
vt 0.843384 1.268494
vt 0.794800 1.228577
vt 0.843384 1.205688
vt 0.769714 1.158386
vt 0.764404 1.181824
vt 0.774170 1.180115
vt 0.765625 1.187866
vt 0.175720 1.671082
vt 0.144531 1.711121
vt 0.190674 1.686584
vt 0.187561 1.723572
vt 0.733154 1.186768
vt 0.731506 1.196167
vt 0.742920 1.188477
vt 0.741394 1.199829
vt 0.872437 1.336365
vt 0.873840 1.346436
vt 0.921143 1.336365
vt 0.919983 1.346069
vt 0.011475 1.018982
vt 0.015869 1.033203
vt 0.071228 1.016541
vt 0.073242 1.030823
vt 0.111145 1.691223
vt 0.144531 1.711121
vt 0.117676 1.682007
vt 0.175720 1.671082
vt 0.211121 1.016418
vt 0.213867 1.030945
vt 0.259949 1.013794
vt 0.258911 1.028992
vt 0.258911 1.028992
vt 0.332336 1.027893
vt 0.259949 1.013794
vt 0.331055 1.011169
vt 0.959656 1.316040
vt 0.996887 1.298767
vt 0.946594 1.268494
vt 0.996887 1.268494
vt 0.996887 1.268494
vt 0.996887 1.226685
vt 0.946594 1.268494
vt 0.946594 1.205688
vt 0.946594 1.141541
vt 0.894958 1.139099
vt 0.946594 1.205688
vt 0.895569 1.205688
vt 0.946594 1.205688
vt 0.895569 1.205688
vt 0.946594 1.268494
vt 0.896179 1.268494
vt 0.287292 1.807312
vt 0.300842 1.822754
vt 0.270630 1.867737
vt 0.301208 1.867493
vt 0.948547 1.750671
vt 0.971558 1.754639
vt 0.948730 1.775818
vt 0.971741 1.779785
vt 0.747620 1.174622
vt 0.759888 1.174255
vt 0.747070 1.158020
vt 0.759521 1.157654
vt 0.713196 1.112244
vt 0.703186 1.124207
vt 0.717407 1.117004
vt 0.708069 1.128479
vt 0.705566 1.129761
vt 0.726501 1.154846
vt 0.732239 1.144653
vt 0.726562 1.136047
vt 0.725647 1.127502
vt 0.739685 1.125061
vt 0.742920 1.188477
vt 0.743713 1.182373
vt 0.733887 1.181335
vt 0.736938 1.159363
vt 0.747070 1.158020
vt 0.725037 1.163330
vt 0.736938 1.159363
vt 0.726501 1.154846
vt 0.732239 1.144653
vt 0.747070 1.158020
vt 0.752686 1.139404
vt 0.759521 1.157654
vt 0.996887 1.226685
vt 0.996887 1.187744
vt 0.946594 1.205688
vt 0.946594 1.141541
vt 0.996887 1.149658
vt 0.921143 1.397949
vt 0.959656 1.358215
vt 0.921143 1.358215
vt 0.921143 1.336365
vt 0.959656 1.316040
vt 0.946594 1.268494
vt 0.211121 1.016418
vt 0.162231 1.011597
vt 0.213867 1.030945
vt 0.117065 1.030212
vt 0.113403 1.017334
vt 0.073242 1.030823
vt 0.071228 1.016541
vt 0.732239 1.144653
vt 0.752686 1.139404
vt 0.739685 1.125061
vt 0.764771 1.124268
vt 0.773438 1.143372
vt 0.778931 1.125793
vt 0.781860 1.161560
vt 0.779846 1.153198
vt 0.769714 1.158386
vt 0.773438 1.143372
vt 0.778564 1.134399
vt 0.778931 1.125793
vt 0.921143 1.336365
vt 0.896179 1.268494
vt 0.872437 1.336365
vt 0.843384 1.268494
vt 0.895569 1.205688
vt 0.843384 1.205688
vt 0.894958 1.139099
vt 0.843384 1.142578
vt 0.723877 1.016235
vt 0.681580 1.017822
vt 0.721924 1.030579
vt 0.677917 1.030640
vt 0.632751 1.011292
vt 0.580566 1.030151
vt 0.583069 1.015381
vt 0.534668 1.014893
vt 0.045105 1.721436
vt 0.064880 1.734924
vt 0.085266 1.678528
vt 0.103577 1.694763
vt 0.160339 1.724670
vt 0.944031 1.519226
vt 0.954712 1.515564
vt 0.934326 1.481628
vt 0.981506 1.462952
vt 0.970093 1.548645
vt 0.801941 1.649475
vt 0.824341 1.731567
vt 0.768494 1.649658
vt 0.768738 1.812561
vt 0.807312 1.812561
vt 0.905823 1.416199
vt 0.905212 1.432983
vt 0.899109 1.429382
vt 0.018555 1.066772
vt 0.057190 1.063721
vt 0.059143 1.088867
vt 0.842224 1.475220
vt 0.843628 1.426086
vt 0.899109 1.429382
vt 0.831787 1.815430
vt 0.881287 1.830566
vt 0.868835 1.797791
vt 0.760864 1.102539
vt 0.760315 1.095642
vt 0.759644 1.102417
vt 0.036865 1.499451
vt 0.031860 1.479431
vt 0.054321 1.438599
vt 0.787476 1.097900
vt 0.790466 1.102295
vt 0.788330 1.097412
vt 0.798218 1.839417
vt 0.808777 1.877441
vt 0.831787 1.815430
vt 0.881287 1.830566
vt 0.752075 1.901428
vt 0.808777 1.877441
vt 0.769897 1.870605
vt 0.798218 1.839417
vt 0.820923 1.952271
vt 0.908142 1.928162
vt 0.863647 1.894897
vt 0.896729 1.878601
vt 0.906677 1.693542
vt 0.906677 1.736511
vt 0.914001 1.695007
vt 0.913635 1.737488
vt 0.791016 1.108948
vt 0.790466 1.102295
vt 0.790222 1.108398
vt 0.787476 1.097900
vt 0.773315 1.110229
vt 0.780029 1.111511
vt 0.783264 1.109680
vt 0.786743 1.110596
vt 0.820923 1.952271
vt 0.866699 1.984802
vt 0.908142 1.928162
vt 0.916260 1.977539
vt 0.762695 1.089172
vt 0.760315 1.095642
vt 0.763855 1.089600
vt 0.760864 1.102539
vt 0.766663 1.109863
vt 0.773254 1.111389
vt 0.773315 1.110229
vt 0.780029 1.111511
vt 0.760132 1.109070
vt 0.760864 1.102539
vt 0.759338 1.109680
vt 0.759644 1.102417
vt 0.762695 1.089172
vt 0.763855 1.089600
vt 0.764404 1.084778
vt 0.765442 1.085327
vt 0.791016 1.108948
vt 0.790222 1.108398
vt 0.786743 1.110596
vt 0.783264 1.109680
vt 0.388611 1.575012
vt 0.375305 1.569946
vt 0.388489 1.529236
vt 0.363831 1.530579
vt 0.388611 1.575012
vt 0.388489 1.529236
vt 0.475708 1.574768
vt 0.475586 1.529053
vt 0.388611 1.575012
vt 0.475708 1.574768
vt 0.388672 1.589233
vt 0.475830 1.592773
vt 0.781433 1.098267
vt 0.778809 1.094543
vt 0.770630 1.094604
vt 0.775085 1.090515
vt 0.714417 1.984680
vt 0.745911 1.947876
vt 0.683472 1.980347
vt 0.691833 1.934082
vt 0.394653 1.612061
vt 0.475525 1.613159
vt 0.394592 1.617493
vt 0.475281 1.632141
vt 0.388672 1.589233
vt 0.475830 1.592773
vt 0.394653 1.612061
vt 0.475525 1.613159
vt 0.517334 1.525940
vt 0.577698 1.530945
vt 0.513367 1.593262
vt 0.595215 1.597534
vt 0.494446 1.591736
vt 0.493408 1.571350
vt 0.513367 1.593262
vt 0.517334 1.525940
vt 0.916443 1.864258
vt 0.936646 1.860596
vt 0.919678 1.882141
vt 0.940247 1.878418
vt 0.968140 1.955505
vt 0.951904 1.957581
vt 0.951843 1.942383
vt 0.932800 1.944763
vt 0.919678 1.882141
vt 0.940247 1.878418
vt 0.927185 1.920227
vt 0.947144 1.916565
vt 0.968140 1.955505
vt 0.971436 1.981384
vt 0.951904 1.957581
vt 0.954224 1.983582
vt 0.036072 1.118042
vt 0.059143 1.088867
vt 0.078735 1.117981
vt 0.081909 1.092041
vt 0.951843 1.942383
vt 0.932800 1.944763
vt 0.947144 1.916565
vt 0.927185 1.920227
vt 0.913330 1.832458
vt 0.927734 1.829895
vt 0.916443 1.864258
vt 0.936646 1.860596
vt 0.054321 1.438599
vt 0.064331 1.459778
vt 0.036865 1.499451
vt 0.062561 1.500610
vt 0.827393 1.473206
vt 0.842224 1.475220
vt 0.824280 1.519470
vt 0.843140 1.518066
vt 0.842896 1.538757
vt 0.843140 1.518066
vt 0.911194 1.530701
vt 0.905457 1.514160
vt 0.827393 1.473206
vt 0.833557 1.428955
vt 0.842224 1.475220
vt 0.843628 1.426086
vt 0.905823 1.416199
vt 0.899109 1.429382
vt 0.843750 1.415344
vt 0.843628 1.426086
vt 0.765442 1.085327
vt 0.763855 1.089600
vt 0.770630 1.094604
vt 0.760864 1.102539
vt 0.790222 1.108398
vt 0.781982 1.103455
vt 0.783264 1.109680
vt 0.773315 1.110229
vt 0.775085 1.090515
vt 0.770447 1.087341
vt 0.770630 1.094604
vt 0.765442 1.085327
vt 0.760132 1.109070
vt 0.766663 1.109863
vt 0.760864 1.102539
vt 0.770630 1.094604
vt 0.475708 1.574768
vt 0.475586 1.529053
vt 0.493408 1.571350
vt 0.517334 1.525940
vt 0.363831 1.530579
vt 0.375305 1.569946
vt 0.363525 1.592285
vt 0.368896 1.592651
vt 0.790222 1.108398
vt 0.787476 1.097900
vt 0.781982 1.103455
vt 0.781433 1.098267
vt 0.388428 1.504517
vt 0.415222 1.492065
vt 0.388489 1.529236
vt 0.475586 1.529053
vt 0.475586 1.487183
vt 0.808777 1.877441
vt 0.752075 1.901428
vt 0.820923 1.952271
vt 0.745911 1.947876
vt 0.704590 1.895325
vt 0.691833 1.934082
vt 0.714417 1.984680
vt 0.765259 1.988525
vt 0.745911 1.947876
vt 0.820923 1.952271
vt 0.815979 1.988953
vt 0.866699 1.984802
vt 0.820923 1.952271
vt 0.863647 1.894897
vt 0.808777 1.877441
vt 0.881287 1.830566
vt 0.896729 1.878601
vt 0.759338 1.109680
vt 0.766541 1.111084
vt 0.760132 1.109070
vt 0.766663 1.109863
vt 0.773254 1.111389
vt 0.914001 1.695007
vt 0.914612 1.663330
vt 0.906677 1.693542
vt 0.906921 1.662537
vt 0.914124 1.624756
vt 0.906433 1.625916
vt 0.914062 1.588013
vt 0.906372 1.588684
vt 0.914001 1.551147
vt 0.906067 1.552063
vt 0.781433 1.098267
vt 0.770630 1.094604
vt 0.781982 1.103455
vt 0.773315 1.110229
vt 0.766663 1.109863
vt 0.054321 1.438599
vt 0.031860 1.479431
vt 0.025940 1.425171
vt 0.012817 1.437439
vt 0.006409 1.475098
vt 0.018555 1.066772
vt 0.059143 1.088867
vt 0.004944 1.078796
vt 0.016296 1.108643
vt 0.036072 1.118042
vt 0.913330 1.832458
vt 0.910828 1.810669
vt 0.927734 1.829895
vt 0.932129 1.806519
vt 0.916748 1.768372
vt 0.933777 1.765137
vt 0.917542 1.432556
vt 0.916199 1.469971
vt 0.905212 1.432983
vt 0.907410 1.473389
vt 0.921570 1.514709
vt 0.905457 1.514160
vt 0.905212 1.432983
vt 0.907410 1.473389
vt 0.899109 1.429382
vt 0.842224 1.475220
vt 0.905457 1.514160
vt 0.843140 1.518066
vn 0.0000 0.1043 0.9945
vn 0.6733 -0.0619 0.7368
vn 0.5703 -0.0183 0.8212
vn 0.6851 -0.0993 0.7216
vn 0.7716 -0.2869 0.5677
vn 0.8868 -0.0303 0.4611
vn -0.5703 -0.0183 0.8212
vn -0.6733 -0.0619 0.7368
vn 0.6851 -0.0993 -0.7216
vn 0.8868 -0.0303 -0.4611
vn 0.7716 -0.2869 -0.5677
vn 0.0634 0.2905 -0.9548
vn 0.0634 0.2905 0.9548
vn -0.0379 0.2805 -0.9591
vn -0.6034 -0.2701 0.7503
vn -0.8605 -0.0941 0.5006
vn -0.5481 -0.5181 0.6567
vn -0.6034 -0.2701 -0.7503
vn -0.5481 -0.5181 -0.6567
vn -0.8605 -0.0941 -0.5006
vn -0.1257 0.9603 -0.2492
vn -0.1378 0.9589 -0.2481
vn -0.1083 0.9357 -0.3359
vn 0.1298 0.9705 0.2031
vn 0.1902 0.9605 0.2032
vn 0.1385 0.9463 0.2922
vn -0.0380 0.2804 0.9591
vn 0.8188 -0.0890 0.5671
vn 0.8319 -0.0181 0.5546
vn 0.5675 0.0083 0.8233
vn -0.6769 0.3692 0.6368
vn -0.5102 0.6098 0.6065
vn -0.6344 0.3254 0.7012
vn -0.8188 -0.0890 0.5671
vn -0.5675 0.0083 0.8233
vn -0.8319 -0.0181 0.5546
vn 0.7723 -0.0903 -0.6288
vn 0.6770 0.1932 -0.7101
vn 0.4959 0.0113 -0.8683
vn 0.9513 0.3081 -0.0000
vn 0.6349 -0.0765 -0.7688
vn 0.5285 -0.1536 -0.8349
vn 0.7642 -0.1453 -0.6284
vn -0.7723 -0.0903 -0.6288
vn -0.4959 0.0113 -0.8683
vn -0.6770 0.1932 -0.7101
vn -0.9513 0.3081 -0.0000
vn -0.6349 -0.0765 -0.7688
vn -0.7642 -0.1453 -0.6284
vn -0.5285 -0.1536 -0.8349
vn 0.0061 1.0000 -0.0044
vn 0.0118 0.9999 -0.0029
vn 0.0048 1.0000 -0.0034
vn -0.9882 -0.0820 0.1294
vn -0.8729 -0.2503 0.4188
vn -0.9436 -0.1388 0.3004
vn -0.2474 -0.0072 -0.9689
vn -0.3547 -0.2742 -0.8939
vn -0.5075 -0.0502 -0.8602
vn -0.0000 -0.9763 0.2163
vn -0.1658 -0.9093 0.3817
vn -0.2327 -0.9717 0.0394
vn 0.0050 0.0084 -1.0000
vn 0.0048 0.0091 -0.9999
vn 0.0057 0.0081 -1.0000
vn 0.0174 -0.0052 0.9998
vn 0.0205 -0.0084 0.9998
vn 0.0183 -0.0047 0.9998
vn 0.3474 -0.9251 -0.1535
vn 0.4015 -0.8759 -0.2677
vn 0.3447 -0.9286 -0.1376
vn 0.0007 -0.0005 1.0000
vn 0.0006 0.0006 1.0000
vn 0.0005 0.0001 1.0000
vn 0.3272 -0.9396 0.1003
vn 0.3359 -0.9376 0.0893
vn 0.3447 -0.9286 0.1377
vn -0.9675 -0.2528 -0.0000
vn -0.9935 -0.0425 -0.1058
vn -0.8937 -0.2427 -0.3774
vn -0.0061 1.0000 -0.0044
vn -0.0048 1.0000 -0.0034
vn -0.0118 0.9999 -0.0029
vn 0.0000 1.0000 0.0000
vn 0.0020 1.0000 -0.0019
vn -0.0050 0.0084 -1.0000
vn -0.0057 0.0081 -1.0000
vn -0.0048 0.0091 -0.9999
vn -0.0057 0.0081 1.0000
vn -0.0050 0.0084 1.0000
vn -0.0048 0.0091 0.9999
vn 0.9882 -0.0820 0.1294
vn 0.9436 -0.1388 0.3004
vn 0.8729 -0.2503 0.4188
vn -0.3474 -0.9251 -0.1535
vn -0.3447 -0.9286 -0.1376
vn -0.4015 -0.8759 -0.2677
vn -0.0007 -0.0005 1.0000
vn -0.0005 0.0001 1.0000
vn -0.0006 0.0006 1.0000
vn -0.3272 -0.9396 0.1003
vn -0.3447 -0.9286 0.1377
vn -0.3359 -0.9376 0.0893
vn 0.2474 -0.0071 -0.9689
vn 0.4573 0.3010 -0.8368
vn 0.5075 -0.0502 -0.8602
vn 0.9675 -0.2528 -0.0000
vn 0.8937 -0.2427 -0.3774
vn 0.9935 -0.0425 -0.1058
vn 0.2747 -0.2337 0.9327
vn 0.5341 -0.2656 0.8026
vn 0.4949 -0.1420 0.8573
vn 0.9238 0.3828 0.0000
vn 0.9767 0.2147 0.0000
vn 0.9842 -0.1502 0.0941
vn 0.9958 -0.0000 -0.0915
vn 0.9543 -0.1356 0.2664
vn -0.5618 -0.8273 -0.0004
vn -0.5616 -0.8274 -0.0002
vn -0.5614 -0.8276 -0.0000
vn 0.0007 -0.0028 1.0000
vn 0.0000 -0.0035 1.0000
vn 0.0000 -0.0029 1.0000
vn -0.0007 -0.0028 1.0000
vn -0.0021 -0.0021 1.0000
vn 0.0000 -0.0034 1.0000
vn -0.0008 -0.0043 1.0000
vn -0.0000 -0.0056 1.0000
vn -0.8461 -0.2135 0.4884
vn -0.8515 -0.2092 0.4809
vn -0.8514 -0.2092 0.4809
vn -0.8567 -0.2048 0.4734
vn 0.0000 1.0000 -0.0033
vn -0.0002 1.0000 -0.0025
vn 0.0000 1.0000 -0.0017
vn -0.0018 1.0000 -0.0047
vn -0.0147 0.9999 0.0037
vn -0.7204 0.0000 -0.6936
vn -0.9138 0.0000 -0.4062
vn -0.8293 0.0000 -0.5589
vn -0.4015 -0.8759 0.2677
vn -0.3447 -0.9286 0.1376
vn -0.3474 -0.9251 0.1534
vn -0.0062 0.0077 1.0000
vn -0.0077 0.0074 0.9999
vn -0.3359 -0.9376 -0.0893
vn -0.3447 -0.9286 -0.1377
vn -0.3272 -0.9396 -0.1003
vn -0.0077 0.0074 -0.9999
vn -0.0062 0.0077 -1.0000
vn -0.0003 0.0006 -1.0000
vn -0.0004 0.0005 -1.0000
vn -0.0007 0.0005 -1.0000
vn -0.4770 0.8385 0.2635
vn -0.4624 0.8472 0.2617
vn -0.4491 0.8549 0.2599
vn -0.0008 -0.0028 1.0000
vn -0.0015 -0.0026 1.0000
vn -0.0020 -0.0022 1.0000
vn 0.6620 0.1676 -0.7306
vn 0.5835 0.1725 -0.7936
vn 0.5165 0.1752 -0.8382
vn 0.9504 0.2943 0.1010
vn 0.9571 0.2661 0.1147
vn 0.9620 0.2422 0.1262
vn 0.5165 0.1752 0.8382
vn 0.5835 0.1725 0.7936
vn 0.6620 0.1676 0.7306
vn 0.9467 0.3221 -0.0000
vn 0.9620 0.2422 -0.1262
vn 0.9571 0.2661 -0.1147
vn 0.9504 0.2943 -0.1010
vn 0.9006 -0.4178 0.1201
vn 0.8296 -0.5583 -0.0001
vn 0.8887 -0.4485 -0.0955
vn 0.8295 -0.5584 -0.0003
vn -0.0032 -0.0024 1.0000
vn -0.0020 0.0007 1.0000
vn -0.0015 -0.0007 1.0000
vn -0.0009 -0.0002 1.0000
vn 0.0311 0.0118 -0.9994
vn 0.0026 -0.0121 -0.9999
vn 0.0113 -0.0407 -0.9991
vn 0.0003 -0.0239 -0.9997
vn -0.2354 -0.7572 -0.6092
vn -0.0000 -0.6983 -0.7158
vn -0.0000 -0.8753 -0.4836
vn 0.2354 -0.7572 -0.6092
vn 0.7371 0.0041 -0.6758
vn 0.6738 -0.2600 -0.6916
vn 0.8638 -0.0418 -0.5021
vn 0.1410 0.8655 -0.4807
vn 0.2770 0.6378 -0.7187
vn 0.2014 0.9168 -0.3448
vn 0.4631 0.6247 -0.6288
vn 0.4631 0.6247 -0.6287
vn 0.3479 0.8988 -0.2669
vn 0.6021 0.6493 -0.4647
vn -0.0003 0.0006 1.0000
vn -0.0004 0.0005 1.0000
vn -0.0007 0.0005 1.0000
vn 0.6751 0.6142 -0.4087
vn 0.3479 0.8987 -0.2669
vn 0.1448 0.9761 -0.1619
vn 0.3092 0.0784 -0.9477
vn -0.4472 0.1718 -0.8778
vn 0.3666 0.5658 -0.7386
vn -0.3922 0.6921 -0.6059
vn -0.7506 0.5757 0.3242
vn -0.9022 0.3164 -0.2931
vn -0.9008 0.2135 0.3781
vn -0.9481 0.0784 -0.3080
vn -0.6394 -0.0000 -0.7688
vn 0.5823 -0.0000 -0.8130
vn 0.3402 0.0000 -0.9404
vn 0.0915 -0.0000 -0.9958
vn 0.7688 0.0000 -0.6394
vn 0.8130 -0.0000 0.5823
vn 0.9404 0.0000 0.3402
vn 0.9958 -0.0000 0.0915
vn 0.6394 0.0000 0.7688
vn -0.0915 0.0000 0.9958
vn -0.4344 -0.1337 0.8907
vn -0.2688 -0.1475 0.9518
vn -0.7493 -0.2236 0.6233
vn -0.5670 -0.0000 0.8237
vn -0.5670 0.0000 -0.8237
vn -1.0000 0.0000 0.0000
vn -0.8561 0.2208 -0.4672
vn -0.8104 0.3484 -0.4710
vn -0.7630 0.2265 -0.6055
vn -0.6413 0.3761 -0.6688
vn -0.7371 0.0041 -0.6758
vn -0.8638 -0.0418 -0.5021
vn -0.3372 -0.5312 -0.7773
vn 0.0000 -0.5000 -0.8660
vn -0.4573 0.3010 -0.8368
vn -0.5076 -0.0502 -0.8602
vn -0.5158 0.4713 -0.7154
vn -0.2982 0.5203 -0.8002
vn 0.0000 0.2857 -0.9583
vn -0.0000 -0.0000 -1.0000
vn 0.0000 -0.2860 -0.9582
vn -0.6345 -0.4438 -0.6328
vn -0.4403 -0.5982 -0.6696
vn -0.3687 0.6385 -0.6755
vn -0.2147 0.7065 -0.6744
vn -0.9006 -0.4178 0.1201
vn -0.8887 -0.4485 -0.0955
vn -0.8937 -0.2427 -0.3775
vn -0.1658 -0.9093 -0.3818
vn -0.0000 -0.9763 -0.2163
vn -0.2744 0.2321 0.9332
vn -0.2462 0.6868 0.6838
vn -0.5588 0.1992 0.8050
vn -0.4040 0.7084 0.5788
vn -0.9767 0.2147 -0.0000
vn -0.6542 -0.4044 0.6391
vn -0.4438 -0.6029 0.6630
vn -0.3395 -0.4936 0.8007
vn -0.2407 -0.7417 0.6260
vn -0.0000 -0.6824 0.7310
vn 0.0000 -0.8753 0.4836
vn -0.1658 -0.9093 0.3818
vn -0.2328 -0.9717 0.0393
vn 0.0000 -1.0000 0.0000
vn -0.2328 -0.9717 -0.0394
vn -0.8729 -0.2502 0.4188
vn -0.8410 -0.3666 0.3979
vn 0.0005 -0.0016 -1.0000
vn -0.0026 -0.0121 -0.9999
vn 0.0009 -0.0009 -1.0000
vn -0.0003 -0.0239 -0.9997
vn 0.3049 0.9524 -0.0000
vn 0.3054 0.9522 -0.0000
vn 0.5761 0.8174 -0.0000
vn 0.3050 0.9524 -0.0000
vn 1.0000 0.0000 0.0000
vn 0.4770 0.8385 0.2635
vn 0.4624 0.8472 0.2617
vn 0.4491 0.8549 0.2599
vn 0.0178 -0.0037 0.9998
vn 0.0211 -0.0029 0.9998
vn 0.0008 -0.0028 1.0000
vn 0.0015 -0.0026 1.0000
vn 0.0020 -0.0022 1.0000
vn 0.0021 -0.0021 1.0000
vn 0.0008 -0.0043 1.0000
vn 0.8567 -0.2048 0.4734
vn 0.8515 -0.2092 0.4809
vn 0.8514 -0.2092 0.4809
vn 0.8461 -0.2135 0.4884
vn 0.0002 1.0000 -0.0025
vn 0.0018 1.0000 -0.0047
vn 0.0147 0.9999 0.0037
vn 0.7204 0.0000 -0.6936
vn 0.8293 0.0000 -0.5589
vn 0.9138 0.0000 -0.4062
vn 0.5039 0.0000 -0.8638
vn 0.3758 0.0000 -0.9267
vn 0.3759 -0.0000 -0.9267
vn 0.4015 -0.8759 0.2677
vn 0.3474 -0.9251 0.1534
vn 0.3447 -0.9286 0.1376
vn 0.3359 -0.9376 -0.0893
vn 0.3272 -0.9396 -0.1003
vn 0.3447 -0.9286 -0.1377
vn 0.0077 0.0074 -0.9999
vn 0.0062 0.0077 -1.0000
vn 0.0007 0.0005 -1.0000
vn 0.0004 0.0005 -1.0000
vn 0.0003 0.0006 -1.0000
vn 0.0007 0.0005 1.0000
vn 0.0004 0.0005 1.0000
vn 0.0003 0.0006 1.0000
vn 0.5618 -0.8273 -0.0004
vn 0.5616 -0.8274 -0.0002
vn 0.5614 -0.8276 -0.0000
vn -0.6620 0.1676 -0.7306
vn -0.5835 0.1725 -0.7936
vn -0.5165 0.1752 -0.8382
vn -0.9504 0.2943 0.1010
vn -0.9571 0.2661 0.1147
vn -0.9620 0.2422 0.1262
vn -0.6620 0.1676 0.7306
vn -0.5835 0.1725 0.7936
vn -0.5165 0.1752 0.8382
vn -0.9467 0.3221 -0.0000
vn -0.9504 0.2943 -0.1010
vn -0.9571 0.2661 -0.1147
vn -0.9620 0.2422 -0.1262
vn -0.2327 -0.9717 -0.0394
vn -0.1658 -0.9093 -0.3817
vn -0.8296 -0.5583 -0.0001
vn -0.8295 -0.5584 -0.0003
vn -0.0113 -0.0407 -0.9991
vn -0.0311 0.0118 -0.9994
vn -0.7630 0.2264 -0.6055
vn -0.4573 0.3011 -0.8368
vn -0.7445 0.6362 0.2024
vn -0.6056 0.6456 0.4652
vn 0.0000 0.6489 0.7609
vn -0.5476 0.6362 -0.5436
vn -0.7056 0.6457 -0.2919
vn -0.6056 0.6457 0.4652
vn -0.0000 0.6489 -0.7609
vn -0.5476 0.6362 -0.5435
vn -0.8385 -0.1112 -0.5334
vn -0.6340 -0.0379 -0.7724
vn -0.4959 0.0114 -0.8683
vn 0.0000 0.1934 -0.9811
vn -0.6348 -0.0765 -0.7688
vn -0.0000 -0.1408 -0.9900
vn -0.1646 0.4211 -0.8919
vn -0.4958 0.0114 -0.8683
vn -0.0000 0.4233 -0.9060
vn -0.0000 0.2135 -0.9769
vn -0.0000 -0.0775 -0.9970
vn -0.0000 -0.0335 -0.9994
vn 0.4959 0.0114 -0.8683
vn 0.8385 -0.1112 -0.5334
vn 0.6340 -0.0379 -0.7724
vn 0.6348 -0.0765 -0.7688
vn 0.4958 0.0114 -0.8683
vn 0.1646 0.4211 -0.8919
vn 0.9194 0.0393 -0.3914
vn 0.7232 -0.0522 -0.6887
vn 0.3582 0.0374 -0.9329
vn 0.3576 -0.0711 -0.9312
vn -0.9873 0.0295 0.1562
vn -0.9874 -0.0259 0.1562
vn -0.9194 0.0393 0.3914
vn -0.7232 -0.0522 0.6887
vn -0.9194 0.0393 0.3913
vn -0.1207 0.0393 0.9919
vn 0.2348 -0.0522 0.9706
vn -0.1207 0.0394 0.9919
vn 0.7986 0.0393 0.6006
vn 0.9580 -0.0522 0.2819
vn 0.9580 -0.0522 0.2820
vn 0.2528 -0.9157 0.3124
vn 0.3575 -0.0711 -0.9312
vn -0.7894 -0.1858 0.5851
vn -0.5341 -0.2656 0.8026
vn -0.6953 -0.1816 0.6954
vn -0.4949 -0.1420 0.8573
vn -0.3049 0.9524 -0.0000
vn -0.3054 0.9522 -0.0000
vn 0.0000 0.8874 0.4609
vn -0.0000 0.4630 0.8864
vn 0.5649 0.5879 0.5790
vn 0.5122 0.4074 0.7561
vn 0.3186 0.9173 0.2390
vn 0.0000 0.8874 0.4610
vn 0.0000 0.9993 -0.0379
vn 0.5102 0.6098 0.6065
vn 0.2354 0.9113 0.3379
vn 0.4774 -0.8787 0.0000
vn 0.4611 -0.8792 0.1196
vn 0.3862 -0.9076 0.1644
vn 0.1445 -0.9083 0.3926
vn 0.0000 0.8812 -0.4728
vn -0.2349 0.8588 -0.4552
vn 0.9075 0.3374 -0.2501
vn 0.8286 0.4497 -0.3333
vn 0.3862 -0.9076 0.1645
vn -0.0313 -0.9175 0.3966
vn 0.0562 -0.9016 0.4289
vn -0.0313 -0.9175 0.3965
vn 0.0561 -0.9016 0.4289
vn 0.2907 -0.8414 0.4556
vn 0.2061 -0.7861 0.5827
vn 0.9573 0.2323 -0.1722
vn -0.3187 0.9173 0.2390
vn -0.0000 0.9993 -0.0380
vn 0.3187 0.9173 0.2389
vn -0.5122 0.4074 0.7561
vn -0.0000 0.3214 0.9469
vn -0.5649 0.5879 0.5790
vn -0.3186 0.9173 0.2390
vn -0.1445 -0.9088 0.3913
vn -0.4611 -0.8792 0.1196
vn -0.3862 -0.9076 0.1645
vn -0.4774 -0.8787 0.0000
vn 0.2349 0.8588 -0.4552
vn -0.3186 0.9173 0.2389
vn -0.2354 0.9113 0.3379
vn -0.8286 0.4497 -0.3333
vn -0.9075 0.3374 -0.2501
vn -0.9573 0.2323 -0.1722
vn -0.4819 0.8635 0.1487
vn -0.4549 0.8886 0.0587
vn -0.4351 0.9004 0.0000
vn 0.0817 0.9243 0.3728
vn 0.0775 0.9133 0.3999
vn 0.0721 0.8978 0.4344
vn -0.7096 -0.0831 0.6997
vn -0.7351 -0.0689 0.6745
vn -0.7654 -0.0511 0.6416
vn 0.3305 -0.8441 -0.4222
vn 0.3156 -0.8196 -0.4782
vn 0.3157 -0.8195 -0.4783
vn 0.2930 -0.7800 -0.5530
vn -0.4909 -0.8712 -0.0000
vn -0.4904 -0.8715 -0.0015
vn -0.4895 -0.8720 -0.0041
vn -0.7008 -0.0213 -0.7130
vn -0.8094 -0.0448 -0.5855
vn -0.7944 -0.0602 -0.6044
vn -0.7929 -0.0608 -0.6063
vn 0.5422 0.0434 0.8391
vn 0.5675 0.0083 0.8234
vn 0.7987 0.0182 0.6015
vn 0.0000 0.0000 1.0000
vn 0.0000 0.0087 1.0000
vn 0.5423 0.0434 0.8391
vn 0.8364 0.4255 -0.3455
vn 0.8360 0.4203 -0.3527
vn 0.8353 0.4116 -0.3644
vn 0.4819 0.8635 0.1488
vn 0.4549 0.8886 0.0587
vn 0.4351 0.9004 0.0000
vn -0.0721 0.8979 0.4343
vn -0.0775 0.9133 0.3998
vn -0.0775 0.9133 0.3999
vn -0.0817 0.9243 0.3728
vn 0.7654 -0.0511 0.6416
vn 0.7351 -0.0689 0.6745
vn 0.7096 -0.0831 0.6997
vn -0.3305 -0.8441 -0.4222
vn -0.3157 -0.8195 -0.4783
vn -0.2930 -0.7800 -0.5530
vn 0.4909 -0.8712 -0.0000
vn 0.4904 -0.8715 -0.0015
vn 0.4895 -0.8720 -0.0041
vn 0.3981 0.0000 -0.9173
vn 0.3991 0.0009 -0.9169
vn 0.4966 0.0020 -0.8680
vn 0.7008 -0.0213 -0.7130
vn -0.5422 0.0434 0.8391
vn -0.7987 0.0182 0.6015
vn 0.0000 0.0086 1.0000
vn -0.5423 0.0434 0.8391
vn -0.8353 0.4116 -0.3645
vn -0.8360 0.4203 -0.3527
vn -0.8361 0.4203 -0.3527
vn -0.8364 0.4255 -0.3455
vn 0.1030 0.9653 0.2400
vn 0.0849 0.9317 0.3532
vn 0.6370 -0.1487 0.7564
vn 0.6576 -0.1367 0.7408
vn 0.6781 -0.1244 0.7243
vn 0.0075 -0.9885 0.1510
vn -0.0693 -0.9945 -0.0782
vn -0.2325 -0.8885 -0.3955
vn -0.3200 -0.8544 -0.4094
vn 0.0658 -0.9978 0.0000
vn -0.5757 0.0047 0.8176
vn -0.5884 0.0166 0.8084
vn -0.7672 -0.0066 0.6414
vn -0.6479 0.0253 0.7613
vn 0.0799 0.9968 -0.0000
vn 0.6370 -0.1487 -0.7564
vn 0.6576 -0.1367 -0.7408
vn 0.6781 -0.1244 -0.7243
vn -0.6479 0.0253 -0.7613
vn -0.5884 0.0166 -0.8084
vn -0.7672 -0.0066 -0.6414
vn -0.5757 0.0047 -0.8176
vn -0.9997 -0.0229 -0.0000
vn -0.9290 -0.0172 -0.3698
vn 0.8722 -0.0075 0.4892
vn 0.7597 -0.0123 0.6501
vn 0.5838 -0.0137 0.8117
vn 0.5753 -0.0082 0.8179
vn 1.0000 -0.0040 0.0000
vn 0.8722 -0.0075 0.4891
vn 0.1385 0.9463 -0.2922
vn 0.0849 0.9317 -0.3532
vn -0.1258 0.9603 -0.2492
vn -0.1083 0.9357 -0.3358
vn -0.1075 0.9648 -0.2401
vn -0.0565 0.8830 -0.4660
vn -0.6609 -0.0493 -0.7488
vn -0.6732 -0.0405 -0.7384
vn -0.6848 -0.0322 -0.7280
vn 0.1787 -0.8988 0.4003
vn 0.2532 -0.8799 0.4022
vn 0.3538 -0.8451 0.4009
vn -0.0654 -0.9979 -0.0000
vn -0.0623 -0.9500 -0.3059
vn -0.1506 -0.9292 -0.3375
vn 0.5753 -0.0139 -0.8178
vn 0.5957 0.0070 -0.8032
vn 0.7793 -0.0084 -0.6266
vn 0.7206 0.0251 -0.6929
vn 0.0000 0.8572 -0.5149
vn -0.0394 0.8305 -0.5556
vn -0.6609 -0.0493 0.7488
vn -0.6732 -0.0405 0.7384
vn -0.6848 -0.0322 0.7280
vn 0.1787 -0.8988 -0.4003
vn 0.2532 -0.8799 -0.4022
vn 0.3538 -0.8451 -0.4009
vn -0.0623 -0.9500 0.3059
vn -0.1506 -0.9292 0.3375
vn 0.7206 0.0251 0.6929
vn 0.5957 0.0070 0.8032
vn 0.7793 -0.0084 0.6266
vn 0.5753 -0.0139 0.8178
vn 0.9997 -0.0254 0.0000
vn 0.9189 -0.0151 0.3942
vn 0.7206 0.0252 0.6929
vn -0.8669 -0.0047 -0.4984
vn -0.7535 -0.0028 -0.6575
vn -0.6212 -0.0220 -0.7834
vn -0.5751 0.0091 -0.8180
vn -0.9999 0.0150 -0.0000
vn -0.8669 -0.0048 -0.4984
vn -0.7534 -0.0028 -0.6575
vn -0.1083 0.9357 0.3359
vn -0.0565 0.8830 0.4660
vn -0.0394 0.8305 0.5556
vn 0.0000 0.8572 0.5149
vn -0.5658 -0.1611 0.8087
vn -0.7892 -0.0434 0.6127
vn -0.6034 -0.2702 0.7503
vn -0.8605 -0.0941 0.5007
vn -0.8775 0.0131 0.4795
vn -0.9937 0.1118 -0.0000
vn -0.7892 -0.0434 0.6126
vn -0.9982 0.0593 -0.0000
vn -0.5965 -0.0991 0.7965
vn -0.9429 0.3031 0.1383
vn -0.9532 0.3024 -0.0000
vn -1.0000 0.0089 0.0000
vn -1.0000 0.0090 -0.0000
vn -0.5658 -0.1611 -0.8087
vn -0.7892 -0.0434 -0.6126
vn -0.8605 -0.0941 -0.5007
vn -0.8775 0.0131 -0.4794
vn -0.5657 -0.1611 -0.8087
vn -0.5965 -0.0991 -0.7965
vn -0.9429 0.3031 -0.1383
vn -0.7892 -0.0434 -0.6127
vn -0.9982 0.0592 0.0000
vn 0.5895 -0.0827 -0.8035
vn 0.8148 0.0041 -0.5797
vn 0.6852 -0.0992 -0.7216
vn 0.9242 0.3570 -0.1356
vn 0.9342 0.3569 0.0000
vn 0.9992 0.0400 -0.0000
vn 0.9992 0.0401 -0.0000
vn 0.9981 0.0618 0.0000
vn 0.9242 0.3570 0.1356
vn 0.8437 -0.1555 0.5138
vn 0.8010 -0.1922 0.5669
vn 0.6156 -0.0470 0.7866
vn -0.0000 0.0616 0.9981
vn 0.0000 0.1042 0.9946
vn 0.8379 -0.1131 0.5339
vn 0.9009 0.0544 0.4306
vn 0.5543 0.3655 0.7478
vn -0.6156 -0.0470 0.7866
vn 0.0000 0.1043 0.9946
vn -0.8437 -0.1555 0.5138
vn -0.8379 -0.1130 0.5340
vn -0.5704 -0.0183 0.8212
vn 0.0000 0.0079 1.0000
vn 0.0000 0.3024 0.9532
vn -0.5543 0.3655 0.7477
vn 0.4532 0.8522 -0.2616
vn 0.0000 0.8522 -0.5233
vn -0.0000 0.8522 0.5233
vn 0.3672 0.8411 0.3970
vn 0.4792 0.8510 0.2150
vn 0.3672 0.8412 0.3970
vn 0.4531 0.8522 -0.2616
vn 0.9190 0.2793 -0.2782
vn 0.7473 0.2830 -0.6012
vn -0.0000 0.2862 -0.9582
vn -0.0000 0.2862 0.9582
vn -0.0000 0.2861 0.9582
vn 0.7004 0.2792 0.6568
vn 0.8943 0.2831 0.3465
vn 0.8943 0.2830 0.3465
vn 0.9190 0.2792 -0.2782
vn -0.7613 0.3060 0.5717
vn 0.0000 0.3079 0.9514
vn -0.0000 0.3964 0.9181
vn 0.7613 0.3060 0.5717
vn -0.4532 0.8522 -0.2616
vn -0.8747 0.4217 0.2387
vn -0.6442 0.4217 -0.6381
vn -0.0000 0.5222 -0.8528
vn -0.8747 0.4217 0.2388
vn 0.0000 0.5222 -0.8529
vn 0.0000 0.3081 -0.9514
vn -0.8757 0.3060 -0.3734
vn -0.6442 0.4218 -0.6381
vn -0.8757 0.3060 -0.3735
vn -0.3538 -0.1615 -0.9213
vn -0.3582 0.0374 -0.9329
vn -0.8208 -0.0062 -0.5712
vn -0.9194 0.0394 -0.3914
vn 0.7260 0.0938 0.6812
vn 0.9194 0.0393 0.3914
vn 0.9863 0.0542 0.1561
vn 0.9873 0.0295 0.1562
vn -0.2269 0.0939 0.9694
vn 0.1208 0.0393 0.9919
vn 0.7261 0.0939 0.6812
vn -0.9194 0.0393 -0.3914
vn -0.9530 0.0939 0.2882
vn -0.7986 0.0393 0.6006
vn -0.2348 -0.0522 0.9706
vn -0.2529 -0.9157 0.3123
vn 0.7232 -0.0522 0.6887
vn 0.9874 -0.0259 0.1562
vn -0.1170 0.6632 0.7393
vn -0.3582 0.0374 0.9329
vn -0.3576 -0.0711 0.9312
vn 0.9873 0.0295 -0.1562
vn 0.9874 -0.0259 -0.1562
vn 0.9194 0.0393 -0.3913
vn 0.1207 0.0393 -0.9919
vn -0.2348 -0.0522 -0.9706
vn 0.1207 0.0394 -0.9919
vn -0.7986 0.0393 -0.6006
vn -0.9580 -0.0522 -0.2819
vn -0.9580 -0.0522 -0.2820
vn -0.2528 -0.9157 -0.3124
vn -0.3575 -0.0711 0.9312
vn -0.2269 0.0939 -0.9694
vn -0.1170 0.6632 -0.7393
vn 0.7261 0.0939 -0.6812
vn 0.9863 0.0542 -0.1560
vn -0.8208 -0.0061 0.5712
vn -0.1169 0.6632 -0.7392
vn -0.9530 0.0939 -0.2881
vn 0.3538 -0.1615 0.9213
vn 0.3582 0.0374 0.9329
vn 0.8208 -0.0062 0.5712
vn 0.9194 0.0394 0.3914
vn -0.7260 0.0938 -0.6812
vn -0.9863 0.0542 -0.1561
vn -0.9873 0.0295 -0.1562
vn 0.2269 0.0939 -0.9694
vn -0.1208 0.0393 -0.9919
vn -0.7261 0.0939 -0.6812
vn 0.9530 0.0939 -0.2882
vn 0.7986 0.0393 -0.6006
vn 0.2348 -0.0522 -0.9706
vn 0.2529 -0.9157 -0.3123
vn -0.7232 -0.0522 -0.6887
vn -0.9874 -0.0259 -0.1562
vn 0.1170 0.6632 -0.7393
vn -0.5761 0.8174 -0.0000
vn -0.3050 0.9524 -0.0000
vn 0.0023 1.0000 -0.0068
vn 0.0000 0.9999 -0.0107
vn 0.0000 1.0000 -0.0076
vn -0.0023 1.0000 -0.0068
vn -0.0005 -0.0016 -1.0000
vn -0.0009 -0.0009 -1.0000
vn -0.0007 -0.0006 1.0000
vn 0.7894 -0.1858 0.5851
vn 0.9436 -0.1389 0.3004
vn -0.0029 1.0000 -0.0037
vn -0.0020 1.0000 -0.0020
vn -0.0020 1.0000 -0.0019
vn 0.6345 -0.4437 -0.6329
vn 0.8937 -0.2427 -0.3775
vn 0.8410 -0.3666 -0.3979
vn 0.3547 -0.2742 -0.8939
vn 0.3372 -0.5312 -0.7773
vn -0.0000 0.6846 -0.7289
vn 0.2982 0.5203 -0.8002
vn -0.0000 0.5000 -0.8660
vn 0.2747 -0.2336 0.9327
vn 0.0000 -0.2774 0.9608
vn -0.0000 -0.1305 0.9914
vn 0.8729 -0.2502 0.4188
vn 0.2407 -0.7417 0.6260
vn 0.1658 -0.9093 0.3818
vn 0.1658 -0.9093 -0.3818
vn 0.5341 -0.2657 0.8026
vn 0.0000 -0.2773 0.9608
vn 0.3395 -0.4936 0.8007
vn -0.0000 -0.5000 0.8660
vn 0.6953 -0.1816 0.6954
vn 0.2474 -0.0072 -0.9689
vn 0.6345 -0.4438 -0.6328
vn 0.4403 -0.5982 -0.6696
vn 0.7630 0.2265 -0.6055
vn 0.8561 0.2208 -0.4672
vn 0.5076 -0.0502 -0.8602
vn 0.5670 0.0000 -0.8237
vn 0.5670 -0.0000 0.8237
vn 0.6394 -0.0000 -0.7688
vn 0.7494 -0.2237 0.6232
vn 0.4344 -0.1338 0.8907
vn 0.7493 -0.2236 0.6233
vn 0.4344 -0.1337 0.8907
vn 0.2688 -0.1475 0.9518
vn 0.0915 0.0000 0.9958
vn 0.3923 0.6921 -0.6059
vn 0.9022 0.3164 -0.2931
vn 0.4472 0.1718 -0.8778
vn 0.9481 0.0784 -0.3081
vn -0.1448 0.9761 -0.1619
vn -0.3666 0.5658 -0.7385
vn -0.6750 0.6143 -0.4087
vn -0.3092 0.0784 -0.9477
vn -0.3666 0.5658 -0.7386
vn 0.3922 0.6921 -0.6059
vn 0.6646 -0.5666 -0.4870
vn 0.7409 -0.6412 -0.1996
vn 0.5847 -0.6452 -0.4918
vn 0.5372 -0.8172 -0.2086
vn -0.1410 0.8655 -0.4808
vn 0.2462 0.6869 0.6838
vn -0.2014 0.9168 -0.3448
vn 0.4040 0.7084 0.5788
vn -0.0000 0.5283 0.8490
vn -0.0000 0.9937 -0.1124
vn -0.1410 0.8654 -0.4807
vn 0.2269 0.0939 0.9694
vn 0.1170 0.6632 0.7393
vn -0.7261 0.0939 0.6812
vn -0.9863 0.0542 0.1560
vn 0.8208 -0.0061 -0.5712
vn 0.1169 0.6632 0.7392
vn 0.9530 0.0939 0.2881
vn 0.3734 -0.7913 -0.4843
vn 0.4135 -0.8849 -0.2144
vn 0.0010 -0.0002 1.0000
vn 0.0007 -0.0006 1.0000
vn 0.0016 -0.0007 1.0000
vn 0.0020 0.0007 1.0000
vn 0.0032 -0.0024 1.0000
vn 0.4194 -0.8976 0.1358
vn 0.6068 -0.7669 0.2090
vn 0.3734 -0.7913 0.4843
vn 0.5847 -0.6452 0.4918
vn 0.7251 -0.6267 0.2854
vn 0.6646 -0.5666 0.4870
vn -0.6021 0.6493 -0.4647
vn -0.4631 0.6247 -0.6287
vn -0.3479 0.8988 -0.2669
vn -0.2770 0.6378 -0.7187
vn -0.1410 0.8654 -0.4808
vn 0.0000 0.6419 -0.7668
vn 0.9008 0.2135 0.3781
vn 0.7506 0.5757 0.3243
vn 0.7889 0.1749 0.5892
vn 0.6046 0.6112 0.5108
vn -0.3479 0.8987 -0.2669
vn -0.6751 0.6142 -0.4087
vn 0.7889 0.1749 0.5891
vn 0.5588 0.1992 0.8050
vn -0.2015 0.9168 -0.3448
vn 0.2463 0.6868 0.6838
vn 0.2744 0.2321 0.9332
vn -0.0000 0.2334 0.9724
vn 0.9481 0.0784 -0.3080
vn 0.9008 0.2134 0.3781
vn 0.7506 0.5757 0.3242
vn -0.0915 0.0000 -0.9958
vn -0.3402 -0.0001 -0.9404
vn -0.5823 -0.0001 -0.8130
vn -0.7688 0.0000 -0.6394
vn -0.9958 -0.0000 0.0915
vn -0.9404 0.0000 0.3402
vn -0.8130 -0.0000 0.5823
vn -0.6394 0.0000 0.7688
vn 0.5158 0.4713 -0.7154
vn 0.6413 0.3761 -0.6688
vn 0.4573 0.3011 -0.8368
vn 0.8104 0.3484 -0.4710
vn 0.0000 0.7934 -0.6087
vn 0.2147 0.7065 -0.6743
vn 0.3687 0.6385 -0.6755
vn 0.9767 0.2145 0.0000
vn 0.8410 -0.3666 0.3979
vn 0.6542 -0.4044 0.6391
vn 0.4438 -0.6029 0.6630
vn 0.1658 -0.9093 -0.3817
vn 0.2327 -0.9717 -0.0394
vn 0.2327 -0.9717 0.0394
vn 0.1658 -0.9093 0.3817
vn -0.0211 -0.0029 0.9998
vn -0.0183 -0.0047 0.9998
vn -0.0178 -0.0037 0.9998
vn -0.0174 -0.0052 0.9998
vn -0.0205 -0.0084 0.9998
vn -0.3759 0.0000 -0.9267
vn -0.5038 -0.0000 -0.8638
vn 0.3372 -0.5312 -0.7772
vn 0.6738 -0.2600 -0.6917
vn -0.5341 -0.2657 0.8026
vn -0.6646 -0.5666 -0.4870
vn -0.5847 -0.6452 -0.4918
vn -0.7409 -0.6412 -0.1996
vn -0.5372 -0.8173 -0.2086
vn -0.3734 -0.7913 -0.4843
vn -0.4135 -0.8849 -0.2144
vn -0.4194 -0.8976 0.1358
vn -0.5372 -0.8172 -0.2086
vn -0.6068 -0.7669 0.2090
vn -0.3734 -0.7913 0.4843
vn -0.5847 -0.6452 0.4918
vn -0.7410 -0.6412 -0.1996
vn -0.7251 -0.6267 0.2854
vn -0.6646 -0.5666 0.4870
vn -0.2462 0.6869 0.6838
vn 0.1410 0.8655 -0.4808
vn 0.2015 0.9168 -0.3448
vn -0.4040 0.7083 0.5788
vn -0.6046 0.6112 0.5108
vn -0.7506 0.5757 0.3243
vn -0.7889 0.1749 0.5891
vn -0.9481 0.0784 -0.3081
vn -0.3923 0.6921 -0.6059
vn 0.3666 0.5658 -0.7385
vn 0.6750 0.6143 -0.4087
vn -0.4344 -0.1338 0.8907
vn -0.9543 -0.1356 0.2664
vn -0.7494 -0.2237 0.6232
vn -0.9842 -0.1501 0.0941
vn -0.9958 -0.0000 -0.0915
vn -0.6738 -0.2600 -0.6916
vn -0.8410 -0.3666 -0.3979
vn -0.6345 -0.4437 -0.6328
vn -0.2147 0.7065 -0.6743
vn -0.2747 -0.2337 0.9327
vn -0.9436 -0.1389 0.3004
vn -0.5342 -0.2656 0.8026
vn -0.9767 0.2145 0.0005
vn -0.9238 0.3828 0.0000
vn -0.6738 -0.2600 -0.6917
vn 0.0020 1.0000 -0.0020
vn 0.0029 1.0000 -0.0037
vn 0.7410 -0.6412 -0.1996
vn 0.0077 0.0074 0.9999
vn 0.0058 0.0081 1.0000
vn 0.0062 0.0077 1.0000
vn 0.0050 0.0084 1.0000
vn 0.0048 0.0091 0.9999
vn 0.6056 0.6456 0.4652
vn 0.7445 0.6362 0.2024
vn 0.7056 0.6457 -0.2919
vn 0.5476 0.6362 -0.5435
vn -0.6349 -0.0767 -0.7688
vn 0.7986 0.0393 0.6005
vn 0.9530 0.0939 0.2882
vn 0.8208 -0.0062 -0.5712
vn 0.3538 -0.1615 -0.9213
vn 0.2529 -0.9157 0.3124
vn 0.6769 0.3692 0.6368
vn 0.5102 0.6098 0.6064
vn 0.6344 0.3254 0.7012
vn 0.0313 -0.9175 0.3966
vn -0.1445 -0.9083 0.3926
vn -0.0561 -0.9016 0.4289
vn -0.2907 -0.8414 0.4556
vn -0.2061 -0.7861 0.5827
vn -0.3981 0.0000 -0.9173
vn -0.4966 0.0020 -0.8680
vn -0.3990 0.0009 -0.9169
vn -0.8094 -0.0447 -0.5855
vn 0.7929 -0.0608 -0.6063
vn 0.8094 -0.0448 -0.5855
vn 0.7944 -0.0602 -0.6045
vn -0.9290 -0.0172 0.3698
vn 0.5753 -0.0082 -0.8179
vn 0.7597 -0.0123 -0.6501
vn 0.5838 -0.0137 -0.8117
vn 0.8722 -0.0075 -0.4891
vn 0.1030 0.9653 -0.2400
vn 0.1298 0.9705 -0.2031
vn 0.1902 0.9605 -0.2032
vn -0.3200 -0.8544 0.4094
vn -0.0693 -0.9945 0.0782
vn -0.2325 -0.8885 0.3955
vn 0.0074 -0.9885 -0.1510
vn 0.7206 0.0252 -0.6929
vn 0.9189 -0.0151 -0.3942
vn -0.5751 0.0091 0.8180
vn -0.7535 -0.0028 0.6575
vn -0.6212 -0.0220 0.7834
vn -0.8669 -0.0047 0.4984
vn -0.1083 0.9357 0.3358
vn -0.1075 0.9648 0.2401
vn -0.1258 0.9603 0.2491
vn -0.1378 0.9589 0.2481
vn 0.9947 0.1029 0.0000
vn 0.7779 -0.0562 -0.6259
vn 0.5896 -0.0827 -0.8035
vn 0.6563 -0.1372 -0.7419
vn 0.8148 0.0041 0.5797
vn 0.6852 -0.0992 0.7216
vn 0.5895 -0.0827 0.8035
vn 0.7779 -0.0561 0.6259
vn 0.6563 -0.1372 0.7419
vn -0.6156 -0.0470 0.7867
vn -0.5543 0.3655 0.7478
vn -0.9009 0.0544 0.4306
vn -0.8010 -0.1922 0.5669
vn 0.6442 0.4217 -0.6381
vn 0.8747 0.4217 0.2388
vn -0.0000 -0.3861 0.9225
vn 0.6822 -0.3782 0.6257
vn -0.0000 0.0491 0.9988
vn 0.8552 0.1885 0.4829
vn 0.8830 -0.3782 -0.2780
vn 0.8458 0.1885 -0.4992
vn 0.0000 -0.3861 -0.9225
vn 0.0000 0.3214 -0.9469
vn -0.0000 0.0492 0.9988
vn 0.8552 0.1885 0.4828
vn 0.0000 0.5903 0.8071
vn 0.7896 0.5767 0.2096
vn 0.5764 0.5768 -0.5789
vn 0.0000 0.5903 -0.8072
vn 0.8757 0.3060 -0.3735
vn -0.4531 0.8522 -0.2616
vn -0.4792 0.8510 0.2150
vn -0.3672 0.8411 0.3970
vn -0.7473 0.2830 -0.6012
vn -0.9190 0.2793 -0.2782
vn -0.8943 0.2830 0.3465
vn -0.7005 0.2792 0.6568
vn -0.8830 -0.3782 -0.2779
vn -0.8457 0.1885 -0.4992
vn -0.0000 -0.3860 -0.9225
vn -0.5763 0.5768 -0.5790
vn -0.6822 -0.3782 0.6257
vn -0.8552 0.1885 0.4829
vn -0.7896 0.5767 0.2096
vn -0.8458 0.1885 -0.4992
vn -0.5763 0.5768 -0.5789
vn -0.3576 -0.0711 -0.9312
vn -0.9580 -0.0522 0.2819
vn -0.7986 0.0393 0.6005
vn 0.1207 0.0393 0.9919
vn -0.1169 0.6632 0.7392
vn -0.8208 -0.0061 -0.5712
vn -0.3575 -0.0711 -0.9312
vn -0.2529 -0.9157 0.3124
vn -0.9580 -0.0522 0.2820
vn -0.2348 -0.0521 0.9706
vn -0.7986 0.0393 -0.6005
vn -0.9530 0.0939 -0.2882
vn -0.8208 -0.0062 0.5712
vn -0.3538 -0.1615 0.9213
vn -0.2529 -0.9157 -0.3124
vn 0.3576 -0.0711 0.9312
vn 0.9580 -0.0522 -0.2819
vn 0.7986 0.0393 -0.6005
vn -0.1207 0.0393 -0.9919
vn 0.1169 0.6632 -0.7392
vn 0.8208 -0.0061 0.5712
vn 0.3575 -0.0711 0.9312
vn 0.2529 -0.9157 -0.3124
vn 0.9580 -0.0522 -0.2820
vn 0.2348 -0.0521 -0.9706
vn -0.0049 -0.0108 -0.9999
vn -0.0317 -0.0305 -0.9990
vn -0.0056 -0.0146 -0.9999
vn -0.0043 -0.0081 -1.0000
vn -0.0049 -0.0107 -0.9999
vn -0.0044 -0.0080 -1.0000
vn -0.7040 -0.6109 -0.3623
vn -0.6955 -0.7014 -0.1560
vn -0.8097 -0.5446 -0.2186
vn -0.0049 -0.0108 0.9999
vn -0.0056 -0.0146 0.9999
vn -0.0317 -0.0305 0.9990
vn -0.2706 0.9532 0.1348
vn -0.4926 0.8228 0.2833
vn -0.0515 0.9985 0.0194
vn -0.7040 -0.6109 0.3623
vn -0.8097 -0.5446 0.2186
vn -0.6955 -0.7014 0.1560
vn -0.6504 -0.6256 0.4309
vn -0.5415 -0.7552 0.3693
vn -0.5052 -0.8630 0.0000
vn 0.9275 -0.3737 -0.0000
vn 0.9995 0.0109 -0.0312
vn 0.9960 -0.0293 0.0849
vn 0.9876 -0.1219 0.0985
vn 0.9756 -0.1488 0.1613
vn 0.4661 -0.3484 -0.8133
vn 0.4650 -0.3460 -0.8149
vn 0.4642 -0.3442 -0.8161
vn -0.1406 -0.0976 -0.9852
vn -0.1383 -0.0946 -0.9859
vn -0.1382 -0.0946 -0.9859
vn -0.1361 -0.0920 -0.9864
vn 0.9728 -0.2107 0.0960
vn 0.9876 -0.1219 0.0984
vn 0.9665 -0.2303 0.1135
vn 0.9756 -0.1487 0.1613
vn 0.5591 0.7545 0.3438
vn 0.5752 0.7103 0.4057
vn 0.5271 0.7504 0.3988
vn 0.5200 0.8156 0.2538
vn 0.5695 0.8009 0.1851
vn 0.7750 0.5381 0.3314
vn -0.6504 -0.6256 -0.4309
vn -0.5415 -0.7552 -0.3694
vn -0.4172 -0.8048 0.4222
vn -0.5340 -0.7253 0.4345
vn -0.6503 -0.6256 0.4309
vn -0.3571 -0.9256 0.1256
vn -0.4137 -0.8136 0.4086
vn -0.5415 -0.7552 0.3694
vn -0.3571 -0.9256 -0.1256
vn -0.4137 -0.8136 -0.4086
vn -0.4172 -0.8048 -0.4222
vn 0.9995 0.0109 0.0312
vn 0.9876 -0.1219 -0.0985
vn 0.9960 -0.0293 -0.0849
vn 0.9756 -0.1488 -0.1613
vn 0.4661 -0.3484 0.8133
vn 0.4650 -0.3460 0.8149
vn 0.4642 -0.3442 0.8161
vn -0.1406 -0.0976 0.9852
vn -0.1382 -0.0946 0.9859
vn -0.1361 -0.0920 0.9864
vn -0.7173 0.6968 -0.0000
vn -0.7173 0.6967 0.0000
vn -0.0016 -0.0100 -0.9999
vn 0.5075 0.8576 0.0839
vn 0.2533 0.9668 0.0331
vn 0.5180 0.8527 0.0678
vn 0.0987 0.9951 0.0101
vn 0.9728 -0.2107 -0.0960
vn 0.9665 -0.2303 -0.1135
vn 0.9876 -0.1219 -0.0984
vn 0.9756 -0.1487 -0.1613
vn 0.5216 0.8313 -0.1921
vn 0.5892 0.7591 -0.2767
vn 0.5075 0.8576 -0.0839
vn 0.5180 0.8527 -0.0678
vn 0.2533 0.9668 -0.0331
vn 0.0987 0.9951 -0.0101
vn 0.5591 0.7545 -0.3438
vn 0.5271 0.7504 -0.3988
vn 0.5752 0.7103 -0.4057
vn 0.5216 0.8313 -0.1922
vn 0.2532 0.9668 -0.0331
vn -0.0515 0.9985 0.0193
vn -0.5415 -0.7552 -0.3693
vn -0.5340 -0.7253 -0.4345
vn -0.6503 -0.6256 -0.4309
vn 0.7750 0.5381 -0.3314
vn -0.0049 -0.0107 0.9999
vn -0.0016 -0.0100 0.9999
vn -0.0044 -0.0080 1.0000
vn -0.0043 -0.0081 1.0000
vn 0.2532 0.9668 0.0331
vn -0.0515 0.9985 -0.0194
vn -0.2706 0.9532 -0.1348
vn -0.4926 0.8228 -0.2833
vn -0.4926 0.8229 -0.2833
vn -0.4033 0.8967 -0.1826
vn -0.3868 0.9111 -0.1427
vn -0.4870 0.8635 -0.1314
vn -0.4870 0.8635 0.1314
vn -0.4033 0.8967 0.1826
vn -0.3868 0.9111 0.1427
vn -0.4926 0.8229 0.2833
vn 0.3868 0.9111 -0.1426
vn 0.4869 0.8635 -0.1314
vn 0.4033 0.8967 -0.1826
vn 0.4926 0.8228 -0.2833
vn 0.0515 0.9985 -0.0193
vn 0.2706 0.9532 -0.1348
vn 0.4033 0.8967 0.1826
vn 0.2706 0.9532 0.1348
vn 0.4926 0.8229 0.2833
vn 0.0049 -0.0107 -0.9999
vn 0.0056 -0.0146 -0.9999
vn 0.0318 -0.0305 -0.9990
vn 0.7039 -0.6109 -0.3623
vn 0.8097 -0.5446 -0.2186
vn 0.6955 -0.7014 -0.1560
vn 0.0049 -0.0107 0.9999
vn 0.0318 -0.0305 0.9990
vn 0.0056 -0.0146 0.9999
vn 0.0043 -0.0082 1.0000
vn 0.0044 -0.0080 1.0000
vn 0.7039 -0.6109 0.3623
vn 0.6955 -0.7014 0.1560
vn 0.8097 -0.5446 0.2186
vn -0.9275 -0.3737 -0.0000
vn 0.1406 -0.0976 -0.9852
vn 0.1382 -0.0946 -0.9859
vn 0.1361 -0.0920 -0.9864
vn 0.3868 0.9111 0.1426
vn 0.4869 0.8635 0.1314
vn 0.0016 -0.0100 0.9999
vn -0.9728 -0.2107 0.0960
vn -0.9665 -0.2303 0.1135
vn -0.9876 -0.1219 0.0985
vn -0.9756 -0.1488 0.1613
vn -0.2532 0.9668 0.0331
vn -0.0987 0.9951 0.0101
vn -0.5591 0.7545 0.3438
vn -0.5271 0.7504 0.3988
vn -0.5752 0.7103 0.4057
vn -0.5200 0.8156 0.2538
vn -0.5695 0.8009 0.1851
vn -0.7750 0.5381 0.3314
vn 0.6504 -0.6256 -0.4309
vn 0.7040 -0.6109 -0.3623
vn 0.5415 -0.7552 -0.3693
vn -0.9995 0.0109 -0.0312
vn -0.9960 -0.0293 0.0849
vn -0.9756 -0.1487 0.1613
vn -0.4661 -0.3484 -0.8133
vn -0.4650 -0.3460 -0.8149
vn -0.4642 -0.3442 -0.8161
vn 0.3571 -0.9256 -0.1256
vn 0.4137 -0.8136 -0.4086
vn 0.4173 -0.8048 -0.4222
vn 0.5415 -0.7552 -0.3694
vn 0.5052 -0.8630 -0.0000
vn -0.9995 0.0109 0.0312
vn -0.9960 -0.0293 -0.0849
vn -0.9876 -0.1219 -0.0985
vn -0.9756 -0.1487 -0.1613
vn -0.4661 -0.3484 0.8133
vn -0.4650 -0.3460 0.8149
vn -0.4642 -0.3442 0.8161
vn 0.4034 0.8966 -0.1826
vn 0.4926 0.8229 -0.2833
vn 0.1406 -0.0976 0.9852
vn 0.1383 -0.0946 0.9859
vn 0.1382 -0.0946 0.9859
vn 0.1361 -0.0920 0.9864
vn 0.7173 0.6968 -0.0000
vn 0.7173 0.6967 0.0000
vn -0.5075 0.8576 0.0839
vn -0.5180 0.8527 0.0678
vn -0.2533 0.9668 0.0331
vn -0.9728 -0.2107 -0.0960
vn -0.9665 -0.2303 -0.1135
vn -0.9756 -0.1488 -0.1613
vn 0.5415 -0.7552 0.3693
vn 0.3571 -0.9256 0.1256
vn 0.4137 -0.8136 0.4086
vn 0.4173 -0.8048 0.4222
vn 0.4172 -0.8048 0.4222
vn 0.5339 -0.7253 0.4346
vn 0.6503 -0.6256 0.4309
vn 0.6504 -0.6256 0.4309
vn 0.7040 -0.6109 0.3623
vn -0.5075 0.8576 -0.0839
vn -0.2533 0.9668 -0.0331
vn -0.5180 0.8527 -0.0678
vn -0.0987 0.9951 -0.0101
vn 0.4172 -0.8048 -0.4222
vn 0.5340 -0.7253 -0.4345
vn 0.6503 -0.6256 -0.4309
vn -0.5591 0.7545 -0.3438
vn -0.5752 0.7103 -0.4057
vn -0.5271 0.7504 -0.3988
vn -0.5216 0.8313 -0.1922
vn -0.2532 0.9668 -0.0331
vn 0.0515 0.9985 0.0193
vn 0.4926 0.8228 0.2833
vn 0.0016 -0.0100 -0.9999
vn 0.0044 -0.0080 -1.0000
vn 0.0043 -0.0082 -1.0000
vn -0.7750 0.5381 -0.3314
vn -0.5892 0.7591 -0.2767
vn -0.5216 0.8313 -0.1921
vn 0.0399 -0.0190 -0.9990
vn 0.1276 -0.1579 -0.9792
vn 0.0462 -0.0149 -0.9988
vn 0.0577 0.0212 0.9981
vn 0.0076 0.0051 1.0000
vn -0.7770 -0.0336 -0.6286
vn -0.6728 0.0034 -0.7398
vn -0.7781 0.1875 -0.5995
vn -0.9806 0.0197 0.1951
vn -0.9829 0.0061 0.1841
vn -0.9851 0.0140 0.1714
vn 0.2147 0.6990 0.6822
vn 0.1039 0.7891 0.6054
vn 0.1932 0.6626 0.7236
vn -0.9346 0.2471 0.2558
vn -0.8805 0.3293 0.3410
vn -0.9598 0.1874 0.2088
vn 0.2188 0.0632 -0.9737
vn 0.3298 0.1367 -0.9341
vn 0.2333 0.0574 -0.9707
vn 0.1101 0.4970 0.8608
vn 0.2487 0.4468 0.8593
vn -0.3040 -0.2794 -0.9108
vn -0.3542 -0.4299 -0.8305
vn -0.5037 -0.2852 -0.8154
vn 0.2405 0.1746 0.9548
vn 0.4971 0.1077 0.8610
vn 0.4558 0.2795 0.8451
vn 0.6738 0.1390 0.7257
vn 0.1971 0.2407 0.9504
vn 0.1294 0.1294 0.9831
vn 0.3858 0.6683 0.6360
vn 0.3936 0.5339 0.7483
vn -0.3005 0.9359 -0.1839
vn -0.3301 0.9235 -0.1954
vn -0.3603 0.9096 -0.2069
vn 0.2835 0.0371 -0.9583
vn 0.2134 0.0414 -0.9761
vn -0.0006 -1.0000 0.0001
vn -0.0011 -1.0000 -0.0034
vn -0.0016 -1.0000 -0.0051
vn -0.0013 -0.9999 -0.0105
vn 0.0662 0.5148 -0.8547
vn 0.0674 0.5178 -0.8528
vn 0.1113 0.5074 -0.8545
vn 0.1561 0.4967 -0.8538
vn 0.2380 0.4631 -0.8537
vn 0.2823 0.4464 -0.8492
vn 0.2381 0.4631 -0.8537
vn 0.3554 0.4003 -0.8447
vn 0.3981 0.3750 -0.8372
vn 0.4372 0.3383 -0.8333
vn 0.4449 0.3414 -0.8280
vn 0.0759 0.9885 0.1311
vn 0.0667 0.9938 0.0885
vn -0.2414 -0.0000 -0.9704
vn 0.9925 -0.0000 0.1220
vn 0.9996 0.0161 0.0236
vn 0.9981 0.0287 -0.0544
vn -0.9480 0.1360 0.2876
vn -0.9773 0.0233 0.2104
vn -0.9806 0.0196 0.1951
vn 0.8561 0.2208 0.4672
vn 0.8104 0.3484 0.4710
vn 0.7641 0.2475 0.5957
vn 0.6335 0.3684 0.6804
vn 0.8417 0.1407 0.5213
vn -0.1939 0.0000 -0.9810
vn -0.0986 -0.0242 -0.9948
vn -0.0178 -0.0444 -0.9989
vn 0.2998 0.0777 0.9508
vn 0.3421 0.1279 0.9309
vn 0.3422 0.1280 0.9309
vn 0.3732 0.1657 0.9128
vn 0.0830 0.0305 0.9961
vn 0.1180 0.0405 0.9922
vn -0.7981 0.6025 0.0004
vn -0.9519 0.3063 0.0001
vn -0.7980 0.6027 0.0002
vn -0.9928 0.1196 0.0000
vn 0.0935 -0.0147 -0.9955
vn 0.0650 -0.0153 -0.9978
vn 0.0398 -0.0190 -0.9990
vn -0.9996 -0.0035 0.0289
vn -0.9985 -0.0065 0.0536
vn 0.9703 0.2421 0.0013
vn 0.9931 0.1176 0.0027
vn 1.0000 0.0018 0.0024
vn 1.0000 0.0023 -0.0000
vn -0.9928 0.1197 -0.0000
vn 0.2172 -0.6364 -0.7401
vn -0.0107 -0.9591 -0.2828
vn 0.9931 0.1175 0.0028
vn 0.9703 0.2421 0.0014
vn 0.5667 0.8239 -0.0062
vn 0.5616 0.8272 -0.0176
vn 0.2726 0.9621 0.0001
vn 0.5667 0.8239 -0.0061
vn 0.2771 0.9608 -0.0085
vn -0.1711 0.3272 0.9293
vn -0.0829 0.2768 0.9574
vn -0.0829 0.2767 0.9574
vn 0.0000 0.2273 0.9738
vn -0.6405 -0.0231 -0.7676
vn -0.4624 -0.0001 -0.8867
vn -0.4531 0.0064 -0.8914
vn -0.0005 -1.0000 0.0005
vn 0.0004 -1.0000 0.0022
vn 0.0002 -1.0000 0.0012
vn 0.0016 -1.0000 0.0032
vn -0.9089 0.0391 0.4153
vn -0.8993 0.0337 0.4361
vn -0.8859 0.0265 0.4631
vn -0.7411 -0.0838 -0.6662
vn 0.8864 0.1588 0.4349
vn -0.5986 -0.3306 -0.7297
vn -0.4824 -0.4995 -0.7196
vn -0.3722 -0.6466 -0.6658
vn -0.1587 -0.7228 -0.6726
vn -0.1297 -0.5764 -0.8068
vn -0.1986 -0.3599 -0.9116
vn -0.5037 -0.2852 -0.8155
vn -0.6822 -0.2608 -0.6830
vn -0.5986 -0.3307 -0.7297
vn -0.8674 -0.1931 -0.4586
vn -0.7596 -0.1409 -0.6349
vn -0.3721 -0.6466 -0.6659
vn -0.1826 -0.6890 -0.7014
vn -0.1295 -0.1295 -0.9831
vn 0.1913 0.9482 0.2537
vn 0.0667 0.9938 0.0884
vn 0.2627 0.9630 -0.0607
vn 0.9744 -0.0000 -0.2249
vn 0.9534 0.0053 -0.3016
vn 0.9463 0.0068 -0.3231
vn -0.8555 -0.2396 -0.4591
vn -0.0005 -1.0000 0.0001
vn -0.0010 -1.0000 -0.0033
vn 0.2172 -0.6364 -0.7402
vn 0.2715 -0.1958 -0.9423
vn 0.0935 -0.0148 -0.9955
vn 0.8544 0.0714 -0.5147
vn 0.8343 0.1033 -0.5416
vn 0.8450 0.0667 -0.5307
vn 0.8211 0.1226 -0.5574
vn 0.4724 0.6563 -0.5883
vn 0.5420 0.5528 0.6330
vn -0.9389 -0.3415 -0.0435
vn -0.7782 -0.3835 -0.4973
vn -0.9268 -0.3754 -0.0048
vn 0.4764 0.2347 -0.8473
vn -0.2023 -0.9746 0.0965
vn -0.0538 -0.9976 0.0444
vn 0.0818 -0.8623 0.4997
vn 0.0312 -0.0011 0.9995
vn 0.0221 0.0085 0.9997
vn 0.0261 0.0050 0.9996
vn -0.0386 0.0034 -0.9992
vn -0.0563 0.0027 -0.9984
vn -0.9910 0.1339 -0.0042
vn -0.9927 0.1199 0.0085
vn -0.9873 0.1552 0.0333
vn 0.9429 0.2264 -0.2444
vn 0.9619 0.1265 -0.2425
vn 0.9619 0.1266 -0.2424
vn -0.9730 -0.2306 0.0123
vn -0.7921 -0.6083 0.0496
vn -0.7762 -0.6296 0.0338
vn 0.0098 -0.0032 0.9999
vn 0.0130 -0.0054 0.9999
vn -0.0045 0.0023 1.0000
vn -0.1834 -0.9615 -0.2047
vn -0.3851 -0.8670 -0.3162
vn -0.1833 -0.9078 -0.3773
vn 0.0131 -0.0054 -0.9999
vn 0.1153 0.0489 -0.9921
vn 0.0312 -0.0011 -0.9995
vn -0.7526 -0.4822 0.4484
vn -0.6290 -0.6773 0.3817
vn -0.7287 -0.5035 0.4642
vn -0.3108 -0.2358 0.9208
vn -0.3048 -0.2339 0.9233
vn -0.2909 -0.2698 0.9179
vn 0.9429 0.2264 0.2444
vn 0.9619 0.1266 0.2424
vn 0.9619 0.1265 0.2425
vn 0.0312 -0.0012 -0.9995
vn 0.0260 0.0050 -0.9996
vn 0.0220 0.0085 -0.9997
vn -0.9730 -0.2306 -0.0123
vn -0.7762 -0.6296 -0.0338
vn -0.7921 -0.6083 -0.0496
vn -0.7526 -0.4822 -0.4484
vn -0.7287 -0.5035 -0.4642
vn -0.6290 -0.6773 -0.3817
vn 0.1876 0.9307 0.3140
vn 0.1166 0.8862 0.4484
vn 0.2163 0.8792 0.4245
vn -1.0000 -0.0011 -0.0029
vn -1.0000 -0.0000 -0.0055
vn -0.9969 -0.0784 -0.0049
vn -0.9999 -0.0153 0.0071
vn -0.9999 -0.0119 0.0027
vn -0.9999 -0.0141 0.0069
vn -0.9999 -0.0139 0.0045
vn -0.3048 -0.2339 -0.9233
vn -0.3109 -0.2358 -0.9207
vn -0.2909 -0.2698 -0.9179
vn -0.1892 -0.2581 -0.9474
vn 0.3951 -0.8900 -0.2277
vn 0.3837 -0.8957 -0.2247
vn 0.3718 -0.9015 -0.2215
vn -0.2070 -0.0858 -0.9746
vn -0.0755 -0.0070 -0.9971
vn -0.0387 0.0034 -0.9992
vn -0.0668 -0.9978 0.0041
vn -0.0604 -0.9981 0.0096
vn -0.0552 -0.9984 0.0139
vn 0.8188 0.4933 -0.2936
vn 0.7195 0.5364 -0.4410
vn 0.6563 0.7024 -0.2755
vn 0.6247 0.6372 -0.4515
vn -0.0690 -0.0089 -0.9976
vn -0.0574 -0.0176 -0.9982
vn -0.1011 -0.2988 -0.9489
vn -0.1540 -0.2772 -0.9484
vn -0.1892 -0.2581 0.9474
vn -0.1540 -0.2772 0.9484
vn -0.1011 -0.2989 0.9489
vn -0.0933 -0.3483 0.9327
vn -0.2133 -0.9770 -0.0000
vn 0.9991 -0.0435 0.0000
vn 0.9988 -0.0496 -0.0005
vn 0.9988 -0.0497 -0.0005
vn 0.9985 -0.0545 -0.0009
vn -0.9917 0.1282 -0.0140
vn -0.9788 0.1955 -0.0605
vn 0.0258 -0.1479 -0.9887
vn 0.0112 -0.0644 -0.9979
vn 0.0875 -0.5025 -0.8601
vn 0.1876 0.9307 -0.3140
vn 0.2162 0.9764 -0.0000
vn 0.3383 0.9010 -0.2715
vn 0.4348 0.9005 0.0000
vn 0.7408 0.6717 0.0000
vn 0.8616 0.4912 -0.1281
vn 0.8616 0.4912 0.1281
vn 0.0112 -0.0643 -0.9979
vn -0.7576 0.0003 -0.6528
vn -0.9771 0.0001 -0.2129
vn -0.7574 0.0000 -0.6529
vn -0.9761 -0.0000 -0.2173
vn 0.0358 -0.9990 -0.0283
vn 0.0680 -0.9975 0.0170
vn -0.0070 -0.9998 -0.0196
vn 0.0000 -0.9997 -0.0241
vn -0.9936 0.0000 0.1130
vn -0.9936 -0.0000 0.1129
vn 0.9832 0.0043 -0.1826
vn 1.0000 0.0024 -0.0010
vn 0.9850 0.0024 -0.1724
vn -0.9771 0.0001 -0.2130
vn 0.8550 0.0022 -0.5186
vn 0.8542 -0.0000 -0.5199
vn 0.1611 -0.9869 0.0112
vn 0.1140 -0.9866 0.1166
vn -0.0345 -0.9267 0.3742
vn 0.2360 0.0000 -0.9717
vn 0.2361 -0.0000 -0.9717
vn 0.2361 0.0001 -0.9717
vn 0.1610 -0.9869 0.0112
vn 0.0929 -0.9954 -0.0230
vn -0.9389 -0.3414 -0.0434
vn -0.9279 -0.3723 0.0207
vn -0.9072 -0.4183 0.0456
vn 0.6247 0.6371 -0.4515
vn 0.4687 0.7747 -0.4245
vn -0.1833 -0.9078 0.3773
vn -0.3851 -0.8670 0.3162
vn -0.1834 -0.9615 0.2047
vn -0.3682 -0.9298 -0.0000
vn -0.3124 -0.7960 0.5185
vn -0.5393 -0.6661 0.5152
vn 0.4586 -0.8887 -0.0000
vn -0.0386 0.0033 0.9992
vn -0.0574 -0.0176 0.9982
vn -0.0755 -0.0070 0.9971
vn -0.0690 -0.0089 0.9976
vn -0.0668 -0.9978 -0.0042
vn -0.0604 -0.9981 -0.0096
vn -0.0552 -0.9984 -0.0139
vn -0.9999 -0.0153 -0.0072
vn -0.9999 -0.0141 -0.0069
vn -0.9999 -0.0119 -0.0027
vn -0.9999 -0.0139 -0.0046
vn 0.3718 -0.9015 0.2215
vn 0.3837 -0.8957 0.2247
vn 0.3951 -0.8900 0.2277
vn -0.0437 -0.3600 0.9319
vn -0.0464 -0.3655 0.9297
vn 0.8615 0.4912 0.1281
vn 0.9472 0.2077 0.2443
vn 0.9619 0.1265 0.2424
vn -0.3109 -0.2358 0.9207
vn 0.8188 0.4933 0.2936
vn 0.6563 0.7024 0.2755
vn 0.7195 0.5364 0.4410
vn 0.6247 0.6372 0.4515
vn -0.9969 -0.0784 -0.0050
vn 0.3383 0.9010 0.2715
vn 0.4687 0.7747 0.4245
vn 0.6247 0.6371 0.4515
vn 0.9933 -0.1154 -0.0000
vn 0.9999 0.0031 -0.0111
vn 0.9899 0.1400 -0.0237
vn -0.2609 -0.9654 -0.0000
vn -0.2116 -0.9773 0.0121
vn -0.1632 -0.9863 0.0239
vn -0.8300 -0.5578 0.0000
vn -0.6532 -0.7508 -0.0980
vn -0.6094 -0.7841 0.1177
vn -0.5394 -0.6661 0.5152
vn -0.5393 -0.6661 -0.5152
vn -0.3124 -0.7960 -0.5185
vn -0.2070 -0.0858 0.9746
vn -0.0563 0.0027 0.9984
vn -0.0386 0.0034 0.9992
vn 0.0098 -0.0033 -0.9999
vn -0.0045 0.0023 -1.0000
vn -0.9969 -0.0783 0.0085
vn -1.0000 -0.0011 0.0030
vn -1.0000 -0.0000 0.0055
vn -0.1833 -0.9615 0.2046
vn 0.2163 0.8792 -0.4245
vn 0.1166 0.8862 -0.4484
vn 0.9619 0.1265 -0.2424
vn 0.9472 0.2077 -0.2443
vn 0.8615 0.4912 -0.1281
vn -0.9999 -0.0139 -0.0045
vn -0.9999 -0.0116 -0.0000
vn -0.0933 -0.3483 -0.9327
vn -0.0464 -0.3655 -0.9297
vn -0.0437 -0.3600 -0.9319
vn 0.0220 0.0085 0.9997
vn 0.0312 -0.0012 0.9995
vn 0.0131 -0.0054 0.9999
vn 0.1153 0.0489 0.9921
vn 0.2186 0.4258 0.8780
vn 0.0782 0.1525 0.9852
vn 0.1476 0.2876 0.9463
vn -0.0509 -0.9986 -0.0163
vn 0.0728 -0.9949 -0.0705
vn 0.0601 -0.8220 -0.5663
vn 0.2023 -0.9746 0.0965
vn -0.0819 -0.8623 0.4998
vn 0.0538 -0.9976 0.0444
vn -0.0728 -0.9949 -0.0704
vn -0.0601 -0.8220 -0.5663
vn 0.0509 -0.9986 -0.0164
vn 0.9389 -0.3415 -0.0435
vn 0.9268 -0.3754 -0.0048
vn 0.7782 -0.3835 -0.4973
vn -0.4764 0.2348 -0.8473
vn 0.9999 -0.0115 -0.0000
vn 0.9999 -0.0119 0.0026
vn 0.9999 -0.0139 0.0045
vn -0.7408 0.6717 0.0000
vn -0.8615 0.4912 0.1281
vn -0.6563 0.7024 0.2755
vn -0.0130 -0.0054 0.9999
vn -0.1153 0.0489 0.9921
vn -0.0312 -0.0012 0.9995
vn -0.0312 -0.0011 0.9995
vn -0.0261 0.0051 0.9996
vn -0.0220 0.0085 0.9997
vn 0.0463 -0.3655 -0.9297
vn 0.0437 -0.3600 -0.9319
vn 0.1012 -0.2989 -0.9489
vn -0.9429 0.2264 -0.2444
vn -0.9619 0.1266 -0.2424
vn -0.9619 0.1265 -0.2424
vn -0.1876 0.9307 -0.3140
vn -0.1167 0.8862 -0.4484
vn -0.2163 0.8792 -0.4245
vn 0.9730 -0.2306 0.0123
vn 0.7762 -0.6295 0.0338
vn 0.7921 -0.6083 0.0496
vn 0.7527 -0.4821 0.4484
vn 0.7287 -0.5035 0.4642
vn 0.6290 -0.6773 0.3817
vn 1.0000 -0.0011 0.0029
vn 1.0000 0.0000 0.0055
vn 0.9969 -0.0784 0.0049
vn -0.0313 -0.0012 -0.9995
vn -0.0221 0.0085 -0.9997
vn -0.0261 0.0050 -0.9996
vn 0.0386 0.0034 0.9992
vn 0.0563 0.0028 0.9984
vn -0.0098 -0.0032 -0.9999
vn -0.0131 -0.0054 -0.9999
vn 0.0045 0.0023 -1.0000
vn -0.9429 0.2264 0.2444
vn -0.9619 0.1266 0.2424
vn 0.9730 -0.2306 -0.0123
vn 0.7921 -0.6083 -0.0496
vn 0.7762 -0.6295 -0.0338
vn 0.7526 -0.4822 -0.4484
vn 0.6290 -0.6773 -0.3817
vn 0.7287 -0.5036 -0.4642
vn 0.9999 -0.0119 -0.0027
vn 0.9999 -0.0139 -0.0045
vn 0.3682 -0.9298 -0.0000
vn 0.6094 -0.7841 0.1178
vn 0.3851 -0.8670 0.3162
vn 0.0668 -0.9978 0.0042
vn 0.0604 -0.9981 0.0096
vn 0.0552 -0.9984 0.0139
vn 0.0690 -0.0089 -0.9976
vn 0.0754 -0.0070 -0.9971
vn 0.0574 -0.0176 -0.9982
vn 0.0386 0.0033 -0.9993
vn 0.2134 -0.9770 0.0000
vn 0.2133 -0.9770 -0.0000
vn -0.9991 -0.0435 0.0000
vn -0.9988 -0.0496 -0.0005
vn -0.9985 -0.0545 -0.0009
vn -0.0782 0.1525 0.9852
vn -0.0112 -0.0643 -0.9979
vn -0.0258 -0.1479 -0.9887
vn -0.0875 -0.5025 -0.8601
vn -0.9899 0.1400 -0.0237
vn -0.9999 0.0031 -0.0111
vn -0.9933 -0.1154 -0.0000
vn -0.1475 0.2876 0.9463
vn -0.2185 0.4259 0.8780
vn 0.1632 -0.9863 0.0239
vn 0.2116 -0.9773 0.0122
vn 0.2115 -0.9773 0.0122
vn 0.2610 -0.9653 -0.0000
vn 0.9999 -0.0153 0.0072
vn 0.9999 -0.0142 0.0069
vn -0.3718 -0.9015 -0.2215
vn -0.3837 -0.8957 -0.2246
vn -0.3951 -0.8900 -0.2277
vn 0.9936 -0.0000 0.1130
vn 0.9936 -0.0000 0.1129
vn -1.0000 0.0024 -0.0011
vn -0.9850 0.0024 -0.1723
vn -0.9832 0.0042 -0.1826
vn 0.9761 -0.0000 -0.2174
vn 0.9771 0.0001 -0.2130
vn -0.8550 0.0022 -0.5186
vn -0.8543 -0.0000 -0.5198
vn 0.0345 -0.9267 0.3742
vn -0.1140 -0.9866 0.1166
vn -0.0680 -0.9975 0.0171
vn -0.1611 -0.9869 0.0112
vn -0.2361 0.0000 -0.9717
vn -0.2361 0.0001 -0.9717
vn -0.1610 -0.9869 0.0112
vn -0.0929 -0.9954 -0.0229
vn -0.0358 -0.9990 -0.0283
vn 0.9072 -0.4183 0.0456
vn 0.9279 -0.3723 0.0207
vn 0.9389 -0.3415 -0.0434
vn -0.6563 0.7024 -0.2755
vn -0.8188 0.4933 -0.2936
vn -0.8616 0.4912 -0.1281
vn -0.7196 0.5364 -0.4410
vn -0.6247 0.6372 -0.4515
vn -0.9472 0.2077 -0.2443
vn -0.3383 0.9010 -0.2715
vn -0.4687 0.7747 -0.4245
vn -0.6247 0.6371 -0.4515
vn 0.9969 -0.0784 0.0050
vn 0.7762 -0.6296 0.0338
vn 0.0755 -0.0070 0.9971
vn 0.0574 -0.0175 0.9982
vn 0.0690 -0.0088 0.9976
vn 0.0668 -0.9978 -0.0042
vn 0.0604 -0.9981 -0.0096
vn 0.0553 -0.9984 -0.0139
vn -0.4586 -0.8887 -0.0000
vn -0.3951 -0.8900 0.2276
vn -0.3838 -0.8957 0.2247
vn -0.3837 -0.8957 0.2247
vn -0.3718 -0.9015 0.2215
vn 0.2070 -0.0858 0.9746
vn 0.0933 -0.3483 0.9327
vn 0.1011 -0.2988 0.9489
vn 0.0464 -0.3654 0.9297
vn 0.0437 -0.3600 0.9319
vn 0.9999 -0.0153 -0.0072
vn 0.9999 -0.0142 -0.0069
vn -0.8188 0.4933 0.2936
vn -0.7195 0.5364 0.4410
vn -0.6247 0.6372 0.4515
vn -0.6247 0.6371 0.4515
vn -0.4686 0.7747 0.4245
vn -0.3383 0.9010 0.2715
vn -0.1876 0.9307 0.3140
vn -0.2162 0.9763 0.0000
vn -0.4348 0.9005 -0.0000
vn 0.0070 -0.9998 -0.0196
vn 0.7576 0.0003 -0.6528
vn 0.7574 0.0000 -0.6529
vn 0.9771 0.0000 -0.2129
vn 0.8300 -0.5578 0.0000
vn 0.6532 -0.7508 -0.0980
vn 0.6093 -0.7841 0.1178
vn -0.1153 0.0488 -0.9921
vn 0.5393 -0.6661 -0.5152
vn 0.3851 -0.8670 -0.3161
vn 0.3124 -0.7960 -0.5185
vn 0.1833 -0.9078 -0.3773
vn 0.1834 -0.9615 -0.2047
vn 0.7762 -0.6296 -0.0338
vn 0.9969 -0.0784 -0.0083
vn 1.0000 -0.0011 -0.0030
vn 1.0000 -0.0000 -0.0055
vn 0.5394 -0.6661 -0.5152
vn -0.4687 0.7747 0.4245
vn -0.2163 0.8792 0.4245
vn -0.1167 0.8862 0.4484
vn -0.9619 0.1265 0.2425
vn -0.9472 0.2077 0.2443
vn -0.8616 0.4912 0.1281
vn 0.1541 -0.2772 0.9484
vn 0.1892 -0.2581 0.9474
vn 0.2909 -0.2698 0.9179
vn 0.3108 -0.2357 0.9208
vn 0.3048 -0.2339 0.9233
vn 0.3851 -0.8671 -0.3161
vn 0.1834 -0.9615 0.2046
vn 0.1833 -0.9078 0.3773
vn 0.5394 -0.6661 0.5152
vn 0.3124 -0.7959 0.5185
vn 0.3048 -0.2339 -0.9233
vn 0.2909 -0.2699 -0.9179
vn 0.3108 -0.2358 -0.9208
vn 0.1892 -0.2581 -0.9474
vn 0.1540 -0.2772 -0.9484
vn 0.1011 -0.2989 -0.9489
vn 0.0933 -0.3483 -0.9327
vn -0.0098 -0.0032 0.9999
vn -0.0131 -0.0054 0.9999
vn 0.0046 0.0023 1.0000
vn 0.2070 -0.0858 -0.9746
vn 0.0563 0.0028 -0.9984
vn 0.0755 -0.0070 -0.9971
vn 0.9788 0.1955 -0.0605
vn 0.9910 0.1339 -0.0042
vn 0.9917 0.1282 -0.0140
vn 0.9927 0.1199 0.0085
vn 0.9873 0.1552 0.0331
vn -0.8211 0.1226 -0.5574
vn -0.4724 0.6563 -0.5883
vn -0.8343 0.1033 -0.5416
vn -0.0399 -0.0190 -0.9990
vn -0.0462 -0.0149 -0.9988
vn -0.1276 -0.1579 -0.9792
vn 0.6405 -0.0231 -0.7676
vn 0.7411 -0.0838 -0.6662
vn 0.7770 -0.0336 -0.6286
vn -0.2147 0.6990 0.6822
vn -0.1932 0.6626 0.7236
vn -0.1039 0.7891 0.6054
vn 0.9346 0.2471 0.2558
vn 0.9598 0.1874 0.2088
vn 0.8805 0.3293 0.3410
vn -0.2188 0.0632 -0.9737
vn -0.2333 0.0574 -0.9707
vn -0.3298 0.1367 -0.9341
vn -0.3858 0.6683 0.6360
vn -0.3936 0.5339 0.7483
vn -0.6335 0.3684 0.6804
vn -0.5420 0.5528 0.6330
vn -0.4558 0.2795 0.8451
vn -0.1971 0.2407 0.9504
vn -0.2487 0.4468 0.8593
vn -0.1101 0.4970 0.8608
vn 0.3005 0.9359 -0.1839
vn 0.3301 0.9235 -0.1954
vn 0.3604 0.9096 -0.2069
vn -0.2835 0.0371 -0.9583
vn -0.2134 0.0414 -0.9761
vn -0.2405 0.1746 0.9548
vn -0.1294 0.1294 0.9831
vn 0.0005 -1.0000 0.0001
vn -0.0667 0.9938 0.0885
vn -0.0759 0.9885 0.1311
vn 0.2414 -0.0000 -0.9704
vn -0.9925 -0.0000 0.1220
vn -0.9996 0.0161 0.0236
vn -0.9981 0.0287 -0.0544
vn 0.5986 -0.3306 -0.7297
vn 0.4824 -0.4995 -0.7196
vn 0.3542 -0.4299 -0.8305
vn 0.3721 -0.6466 -0.6659
vn -0.8417 0.1407 0.5213
vn -0.7641 0.2475 0.5957
vn -0.8864 0.1588 0.4349
vn -0.8561 0.2208 0.4672
vn -0.9744 -0.0000 -0.2249
vn -0.9534 0.0053 -0.3016
vn -0.9463 0.0068 -0.3231
vn 0.0178 -0.0444 -0.9989
vn 0.0986 -0.0242 -0.9948
vn 0.1939 0.0000 -0.9810
vn -0.2998 0.0777 0.9508
vn -0.3422 0.1280 0.9309
vn -0.3421 0.1279 0.9309
vn -0.3732 0.1657 0.9128
vn 0.7981 0.6025 0.0004
vn 0.7980 0.6027 0.0003
vn 0.9519 0.3063 0.0000
vn 0.9928 0.1196 -0.0000
vn 0.9996 -0.0035 0.0289
vn 0.9985 -0.0065 0.0536
vn 0.9519 0.3063 0.0001
vn 0.9928 0.1197 -0.0000
vn 0.0107 -0.9591 -0.2828
vn -0.2172 -0.6364 -0.7401
vn -0.2715 -0.1958 -0.9423
vn -0.2172 -0.6364 -0.7402
vn -0.5616 0.8272 -0.0176
vn -0.5667 0.8239 -0.0061
vn -0.2771 0.9608 -0.0085
vn -0.2726 0.9621 0.0001
vn 0.1712 0.3271 0.9294
vn 0.0829 0.2767 0.9574
vn 0.0005 -1.0000 0.0005
vn -0.0002 -1.0000 0.0012
vn -0.0004 -1.0000 0.0022
vn -0.0016 -1.0000 0.0032
vn 0.9089 0.0391 0.4153
vn 0.8993 0.0337 0.4361
vn 0.8859 0.0265 0.4631
vn -0.8450 0.0667 -0.5307
vn -0.8544 0.0714 -0.5147
vn 0.1587 -0.7228 -0.6726
vn 0.1297 -0.5764 -0.8068
vn 0.1985 -0.3599 -0.9116
vn 0.8674 -0.1931 -0.4586
vn 0.6822 -0.2608 -0.6830
vn 0.7596 -0.1409 -0.6349
vn 0.5037 -0.2852 -0.8154
vn 0.3722 -0.6466 -0.6659
vn 0.1826 -0.6890 -0.7014
vn 0.1295 -0.1295 -0.9831
vn 0.3040 -0.2794 -0.9108
vn 0.1986 -0.3599 -0.9116
vn -0.0667 0.9938 0.0884
vn -0.1913 0.9482 0.2537
vn -0.2627 0.9630 -0.0607
vn 0.8555 -0.2396 -0.4591
vn 0.5985 -0.3306 -0.7297
vn 0.9480 0.1360 0.2876
vn 0.9806 0.0197 0.1951
vn 0.9773 0.0233 0.2104
vn 0.9829 0.0061 0.1841
vn 0.9851 0.0140 0.1714
vn -0.8104 0.3484 0.4710
vn -0.6738 0.1390 0.7257
vn -0.4971 0.1077 0.8610
vn 0.0013 -0.9999 -0.0105
vn 0.0011 -1.0000 -0.0034
vn 0.0016 -1.0000 -0.0051
vn 0.0006 -1.0000 0.0001
vn -0.4449 0.3414 -0.8280
vn -0.3981 0.3750 -0.8372
vn -0.4372 0.3383 -0.8333
vn -0.3554 0.4003 -0.8446
vn -0.2823 0.4464 -0.8492
vn -0.2380 0.4631 -0.8537
vn -0.1561 0.4967 -0.8538
vn -0.1113 0.5074 -0.8545
vn -0.0674 0.5178 -0.8528
vn -0.0662 0.5148 -0.8547
vn 0.5037 -0.2852 -0.8155
vn 0.3039 -0.2794 -0.9108
vn -0.1180 0.0405 0.9922
vn -0.0577 0.0212 0.9981
vn -0.0830 0.0305 0.9961
vn -0.0076 0.0051 1.0000
vn -0.0650 -0.0153 -0.9978
vn -0.0935 -0.0148 -0.9955
vn -0.9703 0.2421 0.0013
vn -0.5667 0.8239 -0.0062
vn -0.9931 0.1175 0.0027
vn -1.0000 0.0019 0.0024
vn -1.0000 0.0023 0.0000
vn 0.7781 0.1876 -0.5995
vn 0.6728 0.0034 -0.7398
vn 0.4624 -0.0001 -0.8867
vn 0.4531 0.0064 -0.8914
usemtl mat0.060
s 1
f 1/1/1 2/2/2 3/3/3
f 4/4/4 5/5/5 6/6/6
f 7/7/1 8/8/7 9/9/8
f 10/10/9 11/11/10 12/12/11
f 13/13/12 14/14/12 15/15/12
f 16/16/13 17/17/13 18/18/13
f 19/19/14 20/20/14 21/21/14
f 22/22/15 23/23/16 24/24/17
f 25/25/18 26/26/19 27/27/20
f 28/28/21 29/29/22 30/30/23
f 31/31/24 32/32/25 33/33/26
f 34/34/27 35/35/27 36/36/27
f 37/37/28 38/38/29 39/39/30
f 40/40/31 41/41/32 42/42/33
f 43/43/34 44/44/35 45/45/36
f 46/46/37 47/47/38 48/48/39
f 49/49/40 50/50/40 51/51/40
f 52/52/41 53/53/42 54/54/43
f 55/55/44 56/56/45 57/57/46
f 58/58/47 59/59/47 60/60/47
f 61/61/48 62/62/49 63/63/50
f 64/64/51 65/65/52 66/66/53
f 67/67/54 68/68/55 69/69/56
f 70/70/57 71/71/58 72/72/59
f 73/73/60 74/74/61 75/75/62
f 76/76/63 77/77/64 78/78/65
f 79/79/66 80/80/67 81/81/68
f 82/82/69 83/83/70 84/84/71
f 85/85/72 86/86/73 87/87/74
f 88/88/75 89/89/76 90/90/77
f 91/91/78 92/92/79 93/93/80
f 94/94/81 95/95/82 96/96/83
f 97/97/84 98/98/85 99/99/84
f 100/100/86 101/101/87 102/102/88
f 103/103/89 104/104/90 105/105/91
f 106/106/92 107/107/93 108/108/94
f 109/109/95 110/110/96 111/111/97
f 112/112/98 113/113/99 114/114/100
f 115/115/101 116/116/102 117/117/103
f 118/118/104 119/119/105 120/120/106
f 121/121/107 122/122/108 123/123/109
f 124/124/110 125/125/111 126/126/112
f 127/127/113 128/128/113 129/129/114
f 130/130/115 131/131/116 132/132/117
f 133/133/118 134/134/119 135/135/119
f 135/135/119 134/134/119 136/136/120
f 137/137/121 138/138/122 139/139/123
f 139/139/123 138/138/122 140/140/124
f 141/141/125 142/142/126 143/143/127
f 143/143/127 142/142/126 144/144/128
f 145/145/129 146/146/130 147/147/131
f 147/147/131 146/146/130 148/148/132
f 149/149/133 150/150/134 151/151/135
f 151/151/135 150/150/134 152/152/84
f 153/153/133 154/154/136 155/155/134
f 155/155/134 154/154/136 156/156/137
f 157/157/138 158/158/139 159/159/140
f 159/159/140 158/158/139 160/160/139
f 161/161/141 162/162/142 163/163/143
f 163/163/143 162/162/142 164/164/101
f 165/165/90 166/166/89 167/167/144
f 167/167/144 166/166/89 168/168/145
f 169/169/146 170/170/147 171/171/148
f 171/171/148 170/170/147 172/172/95
f 173/173/149 174/174/87 175/175/150
f 175/175/150 174/174/87 176/176/86
f 177/177/151 178/178/152 179/179/152
f 179/179/152 178/178/152 180/180/153
f 181/181/154 182/182/155 183/183/155
f 183/183/155 182/182/155 184/184/156
f 185/185/157 186/186/126 187/187/158
f 187/187/158 186/186/126 188/188/159
f 189/189/160 190/190/161 191/191/161
f 191/191/161 190/190/161 192/192/162
f 193/193/163 194/194/164 195/195/164
f 195/195/164 194/194/164 196/196/165
f 197/197/166 198/198/167 199/199/167
f 199/199/167 198/198/167 200/200/168
f 201/201/169 202/202/169 203/203/169
f 203/203/169 202/202/169 204/204/169
f 205/205/170 206/206/171 207/207/171
f 207/207/171 206/206/171 208/208/172
f 209/209/173 210/210/174 211/211/175
f 211/211/175 210/210/174 212/212/176
f 213/213/177 214/214/178 215/215/179
f 215/215/179 214/214/178 216/216/180
f 217/217/181 218/218/182 219/219/183
f 219/219/183 218/218/182 220/220/184
f 221/221/185 222/222/186 223/223/187
f 223/223/187 222/222/186 224/224/188
f 225/225/106 226/226/189 227/227/190
f 227/227/190 226/226/189 228/228/191
f 229/229/192 230/230/193 231/231/194
f 231/231/194 230/230/193 232/232/195
f 233/233/194 234/234/196 235/235/197
f 235/235/197 234/234/196 236/236/198
f 237/237/199 238/238/200 239/239/200
f 239/239/200 238/238/200 240/240/201
f 241/241/198 242/242/202 243/243/203
f 243/243/203 242/242/202 244/244/204
f 245/245/205 246/246/206 247/247/207
f 247/247/207 246/246/206 248/248/208
f 249/249/209 250/250/210 251/251/211
f 251/251/211 250/250/210 252/252/212
f 253/253/213 254/254/213 255/255/213
f 255/255/213 254/254/213 256/256/213
f 257/257/214 258/258/215 259/259/216
f 259/259/216 258/258/215 260/260/216
f 261/261/217 262/262/217 263/263/214
f 263/263/214 262/262/217 264/264/215
f 265/265/218 266/266/219 267/267/220
f 267/267/220 266/266/219 268/268/220
f 269/269/221 270/270/221 271/271/218
f 271/271/218 270/270/221 272/272/219
f 273/273/222 274/274/223 275/275/224
f 275/275/224 274/274/223 276/276/225
f 277/277/84 278/278/84 279/279/84
f 279/279/84 278/278/84 280/280/84
f 281/281/84 282/282/84 283/283/84
f 283/283/84 282/282/84 284/284/84
f 285/285/84 286/286/84 287/287/84
f 287/287/84 286/286/84 288/288/84
f 289/289/84 290/290/84 291/291/84
f 291/291/84 290/290/84 292/292/84
f 293/293/226 294/294/226 295/295/226
f 295/295/226 294/294/226 296/296/226
f 297/297/84 298/298/84 299/299/84
f 299/299/84 298/298/84 300/300/84
f 301/301/227 302/302/227 303/303/227
f 303/303/227 302/302/227 304/304/227
f 305/305/228 306/306/228 307/307/228
f 307/307/228 306/306/228 308/308/228
f 309/309/84 310/310/84 311/311/84
f 311/311/84 310/310/84 312/312/84
f 313/313/229 314/314/230 315/315/231
f 315/315/231 314/314/230 316/316/232
f 317/317/233 318/318/234 319/319/231
f 319/319/231 318/318/234 320/320/229
f 321/321/185 322/322/235 323/323/186
f 323/323/186 322/322/235 324/324/236
f 325/325/231 326/326/237 327/327/233
f 327/327/233 326/326/237 328/328/238
f 329/329/239 330/330/240 331/331/237
f 331/331/237 330/330/240 332/332/241
f 333/333/242 334/334/243 335/335/57
f 335/335/57 334/334/243 336/336/58
f 337/337/244 338/338/235 339/339/245
f 339/339/245 338/338/235 340/340/185
f 341/341/239 342/342/246 343/343/240
f 343/343/240 342/342/246 344/344/247
f 345/345/248 346/346/78 347/347/249
f 347/347/249 346/346/78 348/348/250
f 349/349/185 350/350/187 351/351/251
f 351/351/251 350/350/187 352/352/252
f 353/353/253 354/354/254 355/355/255
f 355/355/255 354/354/254 356/356/256
f 357/357/257 358/358/79 359/359/54
f 359/359/54 358/358/79 360/360/78
f 361/361/258 362/362/259 363/363/260
f 363/363/260 362/362/259 364/364/261
f 365/365/260 366/366/261 367/367/262
f 367/367/262 366/366/261 368/368/263
f 369/369/261 370/370/264 371/371/263
f 371/371/263 370/370/264 372/372/60
f 373/373/60 374/374/265 375/375/266
f 375/375/266 374/374/265 376/376/267
f 377/377/248 378/378/268 379/379/78
f 379/379/78 378/378/268 380/380/54
f 381/381/258 382/382/268 383/383/269
f 383/383/269 382/382/268 384/384/248
f 385/385/51 386/386/53 387/387/85
f 387/387/85 386/386/53 388/388/84
f 389/389/270 390/390/271 391/391/272
f 391/391/272 390/390/271 392/392/273
f 393/393/84 394/394/274 395/395/84
f 395/395/84 394/394/274 396/396/275
f 397/397/276 398/398/276 399/399/277
f 399/399/277 398/398/276 400/400/275
f 401/401/278 402/402/278 403/403/278
f 403/403/278 402/402/278 404/404/278
f 405/405/279 406/406/280 407/407/280
f 407/407/280 406/406/280 408/408/281
f 409/409/66 410/410/68 411/411/282
f 411/411/282 410/410/68 412/412/283
f 413/413/284 414/414/285 415/415/126
f 415/415/126 414/414/285 416/416/286
f 417/417/287 418/418/288 419/419/126
f 419/419/126 418/418/288 420/420/128
f 421/421/289 422/422/290 423/423/291
f 423/423/291 422/422/290 424/424/292
f 425/425/133 426/426/135 427/427/293
f 427/427/293 426/426/135 428/428/84
f 429/429/133 430/430/293 431/431/294
f 431/431/294 430/430/293 432/432/295
f 433/433/296 434/434/297 435/435/298
f 435/435/298 434/434/297 436/436/298
f 437/437/297 438/438/296 439/439/299
f 439/439/299 438/438/296 440/440/300
f 441/441/299 442/442/301 443/443/242
f 443/443/242 442/442/301 444/444/242
f 445/445/302 446/446/303 447/447/304
f 447/447/304 446/446/303 448/448/75
f 449/449/305 450/450/306 451/451/307
f 451/451/307 450/450/306 452/452/69
f 453/453/308 454/454/309 455/455/65
f 455/455/65 454/454/309 456/456/63
f 457/457/310 458/458/311 459/459/311
f 459/459/311 458/458/311 460/460/312
f 461/461/313 462/462/314 463/463/314
f 463/463/314 462/462/314 464/464/315
f 465/465/316 466/466/317 467/467/317
f 467/467/317 466/466/317 468/468/318
f 469/469/319 470/470/320 471/471/320
f 471/471/320 470/470/320 472/472/321
f 473/473/322 474/474/323 475/475/323
f 475/475/323 474/474/323 476/476/324
f 477/477/325 478/478/326 479/479/326
f 479/479/326 478/478/326 480/480/327
f 481/481/328 482/482/328 483/483/328
f 483/483/328 482/482/328 484/484/328
f 485/485/329 486/486/330 487/487/330
f 487/487/330 486/486/330 488/488/331
f 489/489/266 490/490/332 491/491/252
f 491/491/252 490/490/332 492/492/333
f 493/493/248 494/494/249 495/495/334
f 495/495/334 494/494/249 496/496/335
f 497/497/273 498/498/271 499/499/336
f 499/499/336 498/498/271 500/500/337
f 501/501/338 502/502/232 503/503/339
f 503/503/339 502/502/232 504/504/239
f 505/505/340 506/506/341 507/507/342
f 507/507/342 506/506/341 508/508/342
f 509/509/343 510/510/344 511/511/340
f 511/511/340 510/510/344 512/512/345
f 513/513/346 514/514/346 515/515/347
f 515/515/347 514/514/346 516/516/344
f 517/517/348 518/518/349 519/519/44
f 519/519/44 518/518/349 520/520/350
f 521/521/351 522/522/352 523/523/353
f 523/523/353 522/522/352 524/524/50
f 525/525/354 526/526/355 527/527/356
f 527/527/356 526/526/355 528/528/357
f 529/529/350 530/530/349 531/531/358
f 531/531/358 530/530/349 532/532/359
f 533/533/360 534/534/357 535/535/358
f 535/535/358 534/534/357 536/536/350
f 537/537/361 538/538/37 539/539/362
f 539/539/362 538/538/37 540/540/360
f 541/541/41 542/542/362 543/543/351
f 543/543/351 542/542/362 544/544/359
f 545/545/351 546/546/353 547/547/363
f 547/547/363 546/546/353 548/548/42
f 549/549/357 550/550/364 551/551/356
f 551/551/356 550/550/364 552/552/365
f 553/553/360 554/554/358 555/555/362
f 555/555/362 554/554/358 556/556/359
f 557/557/362 558/558/41 559/559/361
f 559/559/361 558/558/41 560/560/43
f 561/561/366 562/562/367 563/563/368
f 563/563/368 562/562/367 564/564/369
f 565/565/370 566/566/371 567/567/372
f 567/567/372 566/566/371 568/568/373
f 569/569/374 570/570/373 571/571/375
f 571/571/375 570/570/373 572/572/376
f 573/573/377 574/574/376 575/575/378
f 575/575/378 574/574/376 576/576/379
f 577/577/378 578/578/379 579/579/366
f 579/579/366 578/578/379 580/580/367
f 581/581/380 582/582/381 583/583/367
f 583/583/367 582/582/381 584/584/382
f 585/585/383 586/586/384 587/587/385
f 587/587/385 586/586/384 588/588/386
f 589/589/84 590/590/84 591/591/387
f 591/591/387 590/590/84 592/592/388
f 593/593/389 594/594/390 595/595/391
f 595/595/391 594/594/390 596/596/392
f 597/597/391 598/598/393 599/599/394
f 599/599/394 598/598/393 600/600/395
f 601/601/391 602/602/396 603/603/393
f 603/603/393 602/602/396 604/604/397
f 605/605/398 606/606/399 607/607/400
f 607/607/400 606/606/399 608/608/401
f 609/609/402 610/610/393 611/611/403
f 611/611/403 610/610/393 612/612/397
f 613/613/404 614/614/404 615/615/405
f 615/615/405 614/614/404 616/616/405
f 617/617/406 618/618/401 619/619/407
f 619/619/407 618/618/401 620/620/408
f 621/621/409 622/622/410 623/623/411
f 623/623/411 622/622/410 624/624/412
f 625/625/404 626/626/413 627/627/404
f 627/627/404 626/626/413 628/628/413
f 629/629/414 630/630/415 631/631/402
f 631/631/402 630/630/415 632/632/416
f 633/633/417 634/634/418 635/635/390
f 635/635/390 634/634/418 636/636/392
f 637/637/394 638/638/419 639/639/390
f 639/639/390 638/638/419 640/640/417
f 641/641/419 642/642/389 643/643/420
f 643/643/420 642/642/389 644/644/415
f 645/645/421 646/646/422 647/647/423
f 647/647/423 646/646/422 648/648/424
f 649/649/402 650/650/425 651/651/426
f 651/651/426 650/650/425 652/652/427
f 653/653/428 654/654/429 655/655/428
f 655/655/428 654/654/429 656/656/429
f 657/657/430 658/658/430 659/659/429
f 659/659/429 658/658/430 660/660/429
f 661/661/431 662/662/432 663/663/432
f 663/663/432 662/662/432 664/664/433
f 665/665/434 666/666/435 667/667/435
f 667/667/435 666/666/435 668/668/436
f 669/669/437 670/670/438 671/671/438
f 671/671/438 670/670/438 672/672/439
f 673/673/440 674/674/441 675/675/442
f 675/675/442 674/674/441 676/676/443
f 677/677/444 678/678/445 679/679/445
f 679/679/445 678/678/445 680/680/446
f 681/681/447 682/682/448 683/683/449
f 683/683/449 682/682/448 684/684/450
f 685/685/451 686/686/452 687/687/453
f 687/687/453 686/686/452 688/688/29
f 689/689/454 690/690/30 691/691/455
f 691/691/455 690/690/30 692/692/456
f 693/693/457 694/694/458 695/695/458
f 695/695/458 694/694/458 696/696/459
f 697/697/460 698/698/461 699/699/461
f 699/699/461 698/698/461 700/700/462
f 701/701/463 702/702/464 703/703/465
f 703/703/465 702/702/464 704/704/466
f 705/705/467 706/706/468 707/707/468
f 707/707/468 706/706/468 708/708/469
f 709/709/470 710/710/471 711/711/471
f 711/711/471 710/710/471 712/712/472
f 713/713/473 714/714/474 715/715/474
f 715/715/474 714/714/474 716/716/475
f 717/717/476 718/718/477 719/719/478
f 719/719/478 718/718/477 720/720/479
f 721/721/480 722/722/481 723/723/35
f 723/723/35 722/722/481 724/724/36
f 725/725/454 726/726/482 727/727/35
f 727/727/35 726/726/482 728/728/483
f 729/729/484 730/730/485 731/731/486
f 731/731/486 730/730/485 732/732/487
f 733/733/24 734/734/26 735/735/488
f 735/735/488 734/734/26 736/736/489
f 737/737/490 738/738/491 739/739/491
f 739/739/491 738/738/491 740/740/492
f 741/741/493 742/742/494 743/743/495
f 743/743/495 742/742/494 744/744/496
f 745/745/266 746/746/497 747/747/493
f 747/747/493 746/746/497 748/748/494
f 749/749/498 750/750/499 751/751/500
f 751/751/500 750/750/499 752/752/501
f 753/753/84 754/754/489 755/755/502
f 755/755/502 754/754/489 756/756/26
f 757/757/503 758/758/504 759/759/504
f 759/759/504 758/758/504 760/760/505
f 761/761/506 762/762/507 763/763/508
f 763/763/508 762/762/507 764/764/509
f 765/765/510 766/766/511 767/767/508
f 767/767/508 766/766/511 768/768/506
f 769/769/512 770/770/513 771/771/514
f 771/771/514 770/770/513 772/772/515
f 773/773/278 774/774/516 775/775/517
f 775/775/517 774/774/516 776/776/513
f 777/777/518 778/778/519 779/779/502
f 779/779/502 778/778/519 780/780/84
f 781/781/520 782/782/521 783/783/522
f 783/783/522 782/782/521 784/784/523
f 785/785/524 786/786/525 787/787/525
f 787/787/525 786/786/525 788/788/526
f 789/789/527 790/790/528 791/791/528
f 791/791/528 790/790/528 792/792/529
f 793/793/266 794/794/530 795/795/531
f 795/795/531 794/794/530 796/796/532
f 797/797/533 798/798/534 799/799/535
f 799/799/535 798/798/534 800/800/536
f 801/801/537 802/802/523 803/803/538
f 803/803/538 802/802/523 804/804/23
f 805/805/539 806/806/540 807/807/540
f 807/807/540 806/806/540 808/808/541
f 809/809/542 810/810/543 811/811/543
f 811/811/543 810/810/543 812/812/544
f 813/813/266 814/814/545 815/815/530
f 815/815/530 814/814/545 816/816/546
f 817/817/547 818/818/548 819/819/549
f 819/819/549 818/818/548 820/820/550
f 821/821/551 822/822/552 823/823/549
f 823/823/549 822/822/552 824/824/553
f 825/825/554 826/826/555 827/827/556
f 827/827/556 826/826/555 828/828/557
f 829/829/228 830/830/558 831/831/559
f 831/831/559 830/830/558 832/832/560
f 833/833/561 834/834/562 835/835/563
f 835/835/563 834/834/562 836/836/564
f 837/837/565 838/838/566 839/839/567
f 839/839/567 838/838/566 840/840/568
f 841/841/569 842/842/570 843/843/571
f 843/843/571 842/842/570 844/844/572
f 845/845/565 846/846/573 847/847/571
f 847/847/571 846/846/573 848/848/569
f 849/849/574 850/850/568 851/851/575
f 851/851/575 850/850/568 852/852/576
f 853/853/577 854/854/568 855/855/572
f 855/855/572 854/854/568 856/856/566
f 857/857/578 858/858/18 859/859/579
f 859/859/579 858/858/18 860/860/580
f 861/861/572 862/862/570 863/863/579
f 863/863/579 862/862/570 864/864/581
f 865/865/582 866/866/579 867/867/583
f 867/867/583 866/866/579 868/868/581
f 869/869/576 870/870/580 871/871/575
f 871/871/575 870/870/580 872/872/584
f 873/873/585 874/874/580 875/875/586
f 875/875/586 874/874/580 876/876/577
f 877/877/587 878/878/588 879/879/589
f 879/879/589 878/878/588 880/880/10
f 881/881/590 882/882/10 883/883/591
f 883/883/591 882/882/10 884/884/592
f 885/885/593 886/886/10 887/887/594
f 887/887/594 886/886/10 888/888/588
f 889/889/593 890/890/6 891/891/591
f 891/891/591 890/890/6 892/892/595
f 893/893/596 894/894/2 895/895/597
f 895/895/597 894/894/2 896/896/598
f 897/897/598 898/898/2 899/899/599
f 899/899/599 898/898/2 900/900/600
f 901/901/596 902/902/601 903/903/2
f 903/903/2 902/902/601 904/904/3
f 905/905/597 906/906/598 907/907/602
f 907/907/602 906/906/598 908/908/603
f 909/909/604 910/910/599 911/911/8
f 911/911/8 910/910/599 912/912/605
f 913/913/606 914/914/8 915/915/607
f 915/915/607 914/914/8 916/916/608
f 917/917/609 918/918/604 919/919/610
f 919/919/610 918/918/604 920/920/611
f 921/921/612 922/922/613 923/923/612
f 923/923/612 922/922/613 924/924/613
f 925/925/614 926/926/614 927/927/615
f 927/927/615 926/926/614 928/928/616
f 929/929/617 930/930/616 931/931/618
f 931/931/618 930/930/616 932/932/618
f 933/933/619 934/934/620 935/935/621
f 935/935/621 934/934/620 936/936/621
f 937/937/622 938/938/623 939/939/624
f 939/939/624 938/938/623 940/940/625
f 941/941/624 942/942/626 943/943/627
f 943/943/627 942/942/626 944/944/620
f 945/945/628 946/946/629 947/947/630
f 947/947/630 946/946/629 948/948/631
f 949/949/632 950/950/632 951/951/613
f 951/951/613 950/950/632 952/952/613
f 953/953/633 954/954/84 955/955/634
f 955/955/634 954/954/84 956/956/635
f 957/957/628 958/958/630 959/959/636
f 959/959/636 958/958/630 960/960/84
f 961/961/637 962/962/638 963/963/634
f 963/963/634 962/962/638 964/964/639
f 965/965/640 966/966/641 967/967/636
f 967/967/636 966/966/641 968/968/628
f 969/969/642 970/970/643 971/971/644
f 971/971/644 970/970/643 972/972/645
f 973/973/646 974/974/647 975/975/648
f 975/975/648 974/974/647 976/976/649
f 977/977/650 978/978/651 979/979/652
f 979/979/652 978/978/651 980/980/647
f 981/981/644 982/982/653 983/983/654
f 983/983/654 982/982/653 984/984/655
f 985/985/656 986/986/657 987/987/658
f 987/987/658 986/986/657 988/988/659
f 989/989/650 990/990/652 991/991/660
f 991/991/660 990/990/652 992/992/648
f 993/993/372 994/994/373 995/995/661
f 995/995/661 994/994/373 996/996/662
f 997/997/663 998/998/664 999/999/366
f 999/999/366 998/998/664 1000/1000/367
f 1001/1001/665 1002/1002/367 1003/1003/666
f 1003/1003/666 1002/1002/367 1004/1004/667
f 1005/1005/668 1006/1006/667 1007/1007/669
f 1007/1007/669 1006/1006/667 1008/1008/670
f 1009/1009/669 1010/1010/670 1011/1011/372
f 1011/1011/372 1010/1010/670 1012/1012/373
f 1013/1013/671 1014/1014/672 1015/1015/373
f 1015/1015/373 1014/1014/672 1016/1016/673
f 1017/1017/674 1018/1018/675 1019/1019/676
f 1019/1019/676 1018/1018/675 1020/1020/677
f 1021/1021/678 1022/1022/679 1023/1023/680
f 1023/1023/680 1022/1022/679 1024/1024/674
f 1025/1025/681 1026/1026/682 1027/1027/683
f 1027/1027/683 1026/1026/682 1028/1028/684
f 1029/1029/685 1030/1030/653 1031/1031/686
f 1031/1031/686 1030/1030/653 1032/1032/687
f 1033/1033/688 1034/1034/689 1035/1035/690
f 1035/1035/690 1034/1034/689 1036/1036/653
f 1037/1037/683 1038/1038/647 1039/1039/691
f 1039/1039/691 1038/1038/647 1040/1040/692
f 1041/1041/693 1042/1042/694 1043/1043/695
f 1043/1043/695 1042/1042/694 1044/1044/696
f 1045/1045/688 1046/1046/690 1047/1047/697
f 1047/1047/697 1046/1046/690 1048/1048/686
f 1049/1049/228 1050/1050/228 1051/1051/228
f 1051/1051/228 1050/1050/228 1052/1052/228
f 1053/1053/698 1054/1054/699 1055/1055/698
f 1055/1055/698 1054/1054/699 1056/1056/388
f 1057/1057/700 1058/1058/701 1059/1059/702
f 1059/1059/702 1058/1058/701 1060/1060/703
f 1061/1061/704 1062/1062/705 1063/1063/182
f 1063/1063/182 1062/1062/705 1064/1064/184
f 1065/1065/99 1066/1066/706 1067/1067/180
f 1067/1067/180 1066/1066/706 1068/1068/179
f 1069/1069/111 1070/1070/94 1071/1071/707
f 1071/1071/707 1070/1070/94 1072/1072/708
f 1073/1073/702 1074/1074/703 1075/1075/709
f 1075/1075/709 1074/1074/703 1076/1076/710
f 1077/1077/84 1078/1078/711 1079/1079/710
f 1079/1079/710 1078/1078/711 1080/1080/709
f 1081/1081/712 1082/1082/713 1083/1083/714
f 1083/1083/714 1082/1082/713 1084/1084/175
f 1085/1085/715 1086/1086/716 1087/1087/243
f 1087/1087/243 1086/1086/716 1088/1088/236
f 1089/1089/717 1090/1090/718 1091/1091/719
f 1091/1091/719 1090/1090/718 1092/1092/241
f 1093/1093/111 1094/1094/720 1095/1095/721
f 1095/1095/721 1094/1094/720 1096/1096/722
f 1097/1097/173 1098/1098/107 1099/1099/723
f 1099/1099/723 1098/1098/107 1100/1100/92
f 1101/1101/724 1102/1102/263 1103/1103/725
f 1103/1103/725 1102/1102/263 1104/1104/60
f 1105/1105/188 1106/1106/726 1107/1107/187
f 1107/1107/187 1106/1106/726 1108/1108/252
f 1109/1109/727 1110/1110/728 1111/1111/729
f 1111/1111/729 1110/1110/728 1112/1112/730
f 1113/1113/707 1114/1114/731 1115/1115/111
f 1115/1115/111 1114/1114/731 1116/1116/112
f 1117/1117/242 1118/1118/732 1119/1119/243
f 1119/1119/243 1118/1118/732 1120/1120/715
f 1121/1121/173 1122/1122/175 1123/1123/107
f 1123/1123/107 1122/1122/175 1124/1124/713
f 1125/1125/733 1126/1126/734 1127/1127/716
f 1127/1127/716 1126/1126/734 1128/1128/188
f 1129/1129/189 1130/1130/735 1131/1131/191
f 1131/1131/191 1130/1130/735 1132/1132/736
f 1133/1133/737 1134/1134/105 1135/1135/189
f 1135/1135/189 1134/1134/105 1136/1136/735
f 1137/1137/188 1138/1138/186 1139/1139/716
f 1139/1139/716 1138/1138/186 1140/1140/236
f 1141/1141/738 1142/1142/738 1143/1143/738
f 1143/1143/738 1142/1142/738 1144/1144/738
f 1145/1145/84 1146/1146/84 1147/1147/84
f 1147/1147/84 1146/1146/84 1148/1148/84
f 1149/1149/278 1150/1150/278 1151/1151/278
f 1151/1151/278 1150/1150/278 1152/1152/278
f 1153/1153/84 1154/1154/84 1155/1155/84
f 1155/1155/84 1154/1154/84 1156/1156/84
f 1157/1157/84 1158/1158/84 1159/1159/84
f 1159/1159/84 1158/1158/84 1160/1160/84
f 1161/1161/739 1162/1162/739 1163/1163/739
f 1163/1163/739 1162/1162/739 1164/1164/739
f 1165/1165/84 1166/1166/84 1167/1167/84
f 1167/1167/84 1166/1166/84 1168/1168/84
f 1169/1169/84 1170/1170/84 1171/1171/84
f 1171/1171/84 1170/1170/84 1172/1172/84
f 1173/1173/84 1174/1174/84 1175/1175/84
f 1175/1175/84 1174/1174/84 1176/1176/84
f 1177/1177/740 1178/1178/740 1179/1179/740
f 1179/1179/740 1178/1178/740 1180/1180/740
f 1181/1181/115 1182/1182/117 1183/1183/741
f 1183/1183/741 1182/1182/117 1184/1184/742
f 1185/1185/743 1186/1186/744 1187/1187/745
f 1187/1187/745 1186/1186/744 1188/1188/746
f 1189/1189/747 1190/1190/748 1191/1191/749
f 1191/1191/749 1190/1190/748 1192/1192/750
f 1193/1193/751 1194/1194/752 1195/1195/753
f 1195/1195/753 1194/1194/752 1196/1196/754
f 1197/1197/754 1198/1198/755 1199/1199/749
f 1199/1199/749 1198/1198/755 1200/1200/756
f 1201/1201/757 1202/1202/758 1203/1203/759
f 1203/1203/759 1202/1202/758 1204/1204/760
f 1205/1205/761 1206/1206/762 1207/1207/763
f 1207/1207/763 1206/1206/762 1208/1208/764
f 1209/1209/765 1210/1210/762 1211/1211/766
f 1211/1211/766 1210/1210/762 1212/1212/767
f 1213/1213/768 1214/1214/769 1215/1215/770
f 1215/1215/770 1214/1214/769 1216/1216/771
f 1217/1217/772 1218/1218/773 1219/1219/774
f 1219/1219/774 1218/1218/773 1220/1220/768
f 1221/1221/759 1222/1222/760 1223/1223/775
f 1223/1223/775 1222/1222/760 1224/1224/776
f 1225/1225/74 1226/1226/777 1227/1227/778
f 1227/1227/778 1226/1226/777 1228/1228/779
f 1226/1226/777 1229/1229/780 1228/1228/779
f 1228/1228/779 1229/1229/780 1230/1230/781
f 1231/1231/782 1232/1232/783 1233/1233/784
f 1233/1233/784 1232/1232/783 1234/1234/785
f 1232/1232/783 1235/1235/786 1234/1234/785
f 1234/1234/785 1235/1235/786 1236/1236/787
f 1237/1237/788 1238/1238/789 1239/1239/790
f 1239/1239/790 1238/1238/789 1240/1240/763
f 1238/1238/789 1241/1241/791 1240/1240/763
f 1240/1240/763 1241/1241/791 1242/1242/792
f 1241/1241/791 1243/1243/793 1242/1242/792
f 1242/1242/792 1243/1243/793 1244/1244/766
f 1245/1245/794 1246/1246/795 1247/1247/796
f 1247/1247/796 1246/1246/795 1248/1248/797
f 1246/1246/795 1249/1249/751 1248/1248/797
f 1248/1248/797 1249/1249/751 1250/1250/798
f 1249/1249/751 1251/1251/799 1250/1250/798
f 1250/1250/798 1251/1251/799 1252/1252/788
f 1253/1253/800 1254/1254/797 1255/1255/801
f 1255/1255/801 1254/1254/797 1256/1256/764
f 1254/1254/797 1257/1257/798 1256/1256/764
f 1256/1256/764 1257/1257/798 1258/1258/802
f 1259/1259/764 1260/1260/803 1261/1261/801
f 1261/1261/801 1260/1260/803 1262/1262/804
f 1260/1260/803 1263/1263/765 1262/1262/804
f 1262/1262/804 1263/1263/765 1264/1264/805
f 1265/1265/806 1266/1266/748 1267/1267/807
f 1267/1267/807 1266/1266/748 1268/1268/808
f 1266/1266/748 1269/1269/747 1268/1268/808
f 1268/1268/808 1269/1269/747 1270/1270/751
f 1269/1269/747 1271/1271/752 1270/1270/751
f 1272/1272/809 1273/1273/810 1274/1274/809
f 1274/1274/809 1273/1273/810 1275/1275/811
f 1273/1273/810 1276/1276/812 1275/1275/811
f 1275/1275/811 1276/1276/812 1277/1277/812
f 1278/1278/813 1279/1279/814 1280/1280/813
f 1280/1280/813 1279/1279/814 1281/1281/815
f 1279/1279/814 1282/1282/816 1281/1281/815
f 1281/1281/815 1282/1282/816 1283/1283/816
f 1284/1284/109 1285/1285/713 1286/1286/191
f 1286/1286/191 1285/1285/713 1287/1287/190
f 1285/1285/713 1288/1288/712 1287/1287/190
f 1287/1287/190 1288/1288/712 1289/1289/716
f 1290/1290/817 1291/1291/818 1292/1292/819
f 1292/1292/819 1291/1291/818 1293/1293/735
f 1291/1291/818 1294/1294/820 1293/1293/735
f 1293/1293/735 1294/1294/820 1295/1295/736
f 1296/1296/242 1297/1297/241 1298/1298/104
f 1298/1298/104 1297/1297/241 1299/1299/819
f 1297/1297/241 1300/1300/718 1299/1299/819
f 1299/1299/819 1300/1300/718 1301/1301/817
f 1302/1302/821 1303/1303/822 1304/1304/717
f 1304/1304/717 1303/1303/822 1305/1305/718
f 1303/1303/822 1306/1306/823 1305/1305/718
f 1305/1305/718 1306/1306/823 1307/1307/817
f 1308/1308/107 1309/1309/109 1310/1310/92
f 1310/1310/92 1309/1309/109 1311/1311/114
f 1309/1309/109 1312/1312/824 1311/1311/114
f 1311/1311/114 1312/1312/824 1313/1313/113
f 1314/1314/173 1315/1315/94 1316/1316/825
f 1316/1316/825 1315/1315/94 1317/1317/826
f 1315/1315/94 1318/1318/111 1317/1317/826
f 1317/1317/826 1318/1318/111 1319/1319/729
f 1320/1320/263 1321/1321/724 1322/1322/262
f 1322/1322/262 1321/1321/724 1323/1323/729
f 1321/1321/724 1324/1324/827 1323/1323/729
f 1323/1323/729 1324/1324/827 1325/1325/826
f 1326/1326/828 1327/1327/829 1328/1328/252
f 1328/1328/252 1327/1327/829 1329/1329/266
f 1327/1327/829 1330/1330/830 1329/1329/266
f 1329/1329/266 1330/1330/830 1331/1331/60
f 1330/1330/830 1332/1332/831 1331/1331/60
f 1333/1333/81 1334/1334/711 1335/1335/82
f 1335/1335/82 1334/1334/711 1336/1336/84
f 1334/1334/711 1337/1337/84 1336/1336/84
f 1338/1338/832 1339/1339/833 1340/1340/834
f 1340/1340/834 1339/1339/833 1341/1341/835
f 1339/1339/833 1342/1342/836 1341/1341/835
f 1343/1343/242 1344/1344/837 1345/1345/242
f 1345/1345/242 1344/1344/837 1346/1346/838
f 1344/1344/837 1347/1347/138 1346/1346/838
f 1346/1346/838 1347/1347/138 1348/1348/140
f 1349/1349/839 1350/1350/715 1351/1351/840
f 1351/1351/840 1350/1350/715 1352/1352/737
f 1350/1350/715 1353/1353/732 1352/1352/737
f 1354/1354/729 1355/1355/730 1356/1356/262
f 1356/1356/262 1355/1355/730 1357/1357/260
f 1355/1355/730 1358/1358/728 1357/1357/260
f 1357/1357/260 1358/1358/728 1359/1359/841
f 1360/1360/842 1361/1361/843 1362/1362/844
f 1362/1362/844 1361/1361/843 1363/1363/845
f 1361/1361/843 1364/1364/846 1363/1363/845
f 1363/1363/845 1364/1364/846 1365/1365/847
f 1366/1366/847 1367/1367/848 1368/1368/849
f 1368/1368/849 1367/1367/848 1369/1369/850
f 1367/1367/848 1370/1370/851 1369/1369/850
f 1369/1369/850 1370/1370/851 1371/1371/852
f 1372/1372/849 1373/1373/850 1374/1374/853
f 1374/1374/853 1373/1373/850 1375/1375/854
f 1373/1373/850 1376/1376/852 1375/1375/854
f 1375/1375/854 1376/1376/852 1377/1377/855
f 1378/1378/193 1379/1379/192 1380/1380/793
f 1380/1380/793 1379/1379/192 1381/1381/766
f 1379/1379/192 1382/1382/856 1381/1381/766
f 1381/1381/766 1382/1382/856 1383/1383/765
f 1382/1382/856 1384/1384/253 1383/1383/765
f 1383/1383/765 1384/1384/253 1385/1385/805
f 1386/1386/857 1387/1387/858 1388/1388/856
f 1388/1388/856 1387/1387/858 1389/1389/859
f 1387/1387/858 1390/1390/197 1389/1389/859
f 1389/1389/859 1390/1390/197 1391/1391/860
f 1390/1390/197 1392/1392/204 1391/1391/860
f 1391/1391/860 1392/1392/204 1393/1393/861
f 1394/1394/256 1395/1395/860 1396/1396/255
f 1396/1396/255 1395/1395/860 1397/1397/862
f 1395/1395/860 1398/1398/209 1397/1397/862
f 1397/1397/862 1398/1398/209 1399/1399/211
f 1400/1400/863 1401/1401/210 1402/1402/206
f 1402/1402/206 1401/1401/210 1403/1403/864
f 1401/1401/210 1404/1404/861 1403/1403/864
f 1403/1403/864 1404/1404/861 1405/1405/204
f 1406/1406/205 1407/1407/865 1408/1408/866
f 1408/1408/866 1407/1407/865 1409/1409/204
f 1407/1407/865 1410/1410/864 1409/1409/204
f 1411/1411/867 1412/1412/868 1413/1413/869
f 1413/1413/869 1412/1412/868 1414/1414/870
f 1412/1412/868 1415/1415/871 1414/1414/870
f 1416/1416/79 1417/1417/234 1418/1418/250
f 1418/1418/250 1417/1417/234 1419/1419/872
f 1417/1417/234 1420/1420/233 1419/1419/872
f 1419/1419/872 1420/1420/233 1421/1421/59
f 1422/1422/242 1423/1423/57 1424/1424/241
f 1424/1424/241 1423/1423/57 1425/1425/339
f 1423/1423/57 1426/1426/59 1425/1425/339
f 1427/1427/249 1428/1428/250 1429/1429/873
f 1429/1429/873 1428/1428/250 1430/1430/874
f 1428/1428/250 1431/1431/872 1430/1430/874
f 1430/1430/874 1431/1431/872 1432/1432/235
f 1433/1433/241 1434/1434/240 1435/1435/719
f 1435/1435/719 1434/1434/240 1436/1436/717
f 1434/1434/240 1437/1437/875 1436/1436/717
f 1436/1436/717 1437/1437/875 1438/1438/821
f 1439/1439/722 1440/1440/876 1441/1441/721
f 1441/1441/721 1440/1440/876 1442/1442/384
f 1440/1440/876 1443/1443/386 1442/1442/384
f 1444/1444/877 1445/1445/55 1446/1446/383
f 1446/1446/383 1445/1445/55 1447/1447/878
f 1445/1445/55 1448/1448/258 1447/1447/878
f 1447/1447/878 1448/1448/258 1449/1449/260
f 1450/1450/79 1451/1451/257 1452/1452/879
f 1452/1452/879 1451/1451/257 1453/1453/880
f 1451/1451/257 1454/1454/880 1453/1453/880
f 1455/1455/236 1456/1456/235 1457/1457/243
f 1457/1457/243 1456/1456/235 1458/1458/58
f 1456/1456/235 1459/1459/881 1458/1458/58
f 1458/1458/58 1459/1459/881 1460/1460/59
f 1461/1461/84 1462/1462/882 1463/1463/85
f 1463/1463/85 1462/1462/882 1464/1464/883
f 1462/1462/882 1465/1465/700 1464/1464/883
f 1464/1464/883 1465/1465/700 1466/1466/702
f 1467/1467/776 1468/1468/760 1469/1469/782
f 1469/1469/782 1468/1468/760 1470/1470/783
f 1468/1468/760 1471/1471/884 1470/1470/783
f 1470/1470/783 1471/1471/884 1472/1472/786
f 1473/1473/885 1474/1474/886 1475/1475/887
f 1475/1475/887 1474/1474/886 1476/1476/888
f 1474/1474/886 1477/1477/889 1476/1476/888
f 1478/1478/342 1479/1479/890 1480/1480/342
f 1480/1480/342 1479/1479/890 1481/1481/891
f 1479/1479/890 1482/1482/892 1481/1481/891
f 1481/1481/891 1482/1482/892 1483/1483/893
f 1482/1482/892 1484/1484/346 1483/1483/893
f 1483/1483/893 1484/1484/346 1485/1485/346
f 1486/1486/359 1487/1487/349 1488/1488/351
f 1488/1488/351 1487/1487/349 1489/1489/894
f 1487/1487/349 1490/1490/348 1489/1489/894
f 1489/1489/894 1490/1490/348 1491/1491/49
f 1492/1492/370 1493/1493/372 1494/1494/771
f 1494/1494/771 1493/1493/372 1495/1495/770
f 1493/1493/372 1496/1496/375 1495/1495/770
f 1495/1495/770 1496/1496/375 1497/1497/768
f 1496/1496/375 1498/1498/895 1497/1497/768
f 1497/1497/768 1498/1498/895 1499/1499/896
f 1498/1498/895 1500/1500/366 1499/1499/896
f 1499/1499/896 1500/1500/366 1501/1501/897
f 1500/1500/366 1502/1502/368 1501/1501/897
f 1501/1501/897 1502/1502/368 1503/1503/898
f 1504/1504/371 1505/1505/899 1506/1506/373
f 1506/1506/373 1505/1505/899 1507/1507/376
f 1505/1505/899 1508/1508/379 1507/1507/376
f 1509/1509/392 1510/1510/900 1511/1511/391
f 1511/1511/391 1510/1510/900 1512/1512/901
f 1510/1510/900 1513/1513/902 1512/1512/901
f 1514/1514/417 1515/1515/419 1516/1516/31
f 1516/1516/31 1515/1515/419 1517/1517/32
f 1515/1515/419 1518/1518/420 1517/1517/32
f 1517/1517/32 1518/1518/420 1519/1519/427
f 1520/1520/423 1521/1521/903 1522/1522/904
f 1522/1522/904 1521/1521/903 1523/1523/905
f 1521/1521/903 1524/1524/906 1523/1523/905
f 1523/1523/905 1524/1524/906 1525/1525/907
f 1526/1526/908 1527/1527/909 1528/1528/910
f 1528/1528/910 1527/1527/909 1529/1529/447
f 1527/1527/909 1530/1530/911 1529/1529/447
f 1531/1531/912 1532/1532/913 1533/1533/914
f 1533/1533/914 1532/1532/913 1534/1534/479
f 1532/1532/913 1535/1535/478 1534/1534/479
f 1536/1536/501 1537/1537/915 1538/1538/500
f 1538/1538/500 1537/1537/915 1539/1539/510
f 1537/1537/915 1540/1540/228 1539/1539/510
f 1539/1539/510 1540/1540/228 1541/1541/511
f 1542/1542/916 1543/1543/917 1544/1544/918
f 1544/1544/918 1543/1543/917 1545/1545/919
f 1543/1543/917 1546/1546/516 1545/1545/919
f 1545/1545/919 1546/1546/516 1547/1547/278
f 1548/1548/519 1549/1549/518 1550/1550/920
f 1550/1550/920 1549/1549/518 1551/1551/921
f 1549/1549/518 1552/1552/922 1551/1551/921
f 1553/1553/923 1554/1554/924 1555/1555/925
f 1555/1555/925 1554/1554/924 1556/1556/926
f 1554/1554/924 1557/1557/497 1556/1556/926
f 1556/1556/926 1557/1557/497 1558/1558/266
f 1559/1559/927 1560/1560/928 1561/1561/535
f 1561/1561/535 1560/1560/928 1562/1562/551
f 1560/1560/928 1563/1563/278 1562/1562/551
f 1562/1562/551 1563/1563/278 1564/1564/552
f 1565/1565/929 1566/1566/930 1567/1567/931
f 1567/1567/931 1566/1566/930 1568/1568/932
f 1566/1566/930 1569/1569/558 1568/1568/932
f 1568/1568/932 1569/1569/558 1570/1570/228
f 1571/1571/562 1572/1572/933 1573/1573/934
f 1573/1573/934 1572/1572/933 1574/1574/935
f 1572/1572/933 1575/1575/936 1574/1574/935
f 1576/1576/594 1577/1577/588 1578/1578/937
f 1578/1578/937 1577/1577/588 1579/1579/938
f 1577/1577/588 1580/1580/939 1579/1579/938
f 1579/1579/938 1580/1580/939 1581/1581/940
f 1582/1582/6 1583/1583/941 1584/1584/942
f 1584/1584/942 1583/1583/941 1585/1585/943
f 1583/1583/941 1586/1586/944 1585/1585/943
f 1585/1585/943 1586/1586/944 1587/1587/945
f 1588/1588/944 1589/1589/941 1590/1590/937
f 1590/1590/937 1589/1589/941 1591/1591/594
f 1589/1589/941 1592/1592/6 1591/1591/594
f 1591/1591/594 1592/1592/6 1593/1593/592
f 1594/1594/946 1595/1595/609 1596/1596/599
f 1596/1596/599 1595/1595/609 1597/1597/598
f 1595/1595/609 1598/1598/610 1597/1597/598
f 1597/1597/598 1598/1598/610 1599/1599/603
f 1600/1600/947 1601/1601/604 1602/1602/948
f 1602/1602/948 1601/1601/604 1603/1603/949
f 1601/1601/604 1604/1604/8 1603/1603/949
f 1603/1603/949 1604/1604/8 1605/1605/606
f 1606/1606/635 1607/1607/84 1608/1608/950
f 1608/1608/950 1607/1607/84 1609/1609/951
f 1607/1607/84 1610/1610/630 1609/1609/951
f 1609/1609/951 1610/1610/630 1611/1611/631
f 1612/1612/952 1613/1613/953 1614/1614/954
f 1614/1614/954 1613/1613/953 1615/1615/955
f 1613/1613/953 1616/1616/956 1615/1615/955
f 1615/1615/955 1616/1616/956 1617/1617/957
f 1616/1616/956 1618/1618/958 1617/1617/957
f 1617/1617/957 1618/1618/958 1619/1619/959
f 1620/1620/960 1621/1621/961 1622/1622/962
f 1622/1622/962 1621/1621/961 1623/1623/963
f 1621/1621/961 1624/1624/957 1623/1623/963
f 1623/1623/963 1624/1624/957 1625/1625/964
f 1624/1624/957 1626/1626/959 1625/1625/964
f 1625/1625/964 1626/1626/959 1627/1627/965
f 1628/1628/631 1629/1629/966 1630/1630/951
f 1630/1630/951 1629/1629/966 1631/1631/950
f 1629/1629/966 1632/1632/638 1631/1631/950
f 1631/1631/950 1632/1632/638 1633/1633/637
f 1634/1634/967 1635/1635/968 1636/1636/967
f 1636/1636/967 1635/1635/968 1637/1637/969
f 1635/1635/968 1638/1638/614 1637/1637/969
f 1637/1637/969 1638/1638/614 1639/1639/614
f 1640/1640/621 1641/1641/970 1642/1642/621
f 1642/1642/621 1641/1641/970 1643/1643/971
f 1641/1641/970 1644/1644/972 1643/1643/971
f 1643/1643/971 1644/1644/972 1645/1645/973
f 1644/1644/972 1646/1646/623 1645/1645/973
f 1645/1645/973 1646/1646/623 1647/1647/622
f 1648/1648/974 1649/1649/975 1650/1650/976
f 1650/1650/976 1649/1649/975 1651/1651/959
f 1649/1649/975 1652/1652/977 1651/1651/959
f 1651/1651/959 1652/1652/977 1653/1653/965
f 1654/1654/952 1655/1655/954 1656/1656/978
f 1656/1656/978 1655/1655/954 1657/1657/979
f 1655/1655/954 1658/1658/962 1657/1657/979
f 1657/1657/979 1658/1658/962 1659/1659/980
f 1660/1660/978 1661/1661/979 1662/1662/974
f 1662/1662/974 1661/1661/979 1663/1663/981
f 1661/1661/979 1664/1664/980 1663/1663/981
f 1663/1663/981 1664/1664/980 1665/1665/982
f 1666/1666/983 1667/1667/695 1668/1668/643
f 1668/1668/643 1667/1667/695 1669/1669/653
f 1667/1667/695 1670/1670/984 1669/1669/653
f 1669/1669/653 1670/1670/984 1671/1671/985
f 1670/1670/984 1672/1672/656 1671/1671/985
f 1671/1671/985 1672/1672/656 1673/1673/986
f 1672/1672/656 1674/1674/658 1673/1673/986
f 1673/1673/986 1674/1674/658 1675/1675/647
f 1674/1674/658 1676/1676/659 1675/1675/647
f 1675/1675/647 1676/1676/659 1677/1677/649
f 1678/1678/986 1679/1679/650 1680/1680/655
f 1680/1680/655 1679/1679/650 1681/1681/654
f 1679/1679/650 1682/1682/987 1681/1681/654
f 1681/1681/654 1682/1682/987 1683/1683/988
f 1684/1684/989 1685/1685/990 1686/1686/695
f 1686/1686/695 1685/1685/990 1687/1687/991
f 1685/1685/990 1688/1688/992 1687/1687/991
f 1689/1689/663 1690/1690/366 1691/1691/677
f 1691/1691/677 1690/1690/366 1692/1692/676
f 1690/1690/366 1693/1693/666 1692/1692/676
f 1692/1692/676 1693/1693/666 1694/1694/674
f 1693/1693/666 1695/1695/993 1694/1694/674
f 1694/1694/674 1695/1695/993 1696/1696/994
f 1695/1695/993 1697/1697/372 1696/1696/994
f 1696/1696/994 1697/1697/372 1698/1698/995
f 1697/1697/372 1699/1699/661 1698/1698/995
f 1698/1698/995 1699/1699/661 1700/1700/996
f 1701/1701/664 1702/1702/997 1703/1703/367
f 1703/1703/367 1702/1702/997 1704/1704/667
f 1702/1702/997 1705/1705/670 1704/1704/667
f 1706/1706/998 1707/1707/658 1708/1708/682
f 1708/1708/682 1707/1707/658 1709/1709/647
f 1707/1707/658 1710/1710/999 1709/1709/647
f 1709/1709/647 1710/1710/999 1711/1711/1000
f 1710/1710/999 1712/1712/693 1711/1711/1000
f 1711/1711/1000 1712/1712/693 1713/1713/1001
f 1712/1712/693 1714/1714/695 1713/1713/1001
f 1713/1713/1001 1714/1714/695 1715/1715/653
f 1714/1714/695 1716/1716/696 1715/1715/653
f 1715/1715/653 1716/1716/696 1717/1717/687
f 1718/1718/1001 1719/1719/688 1720/1720/692
f 1720/1720/692 1719/1719/688 1721/1721/691
f 1719/1719/688 1722/1722/1002 1721/1721/691
f 1721/1721/691 1722/1722/1002 1723/1723/1003
f 1724/1724/1004 1725/1725/1005 1726/1726/658
f 1726/1726/658 1725/1725/1005 1727/1727/1006
f 1725/1725/1005 1728/1728/1007 1727/1727/1006
usemtl mat0.061
f 1729/1729/1008 1730/1730/1009 1731/1731/1010
f 1732/1732/1011 1733/1733/1012 1734/1734/1013
f 1735/1735/1014 1736/1736/1015 1737/1737/1016
f 1738/1738/1017 1739/1739/1018 1740/1740/1019
f 1741/1741/1020 1742/1742/1021 1743/1743/1022
f 1744/1744/1023 1745/1745/1024 1746/1746/1025
f 1747/1747/1026 1748/1748/1023 1749/1749/1027
f 1749/1749/1027 1748/1748/1023 1750/1750/1025
f 1751/1751/1015 1752/1752/1028 1753/1753/1025
f 1753/1753/1025 1752/1752/1028 1754/1754/1027
f 1755/1755/1029 1756/1756/1029 1757/1757/1029
f 1757/1757/1029 1756/1756/1029 1758/1758/1029
f 1759/1759/1030 1760/1760/1031 1761/1761/1032
f 1761/1761/1032 1760/1760/1031 1762/1762/1033
f 1763/1763/1034 1764/1764/1035 1765/1765/1035
f 1765/1765/1035 1764/1764/1035 1766/1766/1036
f 1767/1767/1037 1768/1768/1038 1769/1769/1039
f 1769/1769/1039 1768/1768/1038 1770/1770/1040
f 1771/1771/242 1772/1772/242 1773/1773/242
f 1773/1773/242 1772/1772/242 1774/1774/242
f 1775/1775/1041 1776/1776/1042 1777/1777/1043
f 1777/1777/1043 1776/1776/1042 1778/1778/1044
f 1779/1779/1045 1780/1780/1046 1781/1781/1047
f 1781/1781/1047 1780/1780/1046 1782/1782/1048
f 1783/1783/1048 1784/1784/1046 1785/1785/1049
f 1785/1785/1049 1784/1784/1046 1786/1786/1050
f 1787/1787/1051 1788/1788/1052 1789/1789/1014
f 1789/1789/1014 1788/1788/1052 1790/1790/1015
f 1791/1791/1053 1792/1792/1054 1793/1793/1027
f 1793/1793/1027 1792/1792/1054 1794/1794/1055
f 1795/1795/1056 1796/1796/1057 1797/1797/1058
f 1797/1797/1058 1796/1796/1057 1798/1798/1053
f 1799/1799/1059 1800/1800/1052 1801/1801/1060
f 1801/1801/1060 1800/1800/1052 1802/1802/1061
f 1803/1803/1059 1804/1804/1028 1805/1805/1052
f 1805/1805/1052 1804/1804/1028 1806/1806/1015
f 1807/1807/1062 1808/1808/1063 1809/1809/1064
f 1809/1809/1064 1808/1808/1063 1810/1810/1065
f 1811/1811/1066 1812/1812/1067 1813/1813/1067
f 1813/1813/1067 1812/1812/1067 1814/1814/1068
f 1815/1815/1069 1816/1816/1070 1817/1817/1070
f 1817/1817/1070 1816/1816/1070 1818/1818/1071
f 1819/1819/1072 1820/1820/1073 1821/1821/1072
f 1821/1821/1072 1820/1820/1073 1822/1822/1072
f 1823/1823/1013 1824/1824/1008 1825/1825/1074
f 1825/1825/1074 1824/1824/1008 1826/1826/1010
f 1827/1827/1075 1828/1828/1076 1829/1829/1077
f 1829/1829/1077 1828/1828/1076 1830/1830/1078
f 1831/1831/1079 1832/1832/1080 1833/1833/1081
f 1833/1833/1081 1832/1832/1080 1834/1834/1082
f 1835/1835/454 1836/1836/454 1837/1837/454
f 1837/1837/454 1836/1836/454 1838/1838/454
f 1839/1839/1048 1840/1840/1049 1841/1841/1083
f 1841/1841/1083 1840/1840/1049 1842/1842/1084
f 1843/1843/1085 1844/1844/1086 1845/1845/1087
f 1845/1845/1087 1844/1844/1086 1846/1846/1088
f 1847/1847/1089 1848/1848/1090 1849/1849/1091
f 1849/1849/1091 1848/1848/1090 1850/1850/1092
f 1851/1851/1093 1852/1852/1088 1853/1853/1094
f 1853/1853/1094 1852/1852/1088 1854/1854/1020
f 1855/1855/1027 1856/1856/1028 1857/1857/1056
f 1857/1857/1056 1856/1856/1028 1858/1858/1059
f 1859/1859/1061 1860/1860/1095 1861/1861/1096
f 1861/1861/1096 1860/1860/1095 1862/1862/1097
f 1863/1863/1083 1864/1864/1084 1865/1865/1091
f 1865/1865/1091 1864/1864/1084 1866/1866/1098
f 1867/1867/1018 1868/1868/1099 1869/1869/1100
f 1869/1869/1100 1868/1868/1099 1870/1870/1101
f 1868/1868/1099 1871/1871/1102 1870/1870/1101
f 1872/1872/1103 1873/1873/1104 1874/1874/1078
f 1874/1874/1078 1873/1873/1104 1875/1875/1105
f 1873/1873/1104 1876/1876/1106 1875/1875/1105
f 1877/1877/1107 1878/1878/1108 1879/1879/1105
f 1879/1879/1105 1878/1878/1108 1880/1880/1109
f 1878/1878/1108 1881/1881/1110 1880/1880/1109
f 1882/1882/1111 1883/1883/1112 1884/1884/1113
f 1884/1884/1113 1883/1883/1112 1885/1885/1020
f 1883/1883/1112 1886/1886/1114 1885/1885/1020
usemtl mat0.062
f 1887/1887/1115 1888/1888/1116 1889/1889/1117
f 1890/1890/1118 1891/1891/1119 1892/1892/1120
f 1893/1893/1121 1894/1894/1122 1895/1895/1123
f 1896/1896/1124 1897/1897/1125 1898/1898/1126
f 1899/1899/1127 1900/1900/1128 1901/1901/1129
f 1902/1902/1130 1903/1903/1131 1904/1904/1132
f 1905/1905/1133 1906/1906/1130 1907/1907/1134
f 1908/1908/1135 1909/1909/1136 1910/1910/1137
f 1911/1911/1138 1912/1912/1138 1913/1913/1138
f 1913/1913/1138 1912/1912/1138 1914/1914/1138
f 1915/1915/1139 1916/1916/1140 1917/1917/1140
f 1917/1917/1140 1916/1916/1140 1918/1918/1141
f 1919/1919/1122 1920/1920/1121 1921/1921/1142
f 1921/1921/1142 1920/1920/1121 1922/1922/1143
f 1923/1923/1134 1924/1924/1130 1925/1925/1144
f 1925/1925/1144 1924/1924/1130 1926/1926/1132
f 1927/1927/242 1928/1928/242 1929/1929/242
f 1929/1929/242 1928/1928/242 1930/1930/242
f 1931/1931/1145 1932/1932/1146 1933/1933/1147
f 1933/1933/1147 1932/1932/1146 1934/1934/1148
f 1935/1935/1149 1936/1936/1150 1937/1937/1119
f 1937/1937/1119 1936/1936/1150 1938/1938/1120
f 1939/1939/1151 1940/1940/1152 1941/1941/1153
f 1941/1941/1153 1940/1940/1152 1942/1942/1154
f 1943/1943/1154 1944/1944/1155 1945/1945/1153
f 1945/1945/1153 1944/1944/1155 1946/1946/1156
f 1947/1947/1157 1948/1948/1158 1949/1949/1159
f 1949/1949/1159 1948/1948/1158 1950/1950/1129
f 1951/1951/1160 1952/1952/1147 1953/1953/1161
f 1953/1953/1161 1952/1952/1147 1954/1954/1162
f 1955/1955/1163 1956/1956/1164 1957/1957/1164
f 1957/1957/1164 1956/1956/1164 1958/1958/1165
f 1959/1959/1166 1960/1960/1167 1961/1961/1159
f 1961/1961/1159 1960/1960/1167 1962/1962/1168
f 1963/1963/1166 1964/1964/1169 1965/1965/1170
f 1965/1965/1170 1964/1964/1169 1966/1966/1129
f 1967/1967/1171 1968/1968/1172 1969/1969/1173
f 1969/1969/1173 1968/1968/1172 1970/1970/1174
f 1971/1971/1175 1972/1972/1176 1973/1973/1176
f 1973/1973/1176 1972/1972/1176 1974/1974/1177
f 1975/1975/1115 1976/1976/1178 1977/1977/1120
f 1977/1977/1120 1976/1976/1178 1978/1978/1179
f 1979/1979/1180 1980/1980/1181 1981/1981/1182
f 1981/1981/1182 1980/1980/1181 1982/1982/1183
f 1983/1983/1184 1984/1984/1184 1985/1985/1185
f 1985/1985/1185 1984/1984/1184 1986/1986/1184
f 1987/1987/1186 1988/1988/1187 1989/1989/1188
f 1989/1989/1188 1988/1988/1187 1990/1990/1150
f 1991/1991/1189 1992/1992/1173 1993/1993/1190
f 1993/1993/1190 1992/1992/1173 1994/1994/1191
f 1995/1995/454 1996/1996/454 1997/1997/454
f 1997/1997/454 1996/1996/454 1998/1998/454
f 1999/1999/1129 2000/2000/1136 2001/2001/1170
f 2001/2001/1170 2000/2000/1136 2002/2002/1192
f 2003/2003/1193 2004/2004/1192 2005/2005/1194
f 2005/2005/1194 2004/2004/1192 2006/2006/1195
f 2007/2007/1196 2008/2008/1192 2009/2009/1197
f 2009/2009/1197 2008/2008/1192 2010/2010/1198
f 2011/2011/1199 2012/2012/1192 2013/2013/1200
f 2013/2013/1200 2012/2012/1192 2014/2014/1136
f 2015/2015/1201 2016/2016/1202 2017/2017/1203
f 2017/2017/1203 2016/2016/1202 2018/2018/1204
f 2019/2019/1192 2020/2020/1193 2021/2021/1170
f 2021/2021/1170 2020/2020/1193 2022/2022/1166
f 2023/2023/1205 2024/2024/1206 2025/2025/1159
f 2025/2025/1159 2024/2024/1206 2026/2026/1207
f 2027/2027/1208 2028/2028/1209 2029/2029/1210
f 2029/2029/1210 2028/2028/1209 2030/2030/1211
f 2031/2031/1212 2032/2032/1213 2033/2033/1204
f 2033/2033/1204 2032/2032/1213 2034/2034/1122
f 2032/2032/1213 2035/2035/1214 2034/2034/1122
f 2036/2036/1125 2037/2037/1124 2038/2038/1215
f 2038/2038/1215 2037/2037/1124 2039/2039/1216
f 2037/2037/1124 2040/2040/1217 2039/2039/1216
f 2041/2041/1218 2042/2042/1219 2043/2043/1209
f 2043/2043/1209 2042/2042/1219 2044/2044/1220
f 2042/2042/1219 2045/2045/1155 2044/2044/1220
f 2044/2044/1220 2045/2045/1155 2046/2046/1154
usemtl mat0.063
f 2047/2047/1221 2048/2048/1222 2049/2049/1223
f 2050/2050/1224 2051/2051/1225 2052/2052/454
f 2053/2053/1226 2054/2054/1227 2055/2055/1228
f 2056/2056/1229 2057/2057/1230 2058/2058/1231
f 2059/2059/1232 2060/2060/1233 2061/2061/1234
f 2062/2062/1235 2063/2063/1236 2064/2064/1237
f 2065/2065/228 2066/2066/228 2067/2067/228
f 2068/2068/1238 2069/2069/1239 2070/2070/1240
f 2071/2071/1234 2072/2072/1241 2073/2073/1242
f 2074/2074/1243 2075/2075/1244 2076/2076/1245
f 2077/2077/1246 2078/2078/1247 2079/2079/1248
f 2079/2079/1248 2078/2078/1247 2080/2080/1249
f 2081/2081/1248 2082/2082/1250 2083/2083/1246
f 2083/2083/1246 2082/2082/1250 2084/2084/1251
f 2085/2085/1252 2086/2086/1232 2087/2087/1253
f 2087/2087/1253 2086/2086/1232 2088/2088/1234
f 2089/2089/1234 2090/2090/1242 2091/2091/1253
f 2091/2091/1253 2090/2090/1242 2092/2092/1248
f 2093/2093/1248 2094/2094/1242 2095/2095/1250
f 2095/2095/1250 2094/2094/1242 2096/2096/1241
f 2097/2097/1254 2098/2098/1255 2099/2099/1255
f 2099/2099/1255 2098/2098/1255 2100/2100/1256
f 2101/2101/1257 2102/2102/1258 2103/2103/1240
f 2103/2103/1240 2102/2102/1258 2104/2104/1238
f 2105/2105/228 2106/2106/228 2107/2107/228
f 2107/2107/228 2106/2106/228 2108/2108/228
f 2109/2109/228 2110/2110/228 2111/2111/228
f 2111/2111/228 2110/2110/228 2112/2112/228
f 2113/2113/1259 2114/2114/1260 2115/2115/1261
f 2115/2115/1261 2114/2114/1260 2116/2116/1262
f 2117/2117/1263 2118/2118/1264 2119/2119/1265
f 2119/2119/1265 2118/2118/1264 2120/2120/1266
f 2121/2121/228 2122/2122/228 2123/2123/228
f 2123/2123/228 2122/2122/228 2124/2124/228
f 2125/2125/1265 2126/2126/1266 2127/2127/1267
f 2127/2127/1267 2126/2126/1266 2128/2128/1268
f 2129/2129/1269 2130/2130/1268 2131/2131/1270
f 2131/2131/1270 2130/2130/1268 2132/2132/1271
f 2133/2133/1270 2134/2134/1271 2135/2135/1272
f 2135/2135/1272 2134/2134/1271 2136/2136/1273
f 2137/2137/1274 2138/2138/1275 2139/2139/84
f 2139/2139/84 2138/2138/1275 2140/2140/84
f 2141/2141/1276 2142/2142/1276 2143/2143/1276
f 2143/2143/1276 2142/2142/1276 2144/2144/1276
f 2145/2145/1277 2146/2146/1278 2147/2147/1278
f 2147/2147/1278 2146/2146/1278 2148/2148/1279
f 2149/2149/1280 2150/2150/1281 2151/2151/1282
f 2151/2151/1282 2150/2150/1281 2152/2152/1230
f 2153/2153/266 2154/2154/266 2155/2155/266
f 2155/2155/266 2154/2154/266 2156/2156/266
f 2157/2157/1283 2158/2158/1284 2159/2159/1285
f 2159/2159/1285 2158/2158/1284 2160/2160/1286
f 2161/2161/1248 2162/2162/1249 2163/2163/1285
f 2163/2163/1285 2162/2162/1249 2164/2164/1287
f 2165/2165/1288 2166/2166/1289 2167/2167/1289
f 2167/2167/1289 2166/2166/1289 2168/2168/1290
f 2169/2169/1291 2170/2170/1292 2171/2171/1293
f 2171/2171/1293 2170/2170/1292 2172/2172/1294
f 2173/2173/266 2174/2174/266 2175/2175/266
f 2175/2175/266 2174/2174/266 2176/2176/266
f 2177/2177/1225 2178/2178/1224 2179/2179/1295
f 2179/2179/1295 2178/2178/1224 2180/2180/1296
f 2181/2181/1297 2182/2182/1298 2183/2183/1299
f 2183/2183/1299 2182/2182/1298 2184/2184/1300
f 2185/2185/1301 2186/2186/1222 2187/2187/1302
f 2187/2187/1302 2186/2186/1222 2188/2188/1303
f 2189/2189/1235 2190/2190/1237 2191/2191/1304
f 2191/2191/1304 2190/2190/1237 2192/2192/1305
f 2193/2193/1306 2194/2194/1307 2195/2195/1308
f 2195/2195/1308 2194/2194/1307 2196/2196/1309
f 2197/2197/228 2198/2198/1310 2199/2199/228
f 2199/2199/228 2198/2198/1310 2200/2200/1298
f 2201/2201/1311 2202/2202/266 2203/2203/1312
f 2203/2203/1312 2202/2202/266 2204/2204/266
f 2205/2205/1313 2206/2206/1314 2207/2207/1315
f 2207/2207/1315 2206/2206/1314 2208/2208/1316
f 2209/2209/266 2210/2210/266 2211/2211/266
f 2211/2211/266 2210/2210/266 2212/2212/266
f 2213/2213/1317 2214/2214/1318 2215/2215/1319
f 2215/2215/1319 2214/2214/1318 2216/2216/1316
f 2217/2217/1320 2218/2218/1321 2219/2219/1322
f 2219/2219/1322 2218/2218/1321 2220/2220/1323
f 2221/2221/84 2222/2222/84 2223/2223/84
f 2223/2223/84 2222/2222/84 2224/2224/84
f 2225/2225/1227 2226/2226/1324 2227/2227/1325
f 2227/2227/1325 2226/2226/1324 2228/2228/1326
f 2229/2229/1327 2230/2230/1328 2231/2231/1329
f 2231/2231/1329 2230/2230/1328 2232/2232/1330
f 2233/2233/1331 2234/2234/1332 2235/2235/1332
f 2235/2235/1332 2234/2234/1332 2236/2236/1333
f 2237/2237/84 2238/2238/84 2239/2239/84
f 2239/2239/84 2238/2238/84 2240/2240/84
f 2241/2241/1227 2242/2242/1226 2243/2243/1324
f 2243/2243/1324 2242/2242/1226 2244/2244/1334
f 2245/2245/266 2246/2246/266 2247/2247/1329
f 2247/2247/1329 2246/2246/266 2248/2248/1327
f 2249/2249/1287 2250/2250/1335 2251/2251/1285
f 2251/2251/1285 2250/2250/1335 2252/2252/1283
f 2253/2253/1336 2254/2254/1244 2255/2255/1337
f 2255/2255/1337 2254/2254/1244 2256/2256/1338
f 2257/2257/1339 2258/2258/1244 2259/2259/1340
f 2259/2259/1340 2258/2258/1244 2260/2260/1341
f 2261/2261/1342 2262/2262/1244 2263/2263/1343
f 2263/2263/1343 2262/2262/1244 2264/2264/1344
f 2265/2265/1345 2266/2266/1346 2267/2267/1343
f 2267/2267/1343 2266/2266/1346 2268/2268/1245
f 2269/2269/1347 2270/2270/1244 2271/2271/1348
f 2271/2271/1348 2270/2270/1244 2272/2272/1339
f 2273/2273/1349 2274/2274/1341 2275/2275/1243
f 2275/2275/1243 2274/2274/1341 2276/2276/1244
f 2277/2277/1274 2278/2278/1350 2279/2279/1351
f 2279/2279/1351 2278/2278/1350 2280/2280/1352
f 2281/2281/1353 2282/2282/1354 2283/2283/1354
f 2283/2283/1354 2282/2282/1354 2284/2284/1355
f 2285/2285/1345 2286/2286/1343 2287/2287/1356
f 2287/2287/1356 2286/2286/1343 2288/2288/1336
f 2289/2289/266 2290/2290/266 2291/2291/266
f 2291/2291/266 2290/2290/266 2292/2292/266
f 2290/2290/266 2293/2293/266 2292/2292/266
f 2292/2292/266 2293/2293/266 2294/2294/266
f 2293/2293/266 2295/2295/266 2294/2294/266
f 2294/2294/266 2295/2295/266 2296/2296/1357
f 2295/2295/266 2297/2297/1358 2296/2296/1357
f 2298/2298/1312 2299/2299/1222 2300/2300/1359
f 2300/2300/1359 2299/2299/1222 2301/2301/1360
f 2299/2299/1222 2302/2302/1361 2301/2301/1360
f 2303/2303/1362 2304/2304/1363 2305/2305/1364
f 2305/2305/1364 2304/2304/1363 2306/2306/1365
f 2304/2304/1363 2307/2307/1366 2306/2306/1365
f 2308/2308/1252 2309/2309/1253 2310/2310/1367
f 2310/2310/1367 2309/2309/1253 2311/2311/1286
f 2309/2309/1253 2312/2312/1248 2311/2311/1286
f 2311/2311/1286 2312/2312/1248 2313/2313/1285
usemtl mat0.064
f 2314/2314/1368 2315/2315/1369 2316/2316/1370
f 2317/2317/1371 2318/2318/1371 2319/2319/1371
f 2320/2320/1372 2321/2321/1373 2322/2322/1374
f 2323/2323/1375 2324/2324/1376 2325/2325/1377
f 2326/2326/1378 2327/2327/242 2328/2328/1379
f 2329/2329/1380 2330/2330/1381 2331/2331/1382
f 2332/2332/1383 2333/2333/1384 2334/2334/1385
f 2335/2335/1386 2336/2336/1387 2337/2337/1388
f 2338/2338/1389 2339/2339/1390 2340/2340/1391
f 2341/2341/1392 2342/2342/1393 2343/2343/1394
f 2344/2344/1395 2345/2345/1396 2346/2346/1397
f 2347/2347/1398 2348/2348/1399 2349/2349/1400
f 2350/2350/1401 2351/2351/1402 2352/2352/1403
f 2353/2353/1404 2354/2354/1405 2355/2355/1406
f 2356/2356/1407 2357/2357/1408 2358/2358/1409
f 2359/2359/1410 2360/2360/1411 2361/2361/1412
f 2362/2362/1413 2363/2363/1414 2364/2364/1415
f 2365/2365/1416 2366/2366/1417 2367/2367/1418
f 2368/2368/1419 2369/2369/1420 2370/2370/1421
f 2371/2371/1422 2372/2372/1423 2373/2373/1424
f 2373/2373/1424 2372/2372/1423 2374/2374/1425
f 2375/2375/1426 2376/2376/1427 2377/2377/1428
f 2377/2377/1428 2376/2376/1427 2378/2378/1429
f 2379/2379/1430 2380/2380/1431 2381/2381/1431
f 2381/2381/1431 2380/2380/1431 2382/2382/1432
f 2383/2383/1433 2384/2384/1434 2385/2385/1379
f 2385/2385/1379 2384/2384/1434 2386/2386/1435
f 2387/2387/1436 2388/2388/1437 2389/2389/1437
f 2389/2389/1437 2388/2388/1437 2390/2390/1438
f 2391/2391/1439 2392/2392/1440 2393/2393/1441
f 2393/2393/1441 2392/2392/1440 2394/2394/1442
f 2395/2395/1443 2396/2396/1444 2397/2397/1434
f 2397/2397/1434 2396/2396/1444 2398/2398/1378
f 2399/2399/1445 2400/2400/1446 2401/2401/1429
f 2401/2401/1429 2400/2400/1446 2402/2402/1428
f 2403/2403/1447 2404/2404/1448 2405/2405/1449
f 2405/2405/1449 2404/2404/1448 2406/2406/1450
f 2407/2407/1451 2408/2408/1451 2409/2409/1451
f 2409/2409/1451 2408/2408/1451 2410/2410/1451
f 2411/2411/1452 2412/2412/1453 2413/2413/1454
f 2413/2413/1454 2412/2412/1453 2414/2414/1455
f 2415/2415/1381 2416/2416/1380 2417/2417/1456
f 2417/2417/1456 2416/2416/1380 2418/2418/1457
f 2419/2419/242 2420/2420/1458 2421/2421/1459
f 2421/2421/1459 2420/2420/1458 2422/2422/1460
f 2423/2423/1461 2424/2424/1462 2425/2425/1463
f 2425/2425/1463 2424/2424/1462 2426/2426/1464
f 2427/2427/1441 2428/2428/1465 2429/2429/1466
f 2429/2429/1466 2428/2428/1465 2430/2430/1467
f 2431/2431/242 2432/2432/242 2433/2433/1468
f 2433/2433/1468 2432/2432/242 2434/2434/242
f 2435/2435/1469 2436/2436/1470 2437/2437/1471
f 2437/2437/1471 2436/2436/1470 2438/2438/1472
f 2439/2439/1473 2440/2440/1474 2441/2441/1475
f 2441/2441/1475 2440/2440/1474 2442/2442/1476
f 2443/2443/1477 2444/2444/1478 2445/2445/1477
f 2445/2445/1477 2444/2444/1478 2446/2446/1478
f 2447/2447/1479 2448/2448/1480 2449/2449/1481
f 2449/2449/1481 2448/2448/1480 2450/2450/278
f 2451/2451/1472 2452/2452/1482 2453/2453/228
f 2453/2453/228 2452/2452/1482 2454/2454/228
f 2455/2455/454 2456/2456/454 2457/2457/454
f 2457/2457/454 2456/2456/454 2458/2458/454
f 2459/2459/1479 2460/2460/1481 2461/2461/1483
f 2461/2461/1483 2460/2460/1481 2462/2462/1484
f 2463/2463/1485 2464/2464/1486 2465/2465/1474
f 2465/2465/1474 2464/2464/1486 2466/2466/1487
f 2467/2467/454 2468/2468/454 2469/2469/454
f 2469/2469/454 2468/2468/454 2470/2470/454
f 2471/2471/1488 2472/2472/1489 2473/2473/1489
f 2473/2473/1489 2472/2472/1489 2474/2474/1490
f 2475/2475/1491 2476/2476/1474 2477/2477/1492
f 2477/2477/1492 2476/2476/1474 2478/2478/1473
f 2479/2479/1493 2480/2480/1370 2481/2481/1494
f 2481/2481/1494 2480/2480/1370 2482/2482/1495
f 2483/2483/454 2484/2484/454 2485/2485/454
f 2485/2485/454 2484/2484/454 2486/2486/454
f 2487/2487/1496 2488/2488/1497 2489/2489/1441
f 2489/2489/1441 2488/2488/1497 2490/2490/1463
f 2491/2491/1498 2492/2492/1499 2493/2493/1500
f 2493/2493/1500 2492/2492/1499 2494/2494/1501
f 2495/2495/1463 2496/2496/1464 2497/2497/1441
f 2497/2497/1441 2496/2496/1464 2498/2498/1465
f 2499/2499/1498 2500/2500/1502 2501/2501/1499
f 2501/2501/1499 2500/2500/1502 2502/2502/1503
f 2503/2503/1504 2504/2504/1504 2505/2505/1504
f 2505/2505/1504 2504/2504/1504 2506/2506/1504
f 2507/2507/1505 2508/2508/1506 2509/2509/1507
f 2509/2509/1507 2508/2508/1506 2510/2510/1508
f 2511/2511/1509 2512/2512/1510 2513/2513/1510
f 2513/2513/1510 2512/2512/1510 2514/2514/1511
f 2515/2515/1512 2516/2516/1513 2517/2517/1514
f 2517/2517/1514 2516/2516/1513 2518/2518/1515
f 2519/2519/1516 2520/2520/1517 2521/2521/1517
f 2521/2521/1517 2520/2520/1517 2522/2522/1518
f 2523/2523/1519 2524/2524/1449 2525/2525/1520
f 2525/2525/1520 2524/2524/1449 2526/2526/1450
f 2527/2527/1521 2528/2528/1404 2529/2529/1522
f 2529/2529/1522 2528/2528/1404 2530/2530/1523
f 2531/2531/1524 2532/2532/1403 2533/2533/1447
f 2533/2533/1447 2532/2532/1403 2534/2534/1448
f 2535/2535/1525 2536/2536/1526 2537/2537/1527
f 2537/2537/1527 2536/2536/1526 2538/2538/1528
f 2539/2539/1419 2540/2540/1529 2541/2541/1410
f 2541/2541/1410 2540/2540/1529 2542/2542/1411
f 2543/2543/1416 2544/2544/1418 2545/2545/1530
f 2545/2545/1530 2544/2544/1418 2546/2546/1531
f 2547/2547/1532 2548/2548/1526 2549/2549/1531
f 2549/2549/1531 2548/2548/1526 2550/2550/1530
f 2551/2551/1533 2552/2552/1534 2553/2553/1534
f 2553/2553/1534 2552/2552/1534 2554/2554/1535
f 2555/2555/1536 2556/2556/1537 2557/2557/1537
f 2557/2557/1537 2556/2556/1537 2558/2558/1538
f 2559/2559/1539 2560/2560/1540 2561/2561/1539
f 2561/2561/1539 2560/2560/1540 2562/2562/1541
f 2563/2563/1400 2564/2564/1399 2565/2565/1542
f 2565/2565/1542 2564/2564/1399 2566/2566/1499
f 2564/2564/1399 2567/2567/1541 2566/2566/1499
f 2566/2566/1499 2567/2567/1541 2568/2568/1501
f 2567/2567/1541 2569/2569/1540 2568/2568/1501
f 2570/2570/1414 2571/2571/1543 2572/2572/1415
f 2572/2572/1415 2571/2571/1543 2573/2573/1393
f 2571/2571/1543 2574/2574/1544 2573/2573/1393
f 2573/2573/1393 2574/2574/1544 2575/2575/1394
f 2576/2576/1465 2577/2577/1464 2578/2578/1526
f 2578/2578/1526 2577/2577/1464 2579/2579/1530
f 2577/2577/1464 2580/2580/1462 2579/2579/1530
f 2579/2579/1530 2580/2580/1462 2581/2581/1416
f 2582/2582/1404 2583/2583/1467 2584/2584/1525
f 2584/2584/1525 2583/2583/1467 2585/2585/1526
f 2583/2583/1467 2586/2586/1465 2585/2585/1526
f 2587/2587/1545 2588/2588/1546 2589/2589/1507
f 2589/2589/1507 2588/2588/1546 2590/2590/1547
f 2588/2588/1546 2591/2591/454 2590/2590/1547
f 2592/2592/1409 2593/2593/1548 2594/2594/1407
f 2594/2594/1407 2593/2593/1548 2595/2595/1395
f 2593/2593/1548 2596/2596/1549 2595/2595/1395
f 2597/2597/1388 2598/2598/1550 2599/2599/1386
f 2599/2599/1386 2598/2598/1550 2600/2600/1551
f 2598/2598/1550 2601/2601/1552 2600/2600/1551
f 2602/2602/1415 2603/2603/1393 2604/2604/1540
f 2604/2604/1540 2603/2603/1393 2605/2605/1501
f 2603/2603/1393 2606/2606/1392 2605/2605/1501
f 2605/2605/1501 2606/2606/1392 2607/2607/1553
f 2608/2608/1497 2609/2609/1554 2610/2610/1463
f 2610/2610/1463 2609/2609/1554 2611/2611/1461
f 2609/2609/1554 2612/2612/1555 2611/2611/1461
f 2613/2613/1556 2614/2614/1383 2615/2615/1557
f 2615/2615/1557 2614/2614/1383 2616/2616/1558
f 2614/2614/1383 2617/2617/1439 2616/2616/1558
f 2616/2616/1558 2617/2617/1439 2618/2618/1441
f 2619/2619/1559 2620/2620/1560 2621/2621/1514
f 2621/2621/1514 2620/2620/1560 2622/2622/1423
f 2620/2620/1560 2623/2623/1425 2622/2622/1423
f 2624/2624/1446 2625/2625/1445 2626/2626/1561
f 2626/2626/1561 2625/2625/1445 2627/2627/1562
f 2625/2625/1445 2628/2628/1563 2627/2627/1562
f 2629/2629/1564 2630/2630/1565 2631/2631/1389
f 2631/2631/1389 2630/2630/1565 2632/2632/1566
f 2630/2630/1565 2633/2633/1567 2632/2632/1566
f 2634/2634/1568 2635/2635/1569 2636/2636/1570
f 2636/2636/1570 2635/2635/1569 2637/2637/454
f 2635/2635/1569 2638/2638/454 2637/2637/454
f 2637/2637/454 2638/2638/454 2639/2639/454
f 2640/2640/1372 2641/2641/1571 2642/2642/1373
f 2642/2642/1373 2641/2641/1571 2643/2643/1572
f 2641/2641/1571 2644/2644/1573 2643/2643/1572
usemtl mat0.065
f 2645/2645/1574 2646/2646/1575 2647/2647/1576
f 2648/2648/1577 2649/2649/1578 2650/2650/1579
f 2651/2651/1580 2652/2652/1581 2653/2653/1582
f 2654/2654/1583 2655/2655/1583 2656/2656/1583
f 2657/2657/1584 2658/2658/1585 2659/2659/1586
f 2660/2660/1587 2661/2661/1588 2662/2662/1589
f 2663/2663/1590 2664/2664/1591 2665/2665/1592
f 2666/2666/1593 2667/2667/1594 2668/2668/1595
f 2669/2669/1596 2670/2670/1597 2671/2671/1598
f 2672/2672/1599 2673/2673/1600 2674/2674/1601
f 2675/2675/1602 2676/2676/1603 2677/2677/1604
f 2678/2678/1605 2679/2679/1606 2680/2680/1607
f 2681/2681/1608 2682/2682/1609 2683/2683/1610
f 2684/2684/1611 2685/2685/1612 2686/2686/1613
f 2687/2687/1614 2688/2688/1615 2689/2689/1616
f 2690/2690/1617 2691/2691/454 2692/2692/1618
f 2693/2693/1619 2694/2694/1620 2695/2695/1621
f 2696/2696/1622 2697/2697/1623 2698/2698/1623
f 2699/2699/1624 2700/2700/1625 2701/2701/1626
f 2702/2702/1627 2703/2703/1628 2704/2704/1629
f 2705/2705/1585 2706/2706/1584 2707/2707/1630
f 2707/2707/1630 2706/2706/1584 2708/2708/1631
f 2709/2709/1632 2710/2710/1633 2711/2711/1634
f 2711/2711/1634 2710/2710/1633 2712/2712/1610
f 2713/2713/1635 2714/2714/1636 2715/2715/1636
f 2715/2715/1636 2714/2714/1636 2716/2716/1637
f 2717/2717/1638 2718/2718/1639 2719/2719/1640
f 2719/2719/1640 2718/2718/1639 2720/2720/1641
f 2721/2721/1642 2722/2722/1643 2723/2723/1643
f 2723/2723/1643 2722/2722/1643 2724/2724/1642
f 2725/2725/1644 2726/2726/1645 2727/2727/1645
f 2727/2727/1645 2726/2726/1645 2728/2728/1646
f 2729/2729/1647 2730/2730/454 2731/2731/454
f 2731/2731/454 2730/2730/454 2732/2732/454
f 2733/2733/242 2734/2734/1648 2735/2735/1649
f 2735/2735/1649 2734/2734/1648 2736/2736/1650
f 2737/2737/1651 2738/2738/1652 2739/2739/1652
f 2739/2739/1652 2738/2738/1652 2740/2740/1653
f 2741/2741/454 2742/2742/1647 2743/2743/1654
f 2743/2743/1654 2742/2742/1647 2744/2744/1655
f 2745/2745/1656 2746/2746/1657 2747/2747/1658
f 2747/2747/1658 2746/2746/1657 2748/2748/1659
f 2749/2749/242 2750/2750/1648 2751/2751/242
f 2751/2751/242 2750/2750/1648 2752/2752/242
f 2753/2753/1660 2754/2754/1661 2755/2755/1585
f 2755/2755/1585 2754/2754/1661 2756/2756/1586
f 2757/2757/1662 2758/2758/1663 2759/2759/1663
f 2759/2759/1663 2758/2758/1663 2760/2760/1664
f 2761/2761/1665 2762/2762/1665 2763/2763/1666
f 2763/2763/1666 2762/2762/1665 2764/2764/1666
f 2765/2765/228 2766/2766/1667 2767/2767/1668
f 2767/2767/1668 2766/2766/1667 2768/2768/1669
f 2769/2769/1670 2770/2770/278 2771/2771/1671
f 2771/2771/1671 2770/2770/278 2772/2772/278
f 2773/2773/454 2774/2774/454 2775/2775/454
f 2775/2775/454 2774/2774/454 2776/2776/454
f 2777/2777/1669 2778/2778/1672 2779/2779/1668
f 2779/2779/1668 2778/2778/1672 2780/2780/1673
f 2781/2781/1674 2782/2782/1675 2783/2783/1676
f 2783/2783/1676 2782/2782/1675 2784/2784/1677
f 2785/2785/454 2786/2786/454 2787/2787/454
f 2787/2787/454 2786/2786/454 2788/2788/454
f 2789/2789/1678 2790/2790/1678 2791/2791/1678
f 2791/2791/1678 2790/2790/1678 2792/2792/1679
f 2793/2793/1680 2794/2794/1681 2795/2795/1676
f 2795/2795/1676 2794/2794/1681 2796/2796/1682
f 2797/2797/1683 2798/2798/1581 2799/2799/1684
f 2799/2799/1684 2798/2798/1581 2800/2800/1685
f 2801/2801/454 2802/2802/454 2803/2803/454
f 2803/2803/454 2802/2802/454 2804/2804/454
f 2805/2805/1577 2806/2806/1579 2807/2807/1576
f 2807/2807/1576 2806/2806/1579 2808/2808/1574
f 2809/2809/1686 2810/2810/1687 2811/2811/1688
f 2811/2811/1688 2810/2810/1687 2812/2812/1599
f 2813/2813/1687 2814/2814/1686 2815/2815/1689
f 2815/2815/1689 2814/2814/1686 2816/2816/1690
f 2817/2817/1688 2818/2818/1599 2819/2819/1691
f 2819/2819/1691 2818/2818/1599 2820/2820/1601
f 2821/2821/1602 2822/2822/1604 2823/2823/1692
f 2823/2823/1692 2822/2822/1604 2824/2824/1693
f 2825/2825/1694 2826/2826/1686 2827/2827/1693
f 2827/2827/1693 2826/2826/1686 2828/2828/1692
f 2829/2829/1611 2830/2830/1695 2831/2831/1605
f 2831/2831/1605 2830/2830/1695 2832/2832/1696
f 2833/2833/1617 2834/2834/1697 2835/2835/1698
f 2835/2835/1698 2834/2834/1697 2836/2836/1699
f 2837/2837/1700 2838/2838/1701 2839/2839/1701
f 2839/2839/1701 2838/2838/1701 2840/2840/1702
f 2841/2841/1703 2842/2842/1703 2843/2843/1703
f 2843/2843/1703 2842/2842/1703 2844/2844/1703
f 2845/2845/1704 2846/2846/1705 2847/2847/1706
f 2847/2847/1706 2846/2846/1705 2848/2848/1707
f 2849/2849/1708 2850/2850/1697 2851/2851/1618
f 2851/2851/1618 2850/2850/1697 2852/2852/1617
f 2853/2853/1709 2854/2854/1710 2855/2855/1711
f 2855/2855/1711 2854/2854/1710 2856/2856/1712
f 2857/2857/1713 2858/2858/1630 2859/2859/1714
f 2859/2859/1714 2858/2858/1630 2860/2860/1631
f 2861/2861/1715 2862/2862/1716 2863/2863/1589
f 2863/2863/1589 2862/2862/1716 2864/2864/1717
f 2865/2865/1718 2866/2866/1719 2867/2867/1589
f 2867/2867/1589 2866/2866/1719 2868/2868/1720
f 2869/2869/1721 2870/2870/1722 2871/2871/1720
f 2871/2871/1720 2870/2870/1722 2872/2872/1723
f 2873/2873/1720 2874/2874/1723 2875/2875/1589
f 2875/2875/1589 2874/2874/1723 2876/2876/1587
f 2877/2877/1682 2878/2878/1724 2879/2879/1676
f 2879/2879/1676 2878/2878/1724 2880/2880/1476
f 2881/2881/1725 2882/2882/1726 2883/2883/1727
f 2883/2883/1727 2882/2882/1726 2884/2884/1670
f 2885/2885/1728 2886/2886/1728 2887/2887/1729
f 2887/2887/1729 2886/2886/1728 2888/2888/1730
f 2889/2889/1615 2890/2890/1614 2891/2891/1619
f 2891/2891/1619 2890/2890/1614 2892/2892/1620
f 2890/2890/1614 2893/2893/1731 2892/2892/1620
f 2894/2894/1732 2895/2895/1733 2896/2896/1734
f 2896/2896/1734 2895/2895/1733 2897/2897/1735
f 2895/2895/1733 2898/2898/1736 2897/2897/1735
f 2899/2899/1737 2900/2900/1738 2901/2901/1624
f 2901/2901/1624 2900/2900/1738 2902/2902/1739
f 2900/2900/1738 2903/2903/1740 2902/2902/1739
f 2904/2904/1629 2905/2905/1628 2906/2906/1741
f 2906/2906/1741 2905/2905/1628 2907/2907/1733
f 2905/2905/1628 2908/2908/1729 2907/2907/1733
f 2907/2907/1733 2908/2908/1729 2909/2909/1632
f 2908/2908/1729 2910/2910/1633 2909/2909/1632
f 2911/2911/1742 2912/2912/1743 2913/2913/1720
f 2913/2913/1720 2912/2912/1743 2914/2914/1721
f 2912/2912/1743 2915/2915/1744 2914/2914/1721
f 2916/2916/1745 2917/2917/1622 2918/2918/1746
f 2918/2918/1746 2917/2917/1622 2919/2919/1747
f 2917/2917/1622 2920/2920/1715 2919/2919/1747
f 2919/2919/1747 2920/2920/1715 2921/2921/1589
f 2922/2922/1709 2923/2923/1748 2924/2924/1710
f 2924/2924/1710 2923/2923/1748 2925/2925/1749
f 2923/2923/1748 2926/2926/1750 2925/2925/1749
f 2925/2925/1749 2926/2926/1750 2927/2927/1751
f 2926/2926/1750 2928/2928/1752 2927/2927/1751
f 2929/2929/1753 2930/2930/1632 2931/2931/1736
f 2931/2931/1736 2930/2930/1632 2932/2932/1754
f 2930/2930/1632 2933/2933/1634 2932/2932/1754
f 2932/2932/1754 2933/2933/1634 2934/2934/1755
f 2935/2935/1609 2936/2936/1756 2937/2937/1610
f 2937/2937/1610 2936/2936/1756 2938/2938/1634
f 2936/2936/1756 2939/2939/1757 2938/2938/1634
f 2938/2938/1634 2939/2939/1757 2940/2940/1755
f 2941/2941/1747 2942/2942/1587 2943/2943/1688
f 2943/2943/1688 2942/2942/1587 2944/2944/1686
f 2942/2942/1587 2945/2945/1723 2944/2944/1686
f 2944/2944/1686 2945/2945/1723 2946/2946/1692
f 2945/2945/1723 2947/2947/1722 2946/2946/1692
f 2946/2946/1692 2947/2947/1722 2948/2948/1602
f 2949/2949/1758 2950/2950/1759 2951/2951/1760
f 2951/2951/1760 2950/2950/1759 2952/2952/1761
f 2950/2950/1759 2953/2953/1762 2952/2952/1761
f 2952/2952/1761 2953/2953/1762 2954/2954/1763
f 2953/2953/1762 2955/2955/1764 2954/2954/1763
f 2954/2954/1763 2955/2955/1764 2956/2956/1596
f 2957/2957/1595 2958/2958/1765 2959/2959/1592
f 2959/2959/1592 2958/2958/1765 2960/2960/1766
f 2958/2958/1765 2961/2961/1767 2960/2960/1766
f 2962/2962/1768 2963/2963/1769 2964/2964/1770
f 2964/2964/1770 2963/2963/1769 2965/2965/1641
f 2963/2963/1769 2966/2966/242 2965/2965/1641
f 2967/2967/1771 2968/2968/1772 2969/2969/1773
f 2969/2969/1773 2968/2968/1772 2970/2970/1774
f 2968/2968/1772 2971/2971/1775 2970/2970/1774
usemtl mat0.066
f 2972/2972/1776 2973/2973/1777 2974/2974/1778
f 2975/2975/1779 2976/2976/1780 2977/2977/1781
f 2978/2978/1782 2979/2979/1783 2980/2980/1784
f 2981/2981/1785 2982/2982/1786 2983/2983/1787
f 2984/2984/278 2985/2985/278 2986/2986/278
f 2987/2987/1788 2988/2988/1789 2989/2989/1790
f 2990/2990/1791 2991/2991/1792 2992/2992/1793
f 2993/2993/1794 2994/2994/1795 2995/2995/1785
f 2995/2995/1785 2994/2994/1795 2996/2996/1786
f 2997/2997/1796 2998/2998/1795 2999/2999/1797
f 2999/2999/1797 2998/2998/1795 3000/3000/1794
f 3001/3001/1798 3002/3002/1799 3003/3003/1800
f 3003/3003/1800 3002/3002/1799 3004/3004/1801
f 3005/3005/1802 3006/3006/1803 3007/3007/1803
f 3007/3007/1803 3006/3006/1803 3008/3008/1804
f 3009/3009/1805 3010/3010/1792 3011/3011/1806
f 3011/3011/1806 3010/3010/1792 3012/3012/1791
f 3013/3013/266 3014/3014/266 3015/3015/266
f 3015/3015/266 3014/3014/266 3016/3016/266
f 3017/3017/1798 3018/3018/1807 3019/3019/1799
f 3019/3019/1799 3018/3018/1807 3020/3020/1808
f 3021/3021/278 3022/3022/278 3023/3023/278
f 3023/3023/278 3022/3022/278 3024/3024/278
f 3025/3025/1809 3026/3026/266 3027/3027/266
f 3027/3027/266 3026/3026/266 3028/3028/266
f 3029/3029/278 3030/3030/278 3031/3031/278
f 3031/3031/278 3030/3030/278 3032/3032/278
f 3033/3033/278 3034/3034/278 3035/3035/278
f 3035/3035/278 3034/3034/278 3036/3036/278
f 3037/3037/266 3038/3038/266 3039/3039/266
f 3039/3039/266 3038/3038/266 3040/3040/266
f 3041/3041/84 3042/3042/1810 3043/3043/84
f 3043/3043/84 3042/3042/1810 3044/3044/1811
f 3045/3045/1812 3046/3046/1812 3047/3047/1812
f 3047/3047/1812 3046/3046/1812 3048/3048/1812
f 3049/3049/1813 3050/3050/1814 3051/3051/1814
f 3051/3051/1814 3050/3050/1814 3052/3052/1815
f 3053/3053/1816 3054/3054/1817 3055/3055/1818
f 3055/3055/1818 3054/3054/1817 3056/3056/1819
f 3057/3057/1820 3058/3058/1821 3059/3059/1822
f 3059/3059/1822 3058/3058/1821 3060/3060/1823
f 3061/3061/1824 3062/3062/1825 3063/3063/1825
f 3063/3063/1825 3062/3062/1825 3064/3064/1826
f 3065/3065/1827 3066/3066/1828 3067/3067/1828
f 3067/3067/1828 3066/3066/1828 3068/3068/1829
f 3069/3069/1830 3070/3070/1831 3071/3071/1832
f 3071/3071/1832 3070/3070/1831 3072/3072/1833
f 3073/3073/266 3074/3074/266 3075/3075/266
f 3075/3075/266 3074/3074/266 3076/3076/266
f 3077/3077/1834 3078/3078/1835 3079/3079/1836
f 3079/3079/1836 3078/3078/1835 3080/3080/1837
f 3081/3081/1788 3082/3082/1838 3083/3083/1789
f 3083/3083/1789 3082/3082/1838 3084/3084/1839
f 3085/3085/1840 3086/3086/1841 3087/3087/278
f 3087/3087/278 3086/3086/1841 3088/3088/278
f 3089/3089/266 3090/3090/266 3091/3091/1842
f 3091/3091/1842 3090/3090/266 3092/3092/1843
f 3093/3093/1844 3094/3094/1781 3095/3095/1845
f 3095/3095/1845 3094/3094/1781 3096/3096/1842
f 3097/3097/266 3098/3098/266 3099/3099/266
f 3099/3099/266 3098/3098/266 3100/3100/266
f 3101/3101/1846 3102/3102/1847 3103/3103/1848
f 3103/3103/1848 3102/3102/1847 3104/3104/1849
f 3105/3105/1850 3106/3106/1851 3107/3107/1851
f 3107/3107/1851 3106/3106/1851 3108/3108/1323
f 3109/3109/1852 3110/3110/1853 3111/3111/1854
f 3111/3111/1854 3110/3110/1853 3112/3112/1855
f 3113/3113/1856 3114/3114/1857 3115/3115/1857
f 3115/3115/1857 3114/3114/1857 3116/3116/1858
f 3117/3117/1852 3118/3118/266 3119/3119/1853
f 3119/3119/1853 3118/3118/266 3120/3120/266
f 3121/3121/1776 3122/3122/1778 3123/3123/1859
f 3123/3123/1859 3122/3122/1778 3124/3124/1860
f 3125/3125/1861 3126/3126/1862 3127/3127/1818
f 3127/3127/1818 3126/3126/1862 3128/3128/1863
f 3129/3129/1864 3130/3130/1865 3131/3131/1866
f 3131/3131/1866 3130/3130/1865 3132/3132/1867
f 3133/3133/1868 3134/3134/1869 3135/3135/1818
f 3135/3135/1818 3134/3134/1869 3136/3136/1861
f 3137/3137/1870 3138/3138/1871 3139/3139/1872
f 3139/3139/1872 3138/3138/1871 3140/3140/1818
f 3141/3141/266 3142/3142/266 3143/3143/266
f 3143/3143/266 3142/3142/266 3144/3144/266
f 3145/3145/1811 3146/3146/1873 3147/3147/1874
f 3147/3147/1874 3146/3146/1873 3148/3148/1875
f 3149/3149/1864 3150/3150/1876 3151/3151/1865
f 3151/3151/1865 3150/3150/1876 3152/3152/1877
f 3153/3153/1878 3154/3154/1879 3155/3155/1880
f 3155/3155/1880 3154/3154/1879 3156/3156/1881
f 3154/3154/1879 3157/3157/1882 3156/3156/1881
f 3158/3158/1795 3159/3159/1796 3160/3160/1798
f 3160/3160/1798 3159/3159/1796 3161/3161/1821
f 3159/3159/1796 3162/3162/1883 3161/3161/1821
f 3161/3161/1821 3162/3162/1883 3163/3163/1823
f 3164/3164/1820 3165/3165/1884 3166/3166/1821
f 3166/3166/1821 3165/3165/1884 3167/3167/1798
f 3165/3165/1884 3168/3168/1885 3167/3167/1798
f 3167/3167/1798 3168/3168/1885 3169/3169/1807
f 3170/3170/1798 3171/3171/1800 3172/3172/1795
f 3172/3172/1795 3171/3171/1800 3173/3173/1786
f 3171/3171/1800 3174/3174/1801 3173/3173/1786
f 3175/3175/1886 3176/3176/1887 3177/3177/1888
f 3177/3177/1888 3176/3176/1887 3178/3178/1889
f 3176/3176/1887 3179/3179/266 3178/3178/1889
f 3180/3180/1890 3181/3181/1891 3182/3182/1892
f 3182/3182/1892 3181/3181/1891 3183/3183/1893
f 3181/3181/1891 3184/3184/1894 3183/3183/1893
f 3183/3183/1893 3184/3184/1894 3185/3185/1895
f 3184/3184/1894 3186/3186/1896 3185/3185/1895
f 3185/3185/1895 3186/3186/1896 3187/3187/1897
f 3186/3186/1896 3188/3188/1898 3187/3187/1897
f 3187/3187/1897 3188/3188/1898 3189/3189/1899
f 3190/3190/1816 3191/3191/1818 3192/3192/1865
f 3192/3192/1865 3191/3191/1818 3193/3193/1900
f 3191/3191/1818 3194/3194/1901 3193/3193/1900
f 3195/3195/1902 3196/3196/1903 3197/3197/1904
f 3197/3197/1904 3196/3196/1903 3198/3198/1905
f 3196/3196/1903 3199/3199/454 3198/3198/1905
f 3200/3200/1779 3201/3201/1781 3202/3202/1906
f 3202/3202/1906 3201/3201/1781 3203/3203/1907
f 3201/3201/1781 3204/3204/1844 3203/3203/1907
f 3205/3205/1846 3206/3206/1908 3207/3207/1909
f 3207/3207/1909 3206/3206/1908 3208/3208/1910
f 3206/3206/1908 3209/3209/1911 3208/3208/1910
f 3208/3208/1910 3209/3209/1911 3210/3210/1912
f 3211/3211/84 3212/3212/84 3213/3213/84
f 3213/3213/84 3212/3212/84 3214/3214/84
f 3212/3212/84 3215/3215/84 3214/3214/84
f 3214/3214/84 3215/3215/84 3216/3216/84
f 3217/3217/1913 3218/3218/1914 3219/3219/1784
f 3219/3219/1784 3218/3218/1914 3220/3220/1782
f 3218/3218/1914 3221/3221/1915 3220/3220/1782
f 3220/3220/1782 3221/3221/1915 3222/3222/1916
