# Blender v2.93.5 OBJ File: 'Fifth Paladin3.blend'
# www.blender.org
mtllib Fifth Paladin Closed.mtl
o Sphere
v 0.000000 0.686550 -0.136563
v 0.000000 0.582029 -0.388899
v 0.000000 0.494975 -0.494975
v 0.000000 0.267878 -0.646716
v 0.000000 -0.000000 -0.700000
v 0.000000 -0.136563 -0.686550
v 0.000000 -0.494975 -0.494975
v 0.000000 -0.686550 -0.136563
v 0.000000 -0.657024 0.130448
v 0.000000 -0.669853 0.000000
v -0.342648 0.411851 -0.443859
v -0.286391 -0.537021 -0.336244
v -0.089490 0.318070 -0.611073
v -0.033233 0.316213 -0.617607
v -0.194504 0.318070 -0.585659
v -0.455162 -0.111341 -0.513529
v -0.033190 0.235578 -0.653245
v -0.190073 -0.582029 -0.337248
v -0.431218 -0.000000 -0.547298
v -0.312792 0.412072 -0.468127
v -0.287666 0.467179 -0.430523
v -0.347584 0.388899 -0.464057
v -0.446680 -0.267878 -0.466010
v 0.342648 0.411851 -0.443859
v 0.286391 -0.537021 -0.336244
v 0.089490 0.318070 -0.611073
v 0.033233 0.316213 -0.617607
v 0.194504 0.318070 -0.585659
v 0.455162 -0.111341 -0.513529
v 0.033190 0.235578 -0.653245
v 0.190073 -0.582029 -0.337248
v 0.431218 -0.000000 -0.547298
v 0.312792 0.412072 -0.468127
v 0.287666 0.467179 -0.430523
v 0.347584 0.388899 -0.464057
v 0.446680 -0.267878 -0.466010
v 0.371053 -0.267878 -0.528075
v 0.075870 -0.582029 0.381426
v 0.052260 -0.646716 0.262731
v 0.026642 -0.686550 0.133939
v 0.148825 -0.582029 0.359296
v 0.102513 -0.646716 0.247487
v 0.052261 -0.686550 0.126168
v 0.216061 0.582029 0.323358
v 0.216061 -0.582029 0.323358
v 0.148825 -0.646716 0.222733
v 0.075870 -0.686550 0.113548
v 0.274993 0.582029 0.274993
v 0.350000 0.494975 0.350000
v 0.411556 0.388899 0.411556
v 0.457297 0.267878 0.457297
v 0.457297 -0.267878 0.457297
v 0.411556 -0.388899 0.411556
v 0.350000 -0.494975 0.350000
v 0.274993 -0.582029 0.274993
v -0.371053 -0.267878 -0.528075
v 0.189419 -0.646716 0.189419
v 0.096565 -0.686550 0.096565
v 0.222733 0.646716 0.148825
v 0.323358 0.582029 0.216061
v 0.411556 0.494975 0.274993
v 0.483939 0.388899 0.323358
v 0.537724 0.267878 0.359296
v 0.537724 -0.267878 0.359296
v 0.483939 -0.388899 0.323358
v 0.411556 -0.494975 0.274993
v 0.323358 -0.582029 0.216061
v 0.222733 -0.646716 0.148825
v 0.113548 -0.686550 0.075870
v 0.247487 0.646716 0.102513
v 0.359296 0.582029 0.148825
v 0.457297 0.494975 0.189418
v 0.537724 0.388899 0.222732
v 0.597487 0.267878 0.247487
v 0.634289 0.136563 0.262731
v 0.646715 -0.000000 0.267878
v 0.634289 -0.136563 0.262731
v 0.597487 -0.267878 0.247487
v 0.537724 -0.388899 0.222733
v 0.457297 -0.494975 0.189418
v 0.359296 -0.582029 0.148825
v 0.247487 -0.646716 0.102513
v 0.126168 -0.686550 0.052261
v 0.262731 0.646716 0.052261
v 0.381426 0.582029 0.075870
v 0.485464 0.494975 0.096565
v 0.570845 0.388899 0.113548
v 0.634289 0.267878 0.126168
v 0.673357 0.136563 0.133939
v 0.686549 -0.000000 0.136563
v 0.673357 -0.136563 0.133939
v 0.634289 -0.267878 0.126168
v 0.570845 -0.388899 0.113548
v 0.485464 -0.494975 0.096565
v 0.381426 -0.582029 0.075870
v 0.262731 -0.646716 0.052261
v 0.133939 -0.686550 0.026642
v 0.267878 0.646716 0.000000
v 0.388899 0.582029 -0.000000
v 0.494974 0.494975 -0.000000
v 0.582028 0.388899 -0.000000
v 0.646715 0.267878 -0.000000
v 0.686549 0.136563 -0.000000
v 0.699999 -0.000000 -0.000000
v 0.686549 -0.136563 -0.000000
v 0.646715 -0.267878 -0.000000
v 0.582028 -0.388899 -0.000000
v 0.494974 -0.494975 -0.000000
v 0.388899 -0.582029 0.000000
v 0.267878 -0.646716 0.000000
v 0.136563 -0.686550 0.000000
v 0.262731 0.646716 -0.052260
v 0.381426 0.582029 -0.075870
v 0.485464 0.494975 -0.096565
v 0.570845 0.388899 -0.113548
v 0.634288 0.267878 -0.126168
v 0.673357 0.136563 -0.133939
v 0.686549 -0.000000 -0.136563
v 0.673357 -0.136563 -0.133939
v 0.634289 -0.267878 -0.126168
v 0.570845 -0.388899 -0.113548
v 0.485464 -0.494975 -0.096565
v 0.381426 -0.582029 -0.075870
v 0.262731 -0.646716 -0.052260
v 0.133939 -0.686550 -0.026642
v 0.247487 0.646716 -0.102513
v 0.000000 -0.582029 0.388899
v 0.000000 -0.646716 0.267878
v 0.000000 -0.686550 0.136563
v -0.075870 -0.582029 0.381426
v -0.052260 -0.646716 0.262731
v -0.026642 -0.686550 0.133939
v -0.148825 -0.582029 0.359296
v -0.102513 -0.646716 0.247487
v -0.052261 -0.686550 0.126168
v -0.216061 0.582029 0.323358
v -0.216061 -0.582029 0.323358
v -0.148825 -0.646716 0.222733
v -0.075870 -0.686550 0.113548
v -0.274993 0.582029 0.274993
v -0.350000 0.494975 0.350000
v -0.411556 0.388899 0.411556
v -0.457297 0.267878 0.457297
v -0.457297 -0.267878 0.457297
v -0.411556 -0.388899 0.411556
v -0.350000 -0.494975 0.350000
v -0.274993 -0.582029 0.274993
v -0.189419 -0.646716 0.189419
v -0.096565 -0.686550 0.096565
v -0.222733 0.646716 0.148825
v -0.323358 0.582029 0.216061
v -0.411556 0.494975 0.274993
v -0.483939 0.388899 0.323358
v -0.537724 0.267878 0.359296
v -0.537724 -0.267878 0.359296
v -0.483939 -0.388899 0.323358
v -0.411556 -0.494975 0.274993
v -0.323358 -0.582029 0.216061
v -0.222733 -0.646716 0.148825
v -0.113548 -0.686550 0.075870
v -0.247487 0.646716 0.102513
v -0.359296 0.582029 0.148825
v -0.457297 0.494975 0.189418
v -0.537724 0.388899 0.222732
v -0.597487 0.267878 0.247487
v -0.634289 0.136563 0.262731
v -0.646715 -0.000000 0.267878
v -0.634289 -0.136563 0.262731
v -0.597487 -0.267878 0.247487
v -0.537724 -0.388899 0.222733
v -0.457297 -0.494975 0.189418
v -0.359296 -0.582029 0.148825
v -0.247487 -0.646716 0.102513
v -0.126168 -0.686550 0.052261
v 0.000000 -0.700000 0.000000
v -0.262731 0.646716 0.052261
v -0.381426 0.582029 0.075870
v -0.485464 0.494975 0.096565
v -0.570845 0.388899 0.113548
v -0.634289 0.267878 0.126168
v -0.673357 0.136563 0.133939
v -0.686549 -0.000000 0.136563
v -0.673357 -0.136563 0.133939
v -0.634289 -0.267878 0.126168
v -0.570845 -0.388899 0.113548
v -0.485464 -0.494975 0.096565
v -0.381426 -0.582029 0.075870
v -0.262731 -0.646716 0.052261
v -0.133939 -0.686550 0.026642
v -0.267878 0.646716 0.000000
v -0.388899 0.582029 -0.000000
v -0.494974 0.494975 -0.000000
v -0.582028 0.388899 -0.000000
v -0.646715 0.267878 -0.000000
v -0.686549 0.136563 -0.000000
v -0.699999 -0.000000 -0.000000
v -0.686549 -0.136563 -0.000000
v -0.646715 -0.267878 -0.000000
v -0.582028 -0.388899 -0.000000
v -0.494974 -0.494975 -0.000000
v -0.388899 -0.582029 0.000000
v -0.267878 -0.646716 0.000000
v -0.136563 -0.686550 0.000000
v -0.262731 0.646716 -0.052260
v -0.381426 0.582029 -0.075870
v -0.485464 0.494975 -0.096565
v -0.570845 0.388899 -0.113548
v -0.634288 0.267878 -0.126168
v -0.673357 0.136563 -0.133939
v -0.686549 -0.000000 -0.136563
v -0.673357 -0.136563 -0.133939
v -0.634289 -0.267878 -0.126168
v -0.570845 -0.388899 -0.113548
v -0.485464 -0.494975 -0.096565
v -0.381426 -0.582029 -0.075870
v -0.262731 -0.646716 -0.052260
v -0.133939 -0.686550 -0.026642
v -0.247487 0.646716 -0.102513
v -0.359296 0.582029 -0.148825
v -0.457297 0.494975 -0.189418
v -0.537724 0.388899 -0.222733
v -0.597487 0.267878 -0.247487
v -0.634289 0.136563 -0.262731
v -0.646715 -0.000000 -0.267878
v -0.634289 -0.136563 -0.262731
v -0.597487 -0.267878 -0.247487
v -0.537724 -0.388899 -0.222733
v -0.457297 -0.494975 -0.189418
v -0.359296 -0.582029 -0.148825
v -0.247487 -0.646716 -0.102513
v -0.126168 -0.686550 -0.052260
v -0.222733 0.646716 -0.148825
v -0.323358 0.582029 -0.216061
v -0.411556 0.494975 -0.274993
v -0.483939 0.388899 -0.323358
v -0.537724 0.267878 -0.359296
v -0.570845 0.136563 -0.381426
v -0.582028 -0.000000 -0.388899
v -0.570845 -0.136563 -0.381426
v -0.537724 -0.267878 -0.359296
v -0.483939 -0.388899 -0.323358
v -0.411556 -0.494975 -0.274993
v -0.323358 -0.582029 -0.216061
v -0.222733 -0.646716 -0.148825
v -0.113548 -0.686550 -0.075870
v -0.096565 0.686550 -0.096565
v -0.189419 0.646716 -0.189419
v -0.274993 0.582029 -0.274993
v -0.350000 0.494975 -0.350000
v -0.411556 0.388899 -0.411556
v -0.457296 0.267878 -0.457297
v -0.485463 0.136563 -0.485464
v -0.494974 -0.000000 -0.494974
v -0.485463 -0.136563 -0.485464
v -0.457296 -0.267878 -0.457297
v -0.411556 -0.388899 -0.411556
v -0.350000 -0.494975 -0.350000
v -0.274993 -0.582029 -0.274993
v -0.189419 -0.646716 -0.189419
v -0.096565 -0.686550 -0.096565
v -0.075870 0.686550 -0.113548
v -0.148825 0.646716 -0.222733
v -0.216060 0.582029 -0.323358
v -0.274993 0.494975 -0.411556
v -0.323357 0.388899 -0.483939
v -0.359295 0.267878 -0.537724
v -0.381426 0.136563 -0.570845
v -0.388899 -0.000000 -0.582028
v -0.381426 -0.136563 -0.570845
v -0.359295 -0.267878 -0.537724
v -0.323358 -0.388899 -0.483939
v -0.274993 -0.494975 -0.411556
v -0.216061 -0.582029 -0.323358
v -0.148825 -0.646716 -0.222733
v -0.075870 -0.686550 -0.113548
v -0.052260 0.686550 -0.126168
v -0.102513 0.646716 -0.247487
v -0.148825 0.582029 -0.359296
v -0.189418 0.494975 -0.457297
v -0.222732 0.388899 -0.537724
v -0.247487 0.267878 -0.597487
v -0.262731 0.136563 -0.634289
v -0.267878 -0.000000 -0.646715
v -0.262731 -0.136563 -0.634289
v -0.247487 -0.267878 -0.597487
v -0.222733 -0.388899 -0.537724
v -0.189418 -0.494975 -0.457297
v -0.148825 -0.582029 -0.359296
v -0.102513 -0.646716 -0.247487
v -0.052260 -0.686550 -0.126168
v -0.026642 0.686550 -0.133939
v -0.052260 0.646716 -0.262731
v -0.075870 0.582029 -0.381426
v -0.096565 0.494975 -0.485463
v -0.113548 0.388899 -0.570845
v -0.126168 0.267878 -0.634288
v -0.133939 0.136563 -0.673357
v -0.136563 -0.000000 -0.686549
v -0.133939 -0.136563 -0.673357
v -0.126168 -0.267878 -0.634289
v -0.113548 -0.388899 -0.570845
v -0.096565 -0.494975 -0.485463
v -0.075870 -0.582029 -0.381426
v -0.052260 -0.646716 -0.262731
v -0.026642 -0.686550 -0.133939
v 0.000000 0.646716 -0.267878
v 0.000000 0.388899 -0.582028
v 0.000000 0.136563 -0.686549
v 0.000000 -0.267878 -0.646715
v 0.000000 -0.388899 -0.582028
v 0.000000 -0.582029 -0.388899
v 0.000000 -0.646716 -0.267878
v -0.377348 0.388899 0.439630
v 0.359296 0.582029 -0.148825
v -0.569326 0.142587 0.380411
v -0.269062 0.503736 0.402679
v 0.457297 0.494975 -0.189418
v 0.537724 0.388899 -0.222733
v 0.597487 0.267878 -0.247487
v -0.173688 -0.528710 0.419319
v 0.634289 0.136563 -0.262731
v -0.466339 0.225721 0.466339
v 0.646715 -0.000000 -0.267878
v -0.444719 -0.267878 0.467619
v -0.281013 0.494975 0.406615
v 0.634289 -0.136563 -0.262731
v 0.597487 -0.267878 -0.247487
v -0.576788 -0.136563 0.370308
v 0.537724 -0.388899 -0.222733
v 0.457297 -0.494975 -0.189418
v 0.359296 -0.582029 -0.148825
v 0.247487 -0.646716 -0.102513
v -0.281013 -0.494975 0.406616
v -0.576788 0.136563 0.370308
v -0.269062 -0.503736 0.402680
v -0.569326 -0.142587 0.380411
v -0.089815 -0.523367 0.451533
v 0.126168 -0.686550 -0.052260
v -0.377348 -0.388899 0.439630
v 0.222733 0.646716 -0.148825
v 0.323358 0.582029 -0.216061
v -0.444719 0.267878 0.467619
v 0.411556 0.494975 -0.274993
v -0.466340 -0.225721 0.466339
v 0.483939 0.388899 -0.323358
v 0.537724 0.267878 -0.359296
v 0.000000 -0.529591 0.452795
v -0.610776 -0.000000 0.335116
v 0.570845 0.136563 -0.381426
v 0.582028 -0.000000 -0.388899
v 0.570845 -0.136563 -0.381426
v -0.461940 -0.229273 0.468563
v 0.537724 -0.267878 -0.359296
v 0.483939 -0.388899 -0.323358
v -0.461940 0.229273 0.468563
v 0.411556 -0.494975 -0.274993
v -0.601168 -0.116882 0.328788
v 0.323358 -0.582029 -0.216061
v -0.191342 0.553514 0.375778
v 0.222733 -0.646716 -0.148825
v 0.113548 -0.686550 -0.075870
v 0.096565 0.686550 -0.096565
v -0.415735 0.332853 0.446694
v -0.353554 -0.423641 0.422451
v -0.277785 0.498149 0.404285
v 0.189419 0.646716 -0.189419
v -0.277785 -0.498149 0.404285
v -0.415735 -0.332853 0.446695
v -0.601168 0.116882 0.328787
v -0.353554 0.423641 0.422451
v -0.191342 -0.553514 0.375778
v -0.166121 -0.518079 0.435087
v -0.191342 0.646716 0.187075
v -0.191342 0.669933 0.000000
v 0.000000 0.692194 -0.079256
v -0.191342 0.645262 0.191342
v -0.191342 0.658168 0.127851
v -0.032829 0.691551 -0.079256
v -0.191342 0.668796 0.038060
v -0.191342 0.605811 0.286363
v -0.118615 0.684701 -0.079256
v -0.191342 0.665150 -0.079256
v -0.191342 0.582029 0.336570
v -0.015765 0.692041 -0.079256
v -0.191342 0.665151 0.079256
v -0.079256 0.688961 -0.079256
v -0.191342 0.668796 -0.038060
v -0.110769 0.686550 -0.079256
v -0.052957 0.690612 -0.079256
v 0.274993 0.582029 -0.274993
v 0.350000 0.494975 -0.350000
v 0.411556 0.388899 -0.411556
v 0.457296 0.267878 -0.457297
v 0.485463 0.136563 -0.485464
v 0.494974 -0.000000 -0.494974
v 0.485463 -0.136563 -0.485464
v 0.457296 -0.267878 -0.457297
v 0.411556 -0.388899 -0.411556
v 0.350000 -0.494975 -0.350000
v 0.274993 -0.582029 -0.274993
v 0.189419 -0.646716 -0.189419
v 0.096565 -0.686550 -0.096565
v 0.075870 0.686550 -0.113548
v 0.148825 0.646716 -0.222733
v 0.216060 0.582029 -0.323358
v 0.274993 0.494975 -0.411556
v 0.323357 0.388899 -0.483939
v 0.359295 0.267878 -0.537724
v -0.193501 0.643630 0.193501
v -0.670963 -0.000000 -0.187945
v -0.656663 0.192676 -0.130618
v 0.000000 -0.661744 0.218337
v -0.659965 -0.136563 -0.178088
v -0.137690 -0.652796 0.206068
v -0.659965 0.136563 -0.178088
v -0.191342 0.644099 0.194144
v -0.259124 0.623321 0.173141
v -0.580370 -0.388899 0.016834
v -0.363105 0.582029 0.136268
v -0.641907 0.267878 -0.048814
v -0.345805 0.589833 0.143237
v -0.641907 -0.267878 -0.048814
v -0.451406 -0.523473 0.089790
v -0.605000 0.345921 -0.000000
v -0.605000 -0.345922 -0.000000
v -0.363105 -0.582029 0.136268
v -0.487819 0.494975 0.072651
v -0.179289 -0.646716 0.197732
v -0.345806 -0.589833 0.143237
v -0.193501 -0.643630 0.193501
v -0.451406 0.523473 0.089790
v -0.656663 -0.192676 -0.130618
v -0.487819 -0.494975 0.072651
v -0.043181 -0.660833 0.217087
v -0.259124 -0.623322 0.173141
v -0.088301 -0.657981 0.213177
v -0.580370 0.388899 0.016834
v -0.209953 -0.638974 0.187118
v -0.422515 0.543403 0.101776
v -0.547676 0.426949 0.031739
v -0.209953 0.638974 0.187118
v -0.656043 -0.149924 -0.177123
v -0.656043 0.149924 -0.177123
v -0.547676 -0.426949 0.031739
v -0.630706 -0.294087 -0.020304
v -0.422515 -0.543403 0.101776
v -0.630706 0.294087 -0.020304
v 0.381426 0.136563 -0.570845
v 0.388899 -0.000000 -0.582028
v 0.381426 -0.136563 -0.570845
v 0.359295 -0.267878 -0.537724
v 0.323358 -0.388899 -0.483939
v 0.274993 -0.494975 -0.411556
v 0.216061 -0.582029 -0.323358
v 0.148825 -0.646716 -0.222733
v 0.075870 -0.686550 -0.113548
v 0.052260 0.686550 -0.126168
v 0.102513 0.646716 -0.247487
v -0.422972 0.388899 -0.397646
v -0.085740 -0.540509 -0.431045
v -0.086075 -0.539100 -0.432730
v -0.440251 0.312979 -0.440251
v -0.374605 -0.388899 -0.441881
v -0.230651 -0.494975 -0.435257
v -0.480400 0.136563 -0.489619
v 0.148825 0.582029 -0.359296
v 0.189418 0.494975 -0.457297
v 0.222732 0.388899 -0.537724
v 0.247487 0.267878 -0.597487
v 0.262731 0.136563 -0.634289
v 0.267878 -0.000000 -0.646715
v 0.262731 -0.136563 -0.634289
v 0.247487 -0.267878 -0.597487
v 0.222733 -0.388899 -0.537724
v 0.189418 -0.494975 -0.457297
v 0.148825 -0.582029 -0.359296
v 0.102513 -0.646716 -0.247487
v 0.052260 -0.686550 -0.126168
v 0.026642 0.686550 -0.133939
v 0.052260 0.646716 -0.262731
v 0.075870 0.582029 -0.381426
v -0.401849 0.136563 -0.554084
v 0.096565 0.494975 -0.485463
v 0.113548 0.388899 -0.570845
v 0.126168 0.267878 -0.634288
v 0.133939 0.136563 -0.673357
v 0.136563 -0.000000 -0.686549
v 0.133939 -0.136563 -0.673357
v 0.126168 -0.267878 -0.634289
v 0.000000 -0.557012 0.371997
v 0.113548 -0.388899 -0.570845
v 0.096565 -0.494975 -0.485463
v 0.075870 -0.582029 -0.381426
v 0.052260 -0.646716 -0.262731
v 0.026642 -0.686550 -0.133939
v -0.128079 0.235578 -0.643898
v -0.644848 0.267878 0.018955
v -0.232632 0.614050 0.232632
v -0.165410 -0.630760 0.247553
v -0.329784 -0.582029 0.204038
v -0.472160 -0.494975 0.140421
v -0.191342 0.624314 0.241797
v -0.688163 -0.000000 -0.120175
v -0.531818 -0.437385 0.105785
v -0.652001 -0.250452 -0.000000
v -0.024133 -0.646716 0.265502
v -0.313679 0.588251 0.209594
v -0.573696 -0.388899 0.084604
v -0.675684 -0.136563 -0.110318
v 0.000000 -0.647225 0.266200
v -0.405636 -0.540865 0.168020
v -0.052576 -0.645851 0.264317
v -0.405636 0.540865 0.168020
v -0.652001 0.250453 -0.000000
v -0.329784 0.582029 0.204038
v -0.106674 -0.640904 0.257533
v -0.675684 0.136563 -0.110318
v -0.531818 0.437385 0.105785
v -0.232632 -0.614050 0.232632
v -0.313679 -0.588251 0.209594
v -0.573696 0.388899 0.084604
v -0.472160 0.494975 0.140421
v -0.644848 -0.267878 0.018956
v -0.628031 0.294087 0.047466
v -0.401331 0.543403 0.169546
v -0.541001 0.426949 0.099508
v -0.541001 -0.426949 0.099508
v -0.671726 0.149925 -0.109354
v -0.671726 -0.149924 -0.109354
v -0.119245 -0.638974 0.254887
v -0.401331 -0.543403 0.169546
v -0.628031 -0.294087 0.047466
v 0.377348 0.388899 0.439630
v 0.569326 0.142587 0.380411
v 0.269062 0.503736 0.402679
v 0.173688 -0.528710 0.419319
v 0.466339 0.225721 0.466339
v 0.444719 -0.267878 0.467619
v 0.281013 0.494975 0.406615
v 0.576788 -0.136563 0.370308
v 0.281013 -0.494975 0.406616
v 0.576788 0.136563 0.370308
v 0.269062 -0.503736 0.402680
v 0.569326 -0.142587 0.380411
v 0.089815 -0.523367 0.451533
v 0.377348 -0.388899 0.439630
v -0.215228 0.412794 -0.519607
v 0.444719 0.267878 0.467619
v 0.466340 -0.225721 0.466339
v 0.610776 -0.000000 0.335116
v 0.461940 -0.229273 0.468563
v 0.461940 0.229273 0.468563
v 0.601168 -0.116882 0.328788
v 0.191342 0.553514 0.375778
v 0.415735 0.332853 0.446694
v 0.353554 -0.423641 0.422451
v 0.277785 0.498149 0.404285
v 0.277785 -0.498149 0.404285
v 0.415735 -0.332853 0.446695
v 0.601168 0.116882 0.328787
v 0.353554 0.423641 0.422451
v 0.191342 -0.553514 0.375778
v 0.166121 -0.518079 0.435087
v 0.191342 0.646716 0.187075
v 0.000000 -0.618919 0.256155
v 0.191342 0.669933 0.000000
v 0.191342 0.645262 0.191342
v 0.191342 0.658168 0.127851
v 0.032829 0.691551 -0.079256
v 0.191342 0.668796 0.038060
v 0.191342 0.605811 0.286363
v 0.118615 0.684701 -0.079256
v 0.191342 0.665150 -0.079256
v 0.191342 0.582029 0.336570
v 0.015765 0.692041 -0.079256
v 0.191342 0.665151 0.079256
v 0.079256 0.688961 -0.079256
v 0.191342 0.668796 -0.038060
v 0.110769 0.686550 -0.079256
v 0.052957 0.690612 -0.079256
v 0.193501 0.643630 0.193501
v -0.198148 0.467179 -0.478372
v 0.670963 -0.000000 -0.187945
v 0.656663 0.192676 -0.130618
v 0.659965 -0.136563 -0.178088
v 0.137690 -0.652796 0.206068
v 0.659965 0.136563 -0.178088
v 0.191342 0.644099 0.194144
v 0.259124 0.623321 0.173141
v 0.580370 -0.388899 0.016834
v 0.363105 0.582029 0.136268
v 0.000000 -0.506355 0.433726
v 0.000000 -0.633024 0.209625
v 0.641907 0.267878 -0.048814
v 0.345805 0.589833 0.143237
v 0.641907 -0.267878 -0.048814
v -0.366130 0.467179 -0.366130
v 0.451406 -0.523473 0.089790
v 0.605000 0.345921 -0.000000
v 0.605000 -0.345922 -0.000000
v 0.363105 -0.582029 0.136268
v 0.487819 0.494975 0.072651
v 0.179289 -0.646716 0.197732
v 0.345806 -0.589833 0.143237
v 0.193501 -0.643630 0.193501
v 0.451406 0.523473 0.089790
v 0.656663 -0.192676 -0.130618
v 0.487819 -0.494975 0.072651
v 0.043181 -0.660833 0.217087
v 0.000000 -0.372168 -0.556831
v 0.000000 -0.473692 -0.473522
v 0.259124 -0.623322 0.173141
v 0.088301 -0.657981 0.213177
v 0.580370 0.388899 0.016834
v 0.209953 -0.638974 0.187118
v 0.422515 0.543403 0.101776
v 0.547676 0.426949 0.031739
v 0.209953 0.638974 0.187118
v 0.656043 -0.149924 -0.177123
v 0.656043 0.149924 -0.177123
v 0.547676 -0.426949 0.031739
v -0.228085 -0.564266 -0.341354
v -0.463273 -0.240017 -0.463273
v -0.311431 -0.494975 -0.381652
v -0.033207 0.267878 -0.643445
v -0.524885 -0.136563 -0.437428
v -0.441610 -0.136563 -0.521453
v -0.120934 0.318070 -0.607976
v -0.128087 -0.610994 -0.309230
v -0.194504 0.267878 -0.613559
v -0.306027 -0.388899 -0.493203
v -0.450515 0.267878 -0.462862
v -0.373609 0.267878 -0.525977
v -0.089490 0.388899 -0.573214
v -0.033233 0.388899 -0.578755
v -0.109597 0.413577 -0.550982
v -0.101015 0.467179 -0.507837
v -0.344770 -0.316794 -0.515984
v -0.182577 -0.509647 -0.440779
v 0.630706 -0.294087 -0.020304
v 0.422515 -0.543403 0.101776
v 0.630706 0.294087 -0.020304
v 0.422972 0.388899 -0.397646
v 0.085740 -0.540509 -0.431045
v 0.086075 -0.539100 -0.432730
v 0.440251 0.312979 -0.440251
v 0.374605 -0.388899 -0.441881
v 0.230651 -0.494975 -0.435257
v 0.480400 0.136563 -0.489619
v 0.000000 -0.618919 -0.256155
v 0.000000 -0.657024 -0.130448
v 0.401849 0.136563 -0.554084
v 0.128079 0.235578 -0.643898
v 0.644848 0.267878 0.018955
v 0.232632 0.614050 0.232632
v 0.165410 -0.630760 0.247553
v 0.329784 -0.582029 0.204038
v 0.472160 -0.494975 0.140421
v 0.191342 0.624314 0.241797
v 0.688163 -0.000000 -0.120175
v 0.531818 -0.437385 0.105785
v 0.652001 -0.250452 -0.000000
v 0.024133 -0.646716 0.265502
v 0.313679 0.588251 0.209594
v 0.573696 -0.388899 0.084604
v 0.675684 -0.136563 -0.110318
v 0.405636 -0.540865 0.168020
v 0.052576 -0.645851 0.264317
v 0.405636 0.540865 0.168020
v 0.652001 0.250453 -0.000000
v 0.329784 0.582029 0.204038
v 0.106674 -0.640904 0.257533
v 0.675684 0.136563 -0.110318
v 0.531818 0.437385 0.105785
v 0.232632 -0.614050 0.232632
v 0.313679 -0.588251 0.209594
v 0.573696 0.388899 0.084604
v 0.472160 0.494975 0.140421
v 0.644848 -0.267878 0.018956
v 0.628031 0.294087 0.047466
v 0.401331 0.543403 0.169546
v 0.541001 0.426949 0.099508
v 0.541001 -0.426949 0.099508
v 0.671726 0.149925 -0.109354
v 0.671726 -0.149924 -0.109354
v 0.119245 -0.638974 0.254887
v 0.401331 -0.543403 0.169546
v 0.628031 -0.294087 0.047466
v 0.215228 0.412794 -0.519607
v 0.198148 0.467179 -0.478372
v 0.366130 0.467179 -0.366130
v 0.228085 -0.564266 -0.341354
v 0.463273 -0.240017 -0.463273
v 0.311431 -0.494975 -0.381652
v 0.033207 0.267878 -0.643445
v 0.524885 -0.136563 -0.437428
v 0.441610 -0.136563 -0.521453
v 0.120934 0.318070 -0.607976
v 0.128087 -0.610994 -0.309230
v 0.194504 0.267878 -0.613559
v 0.306027 -0.388899 -0.493203
v 0.450515 0.267878 -0.462862
v 0.373609 0.267878 -0.525977
v 0.000000 0.130683 -0.656841
v 0.000000 -0.000000 -0.669710
v 0.089490 0.388899 -0.573214
v 0.033233 0.388899 -0.578755
v 0.109597 0.413577 -0.550982
v 0.101015 0.467179 -0.507837
v 0.344770 -0.316794 -0.515984
v 0.182577 -0.509647 -0.440779
v 0.000000 -0.618505 0.257488
v 0.025449 -0.657024 0.127942
v 0.072573 -0.557012 0.364850
v 0.086095 -0.500131 0.432830
v 0.022997 -0.618884 0.253974
v 0.049814 -0.619365 0.250432
v 0.041482 -0.632113 0.208543
v 0.142357 -0.557012 0.343681
v 0.166390 -0.505475 0.401702
v 0.160580 -0.494934 0.416822
v 0.049973 -0.618919 0.251234
v 0.098026 -0.618919 0.236657
v 0.101256 -0.614417 0.244454
v 0.049920 -0.657024 0.120519
v 0.000000 0.372169 -0.556831
v 0.000000 0.256348 -0.618729
v 0.084967 -0.629261 0.205128
v 0.000000 0.618919 -0.256155
v 0.000000 0.557012 -0.371998
v 0.072473 -0.657024 0.108464
v 0.206671 -0.557012 0.309304
v 0.258468 -0.480500 0.386825
v 0.182344 -0.530369 0.358945
v 0.142312 -0.618919 0.212985
v 0.157544 -0.604274 0.235782
v 0.112554 -0.612545 0.242369
v 0.132850 -0.624076 0.198824
v 0.263042 -0.557012 0.263042
v 0.334831 -0.473692 0.334831
v 0.267459 -0.473709 0.390099
v 0.265677 -0.475004 0.389531
v 0.171940 -0.618884 0.188778
v 0.183490 -0.617144 0.183491
v 0.000000 0.662337 -0.076316
v 0.000000 0.657024 -0.130448
v 0.000000 0.473692 -0.473522
v 0.222621 -0.587564 0.222621
v 0.092241 -0.657024 0.092241
v 0.181129 -0.618919 0.181129
v 0.206671 0.557012 0.309304
v 0.263042 0.557012 0.263042
v 0.222621 0.587564 0.222621
v 0.182337 0.597885 0.230824
v 0.183476 0.579325 0.274592
v 0.437507 -0.256348 0.437507
v 0.514454 -0.256348 0.343747
v 0.545350 -0.133840 0.364391
v 0.445950 -0.216974 0.445950
v 0.309304 0.557012 0.206671
v 0.301908 0.561764 0.201728
v 0.393739 -0.372168 0.393739
v 0.462988 -0.372168 0.309359
v 0.334831 0.473692 0.334831
v 0.393719 0.473692 0.263075
v 0.393719 -0.473692 0.263075
v 0.393739 0.372169 0.393739
v 0.462988 0.372169 0.309359
v 0.309304 -0.557012 0.206671
v 0.437507 0.256348 0.437507
v 0.514454 0.256348 0.343747
v 0.212985 -0.618919 0.142312
v 0.247353 -0.596835 0.165276
v 0.198980 -0.612545 0.178113
v 0.108464 -0.657024 0.072473
v 0.314965 -0.557000 0.196117
v 0.384498 -0.520258 0.160549
v 0.388019 -0.517629 0.160723
v 0.437477 -0.473692 0.181209
v 0.571630 0.256348 0.236777
v 0.514445 0.372169 0.213090
v 0.236657 -0.618919 0.098026
v 0.332726 -0.563347 0.137820
v 0.120518 -0.657024 0.049920
v 0.212985 0.618919 0.142312
v 0.236657 0.618919 0.098026
v 0.183293 0.636431 0.075922
v 0.184098 0.629448 0.123010
v 0.571631 -0.256348 0.236777
v 0.606842 -0.130683 0.251362
v 0.550709 -0.130709 0.356369
v 0.314965 0.557000 0.196117
v 0.514445 -0.372168 0.213090
v 0.437477 0.473692 0.181209
v 0.388019 0.517629 0.160723
v 0.384498 0.520257 0.160549
v 0.606840 -0.256348 0.120708
v 0.644220 -0.130683 0.128143
v 0.343681 0.557012 0.142357
v 0.347026 0.557000 0.131390
v 0.332726 0.563347 0.137820
v 0.546132 -0.372168 0.108632
v 0.451714 0.473709 0.134218
v 0.451714 -0.473709 0.134218
v 0.509007 -0.418298 0.101248
v 0.546132 0.372169 0.108632
v 0.509008 0.418298 0.101248
v 0.343681 -0.557012 0.142357
v 0.347026 -0.557000 0.131391
v 0.404250 -0.520257 0.096236
v 0.432703 -0.500237 0.086070
v 0.000000 -0.130683 -0.656842
v 0.464423 -0.473692 0.092380
v 0.606840 0.256348 0.120708
v 0.251233 -0.618919 0.049973
v 0.364849 -0.557012 0.072573
v 0.606842 0.130683 0.251362
v 0.644220 0.130683 0.128143
v 0.127942 -0.657024 0.025449
v 0.618731 -0.000000 0.256287
v 0.656841 -0.000000 0.130654
v 0.251233 0.618919 0.049974
v 0.182797 0.640076 0.036361
v 0.256155 -0.618919 0.000000
v 0.371997 -0.557012 0.000000
v -0.025449 -0.657024 0.127942
v -0.072573 -0.557012 0.364850
v -0.086095 -0.500131 0.432830
v -0.022997 -0.618884 0.253974
v -0.049814 -0.619365 0.250432
v -0.041482 -0.632113 0.208543
v -0.142357 -0.557012 0.343681
v -0.166390 -0.505475 0.401702
v -0.160580 -0.494934 0.416822
v -0.049973 -0.618919 0.251234
v -0.098026 -0.618919 0.236657
v -0.101256 -0.614417 0.244454
v -0.049920 -0.657024 0.120519
v -0.084967 -0.629261 0.205128
v -0.072473 -0.657024 0.108464
v -0.206671 -0.557012 0.309304
v -0.258468 -0.480500 0.386825
v -0.182344 -0.530369 0.358945
v -0.142312 -0.618919 0.212985
v -0.157544 -0.604274 0.235782
v -0.112554 -0.612545 0.242369
v -0.132850 -0.624076 0.198824
v -0.263042 -0.557012 0.263042
v -0.334831 -0.473692 0.334831
v -0.267459 -0.473709 0.390099
v -0.265677 -0.475004 0.389531
v -0.171940 -0.618884 0.188778
v -0.183490 -0.617144 0.183491
v -0.222621 -0.587564 0.222621
v -0.092241 -0.657024 0.092241
v -0.181129 -0.618919 0.181129
v -0.206671 0.557012 0.309304
v -0.263042 0.557012 0.263042
v -0.222621 0.587564 0.222621
v -0.182337 0.597885 0.230824
v -0.183476 0.579325 0.274592
v -0.437507 -0.256348 0.437507
v -0.514454 -0.256348 0.343747
v -0.545350 -0.133840 0.364391
v -0.445950 -0.216974 0.445950
v -0.309304 0.557012 0.206671
v -0.301908 0.561764 0.201728
v -0.393739 -0.372168 0.393739
v -0.462988 -0.372168 0.309359
v -0.334831 0.473692 0.334831
v -0.393719 0.473692 0.263075
v -0.393719 -0.473692 0.263075
v -0.393739 0.372169 0.393739
v -0.462988 0.372169 0.309359
v -0.309304 -0.557012 0.206671
v -0.437507 0.256348 0.437507
v -0.514454 0.256348 0.343747
v -0.212985 -0.618919 0.142312
v -0.247353 -0.596835 0.165276
v -0.198980 -0.612545 0.178113
v -0.108464 -0.657024 0.072473
v -0.314965 -0.557000 0.196117
v -0.384498 -0.520258 0.160549
v -0.388019 -0.517629 0.160723
v -0.437477 -0.473692 0.181209
v -0.571630 0.256348 0.236777
v -0.514445 0.372169 0.213090
v -0.236657 -0.618919 0.098026
v -0.332726 -0.563347 0.137820
v -0.120518 -0.657024 0.049920
v -0.212985 0.618919 0.142312
v -0.236657 0.618919 0.098026
v -0.183293 0.636431 0.075922
v -0.184098 0.629448 0.123010
v -0.571631 -0.256348 0.236777
v -0.606842 -0.130683 0.251362
v -0.550709 -0.130709 0.356369
v -0.314965 0.557000 0.196117
v -0.514445 -0.372168 0.213090
v -0.437477 0.473692 0.181209
v -0.388019 0.517629 0.160723
v -0.384498 0.520257 0.160549
v -0.606840 -0.256348 0.120708
v -0.644220 -0.130683 0.128143
v -0.343681 0.557012 0.142357
v -0.347026 0.557000 0.131390
v -0.332726 0.563347 0.137820
v -0.546132 -0.372168 0.108632
v -0.451714 0.473709 0.134218
v -0.451714 -0.473709 0.134218
v -0.509007 -0.418298 0.101248
v -0.546132 0.372169 0.108632
v -0.509008 0.418298 0.101248
v -0.343681 -0.557012 0.142357
v -0.347026 -0.557000 0.131391
v -0.404250 -0.520257 0.096236
v -0.432703 -0.500237 0.086070
v -0.464423 -0.473692 0.092380
v -0.606840 0.256348 0.120708
v -0.251233 -0.618919 0.049973
v -0.364849 -0.557012 0.072573
v -0.606842 0.130683 0.251362
v -0.644220 0.130683 0.128143
v -0.127942 -0.657024 0.025449
v -0.618731 -0.000000 0.256287
v -0.656841 -0.000000 0.130654
v -0.251233 0.618919 0.049974
v -0.182797 0.640076 0.036361
v -0.256155 -0.618919 0.000000
v -0.371997 -0.557012 0.000000
v -0.656841 0.130683 -0.000000
v -0.623166 0.241705 -0.000000
v -0.617113 0.256389 0.016224
v -0.130448 -0.657024 0.000000
v -0.669710 -0.000000 -0.000000
v -0.656841 -0.130683 -0.000000
v -0.256155 0.618919 0.000000
v -0.182630 0.641213 0.000000
v -0.617114 -0.256389 0.016224
v -0.623166 -0.241705 -0.000000
v -0.364849 0.557012 0.072573
v -0.371997 0.557012 -0.000000
v -0.548716 -0.372206 0.082144
v -0.601673 -0.279999 0.044870
v -0.464423 0.473692 0.092380
v -0.466555 0.473709 0.070557
v -0.432703 0.500237 0.086070
v -0.466555 -0.473709 0.070557
v -0.524553 -0.407972 0.029461
v -0.555390 -0.372206 0.014374
v -0.517878 -0.407972 0.097231
v -0.548716 0.372207 0.082144
v -0.517878 0.407972 0.097231
v -0.473522 -0.473692 -0.000000
v -0.601673 0.279999 0.044870
v -0.364849 0.557012 -0.072573
v -0.251233 0.618919 -0.049973
v -0.556831 -0.372168 -0.000000
v -0.546132 -0.372168 -0.108632
v -0.606840 -0.256348 -0.120708
v -0.614173 -0.256389 -0.046082
v -0.604348 -0.279999 -0.017708
v -0.578443 -0.331727 -0.000000
v -0.473522 0.473692 -0.000000
v -0.464423 0.473692 -0.092380
v -0.464423 -0.473692 -0.092380
v -0.556831 0.372169 -0.000000
v -0.546132 0.372169 -0.108633
v -0.364849 -0.557012 -0.072573
v -0.618728 0.256348 -0.000000
v -0.614173 0.256389 -0.046082
v -0.604348 0.279999 -0.017708
v -0.578443 0.331726 -0.000000
v -0.251233 -0.618919 -0.049973
v -0.646256 0.130709 -0.107420
v -0.643144 0.141254 -0.106539
v -0.127942 -0.657024 -0.025449
v -0.658165 -0.000000 -0.117220
v -0.646256 -0.130709 -0.107420
v -0.182797 0.640076 -0.036361
v -0.618728 -0.256348 -0.000000
v -0.628381 -0.183929 -0.124993
v -0.644220 -0.130683 -0.128143
v -0.643144 -0.141254 -0.106539
v -0.644220 0.130683 -0.128143
v -0.631668 0.130709 -0.169504
v -0.628559 0.141254 -0.168786
v -0.628381 0.183929 -0.124993
v -0.120518 -0.657024 -0.049920
v -0.236657 -0.618919 -0.098026
v -0.656841 -0.000000 -0.130654
v -0.642117 -0.000000 -0.179194
v -0.631668 -0.130709 -0.169504
v -0.236657 0.618919 -0.098026
v -0.183293 0.636431 -0.075922
v -0.571630 -0.256348 -0.236777
v -0.606842 -0.130683 -0.251362
v -0.628559 -0.141254 -0.168786
v -0.343681 0.557012 -0.142357
v -0.514445 -0.372168 -0.213090
v -0.437477 0.473692 -0.181209
v -0.437477 -0.473692 -0.181209
v -0.514445 0.372169 -0.213090
v -0.343681 -0.557012 -0.142357
v -0.606839 0.256348 -0.120708
v -0.571630 0.256348 -0.236777
v -0.462988 -0.372168 -0.309359
v -0.514454 -0.256348 -0.343747
v -0.393719 0.473692 -0.263075
v -0.309304 0.557012 -0.206671
v -0.393719 -0.473692 -0.263075
v -0.462988 0.372169 -0.309359
v -0.309304 -0.557012 -0.206671
v -0.514454 0.256348 -0.343747
v -0.212985 -0.618919 -0.142312
v -0.606842 0.130683 -0.251362
v -0.546144 0.130683 -0.364922
v -0.108464 -0.657024 -0.072473
v -0.618731 -0.000000 -0.256287
v -0.556843 -0.000000 -0.372071
v -0.546144 -0.130683 -0.364922
v -0.212985 0.618919 -0.142312
v -0.111372 0.655981 -0.074416
v -0.092241 -0.657024 -0.092241
v -0.181129 -0.618919 -0.181129
v -0.473556 -0.000000 -0.473556
v -0.464457 0.130683 -0.464457
v -0.464457 -0.130683 -0.464457
v -0.181129 0.618919 -0.181129
v -0.092241 0.657024 -0.092241
v -0.106202 0.656988 -0.075508
v -0.437507 -0.256348 -0.437507
v -0.263042 0.557012 -0.263042
v -0.393739 -0.372168 -0.393739
v -0.334831 0.473692 -0.334831
v -0.334831 -0.473692 -0.334831
v -0.393739 0.372169 -0.393739
v -0.263042 -0.557012 -0.263042
v -0.437507 0.256348 -0.437507
v -0.263075 0.473692 -0.393719
v -0.206670 0.557012 -0.309304
v -0.263075 -0.473692 -0.393719
v -0.309359 -0.372168 -0.462988
v -0.309359 0.372169 -0.462988
v -0.206671 -0.557012 -0.309304
v -0.343747 0.256348 -0.514454
v -0.142312 -0.618919 -0.212985
v -0.364921 0.130683 -0.546144
v -0.072473 -0.657024 -0.108464
v -0.372071 -0.000000 -0.556843
v -0.072473 0.657024 -0.108464
v -0.051324 0.660755 -0.076811
v -0.077177 0.659104 -0.077177
v -0.364921 -0.130683 -0.546144
v -0.142312 0.618919 -0.212985
v -0.343747 -0.256348 -0.514454
v -0.256287 -0.000000 -0.618731
v -0.251362 0.130683 -0.606842
v -0.049920 0.657024 -0.120518
v -0.031704 0.661694 -0.076540
v -0.049920 -0.657024 -0.120518
v -0.251362 -0.130683 -0.606842
v -0.098026 0.618919 -0.236657
v -0.236777 -0.256348 -0.571630
v -0.142357 0.557012 -0.343681
v -0.213090 -0.372168 -0.514445
v -0.181209 0.473692 -0.437477
v -0.181209 -0.473692 -0.437477
v -0.213090 0.372169 -0.514445
v -0.142357 -0.557012 -0.343681
v -0.236777 0.256348 -0.571630
v -0.098026 -0.618919 -0.236657
v -0.092379 -0.473692 -0.464423
v -0.108632 -0.372168 -0.546132
v -0.108632 0.372169 -0.546132
v -0.092379 0.473692 -0.464423
v -0.072573 -0.557012 -0.364849
v -0.120708 0.256348 -0.606839
v -0.049973 -0.618919 -0.251233
v -0.128143 0.130683 -0.644220
v -0.025449 -0.657024 -0.127942
v -0.130654 -0.000000 -0.656841
v -0.025449 0.657024 -0.127942
v -0.015191 0.662184 -0.076372
v -0.128143 -0.130683 -0.644220
v -0.049973 0.618919 -0.251233
v -0.120708 -0.256348 -0.606840
v -0.072573 0.557012 -0.364849
v 0.000000 -0.256348 -0.618728
v 0.000000 -0.557012 -0.371997
v -0.427039 -0.256389 0.446077
v -0.443720 -0.220603 0.446362
v -0.550709 0.130709 0.356369
v -0.545350 0.133840 0.364391
v -0.445950 0.216974 0.445950
v -0.427039 0.256389 0.446076
v -0.443720 0.220603 0.446362
v -0.584191 -0.000000 0.320906
v -0.574837 -0.113956 0.314713
v -0.258468 0.480501 0.386824
v -0.183421 0.557000 0.321751
v -0.182344 0.530369 0.358945
v -0.361425 0.372207 0.420227
v -0.398932 0.318764 0.426221
v -0.361425 -0.372206 0.420227
v -0.338813 -0.404664 0.404490
v -0.267459 0.473709 0.390099
v -0.265677 0.475004 0.389531
v -0.398932 -0.318764 0.426221
v -0.574837 0.113956 0.314713
v -0.338813 0.404664 0.404490
v -0.182388 0.618884 0.179727
v 0.656841 0.130683 -0.000000
v 0.623166 0.241705 -0.000000
v 0.617113 0.256389 0.016224
v -0.555390 0.372207 0.014374
v -0.301908 -0.561764 0.201728
v -0.404250 0.520258 0.096236
v -0.524553 0.407972 0.029461
v -0.247353 0.596835 0.165276
v -0.181331 0.618776 0.181331
v -0.183490 0.617144 0.183490
v -0.198980 0.612545 0.178113
v -0.182337 0.617669 0.183171
v 0.130448 -0.657024 0.000000
v 0.669710 -0.000000 -0.000000
v 0.656841 -0.130683 -0.000000
v 0.256155 0.618919 0.000000
v 0.182630 0.641213 0.000000
v 0.617114 -0.256389 0.016224
v 0.623166 -0.241705 -0.000000
v 0.364849 0.557012 0.072573
v 0.371997 0.557012 -0.000000
v 0.548716 -0.372206 0.082144
v -0.560236 -0.149925 0.387995
v -0.630544 -0.149925 0.261180
v -0.567475 -0.149924 0.379175
v -0.682496 -0.149924 -0.000000
v -0.669382 -0.149925 0.133148
v -0.605146 -0.068491 0.331408
v -0.679933 -0.068491 0.135247
v -0.681904 -0.068491 -0.115231
v -0.640483 -0.068491 0.265297
v -0.693254 -0.068491 -0.000000
v 0.601673 -0.279999 0.044870
v 0.464423 0.473692 0.092380
v 0.466555 0.473709 0.070557
v 0.432703 0.500237 0.086070
v 0.466555 -0.473709 0.070557
v 0.524553 -0.407972 0.029461
v 0.555390 -0.372206 0.014374
v 0.517878 -0.407972 0.097231
v 0.548716 0.372207 0.082144
v 0.517878 0.407972 0.097231
v 0.473522 -0.473692 -0.000000
v 0.601673 0.279999 0.044870
v 0.364849 0.557012 -0.072573
v 0.251233 0.618919 -0.049973
v 0.556831 -0.372168 -0.000000
v 0.546132 -0.372168 -0.108632
v 0.606840 -0.256348 -0.120708
v 0.614173 -0.256389 -0.046082
v 0.604348 -0.279999 -0.017708
v 0.578443 -0.331727 -0.000000
v 0.473522 0.473692 -0.000000
v 0.464423 0.473692 -0.092380
v 0.464423 -0.473692 -0.092380
v 0.556831 0.372169 -0.000000
v 0.546132 0.372169 -0.108633
v 0.364849 -0.557012 -0.072573
v 0.618728 0.256348 -0.000000
v 0.614173 0.256389 -0.046082
v 0.604348 0.279999 -0.017708
v 0.578443 0.331726 -0.000000
v 0.251233 -0.618919 -0.049973
v 0.646256 0.130709 -0.107420
v 0.643144 0.141254 -0.106539
v 0.127942 -0.657024 -0.025449
v 0.658165 -0.000000 -0.117220
v 0.646256 -0.130709 -0.107420
v 0.182797 0.640076 -0.036361
v 0.618728 -0.256348 -0.000000
v 0.628381 -0.183929 -0.124993
v 0.644220 -0.130683 -0.128143
v 0.643144 -0.141254 -0.106539
v 0.644220 0.130683 -0.128143
v 0.631668 0.130709 -0.169504
v 0.628559 0.141254 -0.168786
v 0.628381 0.183929 -0.124993
v 0.120518 -0.657024 -0.049920
v 0.236657 -0.618919 -0.098026
v 0.656841 -0.000000 -0.130654
v 0.642117 -0.000000 -0.179194
v 0.631668 -0.130709 -0.169504
v 0.236657 0.618919 -0.098026
v 0.183293 0.636431 -0.075922
v 0.571630 -0.256348 -0.236777
v 0.606842 -0.130683 -0.251362
v -0.135171 -0.072424 -0.679553
v -0.135171 0.072425 -0.679553
v 0.628559 -0.141254 -0.168786
v -0.090814 -0.136563 -0.677605
v -0.135171 -0.000000 -0.686686
v 0.000000 0.072425 -0.692866
v 0.343681 0.557012 -0.142357
v 0.514445 -0.372168 -0.213090
v -0.085740 -0.582029 -0.378432
v -0.487696 0.104503 -0.487696
v 0.437477 0.473692 -0.181209
v 0.437477 -0.473692 -0.181209
v 0.514445 0.372169 -0.213090
v 0.343681 -0.557012 -0.142357
v 0.606839 0.256348 -0.120708
v 0.571630 0.256348 -0.236777
v 0.462988 -0.372168 -0.309359
v 0.514454 -0.256348 -0.343747
v 0.393719 0.473692 -0.263075
v 0.309304 0.557012 -0.206671
v 0.393719 -0.473692 -0.263075
v 0.462988 0.372169 -0.309359
v 0.309304 -0.557012 -0.206671
v 0.514454 0.256348 -0.343747
v 0.212985 -0.618919 -0.142312
v 0.606842 0.130683 -0.251362
v 0.546144 0.130683 -0.364922
v 0.108464 -0.657024 -0.072473
v 0.618731 -0.000000 -0.256287
v 0.556843 -0.000000 -0.372071
v 0.546144 -0.130683 -0.364922
v 0.212985 0.618919 -0.142312
v 0.111372 0.655981 -0.074416
v 0.092241 -0.657024 -0.092241
v 0.181129 -0.618919 -0.181129
v 0.473556 -0.000000 -0.473556
v 0.464457 0.130683 -0.464457
v 0.464457 -0.130683 -0.464457
v 0.181129 0.618919 -0.181129
v 0.092241 0.657024 -0.092241
v 0.106202 0.656988 -0.075508
v 0.437507 -0.256348 -0.437507
v 0.263042 0.557012 -0.263042
v 0.393739 -0.372168 -0.393739
v 0.334831 0.473692 -0.334831
v 0.334831 -0.473692 -0.334831
v 0.393739 0.372169 -0.393739
v 0.263042 -0.557012 -0.263042
v 0.437507 0.256348 -0.437507
v 0.263075 0.473692 -0.393719
v 0.206670 0.557012 -0.309304
v 0.263075 -0.473692 -0.393719
v 0.309359 -0.372168 -0.462988
v 0.309359 0.372169 -0.462988
v 0.206671 -0.557012 -0.309304
v -0.511480 -0.000000 -0.474862
v -0.085740 -0.539203 -0.432638
v -0.033233 0.467179 -0.514513
v -0.089490 0.413726 -0.552840
v -0.405157 0.467179 -0.318575
v -0.252636 -0.488264 -0.429720
v -0.194504 0.235578 -0.623749
v -0.537673 -0.115092 -0.425164
v -0.085740 -0.630783 -0.283575
v 0.343747 0.256348 -0.514454
v 0.142312 -0.618919 -0.212985
v 0.364921 0.130683 -0.546144
v 0.072473 -0.657024 -0.108464
v 0.372071 -0.000000 -0.556843
v 0.072473 0.657024 -0.108464
v 0.051324 0.660755 -0.076811
v 0.077177 0.659104 -0.077177
v 0.364921 -0.130683 -0.546144
v 0.142312 0.618919 -0.212985
v 0.343747 -0.256348 -0.514454
v 0.256287 -0.000000 -0.618731
v 0.251362 0.130683 -0.606842
v 0.049920 0.657024 -0.120518
v 0.031704 0.661694 -0.076540
v 0.049920 -0.657024 -0.120518
v 0.251362 -0.130683 -0.606842
v 0.098026 0.618919 -0.236657
v 0.236777 -0.256348 -0.571630
v 0.142357 0.557012 -0.343681
v 0.213090 -0.372168 -0.514445
v 0.181209 0.473692 -0.437477
v 0.181209 -0.473692 -0.437477
v 0.213090 0.372169 -0.514445
v 0.142357 -0.557012 -0.343681
v 0.236777 0.256348 -0.571630
v 0.098026 -0.618919 -0.236657
v 0.092379 -0.473692 -0.464423
v 0.108632 -0.372168 -0.546132
v 0.108632 0.372169 -0.546132
v 0.092379 0.473692 -0.464423
v 0.072573 -0.557012 -0.364849
v 0.120708 0.256348 -0.606839
v 0.049973 -0.618919 -0.251233
v 0.128143 0.130683 -0.644220
v 0.025449 -0.657024 -0.127942
v 0.130654 -0.000000 -0.656841
v 0.025449 0.657024 -0.127942
v 0.015191 0.662184 -0.076372
v 0.128143 -0.130683 -0.644220
v 0.049973 0.618919 -0.251233
v 0.120708 -0.256348 -0.606840
v 0.072573 0.557012 -0.364849
v 0.427039 -0.256389 0.446077
v 0.443720 -0.220603 0.446362
v 0.550709 0.130709 0.356369
v 0.545350 0.133840 0.364391
v 0.445950 0.216974 0.445950
v 0.427039 0.256389 0.446076
v 0.443720 0.220603 0.446362
v 0.584191 -0.000000 0.320906
v 0.574837 -0.113956 0.314713
v 0.258468 0.480501 0.386824
v 0.183421 0.557000 0.321751
v 0.182344 0.530369 0.358945
v 0.361425 0.372207 0.420227
v 0.398932 0.318764 0.426221
v 0.361425 -0.372206 0.420227
v 0.338813 -0.404664 0.404490
v 0.267459 0.473709 0.390099
v 0.265677 0.475004 0.389531
v 0.398932 -0.318764 0.426221
v 0.574837 0.113956 0.314713
v 0.338813 0.404664 0.404490
v 0.182388 0.618884 0.179727
v 0.555390 0.372207 0.014374
v 0.301908 -0.561764 0.201728
v 0.404250 0.520258 0.096236
v 0.524553 0.407972 0.029461
v 0.247353 0.596835 0.165276
v 0.181331 0.618776 0.181331
v 0.183490 0.617144 0.183490
v 0.198980 0.612545 0.178113
v 0.182337 0.617669 0.183171
v 0.560236 -0.149925 0.387995
v 0.630544 -0.149925 0.261180
v 0.567475 -0.149924 0.379175
v 0.682496 -0.149924 -0.000000
v 0.669382 -0.149925 0.133148
v 0.605146 -0.068491 0.331408
v 0.679933 -0.068491 0.135247
v 0.681904 -0.068491 -0.115231
v 0.640483 -0.068491 0.265297
v 0.693254 -0.068491 -0.000000
v 0.135171 -0.072424 -0.679553
v 0.135171 0.072425 -0.679553
v 0.090814 -0.136563 -0.677605
v 0.135171 -0.000000 -0.686686
v 0.085740 -0.582029 -0.378432
v 0.487696 0.104503 -0.487696
v 0.511480 -0.000000 -0.474862
v 0.085740 -0.539203 -0.432638
v 0.033233 0.467179 -0.514513
v 0.089490 0.413726 -0.552840
v 0.405157 0.467179 -0.318575
v 0.252636 -0.488264 -0.429720
v 0.194504 0.235578 -0.623749
v 0.537673 -0.115092 -0.425164
v 0.085740 -0.630783 -0.283575
vt 0.372495 0.514152
vt 0.371911 0.521203
vt 0.368898 0.515666
vt 0.222586 0.534723
vt 0.201719 0.535470
vt 0.213741 0.525157
vt 0.370484 0.464224
vt 0.363366 0.479875
vt 0.360626 0.465396
vt 0.329787 0.529814
vt 0.327523 0.537977
vt 0.308044 0.534042
vt 0.373570 0.494593
vt 0.367123 0.495878
vt 0.374608 0.329657
vt 0.374986 0.344078
vt 0.369974 0.342885
vt 0.737048 0.862879
vt 0.737790 0.883547
vt 0.726508 0.872710
vt 0.364995 0.310121
vt 0.347745 0.312134
vt 0.348615 0.305445
vt 0.329124 0.349460
vt 0.307826 0.352251
vt 0.321393 0.340650
vt 0.380090 0.315695
vt 0.372052 0.328458
vt 0.329762 0.312837
vt 0.320936 0.311388
vt 0.329902 0.303910
vt 0.159329 0.392799
vt 0.159260 0.388981
vt 0.161155 0.390078
vt 0.220615 0.506270
vt 0.221088 0.505142
vt 0.226015 0.515255
vt 0.314766 0.329589
vt 0.311089 0.319722
vt 0.316425 0.314577
vt 0.360767 0.498014
vt 0.232343 0.543218
vt 0.211811 0.546005
vt 0.729356 0.829144
vt 0.726937 0.851030
vt 0.716979 0.838892
vt 0.350990 0.298990
vt 0.344861 0.296038
vt 0.351890 0.293512
vt 0.564039 0.164074
vt 0.564379 0.165809
vt 0.556486 0.161785
vt 0.371649 0.451213
vt 0.369166 0.454013
vt 0.369295 0.451071
vt 0.362651 0.435943
vt 0.362517 0.438986
vt 0.357484 0.439192
vt 0.558160 0.139799
vt 0.555011 0.142621
vt 0.552654 0.138603
vt 0.368639 0.415055
vt 0.368756 0.415057
vt 0.368583 0.421185
vt 0.366068 0.322239
vt 0.350096 0.324594
vt 0.364914 0.319444
vt 0.368775 0.408955
vt 0.356987 0.414790
vt 0.189331 0.637223
vt 0.192298 0.631616
vt 0.198331 0.634187
vt 0.794317 0.807869
vt 0.795118 0.806460
vt 0.796007 0.806529
vt 0.569521 0.079341
vt 0.569769 0.077270
vt 0.571942 0.077454
vt 0.244448 0.512126
vt 0.238508 0.505566
vt 0.552554 0.090493
vt 0.547680 0.087863
vt 0.553764 0.083902
vt 0.750450 0.919820
vt 0.743519 0.922933
vt 0.737454 0.913324
vt 0.337846 0.539763
vt 0.168755 0.405432
vt 0.166167 0.393608
vt 0.172606 0.403802
vt 0.242988 0.550713
vt 0.222725 0.555478
vt 0.742005 0.902936
vt 0.736931 0.912207
vt 0.296205 0.337462
vt 0.297448 0.339670
vt 0.291385 0.343898
vt 0.356444 0.334372
vt 0.340544 0.338895
vt 0.352884 0.329879
vt 0.760706 0.905324
vt 0.761904 0.904269
vt 0.761817 0.906401
vt 0.738923 0.841509
vt 0.786701 0.421067
vt 0.786701 0.436913
vt 0.776154 0.436733
vt 0.309467 0.521609
vt 0.333329 0.522335
vt 0.364312 0.316414
vt 0.064341 0.504008
vt 0.064055 0.494256
vt 0.068395 0.497636
vt 0.297073 0.472959
vt 0.319523 0.480816
vt 0.308916 0.488579
vt 0.368961 0.403576
vt 0.372556 0.403659
vt 0.566201 0.176070
vt 0.561370 0.173881
vt 0.348307 0.318618
vt 0.359364 0.353041
vt 0.362010 0.354009
vt 0.358287 0.355525
vt 0.367699 0.324712
vt 0.244751 0.500712
vt 0.233677 0.498196
vt 0.244229 0.492422
vt 0.366315 0.307141
vt 0.340373 0.373733
vt 0.337287 0.386837
vt 0.335976 0.386474
vt 0.286241 0.358488
vt 0.295081 0.366568
vt 0.287858 0.376389
vt 0.786701 0.452620
vt 0.771071 0.452633
vt 0.771007 0.444188
vt 0.711987 0.832616
vt 0.724509 0.822816
vt 0.055174 0.522645
vt 0.054333 0.516315
vt 0.057671 0.518147
vt 0.758625 0.846781
vt 0.759227 0.843726
vt 0.566699 0.215266
vt 0.569433 0.218932
vt 0.567360 0.220204
vt 0.235615 0.630655
vt 0.232234 0.622142
vt 0.243956 0.622925
vt 0.337848 0.515658
vt 0.350207 0.516629
vt 0.347459 0.522894
vt 0.322373 0.502623
vt 0.748345 0.853935
vt 0.747252 0.874660
vt 0.793789 0.852924
vt 0.795047 0.837516
vt 0.795387 0.852858
vt 0.796146 0.865448
vt 0.794543 0.865610
vt 0.348583 0.505028
vt 0.343032 0.509853
vt 0.227933 0.481608
vt 0.217607 0.472841
vt 0.227218 0.472841
vt 0.064462 0.493340
vt 0.073695 0.493668
vt 0.069166 0.496564
vt 0.757355 0.886717
vt 0.749195 0.894324
vt 0.549229 0.123337
vt 0.558677 0.137772
vt 0.367794 0.520789
vt 0.365507 0.517767
vt 0.246912 0.524012
vt 0.241892 0.530763
vt 0.233461 0.523528
vt 0.344571 0.528454
vt 0.331285 0.424485
vt 0.331361 0.427838
vt 0.316658 0.428684
vt 0.785946 0.853260
vt 0.316442 0.412645
vt 0.299298 0.430534
vt 0.298865 0.411250
vt 0.332784 0.469335
vt 0.340543 0.470573
vt 0.330144 0.474922
vt 0.197850 0.538152
vt 0.200533 0.534002
vt 0.245939 0.573403
vt 0.239806 0.583973
vt 0.226572 0.575782
vt 0.125251 0.494739
vt 0.131307 0.499254
vt 0.124329 0.497799
vt 0.594064 0.030343
vt 0.592547 0.030425
vt 0.593805 0.028445
vt 0.376235 0.513232
vt 0.375026 0.521395
vt 0.380072 0.369295
vt 0.370370 0.380692
vt 0.371453 0.368805
vt 0.347578 0.453612
vt 0.345639 0.440235
vt 0.230114 0.490142
vt 0.243823 0.485368
vt 0.243977 0.486876
vt 0.710089 0.844446
vt 0.705118 0.838094
vt 0.762704 0.893887
vt 0.560259 0.140413
vt 0.358639 0.451905
vt 0.348156 0.456570
vt 0.329701 0.368724
vt 0.318752 0.361762
vt 0.354987 0.482131
vt 0.283434 0.483379
vt 0.298695 0.498586
vt 0.354558 0.501047
vt 0.243376 0.475657
vt 0.362064 0.444195
vt 0.227206 0.744640
vt 0.223860 0.743959
vt 0.226770 0.728893
vt 0.755016 0.912177
vt 0.761508 0.916772
vt 0.751234 0.832410
vt 0.762704 0.826425
vt 0.275106 0.468117
vt 0.278317 0.477569
vt 0.567936 0.226008
vt 0.573798 0.230221
vt 0.568263 0.231271
vt 0.319172 0.444560
vt 0.310720 0.465353
vt 0.303745 0.448669
vt 0.741938 0.819670
vt 0.761825 0.825042
vt 0.362915 0.520025
vt 0.361692 0.519789
vt 0.341485 0.533926
vt 0.286378 0.434969
vt 0.281827 0.444078
vt 0.380050 0.478164
vt 0.371733 0.478553
vt 0.380069 0.381117
vt 0.369535 0.392209
vt 0.335550 0.331548
vt 0.716795 0.883588
vt 0.729247 0.893462
vt 0.721989 0.890989
vt 0.712828 0.880331
vt 0.715754 0.861978
vt 0.213925 0.566645
vt 0.202034 0.556421
vt 0.206615 0.527894
vt 0.358835 0.391173
vt 0.360630 0.379442
vt 0.368621 0.426694
vt 0.356934 0.426849
vt 0.139252 0.497900
vt 0.143840 0.501238
vt 0.138912 0.501173
vt 0.318785 0.396988
vt 0.324350 0.400505
vt 0.346350 0.344864
vt 0.092610 0.494998
vt 0.105330 0.491619
vt 0.104917 0.496005
vt 0.360577 0.338032
vt 0.290601 0.386005
vt 0.309685 0.375980
vt 0.602698 0.013374
vt 0.603913 0.011643
vt 0.607243 0.018104
vt 0.230840 0.665531
vt 0.242553 0.666190
vt 0.243134 0.669948
vt 0.359001 0.454859
vt 0.243122 0.472841
vt 0.243327 0.472841
vt 0.380084 0.330612
vt 0.377311 0.330378
vt 0.736496 0.911796
vt 0.730235 0.901358
vt 0.572133 0.224380
vt 0.330152 0.495500
vt 0.566359 0.213539
vt 0.571812 0.208700
vt 0.572777 0.216875
vt 0.369722 0.326800
vt 0.332036 0.427805
vt 0.332945 0.441921
vt 0.344649 0.427139
vt 0.344657 0.414255
vt 0.201089 0.555481
vt 0.197877 0.538863
vt 0.376771 0.299567
vt 0.380100 0.288227
vt 0.380096 0.299233
vt 0.286279 0.352104
vt 0.380076 0.356799
vt 0.373066 0.356979
vt 0.042063 0.072324
vt 0.056647 0.099160
vt 0.038688 0.096808
vt 0.345701 0.401714
vt 0.365120 0.340854
vt 0.352670 0.349541
vt 0.220851 0.493303
vt 0.218617 0.492437
vt 0.217344 0.483371
vt 0.241738 0.697708
vt 0.237098 0.694641
vt 0.242531 0.682013
vt 0.370715 0.302250
vt 0.368276 0.289115
vt 0.373597 0.300590
vt 0.128555 0.107804
vt 0.140981 0.106494
vt 0.128895 0.109026
vt 0.574007 0.230182
vt 0.357617 0.402934
vt 0.354840 0.293089
vt 0.356086 0.291861
vt 0.361642 0.290344
vt 0.331763 0.322806
vt 0.285773 0.410165
vt 0.285975 0.432808
vt 0.226713 0.495388
vt 0.757562 0.866685
vt 0.761617 0.870898
vt 0.761718 0.872681
vt 0.368252 0.304469
vt 0.380047 0.512909
vt 0.585011 0.046729
vt 0.582246 0.046503
vt 0.585078 0.041546
vt 0.302401 0.392512
vt 0.169361 0.444323
vt 0.173322 0.444680
vt 0.174527 0.460537
vt 0.326602 0.398579
vt 0.323340 0.382259
vt 0.335154 0.389299
vt 0.377643 0.521477
vt 0.762217 0.883235
vt 0.350681 0.467457
vt 0.346612 0.485407
vt 0.315262 0.511325
vt 0.295823 0.514996
vt 0.562521 0.191859
vt 0.563910 0.192485
vt 0.562982 0.194166
vt 0.716304 0.860444
vt 0.337426 0.356279
vt 0.281581 0.485313
vt 0.573259 0.222370
vt 0.761444 0.921909
vt 0.755773 0.922430
vt 0.757718 0.851664
vt 0.793438 0.837523
vt 0.795255 0.822073
vt 0.749239 0.922880
vt 0.374319 0.288444
vt 0.558701 0.173093
vt 0.559558 0.178754
vt 0.324538 0.553000
vt 0.327419 0.554722
vt 0.326388 0.555412
vt 0.712827 0.881044
vt 0.251040 0.590071
vt 0.301595 0.331636
vt 0.383421 0.299570
vt 0.227933 0.464074
vt 0.243435 0.466700
vt 0.243376 0.470025
vt 0.217344 0.462310
vt 0.218617 0.453244
vt 0.220851 0.452379
vt 0.574007 0.242385
vt 0.572133 0.248187
vt 0.573798 0.242346
vt 0.385882 0.288449
vt 0.386594 0.300595
vt 0.389474 0.302257
vt 0.230114 0.455540
vt 0.226713 0.450293
vt 0.233677 0.447485
vt 0.573259 0.250196
vt 0.572777 0.255691
vt 0.569433 0.253635
vt 0.391924 0.289125
vt 0.221088 0.440539
vt 0.220615 0.439412
vt 0.226015 0.430427
vt 0.566359 0.259028
vt 0.566699 0.257301
vt 0.398556 0.290359
vt 0.405357 0.293109
vt 0.391936 0.304478
vt 0.870204 0.681227
vt 0.875940 0.686884
vt 0.869447 0.691480
vt 0.201089 0.390201
vt 0.202034 0.389261
vt 0.211811 0.399676
vt 0.876249 0.697256
vt 0.875137 0.698333
vt 0.201719 0.410212
vt 0.222586 0.410958
vt 0.213741 0.420524
vt 0.863626 0.709333
vt 0.856436 0.700721
vt 0.233461 0.422153
vt 0.843678 0.710195
vt 0.852221 0.720110
vt 0.244448 0.433555
vt 0.238508 0.440115
vt 0.840939 0.730947
vt 0.831226 0.720069
vt 0.408306 0.293534
vt 0.415332 0.296066
vt 0.409201 0.299013
vt 0.393870 0.307152
vt 0.246912 0.422276
vt 0.245681 0.432557
vt 0.851479 0.740778
vt 0.411571 0.305470
vt 0.395189 0.310133
vt 0.426822 0.546557
vt 0.432565 0.537979
vt 0.433369 0.546546
vt 0.213925 0.379037
vt 0.222725 0.390204
vt 0.876335 0.699388
vt 0.232343 0.402464
vt 0.877136 0.709770
vt 0.877110 0.710379
vt 0.241892 0.414919
vt 0.871787 0.716939
vt 0.861683 0.728997
vt 0.226572 0.369899
vt 0.234446 0.381740
vt 0.594064 0.442223
vt 0.593805 0.444121
vt 0.592547 0.442141
vt 0.242988 0.394969
vt 0.876649 0.720422
vt 0.246845 0.401134
vt 0.246880 0.411660
vt 0.876149 0.730976
vt 0.560143 0.289546
vt 0.562521 0.280708
vt 0.567549 0.286671
vt 0.862777 0.749722
vt 0.427886 0.302325
vt 0.430416 0.312876
vt 0.412435 0.312158
vt 0.853354 0.762148
vt 0.841368 0.752627
vt 0.395854 0.313274
vt 0.843787 0.774513
vt 0.831411 0.764765
vt 0.515911 0.517966
vt 0.507817 0.502407
vt 0.515714 0.502467
vt 0.422243 0.539765
vt 0.430302 0.529818
vt 0.411869 0.318641
vt 0.873658 0.759931
vt 0.873057 0.756876
vt 0.395867 0.316426
vt 0.856370 0.783987
vt 0.508223 0.486730
vt 0.516066 0.487066
vt 0.418605 0.533927
vt 0.426761 0.522339
vt 0.245939 0.372278
vt 0.245118 0.375277
vt 0.450620 0.521616
vt 0.444827 0.511333
vt 0.243918 0.380055
vt 0.585011 0.425836
vt 0.585078 0.431019
vt 0.582246 0.426063
vt 0.564379 0.306758
vt 0.564039 0.308493
vt 0.556486 0.310781
vt 0.871994 0.736972
vt 0.876049 0.732759
vt 0.874848 0.738768
vt 0.443750 0.314626
vt 0.445397 0.329637
vt 0.428408 0.322842
vt 0.872150 0.751993
vt 0.422244 0.515663
vt 0.437718 0.502632
vt 0.452319 0.352298
vt 0.473860 0.352166
vt 0.465050 0.366620
vt 0.451176 0.488592
vt 0.461393 0.498599
vt 0.438763 0.340690
vt 0.476653 0.483397
vt 0.463019 0.472977
vt 0.424615 0.331580
vt 0.569770 0.395296
vt 0.567856 0.399052
vt 0.564220 0.396164
vt 0.410075 0.324616
vt 0.865666 0.771247
vt 0.877136 0.777232
vt 0.876256 0.778615
vt 0.395263 0.319455
vt 0.867663 0.792265
vt 0.516819 0.474380
vt 0.412633 0.522897
vt 0.545587 0.344761
vt 0.552655 0.333963
vt 0.549229 0.349229
vt 0.552554 0.382072
vt 0.547680 0.384703
vt 0.547382 0.383123
vt 0.407284 0.329898
vt 0.394106 0.322249
vt 0.549701 0.366748
vt 0.543683 0.367869
vt 0.541621 0.352253
vt 0.546840 0.351364
vt 0.409886 0.516632
vt 0.417060 0.509857
vt 0.469517 0.386053
vt 0.457718 0.392552
vt 0.450445 0.376020
vt 0.429942 0.495508
vt 0.441389 0.361800
vt 0.440572 0.480829
vt 0.431028 0.349494
vt 0.449376 0.465370
vt 0.419617 0.338922
vt 0.456354 0.448691
vt 0.472962 0.455426
vt 0.430438 0.368755
vt 0.429953 0.474933
vt 0.422722 0.356306
vt 0.436323 0.460022
vt 0.413807 0.344887
vt 0.440931 0.444578
vt 0.403722 0.334389
vt 0.443449 0.428707
vt 0.460804 0.430562
vt 0.392473 0.324721
vt 0.443672 0.412672
vt 0.461244 0.411285
vt 0.441336 0.397018
vt 0.411511 0.505033
vt 0.436790 0.382290
vt 0.421803 0.489828
vt 0.399586 0.338046
vt 0.390449 0.326807
vt 0.428826 0.424503
vt 0.431460 0.413453
vt 0.435770 0.400532
vt 0.433519 0.398604
vt 0.398402 0.519790
vt 0.394587 0.517769
vt 0.405538 0.501051
vt 0.424974 0.389323
vt 0.413485 0.485414
vt 0.419765 0.373756
vt 0.419556 0.470582
vt 0.414176 0.361422
vt 0.420868 0.466809
vt 0.427315 0.469346
vt 0.407484 0.349559
vt 0.425918 0.456838
vt 0.426270 0.447268
vt 0.428750 0.427856
vt 0.409420 0.467464
vt 0.415367 0.375246
vt 0.409675 0.363354
vt 0.585984 0.803632
vt 0.584923 0.795448
vt 0.589365 0.795119
vt 0.401864 0.355539
vt 0.400789 0.353055
vt 0.427161 0.441936
vt 0.426252 0.441843
vt 0.395041 0.340864
vt 0.428075 0.427822
vt 0.388118 0.328464
vt 0.596884 0.755826
vt 0.584590 0.760243
vt 0.586813 0.744252
vt 0.392299 0.520790
vt 0.391196 0.515668
vt 0.590848 0.731132
vt 0.588968 0.728252
vt 0.595488 0.728066
vt 0.399329 0.498017
vt 0.424154 0.386498
vt 0.422843 0.386859
vt 0.405111 0.482136
vt 0.415464 0.427152
vt 0.403130 0.414797
vt 0.415461 0.414269
vt 0.388183 0.521204
vt 0.387600 0.514153
vt 0.385561 0.329661
vt 0.414422 0.401731
vt 0.402506 0.402947
vt 0.392974 0.495880
vt 0.412366 0.389358
vt 0.401295 0.391184
vt 0.396734 0.479879
vt 0.580520 0.696881
vt 0.580271 0.706261
vt 0.578271 0.696700
vt 0.399476 0.465400
vt 0.577610 0.681815
vt 0.575166 0.680564
vt 0.580956 0.681134
vt 0.411948 0.456579
vt 0.401468 0.451912
vt 0.412527 0.453621
vt 0.398142 0.354021
vt 0.402627 0.439199
vt 0.414469 0.440246
vt 0.392369 0.349942
vt 0.403180 0.426857
vt 0.390186 0.342892
vt 0.399507 0.379453
vt 0.388691 0.368811
vt 0.397094 0.367601
vt 0.401104 0.454865
vt 0.390812 0.451074
vt 0.570249 0.677365
vt 0.561513 0.669502
vt 0.561598 0.669258
vt 0.391056 0.443710
vt 0.398045 0.444201
vt 0.388373 0.346690
vt 0.387085 0.356983
vt 0.385174 0.344081
vt 0.397461 0.435948
vt 0.391309 0.435651
vt 0.391496 0.426697
vt 0.382858 0.330380
vt 0.391536 0.421187
vt 0.385068 0.521395
vt 0.383860 0.513233
vt 0.391484 0.415057
vt 0.391334 0.408966
vt 0.386527 0.494594
vt 0.391162 0.403582
vt 0.390597 0.392214
vt 0.388367 0.478555
vt 0.389767 0.380697
vt 0.389620 0.464226
vt 0.387571 0.403658
vt 0.380049 0.494244
vt 0.380066 0.392564
vt 0.380052 0.463814
vt 0.390940 0.454016
vt 0.388458 0.451215
vt 0.388309 0.363298
vt 0.552081 0.791587
vt 0.546048 0.794158
vt 0.543081 0.788551
vt 0.380080 0.344439
vt 0.382953 0.435576
vt 0.380055 0.438446
vt 0.380056 0.426621
vt 0.391366 0.415059
vt 0.382451 0.521477
vt 0.197850 0.407530
vt 0.200533 0.411679
vt 0.347764 0.389341
vt 0.830736 0.743213
vt 0.827258 0.722613
vt 0.827259 0.723326
vt 0.514018 0.526626
vt 0.507975 0.518189
vt 0.857951 0.680724
vt 0.864881 0.683837
vt 0.851885 0.690333
vt 0.371838 0.363293
vt 0.371859 0.362969
vt 0.830185 0.741679
vt 0.299456 0.519970
vt 0.345970 0.361401
vt 0.344771 0.375226
vt 0.836421 0.712668
vt 0.214412 0.428399
vt 0.206615 0.417787
vt 0.833423 0.748691
vt 0.844666 0.702299
vt 0.432666 0.554722
vt 0.863670 0.680777
vt 0.397178 0.520027
vt 0.575664 0.074325
vt 0.570988 0.067171
vt 0.581464 0.062315
vt 0.551550 0.106160
vt 0.555220 0.090937
vt 0.175014 0.468615
vt 0.171862 0.463555
vt 0.174958 0.463307
vt 0.326718 0.546545
vt 0.333266 0.546556
vt 0.363050 0.367590
vt 0.354163 0.292529
vt 0.567856 0.073514
vt 0.481769 0.477589
vt 0.478505 0.485331
vt 0.567360 0.252363
vt 0.474331 0.410206
vt 0.558701 0.299474
vt 0.559558 0.293813
vt 0.561370 0.298686
vt 0.404111 0.291880
vt 0.406033 0.292550
vt 0.565849 0.261086
vt 0.571812 0.263867
vt 0.460629 0.519979
vt 0.464263 0.515006
vt 0.474577 0.492763
vt 0.567936 0.246559
vt 0.435548 0.553001
vt 0.541328 0.350666
vt 0.569964 0.276071
vt 0.562982 0.278400
vt 0.570330 0.273996
vt 0.473718 0.435000
vt 0.563910 0.280082
vt 0.458563 0.331693
vt 0.462703 0.339728
vt 0.478266 0.444107
vt 0.483636 0.461690
vt 0.473894 0.358548
vt 0.472266 0.376442
vt 0.441591 0.546469
vt 0.452041 0.534047
vt 0.555011 0.329946
vt 0.558160 0.332767
vt 0.433698 0.555412
vt 0.433450 0.555704
vt 0.433129 0.555313
vt 0.470278 0.388086
vt 0.439242 0.311434
vt 0.430283 0.303949
vt 0.463948 0.337521
vt 0.468762 0.343959
vt 0.568371 0.236283
vt 0.574175 0.236283
vt 0.574114 0.239085
vt 0.484981 0.468140
vt 0.377137 0.438533
vt 0.377158 0.435575
vt 0.287130 0.455402
vt 0.718991 0.854965
vt 0.243918 0.565627
vt 0.245118 0.570405
vt 0.234446 0.563942
vt 0.785540 0.837583
vt 0.364327 0.313262
vt 0.332301 0.302287
vt 0.541620 0.120314
vt 0.549701 0.105818
vt 0.546840 0.121202
vt 0.541328 0.121900
vt 0.326956 0.555313
vt 0.326636 0.555704
vt 0.246845 0.544548
vt 0.574114 0.233482
vt 0.595078 0.037779
vt 0.793635 0.822024
vt 0.785699 0.821801
vt 0.762679 0.893278
vt 0.338292 0.489820
vt 0.570988 0.405395
vt 0.575664 0.398241
vt 0.566201 0.296497
vt 0.569521 0.393225
vt 0.571942 0.395112
vt 0.560259 0.332153
vt 0.558677 0.334794
vt 0.244751 0.444969
vt 0.551550 0.366406
vt 0.595364 0.435321
vt 0.595078 0.434786
vt 0.587157 0.434777
vt 0.576120 0.416344
vt 0.584907 0.417247
vt 0.607243 0.454461
vt 0.602698 0.459192
vt 0.599652 0.453800
vt 0.245506 0.434672
vt 0.246828 0.399354
vt 0.245917 0.393323
vt 0.243823 0.460313
vt 0.553764 0.388664
vt 0.555544 0.383199
vt 0.518423 0.474542
vt 0.602223 0.445574
vt 0.243977 0.458805
vt 0.609601 0.458918
vt 0.603913 0.460922
vt 0.567623 0.286068
vt 0.246912 0.421669
vt 0.555646 0.322879
vt 0.562608 0.327880
vt 0.550534 0.358587
vt 0.590291 0.426134
vt 0.570330 0.198570
vt 0.569964 0.196495
vt 0.333854 0.441828
vt 0.333835 0.447254
vt 0.372147 0.356768
vt 0.371785 0.346684
vt 0.276453 0.461666
vt 0.367786 0.349934
vt 0.786078 0.813067
vt 0.791741 0.813364
vt 0.216499 0.748409
vt 0.207848 0.756515
vt 0.207763 0.756272
vt 0.169464 0.407184
vt 0.173230 0.405214
vt 0.173496 0.405886
vt 0.334185 0.456826
vt 0.323777 0.460007
vt 0.565849 0.211481
vt 0.352313 0.357176
vt 0.595364 0.037244
vt 0.748030 0.805209
vt 0.737174 0.813293
vt 0.555544 0.089367
vt 0.564219 0.076402
vt 0.289839 0.388038
vt 0.796146 0.805209
vt 0.547381 0.089443
vt 0.245681 0.513125
vt 0.245506 0.511010
vt 0.043302 0.165827
vt 0.044315 0.159463
vt 0.045330 0.160037
vt 0.234323 0.064604
vt 0.205147 0.059119
vt 0.216153 0.045092
vt 0.040296 0.119113
vt 0.054025 0.117991
vt 0.061662 0.162899
vt 0.058673 0.149172
vt 0.063812 0.161529
vt 0.069967 0.172097
vt 0.184432 0.046962
vt 0.156733 0.058652
vt 0.161636 0.037844
vt 0.057161 0.144269
vt 0.063767 0.148071
vt 0.246898 0.100086
vt 0.234251 0.101039
vt 0.241865 0.093858
vt 0.077436 0.057469
vt 0.093727 0.073913
vt 0.080245 0.088660
vt 0.196505 0.072956
vt 0.177334 0.064227
vt 0.104621 0.089003
vt 0.092290 0.099040
vt 0.082731 0.110587
vt 0.071254 0.104169
vt 0.134799 0.057498
vt 0.119860 0.081314
vt 0.112609 0.062387
vt 0.066136 0.160674
vt 0.068514 0.160328
vt 0.152248 0.092348
vt 0.137076 0.077205
vt 0.154152 0.090386
vt 0.070837 0.160462
vt 0.239415 0.118243
vt 0.222579 0.116118
vt 0.227942 0.108525
vt 0.203358 0.105139
vt 0.182841 0.109316
vt 0.186004 0.098103
vt 0.073337 0.149010
vt 0.083153 0.141180
vt 0.077425 0.150679
vt 0.139104 0.093385
vt 0.141802 0.104268
vt 0.140694 0.104484
vt 0.125075 0.096314
vt 0.116860 0.111205
vt 0.112273 0.101775
vt 0.141609 0.110503
vt 0.130095 0.113456
vt 0.217993 0.123784
vt 0.224121 0.137117
vt 0.214012 0.131291
vt 0.199110 0.114735
vt 0.180378 0.119817
vt 0.090088 0.132591
vt 0.103406 0.132136
vt 0.095243 0.138067
vt 0.113137 0.115140
vt 0.103576 0.112638
vt 0.115885 0.111606
vt 0.167891 0.106493
vt 0.154160 0.117258
vt 0.153919 0.105706
vt 0.166673 0.117779
vt 0.154384 0.127865
vt 0.195749 0.123907
vt 0.210682 0.138334
vt 0.193116 0.132631
vt 0.207848 0.145406
vt 0.191059 0.141007
vt 0.091452 0.149135
vt 0.086301 0.158568
vt 0.083913 0.155585
vt 0.154608 0.137599
vt 0.145553 0.147110
vt 0.144821 0.138140
vt 0.078157 0.164702
vt 0.088132 0.161776
vt 0.079289 0.166391
vt 0.102235 0.107992
vt 0.099861 0.107636
vt 0.128629 0.149089
vt 0.137735 0.156171
vt 0.129755 0.156921
vt 0.172578 0.080071
vt 0.178668 0.082611
vt 0.171920 0.083641
vt 0.189529 0.149060
vt 0.175619 0.155863
vt 0.176273 0.147480
vt 0.107399 0.118398
vt 0.098172 0.124993
vt 0.154801 0.146715
vt 0.146063 0.155659
vt 0.120596 0.150649
vt 0.114169 0.159177
vt 0.112656 0.152621
vt 0.098072 0.162702
vt 0.090186 0.168595
vt 0.089423 0.165138
vt 0.086287 0.119410
vt 0.077641 0.124027
vt 0.079172 0.116134
vt 0.188479 0.156850
vt 0.203500 0.165569
vt 0.187786 0.164514
vt 0.121951 0.157915
vt 0.115056 0.165655
vt 0.130421 0.164556
vt 0.123029 0.172096
vt 0.122748 0.165039
vt 0.115360 0.172097
vt 0.057318 0.172097
vt 0.057595 0.169462
vt 0.228574 0.155031
vt 0.205730 0.152264
vt 0.164523 0.163826
vt 0.175139 0.172096
vt 0.164475 0.172096
vt 0.107187 0.166425
vt 0.099256 0.172097
vt 0.098966 0.167387
vt 0.233666 0.169218
vt 0.223770 0.172096
vt 0.224103 0.167756
vt 0.043352 0.065088
vt 0.039457 0.071951
vt 0.164066 0.011418
vt 0.170990 0.015216
vt 0.163153 0.011420
vt 0.134596 0.033351
vt 0.186144 0.018970
vt 0.194846 0.028555
vt 0.030442 0.105087
vt 0.208154 0.025990
vt 0.052559 0.152366
vt 0.050540 0.156619
vt 0.049045 0.155159
vt 0.054397 0.149479
vt 0.053426 0.151160
vt 0.049674 0.144760
vt 0.080587 0.170136
vt 0.080742 0.172097
vt 0.118167 0.116854
vt 0.117640 0.112958
vt 0.119039 0.116490
vt 0.011418 0.172097
vt 0.025685 0.161138
vt 0.024381 0.172097
vt 0.217365 0.086114
vt 0.208650 0.095072
vt 0.232104 0.157185
vt 0.226487 0.159206
vt 0.071311 0.129499
vt 0.071032 0.135535
vt 0.064725 0.134498
vt 0.042433 0.169160
vt 0.042358 0.172097
vt 0.042188 0.172097
vt 0.090399 0.116828
vt 0.094546 0.114467
vt 0.091486 0.117685
vt 0.176361 0.091656
vt 0.169609 0.094014
vt 0.048257 0.172097
vt 0.235492 0.086414
vt 0.063382 0.135758
vt 0.063474 0.134283
vt 0.142581 0.118122
vt 0.131767 0.120166
vt 0.064085 0.127766
vt 0.056522 0.134548
vt 0.164110 0.093106
vt 0.170047 0.092288
vt 0.250435 0.087607
vt 0.246541 0.086830
vt 0.142618 0.110380
vt 0.099998 0.112065
vt 0.100982 0.108926
vt 0.071210 0.121259
vt 0.075679 0.122909
vt 0.189411 0.088965
vt 0.180669 0.082341
vt 0.073947 0.126816
vt 0.095661 0.107157
vt 0.171569 0.423944
vt 0.174770 0.418836
vt 0.175014 0.423997
vt 0.086774 0.491009
vt 0.086454 0.494898
vt 0.030081 0.150913
vt 0.030046 0.518961
vt 0.030658 0.523815
vt 0.028169 0.522554
vt 0.153232 0.383557
vt 0.144288 0.379456
vt 0.146428 0.377075
vt 0.102389 0.149371
vt 0.104683 0.155064
vt 0.243301 0.110300
vt 0.064096 0.493760
vt 0.068910 0.496959
vt 0.177234 0.138758
vt 0.178567 0.129579
vt 0.059648 0.513949
vt 0.251910 0.075289
vt 0.250314 0.086650
vt 0.242646 0.075299
vt 0.165287 0.137744
vt 0.164908 0.146792
vt 0.068745 0.148077
vt 0.246828 0.546327
vt 0.245917 0.552359
vt 0.080956 0.152917
vt 0.076719 0.163207
vt 0.074995 0.161962
vt 0.073019 0.161026
vt 0.106445 0.496161
vt 0.107320 0.491831
vt 0.107158 0.496229
vt 0.118608 0.143160
vt 0.110443 0.145949
vt 0.567623 0.186499
vt 0.203327 0.172096
vt 0.080102 0.168219
vt 0.157757 0.489181
vt 0.163340 0.486988
vt 0.160176 0.491270
vt 0.173357 0.443961
vt 0.170842 0.438953
vt 0.174153 0.439316
vt 0.046075 0.137155
vt 0.025736 0.125901
vt 0.133994 0.130083
vt 0.609601 0.013648
vt 0.064289 0.127282
vt 0.246880 0.534022
vt 0.193359 0.080022
vt 0.190411 0.085970
vt 0.207148 0.078927
vt 0.215422 0.084687
vt 0.206408 0.078696
vt 0.059835 0.164741
vt 0.157094 0.489978
vt 0.159137 0.492406
vt 0.106261 0.160749
vt 0.157670 0.086947
vt 0.154781 0.077034
vt 0.225001 0.163453
vt 0.204227 0.158970
vt 0.083607 0.127431
vt 0.099285 0.143691
vt 0.094364 0.153528
vt 0.011766 0.157440
vt 0.015181 0.144775
vt 0.018453 0.144213
vt 0.079812 0.489990
vt 0.079492 0.493880
vt 0.225261 0.075785
vt 0.223821 0.074464
vt 0.154951 0.155400
vt 0.154034 0.092354
vt 0.028022 0.518013
vt 0.026125 0.521386
vt 0.318494 0.546467
vt 0.233036 0.162263
vt 0.039194 0.522829
vt 0.039585 0.527586
vt 0.038299 0.527372
vt 0.143842 0.128559
vt 0.165848 0.128135
vt 0.157127 0.094649
vt 0.154043 0.097616
vt 0.138236 0.164192
vt 0.130663 0.172096
vt 0.065869 0.119416
vt 0.112212 0.127162
vt 0.107415 0.139127
vt 0.096552 0.158069
vt 0.044731 0.158025
vt 0.046376 0.152455
vt 0.048487 0.167269
vt 0.058450 0.166965
vt 0.232096 0.033424
vt 0.056300 0.512380
vt 0.061686 0.509488
vt 0.053647 0.151527
vt 0.196062 0.088462
vt 0.077604 0.137938
vt 0.124702 0.132350
vt 0.135671 0.139269
vt 0.126978 0.140943
vt 0.164663 0.155438
vt 0.584906 0.055319
vt 0.583966 0.056810
vt 0.576119 0.056222
vt 0.032494 0.520054
vt 0.033940 0.525418
vt 0.057595 0.174732
vt 0.025685 0.183056
vt 0.042433 0.175033
vt 0.018453 0.199981
vt 0.015182 0.199418
vt 0.011766 0.186753
vt 0.043302 0.178367
vt 0.044315 0.184730
vt 0.043193 0.178402
vt 0.058450 0.177228
vt 0.048487 0.176924
vt 0.059835 0.179452
vt 0.027340 0.201083
vt 0.030082 0.193280
vt 0.049045 0.189034
vt 0.046377 0.191738
vt 0.044731 0.186169
vt 0.049179 0.182067
vt 0.025736 0.218292
vt 0.040296 0.225081
vt 0.025912 0.219960
vt 0.052559 0.191828
vt 0.049674 0.199434
vt 0.053647 0.192666
vt 0.050540 0.187574
vt 0.061662 0.181294
vt 0.242646 0.268893
vt 0.251911 0.268904
vt 0.252270 0.279633
vt 0.063589 0.265158
vt 0.043889 0.279768
vt 0.042064 0.271870
vt 0.234324 0.279589
vt 0.225262 0.268408
vt 0.056648 0.245033
vt 0.038688 0.247386
vt 0.205148 0.285073
vt 0.216153 0.299100
vt 0.194847 0.315636
vt 0.055041 0.209615
vt 0.046075 0.207038
vt 0.161637 0.306349
vt 0.170991 0.328976
vt 0.058674 0.195022
vt 0.057161 0.199924
vt 0.054397 0.194714
vt 0.063812 0.182664
vt 0.064290 0.216911
vt 0.065869 0.224777
vt 0.054026 0.226203
vt 0.156734 0.285540
vt 0.184432 0.297230
vt 0.063767 0.196122
vt 0.066136 0.183519
vt 0.234251 0.243153
vt 0.246899 0.244106
vt 0.241865 0.250335
vt 0.080246 0.255534
vt 0.093728 0.270280
vt 0.077436 0.286724
vt 0.223821 0.269729
vt 0.222473 0.267956
vt 0.071255 0.240024
vt 0.207148 0.265266
vt 0.196505 0.271237
vt 0.092291 0.245153
vt 0.215423 0.259505
vt 0.214386 0.257798
vt 0.217365 0.258078
vt 0.082732 0.233606
vt 0.193359 0.264171
vt 0.206408 0.265497
vt 0.079172 0.228060
vt 0.177334 0.279965
vt 0.180669 0.261852
vt 0.073948 0.217377
vt 0.075679 0.221284
vt 0.071210 0.222934
vt 0.154782 0.267158
vt 0.071032 0.208658
vt 0.064725 0.209696
vt 0.063382 0.208436
vt 0.137077 0.266988
vt 0.134800 0.286695
vt 0.068514 0.183865
vt 0.119860 0.262879
vt 0.112610 0.281806
vt 0.104621 0.255190
vt 0.227942 0.235667
vt 0.243301 0.233892
vt 0.073338 0.195183
vt 0.068745 0.196116
vt 0.154152 0.253807
vt 0.152249 0.251845
vt 0.070837 0.183731
vt 0.125076 0.247879
vt 0.112273 0.242418
vt 0.222579 0.228074
vt 0.239415 0.225950
vt 0.102235 0.236201
vt 0.208651 0.249120
vt 0.095662 0.237036
vt 0.099861 0.236557
vt 0.190411 0.258222
vt 0.189412 0.255227
vt 0.196062 0.255730
vt 0.080462 0.228920
vt 0.086288 0.224783
vt 0.172578 0.264121
vt 0.178668 0.261582
vt 0.083607 0.216762
vt 0.077641 0.220166
vt 0.157671 0.257246
vt 0.203358 0.239054
vt 0.217993 0.220408
vt 0.099999 0.232128
vt 0.094546 0.229726
vt 0.098172 0.219201
vt 0.182841 0.234877
vt 0.186005 0.246090
vt 0.090088 0.211602
vt 0.091487 0.226508
vt 0.169609 0.250178
vt 0.077604 0.206255
vt 0.154035 0.251838
vt 0.157128 0.249544
vt 0.164111 0.251087
vt 0.077425 0.193514
vt 0.139104 0.250808
vt 0.141803 0.239924
vt 0.140695 0.239709
vt 0.073019 0.183167
vt 0.116861 0.232988
vt 0.230380 0.213122
vt 0.235124 0.219340
vt 0.115885 0.232587
vt 0.103576 0.231555
vt 0.140982 0.237699
vt 0.142619 0.233813
vt 0.146424 0.238244
vt 0.074995 0.182232
vt 0.128895 0.235166
vt 0.141609 0.233690
vt 0.119040 0.227703
vt 0.117641 0.231235
vt 0.224121 0.207075
vt 0.118168 0.227339
vt 0.113137 0.229053
vt 0.112212 0.217031
vt 0.199110 0.229458
vt 0.214012 0.212901
vt 0.103407 0.212057
vt 0.107399 0.225795
vt 0.180378 0.224375
vt 0.167892 0.237700
vt 0.087743 0.199217
vt 0.083154 0.203013
vt 0.154160 0.226935
vt 0.153919 0.238486
vt 0.107416 0.205066
vt 0.178567 0.214614
vt 0.195749 0.220285
vt 0.099285 0.200503
vt 0.095243 0.206126
vt 0.166673 0.226414
vt 0.154384 0.216328
vt 0.080956 0.191276
vt 0.091452 0.195058
vt 0.143842 0.215633
vt 0.142582 0.226071
vt 0.083913 0.188608
vt 0.133994 0.214110
vt 0.131768 0.224027
vt 0.076719 0.180986
vt 0.121651 0.221064
vt 0.210682 0.205858
vt 0.124702 0.211843
vt 0.086301 0.185625
vt 0.135671 0.204924
vt 0.078157 0.179491
vt 0.228574 0.189161
vt 0.230903 0.192643
vt 0.230798 0.193677
vt 0.118608 0.201033
vt 0.115872 0.208831
vt 0.193116 0.211562
vt 0.207849 0.198787
vt 0.110443 0.198244
vt 0.177234 0.205435
vt 0.165848 0.216058
vt 0.094364 0.190665
vt 0.154608 0.206594
vt 0.144821 0.206053
vt 0.176273 0.196713
vt 0.191059 0.203185
vt 0.102389 0.194822
vt 0.112656 0.191572
vt 0.165287 0.206448
vt 0.096552 0.186124
vt 0.154801 0.197478
vt 0.088133 0.182417
vt 0.145553 0.197082
vt 0.136895 0.196282
vt 0.226487 0.184987
vt 0.232104 0.187008
vt 0.079289 0.177803
vt 0.126978 0.203250
vt 0.205730 0.191929
vt 0.128630 0.195104
vt 0.137736 0.188022
vt 0.225001 0.180739
vt 0.233036 0.181929
vt 0.080102 0.175975
vt 0.204227 0.185223
vt 0.120596 0.193544
vt 0.129756 0.187272
vt 0.189529 0.195132
vt 0.114169 0.185016
vt 0.175619 0.188330
vt 0.104683 0.189129
vt 0.164908 0.197401
vt 0.106261 0.183444
vt 0.154951 0.188793
vt 0.089423 0.179055
vt 0.146063 0.188533
vt 0.107187 0.177768
vt 0.164663 0.188755
vt 0.175225 0.180165
vt 0.098072 0.181492
vt 0.155059 0.180384
vt 0.090186 0.175598
vt 0.146371 0.180251
vt 0.138236 0.180001
vt 0.224103 0.176437
vt 0.233474 0.178131
vt 0.080587 0.174057
vt 0.203500 0.178624
vt 0.121951 0.186278
vt 0.130421 0.179637
vt 0.188479 0.187343
vt 0.115056 0.178539
vt 0.122748 0.179154
vt 0.187786 0.179678
vt 0.187669 0.172096
vt 0.107495 0.172097
vt 0.164523 0.180367
vt 0.098966 0.176807
vt 0.090429 0.172097
vt 0.155012 0.172096
vt 0.138423 0.172096
vt 0.233666 0.174975
vt 0.043353 0.279105
vt 0.039457 0.272243
vt 0.143871 0.497667
vt 0.144613 0.501115
vt 0.134597 0.310842
vt 0.164067 0.332774
vt 0.163154 0.332772
vt 0.107314 0.294691
vt 0.086630 0.282275
vt 0.246834 0.288586
vt 0.251163 0.301419
vt 0.232097 0.310768
vt 0.087743 0.144976
vt 0.115872 0.135362
vt 0.135702 0.312685
vt 0.186145 0.325222
vt 0.031187 0.247138
vt 0.030442 0.239107
vt 0.230214 0.311568
vt 0.036460 0.258653
vt 0.131141 0.300694
vt 0.229758 0.311739
vt 0.208155 0.318201
vt 0.250435 0.256586
vt 0.251976 0.291282
vt 0.230798 0.150516
vt 0.063589 0.079035
vt 0.043193 0.165792
vt 0.170047 0.251905
vt 0.130095 0.230737
vt 0.053426 0.193033
vt 0.201717 0.255600
vt 0.176361 0.252537
vt 0.246541 0.257362
vt 0.250314 0.257543
vt 0.055230 0.208376
vt 0.056523 0.209646
vt 0.063474 0.209910
vt 0.090400 0.227365
vt 0.154044 0.246576
vt 0.045330 0.184157
vt 0.235492 0.257779
vt 0.100982 0.235267
vt 0.250742 0.256893
vt 0.250569 0.257397
vt 0.071311 0.214695
vt 0.233474 0.166062
vt 0.562608 0.144686
vt 0.171573 0.462428
vt 0.174826 0.461909
vt 0.026259 0.517133
vt 0.024376 0.520210
vt 0.058265 0.507957
vt 0.174401 0.431494
vt 0.222473 0.076236
vt 0.121651 0.123129
vt 0.599652 0.018766
vt 0.602223 0.026992
vt 0.175225 0.164028
vt 0.136895 0.147910
vt 0.050319 0.527729
vt 0.052028 0.519958
vt 0.131140 0.043498
vt 0.224520 0.729074
vt 0.226521 0.719512
vt 0.171920 0.260552
vt 0.037188 0.201590
vt 0.128556 0.236389
vt 0.084996 0.231755
vt 0.064085 0.216427
vt 0.146482 0.172096
vt 0.168010 0.476806
vt 0.170336 0.478380
vt 0.146371 0.163942
vt 0.243435 0.478981
vt 0.230903 0.151550
vt 0.250569 0.086795
vt 0.250742 0.087300
vt 0.146423 0.105949
vt 0.291801 0.507896
vt 0.285509 0.492748
vt 0.080462 0.115273
vt 0.084995 0.112438
vt 0.252270 0.064559
vt 0.049179 0.162126
vt 0.027340 0.143110
vt 0.037188 0.142604
vt 0.019382 0.477819
vt 0.024017 0.479379
vt 0.023763 0.479674
vt 0.019340 0.419741
vt 0.022830 0.411743
vt 0.022737 0.419789
vt 0.230379 0.131071
vt 0.015141 0.490874
vt 0.016964 0.496519
vt 0.013602 0.495421
vt 0.102329 0.356031
vt 0.097937 0.359567
vt 0.097500 0.356357
vt 0.210700 0.521073
vt 0.214412 0.517282
vt 0.011556 0.509005
vt 0.014707 0.504415
vt 0.014316 0.508336
vt 0.113682 0.359419
vt 0.102446 0.359307
vt 0.015682 0.500514
vt 0.012323 0.499679
vt 0.021718 0.445398
vt 0.025787 0.445474
vt 0.022187 0.446698
vt 0.086629 0.061918
vt 0.021406 0.517893
vt 0.024632 0.516261
vt 0.022842 0.519068
vt 0.025308 0.443825
vt 0.025404 0.444128
vt 0.015754 0.513404
vt 0.017744 0.511878
vt 0.016226 0.513831
vt 0.114857 0.355746
vt 0.114218 0.355610
vt 0.043888 0.064425
vt 0.026740 0.456484
vt 0.029388 0.461736
vt 0.026126 0.461156
vt 0.115329 0.359762
vt 0.113990 0.359484
vt 0.019951 0.516663
vt 0.023083 0.515367
vt 0.090521 0.357790
vt 0.083624 0.362052
vt 0.082851 0.358873
vt 0.058692 0.364611
vt 0.060967 0.367813
vt 0.059570 0.367972
vt 0.024896 0.466375
vt 0.027940 0.467283
vt 0.091068 0.360905
vt 0.139201 0.370917
vt 0.137119 0.373418
vt 0.018237 0.515273
vt 0.019694 0.513192
vt 0.034544 0.383004
vt 0.032873 0.389757
vt 0.030063 0.387140
vt 0.251976 0.052910
vt 0.246834 0.055606
vt 0.019895 0.476767
vt 0.019695 0.477129
vt 0.045363 0.376005
vt 0.037019 0.385390
vt 0.078371 0.360309
vt 0.078773 0.364090
vt 0.077685 0.360478
vt 0.036459 0.085541
vt 0.021557 0.514410
vt 0.079373 0.363936
vt 0.214386 0.086394
vt 0.019708 0.432544
vt 0.021508 0.444772
vt 0.017017 0.485290
vt 0.018546 0.492080
vt 0.055230 0.135817
vt 0.022678 0.427220
vt 0.023150 0.432091
vt 0.031869 0.390743
vt 0.028840 0.388519
vt 0.017369 0.511628
vt 0.126689 0.360222
vt 0.116207 0.356067
vt 0.155059 0.163809
vt 0.128995 0.366409
vt 0.125006 0.363090
vt 0.020447 0.406235
vt 0.019333 0.411296
vt 0.061852 0.364069
vt 0.024291 0.406685
vt 0.024130 0.407281
vt 0.132779 0.365608
vt 0.131213 0.364010
vt 0.048969 0.369287
vt 0.054462 0.369259
vt 0.130468 0.368049
vt 0.053282 0.366503
vt 0.026464 0.472306
vt 0.024084 0.478881
vt 0.055041 0.134579
vt 0.030232 0.456099
vt 0.023114 0.471051
vt 0.550534 0.113979
vt 0.590291 0.046432
vt 0.135701 0.031507
vt 0.020656 0.405467
vt 0.251163 0.042772
vt 0.119822 0.496002
vt 0.011418 0.504089
vt 0.020655 0.486661
vt 0.019186 0.427360
vt 0.201717 0.088592
vt 0.517531 0.517917
vt 0.517323 0.502474
vt 0.239806 0.361708
vt 0.251040 0.355610
vt 0.518283 0.533461
vt 0.517394 0.533530
vt 0.516593 0.532121
vt 0.518423 0.534781
vt 0.517664 0.487132
vt 0.838940 0.780841
vt 0.851606 0.790364
vt 0.862462 0.798448
vt 0.826419 0.771040
vt 0.824521 0.759211
vt 0.040241 0.522944
vt 0.151037 0.385916
vt 0.172457 0.468351
vt 0.173346 0.472836
vt 0.797248 0.436733
vt 0.802331 0.452633
vt 0.786701 0.461004
vt 0.380056 0.421186
vt 0.802395 0.444188
vt 0.771010 0.461040
vt 0.197541 0.645365
vt 0.187578 0.640701
vt 0.551291 0.780409
vt 0.552815 0.783983
vt 0.420654 0.414006
vt 0.411256 0.384411
vt 0.573891 0.657398
vt 0.577991 0.664911
vt 0.572614 0.664380
vt 0.560499 0.781061
vt 0.555383 0.790006
vt 0.599277 0.743610
vt 0.596281 0.743761
vt 0.597556 0.781280
vt 0.588116 0.791755
vt 0.585019 0.776079
vt 0.416269 0.440514
vt 0.388004 0.356773
vt 0.388288 0.362974
vt 0.396649 0.365604
vt 0.388376 0.363330
vt 0.383069 0.443403
vt 0.380054 0.450839
vt 0.388181 0.443681
vt 0.599699 0.791286
vt 0.597628 0.791189
vt 0.587160 0.673210
vt 0.581314 0.668498
vt 0.593127 0.712365
vt 0.581865 0.712608
vt 0.413738 0.389036
vt 0.401123 0.366413
vt 0.560320 0.802048
vt 0.574449 0.805863
vt 0.563280 0.809509
vt 0.400058 0.461763
vt 0.389858 0.460644
vt 0.594876 0.715679
vt 0.602594 0.727563
vt 0.415603 0.454336
vt 0.410343 0.463757
vt 0.417991 0.427291
vt 0.572408 0.797979
vt 0.561486 0.669470
vt 0.556147 0.812866
vt 0.550505 0.802592
vt 0.558215 0.803064
vt 0.383264 0.460463
vt 0.597707 0.802849
vt 0.586399 0.680922
vt 0.403279 0.366610
vt 0.407688 0.377608
vt 0.558782 0.777529
vt 0.596486 0.775434
vt 0.596303 0.759584
vt 0.565261 0.662398
vt 0.339463 0.413989
vt 0.336604 0.402816
vt 0.348877 0.384394
vt 0.220141 0.768376
vt 0.218864 0.761394
vt 0.224241 0.760863
vt 0.206749 0.644713
vt 0.201633 0.635767
vt 0.209940 0.638900
vt 0.245527 0.682164
vt 0.234366 0.634019
vt 0.243878 0.634585
vt 0.243806 0.644493
vt 0.343839 0.440502
vt 0.344501 0.454326
vt 0.363496 0.365594
vt 0.371771 0.363324
vt 0.376958 0.450992
vt 0.377040 0.443402
vt 0.371928 0.443679
vt 0.245949 0.634488
vt 0.233410 0.752564
vt 0.227564 0.757276
vt 0.228115 0.713166
vt 0.239377 0.713409
vt 0.346392 0.389018
vt 0.221416 0.745210
vt 0.359021 0.366400
vt 0.206570 0.623725
vt 0.220699 0.619911
vt 0.218658 0.627794
vt 0.360045 0.461758
vt 0.370247 0.460641
vt 0.241126 0.710095
vt 0.248844 0.698211
vt 0.344308 0.457543
vt 0.339233 0.466800
vt 0.349759 0.463750
vt 0.342122 0.427277
vt 0.231173 0.630325
vt 0.207736 0.756304
vt 0.209530 0.616265
vt 0.204464 0.622710
vt 0.376840 0.460463
vt 0.251040 0.622532
vt 0.232649 0.744852
vt 0.234385 0.729088
vt 0.235218 0.697522
vt 0.338517 0.400619
vt 0.352449 0.377592
vt 0.356865 0.366596
vt 0.199065 0.641790
vt 0.205031 0.648245
vt 0.251040 0.695867
vt 0.242736 0.650340
vt 0.211511 0.763376
vt 0.217714 0.774052
vt 0.306097 0.531334
vt 0.157361 0.391809
vt 0.220200 0.506694
vt 0.556136 0.155730
vt 0.563689 0.158019
vt 0.370896 0.454101
vt 0.368803 0.435647
vt 0.555646 0.149687
vt 0.196755 0.623181
vt 0.202675 0.625968
vt 0.163613 0.395955
vt 0.060701 0.502197
vt 0.072713 0.489715
vt 0.545587 0.127805
vt 0.549493 0.121752
vt 0.246913 0.523405
vt 0.328655 0.413431
vt 0.786717 0.866556
vt 0.132025 0.496131
vt 0.369053 0.443707
vt 0.753231 0.811392
vt 0.715662 0.885101
vt 0.726350 0.897687
vt 0.143293 0.497742
vt 0.092775 0.491110
vt 0.233063 0.681522
vt 0.573465 0.223866
vt 0.760416 0.864889
vt 0.380047 0.521488
vt 0.573465 0.248701
vt 0.220200 0.438987
vt 0.875875 0.681748
vt 0.197877 0.406818
vt 0.415520 0.528456
vt 0.563690 0.314548
vt 0.556137 0.316836
vt 0.449081 0.319775
vt 0.508993 0.473434
vt 0.549494 0.350815
vt 0.407837 0.357193
vt 0.397594 0.438991
vt 0.389210 0.454103
vt 0.556425 0.799806
vt 0.382974 0.438534
vt 0.830093 0.718556
vt 0.508355 0.526923
vt 0.350471 0.363336
vt 0.840782 0.705969
vt 0.210700 0.424609
vt 0.850928 0.691860
vt 0.851363 0.691449
vt 0.573617 0.061727
vt 0.474122 0.432839
vt 0.564950 0.267231
vt 0.453988 0.531340
vt 0.468285 0.507907
vt 0.568263 0.241296
vt 0.567549 0.185895
vt 0.560143 0.183021
vt 0.543683 0.104697
vt 0.587157 0.037789
vt 0.581464 0.410251
vt 0.573617 0.410839
vt 0.244229 0.453260
vt 0.555220 0.381629
vt 0.601136 0.443775
vt 0.583967 0.415756
vt 0.604055 0.461147
vt 0.564950 0.205335
vt 0.169329 0.406853
vt 0.601136 0.028790
vt 0.075454 0.057081
vt 0.235123 0.124852
vt 0.233697 0.172096
vt 0.172402 0.012742
vt 0.200005 0.021612
vt 0.025981 0.123836
vt 0.031186 0.097056
vt 0.229757 0.032453
vt 0.171268 0.419162
vt 0.106942 0.491789
vt 0.161026 0.485124
vt 0.169393 0.443635
vt 0.025912 0.124234
vt 0.604055 0.011418
vt 0.230214 0.032624
vt 0.035638 0.521411
vt 0.025981 0.220357
vt 0.075455 0.287112
vt 0.172403 0.331450
vt 0.200005 0.322580
vt 0.171145 0.431338
vt 0.048419 0.523725
vt 0.107313 0.049502
vt 0.060275 0.364229
vt 0.043188 0.373623
vt 0.120703 0.492431
vt 0.819549 0.765563
vt 0.802393 0.461040
vt 0.541328 0.785073
vt 0.421606 0.400639
vt 0.423518 0.402837
vt 0.563690 0.786874
vt 0.383149 0.450993
vt 0.588135 0.696686
vt 0.415795 0.457553
vt 0.604790 0.803242
vt 0.604790 0.729907
vt 0.571464 0.651722
vt 0.231269 0.649695
vt 0.202397 0.612907
vn 0.0769 0.9796 -0.1857
vn 0.0514 0.9952 -0.0835
vn 0.1117 0.9796 -0.1671
vn 0.6929 -0.5528 0.4630
vn 0.6539 -0.3805 0.6539
vn 0.5893 -0.5528 0.5893
vn 0.1385 0.7041 -0.6965
vn 0.2142 0.8286 -0.5172
vn 0.2718 0.7041 -0.6561
vn 0.3804 0.9217 0.0757
vn 0.3584 0.9217 0.1484
vn 0.4355 0.8819 0.1804
vn 0.0757 0.9217 -0.3804
vn 0.1484 0.9217 -0.3584
vn 0.0769 -0.9796 -0.1857
vn 0.0757 -0.9217 -0.3804
vn 0.1484 -0.9217 -0.3584
vn 0.8544 0.3805 0.3539
vn 0.6929 0.5528 0.4630
vn 0.7689 0.3805 0.5138
vn 0.1857 -0.9796 0.0769
vn 0.3804 -0.9217 0.0757
vn 0.3584 -0.9217 0.1484
vn 0.6561 -0.7041 -0.2718
vn 0.8173 -0.5528 -0.1626
vn 0.6965 -0.7041 -0.1385
vn -0.0000 -1.0000 0.0000
vn 0.1117 -0.9796 -0.1671
vn 0.5490 -0.8286 0.1092
vn 0.6088 -0.7715 0.1847
vn 0.5334 -0.8303 0.1618
vn 0.9152 0.3797 0.1348
vn 0.9143 0.3765 0.1495
vn 0.9043 0.3990 0.1517
vn 0.4036 -0.7715 0.4918
vn 0.3854 -0.7724 0.5048
vn 0.5021 -0.7041 0.5021
vn 0.7101 -0.7041 -0.0000
vn 0.7054 -0.7054 0.0695
vn 0.6222 -0.7730 0.1238
vn 0.2155 0.9217 -0.3225
vn 0.7699 -0.5528 0.3189
vn 0.7689 -0.3805 0.5138
vn 0.9808 0.0000 0.1951
vn 0.9063 0.1939 0.3754
vn 0.9239 -0.0000 0.3827
vn 0.3225 -0.9217 0.2155
vn 0.3920 -0.8819 0.2619
vn 0.3658 -0.8810 0.3002
vn 0.7708 -0.6326 0.0759
vn 0.7582 -0.6344 0.1508
vn 0.0816 0.5538 -0.8287
vn 0.1508 0.6344 -0.7582
vn 0.1626 0.5528 -0.8173
vn 0.2779 0.2890 -0.9161
vn 0.2684 0.3811 -0.8847
vn 0.3539 0.3805 -0.8544
vn 0.9248 -0.3805 -0.0000
vn 0.8786 -0.4696 -0.0865
vn 0.9201 -0.3811 -0.0906
vn 0.1951 -0.0000 -0.9808
vn 0.0980 0.0000 -0.9952
vn 0.1942 0.0980 -0.9761
vn 0.1857 -0.9796 -0.0769
vn 0.3804 -0.9217 -0.0757
vn 0.1971 -0.9796 -0.0392
vn 0.1942 -0.0980 -0.9761
vn 0.3827 0.0000 -0.9239
vn 0.0906 0.3811 -0.9201
vn 0.0865 0.4696 -0.8786
vn 0.8503 -0.2652 0.4545
vn 0.8137 -0.2901 0.5036
vn 0.7957 -0.2903 0.5316
vn 0.9569 0.2903 -0.0000
vn 0.9248 0.3805 -0.0000
vn 0.9201 0.3811 0.0906
vn 0.4654 -0.8286 0.3110
vn 0.3958 -0.8286 0.3958
vn 0.9622 0.1939 -0.1914
vn 0.9161 0.2890 -0.2779
vn 0.9386 0.2903 -0.1867
vn 0.3110 0.8286 0.4654
vn 0.2999 0.7715 0.5611
vn 0.3854 0.7724 0.5048
vn 0.2710 0.9569 0.1042
vn -0.4905 0.3106 0.8142
vn -0.5142 0.3546 0.7809
vn -0.4455 0.3571 0.8210
vn 0.8173 -0.5528 0.1626
vn 0.8544 -0.3805 0.3539
vn 0.5021 0.7041 0.5021
vn 0.4036 0.7715 0.4918
vn 0.8287 -0.5538 0.0816
vn 0.8333 -0.5528 -0.0000
vn 0.8819 -0.4714 -0.0000
vn 0.3225 -0.9217 -0.2155
vn 0.5172 -0.8286 -0.2142
vn 0.3584 -0.9217 -0.1484
vn 0.4654 0.8286 0.3110
vn 0.4916 0.8303 0.2628
vn 0.3920 0.8819 0.2619
vn 0.9622 0.1939 0.1914
vn -0.0000 -0.3805 -0.9248
vn 0.0000 -0.1939 -0.9810
vn 0.0962 -0.1942 -0.9762
vn 0.5490 0.8286 0.1092
vn 0.3879 0.9217 0.0000
vn 0.2010 -0.9796 -0.0000
vn -0.9670 0.2521 0.0376
vn -0.9596 0.2778 0.0447
vn -0.9547 0.2922 0.0565
vn 0.8173 0.5528 -0.1626
vn 0.6561 0.7041 -0.2718
vn 0.6965 0.7041 -0.1385
vn 0.1914 -0.1939 -0.9622
vn 0.6783 -0.7054 0.2057
vn 0.6965 -0.7041 0.1385
vn 0.3879 -0.9217 0.0000
vn 0.3110 -0.8286 -0.4654
vn 0.2628 -0.8303 -0.4916
vn 0.3525 -0.7730 -0.5275
vn 0.1671 -0.9796 -0.1117
vn 0.3333 -0.8819 0.3333
vn 0.3110 -0.8286 0.4654
vn 0.2619 -0.8819 0.3920
vn 0.1671 -0.9796 0.1117
vn 0.5893 -0.5528 -0.5893
vn 0.5865 -0.3811 -0.7147
vn 0.6539 -0.3805 -0.6539
vn 0.9070 -0.3805 -0.1804
vn 0.9386 -0.2903 -0.1867
vn 0.0000 0.0000 -1.0000
vn 0.9194 -0.0980 0.3808
vn 0.9761 -0.0980 0.1942
vn -0.9582 0.2854 -0.0182
vn -0.9577 0.2878 0.0000
vn -0.9569 0.2903 0.0000
vn 0.2438 -0.9232 0.2970
vn 0.2155 -0.9217 0.3225
vn 0.1613 -0.9569 0.2414
vn 0.4913 0.6326 -0.5987
vn 0.4295 0.6344 -0.6427
vn 0.5466 0.6344 -0.5466
vn 0.3804 0.9217 -0.0757
vn 0.2664 0.9569 -0.1155
vn 0.2854 0.9569 -0.0530
vn 0.5490 0.8286 -0.1092
vn 0.9070 0.3805 0.1804
vn 0.7699 0.5528 0.3189
vn 0.9810 -0.1939 -0.0000
vn 0.9386 -0.2903 0.1867
vn 0.9569 -0.2903 -0.0000
vn 0.9527 -0.2890 -0.0938
vn 0.9762 -0.1942 -0.0962
vn 0.3225 0.9217 -0.2155
vn 0.3584 0.9217 -0.1484
vn 0.1092 -0.8286 0.5490
vn -0.0000 -0.7730 0.6344
vn 0.0000 -0.8286 0.5598
vn -0.9287 0.1823 0.3229
vn -0.9560 0.2678 0.1199
vn -0.9487 0.2877 0.1315
vn 0.6561 0.7041 0.2718
vn 0.5905 0.7041 0.3945
vn 0.0659 0.9952 -0.0727
vn 0.1421 0.9796 -0.1421
vn 0.5861 -0.7730 0.2428
vn 0.6561 -0.7041 0.2718
vn 0.5905 -0.7041 0.3945
vn 0.2903 0.9569 0.0000
vn 0.7037 0.0980 -0.7037
vn 0.6937 0.1939 -0.6937
vn 0.8157 0.1939 -0.5450
vn 0.9952 -0.0980 -0.0000
vn 0.8315 -0.0000 -0.5556
vn 0.9063 0.1939 -0.3754
vn 0.9239 -0.0000 -0.3827
vn 0.5987 0.6326 -0.4913
vn 0.5021 0.7041 -0.5021
vn 0.5905 0.7041 -0.3945
vn 0.6073 -0.2890 0.7400
vn 0.5830 -0.3942 0.7104
vn -0.6488 -0.2280 0.7260
vn -0.6692 -0.2241 0.7085
vn -0.6496 -0.2246 0.7263
vn 0.5172 0.8286 0.2142
vn 0.5334 0.8303 0.1618
vn 0.0392 0.9796 -0.1971
vn 0.0353 0.9952 -0.0915
vn -0.0000 -0.7041 -0.7101
vn 0.1626 -0.5528 -0.8173
vn 0.1385 -0.7041 -0.6965
vn 0.4630 0.5528 -0.6929
vn 0.5138 0.3805 -0.7689
vn 0.2142 -0.8286 0.5172
vn 0.1804 -0.8819 0.4355
vn 0.2231 -0.8810 0.4173
vn 0.8819 0.0000 0.4714
vn 0.8777 -0.0975 0.4691
vn 0.5611 0.7715 0.2999
vn 0.9201 -0.3811 0.0906
vn 0.3189 0.5528 -0.7699
vn 0.6929 -0.5528 -0.4630
vn 0.7699 -0.5528 -0.3189
vn 0.3110 0.8286 -0.4654
vn 0.8333 0.5528 0.0000
vn 0.7101 0.7041 0.0000
vn 0.2743 0.9217 -0.2743
vn 0.0377 -0.9232 0.3824
vn 0.2563 0.4696 -0.8448
vn 0.3945 -0.7041 -0.5905
vn 0.3651 -0.6326 -0.6831
vn 0.4630 -0.5528 -0.6929
vn 0.3958 0.8286 0.3958
vn 0.3333 0.8819 0.3333
vn 0.9810 0.1939 -0.0000
vn 0.9527 0.2890 -0.0938
vn 0.8786 0.4696 -0.0865
vn 0.8819 0.4714 0.0000
vn 0.1111 -0.9569 0.2682
vn 0.0757 -0.9217 0.3804
vn 0.0566 -0.9569 0.2847
vn 0.7689 0.3805 -0.5138
vn 0.7699 0.5528 -0.3189
vn 0.8544 0.3805 -0.3539
vn 1.0000 -0.0000 -0.0000
vn 0.9762 0.1942 -0.0962
vn 0.1838 0.9713 -0.1508
vn 0.2312 0.9568 -0.1764
vn 0.2854 0.9569 0.0530
vn 0.0000 0.8286 -0.5598
vn 0.1092 0.8286 -0.5490
vn 0.0000 -0.5528 -0.8333
vn 0.1804 -0.3805 -0.9070
vn 0.5490 -0.8286 -0.1092
vn 0.6539 0.3805 0.6539
vn 0.5893 0.5528 0.5893
vn 0.5601 0.4696 0.6825
vn 0.7036 0.2901 0.6487
vn 0.8137 0.2901 0.5036
vn 0.8841 -0.2903 0.3662
vn 0.5601 -0.4696 0.6825
vn 0.3539 -0.3805 -0.8544
vn 0.3189 -0.5528 -0.7699
vn 0.1914 0.1939 -0.9622
vn 0.3754 0.1939 -0.9063
vn -0.7045 -0.2031 0.6800
vn -0.5146 -0.5280 0.6755
vn -0.7034 -0.1977 0.6827
vn 0.8157 -0.1939 -0.5450
vn 0.7693 -0.0975 -0.6314
vn 0.4654 -0.8286 -0.3110
vn -0.5142 -0.3546 0.7809
vn -0.4905 -0.3106 0.8142
vn -0.4455 -0.3571 0.8210
vn 0.2743 -0.9217 -0.2743
vn 0.9161 -0.2890 -0.2779
vn 0.8544 -0.3805 -0.3539
vn 0.3658 0.8810 0.3002
vn 0.6223 0.1942 -0.7583
vn 0.2958 0.6344 -0.7142
vn -0.0000 -0.9217 0.3879
vn 0.0000 -0.9569 0.2903
vn 0.0000 -0.9796 -0.2010
vn 0.0392 -0.9796 -0.1971
vn 0.4394 0.7214 0.5354
vn 0.4913 0.6326 0.5987
vn 0.1484 -0.9217 0.3584
vn 0.5172 0.8286 -0.2142
vn 0.1421 -0.9796 -0.1421
vn 0.6539 0.3805 -0.6539
vn 0.5450 0.1939 -0.8157
vn 0.5556 -0.0000 -0.8315
vn 0.7400 -0.2890 0.6073
vn 0.7036 -0.2901 0.6487
vn 0.0392 -0.9796 0.1971
vn 0.0000 -0.9796 0.2010
vn -0.0000 -0.8286 -0.5598
vn 0.1092 -0.8286 -0.5490
vn -0.6539 0.3804 -0.6540
vn -0.6929 0.5527 -0.4630
vn -0.5893 0.5527 -0.5893
vn 0.5450 -0.1939 -0.8157
vn 0.2155 -0.9217 -0.3225
vn 0.3958 -0.8286 -0.3958
vn 0.2097 -0.7725 0.5994
vn 0.1847 -0.7715 0.6088
vn 0.1282 -0.7730 0.6213
vn 0.6937 -0.1939 -0.6937
vn 0.6314 -0.0975 -0.7693
vn 0.7071 -0.0000 -0.7071
vn 0.1117 -0.9796 0.1671
vn 0.0769 -0.9796 0.1857
vn -0.9952 -0.0000 0.0980
vn -0.9622 -0.1938 0.1914
vn -0.9808 -0.0000 0.1951
vn 0.0920 -0.8819 0.4623
vn 0.3754 -0.1939 -0.9063
vn 0.2743 -0.9217 0.2743
vn 0.5598 -0.8286 -0.0000
vn 0.9569 -0.0000 -0.2903
vn 0.9387 0.1942 -0.2848
vn 0.2999 -0.7715 0.5611
vn 0.8173 0.5528 0.1626
vn 0.7708 0.6326 0.0759
vn 0.7582 0.6344 0.1508
vn 0.1421 -0.9796 0.1421
vn 0.0000 0.9796 -0.2010
vn 0.6965 0.7041 0.1385
vn 0.7054 0.7054 0.0695
vn 0.6222 0.7730 0.1238
vn 0.9063 -0.1939 -0.3754
vn -0.3902 0.6706 0.6309
vn -0.2452 0.7777 0.5788
vn -0.1380 0.7803 0.6100
vn 0.7583 -0.1942 -0.6223
vn 0.7689 -0.3805 -0.5138
vn 0.6767 -0.2903 -0.6767
vn 0.0179 0.9952 -0.0964
vn 0.6783 0.7054 0.2057
vn 0.3945 0.7041 -0.5905
vn 0.3958 0.8286 -0.3958
vn 0.5598 0.8286 -0.0000
vn 0.5172 -0.8286 0.2142
vn 0.4355 -0.8819 0.1804
vn 0.8503 0.2652 0.4545
vn 0.5905 -0.7041 -0.3945
vn 0.8287 0.5538 0.0816
vn 0.3002 0.8810 0.3658
vn 0.2874 0.8815 0.3747
vn 0.8786 0.4696 0.0865
vn 0.9622 -0.1939 0.1914
vn 0.2730 0.8152 0.5108
vn 0.3348 0.9013 0.2748
vn 0.6073 0.2890 0.7400
vn -0.0392 -0.9796 0.1971
vn -0.1092 -0.8286 0.5490
vn -0.0920 -0.8819 0.4623
vn -0.0377 -0.9232 0.3824
vn -0.1282 -0.7730 0.6213
vn -0.1847 -0.7715 0.6088
vn -0.2097 -0.7725 0.5994
vn -0.1484 -0.9217 0.3584
vn -0.0757 -0.9217 0.3804
vn -0.0566 -0.9569 0.2847
vn -0.0769 -0.9796 0.1857
vn -0.1117 -0.9796 0.1671
vn -0.2142 -0.8286 0.5172
vn -0.2999 -0.7715 0.5611
vn -0.3110 -0.8286 0.4654
vn -0.2231 -0.8810 0.4173
vn -0.2619 -0.8819 0.3920
vn -0.2155 -0.9217 0.3225
vn -0.1111 -0.9569 0.2682
vn -0.3854 -0.7724 0.5048
vn -0.4036 -0.7715 0.4918
vn -0.5021 -0.7041 0.5021
vn -0.3333 -0.8819 0.3333
vn -0.2438 -0.9232 0.2970
vn -0.1613 -0.9569 0.2414
vn -0.2743 -0.9217 0.2743
vn -0.1421 -0.9796 0.1421
vn -0.2874 0.8815 0.3747
vn -0.3333 0.8819 0.3333
vn -0.3958 0.8286 0.3958
vn -0.7400 -0.2890 0.6073
vn -0.7957 -0.2903 0.5316
vn -0.7689 -0.3805 0.5138
vn -0.3920 0.8819 0.2619
vn -0.4654 0.8286 0.3110
vn -0.6539 -0.3805 0.6539
vn -0.6929 -0.5528 0.4630
vn -0.5893 -0.5528 0.5893
vn -0.5905 0.7041 0.3945
vn -0.5021 0.7041 0.5021
vn -0.5905 -0.7041 0.3945
vn -0.5893 0.5528 0.5893
vn -0.6929 0.5528 0.4630
vn -0.4654 -0.8286 0.3110
vn -0.3958 -0.8286 0.3958
vn -0.7689 0.3805 0.5138
vn -0.6539 0.3805 0.6539
vn -0.3658 -0.8810 0.3002
vn -0.3920 -0.8819 0.2619
vn -0.3225 -0.9217 0.2155
vn -0.1671 -0.9796 0.1117
vn -0.5611 -0.7715 0.2999
vn -0.4916 -0.8303 0.2628
vn -0.8544 0.3805 0.3539
vn -0.3584 -0.9217 0.1484
vn -0.1857 -0.9796 0.0769
vn -0.2475 0.9569 0.1520
vn -0.3584 0.9217 0.1484
vn -0.3225 0.9217 0.2155
vn -0.8841 -0.2903 0.3662
vn -0.8544 -0.3805 0.3539
vn -0.4916 0.8303 0.2628
vn -0.7699 -0.5528 0.3189
vn -0.5611 0.7715 0.2999
vn -0.5861 0.7730 0.2428
vn -0.6561 -0.7041 0.2718
vn -0.6561 0.7041 0.2718
vn -0.7699 0.5528 0.3189
vn -0.9386 -0.2903 0.1867
vn -0.9070 -0.3805 0.1804
vn -0.5172 0.8286 0.2142
vn -0.4355 0.8819 0.1804
vn -0.5334 0.8303 0.1618
vn -0.8173 -0.5528 0.1626
vn -0.6783 0.7054 0.2057
vn -0.7582 -0.6344 0.1508
vn -0.6783 -0.7054 0.2057
vn -0.7582 0.6344 0.1508
vn -0.6088 -0.7715 0.1847
vn -0.5334 -0.8303 0.1618
vn -0.5861 -0.7730 0.2428
vn -0.9070 0.3805 0.1804
vn -0.4355 -0.8819 0.1804
vn -0.5490 -0.8286 0.1092
vn -0.3804 -0.9217 0.0757
vn -0.9622 0.1939 0.1914
vn -0.9063 0.1939 0.3754
vn -0.1971 -0.9796 0.0392
vn -0.9239 -0.0000 0.3827
vn -0.9063 -0.1939 0.3754
vn -0.9761 -0.0980 0.1942
vn -0.9622 -0.1939 0.1914
vn -0.2710 0.9569 0.1042
vn -0.3804 0.9217 0.0757
vn -0.3879 -0.9217 0.0000
vn -0.9201 0.3811 0.0906
vn -0.2010 -0.9796 -0.0000
vn -1.0000 -0.0000 -0.0000
vn -0.9952 -0.0980 -0.0000
vn -0.9810 -0.1939 -0.0000
vn -0.2854 0.9569 0.0530
vn -0.3879 0.9217 -0.0000
vn -0.9569 -0.2903 -0.0000
vn -0.9201 -0.3811 0.0906
vn -0.5490 0.8286 0.1092
vn -0.5598 0.8286 -0.0000
vn -0.8786 -0.4696 0.0865
vn -0.6965 0.7041 0.1385
vn -0.6222 0.7730 0.1238
vn -0.7054 0.7054 0.0695
vn -0.7708 -0.6326 0.0759
vn -0.8173 0.5528 0.1626
vn -0.7708 0.6326 0.0759
vn -0.8287 0.5538 0.0816
vn -0.6222 -0.7730 0.1238
vn -0.7101 -0.7041 -0.0000
vn -0.5598 -0.8286 -0.0000
vn -0.8786 0.4696 0.0865
vn -0.3804 0.9217 -0.0757
vn -0.5490 0.8286 -0.1092
vn -0.8173 -0.5528 -0.1626
vn -0.8786 -0.4696 -0.0865
vn -0.9070 -0.3805 -0.1804
vn -0.6965 0.7041 -0.1385
vn -0.7101 0.7041 0.0000
vn -0.6965 -0.7041 -0.1385
vn -0.8333 0.5528 0.0000
vn -0.8173 0.5528 -0.1626
vn -0.5490 -0.8286 -0.1092
vn -0.9248 0.3805 -0.0000
vn -0.8786 0.4696 -0.0865
vn -0.9201 0.3811 -0.0906
vn -0.3804 -0.9217 -0.0757
vn -0.9810 0.1939 -0.0000
vn -0.9527 0.2890 -0.0938
vn -0.9762 0.1942 -0.0962
vn -0.1971 -0.9796 -0.0392
vn -0.9952 -0.0000 -0.0980
vn -0.9762 -0.1942 -0.0962
vn -0.2854 0.9569 -0.0530
vn -0.9386 -0.2903 -0.1867
vn -0.9201 -0.3811 -0.0906
vn -0.9527 -0.2890 -0.0938
vn -0.9622 0.1939 -0.1914
vn -0.9161 0.2890 -0.2779
vn -0.9387 0.1942 -0.2848
vn -0.3584 -0.9217 -0.1484
vn -0.1857 -0.9796 -0.0769
vn -0.9808 0.0000 -0.1951
vn -0.9569 -0.0000 -0.2903
vn -0.9387 -0.1942 -0.2848
vn -0.9622 -0.1939 -0.1914
vn -0.2664 0.9569 -0.1155
vn -0.3584 0.9217 -0.1484
vn -0.9161 -0.2890 -0.2779
vn -0.9063 -0.1939 -0.3754
vn -0.8544 -0.3805 -0.3539
vn -0.5172 0.8286 -0.2142
vn -0.7699 -0.5528 -0.3189
vn -0.6561 0.7041 -0.2718
vn -0.6561 -0.7041 -0.2718
vn -0.7699 0.5528 -0.3189
vn -0.5172 -0.8286 -0.2142
vn -0.8544 0.3805 -0.3539
vn -0.9070 0.3805 -0.1804
vn -0.6929 -0.5528 -0.4630
vn -0.5905 0.7041 -0.3945
vn -0.5905 -0.7041 -0.3945
vn -0.6929 0.5528 -0.4630
vn -0.4654 -0.8286 -0.3110
vn -0.7689 0.3805 -0.5138
vn -0.3225 -0.9217 -0.2155
vn -0.8157 0.1939 -0.5450
vn -0.9063 0.1939 -0.3754
vn -0.1671 -0.9796 -0.1117
vn -0.8315 -0.0000 -0.5556
vn -0.9239 -0.0000 -0.3827
vn -0.8157 -0.1939 -0.5450
vn -0.3225 0.9217 -0.2155
vn -0.7689 -0.3805 -0.5138
vn -0.4654 0.8286 -0.3110
vn -0.2743 -0.9217 -0.2743
vn -0.1421 -0.9796 -0.1421
vn -0.7037 0.0980 -0.7037
vn -0.7730 -0.0000 -0.6344
vn -0.7693 -0.0975 -0.6314
vn -0.7583 -0.1942 -0.6223
vn -0.2312 0.9568 -0.1764
vn -0.1421 0.9796 -0.1421
vn -0.2743 0.9217 -0.2743
vn -0.6767 -0.2903 -0.6767
vn -0.3958 0.8286 -0.3958
vn -0.5893 -0.5528 -0.5893
vn -0.5021 0.7041 -0.5021
vn -0.5021 -0.7041 -0.5021
vn -0.5466 0.6344 -0.5466
vn -0.5987 0.6326 -0.4913
vn -0.3958 -0.8286 -0.3958
vn -0.6437 0.5538 -0.5282
vn -0.6236 0.4714 -0.6236
vn -0.6937 0.1939 -0.6937
vn -0.3945 0.7041 -0.5905
vn -0.5282 -0.5538 -0.6437
vn -0.4496 -0.7054 -0.5479
vn -0.4295 0.6344 -0.6427
vn -0.4913 0.6326 -0.5987
vn -0.3525 -0.7730 -0.5275
vn -0.3110 -0.8286 -0.4654
vn -0.6539 0.3805 -0.6539
vn -0.5865 0.3811 -0.7147
vn -0.2155 -0.9217 -0.3225
vn -0.6223 0.1942 -0.7583
vn -0.1117 -0.9796 -0.1671
vn -0.6344 -0.0000 -0.7730
vn -0.0659 0.9952 -0.0727
vn -0.1117 0.9796 -0.1671
vn -0.6314 -0.0975 -0.7693
vn -0.6223 -0.1942 -0.7583
vn -0.6937 -0.1939 -0.6937
vn -0.2155 0.9217 -0.3225
vn -0.6539 -0.3805 -0.6539
vn -0.5865 -0.3811 -0.7147
vn -0.3110 0.8286 -0.4654
vn -0.5450 0.1939 -0.8157
vn -0.3827 0.0000 -0.9239
vn -0.5556 -0.0000 -0.8315
vn -0.0514 0.9952 -0.0835
vn -0.0769 0.9796 -0.1857
vn -0.0769 -0.9796 -0.1857
vn -0.5450 -0.1939 -0.8157
vn -0.3754 -0.1939 -0.9063
vn -0.1484 0.9217 -0.3584
vn -0.5138 -0.3805 -0.7689
vn -0.3539 -0.3805 -0.8544
vn -0.2142 0.8286 -0.5172
vn -0.4630 -0.5528 -0.6929
vn -0.4900 -0.4714 -0.7333
vn -0.3925 -0.5538 -0.7344
vn -0.2718 0.7041 -0.6561
vn -0.3651 -0.6326 -0.6831
vn -0.3341 -0.7054 -0.6251
vn -0.3945 -0.7041 -0.5905
vn -0.3189 0.5528 -0.7699
vn -0.4630 0.5528 -0.6929
vn -0.2628 -0.8303 -0.4916
vn -0.3539 0.3805 -0.8544
vn -0.5138 0.3805 -0.7689
vn -0.1804 -0.8819 -0.4355
vn -0.3754 0.1939 -0.9063
vn -0.1484 -0.9217 -0.3584
vn -0.3189 -0.5528 -0.7699
vn -0.1385 -0.7041 -0.6965
vn -0.2718 -0.7041 -0.6561
vn -0.2958 0.6344 -0.7142
vn -0.1626 0.5528 -0.8173
vn -0.2428 -0.7730 -0.5861
vn -0.1239 -0.7730 -0.6222
vn -0.1238 -0.7730 -0.6222
vn -0.1721 0.4714 -0.8650
vn -0.2563 0.4696 -0.8448
vn -0.1374 -0.8810 -0.4528
vn -0.1092 -0.8286 -0.5490
vn -0.0757 -0.9217 -0.3804
vn -0.2779 0.2890 -0.9161
vn -0.1867 0.2903 -0.9386
vn -0.1914 0.1939 -0.9622
vn -0.0392 -0.9796 -0.1971
vn -0.1942 0.0980 -0.9761
vn -0.0353 0.9952 -0.0915
vn -0.0392 0.9796 -0.1971
vn -0.1951 -0.0000 -0.9808
vn -0.1942 -0.0980 -0.9761
vn -0.0757 0.9217 -0.3804
vn -0.1914 -0.1939 -0.9622
vn -0.1804 -0.3805 -0.9070
vn -0.1092 0.8286 -0.5490
vn -0.1626 -0.5528 -0.8173
vn -0.1385 0.7041 -0.6965
vn -0.0962 -0.1942 -0.9762
vn 0.0000 0.9217 -0.3879
vn -0.0000 0.7041 -0.7101
vn -0.1508 0.6344 -0.7582
vn -0.0816 0.5538 -0.8287
vn -0.0624 -0.7715 -0.6331
vn -0.0865 0.4696 -0.8786
vn -0.0906 0.3811 -0.9201
vn 0.0000 -0.9217 -0.3879
vn -0.0938 0.2890 -0.9527
vn 0.0000 0.3805 -0.9248
vn -0.0000 0.1939 -0.9810
vn -0.0980 0.0000 -0.9952
vn -0.0179 0.9952 -0.0964
vn -0.6073 -0.2890 0.7400
vn -0.5830 -0.3942 0.7104
vn 0.5138 -0.3805 -0.7689
vn -0.8503 0.2652 0.4545
vn -0.6073 0.2890 0.7400
vn -0.7036 0.2901 0.6487
vn -0.8777 -0.0975 0.4691
vn -0.9194 -0.0980 0.3808
vn -0.2999 0.7715 0.5611
vn -0.3110 0.8286 0.4654
vn -0.3854 0.7724 0.5048
vn 0.0624 -0.7715 -0.6331
vn 0.1238 -0.7730 -0.6222
vn -0.8137 0.2901 0.5036
vn 0.6088 0.7715 0.1847
vn 0.5021 -0.7041 -0.5021
vn 0.5282 -0.5538 -0.6437
vn -0.5601 0.4696 0.6825
vn -0.4913 -0.6326 0.5987
vn -0.5601 -0.4696 0.6825
vn -0.8777 0.0975 0.4691
vn -0.4913 0.6326 0.5987
vn -0.3348 0.9013 0.2748
vn -0.2730 0.8152 0.5108
vn -0.1838 0.9713 -0.1508
vn 0.9952 -0.0000 -0.0980
vn -0.0560 0.9299 0.3636
vn -0.0136 0.9246 0.3807
vn -0.0165 0.8945 0.4468
vn 0.3225 0.9217 0.2155
vn 0.2475 0.9569 0.1520
vn 0.2718 -0.7041 -0.6561
vn -0.8819 0.4714 0.0000
vn -0.7054 -0.7054 0.0695
vn -0.6965 -0.7041 0.1385
vn -0.6088 0.7715 0.1847
vn -0.3658 0.8810 0.3002
vn -0.5172 -0.8286 0.2142
vn -0.8333 -0.5528 -0.0000
vn -0.9386 0.2903 -0.1867
vn -0.9248 -0.3805 -0.0000
vn -0.3002 0.8810 0.3658
vn -0.3510 0.8816 0.3154
vn -0.8287 -0.5538 0.0816
vn -0.8819 -0.4714 -0.0000
vn 0.0938 0.2890 -0.9527
vn 0.9070 0.3805 -0.1804
vn 0.8777 0.0975 0.4691
vn 0.8786 -0.4696 0.0865
vn 0.9070 -0.3805 0.1804
vn 0.1971 -0.9796 0.0392
vn 0.9387 -0.1942 -0.2848
vn 0.9808 -0.0000 -0.1951
vn 0.9622 -0.1939 -0.1914
vn 0.3510 0.8816 0.3154
vn 0.5861 0.7730 0.2428
vn 0.9063 -0.1939 0.3754
vn 0.4654 0.8286 -0.3110
vn -0.1804 -0.8819 0.4355
vn -0.9904 -0.0975 -0.0976
vn 0.4916 -0.8303 0.2628
vn 0.5865 0.3811 -0.7147
vn 0.6236 0.4714 -0.6236
vn 0.1618 -0.8303 -0.5334
vn 0.1374 -0.8810 -0.4528
vn 0.9201 0.3811 -0.0906
vn 0.1804 -0.8819 -0.4355
vn 0.2428 -0.7730 -0.5861
vn -0.4934 0.2978 0.8172
vn -0.5479 0.2590 0.7954
vn -0.5835 0.2324 0.7781
vn 0.6437 0.5538 -0.5282
vn 0.6929 0.5528 -0.4630
vn 0.4036 -0.7715 -0.4918
vn 0.9904 -0.0975 -0.0976
vn -0.0612 0.9536 -0.2947
vn -0.1802 0.8821 -0.4352
vn -0.1483 0.9219 -0.3579
vn -0.3958 -0.8287 -0.3958
vn -0.5905 -0.7040 -0.3945
vn -0.5022 -0.7040 -0.5022
vn -0.5022 0.7040 -0.5022
vn -0.5905 0.7040 -0.3946
vn -0.1420 0.9796 -0.1420
vn -0.3224 0.9218 -0.2154
vn -0.1670 0.9796 -0.1116
vn -0.0000 1.0000 0.0000
vn -0.6929 -0.5527 -0.4630
vn -0.3919 0.8820 -0.2618
vn -0.3582 0.9218 -0.1484
vn -0.2471 -0.9569 -0.1522
vn -0.3582 -0.9218 -0.1484
vn -0.3223 -0.9218 -0.2154
vn -0.8494 0.2690 -0.4540
vn -0.6561 -0.7040 -0.2718
vn -0.7699 -0.5527 -0.3189
vn -0.8174 0.5527 -0.1626
vn -0.7699 0.5527 -0.3189
vn -0.1855 0.9796 -0.0768
vn -0.1969 0.9796 -0.0392
vn -0.9570 -0.2902 -0.0000
vn -0.9200 -0.3813 -0.0905
vn -0.2008 0.9796 -0.0000
vn -0.2853 -0.9570 -0.0528
vn -0.3878 -0.9217 0.0000
vn -0.3803 -0.9217 -0.0757
vn -0.5597 -0.8287 0.0000
vn -0.6965 -0.7040 0.1385
vn -0.7102 -0.7040 0.0000
vn -0.3878 0.9218 0.0000
vn -0.5490 0.8287 0.1092
vn -0.3803 0.9218 0.0756
vn -0.9527 -0.2890 0.0939
vn -0.9762 -0.1942 0.0962
vn -0.9762 0.1942 0.0962
vn -0.9387 -0.1942 0.2848
vn -0.9569 0.0000 0.2903
vn -0.3803 -0.9217 0.0757
vn -0.2663 -0.9570 0.1154
vn -0.3583 -0.9218 0.1484
vn -0.5490 -0.8287 0.1092
vn -0.6561 -0.7040 0.2718
vn -0.6965 0.7040 0.1385
vn -0.7699 0.5527 0.3189
vn -0.6561 0.7040 0.2718
vn -0.9386 0.2903 0.1867
vn -0.9527 0.2890 0.0939
vn -0.8174 -0.5527 0.1626
vn -0.7699 -0.5527 0.3189
vn -0.5171 -0.8287 0.2142
vn -0.3225 -0.9217 0.2154
vn -0.4654 -0.8287 0.3110
vn -0.2742 -0.9217 0.2742
vn -0.3958 -0.8287 0.3958
vn -0.4654 0.8287 0.3110
vn -0.2742 0.9218 0.2742
vn -0.3224 0.9218 0.2154
vn -0.5450 -0.1939 0.8157
vn -0.6937 -0.1939 0.6937
vn -0.1420 0.9796 0.1420
vn -0.2154 0.9218 0.3224
vn -0.1116 0.9796 0.1670
vn -0.9570 0.2902 -0.0000
vn -0.9200 0.3813 -0.0905
vn -0.5450 0.1939 0.8157
vn -0.3827 0.0000 0.9239
vn -0.3754 0.1939 0.9063
vn -0.8174 -0.5527 -0.1626
vn -0.7708 -0.6325 -0.0760
vn -0.8286 -0.5538 -0.0816
vn -0.3110 -0.8287 0.4654
vn -0.2718 -0.7040 0.6561
vn -0.3945 -0.7040 0.5905
vn -0.8174 0.5527 0.1626
vn -0.5138 -0.3805 0.7689
vn -0.3754 -0.1939 0.9063
vn -0.5138 0.3805 0.7689
vn -0.3189 0.5527 0.7699
vn -0.4630 0.5527 0.6929
vn -0.2142 0.8287 0.5171
vn -0.0756 0.9218 0.3803
vn -0.1484 0.9218 0.3582
vn -0.7708 0.6326 -0.0759
vn -0.7053 0.7055 -0.0695
vn -0.7582 0.6344 -0.1508
vn -0.2142 -0.8287 0.5171
vn -0.0756 -0.9218 0.3803
vn -0.1092 -0.8287 0.5490
vn -0.3539 0.3805 0.8544
vn -0.1626 0.5527 0.8174
vn -0.1914 0.1939 0.9622
vn 0.0000 0.3805 0.9248
vn -0.1804 0.3805 0.9070
vn 0.0000 0.5527 0.8334
vn 0.0000 0.9796 -0.2008
vn -0.0392 0.9796 -0.1969
vn -0.1416 -0.9797 0.1416
vn -0.2154 -0.9218 0.3224
vn -0.1626 -0.5527 0.8174
vn 0.0000 -0.7040 0.7102
vn 0.0000 -0.5527 0.8334
vn -0.1385 0.7040 0.6965
vn 0.0000 0.8287 0.5597
vn -0.1092 0.8287 0.5490
vn -0.0179 -0.9952 0.0960
vn -0.0000 -0.9797 0.2007
vn -0.0392 -0.9797 0.1968
vn -0.6072 0.2889 -0.7402
vn -0.5828 0.3953 -0.7100
vn -0.6072 -0.2889 -0.7402
vn -0.6539 -0.3804 -0.6540
vn -0.7187 -0.2897 -0.6322
vn -0.8494 -0.2690 -0.4540
vn -0.5601 -0.4696 -0.6825
vn -0.5893 -0.5527 -0.5893
vn -0.4914 0.6325 -0.5987
vn -0.4914 -0.6325 -0.5987
vn -0.2440 0.9229 -0.2978
vn -0.1611 0.9570 -0.2411
vn -0.2153 0.9219 -0.3221
vn -0.3656 0.8811 -0.3000
vn -0.3330 0.8825 -0.3322
vn -0.3333 0.8819 -0.3333
vn -0.0392 0.9796 0.1969
vn 0.0000 0.9796 0.2008
vn -0.9161 0.2890 0.2779
vn -0.9622 0.1938 0.1914
vn -0.9387 0.1942 0.2848
vn 0.0000 0.7730 -0.6344
vn -0.1092 0.8287 -0.5490
vn -0.0000 0.8287 -0.5598
vn -0.4355 -0.8820 -0.1804
vn -0.5490 -0.8287 -0.1092
vn -0.0659 -0.9952 0.0718
vn -0.1115 -0.9797 0.1668
vn -0.6088 0.7715 -0.1847
vn -0.5490 0.8287 -0.1092
vn -0.5334 0.8302 -0.1618
vn 0.0296 -0.9546 0.2965
vn 0.0000 -0.9550 0.2967
vn -0.8286 0.5538 -0.0816
vn -0.8334 0.5526 -0.0000
vn -0.7708 -0.6326 -0.0759
vn -0.8334 -0.5526 -0.0000
vn -0.0000 0.9570 -0.2902
vn -0.0000 0.9569 -0.2903
vn -0.0285 0.9566 -0.2901
vn -0.3919 -0.8820 -0.2618
vn -0.4355 0.8820 -0.1804
vn -0.5170 0.8287 -0.2142
vn -0.5611 0.7715 -0.2999
vn -0.4916 0.8302 -0.2628
vn -0.3410 -0.8974 -0.2799
vn -0.3658 -0.8810 -0.3001
vn -0.9161 -0.2890 0.2779
vn -0.8786 0.4696 0.0864
vn -0.9249 0.3803 -0.0000
vn -0.6783 0.7054 -0.2058
vn -0.6966 0.7040 -0.1386
vn -0.7053 -0.7055 -0.0695
vn -0.7582 -0.6344 -0.1508
vn -0.6222 0.7730 -0.1238
vn -0.6488 0.2280 0.7260
vn -0.6050 0.2455 0.7574
vn -0.6496 0.2246 0.7263
vn -0.9631 0.2334 0.1340
vn -0.9579 0.2409 0.1560
vn -0.9649 0.2260 0.1341
vn -0.2142 0.8287 -0.5171
vn 0.0127 0.0872 0.9961
vn 0.0071 0.0841 0.9964
vn 0.0051 0.0923 0.9957
vn 0.0424 0.6317 0.7740
vn 0.0000 0.6322 0.7748
vn 0.0000 0.6344 0.7730
vn -0.5022 0.7040 0.5022
vn -0.3945 0.7040 0.5905
vn -0.2710 -0.9570 -0.1039
vn -0.9428 0.3157 0.1076
vn -0.8792 0.1131 0.4629
vn -0.9428 0.3118 0.1177
vn -0.5022 -0.7040 0.5022
vn -0.5905 -0.7040 0.3945
vn -0.9582 0.2854 0.0182
vn -0.3002 -0.8810 -0.3658
vn -0.3333 -0.8819 -0.3333
vn -0.5893 -0.5527 0.5893
vn -0.4630 -0.5527 0.6929
vn -0.3803 0.9218 -0.0757
vn -0.3582 0.9218 0.1484
vn -0.1670 0.9796 0.1116
vn -0.1855 0.9796 0.0768
vn -0.1969 0.9796 0.0392
vn -0.5479 -0.2591 0.7954
vn -0.4934 -0.2978 0.8172
vn -0.5835 -0.2324 0.7781
vn -0.5893 0.5527 0.5893
vn 0.5611 -0.7715 0.2999
vn 0.0000 -0.9218 0.3878
vn -0.0768 0.9796 0.1855
vn -0.0136 -0.9246 0.3807
vn -0.0560 -0.9299 0.3636
vn -0.0165 -0.8945 0.4468
vn -0.5146 0.5280 0.6755
vn -0.7045 0.2031 0.6800
vn -0.7034 0.1977 0.6827
vn -0.3958 0.8287 -0.3958
vn -0.3868 0.7723 -0.5038
vn -0.8315 0.0000 0.5556
vn -0.5861 0.7730 -0.2428
vn -0.6783 -0.7054 -0.2058
vn -0.6966 -0.7040 -0.1386
vn -0.5611 -0.7715 -0.2999
vn -0.5170 -0.8287 -0.2142
vn -0.5861 -0.7730 -0.2428
vn -0.1116 0.9796 -0.1670
vn -0.0662 -0.8520 0.5193
vn -0.0816 -0.8245 0.5599
vn -0.2718 0.7040 0.6561
vn -0.0768 -0.9797 0.1854
vn -0.1484 -0.9218 0.3582
vn -0.7102 0.7040 0.0000
vn -0.5905 0.7040 0.3945
vn -0.3958 0.8287 0.3958
vn -0.1283 0.7730 -0.6213
vn -0.1847 0.7715 -0.6088
vn -0.2083 0.7725 -0.5999
vn -0.9632 0.2441 0.1125
vn -0.9650 0.2398 0.1061
vn -0.4653 -0.8287 -0.3109
vn -0.3539 -0.3805 0.8544
vn -0.9249 -0.3803 -0.0000
vn 0.0071 0.0941 0.9955
vn 0.0024 0.0968 0.9953
vn -0.0513 -0.9952 0.0831
vn -0.0768 0.1457 0.9863
vn 0.0243 0.1434 0.9894
vn 0.0191 0.1229 0.9922
vn -0.8157 -0.1939 0.5450
vn -0.6929 -0.5527 0.4630
vn -0.8786 -0.4696 0.0864
vn -0.1951 -0.0000 0.9808
vn 0.0000 0.1939 0.9810
vn -0.6561 0.7040 -0.2718
vn -0.6929 0.5527 0.4630
vn -0.3110 0.8287 0.4654
vn -0.2230 0.8811 -0.4170
vn -0.2618 0.8820 -0.3919
vn -0.0566 0.9570 -0.2846
vn -0.0768 0.9796 -0.1855
vn -0.3868 -0.7723 -0.5038
vn -0.9596 0.2805 0.0215
vn -0.9624 0.2694 0.0350
vn -0.2737 0.9222 -0.2732
vn -0.6222 -0.7730 -0.1238
vn -0.5597 0.8287 0.0000
vn -0.8157 0.1939 0.5450
vn -0.7071 0.0000 0.7071
vn -0.6937 0.1939 0.6937
vn -0.3189 -0.5527 0.7699
vn 0.0150 0.0774 0.9969
vn -0.0047 0.0873 0.9962
vn 0.0392 0.9796 -0.1969
vn 0.1092 0.8287 -0.5490
vn 0.0462 0.8810 -0.4709
vn 0.2083 0.7725 -0.5999
vn 0.1847 0.7715 -0.6088
vn 0.1283 0.7730 -0.6213
vn -0.0954 -0.8776 0.4698
vn -0.1379 -0.8768 0.4607
vn -0.0904 -0.8776 0.4708
vn 0.0768 0.9796 -0.1855
vn 0.0566 0.9570 -0.2846
vn 0.1116 0.9796 -0.1670
vn 0.2999 0.7715 -0.5611
vn 0.2142 0.8287 -0.5171
vn 0.2153 0.9219 -0.3221
vn 0.2618 0.8820 -0.3919
vn 0.2230 0.8811 -0.4170
vn 0.1111 0.9570 -0.2680
vn 0.3868 0.7723 -0.5038
vn 0.5022 0.7040 -0.5022
vn 0.4036 0.7715 -0.4918
vn 0.2440 0.9229 -0.2978
vn 0.3333 0.8819 -0.3333
vn 0.2737 0.9222 -0.2732
vn 0.1611 0.9570 -0.2411
vn 0.1420 0.9796 -0.1420
vn 0.3333 -0.8819 -0.3333
vn 0.3002 -0.8810 -0.3658
vn 0.2874 -0.8815 -0.3746
vn 0.7187 0.2897 -0.6322
vn 0.6539 0.3804 -0.6540
vn 0.3958 -0.8287 -0.3958
vn 0.3919 -0.8820 -0.2618
vn 0.6929 0.5527 -0.4630
vn 0.5893 0.5527 -0.5893
vn 0.5905 -0.7040 -0.3945
vn 0.5022 -0.7040 -0.5022
vn 0.5893 -0.5527 -0.5893
vn 0.4653 0.8287 -0.3109
vn 0.3958 0.8287 -0.3958
vn 0.6539 -0.3804 -0.6540
vn 0.3224 0.9218 -0.2154
vn 0.3919 0.8820 -0.2618
vn 0.3656 0.8811 -0.3000
vn 0.1670 0.9796 -0.1116
vn 0.5861 0.7730 -0.2428
vn 0.6561 0.7040 -0.2718
vn 0.5905 0.7040 -0.3946
vn 0.6929 -0.5527 -0.4630
vn 0.3582 0.9218 -0.1484
vn 0.1855 0.9796 -0.0768
vn 0.3582 -0.9218 -0.1484
vn 0.2471 -0.9569 -0.1522
vn 0.3223 -0.9218 -0.2154
vn 0.8494 0.2690 -0.4540
vn 0.4653 -0.8287 -0.3109
vn 0.4916 -0.8302 -0.2628
vn 0.7699 0.5527 -0.3189
vn 0.5611 -0.7715 -0.2999
vn 0.6561 -0.7040 -0.2718
vn 0.5170 -0.8287 -0.2142
vn 0.5334 -0.8302 -0.1618
vn 0.4355 -0.8820 -0.1804
vn 0.8174 0.5527 -0.1626
vn 0.6783 -0.7054 -0.2058
vn 0.5861 -0.7730 -0.2428
vn 0.7582 0.6344 -0.1508
vn 0.7699 -0.5527 -0.3189
vn 0.7582 -0.6344 -0.1508
vn 0.6222 0.7730 -0.1238
vn 0.6966 0.7040 -0.1386
vn 0.6783 0.7054 -0.2058
vn 0.5490 0.8287 -0.1092
vn 0.5334 0.8302 -0.1618
vn 0.4355 0.8820 -0.1804
vn 0.1969 0.9796 -0.0392
vn 0.3803 -0.9217 -0.0757
vn 0.2710 -0.9570 -0.1039
vn 0.3878 0.9218 0.0000
vn 0.3803 0.9218 -0.0757
vn 0.9200 -0.3813 -0.0905
vn 0.9570 -0.2902 -0.0000
vn 0.2008 0.9796 -0.0000
vn 0.3878 -0.9217 0.0000
vn 0.2853 -0.9570 -0.0528
vn 0.9570 0.2902 -0.0000
vn 0.5490 -0.8287 -0.1092
vn 0.9200 0.3813 -0.0905
vn 0.6966 -0.7040 -0.1386
vn 0.7053 -0.7055 -0.0695
vn 0.6222 -0.7730 -0.1238
vn 0.7708 0.6325 -0.0760
vn 0.7708 0.6326 -0.0759
vn 0.8174 -0.5527 -0.1626
vn 0.7708 -0.6325 -0.0760
vn 0.7102 0.7040 0.0000
vn 0.7053 0.7055 -0.0695
vn 0.5597 -0.8287 0.0000
vn 0.3803 -0.9217 0.0757
vn 0.8786 0.4696 0.0864
vn 0.8174 0.5527 0.1626
vn 0.6965 -0.7040 0.1385
vn 0.7102 -0.7040 0.0000
vn 0.6965 0.7040 0.1385
vn 0.8334 0.5526 -0.0000
vn 0.8334 -0.5526 -0.0000
vn 0.5597 0.8287 0.0000
vn 0.9249 -0.3803 -0.0000
vn 0.8786 -0.4696 0.0864
vn 0.3803 0.9218 0.0756
vn 0.9527 -0.2890 0.0939
vn 0.9762 -0.1942 0.0962
vn 0.1969 0.9796 0.0392
vn 0.9762 0.1942 0.0962
vn 0.2853 -0.9570 0.0528
vn 0.2902 -0.9570 0.0000
vn 0.9527 0.2890 0.0939
vn 0.9622 -0.1938 0.1914
vn 0.9161 -0.2890 0.2779
vn 0.1855 0.9796 0.0768
vn 0.9387 -0.1942 0.2848
vn 0.9387 0.1942 0.2848
vn 0.9622 0.1938 0.1914
vn 0.2663 -0.9570 0.1154
vn 0.9161 0.2890 0.2779
vn 0.9386 0.2903 0.1867
vn 0.5490 -0.8287 0.1092
vn 0.3583 -0.9218 0.1484
vn 0.7699 0.5527 0.3189
vn 0.6561 -0.7040 0.2718
vn 0.8174 -0.5527 0.1626
vn 0.5171 0.8287 0.2142
vn 0.5490 0.8287 0.1092
vn 0.6929 0.5527 0.4630
vn 0.5905 -0.7040 0.3945
vn 0.5171 -0.8287 0.2142
vn 0.5905 0.7040 0.3945
vn 0.6561 0.7040 0.2718
vn 0.7699 -0.5527 0.3189
vn 0.3582 0.9218 0.1484
vn 0.4654 0.8287 0.3110
vn 0.8157 -0.1939 0.5450
vn 0.3224 0.9218 0.2154
vn 0.8315 0.0000 0.5556
vn 0.1670 0.9796 0.1116
vn 0.3225 -0.9217 0.2154
vn 0.8157 0.1939 0.5450
vn 0.2742 0.9218 0.2742
vn 0.7071 0.0000 0.7071
vn 0.1420 0.9796 0.1420
vn 0.1416 -0.9797 0.1416
vn 0.1888 -0.9696 0.1554
vn 0.2312 -0.9568 0.1764
vn 0.4654 -0.8287 0.3110
vn 0.2742 -0.9217 0.2742
vn 0.5893 0.5527 0.5893
vn 0.5022 -0.7040 0.5022
vn 0.6929 -0.5527 0.4630
vn 0.3958 0.8287 0.3958
vn 0.6937 -0.1939 0.6937
vn 0.3945 -0.7040 0.5905
vn 0.3958 -0.8287 0.3958
vn 0.5022 0.7040 0.5022
vn 0.4630 0.5527 0.6929
vn 0.5893 -0.5527 0.5893
vn 0.3110 0.8287 0.4654
vn 0.5138 -0.3805 0.7689
vn 0.2154 0.9218 0.3224
vn 0.5450 -0.1939 0.8157
vn 0.5556 0.0000 0.8315
vn 0.1115 -0.9797 0.1668
vn 0.0659 -0.9952 0.0718
vn 0.1116 0.9796 0.1670
vn 0.6937 0.1939 0.6937
vn 0.2154 -0.9218 0.3224
vn 0.5450 0.1939 0.8157
vn 0.3827 0.0000 0.9239
vn 0.0768 -0.9797 0.1854
vn 0.0513 -0.9952 0.0831
vn 0.0768 0.9796 0.1855
vn 0.1484 -0.9218 0.3582
vn 0.5138 0.3805 0.7689
vn 0.3754 0.1939 0.9063
vn 0.3110 -0.8287 0.4654
vn 0.3189 0.5527 0.7699
vn 0.2718 -0.7040 0.6561
vn 0.3945 0.7040 0.5905
vn 0.4630 -0.5527 0.6929
vn 0.2718 0.7040 0.6561
vn 0.3539 -0.3805 0.8544
vn 0.1484 0.9218 0.3582
vn 0.3754 -0.1939 0.9063
vn 0.1385 0.7040 0.6965
vn 0.3189 -0.5527 0.7699
vn 0.1385 -0.7040 0.6965
vn 0.2142 0.8287 0.5171
vn 0.1804 -0.3805 0.9070
vn 0.0756 0.9218 0.3803
vn 0.1914 -0.1939 0.9622
vn 0.1951 0.0000 0.9808
vn 0.0392 -0.9797 0.1968
vn 0.0352 -0.9952 0.0911
vn 0.0392 0.9796 0.1969
vn 0.0756 -0.9218 0.3803
vn 0.3539 0.3805 0.8544
vn 0.1914 0.1939 0.9622
vn 0.2142 -0.8287 0.5171
vn 0.1626 0.5527 0.8174
vn 0.1804 0.3805 0.9070
vn 0.1092 -0.8287 0.5490
vn 0.0000 -0.8287 0.5597
vn -0.0000 0.7040 0.7102
vn 0.1626 -0.5527 0.8174
vn 0.1092 0.8287 0.5490
vn -0.0000 0.9218 0.3878
vn 0.0000 -0.3805 0.9248
vn -0.0000 -0.0000 1.0000
vn 0.0179 -0.9952 0.0960
vn 0.6072 0.2889 -0.7402
vn 0.5828 0.3953 -0.7100
vn -0.3901 -0.6706 0.6309
vn -0.2452 -0.7777 0.5788
vn 0.8494 -0.2690 -0.4540
vn 0.6072 -0.2889 -0.7402
vn 0.7187 -0.2897 -0.6322
vn 0.8819 0.0000 -0.4714
vn 0.8777 0.0975 -0.4692
vn 0.3110 -0.8287 -0.4654
vn 0.2999 -0.7715 -0.5611
vn 0.3868 -0.7723 -0.5038
vn -0.5171 0.8287 0.2142
vn 0.8126 -0.2901 -0.5054
vn 0.5601 -0.4696 -0.6825
vn 0.5214 0.5697 -0.6353
vn 0.4914 0.6325 -0.5987
vn 0.5601 0.4696 -0.6825
vn 0.8777 -0.0975 -0.4692
vn 0.4362 -0.7261 -0.5315
vn 0.4914 -0.6325 -0.5987
vn 0.3410 -0.8974 -0.2799
vn 0.2733 -0.8148 -0.5113
vn -0.2312 -0.9568 0.1764
vn -0.0895 0.8819 -0.4628
vn -0.0462 0.8810 -0.4709
vn 0.8286 -0.5538 -0.0816
vn 0.9569 0.0000 0.2903
vn 0.3330 0.8825 -0.3322
vn 0.6088 -0.7715 -0.1847
vn 0.7708 -0.6326 -0.0759
vn 0.0612 0.9536 -0.2947
vn 0.3658 -0.8810 -0.3001
vn 0.4916 0.8302 -0.2628
vn 0.5170 0.8287 -0.2142
vn 0.8286 0.5538 -0.0816
vn 0.1483 0.9219 -0.3579
vn 0.9249 0.3803 -0.0000
vn 0.3578 -0.8814 -0.3085
vn 0.6088 0.7715 -0.1847
vn 0.0285 0.9566 -0.2901
vn -0.0352 -0.9952 0.0911
vn -0.0672 0.8543 0.5154
vn -0.0713 0.8267 0.5581
vn 0.0475 -0.8766 0.4788
vn 0.0904 -0.8776 0.4708
vn 0.0954 -0.8776 0.4698
vn 0.0000 0.0967 0.9953
vn 0.0000 0.0980 0.9952
vn -0.9646 0.2605 0.0397
vn -0.6692 0.2241 0.7085
vn -0.4916 -0.8302 -0.2628
vn -0.1385 -0.7040 0.6965
vn -0.5556 0.0000 0.8315
vn -0.9614 0.2732 -0.0318
vn -0.9596 0.2805 -0.0215
vn -0.8777 -0.0975 -0.4692
vn 0.3925 -0.5538 -0.7344
vn 0.4900 -0.4714 -0.7333
vn -0.0296 -0.9546 0.2965
vn -0.0475 -0.8766 0.4788
vn 0.3110 0.8287 -0.4654
vn 0.9952 -0.0000 0.0980
vn 0.1802 0.8821 -0.4352
vn 0.0895 0.8819 -0.4628
vn 0.5611 0.7715 -0.2999
vn -0.0000 -0.1939 0.9810
vn -0.4720 0.0091 0.8815
vn -0.4715 -0.0000 0.8819
vn -0.4714 0.0000 0.8819
vn -0.1914 -0.1939 0.9622
vn -0.1888 -0.9696 0.1554
vn -0.3578 -0.8814 -0.3085
vn -0.7708 0.6325 -0.0760
vn -0.2874 -0.8815 -0.3746
vn -0.1111 0.9570 -0.2680
vn -0.2999 0.7715 -0.5611
vn -0.3110 0.8287 -0.4654
vn 0.7835 0.3815 -0.4905
vn 0.6692 -0.2241 0.7085
vn 0.7045 -0.2031 0.6800
vn 0.6697 -0.2282 0.7067
vn -0.2853 -0.9570 0.0528
vn 0.9624 0.2694 0.0350
vn 0.9596 0.2805 0.0215
vn 0.9582 0.2854 0.0182
vn 0.6050 0.2455 0.7574
vn 0.6488 0.2280 0.7260
vn 0.6496 0.2246 0.7263
vn 0.5218 -0.5688 0.6358
vn 0.4913 -0.6326 0.5987
vn 0.9614 0.2732 -0.0318
vn 0.9596 0.2805 -0.0215
vn 0.9634 0.2657 -0.0366
vn 0.4934 0.2978 0.8172
vn 0.6033 0.2486 0.7578
vn 0.9577 0.2878 -0.0000
vn 0.5479 -0.2591 0.7954
vn 0.4905 -0.3106 0.8142
vn 0.4455 -0.3571 0.8210
vn -0.8777 0.0975 -0.4692
vn -0.0051 0.0923 0.9957
vn -0.0071 0.0941 0.9955
vn -0.0024 0.0968 0.9953
vn 0.4934 -0.2978 0.8172
vn 0.4897 -0.2719 0.8284
vn -0.0243 0.1434 0.9894
vn 0.0768 0.1457 0.9863
vn -0.0191 0.1229 0.9922
vn 0.5479 0.2590 0.7954
vn 0.5835 0.2324 0.7781
vn -0.7187 0.2897 -0.6322
vn 0.9579 0.2409 0.1560
vn 0.9631 0.2334 0.1340
vn 0.9649 0.2260 0.1341
vn 0.4905 0.3106 0.8142
vn 0.4897 0.2719 0.8284
vn -0.0071 0.0841 0.9964
vn -0.0127 0.0872 0.9961
vn 0.6692 0.2241 0.7085
vn 0.7045 0.2031 0.6800
vn 0.7034 0.1977 0.6827
vn 0.0165 0.8945 0.4468
vn 0.0672 0.8543 0.5154
vn 0.0136 0.9246 0.3807
vn 0.9650 0.2398 0.1061
vn 0.9632 0.2441 0.1125
vn 0.6697 0.2282 0.7067
vn -0.0424 0.6317 0.7740
vn -0.0420 0.6304 0.7752
vn 0.0047 0.0873 0.9962
vn 0.0168 0.0706 0.9974
vn 0.0560 -0.9299 0.3636
vn 0.0136 -0.9246 0.3807
vn 0.0165 -0.8945 0.4468
vn -0.2733 -0.8148 -0.5113
vn -0.3110 -0.8287 -0.4654
vn 0.9487 0.2877 0.1315
vn 0.8792 0.1131 0.4629
vn 0.9428 0.3118 0.1177
vn 0.4720 0.0091 0.8815
vn 0.4715 -0.0000 0.8819
vn 0.4722 0.0091 0.8815
vn 0.5146 0.5280 0.6755
vn 0.3902 0.6706 0.6309
vn 0.2452 0.7777 0.5788
vn -0.5601 0.4696 -0.6825
vn -0.0150 0.0774 0.9969
vn 0.6382 0.3774 0.6711
vn -0.5334 -0.8302 -0.1618
vn 0.6050 -0.2455 0.7574
vn 0.5835 -0.2324 0.7781
vn 0.9670 0.2521 0.0376
vn 0.9646 0.2605 0.0397
vn 0.6488 -0.2280 0.7260
vn 0.6033 -0.2486 0.7578
vn 0.0662 -0.8520 0.5193
vn 0.0816 -0.8245 0.5599
vn -0.0469 0.1150 0.9923
vn 0.0609 0.1745 0.9828
vn 0.5142 0.3546 0.7809
vn 0.4455 0.3571 0.8210
vn -0.1804 -0.3805 0.9070
vn -0.9051 0.4107 0.1100
vn -0.9152 0.3797 0.1348
vn -0.9033 0.4189 0.0932
vn 0.5146 -0.5280 0.6755
vn 0.7034 -0.1977 0.6827
vn 0.1380 0.7803 0.6100
vn 0.3901 -0.6706 0.6309
vn 0.6382 -0.3773 0.6711
vn -0.9143 0.3765 0.1495
vn -0.9043 0.3990 0.1517
vn 0.4718 -0.0091 0.8816
vn 0.4720 -0.0090 0.8815
vn -0.1204 0.6329 0.7648
vn -0.1203 0.6326 0.7651
vn 0.0560 0.9299 0.3636
vn 0.0745 0.9394 0.3347
vn 0.9538 0.2724 0.1267
vn 0.9287 0.1823 0.3229
vn -0.4653 0.8287 -0.3109
vn 0.5142 -0.3546 0.7809
vn 0.5200 -0.3609 0.7742
vn 0.9560 0.2678 0.1199
vn -0.8126 -0.2901 -0.5054
vn 0.2452 -0.7777 0.5788
vn -0.2999 -0.7715 -0.5611
vn -0.6050 -0.2455 0.7574
vn 0.9582 0.2854 -0.0182
vn 0.9596 0.2778 0.0447
vn 0.9704 0.2391 0.0337
vn 0.6496 -0.2246 0.7263
vn -0.6088 -0.7715 -0.1847
vn -0.8137 -0.2901 0.5036
vn -0.8503 -0.2652 0.4545
vn -0.8819 0.0000 0.4714
vn -0.0609 0.1745 0.9828
vn 0.0469 0.1150 0.9923
vn 0.9051 0.4107 0.1100
vn 0.1204 0.6329 0.7648
vn 0.0420 0.6304 0.7752
vn -0.4720 -0.0090 0.8815
vn -0.4721 -0.0089 0.8815
vn -0.4718 -0.0091 0.8816
vn -0.0000 0.0980 -0.9952
vn 0.1867 0.2903 -0.9386
vn -0.1804 0.3805 -0.9070
vn -0.2142 -0.8286 -0.5172
vn -0.2684 0.3811 -0.8847
vn -0.7071 -0.0000 -0.7071
vn -0.5282 0.5538 -0.6437
vn -0.1618 -0.8303 -0.5334
vn 0.0000 0.5528 -0.8333
vn -0.5893 0.5528 -0.5893
vn -0.4036 -0.7715 -0.4918
vn -0.0759 0.6326 -0.7708
vn 0.6344 -0.0000 -0.7730
vn 0.2142 -0.8286 -0.5172
vn 0.1721 0.4714 -0.8650
vn 0.7730 -0.0000 -0.6344
vn 0.5282 0.5538 -0.6437
vn 0.5893 0.5528 -0.5893
vn 0.3341 -0.7054 -0.6251
vn 0.0759 0.6326 -0.7708
vn 0.4496 -0.7054 -0.5479
vn 0.6223 -0.1942 -0.7583
vn 0.1804 0.3805 -0.9070
vn 0.9357 0.3275 0.1312
vn 0.4394 -0.7214 0.5354
vn -0.5200 0.3609 0.7742
vn -0.9704 0.2391 0.0337
vn -0.9538 0.2724 0.1267
vn -0.6697 -0.2282 0.7067
vn 0.5830 0.3942 0.7104
vn 0.5218 0.5688 0.6358
vn -0.6382 -0.3773 0.6711
vn -0.5200 -0.3609 0.7742
vn 0.0000 0.9952 -0.0980
vn -0.4394 -0.7214 0.5354
vn -0.7036 -0.2901 0.6487
vn -0.2903 0.9569 -0.0000
vn -0.5830 0.3942 0.7104
vn -0.5218 0.5688 0.6358
vn -0.5218 -0.5688 0.6358
vn -0.4394 0.7214 0.5354
vn -0.4036 0.7715 0.4918
vn -0.0745 0.9394 0.3347
vn -0.4897 0.2719 0.8284
vn 0.1379 -0.8768 0.4607
vn -0.8126 0.2901 -0.5054
vn -0.2902 -0.9570 0.0000
vn -0.0000 -0.9952 0.0977
vn -0.5828 -0.3953 -0.7100
vn -0.5214 -0.5697 -0.6353
vn -0.4362 0.7261 -0.5315
vn -0.5214 0.5697 -0.6353
vn -0.4362 -0.7261 -0.5315
vn -0.6033 0.2486 0.7578
vn -0.9537 0.2570 0.1564
vn -0.7835 0.3815 -0.4905
vn -0.4897 -0.2719 0.8284
vn -0.0745 -0.9394 0.3347
vn -0.6382 0.3774 0.6711
vn -0.4036 0.7715 -0.4918
vn -0.0168 0.0706 0.9974
vn -0.0000 0.8820 -0.4713
vn 0.4362 0.7261 -0.5315
vn 0.8126 0.2901 -0.5054
vn 0.5828 -0.3954 -0.7100
vn 0.5214 -0.5697 -0.6353
vn -0.6697 0.2282 0.7067
vn -0.9634 0.2657 -0.0366
vn -0.8819 0.0000 -0.4714
vn -0.4722 0.0091 0.8815
vn 0.9428 0.3157 0.1076
vn 0.9537 0.2570 0.1564
vn 0.0713 0.8267 0.5581
vn 0.0745 -0.9394 0.3347
vn 0.4714 0.0000 0.8819
vn -0.0485 0.1018 0.9936
vn 0.5200 0.3609 0.7742
vn -0.9357 0.3275 0.1312
vn 0.4721 -0.0089 0.8815
vn -0.6033 -0.2486 0.7578
vn 0.9547 0.2922 0.0565
vn 0.0485 0.1018 0.9936
vn 0.9033 0.4189 0.0932
vn 0.1203 0.6326 0.7651
usemtl Material
s 1
f 457/1/1 580/2/2 403/3/3
f 65/4/4 52/5/5 53/6/6
f 483/7/7 466/8/8 467/9/9
f 84/10/10 70/11/11 595/12/12
f 480/13/13 457/1/1 458/14/14
f 478/15/15 494/16/16 477/17/17
f 74/18/18 62/19/19 63/20/20
f 83/21/21 96/22/22 82/23/23
f 330/24/24 121/25/25 122/26/26
f 175/27/27 478/15/15 456/28/28
f 95/29/29 641/30/30 601/31/31
f 720/32/32 563/33/33 536/34/34
f 558/35/35 543/36/36 54/37/37
f 108/38/38 608/39/39 598/40/40
f 458/14/14 403/3/3 404/41/41
f 79/42/42 64/43/43 65/4/4
f 90/44/44 75/45/45 76/46/46
f 68/47/47 612/48/48 615/49/49
f 683/50/50 661/51/51 621/52/50
f 706/53/52 708/54/53 484/55/54
f 1359/56/55 700/57/56 469/58/57
f 106/59/58 640/60/59 596/61/60
f 487/62/61 1350/63/62 1348/64/63
f 338/65/64 124/66/65 125/67/66
f 1347/68/67 487/62/61 471/69/68
f 695/70/69 27/71/70 26/72/70
f 540/73/71 544/74/72 1339/75/73
f 670/76/74 102/77/75 654/78/76
f 67/79/77 54/37/37 55/80/78
f 117/81/79 620/82/80 584/83/81
f 44/84/82 554/85/83 535/86/84
f 84/10/10 576/87/85 70/11/11
f 733/88/86 562/89/87 543/90/88
f 93/91/89 78/92/90 79/42/42
f 49/93/91 535/86/84 557/94/92
f 590/95/93 107/96/94 600/97/95
f 360/98/96 331/99/97 332/100/98
f 60/101/99 671/102/100 664/103/101
f 89/104/102 74/18/18 75/45/45
f 309/105/103 6/106/104 1349/107/105
f 338/65/64 360/98/96 332/100/98
f 85/108/106 98/109/107 84/10/10
f 175/27/27 125/67/66 111/110/108
f 568/111/109 1327/112/110 564/113/111
f 115/114/112 317/115/113 114/116/114
f 488/117/115 1349/118/105 1347/68/67
f 658/119/116 94/120/117 661/51/51
f 110/121/118 95/29/29 96/22/22
f 454/122/119 31/123/120 692/124/121
f 82/23/23 612/48/48 68/47/47
f 175/27/27 361/125/122 338/65/64
f 675/126/123 45/127/124 656/128/125
f 175/27/27 83/21/21 69/129/126
f 398/130/127 36/131/128 397/132/129
f 596/133/60 120/134/130 607/135/131
f 5/136/132 1350/137/62 1347/138/67
f 90/44/44 1345/139/133 1343/140/134
f 578/141/135 1129/142/136 566/143/137
f 654/144/76 89/104/102 670/145/74
f 603/146/138 46/147/139 586/148/140
f 24/149/141 34/150/142 691/151/143
f 112/152/144 573/153/145 578/154/146
f 317/115/113 113/155/147 114/116/114
f 88/156/148 73/157/149 74/18/18
f 105/158/150 1341/159/151 1340/160/152
f 105/158/150 685/161/153 666/162/154
f 340/163/155 573/153/145 126/164/156
f 38/165/157 347/166/158 127/167/159
f 1336/168/160 659/169/161 588/170/162
f 62/19/19 72/171/163 61/172/164
f 685/173/153 662/174/152 596/61/60
f 403/3/3 577/175/165 362/176/166
f 667/177/167 80/178/168 66/179/169
f 98/109/107 578/154/146 566/180/170
f 1352/181/171 394/182/172 349/183/173
f 666/162/154 1346/184/174 105/158/150
f 350/185/175 321/186/176 323/187/177
f 1357/188/178 391/189/179 343/190/180
f 52/5/5 551/191/181 538/192/182
f 662/193/152 1340/194/152 1341/195/151
f 1318/196/183 555/197/184 533/198/185
f 71/199/186 591/200/187 595/201/12
f 479/202/188 569/203/189 457/1/1
f 7/204/190 491/205/191 492/206/192
f 469/58/57 407/207/193 408/208/194
f 41/209/195 672/210/196 686/211/197
f 1345/139/133 550/212/198 1342/213/199
f 681/214/200 671/102/100 61/172/164
f 679/215/201 106/59/58 662/174/152
f 468/216/202 33/217/142 407/207/193
f 330/24/24 354/218/203 329/219/204
f 405/220/205 458/14/14 404/41/41
f 101/221/206 114/116/114 100/222/207
f 404/41/41 362/176/166 366/223/208
f 663/224/209 38/165/157 127/167/159
f 28/225/210 484/55/54 468/216/202
f 453/226/211 1358/227/212 452/228/213
f 113/155/147 126/164/156 112/152/144
f 80/178/168 65/4/4 66/179/169
f 48/229/214 664/103/101 655/230/215
f 103/231/216 684/232/217 670/145/74
f 642/233/218 115/114/112 599/234/219
f 613/235/220 39/236/221 609/237/222
f 69/129/126 82/23/23 68/47/47
f 346/238/223 318/239/224 319/240/225
f 104/241/226 673/242/227 103/231/216
f 362/176/166 579/243/228 572/244/229
f 98/109/107 570/245/230 84/10/10
f 620/246/80 319/240/225 584/247/81
f 483/7/7 2/248/231 481/249/232
f 310/250/233 489/251/234 491/205/191
f 332/100/98 123/252/235 124/66/65
f 51/253/236 50/254/237 555/255/238
f 63/20/20 537/256/239 534/257/240
f 64/43/43 1338/258/241 1339/259/73
f 52/5/5 538/192/182 559/260/242
f 491/205/191 473/261/243 474/262/244
f 1348/64/63 486/263/245 470/264/246
f 1311/265/247 552/266/248 548/267/249
f 351/268/250 1360/269/251 350/185/175
f 358/270/252 330/24/24 331/99/97
f 554/271/253 1315/272/254 535/273/255
f 401/274/256 358/270/252 360/98/96
f 619/275/257 607/135/131 327/276/258
f 394/182/172 346/238/223 349/183/173
f 618/277/259 581/278/215 655/279/215
f 652/280/260 649/281/260 1352/282/171
f 484/55/54 689/283/261 468/216/202
f 663/224/209 128/284/262 510/285/263
f 8/286/264 494/16/16 495/287/265
f 108/38/38 121/25/25 107/96/94
f 49/93/91 539/288/266 561/289/267
f 586/148/140 42/290/268 613/235/220
f 314/291/269 340/163/155 126/164/156
f 605/292/123 675/293/123 656/294/125
f 175/27/27 402/295/270 361/125/122
f 649/296/260 393/297/271 394/182/172
f 111/110/108 124/66/65 110/121/118
f 471/69/68 448/298/272 449/299/273
f 64/43/43 1337/300/274 549/301/275
f 40/302/276 412/303/263 129/304/277
f 640/305/59 600/97/95 121/25/25
f 494/16/16 311/306/278 493/307/279
f 756/308/280 763/309/281 762/310/282
f 450/311/283 471/69/68 449/299/273
f 455/312/284 400/313/285 401/274/256
f 63/20/20 50/254/237 51/253/236
f 536/314/286 563/315/287 545/316/288
f 396/317/289 29/318/290 395/319/291
f 47/320/292 613/321/220 43/322/293
f 1179/323/294 1186/324/295 1192/325/296
f 42/290/268 668/326/297 39/236/221
f 175/27/27 47/320/292 43/322/293
f 473/261/243 488/117/115 472/327/298
f 318/239/224 343/190/180 317/115/113
f 57/328/299 603/329/138 586/330/140
f 124/66/65 109/331/300 110/121/118
f 583/332/301 321/186/176 587/333/302
f 562/334/303 536/314/286 41/209/195
f 175/27/27 43/322/293 40/302/276
f 87/335/304 682/336/305 674/337/306
f 175/27/27 58/338/307 47/320/292
f 480/13/13 1/339/308 479/202/188
f 86/340/309 602/341/310 606/342/311
f 327/276/258 351/268/250 326/343/312
f 759/344/313 549/345/314 1337/346/315
f 696/347/316 353/348/317 693/349/318
f 329/219/204 120/134/130 121/25/25
f 470/264/246 408/208/194 448/298/272
f 1/339/308 575/350/319 479/202/188
f 678/351/320 73/157/149 674/337/306
f 406/352/321 390/353/322 391/189/179
f 99/354/323 85/108/106 606/355/311
f 398/130/127 353/348/317 354/218/203
f 601/356/31 81/357/324 604/358/325
f 63/20/20 542/359/326 74/18/18
f 400/313/285 356/360/327 358/270/252
f 599/234/219 101/221/206 614/361/328
f 456/28/28 477/17/17 455/312/284
f 46/147/139 656/294/125 686/362/197
f 655/230/215 659/363/329 571/364/330
f 88/156/148 680/365/331 87/335/304
f 91/366/332 1338/367/241 1341/159/151
f 574/368/333 44/84/82 571/364/330
f 54/37/37 65/4/4 53/6/6
f 354/218/203 327/276/258 329/219/204
f 43/322/293 609/369/222 40/302/276
f 608/370/39 94/120/117 598/371/40
f 618/372/259 564/373/334 581/374/215
f 331/99/97 122/26/26 123/252/235
f 51/253/236 552/375/335 537/256/239
f 1340/194/152 662/193/152 685/376/153
f 107/96/94 590/95/93 621/377/50
f 175/27/27 129/304/277 132/378/336
f 347/166/158 130/379/337 127/167/159
f 130/379/337 512/380/338 506/381/339
f 412/303/263 132/378/336 129/304/277
f 337/382/340 372/383/341 320/384/342
f 512/385/338 134/386/343 131/387/344
f 434/388/345 135/389/346 132/378/336
f 175/27/27 132/378/336 135/389/346
f 175/27/27 135/389/346 139/390/347
f 133/391/348 371/392/349 137/393/350
f 530/394/351 499/395/352 138/396/353
f 436/397/354 139/390/347 135/389/346
f 335/398/355 367/399/356 146/400/357
f 499/395/352 430/401/358 428/402/359
f 414/403/360 148/404/361 149/405/362
f 175/27/27 139/390/347 149/405/362
f 380/406/363 498/407/364 140/408/365
f 1135/409/366 1137/410/367 155/411/368
f 140/408/365 507/412/369 151/413/370
f 144/414/371 156/415/372 145/416/373
f 140/408/365 152/417/374 141/418/375
f 146/400/357 156/415/372 157/419/376
f 142/420/377 152/417/374 153/421/378
f 146/400/357 158/422/379 147/423/380
f 142/420/377 154/424/381 143/425/382
f 438/426/383 435/427/384 159/428/385
f 149/405/362 159/428/385 160/429/386
f 175/27/27 149/405/362 160/429/386
f 531/430/387 500/431/388 157/419/376
f 153/421/378 165/432/389 154/424/381
f 435/427/384 173/433/390 159/428/385
f 160/429/386 173/433/390 174/434/391
f 175/27/27 160/429/386 174/434/391
f 377/435/392 161/436/393 150/437/394
f 155/411/368 1136/438/395 169/439/396
f 151/413/370 507/412/369 515/440/397
f 155/411/368 170/441/398 156/415/372
f 525/442/399 513/443/400 152/417/374
f 157/419/376 170/441/398 171/444/401
f 153/421/378 163/445/402 164/446/403
f 169/439/396 1139/447/404 184/448/405
f 162/449/406 421/450/407 419/451/408
f 169/439/396 185/452/409 170/441/398
f 163/445/402 513/443/400 522/453/410
f 170/441/398 504/454/411 501/455/412
f 518/456/413 164/446/403 522/453/410
f 446/457/414 426/458/415 511/459/416
f 164/446/403 180/460/417 165/432/389
f 429/461/418 187/462/419 188/463/420
f 165/432/389 181/464/421 166/465/422
f 173/433/390 189/466/423 174/434/391
f 166/465/422 182/467/296 167/468/424
f 175/27/27 174/434/391 189/466/423
f 168/469/425 1141/470/426 183/471/427
f 385/472/428 176/473/429 161/436/393
f 187/462/419 202/474/430 188/463/420
f 514/475/137 181/464/421 497/476/431
f 189/466/423 202/474/430 203/477/432
f 181/464/421 196/478/433 182/467/296
f 175/27/27 189/466/423 203/477/432
f 183/471/427 1144/479/434 197/480/435
f 379/481/436 190/482/437 176/473/429
f 1139/447/404 505/483/438 523/484/439
f 177/485/440 190/482/437 191/486/441
f 184/448/405 523/484/439 532/487/442
f 178/488/443 431/489/444 427/490/445
f 504/491/411 527/492/446 444/493/446
f 179/494/447 526/495/448 521/496/449
f 423/497/450 200/498/451 201/499/452
f 524/500/453 497/476/431 180/460/417
f 191/486/441 204/501/454 205/502/455
f 213/503/456 445/504/457 212/505/458
f 191/486/441 206/506/459 192/507/460
f 200/498/451 213/503/456 214/508/461
f 193/509/462 206/506/459 207/510/463
f 200/498/451 215/511/464 201/499/452
f 194/512/465 447/513/466 420/514/467
f 201/499/452 216/515/468 202/474/430
f 195/516/469 528/517/470 517/518/471
f 203/477/432 216/515/468 217/519/472
f 196/478/433 517/518/471 503/520/473
f 175/27/27 203/477/432 217/519/472
f 1144/479/434 509/521/474 197/480/435
f 190/482/437 387/522/475 204/501/454
f 432/523/476 422/524/477 529/525/478
f 209/526/479 443/527/480 415/528/481
f 217/519/472 230/529/482 231/530/483
f 210/531/484 415/528/481 410/532/485
f 175/27/27 217/519/472 231/530/483
f 210/531/484 413/533/486 211/534/487
f 204/501/454 382/535/488 218/536/489
f 442/537/490 225/538/491 226/539/492
f 205/502/455 218/536/489 219/540/493
f 212/505/458 227/541/494 213/503/456
f 205/502/455 220/542/495 206/506/459
f 214/508/461 227/541/494 228/543/496
f 207/510/463 220/542/495 221/544/497
f 214/508/461 229/545/498 215/511/464
f 207/510/463 222/546/499 208/547/500
f 215/511/464 230/529/482 216/515/468
f 226/539/492 241/548/501 227/541/494
f 219/540/493 234/549/502 220/542/495
f 228/543/496 241/548/501 242/550/503
f 221/544/497 234/549/502 235/551/504
f 228/543/496 243/552/505 229/545/498
f 221/544/497 236/553/506 222/546/499
f 229/545/498 244/554/507 230/529/482
f 222/546/499 237/555/508 223/556/509
f 231/530/483 244/554/507 245/557/510
f 223/556/509 238/558/511 224/559/512
f 175/27/27 231/530/483 245/557/510
f 225/538/491 238/558/511 239/560/513
f 382/535/488 232/561/514 218/536/489
f 226/539/492 239/560/513 240/562/515
f 219/540/493 232/561/514 233/563/516
f 245/557/510 259/564/517 260/565/518
f 237/555/508 1208/566/519 1254/567/520
f 175/27/27 245/557/510 260/565/518
f 1261/568/521 626/569/522 239/560/513
f 381/570/523 246/571/524 247/572/525
f 623/573/526 240/562/515 626/569/522
f 233/563/516 247/572/525 248/574/527
f 240/562/515 256/575/528 241/548/501
f 233/563/516 249/576/529 234/549/502
f 242/550/503 256/575/528 257/577/530
f 249/576/529 597/578/531 1258/579/532
f 242/550/503 258/580/533 243/552/505
f 235/551/504 459/581/534 462/582/535
f 243/552/505 259/564/517 244/554/507
f 236/553/506 252/583/536 237/555/508
f 248/574/527 264/584/537 249/576/529
f 257/577/530 463/585/538 624/586/539
f 21/587/540 20/588/540 11/589/541
f 622/590/542 273/591/543 258/580/533
f 251/592/544 462/582/535 632/593/545
f 258/580/533 274/594/546 259/564/517
f 251/592/544 465/595/547 252/583/536
f 260/565/518 274/594/546 275/596/548
f 1208/597/519 482/598/547 19/599/549
f 386/600/550 261/601/551 246/571/524
f 175/27/27 260/565/518 275/596/548
f 16/602/552 627/603/553 254/604/554
f 246/571/524 262/605/555 247/572/525
f 255/606/556 623/573/526 23/607/557
f 248/574/527 262/605/555 263/608/558
f 256/575/528 23/607/557 463/585/538
f 267/609/559 283/610/560 268/611/561
f 389/612/562 276/613/563 261/601/551
f 175/27/27 275/596/548 290/614/564
f 269/615/565 283/610/560 284/616/566
f 261/601/551 277/617/567 262/605/555
f 270/618/568 284/616/566 285/619/569
f 263/608/558 277/617/567 278/620/570
f 271/621/571 638/622/572 631/623/573
f 263/608/558 279/624/574 264/584/537
f 1259/625/575 464/626/576 272/627/577
f 20/628/540 280/629/578 265/630/579
f 273/591/543 622/590/542 18/631/580
f 265/630/579 281/632/581 266/633/582
f 273/591/543 18/631/580 629/634/583
f 266/633/582 282/635/584 267/609/559
f 275/596/548 289/636/585 290/614/564
f 286/637/586 302/638/587 287/639/588
f 547/640/589 295/641/590 280/629/578
f 639/642/591 461/643/592 460/644/593
f 295/641/590 628/645/594 15/646/595
f 1262/647/596 303/648/597 304/649/598
f 1260/650/599 496/651/600 297/652/601
f 289/636/585 305/653/602 290/614/564
f 282/635/584 297/652/601 1200/654/603
f 378/655/604 291/656/605 276/613/563
f 175/27/27 290/614/564 305/653/602
f 283/610/560 298/657/606 1199/658/607
f 276/613/563 292/659/608 277/617/567
f 285/619/569 299/660/609 300/661/610
f 278/620/570 292/659/608 293/662/611
f 285/619/569 301/663/612 286/637/586
f 278/620/570 294/664/613 279/624/574
f 175/27/27 305/653/602 8/286/264
f 299/660/609 1199/658/607 1202/665/614
f 292/659/608 1/339/308 306/666/615
f 300/661/610 1202/665/614 309/667/103
f 293/662/611 306/666/615 2/248/231
f 300/661/610 310/250/233 301/663/612
f 294/664/613 2/248/231 3/668/616
f 301/663/612 7/204/190 302/638/587
f 636/669/617 634/670/618 295/641/590
f 7/204/190 311/306/278 1255/671/619
f 13/672/620 14/673/620 625/674/621
f 303/648/597 312/675/622 304/649/598
f 17/676/623 4/677/624 308/678/625
f 304/649/598 8/286/264 305/653/602
f 298/657/606 1200/654/603 1203/679/626
f 384/680/627 1/339/308 291/656/605
f 352/681/628 144/414/371 324/682/629
f 451/683/630 472/327/298 450/311/283
f 165/432/389 334/684/631 154/424/381
f 355/685/632 143/425/382 322/686/633
f 357/687/634 1143/688/635 168/469/425
f 359/689/636 136/690/637 316/691/638
f 50/254/237 61/172/164 49/93/91
f 1354/692/639 644/693/640 311/306/278
f 322/686/633 154/424/381 315/694/641
f 85/108/106 616/695/642 606/355/311
f 399/696/643 647/697/644 398/130/127
f 363/698/645 142/420/377 143/425/382
f 364/699/646 145/416/373 146/400/357
f 140/408/365 141/418/375 316/691/638
f 368/700/647 144/414/371 145/416/373
f 369/701/648 166/465/422 167/468/424
f 370/702/649 141/418/375 142/420/377
f 373/703/650 377/435/392 150/437/394
f 383/704/651 380/406/363 136/690/637
f 388/705/652 386/600/550 246/571/524
f 680/706/331 599/707/219 677/708/328
f 343/190/180 314/291/269 317/115/113
f 660/709/653 117/81/79 673/710/227
f 553/711/654 791/712/655 540/713/656
f 175/27/27 69/129/126 58/338/307
f 564/373/334 59/714/657 568/715/658
f 61/172/164 48/229/214 49/93/91
f 175/27/27 495/287/265 478/15/15
f 492/206/192 474/262/244 475/716/659
f 58/338/307 68/47/47 57/328/299
f 603/329/138 57/328/299 605/717/123
f 102/77/75 642/718/218 599/707/219
f 424/719/660 437/720/449 193/509/462
f 428/402/359 414/721/360 138/396/353
f 410/722/485 223/556/509 224/559/512
f 433/723/661 423/724/450 186/725/662
f 428/726/359 430/727/358 148/404/361
f 438/728/383 430/401/358 519/729/358
f 439/730/663 177/485/440 431/731/444
f 440/732/448 192/507/460 193/509/462
f 436/733/354 131/387/344 134/386/343
f 373/703/650 150/437/394 441/734/664
f 442/735/490 211/534/487 413/533/486
f 500/736/388 429/737/418 520/738/384
f 222/546/499 223/556/509 443/739/480
f 426/458/415 429/737/418 172/740/665
f 444/741/446 199/742/666 200/498/451
f 411/743/667 420/744/467 208/547/500
f 422/745/477 432/746/476 212/505/458
f 414/721/360 134/386/343 138/396/353
f 417/747/369 161/436/393 421/748/407
f 421/748/407 176/473/429 177/485/440
f 431/731/444 191/486/441 192/507/460
f 445/749/457 198/750/668 422/524/477
f 409/751/364 416/752/669 376/753/670
f 410/722/485 225/538/491 413/754/486
f 446/755/414 187/462/419 426/756/415
f 418/757/671 425/758/672 199/742/666
f 412/759/263 510/760/263 506/761/339
f 207/510/463 208/547/500 447/762/466
f 467/9/9 405/220/205 406/352/321
f 466/8/8 480/13/13 458/14/14
f 99/354/323 112/152/144 98/109/107
f 4/677/624 695/763/69 30/764/673
f 319/240/225 115/114/112 116/765/674
f 76/46/46 75/45/45 560/766/675
f 688/767/676 679/768/201 92/769/677
f 104/241/226 89/104/102 90/44/44
f 105/158/150 1343/770/134 91/366/332
f 175/27/27 338/65/64 125/67/66
f 123/252/235 108/38/38 109/331/300
f 175/27/27 97/771/678 83/21/21
f 78/92/90 1341/195/151 1338/258/241
f 481/249/232 306/666/615 480/13/13
f 598/371/40 94/120/117 658/119/116
f 95/29/29 601/31/31 604/772/325
f 585/773/679 118/774/680 119/775/681
f 119/775/681 619/776/257 585/773/679
f 581/374/215 567/777/682 588/778/329
f 661/779/51 93/91/89 79/42/42
f 175/27/27 111/110/108 97/771/678
f 663/780/209 510/760/263 412/759/263
f 591/200/187 71/199/186 669/781/683
f 77/782/684 1343/770/134 1345/783/133
f 72/171/163 678/351/320 669/784/683
f 114/116/114 99/354/323 100/222/207
f 341/785/685 366/223/208 340/163/155
f 349/183/173 319/240/225 321/186/176
f 506/381/339 510/285/263 128/284/262
f 506/761/339 512/385/338 131/387/344
f 424/786/660 194/512/465 524/787/453
f 501/788/412 504/491/411 186/725/662
f 514/789/137 497/790/431 194/512/465
f 523/791/439 505/792/438 198/750/668
f 519/793/358 137/393/350 147/423/380
f 503/794/473 209/526/479 210/531/484
f 525/795/399 162/449/406 513/796/400
f 419/451/408 439/797/663 513/796/400
f 427/490/445 440/798/448 518/799/413
f 498/800/364 441/801/664 417/802/369
f 520/803/384 147/423/380 158/422/379
f 500/431/388 520/803/384 158/422/379
f 527/804/446 185/452/409 508/805/671
f 516/806/686 130/379/337 133/391/348
f 411/807/667 209/526/479 528/808/470
f 529/809/478 197/480/435 509/521/474
f 507/810/369 417/802/369 421/450/407
f 530/811/351 516/806/686 133/391/348
f 502/812/669 409/813/364 498/800/364
f 531/814/387 172/740/665 500/736/388
f 501/455/412 511/815/416 171/444/401
f 198/750/668 425/816/672 532/817/442
f 1142/818/687 210/531/484 211/534/487
f 518/799/413 522/819/410 178/488/443
f 356/360/327 398/130/127 354/218/203
f 676/820/48 604/358/325 657/821/688
f 393/297/271 702/822/689 646/823/690
f 326/343/312 350/185/175 323/187/177
f 493/307/279 1351/824/691 1361/825/692
f 390/353/322 404/41/41 366/223/208
f 584/247/81 116/765/674 594/826/693
f 489/251/234 1349/118/105 488/117/115
f 699/827/694 31/123/120 454/122/119
f 175/27/27 456/28/28 402/295/270
f 402/295/270 360/98/96 361/125/122
f 1345/783/133 1342/828/199 553/829/199
f 711/830/695 644/831/640 645/832/640
f 175/27/27 8/286/264 495/287/265
f 402/295/270 455/312/284 401/274/256
f 741/833/696 558/834/697 541/835/698
f 663/780/209 39/236/221 668/326/297
f 646/823/690 643/836/699 345/837/700
f 675/293/123 605/292/123 615/838/49
f 400/313/285 25/839/701 399/696/643
f 71/199/186 681/840/200 669/781/683
f 1344/841/702 104/241/226 1346/842/174
f 670/76/74 684/843/217 594/844/693
f 391/189/179 341/785/685 343/190/180
f 326/343/312 583/332/301 585/845/679
f 97/771/678 110/121/118 96/22/22
f 70/11/11 568/715/658 59/714/657
f 1339/75/73 544/74/72 1337/846/274
f 118/774/680 587/847/302 117/81/79
f 175/27/27 40/302/276 129/304/277
f 657/848/688 67/79/77 676/849/48
f 722/850/703 724/851/704 723/852/705
f 752/853/706 765/854/707 764/855/708
f 740/856/709 763/309/281 766/857/710
f 749/858/711 772/859/712 775/860/713
f 10/861/714 749/858/711 775/860/713
f 768/862/715 780/863/492 771/864/515
f 773/865/716 782/866/717 772/859/712
f 788/867/718 786/868/719 785/869/720
f 791/870/721 790/871/509 789/872/499
f 768/862/715 794/873/722 781/874/723
f 789/872/499 798/875/479 797/876/500
f 789/872/499 802/877/724 793/878/725
f 817/879/491 821/880/484 820/881/512
f 10/861/714 784/882/726 819/883/727
f 1114/884/728 818/885/487 1115/886/729
f 10/861/714 819/883/727 1125/887/730
f 823/888/731 1128/889/732 822/890/733
f 1133/891/734 1166/892/735 1165/893/736
f 824/894/737 1170/895/738 1175/896/739
f 1113/897/435 1177/898/740 1176/899/741
f 1126/900/433 1180/901/742 1127/902/469
f 1192/325/296 1187/903/743 1193/904/744
f 1158/905/745 1196/906/746 1195/907/747
f 1157/908/748 1209/909/749 1166/892/735
f 1167/910/750 1206/911/751 1210/912/752
f 1183/913/753 1162/914/431 1185/915/754
f 1169/916/755 1214/917/396 1213/918/405
f 1211/919/756 1222/920/368 1214/917/396
f 1205/921/757 1230/922/758 1218/923/759
f 1218/923/759 1237/924/760 1241/925/761
f 1221/926/762 1233/927/763 1223/928/764
f 1247/929/371 1265/930/765 1235/931/766
f 1232/932/767 1264/933/768 1266/934/769
f 10/861/714 1232/932/767 1266/934/769
f 798/875/479 1131/935/770 1130/936/771
f 1271/937/772 1274/938/773 1279/939/774
f 806/940/775 1154/941/776 1153/942/777
f 1249/943/778 1284/944/779 1248/945/780
f 1162/914/431 1161/946/417 1160/947/781
f 1263/948/782 1275/949/783 1265/930/765
f 1273/950/784 1283/951/785 1251/952/786
f 1287/953/787 1296/954/788 1289/955/789
f 1150/956/790 1149/957/791 805/958/792
f 1282/959/793 1303/960/794 1305/961/795
f 1281/962/796 1291/963/797 1283/951/785
f 1302/964/798 1089/965/799 1304/966/800
f 1304/966/800 610/967/801 1291/963/797
f 10/861/714 9/968/802 713/969/803
f 1238/970/804 1272/971/805 1237/924/760
f 1292/972/806 747/973/807 726/974/808
f 1290/975/809 1090/976/810 1294/977/811
f 1301/978/812 746/979/813 1300/980/814
f 1307/981/815 756/308/280 1306/982/816
f 1312/983/817 770/984/818 1310/985/819
f 780/863/492 1308/986/820 771/864/515
f 1319/987/821 767/988/822 770/984/818
f 1321/989/823 762/310/282 740/856/709
f 1326/990/824 764/855/708 767/988/822
f 743/991/825 738/992/826 735/993/827
f 774/994/828 744/995/829 748/996/830
f 10/861/714 1298/997/831 651/998/832
f 1201/999/833 1184/1000/834 1194/1001/835
f 592/1002/836 714/1003/837 490/1004/838
f 801/1005/839 822/890/733 1132/1006/840
f 1270/1007/841 1268/1008/842 1238/970/804
f 810/1009/843 816/1010/844 809/1011/845
f 1157/908/748 1195/907/747 1205/921/757
f 716/1012/846 712/1013/847 565/1014/847
f 1151/1015/848 1164/1016/660 1159/1017/849
f 1331/1018/850 1165/893/736 1168/1019/851
f 593/1020/852 712/1013/853 716/1012/854
f 1332/1021/855 786/868/719 801/1005/839
f 809/1011/845 783/1022/856 808/1023/857
f 1193/904/744 1224/1024/425 1227/1025/424
f 777/1026/858 776/1027/859 766/857/710
f 1174/1028/672 1328/1029/777 1168/1019/851
f 1162/914/431 1183/913/753 1161/946/417
f 1327/1030/860 785/869/720 1335/1031/861
f 1214/917/396 1224/1024/425 1188/1032/862
f 1163/1033/863 1182/1034/864 1162/914/431
f 804/1035/865 805/958/792 813/1036/866
f 1147/1037/867 1331/1018/850 807/1038/868
f 1185/915/754 1127/902/469 1180/901/742
f 1149/957/791 811/1039/869 813/1036/866
f 397/132/129 36/131/128 693/349/318
f 1182/1034/864 1164/1016/660 1145/1040/466
f 1320/1041/870 556/1042/871 546/1043/872
f 1316/1044/873 554/271/874 574/1045/875
f 724/851/704 714/1003/837 719/1046/876
f 1277/1047/877 580/1048/878 569/1049/879
f 545/1050/880 592/1051/881 347/1052/882
f 1244/1053/883 1251/952/786 1250/1054/884
f 787/1055/885 822/890/733 786/868/719
f 564/113/886 1333/1056/887 567/1057/888
f 819/883/727 824/894/737 1125/887/730
f 1218/923/759 1243/1058/889 1217/1059/890
f 1129/142/136 570/1060/891 566/143/137
f 754/1061/892 1334/1062/893 753/1063/893
f 818/885/487 1126/900/433 821/880/484
f 1245/1064/894 1248/945/780 1252/1065/895
f 816/1010/844 824/894/737 815/1066/896
f 93/91/89 683/1067/50 665/1068/93
f 1191/1069/897 1226/1070/898 1190/1071/899
f 10/861/714 1178/1072/900 1190/1071/899
f 557/1073/901 1322/1074/902 539/1075/903
f 1240/1076/382 1251/952/786 1242/1077/904
f 81/357/324 687/1078/905 657/821/688
f 1303/960/794 746/979/813 729/1079/906
f 10/861/714 1278/1080/907 1298/997/831
f 10/861/714 1125/887/730 1178/1072/900
f 1308/1081/908 560/1082/909 542/1083/910
f 551/1084/911 1306/1085/912 538/1086/913
f 740/856/709 739/1087/914 733/1088/915
f 1224/1024/425 1228/1089/916 1227/1025/424
f 748/996/830 744/995/829 743/991/825
f 581/278/215 659/1090/329 655/279/215
f 810/1009/843 809/1011/845 778/1091/917
f 658/1092/116 80/178/168 667/177/167
f 1191/1069/897 1221/926/762 1223/928/764
f 1179/323/294 1184/1000/834 1180/901/742
f 807/1038/868 803/1093/918 1146/1094/919
f 1327/1030/860 788/867/718 785/869/720
f 796/1095/920 799/1096/921 795/1097/922
f 10/861/714 731/1098/923 749/858/711
f 1309/1099/924 542/1083/910 534/1100/925
f 796/1095/920 795/1097/922 765/854/707
f 1285/1101/926 1294/977/811 1287/953/787
f 1156/1102/457 1115/886/729 814/1103/458
f 1276/1104/927 1303/960/794 1280/1105/928
f 1150/956/790 1159/1017/849 1155/1106/929
f 1219/1107/930 1246/1108/931 1221/926/762
f 558/834/697 733/88/86 543/90/88
f 715/1109/932 721/1110/933 720/1111/934
f 659/169/161 755/1112/935 571/1113/936
f 1159/1017/849 1167/910/750 1155/1106/929
f 1241/925/761 1248/945/780 1243/1058/889
f 752/853/706 761/1114/855 760/1115/937
f 10/861/714 1266/934/769 1278/1080/907
f 1252/1065/895 1288/1116/938 1263/948/782
f 798/875/479 1126/900/433 1127/902/469
f 1289/955/789 1298/997/831 1278/1080/907
f 1114/884/728 1115/886/729 1171/1117/939
f 1301/1118/940 569/1049/879 575/1119/941
f 70/11/11 589/1120/101 595/12/12
f 1174/1028/672 1171/1117/939 1156/1102/457
f 593/1020/852 713/969/803 9/968/802
f 1268/1008/842 1280/1105/928 1272/971/805
f 1269/1121/942 1276/1104/927 1268/1008/842
f 1168/1019/851 1166/892/735 1169/916/755
f 1241/925/761 1272/971/805 1249/943/778
f 1239/1122/943 572/1123/944 579/1124/945
f 1222/920/368 1235/931/766 1225/1125/946
f 1283/951/785 1290/975/809 1285/1101/926
f 824/894/737 1178/1072/900 1125/887/730
f 1211/919/756 1217/1059/890 1220/1126/947
f 1171/1117/939 1173/1127/948 1172/1128/439
f 738/992/826 723/852/705 735/993/827
f 1299/1129/949 812/1130/950 1302/964/798
f 804/1035/865 778/1091/917 779/1131/951
f 1197/1132/389 1215/1133/952 1206/911/751
f 766/857/710 793/878/725 779/1131/951
f 1281/962/796 1302/964/798 1304/966/800
f 1244/1053/883 1253/1134/953 1246/1108/931
f 797/876/500 1130/936/771 1145/1040/466
f 759/344/313 551/1084/911 549/345/314
f 737/1135/954 736/1136/955 735/993/827
f 718/1137/956 725/1138/957 713/969/803
f 767/988/822 765/854/707 768/862/715
f 781/874/723 814/1103/458 780/863/492
f 1275/949/783 1299/1129/949 1274/938/773
f 1130/936/771 1131/935/770 1182/1034/864
f 764/855/708 1315/1139/958 752/853/706
f 823/1140/959 576/1141/960 570/1060/891
f 1219/1107/930 1242/1077/904 1244/1053/883
f 738/992/826 750/1142/961 749/858/711
f 807/1038/868 781/874/723 803/1093/918
f 1220/1126/947 1243/1058/889 1245/1064/894
f 10/861/714 725/1138/957 731/1098/923
f 1146/1094/919 1148/1143/962 1147/1037/867
f 1315/272/254 557/1073/901 535/273/255
f 1186/324/295 1188/1032/862 1187/903/743
f 811/1039/869 1155/1106/929 825/1144/963
f 1229/1145/964 1234/1146/965 1236/1147/966
f 1252/1065/895 1284/944/779 1286/1148/967
f 1250/1054/884 1283/951/785 1285/1101/926
f 674/1149/306 682/1150/305 617/1151/305
f 1269/1152/968 577/1153/969 580/1048/878
f 10/861/714 826/1154/970 9/968/802
f 827/1155/971 592/1002/836 490/1004/838
f 829/1156/972 827/1155/971 490/1004/838
f 826/1154/970 593/1020/852 9/968/802
f 833/1157/973 834/1158/974 828/1159/975
f 835/1160/976 837/1161/977 830/1162/978
f 838/1163/979 831/1164/980 826/1154/970
f 10/861/714 838/1163/979 826/1154/970
f 10/861/714 840/1165/981 838/1163/979
f 843/1166/982 833/1157/973 832/1167/983
f 844/1168/984 845/1169/985 846/1170/986
f 840/1165/981 839/1171/987 838/1163/979
f 842/1172/988 849/1173/989 851/1174/990
f 852/1175/991 854/1176/992 845/1169/985
f 856/1177/993 852/1175/991 847/1178/994
f 10/861/714 855/1179/995 840/1165/981
f 859/1180/996 860/1181/997 861/1182/998
f 863/1183/223 865/1184/999 862/1185/1000
f 858/1186/1001 867/1187/1002 859/1180/996
f 869/1188/1003 862/1185/1000 868/1189/1004
f 871/1190/1005 858/1186/1001 870/1191/1006
f 849/1173/989 869/1188/1003 868/1189/1004
f 873/1192/1007 871/1190/1005 870/1191/1006
f 875/1193/1008 849/1173/989 848/1194/1009
f 877/1195/317 873/1192/1007 876/1196/1010
f 878/1197/1011 879/1198/1012 880/1199/1013
f 881/1200/1014 856/1177/993 855/1179/995
f 10/861/714 881/1200/1014 855/1179/995
f 884/1201/1015 885/1202/1016 872/1203/1017
f 886/1204/258 874/1205/1018 877/1195/317
f 888/1206/1019 879/1198/1012 878/1197/1011
f 890/1207/1020 878/1197/1011 881/1200/1014
f 10/861/714 890/1207/1020 881/1200/1014
f 892/1208/1021 894/1209/1022 891/1210/1023
f 895/1211/225 896/1212/176 897/1213/1024
f 866/1214/1025 898/1215/1026 867/1187/1002
f 899/1216/1027 863/1183/223 869/1188/1003
f 902/1217/1028 898/1215/1026 871/1190/1005
f 872/1203/1017 899/1216/1027 869/1188/1003
f 874/1205/1018 900/1218/1029 871/1190/1005
f 903/1219/674 896/1212/176 895/1211/225
f 905/1220/1030 906/1221/1031 907/1222/1032
f 908/1223/1033 895/1211/225 899/1216/1027
f 900/1218/1029 909/1224/1034 901/1225/1035
f 911/1226/1036 908/1223/1033 899/1216/1027
f 909/1224/1034 887/1227/1037 913/1228/1038
f 917/1229/1039 918/1230/1040 910/1231/1041
f 919/1232/130 887/1227/1037 886/1204/258
f 921/1233/1042 915/1234/1043 889/1235/1044
f 923/1236/681 886/1204/258 922/1237/312
f 924/1238/1045 888/1206/1019 890/1207/1020
f 926/1239/680 922/1237/312 925/1240/177
f 10/861/714 924/1238/1045 890/1207/1020
f 904/1241/79 925/1240/177 896/1212/176
f 927/1242/1046 893/1243/1047 892/1208/1021
f 929/1244/1048 921/1233/1042 920/1245/1049
f 933/1246/1050 923/1236/681 932/1247/1051
f 934/1248/1052 920/1245/1049 924/1238/1045
f 935/1249/226 923/1236/681 926/1239/680
f 10/861/714 934/1248/1052 924/1238/1045
f 936/1250/216 926/1239/680 904/1241/79
f 937/1251/1053 928/1252/1054 927/1242/1046
f 940/1253/1055 936/1250/216 904/1241/79
f 941/1254/1056 937/1251/1053 927/1242/1046
f 944/1255/218 939/1256/1057 903/1219/674
f 945/1257/1058 946/1258/1059 947/1259/1060
f 951/1260/1061 911/1226/1036 949/1261/1062
f 912/1262/1063 953/1263/1064 913/1228/1038
f 954/1264/1065 948/1265/1066 917/1229/1039
f 919/1232/130 955/1266/59 912/1262/1063
f 942/1267/1067 957/1268/1068 937/1251/1053
f 962/1269/1069 963/1270/219 959/1271/1070
f 965/1272/1071 942/1267/1067 964/1273/1072
f 966/1274/1073 958/1275/1074 954/1264/1065
f 967/1276/1075 965/1272/1071 964/1273/1072
f 930/1277/1076 966/1274/1073 954/1264/1065
f 970/1278/1077 972/1279/1078 973/1280/95
f 974/1281/1079 930/1277/1076 929/1244/1048
f 931/1282/150 976/1283/1080 932/1247/1051
f 934/1248/1052 974/1281/1079 929/1244/1048
f 935/1249/226 975/1284/1081 931/1282/150
f 10/861/714 977/1285/1082 934/1248/1052
f 979/1286/1083 935/1249/226 936/1250/216
f 937/1251/1053 980/1287/1084 938/1288/1085
f 984/1289/1086 940/1253/1055 961/1290/76
f 985/1291/1087 987/1292/1088 988/1293/151
f 989/1294/1089 974/1281/1079 977/1285/1082
f 991/1295/44 986/1296/1090 985/1291/1087
f 10/861/714 989/1294/1089 977/1285/1082
f 993/1297/1091 991/1295/44 983/1298/1092
f 957/1268/1068 995/1299/1093 980/1287/1084
f 998/1300/1094 982/1301/1095 996/1302/18
f 956/1303/1096 994/1304/1097 957/1268/1068
f 1000/1305/1098 960/1306/148 959/1271/1070
f 1001/1307/1099 956/1303/1096 965/1272/1071
f 966/1274/1073 1000/1305/1098 959/1271/1070
f 968/1308/1100 1001/1307/1099 965/1272/1071
f 1004/1309/1101 966/1274/1073 969/1310/1102
f 1006/1311/90 968/1308/1100 1005/1312/677
f 974/1281/1079 1004/1309/1101 969/1310/1102
f 1007/1313/1103 996/1302/18 1000/1305/1098
f 1009/1314/1104 999/1315/1105 1001/1307/1099
f 1011/1316/1106 1000/1305/1098 1002/1317/1107
f 1003/1318/1108 1009/1314/1104 1001/1307/1099
f 1004/1309/1101 1011/1316/1106 1002/1317/1107
f 1014/1319/43 1003/1318/1108 1006/1311/90
f 990/1320/1109 1013/1321/1110 1004/1309/1101
f 1017/1322/1111 1006/1311/90 1016/1323/684
f 989/1294/1089 1015/1324/1112 990/1320/1109
f 1020/1325/1113 1016/1323/684 1019/1326/46
f 10/861/714 1018/1327/1114 989/1294/1089
f 997/1328/45 1020/1325/1113 1019/1326/46
f 1022/1329/1115 995/1299/1093 994/1304/1097
f 996/1302/18 1021/1330/1116 997/1328/45
f 999/1315/1105 1022/1329/1115 994/1304/1097
f 1018/1327/1114 1025/1331/1117 1015/1324/1112
f 1026/1332/1118 1017/1322/1111 1020/1325/1113
f 10/861/714 1024/1333/1119 1018/1327/1114
f 1021/1330/1116 1026/1332/1118 1020/1325/1113
f 1030/1334/1120 1031/1335/1121 1023/1336/1122
f 1032/1337/236 1021/1330/1116 1008/1338/20
f 1010/1339/1123 1029/1340/1124 1022/1329/1115
f 1034/1341/1125 1008/1338/20 1007/1313/1103
f 1035/1342/1126 1010/1339/1123 1009/1314/1104
f 1011/1316/1106 1034/1341/1125 1007/1313/1103
f 1012/1343/1127 1035/1342/1126 1009/1314/1104
f 1038/1344/1128 1011/1316/1106 1013/1321/1110
f 1039/1345/5 1012/1343/1127 1014/1319/43
f 1025/1331/1117 1013/1321/1110 1015/1324/1112
f 1027/1346/1129 1014/1319/43 1017/1322/1111
f 1040/1347/1130 1033/1348/1131 1035/1342/1126
f 1036/1349/1132 1043/1350/1133 1034/1341/1125
f 1037/1351/1134 1040/1347/1130 1035/1342/1126
f 1045/1352/1135 1036/1349/1132 1038/1344/1128
f 1046/1353/1136 1037/1351/1134 1039/1345/5
f 1047/1354/1137 1038/1344/1128 1025/1331/1117
f 1048/1355/1138 1039/1345/5 1027/1346/1129
f 1024/1333/1119 1047/1354/1137 1025/1331/1117
f 1050/1356/1139 1027/1346/1129 1026/1332/1118
f 1051/1357/1140 1053/1358/1141 1030/1334/1120
f 10/861/714 1049/1359/1142 1024/1333/1119
f 1028/1360/1143 1050/1356/1139 1026/1332/1118
f 1055/1361/1144 1030/1334/1120 1029/1340/1124
f 1032/1337/236 1054/1362/1145 1028/1360/1143
f 1033/1348/1131 1055/1361/1144 1029/1340/1124
f 1043/1350/1133 1032/1337/236 1034/1341/1125
f 1057/1363/1146 1048/1355/1138 1050/1356/1139
f 1059/1364/1147 1052/1365/1148 1051/1357/1140
f 10/861/714 1061/1366/1149 1049/1359/1142
f 1054/1362/1145 1057/1363/1146 1050/1356/1139
f 1063/1367/1150 1051/1357/1140 1055/1361/1144
f 1056/1368/1151 1062/1369/1152 1054/1362/1145
f 1041/1370/1153 1063/1367/1150 1055/1361/1144
f 1066/1371/1154 1056/1368/1151 1043/1350/1133
f 1067/1372/1155 1041/1370/1153 1040/1347/1130
f 1042/1373/1156 1066/1371/1154 1043/1350/1133
f 1044/1374/1157 1067/1372/1155 1040/1347/1130
f 1045/1352/1135 1068/1375/1158 1042/1373/1156
f 1071/1376/1159 1044/1374/1157 1046/1353/1136
f 1072/1377/1160 1045/1352/1135 1047/1354/1137
f 1058/1378/1161 1046/1353/1136 1048/1355/1138
f 1049/1359/1142 1072/1377/1160 1047/1354/1137
f 1073/1379/1162 1066/1371/1154 1068/1375/1158
f 1069/1380/1163 1076/1381/1164 1067/1372/1155
f 1070/1382/1165 1073/1379/1162 1068/1375/1158
f 1078/1383/1166 1069/1380/1163 1071/1376/1159
f 1079/1384/1167 1070/1382/1165 1072/1377/1160
f 1080/1385/1168 1071/1376/1159 1058/1378/1161
f 1061/1366/1149 1079/1384/1167 1072/1377/1160
f 1082/1386/1169 1058/1378/1161 1057/1363/1146
f 1083/1387/1170 1060/1388/1171 1059/1364/1147
f 10/861/714 1081/1389/1172 1061/1366/1149
f 1062/1369/1152 1082/1386/1169 1057/1363/1146
f 1086/1390/1173 1059/1364/1147 1063/1367/1150
f 1064/1391/1174 1085/1392/1175 1062/1369/1152
f 1065/1393/1176 1086/1390/1173 1063/1367/1150
f 1074/1394/1177 1064/1391/1174 1066/1371/1154
f 1076/1381/1164 1065/1393/1176 1067/1372/1155
f 10/861/714 651/998/832 1081/1389/1172
f 812/1130/950 1082/1386/1169 1085/1392/1175
f 1086/1390/1173 746/979/813 1083/1387/1170
f 1089/965/799 1085/1392/1175 1087/1395/1178
f 1088/1396/1179 729/1079/906 1086/1390/1173
f 610/967/801 1087/1395/1178 1074/1394/1177
f 1076/1381/1164 730/1397/1180 1088/1396/1179
f 611/1398/1181 1074/1394/1177 1073/1379/1162
f 1075/1399/1182 747/973/807 1076/1381/1164
f 1090/976/810 1073/1379/1162 1077/1400/1183
f 1078/1383/1166 726/974/808 1075/1399/1182
f 650/1401/1184 1077/1400/1183 1079/1384/1167
f 1080/1385/1168 727/1402/1185 1078/1383/1166
f 651/998/832 1079/1384/1167 1081/1389/1172
f 705/1403/1186 1080/1385/1168 1082/1386/1169
f 746/979/813 1084/1404/1187 1083/1387/1170
f 862/1185/1000 1092/1405/1188 1091/1406/1189
f 552/266/248 1310/1407/1190 537/1408/1191
f 877/1195/317 1093/1409/1192 886/1204/258
f 876/1196/1010 1097/1410/1193 1095/1411/1194
f 925/1240/177 1098/1412/1195 1099/1413/1196
f 857/1414/1197 1102/1415/1198 1100/1416/1199
f 1167/910/750 1212/1417/1200 1170/895/738
f 1197/1132/389 1229/1145/964 1216/1418/381
f 877/1195/317 1095/1411/1194 1094/1419/1201
f 10/861/714 775/860/713 784/882/726
f 1249/943/778 1280/1105/928 1282/959/793
f 876/1196/1010 873/1192/1007 1104/1420/1202
f 868/1189/1004 1105/1421/1203 1106/1422/1204
f 1100/1416/1199 1108/1423/701 870/1191/1006
f 862/1185/1000 1091/1406/1189 1109/1424/1205
f 925/1240/177 922/1237/312 1110/1425/1206
f 870/1191/1006 1107/1426/1207 1111/1427/1208
f 1112/1428/1209 891/1210/1023 894/1209/1022
f 1101/1429/1210 857/1414/1197 861/1182/998
f 1031/1335/1121 1030/1334/1120 1053/1358/1141
f 1132/1006/840 1128/889/732 1133/891/734
f 1220/1126/947 1247/929/371 1222/920/368
f 1216/1418/381 1242/1077/904 1215/1133/952
f 1231/1430/1211 1238/970/804 1237/924/760
f 1229/1145/964 1240/1076/382 1216/1418/381
f 555/197/184 1311/265/247 548/267/249
f 757/1431/506 793/878/725 763/309/281
f 714/1003/837 717/1432/1212 716/1012/1213
f 1245/1064/894 1263/948/782 1247/929/371
f 1223/928/764 1232/932/767 1226/1070/898
f 1155/1106/929 1170/895/738 825/1144/963
f 1214/917/396 1225/1125/946 1224/1024/425
f 973/1280/95 967/1276/1075 1116/1433/1214
f 852/1175/991 844/1168/984 847/1178/994
f 992/1434/1215 1016/1323/684 986/1296/1090
f 948/1265/1066 918/1230/1040 917/1229/1039
f 852/1175/991 856/1177/993 853/1435/1216
f 854/1176/992 853/1435/1216 880/1199/1013
f 941/1254/1056 1118/1436/1217 947/1259/1060
f 964/1273/1072 946/1258/1059 1119/1437/1218
f 839/1171/987 835/1160/1219 831/1164/980
f 1123/1438/1220 1112/1428/1209 1122/1439/996
f 983/1298/1092 998/1300/1094 993/1297/1091
f 1117/1440/1012 889/1235/1044 882/1441/1221
f 987/1292/1088 1006/1311/90 988/1293/151
f 915/1234/1043 914/1442/1222 889/1235/1044
f 958/1275/1074 950/1443/1223 949/1261/1062
f 988/1293/151 1005/1312/677 971/1444/201
f 961/1290/76 960/1306/148 982/1301/1095
f 847/1178/994 836/1445/1224 839/1171/987
f 892/1208/1021 1120/1446/1002 907/1222/1032
f 927/1242/1046 892/1208/1021 907/1222/1032
f 942/1267/1067 941/1254/1056 947/1259/1060
f 981/1447/1225 962/1269/1069 961/1290/76
f 1122/1439/996 1121/1448/1226 1124/1449/997
f 997/1328/45 992/1434/1215 993/1297/1091
f 921/1233/1042 916/1450/1227 915/1234/1043
f 950/1443/1223 958/1275/1074 963/1270/219
f 829/1156/1228 712/1013/853 593/1020/852
f 972/1279/1078 968/1308/1100 973/1280/95
f 10/861/714 713/969/803 725/1138/957
f 1277/1451/1229 1300/980/814 1276/1104/927
f 761/1114/855 1332/1021/855 801/1005/839
f 106/59/58 679/215/201 688/1452/676
f 540/713/656 758/1453/1230 544/1454/1231
f 1253/1134/953 1285/1101/926 1287/953/787
f 716/1012/1232 717/1432/1233 722/850/1234
f 1305/961/795 729/1079/906 730/1397/1180
f 745/1455/1235 575/1119/941 375/1456/1236
f 1126/900/433 1176/899/741 1179/323/294
f 787/1457/1237 568/111/109 576/1141/960
f 559/1458/1238 1320/1041/870 546/1043/872
f 579/243/228 362/176/166 577/175/165
f 1294/977/811 650/1401/1184 1296/954/788
f 760/1115/937 761/1114/855 792/1459/1239
f 1196/906/746 1230/922/758 1195/907/747
f 1193/904/744 1198/1460/422 1194/1001/835
f 1246/1108/931 1264/933/768 1233/927/763
f 595/201/12 589/1461/101 664/1462/101
f 767/988/822 771/864/515 770/984/818
f 1291/963/797 611/1398/1181 1290/975/809
f 1282/959/793 1293/1463/1240 1284/944/779
f 1279/939/774 1299/1129/949 1302/964/798
f 1236/1147/966 1267/1464/1241 1271/937/772
f 573/1465/1242 1181/1466/1243 578/141/135
f 1325/1467/1244 817/879/491 820/881/512
f 737/1135/954 724/851/704 719/1046/876
f 452/228/213 701/1468/1245 710/1469/1246
f 829/1156/1247 565/1014/847 712/1013/847
f 829/1156/1248 835/1160/976 830/1162/978
f 955/1266/59 973/1280/95 952/1470/1214
f 910/1231/1041 918/1230/1040 911/1226/1036
f 932/1247/1051 970/1278/1077 933/1246/1050
f 939/1256/1057 981/1447/1225 940/1253/1055
f 854/1176/992 841/1471/1249 845/1169/985
f 978/1472/1250 985/1291/1087 975/1284/1081
f 905/1220/1030 902/1217/1028 901/1225/1035
f 906/1221/1031 905/1220/1030 901/1225/1035
f 913/1228/1038 953/1263/1064 1119/1437/1218
f 1123/1438/1220 1122/1439/996 859/1180/996
f 1117/1440/1012 848/1194/1009 854/1176/992
f 882/1441/1221 875/1193/1008 1117/1440/1012
f 908/1223/1033 951/1260/1061 943/1473/1223
f 837/1161/1251 827/1155/971 830/1162/1252
f 932/1247/1051 976/1283/1080 971/1444/201
f 936/1250/216 984/1289/1086 979/1286/1083
f 907/1222/1032 1120/1446/1002 867/1187/1002
f 832/1167/983 837/1161/1251 846/1170/986
f 1122/1439/996 860/1181/997 859/1180/996
f 914/1442/1222 883/1474/1253 882/1441/1221
f 910/1231/1041 885/1202/1016 884/1201/1015
f 981/1447/1225 939/1256/1057 944/1255/218
f 983/1298/1092 978/1472/1250 979/1286/1083
f 913/1228/1038 945/1257/1058 909/1224/1034
f 774/994/828 773/865/716 772/859/712
f 1299/1129/949 704/1475/1254 705/1403/1186
f 571/1113/936 1316/1044/873 574/1045/875
f 556/1042/871 741/833/696 541/835/698
f 560/1082/1255 1313/1476/1256 550/1477/1257
f 1288/1116/938 1297/1478/1258 1275/949/783
f 672/210/196 38/165/157 668/1479/297
f 1239/1480/1259 1270/1007/841 1238/970/804
f 1334/1062/893 1336/1481/892 1333/1482/1260
f 676/849/48 55/80/78 675/126/123
f 753/1063/893 1335/1031/861 1332/1021/855
f 1189/1483/404 1172/1128/439 1213/918/405
f 1174/1028/672 1168/1019/851 1169/916/755
f 100/222/207 602/1484/310 617/1485/305
f 1205/921/757 1217/1059/890 1209/909/749
f 1198/1460/422 1228/1089/916 1229/1145/964
f 1152/1486/1261 802/877/724 1134/1487/848
f 1169/916/755 1209/909/749 1211/919/756
f 1264/933/768 1278/1080/907 1266/934/769
f 755/1488/1262 753/1063/893 752/853/706
f 728/1489/1263 722/850/703 723/852/705
f 1148/1143/962 1133/891/734 1165/893/736
f 719/1046/876 734/1490/1264 732/1491/1265
f 10/861/714 1190/1071/899 1226/1070/898
f 1306/1085/912 559/1458/1238 538/1086/913
f 373/1492/1266 1121/1493/1266 1112/1494/1266
f 363/1495/1267 1096/1496/1268 1104/1497/1269
f 1128/889/732 1181/1498/1270 1158/905/745
f 743/991/825 744/995/829 750/1142/961
f 385/1499/1271 928/1500/1272 379/1501/1273
f 364/1502/1274 1105/1503/1275 339/1504/1276
f 53/6/6 546/1505/1277 556/1506/1278
f 382/1507/1279 980/1508/1280 995/1509/1281
f 364/1502/1274 850/1510/1282 1106/1511/1283
f 1225/1125/946 1234/1146/965 1228/1089/916
f 1201/999/833 1198/1460/422 1197/1132/389
f 379/1501/1273 938/1512/1284 374/1513/74
f 365/1514/1285 1100/1515/1286 316/1516/1287
f 1296/954/788 651/998/832 1298/997/831
f 793/878/725 805/958/792 804/1035/865
f 1314/1517/1288 820/881/512 790/871/509
f 1210/912/752 1221/926/762 1212/1417/1200
f 378/1518/1289 1084/1519/1290 384/1520/1291
f 365/1514/1285 1107/1521/1292 1108/1522/1293
f 782/866/717 819/883/727 784/882/726
f 381/1523/1294 1031/1524/1295 388/1525/1296
f 367/1526/1297 850/1510/1282 333/1527/1298
f 775/860/713 782/866/717 784/882/726
f 759/1528/1299 757/1431/506 756/308/280
f 359/1529/1300 1101/1530/1301 383/1531/1302
f 367/1526/1297 842/1532/1303 851/1533/1304
f 577/1153/969 1239/1122/943 579/1124/945
f 389/1534/1305 1060/1535/1306 378/1518/1289
f 783/1022/856 816/1010/844 815/1066/896
f 368/1536/1307 1091/1537/1308 324/1538/1309
f 328/1539/1310 864/1540/1311 897/1541/1312
f 1192/325/296 1194/1001/835 1184/1000/834
f 380/1542/1313 1101/1530/1301 861/1543/1314
f 368/1536/1307 1105/1503/1275 1109/1544/1315
f 337/1545/1316 592/1051/881 828/1546/1317
f 728/1489/1263 731/1098/923 725/1138/957
f 780/863/492 818/885/487 817/879/491
f 386/1547/1318 1031/1524/1295 1053/1548/1319
f 369/1549/1320 1093/1550/1321 334/1551/1322
f 1316/1552/1323 755/1488/1262 751/1553/1324
f 416/1554/1325 1121/1493/1326 376/1555/1327
f 369/1549/1328 1098/1556/1329 1110/1557/1330
f 352/1558/1331 865/1559/1332 344/1560/1333
f 1324/1561/1334 756/308/280 762/310/282
f 386/1547/1318 1052/1562/1335 389/1534/1305
f 794/873/722 795/1097/922 803/1093/918
f 352/1558/1331 1091/1537/1308 1092/1563/1336
f 799/1096/921 801/1005/839 800/1564/1337
f 384/1520/1291 745/1455/1235 375/1456/1236
f 1273/950/784 1279/939/774 1281/962/796
f 370/1565/1338 1107/1521/1292 325/1566/1339
f 1161/946/417 1206/911/751 1160/947/781
f 1133/891/734 1158/905/745 1157/908/748
f 377/1567/1340 893/1568/1341 385/1499/1271
f 776/1027/859 783/1022/856 1329/1569/716
f 370/1565/1338 1103/1570/1342 1111/1571/1343
f 334/1551/1322 1094/1572/1344 315/1573/1345
f 382/1507/1346 1023/1574/1347 381/1523/1294
f 371/1575/1348 842/1532/1303 335/1576/1349
f 1295/1577/1350 726/974/808 727/1402/1185
f 371/1575/1351 833/1578/1352 843/1579/1353
f 355/1580/1354 1096/1496/1268 342/1581/1355
f 1286/1148/967 1293/1463/1240 1292/972/806
f 1135/1582/1356 865/1559/1332 864/1540/1311
f 355/1580/1354 1095/1583/1357 1097/1584/1358
f 1297/1478/1258 727/1402/1185 704/1475/1254
f 372/1585/1359 833/1578/1352 320/1586/1360
f 1140/1587/1361 1099/1588/1362 1098/1556/1329
f 1265/930/765 1274/938/773 1267/1464/1241
f 372/1585/1363 828/1546/1317 834/1589/1364
f 357/1590/1365 897/1541/1312 1099/1588/1366
f 416/1554/1325 860/1591/1367 1124/1592/1368
f 1240/1076/382 1271/937/772 1273/950/784
f 740/856/709 769/1593/1369 739/1087/914
f 359/1529/1370 1100/1515/1286 1102/1594/1371
f 1170/895/738 1191/1069/897 1175/896/739
f 1175/896/739 1190/1071/899 1178/1072/900
f 502/1595/1372 861/1543/1314 860/1591/1367
f 1206/911/751 1219/1107/930 1210/912/752
f 118/774/680 660/709/653 1344/1596/702
f 1235/931/766 1267/1464/1241 1234/1146/965
f 10/861/714 1226/1070/898 1232/932/767
f 674/1149/306 86/340/309 678/1597/320
f 1310/985/819 771/864/515 1309/1598/1373
f 1253/1134/953 1289/955/789 1264/933/768
f 315/1573/1345 1095/1583/1357 322/1599/1374
f 790/871/509 821/880/484 798/875/479
f 748/996/830 732/1491/1265 739/1087/914
f 1317/1600/1375 751/1553/1324 1315/1139/958
f 561/1601/1376 1318/196/183 533/198/185
f 387/1602/1377 938/1512/1284 980/1508/1280
f 1333/1056/887 588/170/162 567/1057/888
f 377/1567/1340 1112/1494/1378 894/1603/1379
f 363/1495/1267 1103/1570/1342 313/1604/1380
f 1293/1463/1240 730/1397/1180 747/973/807
f 776/1027/859 1329/1569/716 769/1593/1369
f 1330/1605/1381 1132/1006/840 1148/1143/962
f 1286/1148/967 1295/1577/1350 1288/1116/938
f 1136/1606/395 183/471/427 1139/1607/404
f 1138/1608/438 529/1609/478 505/483/438
f 1137/1610/367 336/1611/1382 328/1612/1383
f 1137/1610/367 1135/1613/366 336/1611/1382
f 1139/1607/404 197/480/435 1138/1614/438
f 1322/1074/902 561/1601/1376 539/1075/903
f 1141/1615/426 196/478/433 1144/1616/434
f 1142/1617/687 196/478/433 503/520/473
f 1143/1618/635 348/1619/1384 167/468/424
f 1143/1618/635 182/467/296 1141/1615/426
f 1329/1569/716 739/1087/914 769/1593/1369
f 1231/1620/1385 573/1465/1386 572/1123/944
f 800/1564/1337 1330/1605/1381 795/1097/922
f 1189/1483/404 1186/324/295 1177/898/740
f 562/89/1387 720/32/32 536/34/34
f 563/33/1388 715/1621/1389 545/1050/880
f 777/1026/858 808/1023/857 776/1027/859
f 1314/1622/1390 553/711/1391 1342/1623/1392
f 309/105/103 1202/1624/614 6/106/104
f 1203/1625/626 1204/1626/1393 5/136/132
f 1200/654/603 308/678/625 1204/1627/1393
f 1310/1407/1190 534/1100/925 537/1408/1191
f 1199/1628/607 1203/1625/626 5/136/132
f 1203/679/626 1199/658/607 298/657/606
f 308/678/625 1348/64/63 1204/1627/1393
f 104/241/226 1343/140/134 1346/842/174
f 1350/137/62 1204/1626/1393 1348/1629/63
f 1350/63/62 487/62/61 1347/68/67
f 695/70/69 653/1630/1394 30/1631/673
f 625/674/621 496/1632/600 296/1633/1395
f 19/1634/549 268/611/561 269/615/565
f 638/1635/572 285/619/569 286/637/586
f 629/1636/583 18/1637/580 288/1638/1396
f 630/1639/1397 628/1640/594 296/1633/1395
f 1254/1641/520 1208/597/519 253/1642/1398
f 462/1643/535 22/1644/1399 633/1645/545
f 633/1646/545 265/630/579 266/633/582
f 1207/1647/1400 460/1648/593 303/648/597
f 639/1649/591 302/638/587 461/1650/592
f 14/1651/620 307/1652/1401 4/677/624
f 13/1653/620 295/641/590 634/670/618
f 462/1643/535 459/1654/534 250/1655/1402
f 12/1656/1403 272/627/577 622/1657/542
f 23/1658/557 56/1659/557 638/622/572
f 638/1635/572 56/1660/557 270/618/568
f 639/642/591 288/1638/1396 622/1657/542
f 639/1649/591 464/1661/576 287/639/588
f 636/1662/617 582/1663/589 637/1664/617
f 582/1665/589 294/664/613 637/1666/617
f 623/1667/526 626/1668/522 254/604/554
f 22/1669/1399 20/628/540 265/630/579
f 597/578/531 264/584/537 21/1670/540
f 482/1671/547 268/611/561 19/1634/549
f 465/595/547 1208/566/519 252/583/536
f 547/1672/589 21/587/540 582/1663/589
f 21/1670/540 279/624/574 582/1665/589
f 461/643/592 1255/1673/619 460/644/593
f 1256/1674/1404 635/1675/618 1257/1676/1404
f 1256/1677/1404 294/664/613 3/668/616
f 459/1654/534 597/1678/531 250/1655/1402
f 624/1679/539 271/621/571 272/627/577
f 623/1667/526 627/603/553 56/1659/557
f 56/1660/557 269/615/565 270/618/568
f 1259/1680/575 631/1681/573 286/637/586
f 1260/1682/599 296/1633/1395 496/1632/600
f 1254/1641/520 253/1642/1398 254/604/554
f 632/1683/545 482/598/547 465/1684/547
f 633/1646/545 267/609/559 482/1671/547
f 1207/1685/1400 629/1636/583 288/1638/1396
f 450/311/283 32/1686/1405 29/1687/290
f 473/261/243 451/683/630 710/1688/1246
f 699/1689/694 476/1690/1406 31/1691/120
f 700/1692/56 698/1693/1407 28/1694/210
f 1353/1695/1408 395/319/291 1352/282/171
f 35/1696/1409 392/1697/1410 646/1698/690
f 703/1699/689 407/207/193 35/1700/1409
f 1351/824/691 493/307/279 644/693/640
f 492/206/192 711/1701/695 645/1702/640
f 307/1652/1401 707/1703/52 27/1704/70
f 484/55/54 26/1705/70 706/53/52
f 646/1698/690 392/1697/1410 643/1706/699
f 453/226/211 25/1707/701 692/1708/121
f 710/1469/1246 37/1709/128 36/1710/128
f 710/1688/1246 451/683/630 37/1711/128
f 648/1712/1411 453/226/211 692/1708/121
f 711/1701/695 475/716/659 648/1713/1411
f 708/1714/53 690/1715/261 689/1716/261
f 483/7/7 690/1717/261 709/1718/53
f 693/1719/318 396/317/289 696/1720/316
f 35/1700/1409 33/217/142 24/1721/141
f 406/352/321 691/1722/143 34/1723/142
f 449/299/273 652/1724/260 32/1686/1405
f 649/296/260 394/182/172 1352/181/171
f 689/1716/261 34/150/142 33/1725/142
f 467/9/9 34/1723/142 690/1717/261
f 645/832/640 644/831/640 1354/1726/639
f 709/1727/53 708/1714/53 1356/1728/1412
f 1355/1729/1412 307/1652/1401 3/668/616
f 643/1706/699 691/151/143 1357/1730/178
f 694/1731/1413 452/228/213 647/1732/644
f 697/1733/1414 396/317/289 693/1719/318
f 37/1711/128 450/311/283 697/1734/1414
f 474/262/244 701/1735/1245 1358/1736/212
f 485/1737/1415 1359/1738/55 653/1630/1394
f 396/317/289 1353/1695/1408 1360/1739/251
f 652/280/260 702/1740/689 649/281/260
f 448/298/272 703/1699/689 652/1724/260
f 1351/1741/691 699/1689/694 1361/1742/692
f 457/1/1 569/203/189 580/2/2
f 65/4/4 64/43/43 52/5/5
f 483/7/7 481/249/232 466/8/8
f 595/12/12 591/1743/187 85/108/106
f 85/108/106 84/10/10 595/12/12
f 480/13/13 479/202/188 457/1/1
f 478/15/15 495/287/265 494/16/16
f 74/18/18 73/157/149 62/19/19
f 83/21/21 97/771/678 96/22/22
f 330/24/24 329/219/204 121/25/25
f 95/29/29 598/40/40 641/30/30
f 720/32/32 721/1744/1416 563/33/33
f 543/36/36 45/127/124 55/80/78
f 55/80/78 54/37/37 543/36/36
f 54/37/37 541/1745/1417 558/35/35
f 598/40/40 95/29/29 109/331/300
f 109/331/300 108/38/38 598/40/40
f 458/14/14 457/1/1 403/3/3
f 79/42/42 78/92/90 64/43/43
f 90/44/44 89/104/102 75/45/45
f 605/717/123 57/328/299 615/49/49
f 57/328/299 68/47/47 615/49/49
f 661/51/51 94/120/117 608/370/39
f 608/370/39 621/52/50 661/51/51
f 621/52/50 590/1746/93 665/1747/93
f 683/50/50 621/52/50 665/1747/93
f 706/53/52 1356/1748/1412 708/54/53
f 469/58/57 470/264/246 1359/56/55
f 470/264/246 486/263/245 1359/56/55
f 486/263/245 653/1749/1394 1359/56/55
f 106/59/58 600/1750/95 640/60/59
f 338/65/64 332/100/98 124/66/65
f 471/69/68 472/327/298 1347/68/67
f 472/327/298 488/117/115 1347/68/67
f 698/1693/1407 485/1737/1415 26/72/70
f 485/1737/1415 695/70/69 26/72/70
f 27/71/70 707/1751/52 26/72/70
f 707/1751/52 706/1752/52 26/72/70
f 1339/75/73 1338/367/241 540/73/71
f 1338/367/241 77/782/684 540/73/71
f 67/79/77 66/179/169 54/37/37
f 117/81/79 587/847/302 620/82/80
f 44/84/82 574/368/333 554/85/83
f 84/10/10 570/245/230 576/87/85
f 733/88/86 734/1753/1418 562/89/87
f 93/91/89 92/769/677 78/92/90
f 557/94/92 539/288/266 49/93/91
f 49/93/91 48/229/214 535/86/84
f 48/229/214 44/84/82 535/86/84
f 360/98/96 358/270/252 331/99/97
f 89/104/102 88/156/148 74/18/18
f 338/65/64 361/125/122 360/98/96
f 85/108/106 99/354/323 98/109/107
f 568/111/109 788/1754/1419 1327/112/110
f 115/114/112 318/239/224 317/115/113
f 110/121/118 109/331/300 95/29/29
f 82/23/23 604/772/325 612/48/48
f 675/126/123 55/80/78 45/127/124
f 398/130/127 647/697/644 36/131/128
f 1347/138/67 1349/107/105 5/136/132
f 1349/107/105 6/106/104 5/136/132
f 90/44/44 76/46/46 1345/139/133
f 578/141/135 1181/1466/1243 1129/142/136
f 88/156/148 89/104/102 654/144/76
f 89/104/102 103/231/216 670/145/74
f 691/151/143 392/1697/1410 24/149/141
f 392/1697/1410 35/1696/1409 24/149/141
f 24/149/141 33/1725/142 34/150/142
f 112/152/144 126/164/156 573/153/145
f 317/115/113 314/291/269 113/155/147
f 88/156/148 87/335/304 73/157/149
f 105/158/150 91/366/332 1341/159/151
f 105/158/150 1340/160/152 685/161/153
f 340/163/155 572/244/229 573/153/145
f 38/165/157 545/316/288 347/166/158
f 1336/168/160 754/1755/1420 659/169/161
f 62/19/19 73/157/149 72/171/163
f 662/174/152 106/59/58 596/61/60
f 596/61/60 607/1756/131 685/173/153
f 607/1756/131 119/775/681 685/173/153
f 119/775/681 666/1757/154 685/173/153
f 403/3/3 580/2/2 577/175/165
f 66/179/169 67/79/77 657/848/688
f 657/848/688 687/1758/905 66/179/169
f 687/1758/905 667/177/167 66/179/169
f 98/109/107 112/152/144 578/154/146
f 349/183/173 350/185/175 1353/1759/1408
f 1353/1759/1408 1352/181/171 349/183/173
f 666/162/154 1344/1760/702 1346/184/174
f 350/185/175 349/183/173 321/186/176
f 343/190/180 345/837/700 1357/188/178
f 345/837/700 643/836/699 1357/188/178
f 1357/188/178 691/1722/143 391/189/179
f 52/5/5 549/301/275 551/191/181
f 1341/195/151 92/769/677 679/768/201
f 679/768/201 662/193/152 1341/195/151
f 1318/196/183 1319/1761/1421 555/197/184
f 479/202/188 575/350/319 569/203/189
f 7/204/190 310/250/233 491/205/191
f 469/58/57 468/216/202 407/207/193
f 686/211/197 656/128/125 41/209/195
f 656/128/125 45/127/124 41/209/195
f 1345/139/133 76/46/46 550/212/198
f 60/101/99 61/172/164 671/102/100
f 61/172/164 72/171/163 669/784/683
f 681/214/200 61/172/164 669/784/683
f 468/216/202 689/283/261 33/217/142
f 330/24/24 356/360/327 354/218/203
f 405/220/205 466/8/8 458/14/14
f 101/221/206 115/114/112 114/116/114
f 404/41/41 403/3/3 362/176/166
f 127/167/159 128/284/262 663/224/209
f 663/224/209 668/1479/297 38/165/157
f 468/216/202 469/58/57 28/225/210
f 469/58/57 700/57/56 28/225/210
f 28/225/210 698/1762/1407 484/55/54
f 453/226/211 648/1712/1411 1358/227/212
f 1358/227/212 701/1468/1245 452/228/213
f 113/155/147 314/291/269 126/164/156
f 80/178/168 79/42/42 65/4/4
f 48/229/214 60/101/99 664/103/101
f 103/231/216 673/242/227 684/232/217
f 642/233/218 594/826/693 116/765/674
f 116/765/674 115/114/112 642/233/218
f 115/114/112 101/221/206 599/234/219
f 613/235/220 42/290/268 39/236/221
f 69/129/126 83/21/21 82/23/23
f 346/238/223 345/837/700 318/239/224
f 104/241/226 660/1763/653 673/242/227
f 572/244/229 340/163/155 366/223/208
f 366/223/208 362/176/166 572/244/229
f 98/109/107 566/180/170 570/245/230
f 620/246/80 587/333/302 321/186/176
f 321/186/176 319/240/225 620/246/80
f 319/240/225 116/765/674 584/247/81
f 483/7/7 3/668/616 2/248/231
f 310/250/233 309/667/103 489/251/234
f 332/100/98 331/99/97 123/252/235
f 555/255/238 548/1764/1422 51/253/236
f 50/254/237 533/1765/1423 555/255/238
f 63/20/20 51/253/236 537/256/239
f 64/43/43 78/92/90 1338/258/241
f 559/260/242 546/1505/1277 53/6/6
f 53/6/6 52/5/5 559/260/242
f 491/205/191 489/251/234 473/261/243
f 470/264/246 471/69/68 1348/64/63
f 471/69/68 487/62/61 1348/64/63
f 1311/265/247 1312/1766/1424 552/266/248
f 351/268/250 696/347/316 1360/269/251
f 1360/269/251 1353/1759/1408 350/185/175
f 358/270/252 356/360/327 330/24/24
f 554/271/253 1317/1767/1425 1315/272/254
f 401/274/256 400/313/285 358/270/252
f 607/135/131 120/134/130 327/276/258
f 327/276/258 326/343/312 619/275/257
f 326/343/312 585/845/679 619/275/257
f 394/182/172 393/297/271 346/238/223
f 655/279/215 664/1462/101 589/1461/101
f 589/1461/101 618/277/259 655/279/215
f 1352/282/171 395/319/291 32/1768/1405
f 32/1768/1405 652/280/260 1352/282/171
f 484/55/54 708/54/53 689/283/261
f 8/286/264 312/675/622 494/16/16
f 108/38/38 122/26/26 121/25/25
f 561/289/267 533/1765/1423 50/254/237
f 50/254/237 49/93/91 561/289/267
f 586/148/140 46/147/139 42/290/268
f 314/291/269 341/785/685 340/163/155
f 656/294/125 46/147/139 603/146/138
f 603/146/138 605/292/123 656/294/125
f 649/296/260 702/822/689 393/297/271
f 111/110/108 125/67/66 124/66/65
f 471/69/68 470/264/246 448/298/272
f 549/301/275 52/5/5 64/43/43
f 64/43/43 1339/259/73 1337/300/274
f 40/302/276 609/369/222 412/303/263
f 600/97/95 107/96/94 121/25/25
f 121/25/25 120/134/130 640/305/59
f 120/134/130 596/133/60 640/305/59
f 494/16/16 312/675/622 311/306/278
f 756/308/280 757/1431/506 763/309/281
f 450/311/283 472/327/298 471/69/68
f 455/312/284 454/122/119 400/313/285
f 63/20/20 62/19/19 50/254/237
f 545/316/288 38/165/157 536/314/286
f 38/165/157 41/209/195 536/314/286
f 396/317/289 697/1733/1414 29/318/290
f 29/318/290 32/1768/1405 395/319/291
f 47/320/292 586/330/140 613/321/220
f 1179/323/294 1176/899/741 1186/324/295
f 42/290/268 672/1769/196 668/326/297
f 473/261/243 489/251/234 488/117/115
f 318/239/224 345/837/700 343/190/180
f 586/330/140 47/320/292 58/338/307
f 58/338/307 57/328/299 586/330/140
f 124/66/65 123/252/235 109/331/300
f 583/332/301 323/187/177 321/186/176
f 41/209/195 45/127/124 562/334/303
f 45/127/124 543/36/36 562/334/303
f 87/335/304 677/1770/328 682/336/305
f 480/13/13 306/666/615 1/339/308
f 327/276/258 353/348/317 351/268/250
f 1337/346/315 544/1454/1231 758/1453/1230
f 758/1453/1230 759/344/313 1337/346/315
f 351/268/250 353/348/317 696/347/316
f 353/348/317 397/132/129 693/349/318
f 329/219/204 327/276/258 120/134/130
f 470/264/246 469/58/57 408/208/194
f 1/339/308 375/1771/1426 575/350/319
f 72/171/163 73/157/149 678/351/320
f 73/157/149 87/335/304 674/337/306
f 406/352/321 405/220/205 390/353/322
f 606/355/311 602/1484/310 100/222/207
f 100/222/207 99/354/323 606/355/311
f 398/130/127 397/132/129 353/348/317
f 534/257/240 542/359/326 63/20/20
f 542/359/326 75/45/45 74/18/18
f 400/313/285 399/696/643 356/360/327
f 456/28/28 478/15/15 477/17/17
f 672/1769/196 42/290/268 686/362/197
f 42/290/268 46/147/139 686/362/197
f 571/364/330 44/84/82 48/229/214
f 48/229/214 655/230/215 571/364/330
f 88/156/148 654/144/76 680/365/331
f 680/365/331 677/1770/328 87/335/304
f 91/366/332 77/782/684 1338/367/241
f 54/37/37 66/179/169 65/4/4
f 354/218/203 353/348/317 327/276/258
f 43/322/293 613/321/220 609/369/222
f 618/372/259 589/1120/101 59/714/657
f 59/714/657 564/373/334 618/372/259
f 564/373/334 567/777/682 581/374/215
f 331/99/97 330/24/24 122/26/26
f 51/253/236 548/1764/1422 552/375/335
f 621/377/50 608/39/39 108/38/38
f 108/38/38 107/96/94 621/377/50
f 347/166/158 337/382/340 130/379/337
f 506/381/339 128/284/262 127/167/159
f 127/167/159 130/379/337 506/381/339
f 412/303/263 434/388/345 132/378/336
f 133/391/348 130/379/337 320/384/342
f 130/379/337 337/382/340 320/384/342
f 512/385/338 516/1772/686 134/386/343
f 434/388/345 436/397/354 135/389/346
f 133/391/348 320/384/342 371/392/349
f 371/392/349 335/398/355 137/393/350
f 138/396/353 134/386/343 530/394/351
f 134/386/343 516/1772/686 530/394/351
f 436/397/354 414/403/360 139/390/347
f 147/423/380 137/393/350 335/398/355
f 367/399/356 333/1773/1427 146/400/357
f 147/423/380 335/398/355 146/400/357
f 428/402/359 138/396/353 499/395/352
f 499/395/352 519/729/358 430/401/358
f 149/405/362 139/390/347 414/403/360
f 414/403/360 428/726/359 148/404/361
f 140/408/365 136/690/637 380/406/363
f 380/406/363 502/1774/669 498/407/364
f 155/411/368 144/414/371 344/1775/1428
f 344/1775/1428 1135/409/366 155/411/368
f 140/408/365 498/407/364 507/412/369
f 144/414/371 155/411/368 156/415/372
f 140/408/365 151/413/370 152/417/374
f 146/400/357 145/416/373 156/415/372
f 142/420/377 141/418/375 152/417/374
f 146/400/357 157/419/376 158/422/379
f 142/420/377 153/421/378 154/424/381
f 159/428/385 148/404/361 438/426/383
f 148/404/361 430/727/358 438/426/383
f 149/405/362 148/404/361 159/428/385
f 500/431/388 158/422/379 157/419/376
f 157/419/376 171/444/401 511/815/416
f 511/815/416 531/430/387 157/419/376
f 153/421/378 164/446/403 165/432/389
f 435/427/384 429/461/418 173/433/390
f 160/429/386 159/428/385 173/433/390
f 377/435/392 385/472/428 161/436/393
f 155/411/368 1137/410/367 1136/438/395
f 155/411/368 169/439/396 170/441/398
f 163/445/402 152/417/374 513/443/400
f 152/417/374 151/413/370 515/440/397
f 525/442/399 152/417/374 515/440/397
f 157/419/376 156/415/372 170/441/398
f 153/421/378 152/417/374 163/445/402
f 169/439/396 1136/438/395 1139/447/404
f 169/439/396 184/448/405 185/452/409
f 501/455/412 171/444/401 170/441/398
f 170/441/398 185/452/409 504/454/411
f 179/494/447 164/446/403 518/456/413
f 164/446/403 163/445/402 522/453/410
f 426/458/415 172/740/665 511/459/416
f 511/459/416 501/788/412 446/457/414
f 501/788/412 186/725/662 423/724/450
f 446/457/414 501/788/412 423/724/450
f 164/446/403 179/494/447 180/460/417
f 188/463/420 173/433/390 429/461/418
f 429/461/418 426/756/415 187/462/419
f 165/432/389 180/460/417 181/464/421
f 173/433/390 188/463/420 189/466/423
f 166/465/422 181/464/421 182/467/296
f 168/469/425 1143/688/635 1141/470/426
f 385/472/428 379/481/436 176/473/429
f 187/462/419 201/499/452 202/474/430
f 195/516/469 181/464/421 514/475/137
f 181/464/421 180/460/417 497/476/431
f 189/466/423 188/463/420 202/474/430
f 181/464/421 195/516/469 196/478/433
f 183/471/427 1141/470/426 1144/479/434
f 379/481/436 374/1776/1429 190/482/437
f 523/484/439 184/448/405 1139/447/404
f 1139/447/404 1138/1608/438 505/483/438
f 177/485/440 176/473/429 190/482/437
f 508/805/671 185/452/409 532/487/442
f 185/452/409 184/448/405 532/487/442
f 433/723/661 186/725/662 504/491/411
f 527/492/446 508/1777/671 444/493/446
f 508/1777/671 418/1778/671 444/493/446
f 433/723/661 504/491/411 444/493/446
f 179/494/447 518/456/413 526/495/448
f 201/499/452 187/462/419 423/497/450
f 423/497/450 433/1779/661 200/498/451
f 180/460/417 179/494/447 524/500/453
f 179/494/447 521/496/449 524/500/453
f 191/486/441 190/482/437 204/501/454
f 213/503/456 199/742/666 425/758/672
f 425/758/672 445/504/457 213/503/456
f 445/504/457 422/745/477 212/505/458
f 191/486/441 205/502/455 206/506/459
f 200/498/451 199/742/666 213/503/456
f 193/509/462 192/507/460 206/506/459
f 200/498/451 214/508/461 215/511/464
f 194/512/465 424/786/660 447/513/466
f 201/499/452 215/511/464 216/515/468
f 195/516/469 514/475/137 528/517/470
f 203/477/432 202/474/430 216/515/468
f 196/478/433 195/516/469 517/518/471
f 1144/479/434 1142/1780/687 509/521/474
f 190/482/437 374/1776/1429 387/522/475
f 422/524/477 198/750/668 505/792/438
f 529/525/478 509/1781/474 211/534/487
f 422/524/477 505/792/438 529/525/478
f 211/534/487 432/523/476 529/525/478
f 209/526/479 411/807/667 443/527/480
f 217/519/472 216/515/468 230/529/482
f 210/531/484 209/526/479 415/528/481
f 210/531/484 410/532/485 413/533/486
f 204/501/454 387/522/475 382/535/488
f 226/539/492 212/505/458 432/746/476
f 442/537/490 413/754/486 225/538/491
f 226/539/492 432/746/476 442/537/490
f 205/502/455 204/501/454 218/536/489
f 212/505/458 226/539/492 227/541/494
f 205/502/455 219/540/493 220/542/495
f 214/508/461 213/503/456 227/541/494
f 207/510/463 206/506/459 220/542/495
f 214/508/461 228/543/496 229/545/498
f 207/510/463 221/544/497 222/546/499
f 215/511/464 229/545/498 230/529/482
f 226/539/492 240/562/515 241/548/501
f 219/540/493 233/563/516 234/549/502
f 228/543/496 227/541/494 241/548/501
f 221/544/497 220/542/495 234/549/502
f 228/543/496 242/550/503 243/552/505
f 221/544/497 235/551/504 236/553/506
f 229/545/498 243/552/505 244/554/507
f 222/546/499 236/553/506 237/555/508
f 231/530/483 230/529/482 244/554/507
f 223/556/509 237/555/508 238/558/511
f 225/538/491 224/559/512 238/558/511
f 382/535/488 381/570/523 232/561/514
f 226/539/492 225/538/491 239/560/513
f 219/540/493 218/536/489 232/561/514
f 245/557/510 244/554/507 259/564/517
f 1254/567/520 238/558/511 237/555/508
f 237/555/508 252/583/536 1208/566/519
f 239/560/513 238/558/511 1261/568/521
f 238/558/511 1254/567/520 1261/568/521
f 247/572/525 232/561/514 381/570/523
f 381/570/523 388/705/652 246/571/524
f 255/606/556 240/562/515 623/573/526
f 240/562/515 239/560/513 626/569/522
f 233/563/516 232/561/514 247/572/525
f 240/562/515 255/606/556 256/575/528
f 233/563/516 248/574/527 249/576/529
f 242/550/503 241/548/501 256/575/528
f 459/581/534 235/551/504 1258/579/532
f 235/551/504 234/549/502 1258/579/532
f 234/549/502 249/576/529 1258/579/532
f 242/550/503 257/577/530 258/580/533
f 251/592/544 236/553/506 462/582/535
f 236/553/506 235/551/504 462/582/535
f 243/552/505 258/580/533 259/564/517
f 236/553/506 251/592/544 252/583/536
f 248/574/527 263/608/558 264/584/537
f 257/577/530 256/575/528 463/585/538
f 22/1644/1399 250/1655/1402 11/589/541
f 250/1655/1402 597/1678/531 11/589/541
f 597/1678/531 21/587/540 11/589/541
f 258/580/533 257/577/530 12/1782/1403
f 257/577/530 624/586/539 12/1782/1403
f 12/1782/1403 622/590/542 258/580/533
f 258/580/533 273/591/543 274/594/546
f 251/592/544 632/593/545 465/595/547
f 260/565/518 259/564/517 274/594/546
f 19/599/549 253/1642/1398 1208/597/519
f 1208/597/519 465/1684/547 482/598/547
f 386/600/550 389/612/562 261/601/551
f 254/604/554 253/1642/1398 16/602/552
f 253/1642/1398 19/599/549 16/602/552
f 246/571/524 261/601/551 262/605/555
f 248/574/527 247/572/525 262/605/555
f 256/575/528 255/606/556 23/607/557
f 267/609/559 282/635/584 283/610/560
f 389/612/562 378/655/604 276/613/563
f 269/615/565 268/611/561 283/610/560
f 261/601/551 276/613/563 277/617/567
f 270/618/568 269/615/565 284/616/566
f 263/608/558 262/605/555 277/617/567
f 263/608/558 278/620/570 279/624/574
f 272/627/577 271/621/571 1259/625/575
f 271/621/571 631/623/573 1259/625/575
f 20/628/540 547/640/589 280/629/578
f 265/630/579 280/629/578 281/632/581
f 289/636/585 274/594/546 629/634/583
f 274/594/546 273/591/543 629/634/583
f 266/633/582 281/632/581 282/635/584
f 275/596/548 274/594/546 289/636/585
f 286/637/586 301/663/612 302/638/587
f 547/640/589 636/669/617 295/641/590
f 1207/1685/1400 288/1638/1396 460/644/593
f 288/1638/1396 639/642/591 460/644/593
f 630/1783/1397 281/632/581 15/646/595
f 281/632/581 280/629/578 15/646/595
f 280/629/578 295/641/590 15/646/595
f 304/649/598 289/636/585 1262/647/596
f 289/636/585 629/634/583 1262/647/596
f 1262/647/596 1207/1647/1400 303/648/597
f 297/652/601 282/635/584 1260/650/599
f 282/635/584 281/632/581 1260/650/599
f 281/632/581 630/1783/1397 1260/650/599
f 289/636/585 304/649/598 305/653/602
f 298/657/606 283/610/560 1200/654/603
f 283/610/560 282/635/584 1200/654/603
f 378/655/604 384/680/627 291/656/605
f 299/660/609 284/616/566 1199/658/607
f 284/616/566 283/610/560 1199/658/607
f 276/613/563 291/656/605 292/659/608
f 285/619/569 284/616/566 299/660/609
f 278/620/570 277/617/567 292/659/608
f 285/619/569 300/661/610 301/663/612
f 278/620/570 293/662/611 294/664/613
f 292/659/608 291/656/605 1/339/308
f 300/661/610 299/660/609 1202/665/614
f 293/662/611 292/659/608 306/666/615
f 300/661/610 309/667/103 310/250/233
f 294/664/613 293/662/611 2/248/231
f 301/663/612 310/250/233 7/204/190
f 636/669/617 1257/1784/1404 634/670/618
f 311/306/278 303/648/597 460/1648/593
f 1255/671/619 461/1650/592 302/638/587
f 311/306/278 460/1648/593 1255/671/619
f 302/638/587 7/204/190 1255/671/619
f 625/674/621 296/1633/1395 13/672/620
f 296/1633/1395 628/1640/594 13/672/620
f 13/672/620 634/1785/618 635/1675/618
f 13/672/620 635/1675/618 14/673/620
f 303/648/597 311/306/278 312/675/622
f 308/678/625 297/652/601 17/676/623
f 297/652/601 496/651/600 17/676/623
f 17/676/623 625/1786/621 4/677/624
f 304/649/598 312/675/622 8/286/264
f 384/680/627 375/1771/1426 1/339/308
f 352/681/628 344/1775/1428 144/414/371
f 451/683/630 473/261/243 472/327/298
f 166/465/422 334/684/631 165/432/389
f 334/684/631 315/694/641 154/424/381
f 355/685/632 342/1787/1430 143/425/382
f 168/469/425 328/1612/1383 357/687/634
f 357/687/634 1140/1788/634 1143/688/635
f 359/689/636 383/704/651 136/690/637
f 50/254/237 62/19/19 61/172/164
f 644/693/640 493/307/279 311/306/278
f 311/306/278 7/204/190 1354/692/639
f 7/204/190 492/206/192 1354/692/639
f 492/206/192 645/1702/640 1354/692/639
f 322/686/633 143/425/382 154/424/381
f 85/108/106 591/1743/187 616/695/642
f 399/696/643 694/1789/1413 647/697/644
f 143/425/382 342/1787/1430 363/698/645
f 363/698/645 313/1790/1431 142/420/377
f 146/400/357 333/1773/1427 364/699/646
f 364/699/646 339/1791/1432 145/416/373
f 141/418/375 325/1792/1433 365/1793/1434
f 365/1793/1434 316/691/638 141/418/375
f 316/691/638 136/690/637 140/408/365
f 145/416/373 339/1791/1432 368/700/647
f 368/700/647 324/682/629 144/414/371
f 167/468/424 348/1619/1384 369/701/648
f 369/701/648 334/684/631 166/465/422
f 142/420/377 313/1790/1431 370/702/649
f 370/702/649 325/1792/1433 141/418/375
f 680/706/331 654/78/76 102/77/75
f 102/77/75 599/707/219 680/706/331
f 599/707/219 614/1794/328 677/708/328
f 343/190/180 341/785/685 314/291/269
f 660/709/653 118/774/680 117/81/79
f 553/711/654 1314/1622/1435 791/712/655
f 61/172/164 60/101/99 48/229/214
f 492/206/192 491/205/191 474/262/244
f 58/338/307 69/129/126 68/47/47
f 102/77/75 594/844/693 642/718/218
f 410/722/485 415/1795/481 223/556/509
f 520/738/384 435/1796/384 519/729/358
f 435/1796/384 438/728/383 519/729/358
f 439/730/663 419/1797/408 177/485/440
f 193/509/462 437/720/449 440/732/448
f 440/732/448 427/1798/445 192/507/460
f 436/733/354 434/1799/345 131/387/344
f 150/437/394 417/747/369 441/734/664
f 441/734/664 409/751/364 373/703/650
f 409/751/364 376/753/670 373/703/650
f 442/735/490 432/523/476 211/534/487
f 172/740/665 429/737/418 500/736/388
f 429/737/418 435/1796/384 520/738/384
f 223/556/509 415/1795/481 443/739/480
f 443/739/480 411/743/667 222/546/499
f 411/743/667 208/547/500 222/546/499
f 200/498/451 433/1779/661 444/741/446
f 444/741/446 418/757/671 199/742/666
f 414/721/360 436/733/354 134/386/343
f 417/747/369 150/437/394 161/436/393
f 177/485/440 419/1797/408 421/748/407
f 421/748/407 161/436/393 176/473/429
f 192/507/460 427/1798/445 431/731/444
f 431/731/444 177/485/440 191/486/441
f 445/749/457 425/816/672 198/750/668
f 410/722/485 224/559/512 225/538/491
f 446/755/414 423/497/450 187/462/419
f 131/387/344 434/1799/345 506/761/339
f 434/1799/345 412/759/263 506/761/339
f 208/547/500 420/744/467 447/762/466
f 447/762/466 424/719/660 207/510/463
f 424/719/660 193/509/462 207/510/463
f 467/9/9 466/8/8 405/220/205
f 466/8/8 481/249/232 480/13/13
f 99/354/323 113/155/147 112/152/144
f 653/1749/1394 486/263/245 30/764/673
f 486/263/245 308/678/625 30/764/673
f 308/678/625 4/677/624 30/764/673
f 319/240/225 318/239/224 115/114/112
f 560/766/675 550/212/198 76/46/46
f 75/45/45 542/359/326 560/766/675
f 92/769/677 93/91/89 688/767/676
f 93/91/89 665/1068/93 688/767/676
f 104/241/226 103/231/216 89/104/102
f 105/158/150 1346/184/174 1343/770/134
f 123/252/235 122/26/26 108/38/38
f 78/92/90 92/769/677 1341/195/151
f 481/249/232 2/248/231 306/666/615
f 667/1800/167 81/357/324 601/356/31
f 601/356/31 641/1801/30 667/1800/167
f 641/1801/30 598/371/40 658/119/116
f 667/1800/167 641/1801/30 658/119/116
f 604/772/325 82/23/23 96/22/22
f 96/22/22 95/29/29 604/772/325
f 585/773/679 583/1802/301 118/774/680
f 119/775/681 607/1756/131 619/776/257
f 79/42/42 80/178/168 658/1092/116
f 658/1092/116 661/779/51 79/42/42
f 412/759/263 609/237/222 663/780/209
f 609/237/222 39/236/221 663/780/209
f 669/781/683 678/1597/320 616/1803/642
f 678/1597/320 86/340/309 606/342/311
f 616/1803/642 678/1597/320 606/342/311
f 616/1803/642 591/200/187 669/781/683
f 77/782/684 91/366/332 1343/770/134
f 114/116/114 113/155/147 99/354/323
f 341/785/685 390/353/322 366/223/208
f 349/183/173 346/238/223 319/240/225
f 194/512/465 497/790/431 524/787/453
f 524/787/453 521/1804/449 424/786/660
f 521/1804/449 437/1805/449 424/786/660
f 519/793/358 499/1806/352 137/393/350
f 503/794/473 517/1807/471 209/526/479
f 525/795/399 515/1808/397 162/449/406
f 178/488/443 522/819/410 431/489/444
f 522/819/410 513/796/400 439/797/663
f 431/489/444 522/819/410 439/797/663
f 513/796/400 162/449/406 419/451/408
f 437/1805/449 521/1804/449 440/798/448
f 521/1804/449 526/1809/448 440/798/448
f 526/1809/448 518/799/413 440/798/448
f 518/799/413 178/488/443 427/490/445
f 417/802/369 507/810/369 498/800/364
f 498/800/364 409/813/364 441/801/664
f 520/803/384 519/793/358 147/423/380
f 527/804/446 504/454/411 185/452/409
f 516/806/686 512/380/338 130/379/337
f 209/526/479 517/1807/471 528/808/470
f 528/808/470 514/789/137 420/514/467
f 514/789/137 194/512/465 420/514/467
f 420/514/467 411/807/667 528/808/470
f 529/809/478 1138/1614/438 197/480/435
f 162/449/406 515/1808/397 421/450/407
f 515/1808/397 507/810/369 421/450/407
f 137/393/350 499/1806/352 133/391/348
f 499/1806/352 530/811/351 133/391/348
f 502/812/669 416/1810/669 409/813/364
f 531/814/387 511/459/416 172/740/665
f 418/1778/671 508/1777/671 425/816/672
f 508/1777/671 532/817/442 425/816/672
f 532/817/442 523/791/439 198/750/668
f 211/534/487 509/1781/474 1142/818/687
f 1142/818/687 503/794/473 210/531/484
f 356/360/327 399/696/643 398/130/127
f 612/1811/48 604/358/325 676/820/48
f 604/358/325 81/357/324 657/821/688
f 326/343/312 351/268/250 350/185/175
f 699/827/694 477/17/17 1361/825/692
f 477/17/17 494/16/16 1361/825/692
f 494/16/16 493/307/279 1361/825/692
f 390/353/322 405/220/205 404/41/41
f 489/251/234 309/667/103 1349/118/105
f 454/122/119 455/312/284 699/827/694
f 455/312/284 477/17/17 699/827/694
f 402/295/270 401/274/256 360/98/96
f 553/829/199 540/73/71 77/782/684
f 77/782/684 1345/783/133 553/829/199
f 711/830/695 476/1690/1406 644/831/640
f 476/1690/1406 1351/1741/691 644/831/640
f 402/295/270 456/28/28 455/312/284
f 741/833/696 742/1812/1436 558/834/697
f 345/837/700 346/238/223 646/823/690
f 346/238/223 393/297/271 646/823/690
f 615/838/49 612/1811/48 675/293/123
f 612/1811/48 676/820/48 675/293/123
f 400/313/285 454/122/119 692/124/121
f 25/839/701 694/1789/1413 399/696/643
f 400/313/285 692/124/121 25/839/701
f 71/199/186 671/1813/100 681/840/200
f 1344/841/702 660/1763/653 104/241/226
f 684/843/217 673/710/227 117/81/79
f 117/81/79 584/83/81 684/843/217
f 584/83/81 594/844/693 684/843/217
f 594/844/693 102/77/75 670/76/74
f 391/189/179 390/353/322 341/785/685
f 326/343/312 323/187/177 583/332/301
f 97/771/678 111/110/108 110/121/118
f 70/11/11 576/87/85 568/715/658
f 118/774/680 583/1802/301 587/847/302
f 722/850/1234 717/1432/1233 724/851/1437
f 752/853/706 760/1115/937 765/854/707
f 740/856/709 762/310/282 763/309/281
f 749/858/711 750/1142/961 772/859/712
f 768/862/715 781/874/723 780/863/492
f 773/865/716 783/1022/856 782/866/717
f 788/867/718 787/1055/885 786/868/719
f 789/872/499 757/1431/506 791/870/721
f 757/1431/506 758/1814/1438 791/870/721
f 768/862/715 765/854/707 794/873/722
f 789/872/499 790/871/509 798/875/479
f 789/872/499 797/876/500 802/877/724
f 817/879/491 818/885/487 821/880/484
f 1113/897/435 818/885/487 1114/884/728
f 818/885/487 814/1103/458 1115/886/729
f 823/888/731 1129/1815/1439 1128/889/732
f 1133/891/734 1157/908/748 1166/892/735
f 824/894/737 825/1144/963 1170/895/738
f 1113/897/435 1114/884/728 1177/898/740
f 1126/900/433 1179/323/294 1180/901/742
f 1192/325/296 1186/324/295 1187/903/743
f 1158/905/745 1181/1498/1270 1196/906/746
f 1157/908/748 1205/921/757 1209/909/749
f 1167/910/750 1160/947/781 1206/911/751
f 1162/914/431 1182/1034/864 1131/935/770
f 1185/915/754 1180/901/742 1184/1000/834
f 1162/914/431 1131/935/770 1185/915/754
f 1184/1000/834 1183/913/753 1185/915/754
f 1169/916/755 1211/919/756 1214/917/396
f 1211/919/756 1220/1126/947 1222/920/368
f 1205/921/757 1195/907/747 1230/922/758
f 1218/923/759 1230/922/758 1237/924/760
f 1221/926/762 1246/1108/931 1233/927/763
f 1247/929/371 1263/948/782 1265/930/765
f 1232/932/767 1233/927/763 1264/933/768
f 1130/936/771 797/876/500 798/875/479
f 798/875/479 1127/902/469 1131/935/770
f 1271/937/772 1267/1464/1241 1274/938/773
f 806/940/775 807/1038/868 1154/941/776
f 1249/943/778 1282/959/793 1284/944/779
f 1160/947/781 1159/1017/849 1164/1016/660
f 1164/1016/660 1163/1033/863 1160/947/781
f 1163/1033/863 1162/914/431 1160/947/781
f 1263/948/782 1288/1116/938 1275/949/783
f 1273/950/784 1281/962/796 1283/951/785
f 1287/953/787 1294/977/811 1296/954/788
f 1149/957/791 813/1036/866 805/958/792
f 805/958/792 1152/1486/1261 1150/956/790
f 1152/1486/1261 1134/1487/848 1150/956/790
f 1134/1487/848 1151/1015/848 1150/956/790
f 1282/959/793 1280/1105/928 1303/960/794
f 1281/962/796 1304/966/800 1291/963/797
f 1302/964/798 812/1130/950 1089/965/799
f 1304/966/800 1089/965/799 610/967/801
f 1238/970/804 1268/1008/842 1272/971/805
f 1292/972/806 1293/1463/1240 747/973/807
f 1290/975/809 611/1398/1181 1090/976/810
f 1301/978/812 745/1816/1440 746/979/813
f 1307/981/815 759/1528/1299 756/308/280
f 1312/983/817 1311/1817/1441 770/984/818
f 817/879/491 1308/986/820 780/863/492
f 1308/986/820 1309/1598/1373 771/864/515
f 770/984/818 1311/1817/1441 1319/987/821
f 1319/987/821 1318/1818/1442 767/988/822
f 740/856/709 741/1819/1443 1321/989/823
f 1321/989/823 1320/1820/1444 762/310/282
f 767/988/822 1318/1818/1442 1326/990/824
f 1326/990/824 1322/1821/1445 764/855/708
f 1329/1569/716 773/865/716 748/996/830
f 773/865/716 774/994/828 748/996/830
f 1201/999/833 1183/913/753 1184/1000/834
f 592/1002/836 715/1109/932 714/1003/837
f 1132/1006/840 800/1564/1337 801/1005/839
f 801/1005/839 786/868/719 822/890/733
f 1270/1007/841 1269/1121/942 1268/1008/842
f 810/1009/843 811/1039/869 816/1010/844
f 1157/908/748 1158/905/745 1195/907/747
f 1168/1019/851 1328/1029/777 1331/1018/850
f 1331/1018/850 1147/1037/867 1165/893/736
f 722/850/703 718/1137/956 716/1012/854
f 718/1137/956 593/1020/852 716/1012/854
f 1332/1021/855 785/869/720 786/868/719
f 1193/904/744 1187/903/743 1224/1024/425
f 776/1027/859 769/1593/1369 766/857/710
f 766/857/710 779/1131/951 778/1091/917
f 778/1091/917 777/1026/858 766/857/710
f 785/869/720 1332/1021/855 1335/1031/861
f 1335/1031/861 1334/1062/893 1327/1030/860
f 1334/1062/893 1333/1482/1260 1327/1030/860
f 1224/1024/425 1187/903/743 1188/1032/862
f 1188/1032/862 1189/1483/404 1214/917/396
f 1189/1483/404 1213/918/405 1214/917/396
f 1163/1033/863 1164/1016/660 1182/1034/864
f 1328/1029/777 1153/942/777 1331/1018/850
f 1153/942/777 1154/941/776 1331/1018/850
f 1154/941/776 807/1038/868 1331/1018/850
f 807/1038/868 1146/1094/919 1147/1037/867
f 1185/915/754 1131/935/770 1127/902/469
f 1151/1015/848 1134/1487/848 1164/1016/660
f 1134/1487/848 1145/1040/466 1164/1016/660
f 1145/1040/466 1130/936/771 1182/1034/864
f 1320/1041/870 1321/1822/1446 556/1042/871
f 1316/1044/873 1317/1767/1447 554/271/874
f 724/851/704 717/1432/1212 714/1003/837
f 1277/1047/877 1269/1152/968 580/1048/878
f 545/1050/880 715/1621/1389 592/1051/881
f 1244/1053/883 1242/1077/904 1251/952/786
f 787/1055/885 823/888/731 822/890/733
f 564/113/1448 1327/112/1448 1333/1056/1448
f 819/883/727 815/1066/896 824/894/737
f 1218/923/759 1241/925/761 1243/1058/889
f 1129/142/136 823/1140/959 570/1060/891
f 754/1061/892 1336/1481/892 1334/1062/893
f 818/885/487 1113/897/435 1126/900/433
f 1245/1064/894 1243/1058/889 1248/945/780
f 816/1010/844 825/1144/963 824/894/737
f 93/91/89 661/779/51 683/1067/50
f 1191/1069/897 1223/928/764 1226/1070/898
f 557/1073/901 1323/1823/1449 1322/1074/902
f 1240/1076/382 1273/950/784 1251/952/786
f 81/357/324 667/1800/167 687/1078/905
f 1303/960/794 1300/980/814 746/979/813
f 1308/1081/908 1325/1824/1450 560/1082/909
f 551/1084/911 1307/1825/1451 1306/1085/912
f 739/1087/914 732/1491/1265 733/1088/915
f 733/1088/915 742/1826/1452 740/856/709
f 742/1826/1452 741/1819/1443 740/856/709
f 1224/1024/425 1225/1125/946 1228/1089/916
f 743/991/825 735/993/827 736/1136/955
f 736/1136/955 748/996/830 743/991/825
f 581/278/215 588/1827/329 659/1090/329
f 809/1011/845 808/1023/857 778/1091/917
f 778/1091/917 804/1035/865 810/1009/843
f 804/1035/865 813/1036/866 811/1039/869
f 810/1009/843 804/1035/865 811/1039/869
f 1191/1069/897 1212/1417/1200 1221/926/762
f 1179/323/294 1192/325/296 1184/1000/834
f 796/1095/920 792/1459/1239 799/1096/921
f 1309/1099/924 1308/1081/908 542/1083/910
f 794/873/722 765/854/707 795/1097/922
f 765/854/707 760/1115/937 792/1459/1239
f 796/1095/920 765/854/707 792/1459/1239
f 1285/1101/926 1290/975/809 1294/977/811
f 814/1103/458 806/940/775 1156/1102/457
f 806/940/775 1153/942/777 1156/1102/457
f 1276/1104/927 1300/980/814 1303/960/794
f 1155/1106/929 1149/957/791 1150/956/790
f 1150/956/790 1151/1015/848 1159/1017/849
f 1219/1107/930 1244/1053/883 1246/1108/931
f 558/834/697 742/1812/1436 733/88/86
f 719/1046/876 714/1003/837 720/1111/934
f 714/1003/837 715/1109/932 720/1111/934
f 659/169/161 754/1755/1420 755/1112/935
f 1159/1017/849 1160/947/781 1167/910/750
f 1241/925/761 1249/943/778 1248/945/780
f 752/853/706 753/1063/893 761/1114/855
f 1252/1065/895 1286/1148/967 1288/1116/938
f 798/875/479 821/880/484 1126/900/433
f 1289/955/789 1296/954/788 1298/997/831
f 1301/1118/940 1277/1047/877 569/1049/879
f 70/11/11 59/714/657 589/1120/101
f 1171/1117/939 1115/886/729 1156/1102/457
f 1156/1102/457 1153/942/777 1174/1028/672
f 1153/942/777 1328/1029/777 1174/1028/672
f 593/1020/852 718/1137/956 713/969/803
f 1268/1008/842 1276/1104/927 1280/1105/928
f 1269/1121/942 1277/1451/1229 1276/1104/927
f 1168/1019/851 1165/893/736 1166/892/735
f 1241/925/761 1237/924/760 1272/971/805
f 1239/1122/943 1231/1620/1385 572/1123/944
f 1222/920/368 1247/929/371 1235/931/766
f 1283/951/785 1291/963/797 1290/975/809
f 824/894/737 1175/896/739 1178/1072/900
f 1211/919/756 1209/909/749 1217/1059/890
f 1171/1117/939 1174/1028/672 1173/1127/948
f 738/992/826 728/1489/1263 723/852/705
f 1299/1129/949 705/1403/1186 812/1130/950
f 1197/1132/389 1216/1418/381 1215/1133/952
f 766/857/710 763/309/281 793/878/725
f 1281/962/796 1279/939/774 1302/964/798
f 1244/1053/883 1250/1054/884 1253/1134/953
f 1134/1487/848 802/877/724 1145/1040/466
f 802/877/724 797/876/500 1145/1040/466
f 759/344/313 1307/1825/1451 551/1084/911
f 735/993/827 723/852/705 737/1135/954
f 723/852/705 724/851/704 737/1135/954
f 718/1137/956 728/1489/1263 725/1138/957
f 767/988/822 764/855/708 765/854/707
f 781/874/723 806/940/775 814/1103/458
f 1275/949/783 1297/1478/1258 1299/1129/949
f 764/855/708 1322/1821/1445 1323/1828/1403
f 1323/1828/1403 1315/1139/958 764/855/708
f 1315/1139/958 751/1553/1324 752/853/706
f 823/1140/959 787/1457/1237 576/1141/960
f 1219/1107/930 1215/1133/952 1242/1077/904
f 749/858/711 731/1098/923 738/992/826
f 738/992/826 743/991/825 750/1142/961
f 806/940/775 781/874/723 807/1038/868
f 781/874/723 794/873/722 803/1093/918
f 1220/1126/947 1217/1059/890 1243/1058/889
f 1315/272/254 1323/1823/1449 557/1073/901
f 1186/324/295 1189/1483/404 1188/1032/862
f 825/1144/963 816/1010/844 811/1039/869
f 811/1039/869 1149/957/791 1155/1106/929
f 1229/1145/964 1228/1089/916 1234/1146/965
f 1252/1065/895 1248/945/780 1284/944/779
f 1250/1054/884 1251/952/786 1283/951/785
f 682/1150/305 677/708/328 617/1151/305
f 677/708/328 614/1794/328 617/1151/305
f 617/1151/305 602/341/310 674/1149/306
f 602/341/310 86/340/309 674/1149/306
f 1269/1152/968 1270/1829/1453 577/1153/969
f 827/1155/971 828/1159/975 592/1002/836
f 490/1004/838 565/1014/1454 829/1156/972
f 829/1156/972 830/1162/1252 827/1155/971
f 826/1154/970 831/1164/980 593/1020/852
f 828/1159/975 827/1155/971 833/1157/973
f 827/1155/971 832/1167/983 833/1157/973
f 835/1160/1219 836/1445/1224 837/1161/1251
f 838/1163/979 839/1171/987 831/1164/980
f 832/1167/983 841/1471/1249 843/1166/982
f 841/1471/1249 842/1172/988 843/1166/982
f 837/1161/1251 836/1445/1224 846/1170/986
f 836/1445/1224 844/1168/984 846/1170/986
f 840/1165/981 847/1178/994 839/1171/987
f 842/1172/988 841/1471/1249 848/1194/1009
f 848/1194/1009 849/1173/989 842/1172/988
f 849/1173/989 850/1830/1455 851/1174/990
f 845/1169/985 844/1168/984 852/1175/991
f 852/1175/991 853/1435/1216 854/1176/992
f 847/1178/994 840/1165/981 855/1179/995
f 855/1179/995 856/1177/993 847/1178/994
f 861/1182/998 857/1414/1197 858/1186/1001
f 858/1186/1001 859/1180/996 861/1182/998
f 863/1183/223 864/1831/1456 865/1184/999
f 858/1186/1001 866/1214/1025 867/1187/1002
f 869/1188/1003 863/1183/223 862/1185/1000
f 871/1190/1005 866/1214/1025 858/1186/1001
f 849/1173/989 872/1203/1017 869/1188/1003
f 873/1192/1007 874/1205/1018 871/1190/1005
f 875/1193/1008 872/1203/1017 849/1173/989
f 877/1195/317 874/1205/1018 873/1192/1007
f 853/1435/1216 856/1177/993 880/1199/1013
f 856/1177/993 878/1197/1011 880/1199/1013
f 881/1200/1014 878/1197/1011 856/1177/993
f 872/1203/1017 875/1193/1008 882/1441/1221
f 882/1441/1221 883/1474/1253 872/1203/1017
f 883/1474/1253 884/1201/1015 872/1203/1017
f 886/1204/258 887/1227/1037 874/1205/1018
f 888/1206/1019 889/1235/1044 879/1198/1012
f 890/1207/1020 888/1206/1019 878/1197/1011
f 892/1208/1021 893/1243/1047 894/1209/1022
f 864/1831/1456 863/1183/223 897/1213/1024
f 863/1183/223 895/1211/225 897/1213/1024
f 899/1216/1027 895/1211/225 863/1183/223
f 866/1214/1025 871/1190/1005 898/1215/1026
f 871/1190/1005 900/1218/1029 901/1225/1035
f 902/1217/1028 871/1190/1005 901/1225/1035
f 872/1203/1017 885/1202/1016 899/1216/1027
f 874/1205/1018 887/1227/1037 900/1218/1029
f 903/1219/674 904/1241/79 896/1212/176
f 908/1223/1033 903/1219/674 895/1211/225
f 899/1216/1027 885/1202/1016 910/1231/1041
f 910/1231/1041 911/1226/1036 899/1216/1027
f 900/1218/1029 887/1227/1037 909/1224/1034
f 887/1227/1037 912/1262/1063 913/1228/1038
f 884/1201/1015 914/1442/1222 915/1234/1043
f 915/1234/1043 916/1450/1227 884/1201/1015
f 916/1450/1227 917/1229/1039 910/1231/1041
f 884/1201/1015 916/1450/1227 910/1231/1041
f 919/1232/130 912/1262/1063 887/1227/1037
f 889/1235/1044 888/1206/1019 920/1245/1049
f 920/1245/1049 921/1233/1042 889/1235/1044
f 923/1236/681 919/1232/130 886/1204/258
f 924/1238/1045 920/1245/1049 888/1206/1019
f 926/1239/680 923/1236/681 922/1237/312
f 904/1241/79 926/1239/680 925/1240/177
f 927/1242/1046 928/1252/1054 893/1243/1047
f 929/1244/1048 930/1277/1076 921/1233/1042
f 919/1232/130 923/1236/681 933/1246/1050
f 923/1236/681 931/1282/150 932/1247/1051
f 934/1248/1052 929/1244/1048 920/1245/1049
f 935/1249/226 931/1282/150 923/1236/681
f 936/1250/216 935/1249/226 926/1239/680
f 937/1251/1053 938/1288/1085 928/1252/1054
f 904/1241/79 903/1219/674 939/1256/1057
f 939/1256/1057 940/1253/1055 904/1241/79
f 941/1254/1056 942/1267/1067 937/1251/1053
f 903/1219/674 908/1223/1033 944/1255/218
f 908/1223/1033 943/1473/1223 944/1255/218
f 911/1226/1036 918/1230/1040 948/1265/1066
f 948/1265/1066 949/1261/1062 911/1226/1036
f 949/1261/1062 950/1443/1223 943/1473/1223
f 951/1260/1061 949/1261/1062 943/1473/1223
f 912/1262/1063 952/1470/1214 953/1263/1064
f 917/1229/1039 921/1233/1042 930/1277/1076
f 930/1277/1076 954/1264/1065 917/1229/1039
f 919/1232/130 933/1246/1050 955/1266/59
f 955/1266/59 952/1470/1214 912/1262/1063
f 942/1267/1067 956/1303/1096 957/1268/1068
f 963/1270/219 958/1275/1074 959/1271/1070
f 959/1271/1070 960/1306/148 961/1290/76
f 961/1290/76 962/1269/1069 959/1271/1070
f 965/1272/1071 956/1303/1096 942/1267/1067
f 966/1274/1073 959/1271/1070 958/1275/1074
f 967/1276/1075 968/1308/1100 965/1272/1071
f 930/1277/1076 969/1310/1102 966/1274/1073
f 970/1278/1077 971/1444/201 972/1279/1078
f 974/1281/1079 969/1310/1102 930/1277/1076
f 931/1282/150 975/1284/1081 976/1283/1080
f 934/1248/1052 977/1285/1082 974/1281/1079
f 935/1249/226 978/1472/1250 975/1284/1081
f 979/1286/1083 978/1472/1250 935/1249/226
f 937/1251/1053 957/1268/1068 980/1287/1084
f 940/1253/1055 981/1447/1225 961/1290/76
f 961/1290/76 982/1301/1095 984/1289/1086
f 982/1301/1095 983/1298/1092 984/1289/1086
f 983/1298/1092 979/1286/1083 984/1289/1086
f 985/1291/1087 986/1296/1090 987/1292/1088
f 989/1294/1089 990/1320/1109 974/1281/1079
f 991/1295/44 992/1434/1215 986/1296/1090
f 993/1297/1091 992/1434/1215 991/1295/44
f 957/1268/1068 994/1304/1097 995/1299/1093
f 982/1301/1095 960/1306/148 996/1302/18
f 996/1302/18 997/1328/45 998/1300/1094
f 997/1328/45 993/1297/1091 998/1300/1094
f 956/1303/1096 999/1315/1105 994/1304/1097
f 1000/1305/1098 996/1302/18 960/1306/148
f 1001/1307/1099 999/1315/1105 956/1303/1096
f 966/1274/1073 1002/1317/1107 1000/1305/1098
f 968/1308/1100 1003/1318/1108 1001/1307/1099
f 1004/1309/1101 1002/1317/1107 966/1274/1073
f 1006/1311/90 1003/1318/1108 968/1308/1100
f 974/1281/1079 990/1320/1109 1004/1309/1101
f 1007/1313/1103 1008/1338/20 996/1302/18
f 1009/1314/1104 1010/1339/1123 999/1315/1105
f 1011/1316/1106 1007/1313/1103 1000/1305/1098
f 1003/1318/1108 1012/1343/1127 1009/1314/1104
f 1004/1309/1101 1013/1321/1110 1011/1316/1106
f 1014/1319/43 1012/1343/1127 1003/1318/1108
f 990/1320/1109 1015/1324/1112 1013/1321/1110
f 1017/1322/1111 1014/1319/43 1006/1311/90
f 989/1294/1089 1018/1327/1114 1015/1324/1112
f 1020/1325/1113 1017/1322/1111 1016/1323/684
f 997/1328/45 1021/1330/1116 1020/1325/1113
f 1022/1329/1115 1023/1336/1122 995/1299/1093
f 996/1302/18 1008/1338/20 1021/1330/1116
f 999/1315/1105 1010/1339/1123 1022/1329/1115
f 1018/1327/1114 1024/1333/1119 1025/1331/1117
f 1026/1332/1118 1027/1346/1129 1017/1322/1111
f 1021/1330/1116 1028/1360/1143 1026/1332/1118
f 1023/1336/1122 1022/1329/1115 1029/1340/1124
f 1029/1340/1124 1030/1334/1120 1023/1336/1122
f 1032/1337/236 1028/1360/1143 1021/1330/1116
f 1010/1339/1123 1033/1348/1131 1029/1340/1124
f 1034/1341/1125 1032/1337/236 1008/1338/20
f 1035/1342/1126 1033/1348/1131 1010/1339/1123
f 1011/1316/1106 1036/1349/1132 1034/1341/1125
f 1012/1343/1127 1037/1351/1134 1035/1342/1126
f 1038/1344/1128 1036/1349/1132 1011/1316/1106
f 1039/1345/5 1037/1351/1134 1012/1343/1127
f 1025/1331/1117 1038/1344/1128 1013/1321/1110
f 1027/1346/1129 1039/1345/5 1014/1319/43
f 1040/1347/1130 1041/1370/1153 1033/1348/1131
f 1036/1349/1132 1042/1373/1156 1043/1350/1133
f 1037/1351/1134 1044/1374/1157 1040/1347/1130
f 1045/1352/1135 1042/1373/1156 1036/1349/1132
f 1046/1353/1136 1044/1374/1157 1037/1351/1134
f 1047/1354/1137 1045/1352/1135 1038/1344/1128
f 1048/1355/1138 1046/1353/1136 1039/1345/5
f 1024/1333/1119 1049/1359/1142 1047/1354/1137
f 1050/1356/1139 1048/1355/1138 1027/1346/1129
f 1051/1357/1140 1052/1365/1148 1053/1358/1141
f 1028/1360/1143 1054/1362/1145 1050/1356/1139
f 1055/1361/1144 1051/1357/1140 1030/1334/1120
f 1032/1337/236 1056/1368/1151 1054/1362/1145
f 1033/1348/1131 1041/1370/1153 1055/1361/1144
f 1043/1350/1133 1056/1368/1151 1032/1337/236
f 1057/1363/1146 1058/1378/1161 1048/1355/1138
f 1059/1364/1147 1060/1388/1171 1052/1365/1148
f 1054/1362/1145 1062/1369/1152 1057/1363/1146
f 1063/1367/1150 1059/1364/1147 1051/1357/1140
f 1056/1368/1151 1064/1391/1174 1062/1369/1152
f 1041/1370/1153 1065/1393/1176 1063/1367/1150
f 1066/1371/1154 1064/1391/1174 1056/1368/1151
f 1067/1372/1155 1065/1393/1176 1041/1370/1153
f 1042/1373/1156 1068/1375/1158 1066/1371/1154
f 1044/1374/1157 1069/1380/1163 1067/1372/1155
f 1045/1352/1135 1070/1382/1165 1068/1375/1158
f 1071/1376/1159 1069/1380/1163 1044/1374/1157
f 1072/1377/1160 1070/1382/1165 1045/1352/1135
f 1058/1378/1161 1071/1376/1159 1046/1353/1136
f 1049/1359/1142 1061/1366/1149 1072/1377/1160
f 1073/1379/1162 1074/1394/1177 1066/1371/1154
f 1069/1380/1163 1075/1399/1182 1076/1381/1164
f 1070/1382/1165 1077/1400/1183 1073/1379/1162
f 1078/1383/1166 1075/1399/1182 1069/1380/1163
f 1079/1384/1167 1077/1400/1183 1070/1382/1165
f 1080/1385/1168 1078/1383/1166 1071/1376/1159
f 1061/1366/1149 1081/1389/1172 1079/1384/1167
f 1082/1386/1169 1080/1385/1168 1058/1378/1161
f 1083/1387/1170 1084/1404/1187 1060/1388/1171
f 1062/1369/1152 1085/1392/1175 1082/1386/1169
f 1086/1390/1173 1083/1387/1170 1059/1364/1147
f 1064/1391/1174 1087/1395/1178 1085/1392/1175
f 1065/1393/1176 1088/1396/1179 1086/1390/1173
f 1074/1394/1177 1087/1395/1178 1064/1391/1174
f 1076/1381/1164 1088/1396/1179 1065/1393/1176
f 812/1130/950 705/1403/1186 1082/1386/1169
f 1086/1390/1173 729/1079/906 746/979/813
f 1089/965/799 812/1130/950 1085/1392/1175
f 1088/1396/1179 730/1397/1180 729/1079/906
f 610/967/801 1089/965/799 1087/1395/1178
f 1076/1381/1164 747/973/807 730/1397/1180
f 611/1398/1181 610/967/801 1074/1394/1177
f 1075/1399/1182 726/974/808 747/973/807
f 1090/976/810 611/1398/1181 1073/1379/1162
f 1078/1383/1166 727/1402/1185 726/974/808
f 650/1401/1184 1090/976/810 1077/1400/1183
f 1080/1385/1168 704/1475/1254 727/1402/1185
f 651/998/832 650/1401/1184 1079/1384/1167
f 705/1403/1186 704/1475/1254 1080/1385/1168
f 746/979/813 745/1816/1440 1084/1404/1187
f 862/1185/1000 865/1184/999 1092/1405/1188
f 552/266/248 1312/1766/1424 1310/1407/1190
f 1094/1419/1201 1093/1409/1192 877/1195/317
f 1093/1409/1192 922/1237/312 886/1204/258
f 876/1196/1010 1096/1832/1457 1097/1410/1193
f 1099/1413/1196 897/1213/1024 896/1212/176
f 896/1212/176 925/1240/177 1099/1413/1196
f 857/1414/1197 1101/1429/1210 1102/1415/1198
f 1167/910/750 1210/912/752 1212/1417/1200
f 1197/1132/389 1198/1460/422 1229/1145/964
f 877/1195/317 876/1196/1010 1095/1411/1194
f 1249/943/778 1272/971/805 1280/1105/928
f 1104/1420/1202 1096/1832/1457 876/1196/1010
f 873/1192/1007 1103/1833/1458 1104/1420/1202
f 1106/1422/1204 850/1830/1455 849/1173/989
f 849/1173/989 868/1189/1004 1106/1422/1204
f 1108/1423/701 1107/1426/1207 870/1191/1006
f 870/1191/1006 858/1186/1001 1100/1416/1199
f 858/1186/1001 857/1414/1197 1100/1416/1199
f 1109/1424/1205 1105/1421/1203 868/1189/1004
f 868/1189/1004 862/1185/1000 1109/1424/1205
f 1110/1425/1206 1098/1412/1195 925/1240/177
f 922/1237/312 1093/1409/1192 1110/1425/1206
f 1111/1427/1208 1103/1833/1458 873/1192/1007
f 873/1192/1007 870/1191/1006 1111/1427/1208
f 1132/1006/840 822/890/733 1128/889/732
f 1220/1126/947 1245/1064/894 1247/929/371
f 1216/1418/381 1240/1076/382 1242/1077/904
f 1237/924/760 1230/922/758 1231/1430/1211
f 1231/1430/1211 1239/1480/1259 1238/970/804
f 1229/1145/964 1236/1147/966 1240/1076/382
f 555/197/184 1319/1761/1421 1311/265/247
f 757/1431/506 789/872/499 793/878/725
f 716/1012/1213 565/1014/1454 490/1004/838
f 490/1004/838 714/1003/837 716/1012/1213
f 1245/1064/894 1252/1065/895 1263/948/782
f 1223/928/764 1233/927/763 1232/932/767
f 1155/1106/929 1167/910/750 1170/895/738
f 1214/917/396 1222/920/368 1225/1125/946
f 992/1434/1215 1019/1326/46 1016/1323/684
f 880/1199/1013 879/1198/1012 854/1176/992
f 879/1198/1012 1117/1440/1012 854/1176/992
f 941/1254/1056 906/1221/1031 1118/1436/1217
f 1119/1437/1218 1116/1433/1214 967/1276/1075
f 967/1276/1075 964/1273/1072 1119/1437/1218
f 839/1171/987 836/1445/1224 835/1160/1219
f 1123/1438/1220 1120/1446/1002 891/1210/1023
f 891/1210/1023 1112/1428/1209 1123/1438/1220
f 1112/1428/1209 1121/1448/1226 1122/1439/996
f 983/1298/1092 982/1301/1095 998/1300/1094
f 879/1198/1012 889/1235/1044 1117/1440/1012
f 889/1235/1044 914/1442/1222 882/1441/1221
f 987/1292/1088 986/1296/1090 1016/1323/684
f 1016/1323/684 1006/1311/90 987/1292/1088
f 1006/1311/90 1005/1312/677 988/1293/151
f 949/1261/1062 948/1265/1066 954/1264/1065
f 954/1264/1065 958/1275/1074 949/1261/1062
f 847/1178/994 844/1168/984 836/1445/1224
f 892/1208/1021 891/1210/1023 1120/1446/1002
f 907/1222/1032 906/1221/1031 941/1254/1056
f 941/1254/1056 927/1242/1046 907/1222/1032
f 947/1259/1060 946/1258/1059 964/1273/1072
f 964/1273/1072 942/1267/1067 947/1259/1060
f 981/1447/1225 963/1270/219 962/1269/1069
f 997/1328/45 1019/1326/46 992/1434/1215
f 921/1233/1042 917/1229/1039 916/1450/1227
f 593/1020/852 831/1164/980 829/1156/1228
f 831/1164/980 835/1160/1219 829/1156/1228
f 972/1279/1078 971/1444/201 968/1308/1100
f 971/1444/201 1005/1312/677 968/1308/1100
f 968/1308/1100 967/1276/1075 973/1280/95
f 1277/1451/1229 1301/978/812 1300/980/814
f 799/1096/921 792/1459/1239 801/1005/839
f 792/1459/1239 761/1114/855 801/1005/839
f 688/1452/676 665/1747/93 600/1750/95
f 665/1747/93 590/1746/93 600/1750/95
f 600/1750/95 106/59/58 688/1452/676
f 540/713/656 791/712/655 758/1453/1230
f 1253/1134/953 1250/1054/884 1285/1101/926
f 1305/961/795 1303/960/794 729/1079/906
f 745/1455/1235 1301/1118/940 575/1119/941
f 1126/900/433 1113/897/435 1176/899/741
f 787/1457/1237 788/1754/1419 568/111/109
f 559/1458/1238 1324/1834/1459 1320/1041/870
f 1294/977/811 1090/976/810 650/1401/1184
f 1196/906/746 1231/1430/1211 1230/922/758
f 1193/904/744 1227/1025/424 1198/1460/422
f 1246/1108/931 1253/1134/953 1264/933/768
f 664/1462/101 671/1813/100 595/201/12
f 671/1813/100 71/199/186 595/201/12
f 767/988/822 768/862/715 771/864/515
f 1291/963/797 610/967/801 611/1398/1181
f 1282/959/793 1305/961/795 1293/1463/1240
f 1279/939/774 1274/938/773 1299/1129/949
f 1236/1147/966 1234/1146/965 1267/1464/1241
f 573/1465/1242 1196/1835/1460 1181/1466/1243
f 820/881/512 1313/1836/1461 1325/1467/1244
f 1325/1467/1244 1308/986/820 817/879/491
f 732/1491/1265 736/1136/955 719/1046/876
f 736/1136/955 737/1135/954 719/1046/876
f 955/1266/59 933/1246/1050 970/1278/1077
f 970/1278/1077 973/1280/95 955/1266/59
f 973/1280/95 1116/1433/1214 952/1470/1214
f 854/1176/992 848/1194/1009 841/1471/1249
f 978/1472/1250 991/1295/44 985/1291/1087
f 905/1220/1030 898/1215/1026 902/1217/1028
f 901/1225/1035 909/1224/1034 1118/1436/1217
f 909/1224/1034 945/1257/1058 947/1259/1060
f 1118/1436/1217 909/1224/1034 947/1259/1060
f 1118/1436/1217 906/1221/1031 901/1225/1035
f 953/1263/1064 952/1470/1214 1119/1437/1218
f 952/1470/1214 1116/1433/1214 1119/1437/1218
f 1119/1437/1218 946/1258/1059 913/1228/1038
f 946/1258/1059 945/1257/1058 913/1228/1038
f 859/1180/996 867/1187/1002 1120/1446/1002
f 1120/1446/1002 1123/1438/1220 859/1180/996
f 1117/1440/1012 875/1193/1008 848/1194/1009
f 908/1223/1033 911/1226/1036 951/1260/1061
f 837/1161/1251 832/1167/983 827/1155/971
f 976/1283/1080 975/1284/1081 985/1291/1087
f 985/1291/1087 988/1293/151 976/1283/1080
f 988/1293/151 971/1444/201 976/1283/1080
f 971/1444/201 970/1278/1077 932/1247/1051
f 936/1250/216 940/1253/1055 984/1289/1086
f 867/1187/1002 898/1215/1026 907/1222/1032
f 898/1215/1026 905/1220/1030 907/1222/1032
f 846/1170/986 845/1169/985 832/1167/983
f 845/1169/985 841/1471/1249 832/1167/983
f 1122/1439/996 1124/1449/997 860/1181/997
f 914/1442/1222 884/1201/1015 883/1474/1253
f 944/1255/218 943/1473/1223 963/1270/219
f 943/1473/1223 950/1443/1223 963/1270/219
f 963/1270/219 981/1447/1225 944/1255/218
f 983/1298/1092 991/1295/44 978/1472/1250
f 772/859/712 750/1142/961 774/994/828
f 750/1142/961 744/995/829 774/994/828
f 1299/1129/949 1297/1478/1258 704/1475/1254
f 571/1113/936 755/1112/935 1316/1044/873
f 556/1042/871 1321/1822/1446 741/833/696
f 560/1082/1255 1325/1824/1462 1313/1476/1256
f 1288/1116/938 1295/1577/1350 1297/1478/1258
f 672/210/196 41/209/195 38/165/157
f 676/849/48 67/79/77 55/80/78
f 1332/1021/855 761/1114/855 753/1063/893
f 753/1063/893 1334/1062/893 1335/1031/861
f 1213/918/405 1172/1128/439 1169/916/755
f 1172/1128/439 1173/1127/948 1169/916/755
f 1173/1127/948 1174/1028/672 1169/916/755
f 617/1485/305 614/361/328 101/221/206
f 101/221/206 100/222/207 617/1485/305
f 1205/921/757 1218/923/759 1217/1059/890
f 1198/1460/422 1227/1025/424 1228/1089/916
f 1152/1486/1261 805/958/792 802/877/724
f 1169/916/755 1166/892/735 1209/909/749
f 1264/933/768 1289/955/789 1278/1080/907
f 752/853/706 751/1553/1324 755/1488/1262
f 755/1488/1262 754/1061/892 753/1063/893
f 728/1489/1263 718/1137/956 722/850/703
f 1165/893/736 1147/1037/867 1148/1143/962
f 1148/1143/962 1132/1006/840 1133/891/734
f 719/1046/876 720/1111/934 734/1490/1264
f 734/1490/1264 733/1088/915 732/1491/1265
f 1306/1085/912 1324/1834/1459 559/1458/1238
f 373/1492/1463 376/1555/1327 1121/1493/1326
f 363/1495/1267 342/1581/1355 1096/1496/1268
f 1128/889/732 1129/1815/1439 1181/1498/1270
f 385/1499/1271 893/1568/1341 928/1500/1272
f 364/1502/1274 1106/1511/1283 1105/1503/1275
f 556/1506/1278 541/1745/1417 54/37/37
f 54/37/37 53/6/6 556/1506/1278
f 382/1507/1279 387/1602/1377 980/1508/1280
f 364/1502/1274 333/1527/1298 850/1510/1282
f 1225/1125/946 1235/931/766 1234/1146/965
f 1197/1132/389 1161/946/417 1183/913/753
f 1201/999/833 1194/1001/835 1198/1460/422
f 1197/1132/389 1183/913/753 1201/999/833
f 379/1501/1273 928/1500/1272 938/1512/1284
f 365/1514/1285 1108/1522/1293 1100/1515/1286
f 1296/954/788 650/1401/1184 651/998/832
f 804/1035/865 779/1131/951 793/878/725
f 793/878/725 802/877/724 805/958/792
f 790/871/509 791/870/721 1314/1517/1288
f 1314/1517/1288 1313/1836/1461 820/881/512
f 1210/912/752 1219/1107/930 1221/926/762
f 378/1518/1289 1060/1535/1306 1084/1519/1290
f 365/1514/1285 325/1566/1339 1107/1521/1292
f 782/866/717 815/1066/896 819/883/727
f 381/1523/1294 1023/1574/1347 1031/1524/1295
f 367/1526/1297 851/1533/1304 850/1510/1282
f 775/860/713 772/859/712 782/866/717
f 759/1528/1299 758/1814/1438 757/1431/506
f 359/1529/1300 1102/1594/1464 1101/1530/1301
f 367/1526/1297 335/1576/1349 842/1532/1303
f 577/1153/969 1270/1829/1453 1239/1122/943
f 389/1534/1305 1052/1562/1335 1060/1535/1306
f 815/1066/896 782/866/717 783/1022/856
f 783/1022/856 809/1011/845 816/1010/844
f 368/1536/1307 1109/1544/1315 1091/1537/1308
f 328/1539/1310 336/1837/1465 864/1540/1311
f 1192/325/296 1193/904/744 1194/1001/835
f 380/1542/1313 383/1531/1302 1101/1530/1301
f 368/1536/1307 339/1504/1276 1105/1503/1275
f 337/1545/1316 347/1052/882 592/1051/881
f 728/1489/1263 738/992/826 731/1098/923
f 780/863/492 814/1103/458 818/885/487
f 386/1547/1318 388/1525/1296 1031/1524/1295
f 369/1549/1320 1110/1557/1466 1093/1550/1321
f 416/1554/1325 1124/1592/1368 1121/1493/1326
f 369/1549/1328 348/1838/1467 1098/1556/1329
f 352/1558/1331 1092/1563/1336 865/1559/1332
f 762/310/282 1320/1820/1444 1324/1561/1334
f 1324/1561/1334 1306/982/816 756/308/280
f 386/1547/1318 1053/1548/1319 1052/1562/1335
f 352/1558/1331 324/1538/1309 1091/1537/1308
f 384/1520/1291 1084/1519/1290 745/1455/1235
f 1273/950/784 1271/937/772 1279/939/774
f 370/1565/1338 1111/1571/1343 1107/1521/1292
f 1161/946/417 1197/1132/389 1206/911/751
f 1133/891/734 1128/889/732 1158/905/745
f 377/1567/1340 894/1603/1379 893/1568/1341
f 808/1023/857 783/1022/856 776/1027/859
f 783/1022/856 773/865/716 1329/1569/716
f 370/1565/1338 313/1604/1380 1103/1570/1342
f 334/1551/1322 1093/1550/1321 1094/1572/1344
f 382/1507/1346 995/1509/1468 1023/1574/1347
f 371/1575/1348 843/1579/1469 842/1532/1303
f 1295/1577/1350 1292/972/806 726/974/808
f 371/1575/1351 320/1586/1360 833/1578/1352
f 355/1580/1354 1097/1584/1358 1096/1496/1268
f 1286/1148/967 1284/944/779 1293/1463/1240
f 864/1540/1311 336/1837/1465 1135/1582/1356
f 1135/1582/1356 344/1560/1333 865/1559/1332
f 355/1580/1354 322/1599/1374 1095/1583/1357
f 1297/1478/1258 1295/1577/1350 727/1402/1185
f 372/1585/1359 834/1589/1470 833/1578/1352
f 1098/1556/1329 348/1838/1467 1140/1587/1361
f 1140/1587/1361 357/1590/1471 1099/1588/1362
f 1265/930/765 1275/949/783 1274/938/773
f 372/1585/1363 337/1545/1316 828/1546/1317
f 357/1590/1365 328/1539/1310 897/1541/1312
f 416/1554/1325 502/1595/1372 860/1591/1367
f 1240/1076/382 1236/1147/966 1271/937/772
f 740/856/709 766/857/710 769/1593/1369
f 359/1529/1370 316/1516/1287 1100/1515/1286
f 1170/895/738 1212/1417/1200 1191/1069/897
f 1175/896/739 1191/1069/897 1190/1071/899
f 502/1595/1372 380/1542/1313 861/1543/1314
f 1206/911/751 1215/1133/952 1219/1107/930
f 1344/1596/702 666/1757/154 119/775/681
f 119/775/681 118/774/680 1344/1596/702
f 1235/931/766 1265/930/765 1267/1464/1241
f 1310/985/819 770/984/818 771/864/515
f 1253/1134/953 1287/953/787 1289/955/789
f 315/1573/1345 1094/1572/1344 1095/1583/1357
f 790/871/509 820/881/512 821/880/484
f 748/996/830 736/1136/955 732/1491/1265
f 1317/1600/1375 1316/1552/1323 751/1553/1324
f 561/1601/1376 1326/1839/1472 1318/196/183
f 387/1602/1377 374/1513/74 938/1512/1284
f 1333/1056/887 1336/168/160 588/170/162
f 377/1567/1340 373/1492/1473 1112/1494/1378
f 363/1495/1267 1104/1497/1269 1103/1570/1342
f 1293/1463/1240 1305/961/795 730/1397/1180
f 1330/1605/1381 800/1564/1337 1132/1006/840
f 1286/1148/967 1292/972/806 1295/1577/1350
f 1136/1606/395 168/469/425 183/471/427
f 168/469/425 1136/1606/395 328/1612/1383
f 1136/1606/395 1137/1610/367 328/1612/1383
f 1139/1607/404 183/471/427 197/480/435
f 1322/1074/902 1326/1839/1472 561/1601/1376
f 1141/1615/426 182/467/296 196/478/433
f 1142/1617/687 1144/1616/434 196/478/433
f 1143/1618/635 1140/1840/634 348/1619/1384
f 1143/1618/635 167/468/424 182/467/296
f 1329/1569/716 748/996/830 739/1087/914
f 1231/1620/1385 1196/1835/1474 573/1465/1386
f 1146/1094/919 803/1093/918 1148/1143/962
f 803/1093/918 795/1097/922 1330/1605/1381
f 1148/1143/962 803/1093/918 1330/1605/1381
f 795/1097/922 799/1096/921 800/1564/1337
f 1186/324/295 1176/899/741 1177/898/740
f 1177/898/740 1114/884/728 1172/1128/439
f 1114/884/728 1171/1117/939 1172/1128/439
f 1172/1128/439 1189/1483/404 1177/898/740
f 562/89/1387 734/1753/1475 720/32/32
f 563/33/1388 721/1744/1476 715/1621/1389
f 777/1026/858 778/1091/917 808/1023/857
f 1342/1623/1392 550/1477/1257 1313/1476/1256
f 1313/1476/1256 1314/1622/1390 1342/1623/1392
f 1203/1625/626 1200/1841/603 1204/1626/1393
f 1200/654/603 297/652/601 308/678/625
f 1310/1407/1190 1309/1099/924 534/1100/925
f 6/106/104 1202/1624/614 5/136/132
f 1202/1624/614 1199/1628/607 5/136/132
f 308/678/625 486/263/245 1348/64/63
f 104/241/226 90/44/44 1343/140/134
f 1350/137/62 5/136/132 1204/1626/1393
f 695/70/69 485/1737/1415 653/1630/1394
f 625/674/621 17/1842/623 496/1632/600
f 269/615/565 627/1843/553 16/1844/552
f 16/1844/552 19/1634/549 269/615/565
f 286/637/586 631/1681/573 638/1635/572
f 638/1635/572 270/618/568 285/619/569
f 630/1639/1397 15/1845/595 628/1640/594
f 633/1645/545 632/1683/545 462/1643/535
f 462/1643/535 250/1655/1402 22/1644/1399
f 633/1646/545 22/1669/1399 265/630/579
f 639/1649/591 287/639/588 302/638/587
f 4/677/624 625/1786/621 14/1651/620
f 14/1651/620 635/1846/618 307/1652/1401
f 13/1653/620 628/645/594 295/641/590
f 12/1656/1403 624/1679/539 272/627/577
f 271/621/571 463/1847/538 638/622/572
f 463/1847/538 23/1658/557 638/622/572
f 288/1638/1396 18/1637/580 622/1657/542
f 622/1657/542 272/627/577 464/626/576
f 464/626/576 639/642/591 622/1657/542
f 636/1662/617 547/1672/589 582/1663/589
f 582/1665/589 279/624/574 294/664/613
f 22/1669/1399 11/1848/541 20/628/540
f 597/578/531 249/576/529 264/584/537
f 482/1671/547 267/609/559 268/611/561
f 547/1672/589 20/588/540 21/587/540
f 21/1670/540 264/584/537 279/624/574
f 635/1675/618 634/1785/618 1257/1676/1404
f 1257/1676/1404 636/1662/617 637/1664/617
f 637/1664/617 1256/1674/1404 1257/1676/1404
f 307/1652/1401 635/1846/618 1256/1677/1404
f 1256/1677/1404 637/1666/617 294/664/613
f 3/668/616 307/1652/1401 1256/1677/1404
f 459/1654/534 1258/1849/532 597/1678/531
f 624/1679/539 463/1847/538 271/621/571
f 56/1659/557 23/1658/557 623/1667/526
f 623/1667/526 254/604/554 627/603/553
f 56/1660/557 627/1843/553 269/615/565
f 287/639/588 464/1661/576 286/637/586
f 464/1661/576 1259/1680/575 286/637/586
f 1260/1682/599 630/1639/1397 296/1633/1395
f 254/604/554 626/1668/522 1261/1850/521
f 1261/1850/521 1254/1641/520 254/604/554
f 632/1683/545 633/1645/545 482/598/547
f 633/1646/545 266/633/582 267/609/559
f 1207/1685/1400 1262/1851/596 629/1636/583
f 29/1687/290 697/1734/1414 450/311/283
f 450/311/283 449/299/273 32/1686/1405
f 710/1688/1246 701/1735/1245 474/262/244
f 474/262/244 473/261/243 710/1688/1246
f 700/1692/56 485/1737/1415 698/1693/1407
f 646/1698/690 702/1740/689 703/1852/689
f 703/1852/689 35/1696/1409 646/1698/690
f 703/1699/689 408/208/194 407/207/193
f 492/206/192 475/716/659 711/1701/695
f 27/1704/70 695/763/69 4/677/624
f 4/677/624 307/1652/1401 27/1704/70
f 484/55/54 698/1762/1407 26/1705/70
f 453/226/211 694/1731/1413 25/1707/701
f 36/1710/128 647/1732/644 710/1469/1246
f 647/1732/644 452/228/213 710/1469/1246
f 692/1708/121 31/1691/120 476/1690/1406
f 476/1690/1406 711/830/695 692/1708/121
f 711/830/695 648/1712/1411 692/1708/121
f 708/1714/53 709/1727/53 690/1715/261
f 483/7/7 467/9/9 690/1717/261
f 35/1700/1409 407/207/193 33/217/142
f 406/352/321 391/189/179 691/1722/143
f 449/299/273 448/298/272 652/1724/260
f 689/1716/261 690/1715/261 34/150/142
f 467/9/9 406/352/321 34/1723/142
f 1356/1728/1412 706/1752/52 707/1751/52
f 707/1751/52 1355/1853/1412 1356/1728/1412
f 1355/1853/1412 709/1727/53 1356/1728/1412
f 1355/1729/1412 707/1703/52 307/1652/1401
f 3/668/616 483/7/7 1355/1729/1412
f 483/7/7 709/1718/53 1355/1729/1412
f 643/1706/699 392/1697/1410 691/151/143
f 694/1731/1413 453/226/211 452/228/213
f 693/1719/318 36/1710/128 37/1709/128
f 37/1709/128 697/1733/1414 693/1719/318
f 37/1711/128 451/683/630 450/311/283
f 1358/1736/212 648/1713/1411 474/262/244
f 648/1713/1411 475/716/659 474/262/244
f 485/1737/1415 700/1692/56 1359/1738/55
f 1360/1739/251 696/1720/316 396/317/289
f 396/317/289 395/319/291 1353/1695/1408
f 652/280/260 703/1852/689 702/1740/689
f 448/298/272 408/208/194 703/1699/689
f 1351/1741/691 476/1690/1406 699/1689/694
o Sphere.001
v 0.096565 0.494975 0.485464
v 0.113548 0.388899 0.570845
v 0.126168 0.267878 0.634289
v 0.133939 0.136563 0.673358
v 0.136563 0.000000 0.686549
v 0.189419 0.494975 0.457297
v 0.222733 0.388899 0.537724
v 0.247487 0.267878 0.597487
v 0.262731 0.136563 0.634289
v 0.267878 0.000000 0.646715
v 0.096565 -0.494975 0.485464
v 0.274993 0.494975 0.411556
v 0.323358 0.388899 0.483939
v 0.359296 0.267878 0.537724
v 0.000000 0.494975 0.494974
v 0.000000 0.388899 0.582029
v 0.000000 0.267878 0.646715
v 0.000000 0.136563 0.686549
v 0.000000 0.000000 0.700000
v 0.381426 0.136563 0.570845
v 0.388899 0.000000 0.582028
v 0.113548 -0.388899 0.570845
v -0.096565 0.494975 0.485464
v -0.113548 0.388899 0.570845
v -0.126168 0.267878 0.634289
v -0.133939 0.136563 0.673358
v -0.136563 0.000000 0.686549
v 0.126168 -0.267878 0.634289
v 0.000000 -0.494975 0.494974
v 0.000000 -0.388899 0.582029
v -0.189419 0.494975 0.457297
v -0.222733 0.388899 0.537724
v -0.247487 0.267878 0.597487
v -0.262731 0.136563 0.634289
v -0.267878 0.000000 0.646715
v 0.000000 -0.267878 0.646715
v 0.000000 -0.136563 0.686549
v -0.096565 -0.494975 0.485464
v -0.274993 0.494975 0.411556
v -0.323358 0.388899 0.483939
v -0.359296 0.267878 0.537724
v -0.381426 0.136563 0.570845
v -0.388899 0.000000 0.582028
v -0.113548 -0.388899 0.570845
v -0.126168 -0.267878 0.634289
v -0.133939 -0.136563 0.673358
v -0.485464 0.136563 0.485464
v -0.494974 0.000000 0.494974
v -0.189419 -0.494975 0.457297
v -0.570845 0.136563 0.381426
v -0.582028 0.000000 0.388899
v -0.222733 -0.388899 0.537724
v -0.377348 0.388899 0.439630
v -0.247487 -0.267878 0.597487
v -0.569326 0.142587 0.380411
v -0.269062 0.503736 0.402679
v -0.262731 -0.136563 0.634289
v 0.000000 0.529591 0.452794
v 0.133939 -0.136563 0.673358
v -0.274993 -0.494975 0.411556
v 0.485464 0.136563 0.485464
v -0.466339 0.225721 0.466339
v -0.323358 -0.388899 0.483939
v -0.359296 -0.267878 0.537724
v -0.281013 0.494975 0.406615
v 0.494974 0.000000 0.494974
v 0.189419 -0.494975 0.457297
v -0.381426 -0.136563 0.570845
v -0.173688 0.528710 0.419319
v 0.570845 0.136563 0.381426
v 0.582028 0.000000 0.388899
v 0.222733 -0.388899 0.537724
v -0.485464 -0.136563 0.485464
v -0.576788 0.136563 0.370308
v -0.570845 -0.136563 0.381426
v -0.377348 -0.388899 0.439630
v -0.569326 -0.142587 0.380411
v 0.377348 0.388899 0.439630
v -0.444719 0.267878 0.467619
v -0.089815 0.523367 0.451532
v -0.269062 -0.503736 0.402679
v 0.000000 -0.529591 0.452794
v 0.247487 -0.267878 0.597487
v 0.569326 0.142587 0.380411
v -0.610776 0.000000 0.335116
v 0.269062 0.503736 0.402679
v -0.466339 -0.225721 0.466339
v 0.262731 -0.136563 0.634289
v -0.281013 -0.494975 0.406615
v -0.461940 0.229273 0.468563
v -0.173688 -0.528710 0.419319
v 0.274993 -0.494975 0.411556
v 0.466339 0.225721 0.466339
v -0.191342 0.553514 0.375778
v 0.323358 -0.388899 0.483939
v 0.359296 -0.267878 0.537724
v 0.281013 0.494975 0.406615
v -0.415735 0.332853 0.446694
v -0.576788 -0.136563 0.370308
v -0.277785 0.498149 0.404285
v 0.381426 -0.136563 0.570845
v -0.166121 0.518079 0.435086
v 0.173688 0.528710 0.419319
v -0.444719 -0.267878 0.467619
v -0.601168 0.116882 0.328787
v -0.089815 -0.523367 0.451532
v 0.485464 -0.136563 0.485464
v -0.353554 0.423641 0.422451
v 0.576788 0.136563 0.370308
v 0.570845 -0.136563 0.381426
v 0.377348 -0.388899 0.439630
v 0.569326 -0.142587 0.380411
v -0.195729 0.474883 0.472530
v 0.000000 0.470197 0.515309
v 0.444719 0.267878 0.467619
v 0.089815 0.523367 0.451532
v 0.269062 -0.503736 0.402679
v -0.300916 0.388899 0.495934
v -0.461940 -0.229273 0.468563
v -0.191342 -0.553514 0.375778
v 0.610776 0.000000 0.335116
v -0.415735 -0.332853 0.446694
v -0.277785 -0.498149 0.404285
v 0.466339 -0.225721 0.466339
v 0.281013 -0.494975 0.406615
v -0.542276 0.000000 0.437337
v -0.101660 0.463152 0.511078
v -0.381441 0.267878 0.519549
v -0.166121 -0.518079 0.435086
v -0.601168 -0.116882 0.328787
v 0.461940 0.229273 0.468563
v 0.173688 -0.528710 0.419319
v -0.337290 0.341981 0.504791
v -0.493127 0.136563 0.476125
v 0.191342 0.553514 0.375778
v -0.353554 -0.423641 0.422451
v -0.483859 0.144045 0.483859
v 0.415735 0.332853 0.446694
v 0.576788 -0.136563 0.370308
v -0.246631 0.442281 0.475514
v -0.410133 0.203560 0.521122
v -0.195729 -0.474883 0.472530
v 0.000000 -0.470197 0.515309
v -0.147490 0.459976 0.499886
v -0.169883 0.491437 0.466243
v 0.277785 0.498149 0.404285
v -0.369110 0.295523 0.510647
v 0.166121 0.518079 0.435086
v -0.300916 -0.388899 0.495934
v 0.444719 -0.267878 0.467619
v 0.601168 0.116882 0.328787
v -0.533747 0.103774 0.431697
v 0.089815 -0.523367 0.451532
v 0.353554 0.423641 0.422451
v 0.195729 0.474883 0.472530
v -0.101660 -0.463152 0.511078
v -0.381441 -0.267878 0.519549
v 0.300916 0.388899 0.495934
v -0.313902 0.376129 0.496695
v 0.461940 -0.229273 0.468563
v -0.337290 -0.341981 0.504791
v 0.191342 -0.553514 0.375778
v -0.493127 -0.136563 0.476125
v 0.415735 -0.332853 0.446694
v 0.277785 -0.498149 0.404285
v 0.542276 0.000000 0.437337
v 0.101660 0.463152 0.511078
v 0.381441 0.267878 0.519549
v 0.166121 -0.518079 0.435086
v -0.483859 -0.144045 0.483859
v -0.246631 -0.442281 0.475514
v -0.410133 -0.203560 0.521122
v -0.147490 -0.459976 0.499886
v -0.169883 -0.491437 0.466243
v 0.601168 -0.116882 0.328787
v 0.337290 0.341981 0.504791
v -0.369110 -0.295523 0.510647
v 0.493127 0.136563 0.476125
v 0.353554 -0.423641 0.422451
v -0.533747 -0.103774 0.431697
v 0.483859 0.144045 0.483859
v 0.246631 0.442281 0.475514
v 0.410133 0.203560 0.521122
v 0.195729 -0.474883 0.472530
v 0.147490 0.459976 0.499886
v 0.169883 0.491437 0.466243
v 0.369110 0.295523 0.510647
v 0.300916 -0.388899 0.495934
v -0.313902 -0.376129 0.496695
v 0.533747 0.103774 0.431697
v 0.101660 -0.463152 0.511078
v 0.381441 -0.267878 0.519549
v 0.313902 0.376129 0.496695
v 0.337290 -0.341981 0.504791
v 0.493127 -0.136563 0.476125
v 0.483859 -0.144045 0.483859
v 0.246631 -0.442281 0.475514
v 0.410133 -0.203560 0.521122
v 0.147490 -0.459976 0.499886
v 0.169883 -0.491437 0.466243
v 0.369110 -0.295523 0.510647
v 0.533747 -0.103774 0.431697
v 0.313902 -0.376129 0.496695
v 0.130654 0.000000 0.656842
v 0.128143 0.130683 0.644220
v 0.092380 0.473692 0.464424
v 0.000000 0.473692 0.473522
v 0.000000 0.506356 0.433725
v 0.086095 0.500131 0.432830
v 0.108632 0.372169 0.546132
v 0.000000 0.372169 0.556831
v 0.000000 0.451110 0.492052
v 0.000000 0.256348 0.618728
v 0.000000 0.130683 0.656842
v 0.000000 0.000000 0.669710
v 0.097123 0.444065 0.488268
v 0.120708 0.256348 0.606840
v 0.213090 0.372169 0.514445
v -0.130654 0.000000 0.656842
v -0.128143 0.130683 0.644220
v 0.186828 0.455796 0.451043
v 0.163138 0.472460 0.444008
v 0.140745 0.440999 0.477651
v -0.092380 0.473692 0.464424
v -0.086095 0.500131 0.432830
v 0.236777 0.256348 0.571630
v 0.251362 0.130683 0.606842
v -0.108632 0.372169 0.546132
v -0.097123 0.444065 0.488268
v -0.120708 0.256348 0.606840
v 0.256287 0.000000 0.618731
v 0.181209 0.473692 0.437477
v 0.166390 0.505475 0.401701
v -0.213090 0.372169 0.514445
v -0.186828 0.455796 0.451043
v -0.163138 0.472460 0.444008
v -0.140745 0.440999 0.477651
v -0.236777 0.256348 0.571630
v -0.251362 0.130683 0.606842
v -0.256287 0.000000 0.618731
v 0.160580 0.494934 0.416821
v 0.372071 0.000000 0.556843
v -0.181209 0.473692 0.437477
v -0.166390 0.505475 0.401701
v -0.160580 0.494934 0.416821
v -0.372071 0.000000 0.556843
v 0.000000 -0.473692 0.473522
v 0.000000 -0.506356 0.433725
v 0.000000 -0.372169 0.556831
v 0.000000 -0.451110 0.492052
v -0.263075 0.473692 0.393719
v -0.258468 0.480501 0.386824
v -0.182344 0.530369 0.358945
v 0.000000 -0.256348 0.618728
v 0.000000 -0.130683 0.656842
v -0.289084 0.372207 0.473797
v -0.235678 0.423304 0.455022
v -0.343747 0.256348 0.514454
v -0.322536 0.327786 0.482709
v -0.301417 0.362041 0.473337
v -0.364922 0.130683 0.546144
v -0.309359 0.372169 0.462988
v -0.361425 0.372207 0.420227
v -0.338813 0.404664 0.404490
v -0.267459 0.473709 0.390099
v -0.363762 0.256389 0.498006
v -0.352307 0.281434 0.490173
v -0.464457 0.130683 0.464457
v -0.463469 0.135298 0.463469
v -0.391913 0.194890 0.498921
v -0.473556 0.000000 0.473556
v -0.128143 -0.130683 0.644220
v -0.092380 -0.473692 0.464424
v -0.086095 -0.500131 0.432830
v -0.108632 -0.372169 0.546132
v -0.097123 -0.444065 0.488268
v -0.120708 -0.256348 0.606840
v -0.213090 -0.372169 0.514445
v -0.265677 0.475004 0.389531
v -0.186828 -0.455796 0.451043
v -0.163138 -0.472460 0.444008
v -0.140745 -0.440999 0.477651
v -0.236777 -0.256348 0.571630
v -0.518975 0.000000 0.418214
v -0.470270 0.130709 0.457366
v -0.510667 0.100847 0.412756
v -0.546144 0.130683 0.364921
v -0.550709 0.130709 0.356369
v -0.545350 0.133840 0.364391
v -0.556843 0.000000 0.372071
v -0.584191 0.000000 0.320906
v -0.574837 0.113956 0.314713
v -0.251362 -0.130683 0.606842
v -0.181209 -0.473692 0.437477
v -0.166390 -0.505475 0.401701
v -0.160580 -0.494934 0.416821
v -0.263075 -0.473692 0.393719
v -0.258468 -0.480501 0.386824
v 0.263075 0.473692 0.393719
v 0.258468 0.480501 0.386824
v 0.182344 0.530369 0.358945
v 0.289084 0.372207 0.473797
v 0.235678 0.423304 0.455022
v 0.343747 0.256348 0.514454
v 0.322536 0.327786 0.482709
v 0.301417 0.362041 0.473337
v 0.364922 0.130683 0.546144
v 0.309359 0.372169 0.462988
v 0.361425 0.372207 0.420227
v -0.182344 -0.530369 0.358945
v -0.289084 -0.372207 0.473797
v -0.235678 -0.423304 0.455022
v -0.343747 -0.256348 0.514454
v -0.322536 -0.327786 0.482709
v -0.301417 -0.362041 0.473337
v -0.364922 -0.130683 0.546144
v -0.309359 -0.372169 0.462988
v -0.361425 -0.372207 0.420227
v -0.338813 -0.404664 0.404490
v 0.338813 0.404664 0.404490
v -0.267459 -0.473709 0.390099
v -0.363762 -0.256389 0.498006
v -0.352307 -0.281434 0.490173
v -0.464457 -0.130683 0.464457
v -0.463469 -0.135298 0.463469
v -0.391913 -0.194890 0.498921
v -0.445950 0.216974 0.445950
v -0.443720 0.220603 0.446362
v -0.427039 0.256389 0.446076
v -0.398932 0.318764 0.426221
v -0.265677 -0.475004 0.389531
v -0.130627 0.192536 0.656705
v -0.470270 -0.130709 0.457366
v 0.267459 0.473709 0.390099
v 0.363762 0.256389 0.498006
v -0.510667 -0.100847 0.412756
v -0.546144 -0.130683 0.364921
v 0.352307 0.281434 0.490173
v -0.550709 -0.130709 0.356369
v 0.464457 0.130683 0.464457
v -0.545350 -0.133840 0.364391
v 0.463469 0.135298 0.463469
v 0.000000 0.300000 0.629546
v -0.300000 0.000000 0.629546
v 0.391913 0.194890 0.498921
v -0.132177 0.267878 0.632466
v -0.261954 0.143261 0.632412
v 0.000000 0.232822 0.657349
v 0.473556 0.000000 0.473556
v 0.128143 -0.130683 0.644220
v 0.092380 -0.473692 0.464424
v -0.187664 0.136563 0.657060
v -0.265534 0.136563 0.632791
v -0.574837 -0.113956 0.314713
v 0.086095 -0.500131 0.432830
v 0.108632 -0.372169 0.546132
v 0.097123 -0.444065 0.488268
v -0.125813 0.271280 0.632505
v -0.232822 0.000000 0.657349
v 0.120708 -0.256348 0.606840
v 0.213090 -0.372169 0.514445
v 0.265677 0.475004 0.389531
v 0.186828 -0.455796 0.451043
v 0.163138 -0.472460 0.444008
v 0.140745 -0.440999 0.477651
v 0.236777 -0.256348 0.571630
v 0.518975 0.000000 0.418214
v 0.470270 0.130709 0.457366
v 0.510667 0.100847 0.412756
v 0.546144 0.130683 0.364921
v 0.550709 0.130709 0.356369
v 0.545350 0.133840 0.364391
v 0.556843 0.000000 0.372071
v -0.445950 -0.216974 0.445950
v -0.443720 -0.220603 0.446362
v -0.427039 -0.256389 0.446076
v -0.129349 0.193585 0.656512
v -0.089097 0.215100 0.653950
v -0.045421 0.228349 0.654233
v -0.398932 -0.318764 0.426221
v -0.130627 -0.192536 0.656705
v -0.294236 0.058527 0.626122
v -0.277164 0.114805 0.628993
v 0.584191 0.000000 0.320906
v 0.574837 0.113956 0.314713
v 0.251362 -0.130683 0.606842
v 0.181209 -0.473692 0.437477
v 0.166390 -0.505475 0.401701
v 0.160580 -0.494934 0.416821
v -0.114805 0.277164 0.630445
v -0.058527 0.294236 0.626863
v -0.228349 0.045421 0.654054
v -0.215100 0.089097 0.653600
v -0.193585 0.129349 0.656003
v 0.263075 -0.473692 0.393719
v 0.258468 -0.480501 0.386824
v 0.000000 -0.300000 0.629546
v -0.164630 0.164630 0.655193
v -0.249441 0.166671 0.628822
v -0.212132 0.212132 0.625798
v -0.166671 0.249441 0.627819
v 0.182344 -0.530369 0.358945
v 0.289084 -0.372207 0.473797
v 0.235678 -0.423304 0.455022
v 0.343747 -0.256348 0.514454
v -0.132177 -0.267878 0.632466
v 0.322536 -0.327786 0.482709
v 0.301417 -0.362041 0.473337
v -0.261954 -0.143261 0.632412
v 0.364922 -0.130683 0.546144
v 0.000000 -0.232822 0.657349
v -0.318206 0.000000 0.619815
v -0.335000 0.000000 0.610838
v 0.309359 -0.372169 0.462988
v 0.361425 -0.372207 0.420227
v -0.187664 -0.136563 0.657060
v -0.067843 0.291410 0.627456
v -0.265534 -0.136563 0.632791
v -0.125813 -0.271280 0.632505
v 0.000000 0.335000 0.610838
v 0.000000 0.318206 0.619815
v 0.338813 -0.404664 0.404490
v -0.129349 -0.193585 0.656512
v -0.089097 -0.215100 0.653950
v -0.045421 -0.228349 0.654233
v -0.294236 -0.058527 0.626122
v -0.045810 0.295488 0.627446
v -0.277164 -0.114805 0.628993
v 0.267459 -0.473709 0.390099
v 0.363762 -0.256389 0.498006
v 0.000000 0.201795 0.666762
v 0.000000 0.185000 0.671856
v 0.352307 -0.281434 0.490173
v 0.464457 -0.130683 0.464457
v 0.463469 -0.135298 0.463469
v 0.391913 -0.194890 0.498921
v -0.064604 0.222530 0.654109
v -0.048254 0.227489 0.654215
v 0.445950 0.216974 0.445950
v -0.114805 -0.277164 0.630445
v -0.058527 -0.294236 0.626863
v -0.228349 -0.045421 0.654054
v -0.215100 -0.089097 0.653600
v -0.265070 0.074501 0.639936
v -0.265706 0.057644 0.641470
v 0.443720 0.220603 0.446362
v 0.427039 0.256389 0.446076
v -0.295488 0.045810 0.626866
v -0.193585 -0.129349 0.656003
v -0.164630 -0.164630 0.655193
v -0.074224 0.267878 0.639405
v -0.057430 0.267878 0.641059
v 0.398932 0.318764 0.426221
v 0.265677 -0.475004 0.389531
v -0.227465 0.048336 0.654024
v -0.222530 0.064604 0.653854
v 0.130627 0.192536 0.656705
v 0.470270 -0.130709 0.457366
v -0.201794 0.000000 0.666761
v -0.185000 0.000000 0.671856
v 0.510667 -0.100847 0.412756
v -0.249441 -0.166671 0.628822
v -0.212132 -0.212132 0.625798
v 0.546144 -0.130683 0.364921
v 0.550709 -0.130709 0.356369
v -0.166671 -0.249441 0.627819
v -0.291410 0.067843 0.626597
v 0.545350 -0.133840 0.364391
v 0.300000 0.000000 0.629546
v 0.132177 0.267878 0.632466
v 0.261954 0.143261 0.632412
v 0.187664 0.136563 0.657060
v 0.265534 0.136563 0.632791
v 0.574837 -0.113956 0.314713
v 0.125813 0.271280 0.632505
v -0.067843 -0.291410 0.627456
v 0.000000 -0.335000 0.610838
v -0.011355 0.202913 0.665304
v -0.022274 0.206225 0.663224
v -0.032337 0.211604 0.660601
v -0.041158 0.218843 0.657537
v -0.014632 0.186441 0.669978
v -0.028701 0.190709 0.667298
v -0.041668 0.197640 0.663918
v -0.053033 0.206967 0.659969
v -0.062360 0.218332 0.655603
v 0.000000 -0.318206 0.619815
v -0.045810 -0.295488 0.627446
v 0.000000 -0.201795 0.666762
v 0.000000 -0.185000 0.671856
v 0.232822 0.000000 0.657349
v 0.445950 -0.216974 0.445950
v 0.443720 -0.220603 0.446362
v -0.064604 -0.222530 0.654109
v -0.048254 -0.227489 0.654215
v -0.292337 0.048396 0.628263
v -0.282274 0.053775 0.633044
v -0.271355 0.057087 0.638512
v -0.288701 0.069291 0.627884
v -0.274632 0.073559 0.634930
v -0.053775 0.237726 0.650566
v -0.057087 0.248645 0.646927
v -0.058206 0.260000 0.643372
v -0.069291 0.231299 0.650987
v -0.073559 0.245368 0.646299
v -0.075000 0.260000 0.641718
v -0.041157 0.301158 0.624873
v -0.032337 0.308396 0.621873
v -0.022274 0.313775 0.619989
v -0.011355 0.317087 0.619294
v -0.062360 0.301668 0.622512
v -0.053033 0.313033 0.617356
v -0.041668 0.322360 0.613490
v -0.028701 0.329291 0.611063
v -0.014632 0.333559 0.610167
v -0.265070 -0.074501 0.639936
v -0.265706 -0.057644 0.641470
v 0.427039 -0.256389 0.446076
v 0.129349 0.193585 0.656512
v 0.089097 0.215100 0.653950
v 0.045421 0.228349 0.654233
v 0.398932 -0.318764 0.426221
v -0.295488 -0.045810 0.626866
v -0.074224 -0.267878 0.639405
v 0.130627 -0.192536 0.656705
v 0.294236 0.058527 0.626122
v 0.277164 0.114805 0.628993
v -0.057430 -0.267878 0.641059
v 0.114805 0.277164 0.630445
v 0.058527 0.294236 0.626863
v 0.228349 0.045421 0.654054
v -0.057087 0.271355 0.639234
v -0.053775 0.282274 0.633724
v -0.048396 0.292337 0.628875
v -0.073559 0.274632 0.635861
v -0.069291 0.288701 0.628761
v -0.218842 0.041158 0.657374
v -0.211604 0.032337 0.660474
v -0.206225 0.022274 0.663136
v -0.202913 0.011355 0.665259
v -0.218332 0.062360 0.655357
v -0.206967 0.053033 0.659760
v -0.197640 0.041668 0.663754
v -0.190709 0.028701 0.667184
v -0.186441 0.014632 0.669920
v 0.215100 0.089097 0.653600
v -0.227465 -0.048336 0.654024
v -0.222530 -0.064604 0.653854
v 0.193585 0.129349 0.656003
v 0.164630 0.164630 0.655193
v 0.249441 0.166671 0.628822
v 0.212132 0.212132 0.625798
v 0.166671 0.249441 0.627819
v 0.132177 -0.267878 0.632466
v 0.261954 -0.143261 0.632412
v -0.291410 -0.067843 0.626597
v 0.318206 0.000000 0.619815
v 0.335000 0.000000 0.610838
v 0.187664 -0.136563 0.657060
v 0.067843 0.291410 0.627456
v -0.011355 -0.202913 0.665304
v 0.265534 -0.136563 0.632791
v 0.125813 -0.271280 0.632505
v 0.129349 -0.193585 0.656512
v 0.089097 -0.215100 0.653950
v 0.045421 -0.228349 0.654233
v 0.294236 -0.058527 0.626122
v 0.045810 0.295488 0.627446
v -0.022274 -0.206225 0.663224
v -0.032337 -0.211604 0.660601
v -0.041158 -0.218843 0.657537
v -0.014632 -0.186441 0.669978
v -0.028701 -0.190709 0.667298
v -0.041668 -0.197640 0.663918
v -0.053033 -0.206967 0.659969
v -0.062360 -0.218332 0.655603
v -0.292337 -0.048396 0.628263
v -0.282274 -0.053775 0.633044
v -0.271355 -0.057087 0.638512
v -0.288701 -0.069291 0.627884
v -0.274632 -0.073559 0.634930
v -0.053775 -0.237726 0.650566
v 0.277164 -0.114805 0.628993
v 0.064604 0.222530 0.654109
v 0.048254 0.227489 0.654215
v 0.114805 -0.277164 0.630445
v 0.058527 -0.294236 0.626863
v 0.228349 -0.045421 0.654054
v 0.215100 -0.089097 0.653600
v 0.265070 0.074501 0.639936
v 0.265706 0.057644 0.641470
v 0.295488 0.045810 0.626866
v 0.193585 -0.129349 0.656003
v 0.164630 -0.164630 0.655193
v 0.074224 0.267878 0.639405
v 0.057430 0.267878 0.641059
v -0.057087 -0.248645 0.646927
v -0.058206 -0.260000 0.643372
v -0.069291 -0.231299 0.650987
v -0.073559 -0.245368 0.646299
v -0.075000 -0.260000 0.641718
v 0.227465 0.048336 0.654024
v 0.222530 0.064604 0.653854
v 0.201794 0.000000 0.666761
v 0.185000 0.000000 0.671856
v 0.249441 -0.166671 0.628822
v 0.212132 -0.212132 0.625798
v 0.166671 -0.249441 0.627819
v 0.291410 0.067843 0.626597
v 0.067843 -0.291410 0.627456
v 0.011355 0.202913 0.665304
v 0.022274 0.206225 0.663224
v 0.032337 0.211604 0.660601
v 0.041158 0.218843 0.657537
v 0.014632 0.186441 0.669978
v 0.028701 0.190709 0.667298
v 0.041668 0.197640 0.663918
v 0.053033 0.206967 0.659969
v -0.041157 -0.301158 0.624873
v -0.032337 -0.308396 0.621873
v -0.022274 -0.313775 0.619989
v -0.011355 -0.317087 0.619294
v -0.062360 -0.301668 0.622512
v -0.053033 -0.313033 0.617356
v -0.041668 -0.322360 0.613490
v -0.028701 -0.329291 0.611063
v -0.014632 -0.333559 0.610167
v 0.062360 0.218332 0.655603
v -0.317087 0.011355 0.619150
v -0.313775 0.022274 0.619707
v -0.308396 0.032337 0.621464
v -0.301158 0.041158 0.624353
v -0.333559 0.014632 0.609982
v -0.329291 0.028701 0.610700
v -0.322360 0.041668 0.612963
v -0.313033 0.053033 0.616685
v -0.301668 0.062360 0.621724
v 0.045810 -0.295488 0.627446
v 0.064604 -0.222530 0.654109
v 0.048254 -0.227489 0.654215
v 0.292337 0.048396 0.628263
v -0.057087 -0.271355 0.639234
v -0.053775 -0.282274 0.633724
v 0.282274 0.053775 0.633044
v -0.048396 -0.292337 0.628875
v -0.073559 -0.274632 0.635861
v -0.069291 -0.288701 0.628761
v -0.218842 -0.041158 0.657374
v -0.211604 -0.032337 0.660474
v -0.206225 -0.022274 0.663136
v -0.202913 -0.011355 0.665259
v -0.218332 -0.062360 0.655357
v -0.206967 -0.053033 0.659760
v -0.197640 -0.041668 0.663754
v -0.190709 -0.028701 0.667184
v -0.186441 -0.014632 0.669920
v 0.271355 0.057087 0.638512
v 0.288701 0.069291 0.627884
v 0.274632 0.073559 0.634930
v 0.053775 0.237726 0.650566
v 0.057087 0.248645 0.646927
v 0.058206 0.260000 0.643372
v 0.069291 0.231299 0.650987
v 0.073559 0.245368 0.646299
v 0.075000 0.260000 0.641718
v 0.041157 0.301158 0.624873
v -0.260000 0.058206 0.643143
v -0.248645 0.057087 0.646702
v -0.237726 0.053775 0.650354
v -0.260000 0.075000 0.641423
v -0.245368 0.073559 0.646009
v -0.231299 0.069291 0.650714
v -0.494767 0.002972 0.494767
v 0.032337 0.308396 0.621873
v -0.388110 0.014411 0.580848
v -0.359289 0.000000 0.597855
v 0.022274 0.313775 0.619989
v -0.500710 0.000000 0.487985
v 0.011355 0.317087 0.619294
v -0.430000 0.035355 0.543814
v 0.062360 0.301668 0.622512
v 0.053033 0.313033 0.617356
v 0.041668 0.322360 0.613490
v 0.028701 0.329291 0.611063
v 0.014632 0.333559 0.610167
v 0.265070 -0.074501 0.639936
v 0.265706 -0.057644 0.641470
v 0.295488 -0.045810 0.626866
v 0.074224 -0.267878 0.639405
v 0.057430 -0.267878 0.641059
v 0.057087 0.271355 0.639234
v 0.053775 0.282274 0.633724
v 0.048396 0.292337 0.628875
v 0.073559 0.274632 0.635861
v 0.069291 0.288701 0.628761
v 0.218842 0.041158 0.657374
v 0.211604 0.032337 0.660474
v 0.206225 0.022274 0.663136
v 0.202913 0.011355 0.665259
v 0.218332 0.062360 0.655357
v 0.206967 0.053033 0.659760
v 0.197640 0.041668 0.663754
v 0.190709 0.028701 0.667184
v 0.186441 0.014632 0.669920
v 0.227465 -0.048336 0.654024
v 0.222530 -0.064604 0.653854
v 0.291410 -0.067843 0.626597
v 0.011355 -0.202913 0.665304
v 0.022274 -0.206225 0.663224
v 0.032337 -0.211604 0.660601
v 0.041158 -0.218843 0.657537
v 0.014632 -0.186441 0.669978
v 0.028701 -0.190709 0.667298
v 0.041668 -0.197640 0.663918
v 0.053033 -0.206967 0.659969
v 0.062360 -0.218332 0.655603
v 0.292337 -0.048396 0.628263
v 0.282274 -0.053775 0.633044
v 0.271355 -0.057087 0.638512
v 0.288701 -0.069291 0.627884
v 0.274632 -0.073559 0.634930
v 0.053775 -0.237726 0.650566
v 0.057087 -0.248645 0.646927
v 0.058206 -0.260000 0.643372
v 0.069291 -0.231299 0.650987
v 0.073559 -0.245368 0.646299
v -0.251558 0.232814 0.607314
v -0.327374 0.267878 0.554787
v -0.227374 0.267878 0.603588
v -0.232935 0.339022 0.562355
v -0.312500 0.312500 0.535823
v -0.350000 0.200000 0.565928
v -0.237500 0.237500 0.610100
v -0.200000 0.350000 0.566243
v 0.075000 -0.260000 0.641718
v 0.041157 -0.301158 0.624873
v 0.032337 -0.308396 0.621873
v 0.022274 -0.313775 0.619989
v 0.011355 -0.317087 0.619294
v 0.062360 -0.301668 0.622512
v -0.317087 -0.011355 0.619150
v -0.313775 -0.022274 0.619707
v -0.308396 -0.032337 0.621464
v -0.301158 -0.041158 0.624353
v -0.333559 -0.014632 0.609982
v -0.329291 -0.028701 0.610700
v -0.322360 -0.041668 0.612963
v -0.313033 -0.053033 0.616685
v -0.301668 -0.062360 0.621724
v 0.053033 -0.313033 0.617356
v -0.260000 -0.058206 0.643143
v -0.248645 -0.057087 0.646702
v -0.237726 -0.053775 0.650354
v -0.260000 -0.075000 0.641423
v -0.245368 -0.073559 0.646009
v -0.231299 -0.069291 0.650714
v -0.494767 -0.002972 0.494767
v -0.388110 -0.014411 0.580848
v -0.430000 -0.035355 0.543814
v 0.041668 -0.322360 0.613490
v 0.028701 -0.329291 0.611063
v 0.014632 -0.333559 0.610167
v 0.317087 0.011355 0.619150
v 0.313775 0.022274 0.619707
v 0.308396 0.032337 0.621464
v 0.301158 0.041158 0.624353
v 0.333559 0.014632 0.609982
v 0.329291 0.028701 0.610700
v 0.322360 0.041668 0.612963
v 0.313033 0.053033 0.616685
v 0.301668 0.062360 0.621724
v 0.057087 -0.271355 0.639234
v 0.053775 -0.282274 0.633724
v 0.048396 -0.292337 0.628875
v 0.073559 -0.274632 0.635861
v 0.069291 -0.288701 0.628761
v -0.251558 -0.232814 0.607314
v -0.327374 -0.267878 0.554787
v -0.227374 -0.267878 0.603588
v -0.232935 -0.339022 0.562355
v -0.312500 -0.312500 0.535823
v -0.350000 -0.200000 0.565928
v -0.237500 -0.237500 0.610100
v -0.200000 -0.350000 0.566243
v 0.218842 -0.041158 0.657374
v 0.211604 -0.032337 0.660474
v 0.206225 -0.022274 0.663136
v 0.202913 -0.011355 0.665259
v 0.218332 -0.062360 0.655357
v 0.206967 -0.053033 0.659760
v 0.197640 -0.041668 0.663754
v 0.190709 -0.028701 0.667184
v 0.186441 -0.014632 0.669920
v 0.260000 0.058206 0.643143
v 0.248645 0.057087 0.646702
v 0.237726 0.053775 0.650354
v 0.260000 0.075000 0.641423
v 0.245368 0.073559 0.646009
v 0.231299 0.069291 0.650714
v 0.494767 0.002972 0.494767
v 0.388110 0.014411 0.580848
v 0.359289 0.000000 0.597855
v 0.500710 0.000000 0.487985
v 0.430000 0.035355 0.543814
v 0.251558 0.232814 0.607314
v 0.327374 0.267878 0.554787
v 0.227374 0.267878 0.603588
v 0.232935 0.339022 0.562355
v 0.312500 0.312500 0.535823
v 0.350000 0.200000 0.565928
v 0.237500 0.237500 0.610100
v 0.200000 0.350000 0.566243
v 0.317087 -0.011355 0.619150
v 0.313775 -0.022274 0.619707
v 0.308396 -0.032337 0.621464
v 0.301158 -0.041158 0.624353
v 0.333559 -0.014632 0.609982
v 0.329291 -0.028701 0.610700
v 0.322360 -0.041668 0.612963
v 0.313033 -0.053033 0.616685
v 0.301668 -0.062360 0.621724
v 0.260000 -0.058206 0.643143
v 0.248645 -0.057087 0.646702
v 0.237726 -0.053775 0.650354
v 0.260000 -0.075000 0.641423
v 0.245368 -0.073559 0.646009
v 0.231299 -0.069291 0.650714
v 0.494767 -0.002972 0.494767
v 0.388110 -0.014411 0.580848
v 0.430000 -0.035355 0.543814
v 0.251558 -0.232814 0.607314
v 0.327374 -0.267878 0.554787
v 0.227374 -0.267878 0.603588
v 0.232935 -0.339022 0.562355
v 0.312500 -0.312500 0.535823
v 0.350000 -0.200000 0.565928
v 0.237500 -0.237500 0.610100
v 0.200000 -0.350000 0.566243
vt 0.933752 0.647183
vt 0.932456 0.647760
vt 0.932836 0.645766
vt 0.682243 0.517910
vt 0.676578 0.539193
vt 0.678381 0.517580
vt 0.750967 0.044858
vt 0.749854 0.045737
vt 0.739719 0.033795
vt 0.894028 0.638168
vt 0.892701 0.638009
vt 0.892844 0.636056
vt 0.879005 0.605431
vt 0.880611 0.605950
vt 0.878784 0.606831
vt 0.887259 0.594713
vt 0.888560 0.594140
vt 0.888173 0.596136
vt 0.883352 0.648373
vt 0.885360 0.647548
vt 0.885883 0.648777
vt 0.908891 0.647584
vt 0.913971 0.647415
vt 0.908184 0.656165
vt 0.890293 0.594885
vt 0.892858 0.590772
vt 0.879485 0.601977
vt 0.879584 0.603335
vt 0.877449 0.603454
vt 0.924846 0.589276
vt 0.923356 0.590439
vt 0.919816 0.587116
vt 0.547141 0.602281
vt 0.550302 0.612401
vt 0.544792 0.603445
vt 0.965464 0.057129
vt 0.965645 0.061296
vt 0.964098 0.060710
vt 0.898110 0.647808
vt 0.898601 0.646514
vt 0.900481 0.647011
vt 0.392372 0.638139
vt 0.394300 0.637827
vt 0.391179 0.642804
vt 0.684722 0.021251
vt 0.689574 0.025749
vt 0.685867 0.027337
vt 0.602474 0.496624
vt 0.598732 0.496006
vt 0.600096 0.494316
vt 0.402322 0.624526
vt 0.392728 0.627440
vt 0.689507 0.403880
vt 0.668620 0.403556
vt 0.679098 0.393352
vt 0.631568 0.615152
vt 0.639448 0.606719
vt 0.641288 0.610001
vt 0.428555 0.934284
vt 0.427199 0.935422
vt 0.418324 0.933835
vt 0.705083 0.451695
vt 0.705583 0.450356
vt 0.711438 0.453264
vt 0.619491 0.618739
vt 0.623559 0.619844
vt 0.621777 0.621515
vt 0.555364 0.615166
vt 0.552801 0.616878
vt 0.968875 0.655706
vt 0.968556 0.655585
vt 0.968359 0.645558
vt 0.650603 0.360168
vt 0.651912 0.340035
vt 0.661346 0.351671
vt 0.650888 0.604346
vt 0.649054 0.601024
vt 0.659226 0.600032
vt 0.658283 0.596393
vt 0.669355 0.450701
vt 0.670084 0.449501
vt 0.670412 0.449625
vt 0.635968 0.460446
vt 0.634866 0.459705
vt 0.638699 0.458751
vt 0.935619 0.646082
vt 0.936951 0.645821
vt 0.936060 0.648167
vt 0.884005 0.644328
vt 0.883426 0.643028
vt 0.885419 0.643405
vt 0.733269 0.078340
vt 0.726235 0.080927
vt 0.727415 0.074651
vt 0.417870 0.911258
vt 0.433443 0.895686
vt 0.433443 0.911258
vt 0.895841 0.589932
vt 0.897094 0.597931
vt 0.893151 0.597127
vt 0.616647 0.488688
vt 0.604705 0.489567
vt 0.615418 0.484717
vt 0.641595 0.484875
vt 0.634637 0.487119
vt 0.634743 0.483983
vt 0.117947 0.660228
vt 0.113859 0.671631
vt 0.110060 0.668031
vt 0.138455 0.805890
vt 0.137731 0.807122
vt 0.132466 0.803249
vt 0.722404 0.106061
vt 0.720971 0.123342
vt 0.712798 0.115114
vt 0.716703 0.449391
vt 0.717427 0.450623
vt 0.417737 0.895850
vt 0.410419 0.906371
vt 0.409282 0.905016
vt 0.902990 0.654737
vt 0.903537 0.655235
vt 0.902696 0.655079
vt 0.716724 0.127395
vt 0.713772 0.133996
vt 0.703402 0.125088
vt 0.941218 0.605011
vt 0.941469 0.604640
vt 0.941838 0.605405
vt 0.414204 0.892022
vt 0.417510 0.889400
vt 0.418325 0.888680
vt 0.427199 0.887093
vt 0.428555 0.888232
vt 0.572130 0.625699
vt 0.579612 0.627918
vt 0.572078 0.628886
vt 0.567716 0.624939
vt 0.567331 0.628377
vt 0.566602 0.628169
vt 0.384646 0.611318
vt 0.393089 0.618380
vt 0.391218 0.617062
vt 0.106945 0.677934
vt 0.107420 0.680309
vt 0.102568 0.676363
vt 0.633162 0.450701
vt 0.633892 0.449501
vt 0.634220 0.449625
vt 0.302941 0.680970
vt 0.293004 0.675922
vt 0.296017 0.672854
vt 0.011594 0.596600
vt 0.012200 0.585219
vt 0.018291 0.586820
vt 0.108641 0.686488
vt 0.097244 0.686388
vt 0.457604 0.905016
vt 0.456466 0.906371
vt 0.449148 0.895850
vt 0.706263 0.135161
vt 0.696413 0.133480
vt 0.756575 0.959749
vt 0.747989 0.952139
vt 0.753385 0.949874
vt 0.944359 0.626997
vt 0.944835 0.626343
vt 0.944659 0.627207
vt 0.645050 0.457280
vt 0.644327 0.458510
vt 0.639056 0.454609
vt 0.095881 0.685513
vt 0.095436 0.686307
vt 0.083350 0.685593
vt 0.681423 0.124768
vt 0.682415 0.129483
vt 0.679165 0.127352
vt 0.659202 0.125081
vt 0.658555 0.124415
vt 0.669934 0.113441
vt 0.976019 0.648481
vt 0.969193 0.655829
vt 0.681579 0.569605
vt 0.674163 0.582596
vt 0.677527 0.568904
vt 0.963581 0.362693
vt 0.954995 0.370303
vt 0.954690 0.360168
vt 0.438330 0.888232
vt 0.439687 0.887093
vt 0.448561 0.888680
vt 0.096009 0.686488
vt 0.682142 0.554849
vt 0.678276 0.563437
vt 0.678296 0.554856
vt 0.706608 0.458260
vt 0.705059 0.455895
vt 0.657536 0.125426
vt 0.968507 0.656670
vt 0.038181 0.679246
vt 0.038717 0.679762
vt 0.037161 0.680329
vt 0.031475 0.682756
vt 0.026804 0.667900
vt 0.677424 0.501623
vt 0.675665 0.492432
vt 0.679738 0.500807
vt 0.875407 0.618628
vt 0.876102 0.615574
vt 0.883823 0.620355
vt 0.729707 0.020801
vt 0.737603 0.018801
vt 0.739268 0.033282
vt 0.678403 0.585592
vt 0.678828 0.584814
vt 0.751571 0.101985
vt 0.750720 0.105883
vt 0.744510 0.103889
vt 0.675248 0.454609
vt 0.680866 0.450526
vt 0.681985 0.453125
vt 0.740168 0.063385
vt 0.732673 0.073587
vt 0.726479 0.065329
vt 0.636619 0.390620
vt 0.635746 0.391304
vt 0.636255 0.390167
vt 0.682096 0.510409
vt 0.678656 0.516169
vt 0.679284 0.510494
vt 0.629911 0.484214
vt 0.618455 0.488082
vt 0.617541 0.484040
vt 0.681481 0.539719
vt 0.678180 0.545784
vt 0.676578 0.540087
vt 0.049244 0.557118
vt 0.047854 0.550873
vt 0.059429 0.550697
vt 0.728068 0.021137
vt 0.728702 0.021792
vt 0.717546 0.032554
vt 0.639304 0.077157
vt 0.634650 0.075501
vt 0.633442 0.068349
vt 0.594049 0.503035
vt 0.592412 0.500420
vt 0.887812 0.637368
vt 0.888788 0.639044
vt 0.887672 0.639860
vt 0.300610 0.683278
vt 0.304244 0.694222
vt 0.296366 0.687485
vt 0.038974 0.577543
vt 0.027346 0.580935
vt 0.034596 0.572950
vt 0.012386 0.598018
vt 0.011418 0.597830
vt 0.142008 0.580597
vt 0.143138 0.579615
vt 0.142505 0.581153
vt 0.965645 0.068155
vt 0.958820 0.075503
vt 0.958501 0.075380
vt 0.682214 0.545484
vt 0.082722 0.676698
vt 0.093327 0.675620
vt 0.061134 0.666892
vt 0.062580 0.677471
vt 0.057780 0.675458
vt 0.433443 0.926830
vt 0.681438 0.538822
vt 0.449016 0.911258
vt 0.103825 0.674170
vt 0.635191 0.042450
vt 0.636181 0.038404
vt 0.642611 0.040650
vt 0.070381 0.681816
vt 0.071563 0.671644
vt 0.616858 0.484236
vt 0.962554 0.060117
vt 0.744327 0.090244
vt 0.753916 0.094667
vt 0.452682 0.892022
vt 0.455868 0.896012
vt 0.021932 0.591900
vt 0.020636 0.587436
vt 0.642378 0.054816
vt 0.632569 0.050031
vt 0.925200 0.651987
vt 0.925483 0.652223
vt 0.924690 0.652621
vt 0.040592 0.671325
vt 0.014729 0.657145
vt 0.012116 0.662745
vt 0.129647 0.656907
vt 0.122277 0.664865
vt 0.417737 0.926666
vt 0.414204 0.930494
vt 0.411018 0.926503
vt 0.387904 0.692412
vt 0.376813 0.703305
vt 0.374439 0.695771
vt 0.880025 0.638740
vt 0.879469 0.637367
vt 0.879721 0.636994
vt 0.115473 0.657588
vt 0.106702 0.664785
vt 0.082424 0.674363
vt 0.077789 0.673138
vt 0.048202 0.669087
vt 0.057029 0.675632
vt 0.633195 0.457550
vt 0.632693 0.456215
vt 0.926250 0.589495
vt 0.925731 0.591099
vt 0.718787 0.045732
vt 0.717142 0.045527
vt 0.135241 0.645815
vt 0.138909 0.651014
vt 0.136525 0.650368
vt 0.145982 0.626855
vt 0.145855 0.639237
vt 0.145013 0.639635
vt 0.665528 0.039622
vt 0.647675 0.037198
vt 0.657725 0.029443
vt 0.011529 0.610545
vt 0.011564 0.598414
vt 0.636900 0.100229
vt 0.635778 0.101132
vt 0.636309 0.099509
vt 0.145811 0.641087
vt 0.145110 0.652691
vt 0.922961 0.600788
vt 0.920599 0.600206
vt 0.922452 0.599547
vt 0.323701 0.698685
vt 0.321022 0.708152
vt 0.316986 0.697542
vt 0.879098 0.636599
vt 0.375809 0.944038
vt 0.367223 0.951649
vt 0.366919 0.941513
vt 0.126612 0.806157
vt 0.126111 0.804818
vt 0.895558 0.589695
vt 0.896353 0.589300
vt 0.135106 0.636363
vt 0.133462 0.643297
vt 0.126415 0.553681
vt 0.131031 0.568684
vt 0.120669 0.556093
vt 0.409282 0.917500
vt 0.410419 0.916144
vt 0.591792 0.961613
vt 0.583207 0.954003
vt 0.588602 0.951738
vt 0.448561 0.933835
vt 0.439687 0.935422
vt 0.438330 0.934284
vt 0.145999 0.639835
vt 0.641635 0.347800
vt 0.632437 0.344030
vt 0.634117 0.336908
vt 0.042940 0.566048
vt 0.046835 0.569616
vt 0.885385 0.595811
vt 0.884051 0.596069
vt 0.884949 0.593721
vt 0.145811 0.573984
vt 0.688520 0.305567
vt 0.693321 0.307306
vt 0.679856 0.313783
vt 0.396702 0.613547
vt 0.402773 0.611894
vt 0.402968 0.623413
vt 0.646814 0.402709
vt 0.658334 0.392456
vt 0.661616 0.331769
vt 0.644939 0.331198
vt 0.653507 0.322659
vt 0.275996 0.600838
vt 0.290098 0.595594
vt 0.278881 0.606137
vt 0.028956 0.633790
vt 0.020130 0.637460
vt 0.020289 0.636757
vt 0.394474 0.614263
vt 0.658046 0.414652
vt 0.657639 0.414237
vt 0.731651 0.310571
vt 0.733793 0.325296
vt 0.723750 0.312981
vt 0.275886 0.662340
vt 0.275292 0.662029
vt 0.275514 0.650165
vt 0.958133 0.076345
vt 0.706197 0.021569
vt 0.705193 0.016970
vt 0.708385 0.019019
vt 0.060839 0.551555
vt 0.060684 0.550565
vt 0.061272 0.550735
vt 0.449148 0.926666
vt 0.452682 0.930494
vt 0.449376 0.933115
vt 0.700680 0.354768
vt 0.699556 0.374398
vt 0.690304 0.364003
vt 0.015842 0.656164
vt 0.023831 0.654020
vt 0.750429 0.046452
vt 0.660492 0.596198
vt 0.661481 0.599538
vt 0.376849 0.603981
vt 0.373110 0.593030
vt 0.381068 0.599701
vt 0.020407 0.611704
vt 0.022728 0.612131
vt 0.023686 0.616856
vt 0.718992 0.396236
vt 0.735669 0.396807
vt 0.727100 0.405347
vt 0.719262 0.376334
vt 0.709047 0.385062
vt 0.709975 0.365337
vt 0.026315 0.646516
vt 0.015346 0.655616
vt 0.746491 0.391097
vt 0.746112 0.394794
vt 0.739930 0.393191
vt 0.730004 0.367838
vt 0.728695 0.387971
vt 0.720755 0.356277
vt 0.711280 0.345333
vt 0.128578 0.603077
vt 0.137554 0.599455
vt 0.137379 0.600166
vt 0.682100 0.011418
vt 0.691587 0.013148
vt 0.669387 0.457550
vt 0.668885 0.456215
vt 0.362499 0.588144
vt 0.367162 0.584526
vt 0.366498 0.586721
vt 0.136939 0.625561
vt 0.134592 0.625085
vt 0.133735 0.620288
vt 0.632469 0.355453
vt 0.632837 0.353524
vt 0.632437 0.398873
vt 0.357367 0.578562
vt 0.368671 0.578540
vt 0.387920 0.607596
vt 0.738972 0.380205
vt 0.748171 0.383975
vt 0.748138 0.372552
vt 0.747771 0.374481
vt 0.732105 0.347053
vt 0.722273 0.335550
vt 0.344136 0.578887
vt 0.355979 0.578628
vt 0.356288 0.579220
vt 0.741409 0.359420
vt 0.745486 0.360894
vt 0.746968 0.367582
vt 0.741663 0.349814
vt 0.391020 0.678885
vt 0.398599 0.681127
vt 0.659852 0.371728
vt 0.669327 0.382672
vt 0.333194 0.708511
vt 0.321331 0.708745
vt 0.356248 0.578622
vt 0.717625 0.412867
vt 0.709657 0.404915
vt 0.662983 0.315139
vt 0.670951 0.323090
vt 0.743988 0.337385
vt 0.744861 0.336701
vt 0.744353 0.337838
vt 0.748171 0.329132
vt 0.300852 0.584682
vt 0.300067 0.583860
vt 0.301126 0.584411
vt 0.294629 0.581244
vt 0.667069 0.311325
vt 0.669910 0.305052
vt 0.691260 0.344309
vt 0.281142 0.673328
vt 0.275106 0.674797
vt 0.275221 0.663423
vt 0.648956 0.417434
vt 0.656858 0.415025
vt 0.074486 0.560214
vt 0.063659 0.561564
vt 0.653497 0.489762
vt 0.653751 0.486156
vt 0.654414 0.486314
vt 0.086950 0.554648
vt 0.095021 0.558881
vt 0.085974 0.565023
vt 0.354851 0.691097
vt 0.358514 0.699674
vt 0.358002 0.699774
vt 0.691100 0.324126
vt 0.711988 0.324449
vt 0.701509 0.334653
vt 0.958182 0.075260
vt 0.957985 0.065232
vt 0.279486 0.607167
vt 0.290010 0.616181
vt 0.283907 0.624768
vt 0.648805 0.488281
vt 0.649258 0.485119
vt 0.402931 0.624554
vt 0.402931 0.624827
vt 0.275285 0.662299
vt 0.132677 0.613844
vt 0.143055 0.613351
vt 0.670632 0.362668
vt 0.648502 0.380952
vt 0.699193 0.394196
vt 0.292488 0.628161
vt 0.282259 0.629853
vt 0.283818 0.625270
vt 0.284862 0.668637
vt 0.286674 0.670007
vt 0.700783 0.313774
vt 0.699793 0.309554
vt 0.702785 0.311395
vt 0.678504 0.460347
vt 0.677291 0.460889
vt 0.674891 0.458751
vt 0.353654 0.588686
vt 0.360362 0.589799
vt 0.322726 0.596376
vt 0.318956 0.587957
vt 0.319449 0.587833
vt 0.126280 0.652831
vt 0.127134 0.645510
vt 0.132929 0.646942
vt 0.289672 0.679530
vt 0.369482 0.596300
vt 0.362641 0.595728
vt 0.363810 0.589959
vt 0.307895 0.690979
vt 0.314736 0.691608
vt 0.313538 0.697363
vt 0.338706 0.590657
vt 0.332567 0.592212
vt 0.331601 0.582040
vt 0.739781 0.107458
vt 0.730584 0.115705
vt 0.689347 0.383696
vt 0.679927 0.373238
vt 0.123218 0.649234
vt 0.096614 0.569527
vt 0.099901 0.560895
vt 0.073597 0.551148
vt 0.303315 0.592070
vt 0.747267 0.068385
vt 0.751804 0.070033
vt 0.752939 0.077006
vt 0.279742 0.606879
vt 0.456466 0.916144
vt 0.457604 0.917500
vt 0.319939 0.708806
vt 0.308607 0.708782
vt 0.310145 0.702787
vt 0.030703 0.584944
vt 0.029901 0.592164
vt 0.024197 0.590779
vt 0.374517 0.606331
vt 0.366272 0.599244
vt 0.343454 0.587393
vt 0.343215 0.589280
vt 0.310655 0.594484
vt 0.681415 0.333810
vt 0.671560 0.342943
vt 0.876580 0.614919
vt 0.876280 0.614707
vt 0.049778 0.559520
vt 0.054252 0.561009
vt 0.679824 0.414231
vt 0.680815 0.418452
vt 0.677822 0.416610
vt 0.041472 0.580175
vt 0.033732 0.588494
vt 0.616433 0.625548
vt 0.278468 0.637573
vt 0.288740 0.638311
vt 0.117160 0.565143
vt 0.119636 0.557176
vt 0.692087 0.422439
vt 0.687286 0.420699
vt 0.700751 0.414222
vt 0.681243 0.457280
vt 0.680520 0.458510
vt 0.681052 0.353607
vt 0.050286 0.572858
vt 0.131371 0.590258
vt 0.551509 0.527525
vt 0.556878 0.528743
vt 0.555842 0.530384
vt 0.545826 0.569961
vt 0.548882 0.565304
vt 0.549767 0.570096
vt 0.555589 0.530773
vt 0.551039 0.528281
vt 0.549714 0.570778
vt 0.545779 0.570670
vt 0.667795 0.597573
vt 0.665591 0.594412
vt 0.671848 0.018716
vt 0.674830 0.012407
vt 0.570151 0.513025
vt 0.578640 0.512050
vt 0.571345 0.516116
vt 0.569247 0.516695
vt 0.568084 0.513659
vt 0.722969 0.313768
vt 0.722561 0.313354
vt 0.703429 0.423796
vt 0.694046 0.422297
vt 0.377595 0.704152
vt 0.376529 0.703575
vt 0.562416 0.515943
vt 0.564656 0.518834
vt 0.639198 0.368585
vt 0.635121 0.367112
vt 0.633640 0.360423
vt 0.552621 0.525970
vt 0.541328 0.594117
vt 0.545011 0.589367
vt 0.544043 0.594033
vt 0.398864 0.680838
vt 0.388318 0.671523
vt 0.394655 0.662876
vt 0.024799 0.623226
vt 0.014560 0.623809
vt 0.385945 0.659351
vt 0.396390 0.657687
vt 0.394751 0.662364
vt 0.022120 0.601153
vt 0.023693 0.594361
vt 0.283365 0.672685
vt 0.119104 0.556654
vt 0.109491 0.567352
vt 0.100622 0.560745
vt 0.311123 0.688050
vt 0.542274 0.587482
vt 0.545400 0.588302
vt 0.399460 0.681894
vt 0.669580 0.490276
vt 0.604964 0.623428
vt 0.605163 0.627410
vt 0.547406 0.543258
vt 0.551346 0.544199
vt 0.383069 0.706897
vt 0.603716 0.627503
vt 0.550225 0.549512
vt 0.546391 0.549070
vt 0.649147 0.090168
vt 0.639057 0.087411
vt 0.287238 0.608969
vt 0.634496 0.333211
vt 0.640677 0.334814
vt 0.918051 0.587279
vt 0.917506 0.586780
vt 0.918345 0.586938
vt 0.133931 0.582702
vt 0.381667 0.614563
vt 0.577106 0.509353
vt 0.586292 0.507424
vt 0.074855 0.562572
vt 0.079601 0.563642
vt 0.669903 0.493335
vt 0.670789 0.490621
vt 0.667577 0.022512
vt 0.675378 0.030901
vt 0.367037 0.693205
vt 0.284067 0.649392
vt 0.285424 0.659680
vt 0.713539 0.416680
vt 0.710698 0.422953
vt 0.677178 0.304209
vt 0.686562 0.305708
vt 0.546069 0.557376
vt 0.549483 0.557669
vt 0.542000 0.588824
vt 0.053021 0.563260
vt 0.545532 0.565305
vt 0.654132 0.047068
vt 0.662330 0.059969
vt 0.648395 0.057174
vt 0.314838 0.699187
vt 0.310825 0.700591
vt 0.603143 0.623426
vt 0.603045 0.627528
vt 0.553661 0.618092
vt 0.629744 0.611887
vt 0.402303 0.687320
vt 0.338643 0.696759
vt 0.344781 0.695150
vt 0.345724 0.705402
vt 0.638944 0.378191
vt 0.933789 0.607524
vt 0.934599 0.603585
vt 0.928049 0.635865
vt 0.927640 0.637120
vt 0.925736 0.636586
vt 0.642312 0.460347
vt 0.641099 0.460889
vt 0.930723 0.647021
vt 0.928176 0.651137
vt 0.737695 0.055532
vt 0.747593 0.058334
vt 0.673029 0.584666
vt 0.673941 0.582994
vt 0.713355 0.102719
vt 0.715015 0.102401
vt 0.644674 0.450526
vt 0.645793 0.453125
vt 0.285988 0.649121
vt 0.287263 0.644529
vt 0.677443 0.117013
vt 0.672161 0.460446
vt 0.671059 0.459705
vt 0.585940 0.624281
vt 0.591000 0.626094
vt 0.586480 0.627318
vt 0.945523 0.623299
vt 0.937133 0.621588
vt 0.690278 0.110331
vt 0.688726 0.111026
vt 0.690611 0.105938
vt 0.127636 0.798253
vt 0.132828 0.799081
vt 0.732945 0.098028
vt 0.720481 0.096579
vt 0.720755 0.094843
vt 0.698402 0.120546
vt 0.702155 0.118907
vt 0.876631 0.611831
vt 0.138084 0.799160
vt 0.139203 0.801756
vt 0.710158 0.029123
vt 0.402968 0.636865
vt 0.321061 0.708750
vt 0.926959 0.603827
vt 0.928282 0.603987
vt 0.928138 0.605934
vt 0.711799 0.457432
vt 0.717056 0.457353
vt 0.716669 0.458549
vt 0.677386 0.587202
vt 0.555905 0.616007
vt 0.941962 0.636464
vt 0.940359 0.635950
vt 0.942180 0.635067
vt 0.944315 0.630075
vt 0.933156 0.604631
vt 0.932185 0.602959
vt 0.933298 0.602147
vt 0.937618 0.593668
vt 0.935615 0.594487
vt 0.935095 0.593260
vt 0.715777 0.448352
vt 0.716373 0.449019
vt 0.711078 0.449121
vt 0.926304 0.642266
vt 0.927886 0.641113
vt 0.928487 0.642377
vt 0.400202 0.649746
vt 0.389770 0.649086
vt 0.887174 0.634465
vt 0.886365 0.638419
vt 0.709504 0.460760
vt 0.708288 0.460182
vt 0.936960 0.597699
vt 0.937534 0.598994
vt 0.935549 0.598616
vt 0.940917 0.603272
vt 0.930702 0.633153
vt 0.929599 0.633862
vt 0.929718 0.631471
vt 0.639415 0.450444
vt 0.644286 0.449329
vt 0.899850 0.648688
vt 0.903458 0.646856
vt 0.975838 0.637455
vt 0.974472 0.641036
vt 0.972928 0.640442
vt 0.668921 0.493181
vt 0.653504 0.067069
vt 0.660394 0.064513
vt 0.659344 0.070729
vt 0.921168 0.593323
vt 0.920535 0.594995
vt 0.917563 0.595143
vt 0.931018 0.590152
vt 0.929699 0.589967
vt 0.929972 0.587820
vt 0.646577 0.082205
vt 0.654125 0.071794
vt 0.660262 0.080134
vt 0.667281 0.049478
vt 0.666736 0.051450
vt 0.890280 0.608770
vt 0.891386 0.608062
vt 0.891264 0.610456
vt 0.333902 0.700011
vt 0.334148 0.698123
vt 0.682282 0.563643
vt 0.912136 0.594400
vt 0.907057 0.594551
vt 0.912873 0.585832
vt 0.898040 0.641211
vt 0.900408 0.641793
vt 0.898552 0.642454
vt 0.724171 0.085627
vt 0.738385 0.088045
vt 0.708351 0.447442
vt 0.709574 0.446959
vt 0.884997 0.609276
vt 0.886371 0.609534
vt 0.885664 0.611353
vt 0.135662 0.796198
vt 0.136761 0.796978
vt 0.728831 0.045068
vt 0.735134 0.042743
vt 0.682282 0.516264
vt 0.889979 0.651887
vt 0.891303 0.652071
vt 0.891033 0.654225
vt 0.724379 0.050952
vt 0.723718 0.049501
vt 0.725011 0.046276
vt 0.892941 0.606060
vt 0.893354 0.604804
vt 0.895256 0.605342
vt 0.923920 0.644001
vt 0.927862 0.644790
vt 0.662758 0.094602
vt 0.663460 0.096070
vt 0.662200 0.099392
vt 0.941492 0.639912
vt 0.941390 0.638557
vt 0.943520 0.638432
vt 0.668631 0.099846
vt 0.670331 0.100028
vt 0.697574 0.035804
vt 0.699081 0.035104
vt 0.697322 0.040132
vt 0.894703 0.599659
vt 0.893117 0.600809
vt 0.892517 0.599541
vt 0.675608 0.450443
vt 0.680478 0.449329
vt 0.134503 0.809516
vt 0.133215 0.809781
vt 0.132106 0.807392
vt 0.896173 0.652754
vt 0.894764 0.652538
vt 0.895281 0.650928
vt 0.127344 0.807339
vt 0.126873 0.806580
vt 0.637116 0.447119
vt 0.638412 0.446792
vt 0.897664 0.651584
vt 0.901221 0.654905
vt 0.935974 0.632639
vt 0.934603 0.632384
vt 0.935306 0.630568
vt 0.938135 0.631416
vt 0.936482 0.630781
vt 0.936358 0.627831
vt 0.673309 0.447119
vt 0.674604 0.446792
vt 0.649536 0.127494
vt 0.647767 0.112790
vt 0.584761 0.504806
vt 0.922902 0.594204
vt 0.922410 0.595495
vt 0.976019 0.641622
vt 0.657364 0.109239
vt 0.729826 0.036707
vt 0.128224 0.797141
vt 0.647304 0.112271
vt 0.658310 0.100691
vt 0.651905 0.103132
vt 0.674643 0.043187
vt 0.672993 0.043486
vt 0.882830 0.610499
vt 0.884486 0.611138
vt 0.884606 0.614095
vt 0.689119 0.131582
vt 0.689162 0.125490
vt 0.760617 0.958600
vt 0.760473 0.960335
vt 0.757144 0.962091
vt 0.747685 0.962274
vt 0.646114 0.060669
vt 0.639678 0.069215
vt 0.632595 0.060541
vt 0.960390 0.372568
vt 0.967623 0.363843
vt 0.967623 0.376674
vt 0.967479 0.362108
vt 0.964150 0.360352
vt 0.954158 0.356194
vt 0.740591 0.084577
vt 0.746872 0.076159
vt 0.753757 0.084565
vt 0.372619 0.953913
vt 0.379851 0.945188
vt 0.379851 0.958019
vt 0.379707 0.943453
vt 0.376378 0.941697
vt 0.366386 0.937539
vt 0.698654 0.014976
vt 0.698625 0.020906
vt 0.595835 0.960463
vt 0.595690 0.962198
vt 0.592361 0.963954
vt 0.582902 0.964138
vt 0.934230 0.646065
vt 0.934726 0.646072
vt 0.932833 0.647843
vt 0.929680 0.646332
vt 0.931494 0.645198
vt 0.930878 0.644795
vt 0.740278 0.032847
vt 0.753916 0.037244
vt 0.745993 0.027796
vt 0.890057 0.638444
vt 0.888898 0.636854
vt 0.889417 0.636610
vt 0.891116 0.636169
vt 0.891352 0.638103
vt 0.894544 0.636277
vt 0.896134 0.636812
vt 0.895282 0.638568
vt 0.897562 0.637638
vt 0.896418 0.639172
vt 0.879830 0.604199
vt 0.879964 0.604679
vt 0.878606 0.606488
vt 0.880875 0.609140
vt 0.879942 0.608312
vt 0.881502 0.607098
vt 0.882049 0.607588
vt 0.886777 0.595831
vt 0.886280 0.595823
vt 0.888182 0.594055
vt 0.891335 0.595578
vt 0.889515 0.596709
vt 0.890131 0.597114
vt 0.887634 0.650714
vt 0.886311 0.652458
vt 0.886652 0.649847
vt 0.885029 0.651339
vt 0.884029 0.649958
vt 0.883019 0.646646
vt 0.883042 0.644843
vt 0.885104 0.646207
vt 0.883345 0.643408
vt 0.885118 0.645307
vt 0.918048 0.646387
vt 0.915181 0.655922
vt 0.921915 0.654092
vt 0.879142 0.596999
vt 0.880869 0.598340
vt 0.880142 0.599428
vt 0.878185 0.598410
vt 0.879674 0.600657
vt 0.877572 0.600000
vt 0.877325 0.601704
vt 0.877939 0.605185
vt 0.922766 0.591102
vt 0.925190 0.589099
vt 0.552714 0.610910
vt 0.898905 0.650213
vt 0.898253 0.650918
vt 0.897385 0.648984
vt 0.896739 0.649685
vt 0.898840 0.645128
vt 0.900688 0.645824
vt 0.392108 0.636296
vt 0.694501 0.033847
vt 0.686754 0.041538
vt 0.685857 0.041800
vt 0.601161 0.498402
vt 0.391436 0.620592
vt 0.430090 0.933434
vt 0.433443 0.932652
vt 0.431734 0.932875
vt 0.417510 0.933115
vt 0.425799 0.937317
vt 0.422961 0.936428
vt 0.426074 0.936807
vt 0.705845 0.449933
vt 0.704837 0.453588
vt 0.704834 0.453134
vt 0.621086 0.616889
vt 0.668641 0.454040
vt 0.668629 0.453351
vt 0.668865 0.451993
vt 0.633457 0.457972
vt 0.633929 0.458728
vt 0.638495 0.461113
vt 0.637194 0.460922
vt 0.939242 0.644524
vt 0.940120 0.643545
vt 0.941848 0.644879
vt 0.940726 0.646159
vt 0.939350 0.647154
vt 0.938174 0.645294
vt 0.937775 0.647831
vt 0.934265 0.648148
vt 0.884642 0.640544
vt 0.886227 0.641675
vt 0.885981 0.642057
vt 0.884158 0.641286
vt 0.885123 0.644807
vt 0.727188 0.068174
vt 0.731758 0.074998
vt 0.724557 0.084784
vt 0.891854 0.595908
vt 0.902977 0.595563
vt 0.901914 0.595794
vt 0.894193 0.598571
vt 0.606776 0.492464
vt 0.641323 0.488005
vt 0.137401 0.807494
vt 0.139023 0.804068
vt 0.138948 0.804515
vt 0.717995 0.452445
vt 0.717920 0.451998
vt 0.411268 0.907906
vt 0.412047 0.911258
vt 0.411826 0.909549
vt 0.410891 0.896157
vt 0.411018 0.896012
vt 0.407387 0.903615
vt 0.408282 0.900775
vt 0.407898 0.903890
vt 0.717711 0.133768
vt 0.433443 0.889864
vt 0.431734 0.889641
vt 0.430090 0.889082
vt 0.422961 0.886088
vt 0.425799 0.885198
vt 0.426074 0.885709
vt 0.579282 0.624836
vt 0.568263 0.625079
vt 0.385287 0.618355
vt 0.632449 0.454040
vt 0.632437 0.453351
vt 0.632672 0.451993
vt 0.454839 0.911258
vt 0.455059 0.909550
vt 0.455617 0.907906
vt 0.455995 0.896157
vt 0.458603 0.900775
vt 0.459499 0.903615
vt 0.458988 0.903890
vt 0.643997 0.458881
vt 0.645663 0.455179
vt 0.645542 0.455907
vt 0.078357 0.683554
vt 0.671420 0.123724
vt 0.436796 0.889082
vt 0.435152 0.889641
vt 0.449376 0.889400
vt 0.441086 0.885198
vt 0.443925 0.886088
vt 0.440811 0.885709
vt 0.704821 0.454538
vt 0.706289 0.458381
vt 0.705550 0.457186
vt 0.021684 0.672854
vt 0.674105 0.494529
vt 0.883889 0.624533
vt 0.875398 0.625579
vt 0.885042 0.629445
vt 0.876985 0.632370
vt 0.681211 0.450461
vt 0.681724 0.451768
vt 0.681985 0.454503
vt 0.681855 0.455179
vt 0.726301 0.064416
vt 0.743786 0.070953
vt 0.630074 0.487599
vt 0.716024 0.022502
vt 0.636385 0.079100
vt 0.886731 0.640869
vt 0.885148 0.639730
vt 0.084478 0.674407
vt 0.100217 0.674453
vt 0.049796 0.668707
vt 0.068473 0.669927
vt 0.102795 0.668388
vt 0.618111 0.488192
vt 0.032030 0.662838
vt 0.382903 0.687501
vt 0.632443 0.454777
vt 0.924578 0.591997
vt 0.924274 0.592335
vt 0.927482 0.590309
vt 0.927003 0.590445
vt 0.722764 0.048232
vt 0.721650 0.047116
vt 0.720307 0.046270
vt 0.726731 0.042650
vt 0.709797 0.043347
vt 0.707333 0.042498
vt 0.715458 0.045668
vt 0.714169 0.046042
vt 0.144251 0.621606
vt 0.013287 0.615689
vt 0.920227 0.596745
vt 0.920326 0.596179
vt 0.922168 0.596878
vt 0.922184 0.598218
vt 0.920251 0.598504
vt 0.922211 0.603202
vt 0.921266 0.601798
vt 0.923685 0.601891
vt 0.924576 0.602823
vt 0.923432 0.604351
vt 0.332350 0.697898
vt 0.125865 0.802925
vt 0.125862 0.803379
vt 0.134476 0.627202
vt 0.136225 0.563723
vt 0.411826 0.912966
vt 0.411268 0.914610
vt 0.410891 0.926359
vt 0.408282 0.921740
vt 0.407387 0.918901
vt 0.407898 0.918625
vt 0.435151 0.932875
vt 0.436796 0.933434
vt 0.443925 0.936428
vt 0.441086 0.937317
vt 0.440811 0.936807
vt 0.881751 0.597362
vt 0.880269 0.595721
vt 0.881651 0.594727
vt 0.882824 0.596593
vt 0.883230 0.594053
vt 0.886747 0.593744
vt 0.285205 0.590941
vt 0.026760 0.644932
vt 0.018466 0.631880
vt 0.026259 0.626477
vt 0.670253 0.413370
vt 0.740211 0.319585
vt 0.277233 0.645372
vt 0.455868 0.926503
vt 0.022802 0.610052
vt 0.130910 0.591851
vt 0.139178 0.605131
vt 0.131211 0.610543
vt 0.668636 0.454777
vt 0.669649 0.457972
vt 0.640397 0.408421
vt 0.339364 0.580662
vt 0.744004 0.357708
vt 0.337966 0.706755
vt 0.666193 0.305000
vt 0.072748 0.562596
vt 0.056679 0.562895
vt 0.652894 0.489580
vt 0.089272 0.566646
vt 0.078753 0.553097
vt 0.365909 0.692805
vt 0.353401 0.701466
vt 0.347730 0.693751
vt 0.290438 0.617275
vt 0.290109 0.635333
vt 0.286561 0.666492
vt 0.292660 0.668877
vt 0.674688 0.461112
vt 0.676003 0.461147
vt 0.680189 0.458880
vt 0.679594 0.459544
vt 0.345015 0.589501
vt 0.311775 0.594862
vt 0.323972 0.586054
vt 0.329652 0.593606
vt 0.107886 0.567733
vt 0.295102 0.600354
vt 0.750139 0.066505
vt 0.455617 0.914610
vt 0.455059 0.912966
vt 0.455995 0.926359
vt 0.459499 0.918901
vt 0.458603 0.921741
vt 0.458988 0.918625
vt 0.614925 0.622302
vt 0.125726 0.573751
vt 0.681735 0.455907
vt 0.671025 0.012547
vt 0.636603 0.370297
vt 0.387900 0.670405
vt 0.388416 0.652158
vt 0.710354 0.314635
vt 0.392792 0.697215
vt 0.603496 0.623426
vt 0.286203 0.650967
vt 0.714414 0.423006
vt 0.054187 0.569109
vt 0.661957 0.060786
vt 0.935911 0.612529
vt 0.935872 0.612289
vt 0.932073 0.605142
vt 0.935813 0.602279
vt 0.936319 0.601469
vt 0.926281 0.634979
vt 0.927165 0.633555
vt 0.928663 0.634734
vt 0.925510 0.638298
vt 0.927470 0.638453
vt 0.926060 0.641747
vt 0.925620 0.640040
vt 0.927557 0.639808
vt 0.639810 0.461147
vt 0.643402 0.459544
vt 0.702154 0.104428
vt 0.703524 0.104158
vt 0.708400 0.101862
vt 0.709884 0.102369
vt 0.711623 0.102704
vt 0.716528 0.101737
vt 0.717861 0.100766
vt 0.645018 0.450461
vt 0.645532 0.451768
vt 0.645793 0.454503
vt 0.680585 0.103177
vt 0.681479 0.103516
vt 0.684460 0.121686
vt 0.670122 0.458728
vt 0.673386 0.460922
vt 0.590542 0.622600
vt 0.937063 0.617424
vt 0.945523 0.616376
vt 0.943940 0.609616
vt 0.684199 0.104686
vt 0.701251 0.104653
vt 0.693374 0.112351
vt 0.697090 0.105727
vt 0.125850 0.801975
vt 0.126087 0.800618
vt 0.126578 0.799327
vt 0.127317 0.798132
vt 0.723675 0.086941
vt 0.719903 0.098188
vt 0.719018 0.099593
vt 0.720560 0.091313
vt 0.720740 0.093049
vt 0.139203 0.803134
vt 0.138419 0.799096
vt 0.138942 0.800400
vt 0.706474 0.042210
vt 0.703243 0.024605
vt 0.401323 0.641773
vt 0.930918 0.603555
vt 0.931555 0.605385
vt 0.929861 0.605823
vt 0.929627 0.603895
vt 0.926442 0.605712
vt 0.924856 0.605177
vt 0.925708 0.603426
vt 0.717391 0.457417
vt 0.715733 0.459536
vt 0.714634 0.460315
vt 0.713414 0.460858
vt 0.712122 0.461143
vt 0.941143 0.637695
vt 0.941007 0.637217
vt 0.942358 0.635408
vt 0.940088 0.632767
vt 0.941020 0.633591
vt 0.939467 0.634807
vt 0.938920 0.634319
vt 0.934740 0.600339
vt 0.934237 0.601142
vt 0.718174 0.453379
vt 0.718174 0.454756
vt 0.717914 0.456113
vt 0.933353 0.591327
vt 0.934676 0.589590
vt 0.934331 0.592192
vt 0.935952 0.590709
vt 0.936945 0.592087
vt 0.937946 0.595390
vt 0.937920 0.597187
vt 0.935867 0.595824
vt 0.937616 0.598617
vt 0.935852 0.596721
vt 0.710873 0.446759
vt 0.712187 0.446732
vt 0.713475 0.446997
vt 0.714687 0.447544
vt 0.930298 0.644430
vt 0.929161 0.646005
vt 0.929297 0.643491
vt 0.926816 0.643351
vt 0.885082 0.629686
vt 0.707196 0.459372
vt 0.710799 0.461085
vt 0.934986 0.599959
vt 0.936803 0.600730
vt 0.935846 0.597219
vt 0.928325 0.632394
vt 0.931296 0.630820
vt 0.931939 0.632659
vt 0.932994 0.630480
vt 0.934744 0.630466
vt 0.933264 0.632401
vt 0.639735 0.446732
vt 0.641029 0.447018
vt 0.642249 0.447562
vt 0.643349 0.448342
vt 0.908646 0.647610
vt 0.659616 0.077285
vt 0.655026 0.070392
vt 0.912381 0.594375
vt 0.922114 0.591804
vt 0.933259 0.588655
vt 0.932251 0.590613
vt 0.931670 0.588059
vt 0.926496 0.588433
vt 0.928226 0.587946
vt 0.928343 0.590065
vt 0.660450 0.081026
vt 0.642844 0.074519
vt 0.662847 0.058680
vt 0.667994 0.047759
vt 0.670094 0.045122
vt 0.668914 0.046315
vt 0.665928 0.055361
vt 0.666322 0.053421
vt 0.892325 0.607191
vt 0.893822 0.608373
vt 0.892660 0.609533
vt 0.889682 0.611106
vt 0.889041 0.609263
vt 0.887981 0.611444
vt 0.886227 0.611456
vt 0.887713 0.609519
vt 0.905882 0.586041
vt 0.899138 0.587839
vt 0.900786 0.645257
vt 0.898822 0.643785
vt 0.900759 0.643496
vt 0.898785 0.638787
vt 0.899742 0.640200
vt 0.897312 0.640104
vt 0.706316 0.449174
vt 0.707251 0.448190
vt 0.882551 0.608055
vt 0.881325 0.609558
vt 0.883715 0.608780
vt 0.137697 0.797964
vt 0.133150 0.795370
vt 0.134443 0.795655
vt 0.887734 0.653393
vt 0.888741 0.651427
vt 0.889329 0.653989
vt 0.894519 0.653604
vt 0.892784 0.654096
vt 0.892663 0.651970
vt 0.895827 0.652933
vt 0.893526 0.651724
vt 0.724709 0.052532
vt 0.725808 0.061817
vt 0.723758 0.057072
vt 0.724312 0.055844
vt 0.724685 0.054190
vt 0.894708 0.606948
vt 0.895486 0.603631
vt 0.893526 0.603471
vt 0.894946 0.600180
vt 0.895381 0.601888
vt 0.893442 0.602115
vt 0.919110 0.646152
vt 0.664465 0.097338
vt 0.662392 0.092995
vt 0.661024 0.083606
vt 0.663250 0.088341
vt 0.662720 0.089606
vt 0.662378 0.091300
vt 0.940844 0.642458
vt 0.942799 0.643469
vt 0.941307 0.641230
vt 0.943407 0.641880
vt 0.943649 0.640179
vt 0.943027 0.636706
vt 0.665647 0.098464
vt 0.667052 0.099315
vt 0.660489 0.103138
vt 0.678020 0.102271
vt 0.672077 0.099853
vt 0.673421 0.099455
vt 0.703753 0.041186
vt 0.690876 0.040431
vt 0.890710 0.597481
vt 0.891710 0.598424
vt 0.675928 0.446732
vt 0.677221 0.447018
vt 0.678441 0.447561
vt 0.679541 0.448342
vt 0.131901 0.809754
vt 0.136806 0.808161
vt 0.135715 0.808969
vt 0.896435 0.650025
vt 0.894006 0.651586
vt 0.130602 0.809554
vt 0.129379 0.809071
vt 0.128279 0.808323
vt 0.634807 0.448512
vt 0.635899 0.447700
vt 0.938418 0.633854
vt 0.939639 0.632352
vt 0.937255 0.633132
vt 0.937181 0.622666
vt 0.671000 0.448512
vt 0.672092 0.447700
vt 0.640970 0.118410
vt 0.646743 0.113239
vt 0.923628 0.593033
vt 0.129316 0.796331
vt 0.130532 0.795753
vt 0.131827 0.795428
vt 0.632851 0.108883
vt 0.684461 0.042069
vt 0.679341 0.044218
vt 0.678050 0.043635
vt 0.676350 0.043236
vt 0.671461 0.044145
vt 0.883775 0.619274
vt 0.694144 0.133295
vt 0.760617 0.945769
vt 0.747152 0.966249
vt 0.632437 0.062905
vt 0.753909 0.082275
vt 0.693786 0.013326
vt 0.595835 0.947632
vt 0.582370 0.968113
vn -0.4691 -0.0975 0.8777
vn -0.4692 -0.0975 0.8777
vn 0.0816 -0.8245 -0.5599
vn 0.3901 -0.6706 -0.6309
vn 0.0662 -0.8520 -0.5193
vn 0.7583 0.1942 0.6223
vn 0.6937 0.1939 0.6937
vn 0.7037 0.0980 0.7037
vn 0.0938 -0.2890 0.9527
vn 0.4692 -0.0975 0.8777
vn 0.4691 -0.0975 0.8777
vn 0.4691 0.0975 0.8777
vn 0.4692 0.0975 0.8777
vn 0.0865 -0.4696 0.8786
vn -0.1867 -0.2903 0.9386
vn -0.2779 -0.2890 0.9161
vn 0.0865 0.4696 0.8786
vn -0.4715 0.0000 -0.8819
vn -0.4720 0.0091 -0.8815
vn -0.4714 0.0000 -0.8819
vn 0.4714 -0.0000 0.8819
vn 0.5529 -0.0980 0.8275
vn 0.5556 -0.0000 0.8315
vn -0.0938 -0.2890 0.9527
vn -0.4161 -0.4696 -0.7787
vn -0.4630 -0.5526 -0.6930
vn -0.4900 -0.4714 -0.7333
vn 0.3189 -0.5528 0.7699
vn 0.3375 -0.4714 0.8148
vn 0.2563 -0.4696 0.8448
vn -0.9152 0.3797 -0.1348
vn -0.9143 0.3765 -0.1495
vn -0.9043 0.3990 -0.1517
vn -0.3946 -0.7039 -0.5906
vn -0.3651 -0.6325 -0.6831
vn -0.3539 -0.3805 -0.8544
vn -0.5450 -0.1939 -0.8157
vn -0.3754 -0.1939 -0.9063
vn 0.0424 -0.6317 -0.7740
vn 0.0000 -0.6322 -0.7748
vn 0.0000 -0.6344 -0.7730
vn 0.2889 0.0975 0.9524
vn 0.0000 0.3805 0.9248
vn 0.9152 -0.3797 -0.1348
vn 0.9143 -0.3765 -0.1495
vn 0.9043 -0.3990 -0.1517
vn -0.0560 -0.9299 -0.3636
vn -0.0136 -0.9246 -0.3807
vn -0.0165 -0.8945 -0.4468
vn -0.7071 0.0000 0.7071
vn -0.7037 -0.0980 0.7037
vn -0.6314 -0.0975 0.7693
vn -0.3539 0.3805 -0.8544
vn -0.1626 0.5527 -0.8174
vn -0.1804 0.3805 -0.9070
vn -0.0424 -0.6317 -0.7740
vn -0.0420 -0.6304 -0.7752
vn -0.1204 -0.6329 -0.7648
vn -0.1203 -0.6326 -0.7651
vn -0.4714 0.0000 0.8819
vn 0.2684 0.3811 0.8847
vn 0.2779 0.2890 0.9161
vn 0.0000 0.1939 0.9810
vn -0.1951 -0.0000 0.9808
vn 0.0000 0.0000 1.0000
vn 0.3754 0.1939 0.9063
vn 0.4905 0.3106 -0.8142
vn 0.5142 0.3546 -0.7809
vn 0.4455 0.3571 -0.8210
vn 0.6692 0.2241 -0.7085
vn 0.6488 0.2280 -0.7260
vn 0.6496 0.2246 -0.7263
vn -0.0000 0.7041 0.7101
vn -0.1198 0.7730 0.6230
vn -0.1385 0.7041 0.6965
vn -0.0865 -0.4696 0.8786
vn -0.0000 -0.3805 0.9248
vn 0.0000 0.5528 0.8333
vn -0.1508 0.6344 0.7582
vn -0.1626 0.5528 0.8173
vn -0.0865 0.4696 0.8786
vn -0.1914 0.1939 0.9622
vn -0.0938 0.2890 0.9527
vn -0.1804 -0.3805 0.9070
vn -0.2684 -0.3811 0.8847
vn -0.1721 -0.4714 0.8650
vn -0.2248 0.6326 0.7412
vn -0.2958 0.6344 0.7142
vn -0.3189 0.5528 0.7699
vn -0.1804 0.3805 0.9070
vn -0.1721 0.4714 0.8650
vn -0.2684 0.3811 0.8847
vn -0.2779 0.2890 0.9161
vn -0.2848 0.1942 0.9387
vn -0.2889 0.0975 0.9524
vn -0.7045 -0.2031 -0.6800
vn -0.6692 -0.2241 -0.7085
vn -0.7034 -0.1977 -0.6827
vn -0.3901 -0.6706 -0.6309
vn -0.5146 -0.5280 -0.6755
vn -0.2452 -0.7777 -0.5788
vn -0.1386 -0.7040 -0.6965
vn -0.2718 -0.7040 -0.6562
vn -0.2250 -0.6320 -0.7416
vn -0.1847 0.7715 0.6088
vn -0.2751 0.7725 0.5723
vn -0.2718 0.7041 0.6561
vn -0.2889 -0.0975 0.9524
vn -0.0000 0.6343 -0.7730
vn 0.1386 0.7040 -0.6965
vn 0.1508 0.6344 -0.7582
vn -0.3212 -0.7725 0.5479
vn -0.2999 -0.7715 0.5611
vn -0.2751 -0.7725 0.5723
vn -0.2999 0.7715 0.5611
vn -0.3212 0.7725 0.5479
vn -0.1914 -0.1939 0.9622
vn -0.3651 0.6326 0.6831
vn -0.3925 0.5538 0.7344
vn -0.3539 0.3805 0.8544
vn -0.4162 0.4696 0.7786
vn -0.4358 0.3811 0.8154
vn -0.3754 0.1939 0.9063
vn -0.3662 0.2903 0.8841
vn -0.4624 0.1942 0.8651
vn -0.4691 0.0975 0.8777
vn -0.3827 0.0000 0.9239
vn -0.3945 0.7041 0.5905
vn -0.4582 0.6917 0.5583
vn -0.4913 0.6326 0.5987
vn -0.5138 0.3805 0.7689
vn -0.5601 0.4696 0.6825
vn -0.5865 0.3811 0.7147
vn -0.6767 0.2903 0.6767
vn -0.6937 0.1939 0.6937
vn -0.5450 0.1939 0.8157
vn -0.6314 0.0975 0.7693
vn -0.7037 0.0980 0.7037
vn 0.6050 -0.2455 -0.7574
vn 0.4934 -0.2978 -0.8172
vn 0.6033 -0.2486 -0.7578
vn -0.3539 -0.3805 0.8544
vn -0.4162 -0.4696 0.7786
vn -0.3375 -0.4714 0.8148
vn -0.4036 0.7715 0.4918
vn 0.6692 -0.2241 -0.7085
vn 0.6488 -0.2280 -0.7260
vn 0.6697 -0.2282 -0.7067
vn 0.0938 0.2890 0.9527
vn -0.7583 0.1942 0.6223
vn -0.7730 -0.0000 0.6344
vn -0.8157 0.1939 0.5450
vn -0.7787 0.2902 0.5563
vn -0.8749 0.1257 0.4677
vn -0.8777 0.0975 0.4691
vn -0.8315 -0.0000 0.5556
vn 0.4715 -0.0000 -0.8819
vn 0.4720 -0.0091 -0.8815
vn 0.4714 -0.0000 -0.8819
vn 0.2779 -0.2890 0.9161
vn 0.3662 -0.2903 0.8841
vn 0.2848 -0.1942 0.9387
vn 0.7583 -0.1942 0.6223
vn 0.7693 -0.0975 0.6314
vn 0.7037 -0.0980 0.7037
vn 0.5479 -0.2591 -0.7954
vn 0.5835 -0.2324 -0.7781
vn 0.2958 0.6344 0.7142
vn 0.2248 0.6326 0.7412
vn 0.3827 -0.0000 0.9239
vn 0.2889 -0.0975 0.9524
vn 0.4513 0.2890 0.8443
vn 0.3662 0.2903 0.8841
vn -0.6937 0.1936 -0.6937
vn -0.7583 0.1942 -0.6223
vn -0.6767 0.2901 -0.6767
vn 0.0560 -0.9299 -0.3636
vn 0.0136 -0.9246 -0.3807
vn 0.0745 -0.9394 -0.3347
vn 0.6050 0.2455 -0.7574
vn 0.4934 0.2978 -0.8172
vn 0.5835 0.2324 -0.7781
vn 0.5146 -0.5280 -0.6755
vn 0.7045 -0.2031 -0.6800
vn 0.6382 -0.3773 -0.6711
vn 0.2751 -0.7725 0.5723
vn 0.2999 -0.7715 0.5611
vn 0.3212 -0.7725 0.5479
vn 0.6767 -0.2903 0.6767
vn 0.6937 -0.1939 0.6937
vn 0.5450 -0.1939 0.8157
vn -0.5138 -0.3805 0.7689
vn -0.5601 -0.4696 0.6825
vn -0.4900 -0.4714 0.7333
vn -0.1204 0.6329 -0.7648
vn -0.0420 0.6304 -0.7752
vn -0.0424 0.6317 -0.7740
vn -0.0000 0.7040 -0.7102
vn -0.1197 0.7730 -0.6231
vn 0.0000 0.7730 -0.6344
vn 0.0000 -0.7041 0.7101
vn -0.1198 -0.7730 0.6230
vn 0.0000 -0.7730 0.6344
vn -0.3945 -0.7041 0.5905
vn -0.4036 -0.7715 0.4918
vn 0.8157 0.1939 0.5450
vn 0.8749 0.1257 0.4677
vn 0.7787 0.2902 0.5563
vn 0.6314 -0.0975 0.7693
vn 0.7071 -0.0000 0.7071
vn 0.7034 -0.1977 -0.6827
vn -0.4630 0.5528 0.6929
vn -0.6073 0.2890 0.7400
vn -0.5895 0.3694 0.7183
vn 0.1951 0.0000 0.9808
vn 0.2452 -0.7777 -0.5788
vn -0.0000 -0.1939 0.9810
vn -0.2958 -0.6344 0.7142
vn -0.2248 -0.6326 0.7412
vn 0.5479 0.2591 -0.7954
vn 0.5529 0.0980 0.8275
vn 0.3189 0.5528 0.7699
vn 0.3651 0.6326 0.6831
vn -0.2718 -0.7041 0.6561
vn -0.1847 -0.7715 0.6088
vn -0.3189 -0.5528 0.7699
vn -0.3651 -0.6326 0.6831
vn -0.3754 -0.1939 0.9063
vn -0.4624 -0.1942 0.8651
vn -0.3662 -0.2903 0.8841
vn -0.7693 0.0975 0.6314
vn -0.8749 -0.1257 0.4677
vn -0.8777 -0.0975 0.4691
vn 0.1198 0.7730 0.6230
vn 0.0000 0.7730 0.6344
vn 0.1914 0.1939 0.9622
vn 0.1867 0.2903 0.9386
vn 0.4720 0.0091 -0.8815
vn -0.8315 0.0000 -0.5556
vn -0.8158 0.1934 -0.5451
vn -0.7693 0.0975 -0.6314
vn 0.1721 -0.4714 0.8650
vn 0.1804 -0.3805 0.9070
vn -0.0000 0.6344 0.7730
vn -0.4900 0.4714 0.7333
vn -0.6510 0.2901 0.7015
vn 0.2718 0.7041 0.6561
vn 0.2751 0.7725 0.5723
vn 0.1847 0.7715 0.6088
vn 0.4913 0.6326 0.5987
vn 0.4582 0.6917 0.5583
vn 0.3945 0.7041 0.5905
vn -0.0000 -0.5528 0.8333
vn -0.1508 -0.6344 0.7582
vn 0.0000 -0.6344 0.7730
vn -0.4913 -0.6326 0.5987
vn -0.4582 -0.6917 0.5583
vn -0.6937 -0.1939 0.6937
vn -0.7583 -0.1942 0.6223
vn -0.6767 -0.2903 0.6767
vn 0.3212 0.7725 0.5479
vn 0.2999 0.7715 0.5611
vn -0.3651 0.6325 -0.6831
vn -0.3946 0.7039 -0.5906
vn -0.2958 0.6344 -0.7142
vn 0.2684 -0.3811 0.8847
vn 0.3539 0.3805 0.8544
vn 0.4162 0.4696 0.7786
vn 0.3375 0.4714 0.8148
vn 0.4624 0.1942 0.8651
vn 0.8777 -0.0975 0.4691
vn 0.8315 0.0000 0.5556
vn 0.8749 -0.1257 0.4677
vn 0.3539 -0.3805 0.8544
vn 0.4162 -0.4696 0.7786
vn 0.4358 -0.3811 0.8154
vn 0.4036 0.7715 0.4918
vn -0.3189 0.5527 -0.7699
vn 0.1198 -0.7730 0.6230
vn 0.1385 -0.7041 0.6965
vn 0.8777 0.0975 0.4691
vn 0.4161 0.4696 -0.7787
vn 0.4900 0.4714 -0.7333
vn 0.3189 0.5527 -0.7699
vn -0.2775 -0.7724 -0.5713
vn -0.2999 -0.7715 -0.5611
vn -0.3168 -0.7722 -0.5508
vn -0.7071 -0.0000 -0.7071
vn -0.5556 0.0000 -0.8315
vn -0.0000 0.5527 -0.8334
vn -0.1508 0.6344 -0.7582
vn 0.8777 0.0975 -0.4691
vn 0.8315 -0.0000 -0.5556
vn 0.8758 0.1179 -0.4680
vn -0.6073 -0.2890 0.7400
vn -0.6510 -0.2901 0.7015
vn -0.1847 -0.7715 -0.6089
vn -0.6767 -0.2901 -0.6767
vn -0.6937 -0.1936 -0.6937
vn 0.7693 0.0975 -0.6314
vn 0.7071 0.0000 -0.7071
vn 0.7583 0.1942 -0.6223
vn 0.3946 0.7039 -0.5906
vn 0.4625 0.6846 -0.5634
vn 0.4913 0.6325 -0.5987
vn 0.7730 0.0000 0.6344
vn 0.5138 -0.3805 0.7689
vn 0.5601 -0.4696 0.6825
vn 0.5865 -0.3811 0.7147
vn 0.3945 -0.7041 0.5905
vn 0.4036 -0.7715 0.4918
vn 0.4582 -0.6917 0.5583
vn 0.1914 -0.1939 0.9622
vn 0.1951 -0.0000 -0.9808
vn 0.0000 -0.1939 -0.9810
vn 0.0000 0.0000 -1.0000
vn -0.8157 -0.1939 0.5450
vn -0.7693 -0.0975 0.6314
vn 0.6767 0.2903 0.6767
vn -0.9143 -0.3765 -0.1495
vn -0.9152 -0.3797 -0.1348
vn -0.9043 -0.3990 -0.1517
vn 0.0000 -0.7040 -0.7102
vn 0.1197 -0.7730 -0.6231
vn 0.0000 -0.7730 -0.6344
vn -0.4630 -0.5528 0.6929
vn 0.0000 -0.5527 -0.8334
vn 0.1508 -0.6344 -0.7582
vn 0.0000 -0.6343 -0.7730
vn 0.1804 -0.3805 -0.9070
vn 0.0000 -0.3805 -0.9248
vn 0.1914 -0.1939 -0.9622
vn -0.7787 -0.2902 0.5563
vn 0.2958 -0.6344 -0.7142
vn 0.2250 -0.6320 -0.7416
vn 0.2248 -0.6325 -0.7412
vn 0.3539 -0.3805 -0.8544
vn 0.1626 -0.5527 -0.8174
vn 0.3754 -0.1939 -0.9063
vn 0.3827 0.0000 -0.9239
vn 0.6073 0.2890 0.7400
vn 0.6510 0.2901 0.7015
vn 0.3651 -0.6326 0.6831
vn 0.3925 -0.5538 0.7344
vn 0.2718 -0.7040 -0.6562
vn 0.2775 -0.7724 -0.5713
vn 0.1847 -0.7715 -0.6089
vn 0.4630 0.5528 0.6929
vn 0.4900 0.4714 0.7333
vn -0.4161 0.4696 -0.7787
vn -0.3925 0.5538 -0.7343
vn 0.3168 -0.7722 -0.5508
vn 0.2999 -0.7715 -0.5611
vn -0.1197 -0.7730 -0.6231
vn 0.3189 -0.5527 -0.7699
vn 0.3651 -0.6325 -0.6831
vn 0.4161 -0.4696 -0.7787
vn 0.3925 -0.5538 -0.7343
vn 0.5450 -0.1939 -0.8157
vn 0.5556 -0.0000 -0.8315
vn 0.4913 -0.6325 -0.5987
vn 0.4625 -0.6846 -0.5634
vn 0.3946 -0.7039 -0.5906
vn 0.5138 -0.3805 -0.7689
vn 0.5600 -0.4696 -0.6825
vn 0.4900 -0.4714 -0.7333
vn 0.6073 -0.2890 -0.7400
vn -0.7693 -0.0975 -0.6314
vn -0.8158 -0.1934 -0.5451
vn -0.3754 0.1939 -0.9063
vn -0.3827 -0.0000 -0.9239
vn -0.4913 0.6325 -0.5987
vn -0.4625 0.6846 -0.5634
vn 0.4034 -0.7714 -0.4922
vn -0.1508 -0.6344 -0.7582
vn -0.1626 -0.5527 -0.8174
vn 0.1626 0.5527 -0.8174
vn 0.6937 -0.1936 -0.6937
vn 0.7583 -0.1942 -0.6223
vn 0.6767 -0.2901 -0.6767
vn 0.7693 -0.0975 -0.6314
vn 0.8158 -0.1934 -0.5451
vn 0.8758 -0.1179 -0.4680
vn 0.7815 -0.2896 -0.5527
vn 0.8777 -0.0975 -0.4691
vn 0.2248 0.6325 -0.7412
vn 0.2958 0.6344 -0.7142
vn 0.1914 0.1939 -0.9622
vn 0.2775 0.7724 -0.5713
vn 0.2999 0.7715 -0.5611
vn 0.3168 0.7722 -0.5508
vn -0.7583 -0.1942 -0.6223
vn 0.4630 -0.5528 0.6929
vn 0.3901 0.6706 -0.6309
vn 0.5146 0.5280 -0.6755
vn 0.2452 0.7777 -0.5788
vn 0.5895 -0.3694 0.7183
vn -0.6073 0.2890 -0.7400
vn -0.6455 0.2900 -0.7066
vn 0.3539 0.3805 -0.8544
vn 0.5450 0.1939 -0.8157
vn 0.3754 0.1939 -0.9063
vn 0.6314 0.0975 0.7693
vn 0.7815 0.2896 -0.5527
vn 0.6455 0.2900 -0.7066
vn 0.7045 0.2031 -0.6800
vn 0.7034 0.1977 -0.6827
vn -0.4034 -0.7714 -0.4922
vn -0.4625 -0.6846 -0.5634
vn 0.4034 0.7714 -0.4922
vn 0.5601 0.4696 0.6825
vn -0.1914 0.1939 -0.9622
vn -0.5450 0.1939 -0.8157
vn -0.1804 -0.3805 -0.9070
vn 0.6073 0.2890 -0.7400
vn 0.5897 0.3687 -0.7185
vn 0.2718 0.7040 -0.6562
vn 0.2250 0.6320 -0.7416
vn 0.5138 0.3805 -0.7689
vn 0.5600 0.4696 -0.6825
vn 0.5865 0.3812 -0.7146
vn 0.6455 -0.2900 -0.7066
vn 0.1385 0.7041 0.6965
vn 0.1197 0.7730 -0.6231
vn 0.1386 -0.7040 -0.6965
vn -0.1386 0.7040 -0.6965
vn -0.2248 0.6325 -0.7412
vn -0.2250 0.6320 -0.7416
vn 0.5601 -0.4696 -0.6825
vn 0.1508 0.6344 0.7582
vn -0.1914 -0.1939 -0.9622
vn -0.1951 0.0000 -0.9808
vn 0.6073 -0.2890 0.7400
vn 0.4913 -0.6326 0.5987
vn 0.5138 0.3805 0.7689
vn 0.8158 0.1934 -0.5451
vn -0.3168 0.7722 -0.5508
vn -0.2999 0.7715 -0.5611
vn -0.2775 0.7724 -0.5713
vn -0.1385 -0.7041 0.6965
vn 0.4630 -0.5526 -0.6930
vn 0.1804 0.3805 -0.9070
vn 0.0000 0.3805 -0.9248
vn 0.3754 -0.1939 0.9063
vn 0.4624 -0.1942 0.8651
vn 0.1847 -0.7715 0.6088
vn 0.2718 -0.7041 0.6561
vn -0.5138 -0.3805 -0.7689
vn -0.5600 -0.4696 -0.6825
vn -0.5865 -0.3812 -0.7146
vn 0.9051 -0.4107 -0.1100
vn 0.5601 0.4696 -0.6825
vn 0.8157 -0.1939 0.5450
vn -0.3189 -0.5527 -0.7699
vn 0.0000 0.1939 -0.9810
vn 0.1508 -0.6344 0.7582
vn -0.5479 0.2591 -0.7954
vn -0.4905 0.3106 -0.8142
vn -0.4897 0.2719 -0.8284
vn -0.5146 0.5280 -0.6755
vn -0.7045 0.2031 -0.6800
vn -0.6382 0.3773 -0.6711
vn -0.4934 0.2978 -0.8172
vn -0.5835 0.2324 -0.7781
vn -0.3901 0.6706 -0.6309
vn -0.2452 0.7777 -0.5788
vn -0.9051 -0.4107 -0.1100
vn -0.9033 -0.4189 -0.0932
vn 0.2248 -0.6326 0.7412
vn 0.2958 -0.6344 0.7142
vn 0.1204 0.6329 -0.7648
vn 0.0420 0.6304 -0.7752
vn 0.1203 0.6326 -0.7651
vn 0.9143 0.3765 -0.1495
vn 0.9152 0.3797 -0.1348
vn 0.9043 0.3990 -0.1517
vn 0.6937 0.1936 -0.6937
vn 0.6767 0.2901 -0.6767
vn -0.3925 -0.5538 -0.7343
vn -0.8758 0.1179 -0.4680
vn -0.7815 0.2896 -0.5527
vn 0.9051 0.4107 -0.1100
vn 0.9033 0.4189 -0.0932
vn -0.5138 0.3805 -0.7689
vn -0.5600 0.4696 -0.6825
vn -0.4900 0.4714 -0.7333
vn -0.5142 0.3546 -0.7809
vn -0.4455 0.3571 -0.8210
vn -0.0560 0.9299 -0.3636
vn -0.0136 0.9246 -0.3807
vn -0.0745 0.9394 -0.3347
vn -0.7815 -0.2896 -0.5527
vn -0.6455 -0.2900 -0.7066
vn -0.4720 -0.0091 -0.8815
vn -0.6073 -0.2890 -0.7400
vn -0.5897 -0.3687 -0.7185
vn 0.1847 0.7715 -0.6089
vn 0.7787 -0.2902 0.5563
vn 0.6510 -0.2901 0.7015
vn -0.9051 0.4107 -0.1100
vn -0.0816 0.8245 -0.5599
vn -0.0662 0.8520 -0.5193
vn -0.8758 -0.1179 -0.4680
vn 0.0816 0.8245 -0.5599
vn -0.4905 -0.3106 -0.8142
vn -0.5142 -0.3546 -0.7809
vn -0.4455 -0.3571 -0.8210
vn -0.6050 0.2455 -0.7574
vn -0.6033 0.2486 -0.7578
vn -0.8777 0.0975 -0.4691
vn -0.5479 -0.2591 -0.7954
vn -0.6488 0.2280 -0.7260
vn -0.6496 0.2246 -0.7263
vn -0.5450 -0.1939 0.8157
vn 0.1804 0.3805 0.9070
vn 0.1721 0.4714 0.8650
vn 0.7693 0.0975 0.6314
vn 0.0424 0.6317 -0.7740
vn 0.0000 0.6322 -0.7748
vn 0.4900 -0.4714 0.7333
vn 0.0560 0.9299 -0.3636
vn 0.0136 0.9246 -0.3807
vn 0.0165 0.8945 -0.4468
vn 0.1626 -0.5528 0.8173
vn 0.4630 0.5526 -0.6930
vn 0.3651 0.6325 -0.6831
vn -0.2248 -0.6325 -0.7412
vn -0.2958 -0.6344 -0.7142
vn 0.3925 0.5538 -0.7343
vn -0.6692 0.2241 -0.7085
vn -0.6697 0.2282 -0.7067
vn -0.0165 0.8945 -0.4468
vn -0.7034 0.1977 -0.6827
vn -0.1626 -0.5528 0.8173
vn -0.2563 -0.4696 0.8448
vn -0.2718 0.7040 -0.6562
vn -0.1847 0.7715 -0.6089
vn -0.4934 -0.2978 -0.8172
vn -0.5835 -0.2324 -0.7781
vn -0.0816 -0.8245 -0.5599
vn 0.1204 -0.6329 -0.7648
vn 0.0420 -0.6304 -0.7752
vn -0.8777 -0.0975 -0.4691
vn -0.5601 0.4696 -0.6825
vn 0.5450 0.1939 0.8157
vn 0.4905 -0.3106 -0.8142
vn 0.4897 -0.2719 -0.8284
vn -0.4513 0.2890 0.8443
vn -0.6488 -0.2280 -0.7260
vn -0.6050 -0.2455 -0.7574
vn -0.6496 -0.2246 -0.7263
vn 0.0000 -0.2903 0.9569
vn 0.1626 0.5528 0.8173
vn -0.3375 0.4714 0.8148
vn -0.2563 0.4696 0.8448
vn 0.4513 -0.2890 0.8443
vn -0.4913 -0.6325 -0.5987
vn -0.4034 0.7714 -0.4922
vn -0.0000 0.2903 0.9569
vn 0.5142 -0.3546 -0.7809
vn 0.4455 -0.3571 -0.8210
vn -0.0662 -0.8520 -0.5193
vn -0.4692 0.0975 0.8777
vn -0.0000 0.4714 0.8819
vn -0.5601 -0.4696 -0.6825
vn -0.2903 0.0000 0.9569
vn -0.5556 0.0000 0.8315
vn -0.5529 -0.0980 0.8275
vn 0.0662 0.8520 -0.5193
vn -0.4513 -0.2890 0.8443
vn -0.4630 0.5526 -0.6930
vn 0.6496 -0.2246 -0.7263
vn 0.2563 0.4696 0.8448
vn 0.0165 -0.8945 -0.4468
vn 0.2903 -0.0000 0.9569
vn 0.0000 -0.4714 0.8819
vn 0.0000 0.6344 -0.7730
vn -0.5529 0.0980 0.8275
vn -0.3925 -0.5538 0.7344
vn -0.4358 -0.3811 0.8154
vn 0.3925 0.5538 0.7344
vn 0.4358 0.3811 0.8154
vn -0.3808 -0.0980 0.9194
vn 0.3808 -0.0980 0.9194
vn 0.3808 0.0980 0.9194
vn -0.2848 -0.1942 0.9387
vn 0.0906 0.3811 0.9201
vn -0.4722 0.0091 -0.8815
vn -0.0906 -0.3811 0.9201
vn -0.9357 0.3275 -0.1312
vn 0.2848 0.1942 0.9387
vn 0.9357 -0.3275 -0.1312
vn -0.0745 -0.9394 -0.3347
vn 0.0906 -0.3811 0.9201
vn 0.5200 0.3609 -0.7742
vn 0.6697 0.2282 -0.7067
vn -0.0906 0.3811 0.9201
vn -0.0939 0.2890 0.9527
vn -0.1867 0.2903 0.9386
vn -0.6697 -0.2282 -0.7067
vn -0.6382 -0.3773 -0.6711
vn -0.3808 0.0980 0.9194
vn -0.5338 0.5404 0.6504
vn -0.8819 -0.0000 0.4714
vn 0.4722 -0.0091 -0.8815
vn 0.1867 -0.2903 0.9386
vn 0.6033 0.2486 -0.7578
vn -0.5865 -0.3811 0.7147
vn -0.1203 0.6326 -0.7651
vn 0.4897 0.2719 -0.8284
vn 0.4722 0.0091 -0.8815
vn -0.7730 -0.0000 -0.6344
vn 0.5338 0.5404 0.6504
vn -0.5338 -0.5404 0.6504
vn 0.8819 0.0000 0.4714
vn 0.8819 -0.0000 -0.4714
vn -0.5895 -0.3694 0.7183
vn 0.7730 0.0000 -0.6344
vn 0.5340 0.5398 -0.6507
vn -0.9357 -0.3275 -0.1312
vn 0.5895 0.3694 0.7183
vn 0.5865 0.3811 0.7147
vn 0.5340 -0.5398 -0.6507
vn 0.5865 -0.3812 -0.7146
vn -0.5340 0.5398 -0.6507
vn 0.6382 0.3773 -0.6711
vn 0.5338 -0.5404 0.6504
vn -0.5897 0.3687 -0.7185
vn -0.5865 0.3812 -0.7146
vn 0.5897 -0.3687 -0.7185
vn 0.0939 -0.2890 0.9527
vn 0.9033 -0.4189 -0.0932
vn 0.9357 0.3275 -0.1312
vn -0.5200 0.3609 -0.7742
vn -0.4722 -0.0091 -0.8815
vn -0.9033 0.4189 -0.0932
vn -0.5200 -0.3609 -0.7742
vn -0.8819 0.0000 -0.4714
vn -0.4897 -0.2719 -0.8284
vn 0.0745 0.9394 -0.3347
vn 0.1203 -0.6326 -0.7651
vn -0.6033 -0.2486 -0.7578
vn -0.5340 -0.5398 -0.6507
vn 0.5200 -0.3609 -0.7742
usemtl Material
s 1
f 1787/1854/1477 1941/1855/1477 1939/1856/1478
f 1473/1857/1479 1853/1858/1480 1829/1859/1481
f 1539/1860/1482 1422/1861/1483 2161/1862/1484
f 2070/1863/1485 2071/1864/1485 2075/1865/1485
f 1928/1866/1486 2079/1867/1487 2081/1868/1487
f 1887/1869/1488 2019/1870/1488 2005/1871/1489
f 2121/1872/1490 2098/1873/1490 2099/1874/1490
f 1742/1875/1491 1811/1876/1492 1827/1877/1492
f 2020/1878/1488 2019/1870/1488 1888/1879/1488
f 2176/1880/1487 2177/1881/1487 2181/1882/1487
f 2056/1883/1493 2055/1884/1493 1890/1885/1493
f 1652/1886/1494 1491/1887/1495 1446/1888/1496
f 2163/1889/1497 2190/1890/1498 1382/1891/1499
f 1958/1892/1500 1943/1893/1500 1960/1894/1500
f 1667/1895/1501 1669/1896/1502 1666/1897/1503
f 1433/1898/1504 2195/1899/1505 2199/1900/1506
f 1594/1901/1507 1509/1902/1508 1464/1903/1509
f 1660/1904/1510 1669/1896/1502 1664/1905/1511
f 1587/1906/1512 1668/1907/1513 1588/1908/1514
f 1467/1909/1515 1609/1910/1516 1443/1911/1517
f 2063/1912/1518 2062/1913/1518 1910/1914/1518
f 2053/1915/1493 2054/1916/1493 1378/1917/1519
f 1656/1918/1520 1490/1919/1521 1452/1920/1522
f 1491/1887/1523 1700/1921/1524 1460/1922/1525
f 1409/1923/1526 2118/1924/1527 2120/1925/1528
f 1727/1926/1529 1717/1927/1530 1721/1928/1531
f 1514/1929/1532 1609/1910/1516 1716/1930/1533
f 1530/1931/1534 1716/1930/1533 1750/1932/1535
f 2157/1933/1518 1963/1934/1518 1892/1935/1518
f 2103/1936/1477 2104/1937/1477 1705/1938/1536
f 2105/1939/1477 2104/1940/1477 2109/1941/1477
f 1948/1942/1490 2137/1943/1490 2134/1944/1490
f 2168/1945/1537 1914/1946/1538 1913/1947/1538
f 1379/1948/1539 1388/1949/1540 1380/1950/1541
f 1370/1951/1542 1907/1952/1518 2159/1953/1518
f 1661/1954/1543 1496/1955/1544 1447/1956/1545
f 1499/1957/1546 1670/1958/1547 1439/1959/1548
f 1376/1960/1549 1441/1961/1550 1384/1962/1551
f 2004/1963/1552 2006/1964/1552 1397/1965/1553
f 1377/1966/1554 1488/1967/1555 1385/1968/1556
f 1895/1969/1557 1894/1970/1557 1378/1917/1519
f 1387/1971/1558 1845/1972/1559 1846/1973/1559
f 1406/1974/1560 1767/1975/1561 1780/1976/1562
f 1505/1977/1563 1474/1978/1564 1393/1979/1565
f 1386/1980/1566 1719/1981/1567 1707/1982/1568
f 1387/1971/1558 1759/1983/1569 1713/1984/1570
f 1755/1985/1571 1903/1986/1571 1904/1987/1571
f 1737/1988/1572 1483/1989/1573 1465/1990/1574
f 1735/1991/1575 1480/1992/1576 1448/1993/1577
f 1567/1994/1578 1593/1995/1579 1583/1996/1580
f 1463/1997/1581 1430/1998/1582 1392/1999/1583
f 2114/2000/1584 1908/2001/1584 1803/2002/1584
f 1611/2003/1585 1634/2004/1586 1637/2005/1587
f 1442/2006/1588 1481/2007/1589 1452/2008/1590
f 1430/1998/1582 1455/2009/1591 1417/2010/1592
f 1936/2011/1500 1935/2012/1500 1407/2013/1593
f 1393/1979/1565 1501/2014/1594 1479/2015/1595
f 1394/2016/1596 2092/2017/1597 2089/2018/1598
f 1395/2019/1599 1708/2020/1600 1714/2021/1601
f 1858/2022/1602 1857/2023/1602 1396/2024/1603
f 1400/2025/1604 1426/2026/1605 1469/2027/1606
f 1402/2028/1607 1508/2029/1608 1489/2030/1609
f 1498/2031/1610 1408/2032/1611 1403/2033/1612
f 2041/2034/1613 2034/2035/1614 1409/1923/1526
f 1540/2036/1615 1790/2037/1616 1783/2038/1617
f 1415/2039/1618 2142/2040/1619 2141/2041/1620
f 2015/2042/1584 2014/2043/1584 1810/2044/1584
f 1400/2025/1604 1461/2045/1621 1426/2026/1605
f 1525/2046/1622 1776/2047/1623 1883/2048/1624
f 1378/1917/1519 1882/2049/1625 2022/2050/1625
f 1408/2032/1611 1498/2031/1610 1495/2051/1626
f 1409/1923/1526 2034/2035/1614 2039/2052/1627
f 1411/2053/1628 1416/2054/1629 1435/2055/1630
f 1466/2056/1631 1412/2057/1632 1435/2055/1630
f 1745/2058/1633 1512/2059/1634 1482/2060/1635
f 1967/2061/1636 1916/2062/1637 1920/2063/1638
f 1556/2064/1639 1563/2065/1640 2189/2066/1641
f 1526/2067/1642 1790/2037/1616 1486/2068/1643
f 1409/1923/1526 2039/2052/1627 2118/1924/1527
f 1516/2069/1644 1547/2070/1645 1546/2071/1645
f 1371/2072/1646 1949/2073/1647 2184/2074/1647
f 2171/2075/1648 2166/2076/1649 1832/2077/1649
f 1795/2078/1650 1819/2079/1651 1796/2080/1652
f 1536/2081/1653 1826/2082/1654 1835/2083/1655
f 1515/2084/1656 1695/2085/1657 1458/2086/1658
f 1521/2087/1659 1879/2088/1660 1854/2089/1661
f 1493/2090/1662 1523/2091/1663 1478/2092/1664
f 1557/2093/1665 1468/2094/1666 1462/2095/1667
f 1425/2096/1668 1538/2097/1669 1522/2098/1670
f 1509/1902/1671 1570/2099/1672 1477/2100/1673
f 2086/2101/1485 2083/2102/1485 2084/2103/1485
f 1608/2104/1674 1716/2105/1675 1609/2106/1676
f 1390/2107/1677 1467/2108/1678 1443/2109/1679
f 1421/2110/1680 1484/2111/1681 1442/2006/1588
f 1431/2112/1682 1470/2113/1683 1445/2114/1684
f 2191/2115/1685 2189/2116/1641 1427/2117/1686
f 1525/2046/1622 1879/2088/1660 1511/2118/1687
f 1400/2025/1604 1401/2119/1688 1501/2120/1594
f 1502/2121/1689 1440/2122/1690 1451/2123/1689
f 1366/2124/1691 1379/1948/1539 1380/1950/1541
f 1521/2087/1659 1853/1858/1480 1485/2125/1692
f 1388/1949/1540 1398/2126/1693 1380/1950/1541
f 1384/1962/1551 1392/1999/1583 1506/2127/1563
f 1503/2128/1694 1535/2129/1695 1534/2130/1695
f 1459/2131/1608 1440/2122/1690 1508/2132/1608
f 1695/2085/1657 1507/2133/1696 1458/2086/1658
f 2163/1889/1497 1382/1891/1499 2162/2134/1697
f 1368/2135/1698 1543/2136/1699 1516/2069/1644
f 1407/2013/1593 1811/2137/1492 1742/2138/1491
f 1410/2139/1700 1452/2008/1590 1490/2140/1701
f 1413/2141/1702 1532/2142/1703 1503/2128/1694
f 1418/2143/1704 1779/2144/1705 1770/2145/1706
f 1513/2146/1707 1411/2053/1628 1412/2057/1632
f 1460/2147/1708 1412/2057/1632 1491/2148/1709
f 1376/1960/1549 1477/2149/1710 1419/2150/1711
f 1365/2151/1712 1911/2152/1538 1818/2153/1713
f 1536/2081/1714 1745/2058/1633 1482/2060/1635
f 1734/2154/1715 1825/2155/1716 1822/2156/1717
f 1947/2157/1490 1924/2158/1718 1389/2159/1719
f 1475/2160/1720 1384/1962/1551 1488/2161/1555
f 1520/2162/1597 1401/2119/1688 1494/2163/1721
f 1416/2054/1629 1495/2164/1626 1423/2165/1722
f 1938/2166/1477 1939/2167/1478 1396/2024/1603
f 2056/1883/1493 1891/2168/1493 2053/2169/1493
f 2180/2170/1487 2181/2171/1487 1462/2095/1667
f 1367/2172/1723 1464/2173/1724 1509/2174/1725
f 1515/2175/1726 1458/2176/1727 1373/2177/1728
f 1391/2178/1729 1517/2179/1730 1504/2180/1731
f 1497/2181/1732 1450/2182/1733 1421/2110/1680
f 1434/2183/1734 1524/2184/1735 1531/2185/1736
f 1447/2186/1737 1496/2187/1738 1464/2173/1724
f 1973/2188/1625 1978/2189/1625 1974/2190/1625
f 1765/2191/1739 1756/2192/1740 1724/2193/1741
f 1389/2159/1719 1924/2158/1718 1915/2194/1742
f 1369/2195/1743 2170/2196/1744 2169/2197/1745
f 2135/2198/1490 2134/2199/1490 1397/1965/1553
f 1370/1951/1542 1834/2200/1746 1832/2201/1649
f 1543/2202/1699 1373/2177/1728 1516/2203/1644
f 1536/2204/1747 1432/2205/1748 1500/2206/1749
f 1979/2207/1625 1978/2208/1625 1365/2151/1712
f 1444/2209/1750 2196/2210/1751 2193/2211/1752
f 1954/2212/1647 2151/2213/1647 2152/2214/1647
f 1373/2177/1728 1507/2215/1753 1447/2186/1737
f 1722/2216/1754 1765/2217/1739 1724/2218/1741
f 1390/2107/1677 1514/2219/1755 1372/2220/1756
f 2127/2221/1488 2126/2222/1488 2131/2223/1488
f 1470/2113/1683 1432/2205/1748 1512/2224/1757
f 1676/2225/1758 1675/2226/1759 1639/2227/1760
f 1594/2228/1761 1662/2229/1762 1661/2230/1763
f 1668/1907/1513 1710/2231/1764 1603/2232/1765
f 1610/2233/1766 1718/2234/1767 1611/2235/1585
f 1715/2236/1768 1651/2237/1769 1700/2238/1770
f 1533/2239/1771 1448/2240/1772 1480/2241/1771
f 1602/2242/1773 1594/2228/1761 1593/1995/1579
f 1703/2243/1774 1701/2244/1775 1668/1907/1513
f 1697/2245/1776 1632/2246/1777 1694/2247/1778
f 1658/2248/1779 1682/2249/1780 1680/2250/1781
f 1427/2117/1686 2189/2116/1641 2164/2251/1782
f 1457/2252/1783 1562/2253/1784 1553/2254/1785
f 1453/2255/1786 1526/2256/1787 1486/2257/1788
f 1420/2258/1789 1955/2259/1636 1920/2260/1638
f 1580/2261/1790 1575/2262/1791 1576/2263/1792
f 1412/2057/1632 1436/2264/1793 1541/2265/1794
f 1422/1861/1483 1539/1860/1482 1542/2266/1795
f 1530/1931/1796 1749/2267/1797 1493/2268/1798
f 1568/2269/1799 1586/2270/1800 1569/2271/1801
f 1424/2272/1802 1550/2273/1619 1522/2274/1670
f 1572/2275/1803 1590/2276/1804 1573/2277/1805
f 1591/2278/1806 1572/2275/1803 1574/2279/1807
f 1581/2280/1808 1574/2279/1807 1575/2262/1791
f 1448/2240/1772 1524/2281/1735 1438/2282/1809
f 1596/2283/1810 1597/2284/1811 1598/2285/1812
f 1599/2286/1813 1589/2287/1814 1591/2278/1806
f 1600/2288/1815 1591/2278/1806 1581/2280/1808
f 1601/2289/1816 1581/2280/1808 1580/2261/1790
f 1544/2290/1817 1454/2291/1818 1492/2292/1817
f 1433/1898/1504 1558/2293/1819 1549/2294/1820
f 2002/2295/1488 2005/2296/1489 1371/2072/1646
f 1604/2297/1821 1605/2298/1822 1606/2299/1823
f 1374/2300/1824 1554/2301/1744 1537/2302/1825
f 1769/2303/1826 1764/2304/1827 1722/2216/1754
f 1819/2079/1651 1710/2231/1764 1822/2305/1717
f 1613/2306/1828 1614/2307/1829 1605/2298/1822
f 1568/2269/1799 1570/2308/1830 1567/1994/1578
f 1595/2309/1831 1618/2310/1832 1596/2283/1810
f 1621/2311/1833 1617/2312/1834 1595/2309/1831
f 1622/2313/1835 1599/2286/1813 1600/2288/1815
f 1607/2314/1836 1600/2288/1815 1601/2289/1816
f 1625/2315/1837 1626/2316/1838 1612/2317/1839
f 1619/2318/1840 1628/2319/1841 1620/2320/1842
f 1622/2313/1835 1631/2321/1843 1619/2318/1840
f 1632/2246/1777 1622/2313/1835 1607/2314/1836
f 1730/2322/1844 1731/2323/1845 1734/2154/1715
f 1603/2232/1765 1747/2324/1846 1592/2325/1847
f 1783/2326/1848 1790/2327/1849 1756/2192/1740
f 1612/2317/1839 1640/2328/1850 1613/2306/1828
f 1572/2275/1803 1577/2329/1851 1571/2330/1852
f 1610/2233/1766 1637/2331/1587 1636/2332/1853
f 1629/2333/1854 1646/2334/1855 1630/2335/1856
f 1646/2334/1855 1632/2246/1777 1647/2336/1857
f 1648/2337/1858 1649/2338/1859 1650/2339/1860
f 1649/2338/1859 1651/2237/1769 1653/2340/1861
f 1643/2341/1862 1641/2342/1863 1639/2227/1760
f 1633/2343/1864 1601/2289/1816 1580/2261/1790
f 1656/2344/1865 1671/2345/1866 1659/2346/1867
f 1730/2347/1844 1710/2231/1764 1729/2348/1868
f 1453/2255/1786 1456/2349/1869 1558/2350/1819
f 1800/2351/1870 1492/2352/1871 1454/2353/1872
f 1525/2354/1784 1511/2355/1873 1562/2356/1784
f 1797/2357/1874 1853/2358/1875 1854/2359/1874
f 1644/2360/1876 1677/2361/1877 1654/2362/1878
f 1427/2117/1686 2161/2363/1484 2165/2364/1879
f 1702/2365/1880 1694/2366/1778 1735/2367/1881
f 1492/2352/1871 1808/2368/1882 1476/2369/1883
f 1660/1904/1510 1723/2370/1884 1695/2371/1885
f 1658/2248/1779 1692/2372/1886 1682/2249/1780
f 1537/2302/1825 1548/2373/1887 1499/2374/1887
f 1747/2324/1846 1721/1928/1531 1711/2375/1888
f 1771/2376/1889 1727/1926/1529 1747/2324/1846
f 1572/2275/1803 1578/2377/1890 1574/2279/1807
f 1687/2378/1891 1737/2379/1892 1736/2380/1891
f 1398/2126/1693 1366/2124/1691 1380/1950/1541
f 1634/2004/1586 1655/2381/1893 1642/2382/1894
f 1674/2383/1895 1684/2384/1896 1683/2385/1897
f 2176/2386/1487 2175/2387/1487 1830/2388/1497
f 1618/2389/1832 1612/2317/1839 1596/2390/1810
f 1631/2391/1843 1688/2392/1898 1689/2393/1843
f 1362/2394/1899 1546/2395/1645 1547/2396/1645
f 1701/2244/1775 1703/2243/1774 1729/2348/1868
f 1608/2104/1674 1635/2397/1900 1634/2004/1586
f 1585/2398/1901 1598/2399/1812 1597/2400/1811
f 1712/2401/1902 1726/2402/1903 1725/2403/1904
f 1620/2404/1842 1628/2405/1841 1691/2406/1905
f 1436/2264/1793 1460/2147/1708 1438/2282/1809
f 1377/1966/1554 1528/2407/1906 1475/2408/1720
f 1566/2409/1907 1592/2325/1847 1565/2410/1908
f 1362/2394/1899 1475/2160/1720 1528/2411/1906
f 1575/2262/1791 1565/2410/1908 1576/2263/1792
f 1559/2412/1909 1511/2355/1873 1521/2413/1909
f 1453/2255/1786 1486/2257/1788 1540/2414/1910
f 1651/2237/1769 1648/2337/1858 1647/2415/1857
f 1375/2416/1911 1548/2417/1887 1537/2418/1825
f 1698/2419/1912 1702/2365/1880 1700/2238/1770
f 1420/2258/1789 2075/2420/1485 2076/2421/1485
f 1757/2422/1913 1763/2423/1914 1749/2424/1915
f 1399/2425/1916 1534/2426/1695 1535/2427/1695
f 1654/2362/1878 1607/2314/1836 1601/2289/1816
f 1585/2398/1901 1573/2428/1805 1590/2429/1804
f 1623/2430/1917 1621/2431/1833 1620/2404/1842
f 1688/2392/1898 1646/2432/1855 1650/2339/1860
f 1610/2233/1766 1638/2433/1918 1615/2434/1919
f 1449/2435/1920 1916/2062/1637 1923/2436/1921
f 1530/2437/1922 1493/2090/1662 1428/2438/1923
f 1588/1908/1514 1603/2232/1765 1592/2325/1847
f 1665/2439/1924 1699/2440/1925 1696/2441/1926
f 1399/2425/1916 1504/2442/1731 1517/2443/1730
f 1481/2444/1927 1656/1918/1520 1452/1920/1522
f 1741/2445/1928 1737/2379/1892 1684/2446/1896
f 1563/2447/1640 1471/2448/1929 1432/2205/1748
f 1667/2449/1501 1666/2450/1503 1579/2451/1930
f 2079/2452/1487 2078/2453/1487 1371/2072/1646
f 1616/2454/1931 1580/2261/1790 1576/2263/1792
f 1504/2442/1731 1372/2220/1756 1552/2455/1932
f 1454/2291/1818 1539/2456/1482 1445/2114/1684
f 1461/2457/1933 1613/2458/1934 1640/2459/1935
f 1451/2460/1936 1690/2461/1937 1689/2462/1938
f 1461/2457/1933 1626/2463/1939 1426/2464/1940
f 1451/2460/1936 1688/2465/1941 1423/2466/1942
f 1523/2467/1943 1749/2267/1797 1763/2468/1944
f 1560/2469/1945 1545/2470/1946 1433/1898/1504
f 1721/1928/1531 1610/2233/1766 1615/2434/1919
f 1565/2410/1908 1616/2454/1931 1576/2263/1792
f 1463/2471/1947 1586/2472/1948 1606/2473/1949
f 1615/2434/1919 1633/2343/1864 1616/2454/1931
f 1463/2471/1950 1605/2474/1951 1430/2475/1952
f 1636/2332/1853 1644/2360/1876 1638/2433/1918
f 1677/2361/1877 1632/2246/1777 1607/2314/1836
f 1592/2325/1847 1711/2375/1888 1565/2410/1908
f 1685/2476/1953 1686/2477/1954 1694/2247/1778
f 1579/2451/1930 1664/2478/1511 1663/2479/1955
f 1825/2155/1716 1826/2480/1956 1829/2481/1957
f 1455/2482/1958 1605/2474/1951 1614/2483/1959
f 1766/2484/1960 1794/2485/1961 1768/2486/1962
f 1455/2482/1963 1613/2458/1934 1417/2487/1964
f 1466/2488/1965 1649/2489/1966 1653/2490/1967
f 1733/2491/1968 1729/2492/1868 1800/2493/1969
f 1466/2488/1970 1652/1886/1494 1446/1888/1496
f 1522/2274/1670 1538/2494/1669 1483/2495/1669
f 1638/2433/1918 1654/2362/1878 1633/2343/1864
f 1706/2496/1971 1808/2497/1972 1807/2498/1971
f 1532/2499/1703 1421/2110/1680 1503/2500/1694
f 1657/2501/1973 1656/2344/1865 1655/2381/1893
f 1473/2502/1974 1556/2503/1639 1485/2504/1975
f 1712/2401/1902 1611/2003/1585 1718/2505/1767
f 1496/1955/1976 1594/1901/1507 1464/1903/1509
f 1686/2477/1954 1685/2476/1953 1677/2361/1877
f 1416/2506/1977 1688/2465/1941 1650/2507/1978
f 1731/2323/1845 1733/2491/1968 1732/2508/1979
f 1445/2509/1980 1800/2351/1870 1454/2353/1872
f 1659/2510/1981 1481/2444/1982 1442/2511/1983
f 1471/2448/1929 1473/2502/1974 1500/2206/1749
f 1469/2512/1984 1626/2463/1939 1625/2513/1985
f 1826/2480/1956 1734/2154/1715 1835/2514/1986
f 1484/2515/1987 1659/2510/1981 1442/2511/1983
f 1469/2512/1984 1624/2516/1988 1414/2517/1989
f 1429/2518/1990 1533/2519/1771 1425/2096/1668
f 1697/2520/1776 1698/2419/1912 1651/2237/1769
f 1724/2218/1741 1725/2521/1904 1726/2522/1903
f 1364/2523/1991 1831/2524/1537 1836/2525/1992
f 1432/2205/1748 1431/2112/1682 1551/2526/1993
f 1573/2428/1805 1567/1994/1578 1577/2527/1851
f 1441/2528/1994 1569/2529/1995 1586/2472/1948
f 1564/2530/1751 1456/2349/1869 1555/2531/1996
f 1512/2059/1997 1732/2532/1998 1470/2533/1999
f 1391/2178/1729 1552/2534/1932 1383/2535/2000
f 1853/2358/1875 1819/2536/1651 1829/2481/1957
f 1658/2248/1779 1678/2537/2001 1673/2538/2002
f 1578/2377/1890 1588/1908/1514 1566/2409/1907
f 1584/2539/2003 1582/2540/2004 1579/2451/1930
f 1639/2227/1760 1673/2541/2002 1672/2542/2005
f 1459/2543/2006 1624/2516/1988 1691/2544/2007
f 1435/2545/2008 1650/2507/1978 1649/2489/1966
f 1372/2220/1756 1428/2438/1923 1561/2546/1945
f 1459/2543/2006 1690/2461/1937 1440/2547/2009
f 1405/2548/2010 1780/2549/1562 2145/2550/2011
f 1748/2551/2012 1749/2424/1915 1750/2552/2013
f 1682/2553/2014 1484/2515/1987 1450/2554/2015
f 1438/2555/2016 1735/1991/1575 1448/1993/1577
f 1507/2133/1696 1661/1954/1543 1447/1956/1545
f 1490/1919/2017 1635/2556/2018 1467/1909/1515
f 1746/2557/2019 1734/2154/1715 1732/2508/1979
f 1768/2558/1962 1794/2559/1961 1883/2560/2020
f 1771/2376/1889 1797/2561/1874 1766/2484/1960
f 1739/2562/1559 1866/2563/1559 1386/1980/1566
f 2012/2564/1584 2011/2565/1584 2016/2566/1584
f 1992/2567/1602 1991/2568/1602 1705/1938/1536
f 1942/2569/1477 1941/1855/1477 1789/2570/1477
f 1381/2571/2021 1544/2572/1817 1375/2416/1911
f 1526/2067/1642 1757/2573/2022 1815/2574/2023
f 1874/2575/1557 1875/2576/1557 1385/1968/1556
f 1396/2024/1603 1753/2577/1571 2029/2578/1571
f 1676/2579/1758 1678/2537/2001 1675/2580/1759
f 2093/2581/2024 1402/2028/1607 1403/2033/1612
f 2125/2582/1488 2126/2583/1488 1830/2388/1497
f 1679/2584/2025 1497/2585/2026 1437/2586/2027
f 1760/2587/1569 1708/2020/1600 1713/2588/1570
f 2094/2589/1569 2088/2590/1600 1761/2591/1569
f 1927/2592/1485 1772/2593/2028 1397/1965/1553
f 1480/1992/1576 1737/1988/1572 1465/1990/1574
f 1363/2594/2029 2044/2595/1493 2043/2596/1493
f 1393/1979/1565 2091/2597/2030 2095/2598/2031
f 1449/2435/1920 1923/2436/1921 1944/2599/1487
f 1397/1965/1553 1786/2600/1500 1958/2601/1500
f 1574/2279/1807 1566/2409/1907 1575/2262/1791
f 2197/2602/2032 1457/2252/1783 1462/2095/1667
f 1660/1904/1510 1695/2371/1885 1681/2603/2033
f 1571/2330/1852 1587/1906/1512 1578/2377/1890
f 1427/2117/1686 2164/2251/1782 2161/2363/1484
f 1756/2192/1740 1815/2604/2034 1757/2422/1913
f 1483/1989/1573 1679/2584/2025 1437/2586/2027
f 1840/2605/1559 1841/2606/1559 1845/2607/1559
f 1709/2608/2035 1740/2609/1559 1842/2610/1559
f 1523/2467/2036 1757/2573/2022 1478/2611/2037
f 1460/1922/1525 1702/2612/2038 1438/2555/2016
f 1743/2613/2039 1858/2614/1602 1860/2615/1602
f 1395/2019/1599 1714/2021/1601 1744/2616/1602
f 1865/2617/1559 1862/2618/1559 1863/2619/1559
f 1740/2609/1559 1709/2608/2035 1378/1917/1519
f 1874/2620/1557 1869/2621/1557 1870/2622/1557
f 1868/2623/1557 1788/2624/1557 1704/2625/2040
f 1909/2626/1584 1908/2627/1584 2114/2628/1584
f 1814/2629/2041 1808/2497/1972 1699/2630/1925
f 1926/2631/1485 2087/2632/1485 1389/2159/1719
f 1973/2633/1625 1974/2634/1625 1709/2608/2035
f 1670/1958/1547 1515/2084/1656 1439/1959/1548
f 1497/2585/2026 1682/2553/2014 1450/2554/2015
f 1752/2635/1557 1897/2636/1557 1894/2637/1557
f 1751/2638/1557 1719/1981/1567 1386/1980/1566
f 1900/2639/1571 1901/2640/1571 1905/2641/1571
f 1753/2577/1571 1720/2642/2042 1898/2643/1571
f 1961/2644/1500 1960/1894/1500 1785/2645/1500
f 1711/2375/1888 1615/2434/1919 1616/2454/1931
f 2037/2646/1536 1404/2647/2043 2119/2648/2044
f 1710/2231/1764 1771/2376/1889 1603/2232/1765
f 1468/2094/1666 1557/2093/1665 1556/2064/1639
f 1470/2533/1999 1733/2649/2045 1445/2509/1980
f 1808/2368/1882 1499/1957/1546 1476/2369/1883
f 2140/2650/1561 1827/2651/1492 1824/2652/1492
f 2025/2653/1625 2024/2654/1625 1881/2655/1625
f 2038/2656/1493 2035/2657/1493 2044/2658/1493
f 2143/2659/2046 2138/2660/1706 1770/2661/1706
f 1405/2548/2010 1986/2662/1552 1985/2663/1552
f 2148/2664/1647 2149/2665/1647 2153/2666/1647
f 1775/2667/2047 1769/2668/1826 1768/2558/1962
f 1540/2036/1615 1776/2047/1623 1472/2669/2048
f 1818/2670/1713 1911/2671/1538 1914/2672/1538
f 1930/2673/1500 1935/2674/1500 1931/2675/1500
f 1363/2594/2029 1836/2676/1992 2173/2677/2049
f 2038/2678/1493 2040/2679/1493 1704/2625/2040
f 2185/2680/1647 2066/2681/1647 2067/2682/1647
f 1930/2683/1500 1931/2684/1500 1772/2593/2028
f 1381/2571/2021 2162/2685/1697 2165/2686/1879
f 1500/2687/2050 1829/1859/1481 1826/2082/1654
f 1982/2688/1552 1981/2689/1552 1986/2690/1552
f 2129/2691/1488 2128/2692/1488 2163/2693/1497
f 2060/2694/1518 2059/2695/1518 2064/2696/1518
f 1418/2143/1704 1804/2697/1584 2116/2698/1584
f 2107/2699/1477 2106/2700/1477 2037/2701/1536
f 1992/2702/1602 1993/2703/1602 1997/2704/1602
f 1996/2705/1602 1997/2706/1602 1403/2033/1612
f 2198/2707/1636 2192/2708/1637 1968/2709/1636
f 1964/2710/1518 1963/2711/1518 2157/2712/1518
f 1949/2073/1647 1852/2713/2051 2146/2714/1647
f 1982/2715/1552 1983/2716/1552 1758/2717/2052
f 2008/2718/1552 1802/2719/1552 2004/2720/1552
f 2097/2721/1490 1999/2722/1490 1758/2717/2052
f 2011/2723/1584 2012/2724/1584 1720/2642/2042
f 2008/2718/1552 2007/2725/1552 1801/2726/1552
f 2030/2727/1571 1816/2728/1571 1817/2729/1571
f 2032/2730/1571 2033/2731/1571 1754/2732/1571
f 2059/2733/1518 2060/2734/1518 1852/2713/2051
f 1495/2051/1626 1513/2735/1707 2034/2736/1614
f 1477/2100/1673 1569/2529/1995 1419/2737/2053
f 2022/2738/1625 2021/2739/1625 2024/2654/1625
f 2037/2646/1536 2036/2740/2054 1404/2647/2043
f 2041/2741/1613 1403/2033/1612 1408/2032/1611
f 2191/2742/1685 1462/2095/1667 1468/2094/1666
f 1772/2593/2028 1927/2592/1485 2072/2743/1485
f 1524/2184/1735 1434/2183/1734 2118/2744/1527
f 1429/2518/1990 2119/2745/2044 2120/2746/1528
f 2121/2747/1490 2122/2748/1490 1383/2535/2000
f 2187/2749/1647 2188/2750/1647 1950/2751/1647
f 1494/2752/1721 1402/2028/1607 2092/2753/1597
f 2089/2018/1598 2088/2754/1600 1394/2016/1596
f 2094/2755/1569 1394/2016/1596 2088/2754/1600
f 2090/2756/1568 2091/2757/2030 1394/2016/1596
f 2141/2758/1620 2142/2759/1619 1510/2760/2055
f 2139/2761/2056 2138/2762/1706 2143/2763/2046
f 1415/2039/1618 2144/2764/1492 2138/2762/1706
f 2140/2765/1561 2141/2041/1620 2145/2766/2011
f 2169/2767/1745 2170/2768/1744 1519/2769/2057
f 2167/2770/2058 2166/2771/1649 2171/2772/1648
f 1369/2195/1743 2172/2773/1538 2166/2771/1649
f 2168/2774/1537 2169/2197/1745 2173/2775/2049
f 1555/2776/1996 1457/2252/1783 2196/2777/1751
f 2193/2211/1752 2192/2778/1637 1444/2209/1750
f 2198/2779/1636 1444/2209/1750 2192/2778/1637
f 2194/2780/1742 2195/2781/1505 1444/2209/1750
f 1938/2782/1477 1884/2783/1478 1787/1854/1477
f 1787/1854/1477 1917/2784/1478 1941/1855/1477
f 1941/1855/1477 1942/2569/1477 1939/1856/1478
f 1942/2569/1477 1877/2785/2059 1940/2786/1478
f 1939/1856/1478 1942/2569/1477 1940/2786/1478
f 1877/2785/2059 1878/2787/2059 1940/2786/1478
f 1939/1856/1478 1938/2782/1477 1787/1854/1477
f 1473/1857/1479 1485/2125/1692 1853/1858/1480
f 2161/1862/1484 2164/2788/1782 1551/2789/1993
f 2164/2788/1782 1527/2790/1782 1551/2789/1993
f 1551/2789/1993 1539/1860/1482 2161/1862/1484
f 2001/2791/1485 2000/2792/1485 2077/2793/1485
f 2077/2793/1485 2076/2794/1485 2072/2795/1485
f 2076/2794/1485 2075/1865/1485 2071/1864/1485
f 2075/1865/1485 2074/2796/1485 2070/1863/1485
f 2074/2796/1485 2073/2797/1485 2069/2798/1485
f 2073/2797/1485 1851/2799/2028 1850/2800/2028
f 2073/2797/1485 1850/2800/2028 2069/2798/1485
f 2076/2794/1485 2071/1864/1485 2072/2795/1485
f 2074/2796/1485 2069/2798/1485 2070/1863/1485
f 2072/2795/1485 2001/2791/1485 2077/2793/1485
f 1928/1866/1486 2049/2801/1486 2078/2802/1487
f 1928/1866/1486 2078/2802/1487 2079/1867/1487
f 2081/1868/1487 2068/2803/1486 1928/1866/1486
f 2047/2804/2060 2082/2805/1487 2080/2806/1486
f 2082/2805/1487 2081/1868/1487 2079/1867/1487
f 2080/2806/1486 2082/2805/1487 2079/1867/1487
f 2080/2806/1486 2048/2807/2060 2047/2804/2060
f 2002/2808/1488 1953/2809/1489 1887/1869/1488
f 1887/1869/1488 1970/2810/1489 2019/1870/1488
f 2019/1870/1488 2020/1878/1488 2005/1871/1489
f 2020/1878/1488 1951/2811/2061 2018/2812/1489
f 2005/1871/1489 2020/1878/1488 2018/2812/1489
f 1951/2811/2061 1952/2813/2061 2018/2812/1489
f 2005/1871/1489 2002/2808/1488 1887/1869/1488
f 1848/2814/2052 1838/2815/2052 2100/2816/1490
f 1838/2815/2052 2123/2817/1490 2100/2816/1490
f 2123/2817/1490 2122/2818/1490 2100/2816/1490
f 2122/2818/1490 2121/1872/1490 2099/1874/1490
f 2100/2816/1490 2122/2818/1490 2099/1874/1490
f 2121/1872/1490 2111/2819/1490 2098/1873/1490
f 2111/2819/1490 2101/2820/1490 2097/2821/1490
f 2101/2820/1490 1971/2822/1490 1948/1942/1490
f 1948/1942/1490 1999/2823/1490 2101/2820/1490
f 1999/2823/1490 2097/2821/1490 2101/2820/1490
f 2097/2821/1490 2098/1873/1490 2111/2819/1490
f 1811/1876/1492 1777/2824/2062 1824/2825/1492
f 1777/2824/2062 1418/2143/1704 1770/2145/1706
f 1823/2826/1492 1777/2824/2062 1770/2145/1706
f 1823/2826/1492 1824/2825/1492 1777/2824/2062
f 1824/2825/1492 1827/1877/1492 1811/1876/1492
f 1827/1877/1492 1767/1975/1561 1742/1875/1491
f 1767/1975/1561 1406/1974/1560 1742/1875/1491
f 2019/1870/1488 1970/2810/1489 1888/1879/1488
f 1888/1879/1488 1834/2200/1746 1370/1951/1542
f 1370/1951/1542 1951/2811/2061 1888/1879/1488
f 1951/2811/2061 2020/1878/1488 1888/1879/1488
f 1919/2827/1497 1918/2828/1497 2174/2829/1487
f 1919/2827/1497 2174/2829/1487 2178/2830/1487
f 2174/2829/1487 2175/2831/1487 2179/2832/1487
f 2178/2830/1487 2174/2829/1487 2179/2832/1487
f 2181/1882/1487 2180/2833/1487 2176/1880/1487
f 2180/2833/1487 2179/2832/1487 2175/2831/1487
f 2176/1880/1487 2180/2833/1487 2175/2831/1487
f 2068/2803/1486 2182/2834/1486 1928/1866/1486
f 2182/2834/1486 2181/1882/1487 2177/1881/1487
f 1928/1866/1486 2182/2834/1486 2049/2801/1486
f 2177/1881/1487 2049/2801/1486 2182/2834/1486
f 2055/1884/1493 1956/2835/2063 1890/1885/1493
f 1956/2835/2063 1364/2523/1991 1890/1885/1493
f 1364/2523/1991 1836/2525/1992 1890/1885/1493
f 1890/1885/1493 1921/2836/1493 2056/1883/1493
f 1652/1886/1494 1715/2837/2064 1491/1887/1495
f 1962/2838/1500 1885/2839/2065 1959/2840/1500
f 1885/2839/2065 1889/2841/2065 1959/2840/1500
f 1960/1894/1500 1961/2644/1500 1958/1892/1500
f 1961/2644/1500 1962/2838/1500 1959/2840/1500
f 1856/2842/1500 1855/2843/1500 1943/1893/1500
f 1855/2843/1500 1960/1894/1500 1943/1893/1500
f 1961/2644/1500 1959/2840/1500 1958/1892/1500
f 1667/1895/1501 1663/2844/1955 1669/1896/1502
f 2194/2845/1742 1915/2846/1742 2199/1900/1506
f 1915/2846/1742 1924/2847/1718 2199/1900/1506
f 1924/2847/1718 1383/2535/2000 2199/1900/1506
f 1383/2535/2000 1433/1898/1504 2199/1900/1506
f 1594/1901/1507 1602/2848/2066 1509/1902/1508
f 1669/1896/1502 1663/2844/1955 1664/1905/1511
f 1664/1905/1511 1582/2849/2004 1660/1904/1510
f 1582/2849/2004 1593/1995/1579 1660/1904/1510
f 1587/1906/1512 1665/2439/1924 1668/1907/1513
f 1467/1909/1515 1635/2556/2018 1609/1910/1516
f 1365/2151/1712 1366/2124/1691 2064/2850/1518
f 1366/2124/1691 1966/2851/2051 2065/2852/1518
f 1366/2124/1691 2065/2852/1518 2064/2850/1518
f 1910/1914/1518 1833/2853/2067 1365/2151/1712
f 1964/2854/1518 1907/2855/1518 2061/2856/1518
f 1907/2855/1518 1910/1914/1518 2062/1913/1518
f 2061/2856/1518 1907/2855/1518 2062/1913/1518
f 1910/1914/1518 1365/2151/1712 2063/1912/1518
f 1365/2151/1712 2064/2850/1518 2063/1912/1518
f 1704/2625/2040 1378/1917/1519 1929/2857/1493
f 1378/1917/1519 1957/2858/2063 2052/2859/1493
f 1929/2857/1493 1378/1917/1519 2054/1916/1493
f 2052/2859/1493 2053/1915/1493 1378/1917/1519
f 1656/1918/1520 1657/2860/2068 1490/1919/1521
f 1491/1887/1523 1715/2837/2069 1700/1921/1524
f 2119/2648/2044 1404/2647/2043 2120/1925/1528
f 1404/2647/2043 1409/1923/1526 2120/1925/1528
f 1727/1926/1529 1722/2216/1754 1717/1927/1530
f 1514/1929/1532 1443/1911/1517 1609/1910/1516
f 1530/1931/1534 1514/1929/1532 1716/1930/1533
f 1892/1935/1518 1852/2713/2051 1371/2072/1646
f 1371/2072/1646 1952/2861/2061 2155/2862/1518
f 2155/2862/1518 2156/2863/1518 1371/2072/1646
f 2156/2863/1518 2157/1933/1518 1892/1935/1518
f 1371/2072/1646 2156/2863/1518 1892/1935/1518
f 1884/2864/1478 1705/1938/1536 2105/2865/1477
f 1705/1938/1536 1773/2866/1536 2102/2867/1477
f 2105/2865/1477 1705/1938/1536 2104/1937/1477
f 2102/2867/1477 2103/1936/1477 1705/1938/1536
f 2102/2868/1477 1773/2869/1536 1774/2870/1536
f 1774/2870/1536 2106/2871/1477 2102/2868/1477
f 2106/2871/1477 2107/2872/1477 2102/2868/1477
f 2102/2868/1477 2107/2872/1477 2103/2873/1477
f 2107/2872/1477 2108/2874/1477 2103/2873/1477
f 2108/2874/1477 2109/1941/1477 2104/1940/1477
f 2109/1941/1477 2110/2875/1478 2105/1939/1477
f 2110/2875/1478 1917/2784/1478 1787/1854/1477
f 1787/1854/1477 1884/2783/1478 2110/2875/1478
f 1884/2783/1478 2105/1939/1477 2110/2875/1478
f 2108/2874/1477 2104/1940/1477 2103/2873/1477
f 2050/2876/2070 2051/2877/2070 2133/2878/1490
f 2050/2876/2070 2133/2878/1490 2136/2879/1490
f 2133/2878/1490 2134/1944/1490 2136/2879/1490
f 2137/1943/1490 2136/2879/1490 2134/1944/1490
f 1948/1942/1490 1971/2822/1490 2137/1943/1490
f 2135/2880/1490 1999/2823/1490 1948/1942/1490
f 2134/1944/1490 2135/2880/1490 1948/1942/1490
f 1912/2881/1538 1832/2077/1649 2166/2076/1649
f 2172/2882/1538 2168/1945/1537 1913/1947/1538
f 2168/1945/1537 1831/2883/1537 1914/1946/1538
f 1912/2881/1538 2166/2076/1649 1913/1947/1538
f 2166/2076/1649 2172/2882/1538 1913/1947/1538
f 1379/1948/1539 1387/1971/1558 1388/1949/1540
f 2158/2884/1518 1951/2811/2061 1370/1951/1542
f 1370/1951/1542 1833/2885/2067 1910/2886/1518
f 1907/1952/1518 1964/2710/1518 2160/2887/1518
f 1370/1951/1542 1910/2886/1518 1907/1952/1518
f 2159/1953/1518 2158/2884/1518 1370/1951/1542
f 1907/1952/1518 2160/2887/1518 2159/1953/1518
f 1661/1954/1543 1662/2888/2071 1496/1955/1544
f 1499/1957/1546 1814/2889/2072 1670/1958/1547
f 1376/1960/1549 1419/2150/1711 1441/1961/1550
f 1758/2717/2052 1397/1965/1553 1849/2890/1552
f 1397/1965/1553 1889/2891/2065 2003/2892/1552
f 1849/2890/1552 1397/1965/1553 2006/1964/1552
f 2003/2892/1552 2004/1963/1552 1397/1965/1553
f 1377/1966/1554 1475/2408/1720 1488/1967/1555
f 1813/2893/2073 1378/1917/1519 1893/2894/1557
f 1378/1917/1519 1704/2625/2040 1788/2624/1557
f 1893/2894/1557 1378/1917/1519 1894/1970/1557
f 1788/2624/1557 1895/1969/1557 1378/1917/1519
f 1387/1971/1558 1379/1948/1539 1844/2895/1559
f 1379/1948/1539 1793/2896/2035 1843/2897/1559
f 1379/1948/1539 1843/2897/1559 1844/2895/1559
f 1738/2898/2074 1693/2899/2075 1387/1971/1558
f 1798/2900/1559 1739/2901/1559 1847/2902/1559
f 1739/2901/1559 1738/2898/2074 1387/1971/1558
f 1847/2902/1559 1739/2901/1559 1846/1973/1559
f 1846/1973/1559 1739/2901/1559 1387/1971/1558
f 1387/1971/1558 1844/2895/1559 1845/1972/1559
f 1393/1979/1565 1385/1968/1556 1505/1977/1563
f 1385/1968/1556 1488/1967/1555 1505/1977/1563
f 1505/1977/1563 1506/2903/1563 1474/1978/1564
f 1387/1971/1558 1693/2899/2075 1759/1983/1569
f 1821/2904/2042 1388/1949/1540 1906/2905/1571
f 1388/1949/1540 1387/1971/1558 1905/2906/1571
f 1906/2905/1571 1388/1949/1540 1905/2906/1571
f 1387/1971/1558 1713/1984/1570 1755/1985/1571
f 1755/1985/1571 1754/2907/1571 1903/1986/1571
f 1754/2907/1571 1817/2908/1571 1902/2909/1571
f 1754/2907/1571 1902/2909/1571 1903/1986/1571
f 1387/1971/1558 1755/1985/1571 1904/1987/1571
f 1905/2906/1571 1387/1971/1558 1904/1987/1571
f 1737/1988/1572 1741/2910/2076 1483/1989/1573
f 1735/1991/1575 1736/2911/2077 1480/1992/1576
f 1593/1995/1579 1582/2849/2004 1583/1996/1580
f 1583/1996/1580 1584/2912/2003 1567/1994/1578
f 1584/2912/2003 1577/2527/1851 1567/1994/1578
f 1392/1999/1583 1384/1962/1551 1463/1997/1581
f 1384/1962/1551 1441/1961/1550 1463/1997/1581
f 1803/2002/1584 1720/2642/2042 1396/2024/1603
f 1396/2024/1603 1878/2913/2059 2112/2914/1584
f 2112/2914/1584 2113/2915/1584 1396/2024/1603
f 2113/2915/1584 2114/2000/1584 1803/2002/1584
f 1396/2024/1603 2113/2915/1584 1803/2002/1584
f 1611/2003/1585 1608/2104/1674 1634/2004/1586
f 1452/2008/1590 1410/2139/1700 1442/2006/1588
f 1410/2139/1700 1421/2110/1680 1442/2006/1588
f 1400/2025/1604 1392/1999/1583 1417/2010/1592
f 1392/1999/1583 1430/1998/1582 1417/2010/1592
f 1851/2916/2028 1398/2126/1693 1933/2917/1500
f 1398/2126/1693 1407/2013/1593 1934/2918/1500
f 1933/2917/1500 1398/2126/1693 1934/2918/1500
f 1407/2013/1593 1742/2138/1491 1784/2919/1500
f 1784/2919/1500 1785/2920/1500 1407/2013/1593
f 1785/2920/1500 1855/2921/1500 1937/2922/1500
f 1785/2920/1500 1937/2922/1500 1936/2011/1500
f 1934/2918/1500 1407/2013/1593 1935/2012/1500
f 1785/2920/1500 1936/2011/1500 1407/2013/1593
f 1393/1979/1565 1474/1978/1564 1501/2014/1594
f 1394/2016/1596 2091/2757/2030 2092/2017/1597
f 1705/1938/1536 1396/2024/1603 1809/2923/2039
f 1396/2024/1603 1806/2924/2078 1859/2925/2039
f 1809/2923/2039 1396/2024/1603 1857/2023/1602
f 1859/2925/2039 1858/2022/1602 1396/2024/1603
f 1414/2926/2079 1401/2119/1688 1469/2027/1606
f 1401/2119/1688 1400/2025/1604 1469/2027/1606
f 1402/2028/1607 1494/2752/1721 1508/2029/1608
f 1403/2033/1612 1402/2028/1607 1502/2927/1689
f 1402/2028/1607 1489/2030/1609 1502/2927/1689
f 1502/2927/1689 1498/2031/1610 1403/2033/1612
f 1409/1923/1526 1404/2647/2043 2041/2034/1613
f 1404/2647/2043 2036/2740/2054 2041/2034/1613
f 1540/2036/1615 1486/2068/1643 1790/2037/1616
f 1415/2039/1618 2139/2761/2056 2142/2040/1619
f 1407/2013/1593 1388/1949/1540 2016/2928/1584
f 1388/1949/1540 1821/2904/2042 2017/2929/1584
f 1388/1949/1540 2017/2929/1584 2016/2928/1584
f 1810/2044/1584 1777/2930/2062 1407/2013/1593
f 1909/2931/1584 1804/2932/1584 2013/2933/1584
f 1804/2932/1584 1810/2044/1584 2014/2043/1584
f 2013/2933/1584 1804/2932/1584 2014/2043/1584
f 1810/2044/1584 1407/2013/1593 2015/2042/1584
f 1407/2013/1593 2016/2928/1584 2015/2042/1584
f 1400/2025/1604 1417/2010/1592 1461/2045/1621
f 1525/2046/1622 1472/2669/2048 1776/2047/1623
f 2023/2934/1625 1957/2858/2063 1378/1917/1519
f 1378/1917/1519 1709/2608/2035 1882/2049/1625
f 1882/2049/1625 1946/2935/1625 2021/2936/1625
f 2021/2936/1625 2022/2050/1625 1882/2049/1625
f 2022/2050/1625 2023/2934/1625 1378/1917/1519
f 1446/2937/2080 1412/2057/1632 1466/2056/1631
f 1412/2057/1632 1411/2053/1628 1435/2055/1630
f 1745/2058/1633 1746/2938/2081 1512/2059/1634
f 1449/2435/1920 1920/2063/1638 1916/2062/1637
f 1920/2063/1638 1955/2939/1636 1968/2940/1636
f 1967/2061/1636 1920/2063/1638 1968/2940/1636
f 1955/2939/1636 1886/2941/2082 1969/2942/1636
f 1886/2941/2082 1389/2159/1719 1915/2194/1742
f 1969/2942/1636 1886/2941/2082 1915/2194/1742
f 1969/2942/1636 1968/2940/1636 1955/2939/1636
f 1527/2790/1782 2164/2788/1782 1563/2065/1640
f 2164/2788/1782 2189/2066/1641 1563/2065/1640
f 2189/2066/1641 1468/2094/1666 1556/2064/1639
f 1526/2067/1642 1815/2574/2023 1790/2037/1616
f 1528/2407/1906 1363/2594/2029 1546/2071/1645
f 1363/2594/2029 1368/2135/1698 1546/2071/1645
f 1368/2135/1698 1516/2069/1644 1546/2071/1645
f 1371/2072/1646 1852/2713/2051 1949/2073/1647
f 1949/2073/1647 2066/2943/1647 2185/2944/1647
f 2185/2944/1647 2184/2074/1647 1949/2073/1647
f 2184/2074/1647 2183/2945/1647 1371/2072/1646
f 2183/2945/1647 2048/2946/2060 1371/2072/1646
f 1832/2077/1649 1834/2947/1746 2171/2075/1648
f 1834/2947/1746 1381/2571/2021 2171/2075/1648
f 1381/2571/2021 1375/2416/1911 2171/2075/1648
f 1375/2416/1911 2167/2948/2058 2171/2075/1648
f 1536/2081/1653 1500/2687/2050 1826/2082/1654
f 1515/2084/1656 1681/2949/2083 1695/2085/1657
f 1521/2087/1659 1511/2118/1687 1879/2088/1660
f 1453/2255/1786 1428/2438/1923 1478/2092/1664
f 1428/2438/1923 1493/2090/1662 1478/2092/1664
f 1462/2095/1667 1457/2252/1783 1559/2950/1909
f 1457/2252/1783 1553/2254/1785 1559/2950/1909
f 1559/2950/1909 1557/2093/1665 1462/2095/1667
f 1425/2096/1668 1518/2951/2084 1538/2097/1669
f 1509/1902/1671 1602/2848/2085 1570/2099/1672
f 2051/2877/2070 2050/2876/2070 2085/2952/1485
f 2050/2876/2070 2096/2953/1485 2085/2952/1485
f 2096/2953/1485 2087/2632/1485 2085/2952/1485
f 2087/2632/1485 2086/2101/1485 2084/2103/1485
f 2085/2952/1485 2087/2632/1485 2084/2103/1485
f 2086/2101/1485 2000/2792/1485 2083/2102/1485
f 2000/2792/1485 2001/2791/1485 2083/2102/1485
f 1608/2104/1674 1712/2401/1902 1716/2105/1675
f 1390/2107/1677 1399/2425/1916 1467/2108/1678
f 1421/2110/1680 1450/2182/1733 1484/2111/1681
f 1427/2117/1686 1382/1891/1499 2191/2115/1685
f 1382/1891/1499 2190/1890/1498 2191/2115/1685
f 1525/2046/1622 1883/2048/1624 1879/2088/1660
f 1401/2119/1688 1479/2954/1595 1501/2120/1594
f 1501/2120/1594 1474/2955/1564 1400/2025/1604
f 1474/2955/1564 1392/1999/1583 1400/2025/1604
f 1423/2165/1722 1498/2956/1610 1502/2121/1689
f 1502/2121/1689 1489/2957/1609 1440/2122/1690
f 1451/2123/1689 1423/2165/1722 1502/2121/1689
f 1366/2124/1691 1365/2151/1712 1379/1948/1539
f 1521/2087/1659 1854/2089/1661 1853/1858/1480
f 1388/1949/1540 1407/2013/1593 1398/2126/1693
f 1392/1999/1583 1474/2955/1564 1506/2127/1563
f 1506/2127/1563 1505/2958/1563 1384/1962/1551
f 1505/2958/1563 1488/2161/1555 1384/1962/1551
f 1517/2179/1730 1405/2548/2010 1534/2130/1695
f 1405/2548/2010 1413/2141/1702 1534/2130/1695
f 1413/2141/1702 1503/2128/1694 1534/2130/1695
f 1440/2122/1690 1489/2957/1609 1508/2132/1608
f 1508/2132/1608 1494/2163/1721 1459/2131/1608
f 1494/2163/1721 1401/2119/1688 1414/2926/2079
f 1459/2131/1608 1494/2163/1721 1414/2926/2079
f 1695/2085/1657 1723/2959/2086 1507/2133/1696
f 1368/2135/1698 1519/2769/2057 1543/2136/1699
f 1407/2013/1593 1777/2930/2062 1811/2137/1492
f 1467/2108/1678 1399/2425/1916 1490/2140/1701
f 1399/2425/1916 1410/2139/1700 1490/2140/1701
f 1413/2141/1702 1510/2760/2055 1532/2142/1703
f 1412/2057/1632 1487/2960/1627 1513/2146/1707
f 1513/2146/1707 1495/2164/1626 1411/2053/1628
f 1436/2264/1793 1412/2057/1632 1460/2147/1708
f 1412/2057/1632 1446/2937/2080 1491/2148/1709
f 1376/1960/1549 1362/2394/1899 1477/2149/1710
f 1365/2151/1712 1833/2853/2067 1911/2152/1538
f 1536/2081/1714 1835/2083/2087 1745/2058/1633
f 1822/2156/1717 1728/2961/2088 1734/2154/1715
f 1825/2155/1716 1819/2536/1651 1822/2156/1717
f 1389/2159/1719 2050/2876/2070 1947/2157/1490
f 2050/2876/2070 2136/2879/1490 1947/2157/1490
f 2137/1943/1490 1971/2822/1490 1947/2157/1490
f 2136/2879/1490 2137/1943/1490 1947/2157/1490
f 1475/2160/1720 1376/1960/1549 1384/1962/1551
f 1520/2162/1597 1479/2954/1595 1401/2119/1688
f 1411/2053/1628 1495/2164/1626 1416/2054/1629
f 1495/2164/1626 1498/2956/1610 1423/2165/1722
f 1878/2913/2059 1396/2024/1603 1940/2962/1478
f 1396/2024/1603 1705/1938/1536 1884/2864/1478
f 1940/2962/1478 1396/2024/1603 1939/2167/1478
f 1884/2864/1478 1938/2166/1477 1396/2024/1603
f 2052/2963/1493 1957/2964/2063 1956/2835/2063
f 1956/2835/2063 2055/1884/1493 2052/2963/1493
f 2055/1884/1493 2056/1883/1493 2053/2169/1493
f 2056/1883/1493 1921/2836/1493 1891/2168/1493
f 1891/2168/1493 1929/2965/1493 2054/2966/1493
f 2053/2169/1493 2052/2963/1493 2055/1884/1493
f 1891/2168/1493 2054/2966/1493 2053/2169/1493
f 2163/2693/1497 1919/2967/1497 2178/2968/1487
f 2163/2693/1497 2178/2968/1487 2179/2969/1487
f 1462/2095/1667 2190/2970/1498 2180/2170/1487
f 2190/2970/1498 2163/2693/1497 2179/2969/1487
f 2180/2170/1487 2190/2970/1498 2179/2969/1487
f 1944/2971/1487 1923/2972/1921 1462/2095/1667
f 2182/2973/1486 2068/2974/1486 1944/2971/1487
f 2181/2171/1487 2182/2973/1486 1462/2095/1667
f 2182/2973/1486 1944/2971/1487 1462/2095/1667
f 1477/2149/1710 1362/2394/1899 1509/2174/1725
f 1362/2394/1899 1367/2172/1723 1509/2174/1725
f 1373/2177/1728 1374/2300/1824 1515/2175/1726
f 1374/2300/1824 1439/2975/2089 1515/2175/1726
f 1391/2178/1729 1405/2548/2010 1517/2179/1730
f 1421/2110/1680 1424/2272/1802 1497/2181/1732
f 1424/2272/1802 1437/2976/2090 1497/2181/1732
f 1464/2173/1724 1367/2172/1723 1447/2186/1737
f 1367/2172/1723 1373/2177/1728 1447/2186/1737
f 1989/2977/1625 1945/2978/1625 1946/2979/1625
f 1989/2977/1625 1946/2979/1625 1975/2980/1625
f 1978/2189/1625 1979/2981/1625 1974/2190/1625
f 1979/2981/1625 1989/2977/1625 1975/2980/1625
f 1974/2190/1625 1979/2981/1625 1975/2980/1625
f 1976/2982/1625 1977/2983/1625 1972/2984/1625
f 1977/2983/1625 1978/2189/1625 1973/2188/1625
f 1792/2985/2035 1793/2986/2035 1976/2982/1625
f 1972/2984/1625 1792/2985/2035 1976/2982/1625
f 1977/2983/1625 1973/2188/1625 1972/2984/1625
f 1765/2191/1739 1764/2987/1827 1775/2667/2047
f 1775/2667/2047 1756/2192/1740 1765/2191/1739
f 1756/2192/1740 1748/2551/2012 1724/2193/1741
f 1369/2195/1743 2167/2770/2058 2170/2196/1744
f 2051/2988/2070 1397/1965/1553 2133/2989/1490
f 1397/1965/1553 1758/2717/2052 1999/2722/1490
f 2133/2989/1490 1397/1965/1553 2134/2199/1490
f 1999/2722/1490 2135/2198/1490 1397/1965/1553
f 1543/2202/1699 1519/2990/2057 1374/2300/1824
f 1374/2300/1824 1373/2177/1728 1543/2202/1699
f 1373/2177/1728 1367/2172/1723 1516/2203/1644
f 1482/2991/2091 1432/2205/1748 1536/2204/1747
f 1432/2205/1748 1471/2448/1929 1500/2206/1749
f 1793/2896/2035 1379/1948/1539 1976/2992/1625
f 1379/1948/1539 1365/2151/1712 1977/2993/1625
f 1976/2992/1625 1379/1948/1539 1977/2993/1625
f 1365/2151/1712 1818/2153/1713 1880/2994/1625
f 1880/2994/1625 1881/2995/1625 1365/2151/1712
f 1881/2995/1625 1945/2996/1625 1989/2997/1625
f 1881/2995/1625 1989/2997/1625 1979/2207/1625
f 1977/2993/1625 1365/2151/1712 1978/2208/1625
f 1881/2995/1625 1979/2207/1625 1365/2151/1712
f 1444/2209/1750 2195/2781/1505 2196/2210/1751
f 1966/2851/2051 1366/2124/1691 2154/2998/1647
f 1366/2124/1691 1420/2258/1789 2153/2999/1647
f 2154/2998/1647 1366/2124/1691 2153/2999/1647
f 1420/2258/1789 1920/2260/1638 1954/2212/1647
f 1954/2212/1647 1950/3000/1647 2151/2213/1647
f 1950/3000/1647 2067/3001/1647 2150/3002/1647
f 1950/3000/1647 2150/3002/1647 2151/2213/1647
f 1420/2258/1789 1954/2212/1647 2152/2214/1647
f 2153/2999/1647 1420/2258/1789 2152/2214/1647
f 1373/2177/1728 1458/2176/1727 1507/2215/1753
f 1722/2216/1754 1764/2304/1827 1765/2217/1739
f 1390/2107/1677 1443/2109/1679 1514/2219/1755
f 2124/3003/1488 1918/2828/1497 1919/2827/1497
f 1919/2827/1497 2128/3004/1488 2124/3003/1488
f 2128/3004/1488 2129/3005/1488 2124/3003/1488
f 2124/3003/1488 2129/3005/1488 2125/3006/1488
f 2129/3005/1488 2130/3007/1488 2125/3006/1488
f 2130/3007/1488 2131/2223/1488 2126/2222/1488
f 2131/2223/1488 2132/3008/1489 2127/2221/1488
f 2132/3008/1489 1970/2810/1489 1887/1869/1488
f 1887/1869/1488 1953/2809/1489 2132/3008/1489
f 1953/2809/1489 2127/2221/1488 2132/3008/1489
f 2130/3007/1488 2126/2222/1488 2125/3006/1488
f 1431/2112/1682 1432/2205/1748 1470/2113/1683
f 1432/2205/1748 1482/2991/2091 1512/2224/1757
f 1674/2383/1895 1644/2360/1876 1675/2226/1759
f 1644/2360/1876 1639/2227/1760 1675/2226/1759
f 1639/2227/1760 1672/2542/2005 1676/2225/1758
f 1660/1904/1510 1593/1995/1579 1661/2230/1763
f 1593/1995/1579 1594/2228/1761 1661/2230/1763
f 1668/1907/1513 1701/2244/1775 1710/2231/1764
f 1610/2233/1766 1717/1927/1530 1718/2234/1767
f 1652/3009/2092 1651/2237/1769 1715/2236/1768
f 1651/2237/1769 1698/2419/1912 1700/2238/1770
f 1533/2239/1771 1531/3010/1736 1448/2240/1772
f 1480/2241/1771 1465/3011/2093 1533/2239/1771
f 1465/3011/2093 1518/3012/2084 1533/2239/1771
f 1593/1995/1579 1567/1994/1578 1602/2242/1773
f 1567/1994/1578 1570/2308/1830 1602/2242/1773
f 1668/1907/1513 1665/2439/1924 1706/3013/1971
f 1665/2439/1924 1696/2441/1926 1706/3013/1971
f 1706/3013/1971 1703/2243/1774 1668/1907/1513
f 1645/3014/2094 1632/2246/1777 1697/2245/1776
f 1632/2246/1777 1685/2476/1953 1694/2247/1778
f 1679/3015/2095 1678/2537/2001 1680/2250/1781
f 1678/2537/2001 1658/2248/1779 1680/2250/1781
f 1457/2252/1783 1555/2776/1996 1562/2253/1784
f 1453/2255/1786 1478/2092/1664 1526/2256/1787
f 1420/2258/1789 1886/3016/2082 1955/2259/1636
f 1580/2261/1790 1581/2280/1808 1575/2262/1791
f 1541/2265/1794 1487/2960/1627 1412/2057/1632
f 1436/2264/1793 1524/2281/1735 1541/2265/1794
f 1530/1931/1796 1750/1932/2096 1749/2267/1797
f 1568/2269/1799 1585/2398/1901 1586/2270/1800
f 1424/2272/1802 1510/3017/2055 1550/2273/1619
f 1572/2275/1803 1589/2287/1814 1590/2276/1804
f 1591/2278/1806 1589/2287/1814 1572/2275/1803
f 1581/2280/1808 1591/2278/1806 1574/2279/1807
f 1531/3010/1736 1524/2281/1735 1448/2240/1772
f 1524/2281/1735 1436/2264/1793 1438/2282/1809
f 1590/2276/1804 1589/2287/1814 1598/2285/1812
f 1589/2287/1814 1595/2309/1831 1598/2285/1812
f 1595/2309/1831 1596/2283/1810 1598/2285/1812
f 1599/2286/1813 1595/2309/1831 1589/2287/1814
f 1600/2288/1815 1599/2286/1813 1591/2278/1806
f 1601/2289/1816 1600/2288/1815 1581/2280/1808
f 1544/2290/1817 1542/3018/1795 1454/2291/1818
f 1492/2292/1817 1476/3019/2097 1544/2290/1817
f 1476/3019/2097 1529/3020/2098 1544/2290/1817
f 1433/1898/1504 1545/2470/1946 1558/2293/1819
f 1952/2861/2061 1371/2072/1646 2018/3021/1489
f 1371/2072/1646 1830/2388/1497 1953/3022/1489
f 2018/3021/1489 1371/2072/1646 2005/2296/1489
f 1953/3022/1489 2002/2295/1488 1371/2072/1646
f 1586/2270/1800 1585/2398/1901 1606/2299/1823
f 1585/2398/1901 1604/2297/1821 1606/2299/1823
f 1374/2300/1824 1519/2990/2057 1554/2301/1744
f 1722/2216/1754 1727/1926/1529 1768/2486/1962
f 1727/1926/1529 1766/2484/1960 1768/2486/1962
f 1768/2486/1962 1769/2303/1826 1722/2216/1754
f 1795/2078/1650 1710/2231/1764 1819/2079/1651
f 1710/2231/1764 1728/3023/2088 1822/2305/1717
f 1605/2298/1822 1604/2297/1821 1613/2306/1828
f 1604/2297/1821 1612/2317/1839 1613/2306/1828
f 1568/2269/1799 1569/2271/1801 1570/2308/1830
f 1595/2309/1831 1617/2312/1834 1618/2310/1832
f 1595/2309/1831 1599/2286/1813 1620/2320/1842
f 1599/2286/1813 1619/2318/1840 1620/2320/1842
f 1620/2320/1842 1621/2311/1833 1595/2309/1831
f 1622/2313/1835 1619/2318/1840 1599/2286/1813
f 1607/2314/1836 1622/2313/1835 1600/2288/1815
f 1612/2317/1839 1623/2430/1917 1625/2315/1837
f 1623/2430/1917 1624/3024/2099 1625/2315/1837
f 1619/2318/1840 1627/3025/2100 1628/2319/1841
f 1622/2313/1835 1629/2333/1854 1630/2335/1856
f 1631/2321/1843 1627/3025/2100 1619/2318/1840
f 1622/2313/1835 1630/2335/1856 1631/2321/1843
f 1632/2246/1777 1629/2333/1854 1622/2313/1835
f 1734/2154/1715 1728/2961/2088 1730/2322/1844
f 1730/2322/1844 1729/2492/1868 1731/2323/1845
f 1603/2232/1765 1771/2376/1889 1747/2324/1846
f 1756/2192/1740 1775/2667/2047 1783/2326/1848
f 1775/2667/2047 1776/3026/2101 1783/2326/1848
f 1612/2317/1839 1626/2316/1838 1640/2328/1850
f 1572/2275/1803 1573/2277/1805 1577/2329/1851
f 1610/2233/1766 1611/2235/1585 1637/2331/1587
f 1629/2333/1854 1632/2246/1777 1646/2334/1855
f 1632/2246/1777 1645/3014/2094 1647/2336/1857
f 1648/2337/1858 1651/2237/1769 1649/2338/1859
f 1651/2237/1769 1652/3009/2092 1653/2340/1861
f 1639/2227/1760 1636/2332/1853 1643/2341/1862
f 1636/2332/1853 1637/2331/1587 1643/2341/1862
f 1643/2341/1862 1642/3027/1894 1641/2342/1863
f 1633/2343/1864 1654/2362/1878 1601/2289/1816
f 1658/2248/1779 1655/2381/1893 1659/2346/1867
f 1655/2381/1893 1656/2344/1865 1659/2346/1867
f 1728/3023/2088 1710/2231/1764 1730/2347/1844
f 1710/2231/1764 1701/2244/1775 1729/2348/1868
f 1456/2349/1869 1549/3028/1820 1558/2350/1819
f 1558/2350/1819 1545/3029/1946 1453/2255/1786
f 1545/3029/1946 1428/2438/1923 1453/2255/1786
f 1800/2351/1870 1807/3030/2102 1492/2352/1871
f 1511/2355/1873 1553/3031/1785 1562/2356/1784
f 1562/2356/1784 1555/2531/1996 1525/2354/1784
f 1555/2531/1996 1456/2349/1869 1472/3032/2103
f 1525/2354/1784 1555/2531/1996 1472/3032/2103
f 1797/2357/1874 1796/3033/1652 1853/2358/1875
f 1854/2359/1874 1879/3034/2104 1797/2357/1874
f 1879/3034/2104 1791/3035/2105 1797/2357/1874
f 1644/2360/1876 1674/2383/1895 1677/2361/1877
f 2162/2134/1697 1382/1891/1499 2165/2364/1879
f 1382/1891/1499 1427/2117/1686 2165/2364/1879
f 1698/2419/1912 1694/2366/1778 1702/2365/1880
f 1694/2366/1778 1686/3036/1954 1735/2367/1881
f 1492/2352/1871 1807/3030/2102 1808/2368/1882
f 1660/1904/1510 1661/2230/1763 1723/2370/1884
f 1658/2248/1779 1659/2346/1867 1692/2372/1886
f 1548/2373/1887 1529/3020/2098 1476/3019/2097
f 1476/3019/2097 1499/2374/1887 1548/2373/1887
f 1499/2374/1887 1439/2975/2089 1537/2302/1825
f 1439/2975/2089 1374/2300/1824 1537/2302/1825
f 1747/2324/1846 1727/1926/1529 1721/1928/1531
f 1771/2376/1889 1766/2484/1960 1727/1926/1529
f 1572/2275/1803 1571/2330/1852 1578/2377/1890
f 1735/2367/1881 1686/3036/1954 1687/2378/1891
f 1687/2378/1891 1683/3037/1897 1737/2379/1892
f 1736/2380/1891 1735/2367/1881 1687/2378/1891
f 1398/2126/1693 1420/2258/1789 1366/2124/1691
f 1655/2381/1893 1641/3038/1863 1642/2382/1894
f 1642/2382/1894 1643/3039/1862 1634/2004/1586
f 1643/3039/1862 1637/2005/1587 1634/2004/1586
f 1674/2383/1895 1675/2226/1759 1684/2384/1896
f 1918/3040/1497 1830/2388/1497 2174/3041/1487
f 1830/2388/1497 2049/3042/1486 2177/3043/1487
f 2174/3041/1487 1830/2388/1497 2175/2387/1487
f 2177/3043/1487 2176/2386/1487 1830/2388/1497
f 1618/2389/1832 1617/3044/1834 1623/2430/1917
f 1623/2430/1917 1612/2317/1839 1618/2389/1832
f 1612/2317/1839 1604/2297/1821 1596/2390/1810
f 1631/2391/1843 1630/3045/1856 1688/2392/1898
f 1689/2393/1843 1690/3046/2106 1631/2391/1843
f 1690/3046/2106 1627/3047/2100 1631/2391/1843
f 1547/2396/1645 1516/2203/1644 1367/2172/1723
f 1362/2394/1899 1528/2411/1906 1546/2395/1645
f 1547/2396/1645 1367/2172/1723 1362/2394/1899
f 1608/2104/1674 1609/2106/1676 1635/2397/1900
f 1597/2400/1811 1596/2390/1810 1604/2297/1821
f 1585/2398/1901 1590/2429/1804 1598/2399/1812
f 1597/2400/1811 1604/2297/1821 1585/2398/1901
f 1725/2403/1904 1724/2193/1741 1748/2551/2012
f 1712/2401/1902 1718/2505/1767 1726/2402/1903
f 1725/2403/1904 1748/2551/2012 1712/2401/1902
f 1628/2405/1841 1627/3047/2100 1690/3046/2106
f 1690/3046/2106 1691/2406/1905 1628/2405/1841
f 1691/2406/1905 1624/3024/2099 1620/2404/1842
f 1624/3024/2099 1623/2430/1917 1620/2404/1842
f 1377/1966/1554 1363/2594/2029 1528/2407/1906
f 1566/2409/1907 1588/1908/1514 1592/2325/1847
f 1362/2394/1899 1376/1960/1549 1475/2160/1720
f 1575/2262/1791 1566/2409/1907 1565/2410/1908
f 1485/2504/1975 1557/3048/1665 1559/2412/1909
f 1559/2412/1909 1553/3031/1785 1511/2355/1873
f 1521/2413/1909 1485/2504/1975 1559/2412/1909
f 1472/3032/2103 1456/2349/1869 1540/2414/1910
f 1456/2349/1869 1453/2255/1786 1540/2414/1910
f 1647/2415/1857 1645/3049/2094 1651/2237/1769
f 1648/2337/1858 1646/2432/1855 1647/2415/1857
f 1375/2416/1911 1529/3050/2098 1548/2417/1887
f 1420/2258/1789 1398/2126/1693 2074/3051/1485
f 1398/2126/1693 1851/2916/2028 2073/3052/1485
f 1398/2126/1693 2073/3052/1485 2074/3051/1485
f 1925/3053/2107 1886/3016/2082 1420/2258/1789
f 2000/3054/1485 1926/3055/1485 2077/3056/1485
f 1926/3055/1485 1925/3053/2107 1420/2258/1789
f 2077/3056/1485 1926/3055/1485 2076/2421/1485
f 2076/2421/1485 1926/3055/1485 1420/2258/1789
f 1420/2258/1789 2074/3051/1485 2075/2420/1485
f 1749/2424/1915 1748/2551/2012 1757/2422/1913
f 1748/2551/2012 1756/2192/1740 1757/2422/1913
f 1535/2427/1695 1503/2500/1694 1410/2139/1700
f 1399/2425/1916 1517/2443/1730 1534/2426/1695
f 1535/2427/1695 1410/2139/1700 1399/2425/1916
f 1654/2362/1878 1677/2361/1877 1607/2314/1836
f 1585/2398/1901 1568/2269/1799 1573/2428/1805
f 1623/2430/1917 1617/3044/1834 1621/2431/1833
f 1630/3045/1856 1646/2432/1855 1688/2392/1898
f 1646/2432/1855 1648/2337/1858 1650/2339/1860
f 1610/2233/1766 1636/2332/1853 1638/2433/1918
f 1428/2438/1923 1372/2220/1756 1530/2437/1922
f 1372/2220/1756 1514/2219/1755 1530/2437/1922
f 1588/1908/1514 1668/1907/1513 1603/2232/1765
f 1665/2439/1924 1666/2450/1503 1699/2440/1925
f 1399/2425/1916 1390/2107/1677 1504/2442/1731
f 1481/2444/1927 1671/3057/2108 1656/1918/1520
f 1737/2379/1892 1683/3037/1897 1684/2446/1896
f 1684/2446/1896 1675/2580/1759 1741/2445/1928
f 1675/2580/1759 1678/2537/2001 1679/3015/2095
f 1741/2445/1928 1675/2580/1759 1679/3015/2095
f 1432/2205/1748 1527/3058/1782 1563/2447/1640
f 1563/2447/1640 1556/2503/1639 1471/2448/1929
f 1665/2439/1924 1587/1906/1512 1666/2450/1503
f 1587/1906/1512 1579/2451/1930 1666/2450/1503
f 1579/2451/1930 1663/2479/1955 1667/2449/1501
f 1830/2388/1497 1371/2072/1646 2049/3042/1486
f 1371/2072/1646 2048/2946/2060 2080/3059/1486
f 2049/3042/1486 1371/2072/1646 2078/2453/1487
f 2080/3059/1486 2079/2452/1487 1371/2072/1646
f 1616/2454/1931 1633/2343/1864 1580/2261/1790
f 1504/2442/1731 1390/2107/1677 1372/2220/1756
f 1542/3018/1795 1539/2456/1482 1454/2291/1818
f 1539/2456/1482 1431/2112/1682 1445/2114/1684
f 1461/2457/1933 1417/2487/1964 1613/2458/1934
f 1451/2460/1936 1440/2547/2009 1690/2461/1937
f 1461/2457/1933 1640/2459/1935 1626/2463/1939
f 1451/2460/1936 1689/2462/1938 1688/2465/1941
f 1523/2467/1943 1493/2268/1798 1749/2267/1797
f 1433/1898/1504 1383/2535/2000 1560/2469/1945
f 1383/2535/2000 1552/2534/1932 1560/2469/1945
f 1560/2469/1945 1561/3060/1945 1545/2470/1946
f 1721/1928/1531 1717/1927/1530 1610/2233/1766
f 1565/2410/1908 1711/2375/1888 1616/2454/1931
f 1463/2471/1947 1441/2528/1994 1586/2472/1948
f 1615/2434/1919 1638/2433/1918 1633/2343/1864
f 1463/2471/1950 1606/2473/2109 1605/2474/1951
f 1636/2332/1853 1639/2227/1760 1644/2360/1876
f 1677/2361/1877 1685/2476/1953 1632/2246/1777
f 1592/2325/1847 1747/2324/1846 1711/2375/1888
f 1579/2451/1930 1582/2540/2004 1664/2478/1511
f 1455/2482/1958 1430/2475/1952 1605/2474/1951
f 1766/2484/1960 1791/3061/2105 1794/2485/1961
f 1455/2482/1963 1614/2483/2110 1613/2458/1934
f 1466/2488/1965 1435/2545/2008 1649/2489/1966
f 1731/2323/1845 1729/2492/1868 1733/2491/1968
f 1729/2492/1868 1703/3062/1774 1800/2493/1969
f 1466/2488/1970 1653/2490/2111 1652/1886/1494
f 1538/2494/1669 1518/3012/2084 1465/3011/2093
f 1465/3011/2093 1483/2495/1669 1538/2494/1669
f 1483/2495/1669 1437/2976/2090 1522/2274/1670
f 1437/2976/2090 1424/2272/1802 1522/2274/1670
f 1638/2433/1918 1644/2360/1876 1654/2362/1878
f 1800/2493/1969 1703/3062/1774 1706/2496/1971
f 1706/2496/1971 1696/3063/1926 1808/2497/1972
f 1807/2498/1971 1800/2493/1969 1706/2496/1971
f 1532/2499/1703 1510/3017/2055 1424/2272/1802
f 1424/2272/1802 1421/2110/1680 1532/2499/1703
f 1421/2110/1680 1410/2139/1700 1503/2500/1694
f 1655/2381/1893 1634/2004/1586 1657/2501/1973
f 1634/2004/1586 1635/2397/1900 1657/2501/1973
f 1471/2448/1929 1556/2503/1639 1473/2502/1974
f 1556/2503/1639 1557/3048/1665 1485/2504/1975
f 1712/2401/1902 1608/2104/1674 1611/2003/1585
f 1496/1955/1976 1662/2888/2112 1594/1901/1507
f 1677/2361/1877 1674/2383/1895 1687/3064/1891
f 1674/2383/1895 1683/2385/1897 1687/3064/1891
f 1687/3064/1891 1686/2477/1954 1677/2361/1877
f 1416/2506/1977 1423/2466/1942 1688/2465/1941
f 1445/2509/1980 1733/2649/2045 1800/2351/1870
f 1659/2510/1981 1671/3057/2113 1481/2444/1982
f 1469/2512/1984 1426/2464/1940 1626/2463/1939
f 1825/2155/1716 1734/2154/1715 1826/2480/1956
f 1734/2154/1715 1745/3065/2114 1835/2514/1986
f 1484/2515/1987 1692/3066/2115 1659/2510/1981
f 1469/2512/1984 1625/2513/1985 1624/2516/1988
f 1429/2518/1990 1434/2183/1734 1531/2185/1736
f 1533/2519/1771 1518/2951/2084 1425/2096/1668
f 1429/2518/1990 1531/2185/1736 1533/2519/1771
f 1651/2237/1769 1645/3049/2094 1697/2520/1776
f 1697/2520/1776 1694/2366/1778 1698/2419/1912
f 1718/2234/1767 1717/1927/1530 1726/2522/1903
f 1717/1927/1530 1722/2216/1754 1726/2522/1903
f 1722/2216/1754 1724/2218/1741 1726/2522/1903
f 1551/2526/1993 1527/3058/1782 1432/2205/1748
f 1431/2112/1682 1539/2456/1482 1551/2526/1993
f 1573/2428/1805 1568/2269/1799 1567/1994/1578
f 1441/2528/1994 1419/2737/2053 1569/2529/1995
f 1564/2530/1751 1549/3028/1820 1456/2349/1869
f 1512/2059/1997 1746/2938/2116 1732/2532/1998
f 1391/2178/1729 1504/2180/1731 1552/2534/1932
f 1796/3033/1652 1819/2536/1651 1853/2358/1875
f 1819/2536/1651 1825/2155/1716 1829/2481/1957
f 1678/2537/2001 1672/3067/2005 1673/2538/2002
f 1673/2538/2002 1641/3038/1863 1658/2248/1779
f 1641/3038/1863 1655/2381/1893 1658/2248/1779
f 1578/2377/1890 1587/1906/1512 1588/1908/1514
f 1579/2451/1930 1571/2330/1852 1584/2539/2003
f 1571/2330/1852 1577/2329/1851 1584/2539/2003
f 1584/2539/2003 1583/3068/1580 1582/2540/2004
f 1639/2227/1760 1641/2342/1863 1673/2541/2002
f 1459/2543/2006 1414/2517/1989 1624/2516/1988
f 1435/2545/2008 1416/2506/1977 1650/2507/1978
f 1428/2438/1923 1545/3029/1946 1561/2546/1945
f 1561/2546/1945 1560/3069/1945 1372/2220/1756
f 1560/3069/1945 1552/2455/1932 1372/2220/1756
f 1459/2543/2006 1691/2544/2007 1690/2461/1937
f 1780/2549/1562 1767/3070/1561 2145/2550/2011
f 1767/3070/1561 2140/2650/1561 2145/2550/2011
f 2145/2550/2011 2141/2758/1620 1413/2141/1702
f 1413/2141/1702 1405/2548/2010 2145/2550/2011
f 1716/2105/1675 1712/2401/1902 1750/2552/2013
f 1712/2401/1902 1748/2551/2012 1750/2552/2013
f 1682/2553/2014 1692/3066/2115 1484/2515/1987
f 1438/2555/2016 1702/2612/2038 1735/1991/1575
f 1507/2133/1696 1723/2959/2086 1661/1954/1543
f 1490/1919/2017 1657/2860/2117 1635/2556/2018
f 1745/3065/2114 1734/2154/1715 1746/2557/2019
f 1734/2154/1715 1731/2323/1845 1732/2508/1979
f 1794/2559/1961 1791/3035/2105 1879/3034/2104
f 1879/3034/2104 1883/2560/2020 1794/2559/1961
f 1883/2560/2020 1776/3026/2101 1768/2558/1962
f 1776/3026/2101 1775/2667/2047 1768/2558/1962
f 1771/2376/1889 1795/2078/1650 1796/2080/1652
f 1797/2561/1874 1791/3061/2105 1766/2484/1960
f 1771/2376/1889 1796/2080/1652 1797/2561/1874
f 1386/1980/1566 1693/3071/2075 1738/3072/2074
f 1739/2562/1559 1798/3073/1559 1865/2617/1559
f 1386/1980/1566 1738/3072/2074 1739/2562/1559
f 1867/3074/1559 1812/3075/2073 1386/1980/1566
f 1739/2562/1559 1865/2617/1559 1866/2563/1559
f 1866/2563/1559 1867/3074/1559 1386/1980/1566
f 2017/3076/1584 1821/3077/2042 1820/3078/2042
f 2017/3076/1584 1820/3078/2042 2012/2564/1584
f 2015/3079/1584 2016/2566/1584 2011/2565/1584
f 2016/2566/1584 2017/3076/1584 2012/2564/1584
f 2015/3079/1584 2011/2565/1584 2010/3080/1584
f 2013/3081/1584 2014/3082/1584 2009/3083/1584
f 2014/3082/1584 2015/3079/1584 2010/3080/1584
f 1908/2627/1584 1909/2626/1584 2013/3081/1584
f 2009/3083/1584 1908/2627/1584 2013/3081/1584
f 2014/3082/1584 2010/3080/1584 2009/3083/1584
f 1773/2866/1536 1705/1938/1536 1990/3084/1602
f 1705/1938/1536 1809/2923/2039 1993/3085/1602
f 1990/3084/1602 1705/1938/1536 1991/2568/1602
f 1993/3085/1602 1992/2567/1602 1705/1938/1536
f 1941/1855/1477 1917/2784/1478 1789/2570/1477
f 1789/2570/1477 1779/2144/1705 1418/2143/1704
f 1418/2143/1704 1877/2785/2059 1789/2570/1477
f 1877/2785/2059 1942/2569/1477 1789/2570/1477
f 1381/2571/2021 1422/1861/1483 1542/2266/1795
f 1544/2572/1817 1529/3050/2098 1375/2416/1911
f 1381/2571/2021 1542/2266/1795 1544/2572/1817
f 1526/2067/1642 1478/2611/2037 1757/2573/2022
f 1385/1968/1556 1719/3086/1567 1751/3087/1557
f 1751/3087/1557 1778/3088/1557 1872/3089/1557
f 1751/3087/1557 1872/3089/1557 1385/1968/1556
f 1872/3089/1557 1873/3090/1557 1385/1968/1556
f 1377/1966/1554 1385/1968/1556 1875/2576/1557
f 1876/3091/1557 1781/3092/2040 1377/1966/1554
f 1875/2576/1557 1876/3091/1557 1377/1966/1554
f 1385/1968/1556 1873/3090/1557 1874/2575/1557
f 1396/2024/1603 1720/2642/2042 1753/2577/1571
f 1753/2577/1571 1816/3093/1571 2030/3094/1571
f 2030/3094/1571 2029/2578/1571 1753/2577/1571
f 2029/2578/1571 2028/3095/1571 1396/2024/1603
f 2028/3095/1571 1806/2924/2078 1396/2024/1603
f 1676/2579/1758 1672/3067/2005 1678/2537/2001
f 1403/2033/1612 1714/3096/1601 2093/2581/2024
f 1714/3096/1601 1708/3097/1600 2093/2581/2024
f 1708/3097/1600 2088/2590/1600 2093/2581/2024
f 2093/2581/2024 2089/3098/1598 1402/2028/1607
f 1953/3022/1489 1830/2388/1497 2127/3099/1488
f 1830/2388/1497 1918/3040/1497 2124/3100/1488
f 2127/3099/1488 1830/2388/1497 2126/2583/1488
f 2124/3100/1488 2125/2582/1488 1830/2388/1497
f 1679/2584/2025 1680/3101/2118 1497/2585/2026
f 1395/2019/1599 1713/2588/1570 1708/2020/1600
f 1713/2588/1570 1759/3102/1569 1761/3103/1569
f 1760/2587/1569 1713/2588/1570 1761/3103/1569
f 1759/3102/1569 1693/3071/2075 1762/3104/1569
f 1693/3071/2075 1386/1980/1566 1707/1982/1568
f 1762/3104/1569 1693/3071/2075 1707/1982/1568
f 1762/3104/1569 1761/3103/1569 1759/3102/1569
f 2088/2590/1600 1708/3097/1600 1760/3105/1569
f 2088/2590/1600 1760/3105/1569 1761/2591/1569
f 1707/3106/1568 2090/3107/1568 1762/3108/1569
f 2090/3107/1568 2094/2589/1569 1761/2591/1569
f 1762/3108/1569 2090/3107/1568 1761/2591/1569
f 1397/1965/1553 2051/2988/2070 2085/3109/1485
f 2085/3109/1485 2084/3110/1485 1397/1965/1553
f 2084/3110/1485 2083/3111/1485 1927/2592/1485
f 1397/1965/1553 2084/3110/1485 1927/2592/1485
f 2083/3111/1485 2001/3112/1485 1927/2592/1485
f 1480/1992/1576 1736/2911/2077 1737/1988/1572
f 1890/3113/1493 1836/2676/1992 1363/2594/2029
f 1363/2594/2029 1377/1966/1554 2045/3114/1493
f 1377/1966/1554 1781/3092/2040 2046/3115/1493
f 1377/1966/1554 2046/3115/1493 2045/3114/1493
f 1921/3116/1493 1890/3113/1493 2042/3117/1493
f 1890/3113/1493 1363/2594/2029 2042/3117/1493
f 1363/2594/2029 2045/3114/1493 2044/2595/1493
f 2043/2596/1493 2042/3117/1493 1363/2594/2029
f 2090/3107/1568 1707/3106/1568 2095/2598/2031
f 1707/3106/1568 1719/3086/1567 2095/2598/2031
f 1719/3086/1567 1385/1968/1556 2095/2598/2031
f 1385/1968/1556 1393/1979/1565 2095/2598/2031
f 1944/2599/1487 2068/2803/1486 2081/1868/1487
f 2082/2805/1487 2047/2804/2060 1944/2599/1487
f 2047/2804/2060 1449/2435/1920 1944/2599/1487
f 1944/2599/1487 2081/1868/1487 2082/2805/1487
f 1959/3118/1500 1889/2891/2065 1397/1965/1553
f 1397/1965/1553 1772/2593/2028 1786/2600/1500
f 1786/2600/1500 1856/3119/1500 1943/3120/1500
f 1943/3120/1500 1958/2601/1500 1786/2600/1500
f 1958/2601/1500 1959/3118/1500 1397/1965/1553
f 1574/2279/1807 1578/2377/1890 1566/2409/1907
f 1462/2095/1667 1923/2972/1921 2197/2602/2032
f 1923/2972/1921 1916/3121/1637 2197/2602/2032
f 1916/3121/1637 2192/2708/1637 2197/2602/2032
f 2197/2602/2032 2193/3122/1752 1457/2252/1783
f 1670/3123/2119 1669/1896/1502 1681/2603/2033
f 1669/1896/1502 1660/1904/1510 1681/2603/2033
f 1571/2330/1852 1579/2451/1930 1587/1906/1512
f 1756/2192/1740 1790/2327/1849 1815/2604/2034
f 1483/1989/1573 1741/2910/2076 1679/2584/2025
f 1799/3124/1559 1798/3073/1559 1847/3125/1559
f 1847/3125/1559 1846/3126/1559 1842/3127/1559
f 1846/3126/1559 1845/2607/1559 1841/2606/1559
f 1845/2607/1559 1844/3128/1559 1840/2605/1559
f 1844/3128/1559 1843/3129/1559 1839/3130/1559
f 1843/3129/1559 1793/2986/2035 1792/2985/2035
f 1843/3129/1559 1792/2985/2035 1839/3130/1559
f 1846/3126/1559 1841/2606/1559 1842/3127/1559
f 1844/3128/1559 1839/3130/1559 1840/2605/1559
f 1842/3127/1559 1799/3124/1559 1847/3125/1559
f 1740/2609/1559 1799/3131/1559 1842/2610/1559
f 1842/2610/1559 1841/3132/1559 1709/2608/2035
f 1841/3132/1559 1840/3133/1559 1709/2608/2035
f 1840/3133/1559 1839/3134/1559 1709/2608/2035
f 1839/3134/1559 1792/3135/2035 1709/2608/2035
f 1523/2467/2036 1763/2468/2120 1757/2573/2022
f 1460/1922/1525 1700/1921/1524 1702/2612/2038
f 1743/2613/2039 1809/3136/2039 1857/3137/1602
f 1743/2613/2039 1857/3137/1602 1858/2614/1602
f 1860/2615/1602 1828/3138/2039 1743/2613/2039
f 1805/3139/2078 1861/3140/1602 1859/3141/2039
f 1861/3140/1602 1860/2615/1602 1858/2614/1602
f 1859/3141/2039 1861/3140/1602 1858/2614/1602
f 1859/3141/2039 1806/3142/2078 1805/3139/2078
f 1744/2616/1602 1828/3138/2039 1860/2615/1602
f 1861/3140/1602 1805/3139/2078 1744/2616/1602
f 1805/3139/2078 1395/2019/1599 1744/2616/1602
f 1744/2616/1602 1860/2615/1602 1861/3140/1602
f 1813/3143/2073 1812/3075/2073 1864/3144/1559
f 1812/3075/2073 1867/3074/1559 1864/3144/1559
f 1867/3074/1559 1866/2563/1559 1864/3144/1559
f 1866/2563/1559 1865/2617/1559 1863/2619/1559
f 1864/3144/1559 1866/2563/1559 1863/2619/1559
f 1865/2617/1559 1798/3073/1559 1862/2618/1559
f 1798/3073/1559 1799/3124/1559 1862/2618/1559
f 1378/1917/1519 1813/2893/2073 1864/3145/1559
f 1864/3145/1559 1863/3146/1559 1378/1917/1519
f 1863/3146/1559 1862/3147/1559 1740/2609/1559
f 1378/1917/1519 1863/3146/1559 1740/2609/1559
f 1862/3147/1559 1799/3131/1559 1740/2609/1559
f 1782/3148/2040 1781/3149/2040 1871/3150/1557
f 1781/3149/2040 1876/3151/1557 1871/3150/1557
f 1876/3151/1557 1875/3152/1557 1871/3150/1557
f 1875/3152/1557 1874/2620/1557 1870/2622/1557
f 1871/3150/1557 1875/3152/1557 1870/2622/1557
f 1874/2620/1557 1873/3153/1557 1869/2621/1557
f 1873/3153/1557 1872/3154/1557 1868/3155/1557
f 1872/3154/1557 1778/3156/1557 1752/2635/1557
f 1752/2635/1557 1788/3157/1557 1872/3154/1557
f 1788/3157/1557 1868/3155/1557 1872/3154/1557
f 1868/3155/1557 1869/2621/1557 1873/3153/1557
f 1704/2625/2040 1782/3158/2040 1871/3159/1557
f 1871/3159/1557 1870/3160/1557 1704/2625/2040
f 1870/3160/1557 1869/3161/1557 1704/2625/2040
f 1869/3161/1557 1868/2623/1557 1704/2625/2040
f 2112/3162/1584 1878/2787/2059 1877/2785/2059
f 1877/2785/2059 2115/3163/1584 2112/3162/1584
f 2115/3163/1584 2116/2698/1584 2112/3162/1584
f 2112/3162/1584 2116/2698/1584 2113/3164/1584
f 2116/2698/1584 2117/3165/1584 2113/3164/1584
f 2117/3165/1584 1909/2626/1584 2114/2628/1584
f 2113/3164/1584 2117/3165/1584 2114/2628/1584
f 1808/2497/1972 1696/3063/1926 1699/2630/1925
f 1699/2630/1925 1666/1897/1503 1814/2629/2041
f 1666/1897/1503 1669/1896/1502 1670/3123/2119
f 1814/2629/2041 1666/1897/1503 1670/3123/2119
f 1389/2159/1719 1886/2941/2082 1925/3166/2107
f 1926/2631/1485 2000/2792/1485 2086/2101/1485
f 1389/2159/1719 1925/3166/2107 1926/2631/1485
f 2096/2953/1485 2050/2876/2070 1389/2159/1719
f 1926/2631/1485 2086/2101/1485 2087/2632/1485
f 2087/2632/1485 2096/2953/1485 1389/2159/1719
f 1975/3167/1625 1946/2935/1625 1882/2049/1625
f 1882/2049/1625 1709/2608/2035 1975/3167/1625
f 1709/2608/2035 1792/3135/2035 1972/3168/1625
f 1975/3167/1625 1709/2608/2035 1974/2634/1625
f 1972/3168/1625 1973/2633/1625 1709/2608/2035
f 1670/1958/1547 1681/2949/2083 1515/2084/1656
f 1497/2585/2026 1680/3101/2118 1682/2553/2014
f 1812/3075/2073 1813/3143/2073 1893/3169/1557
f 1812/3075/2073 1893/3169/1557 1896/3170/1557
f 1893/3169/1557 1894/2637/1557 1896/3170/1557
f 1897/2636/1557 1896/3170/1557 1894/2637/1557
f 1752/2635/1557 1778/3156/1557 1897/2636/1557
f 1895/3171/1557 1788/3157/1557 1752/2635/1557
f 1894/2637/1557 1895/3171/1557 1752/2635/1557
f 1386/1980/1566 1812/3075/2073 1751/2638/1557
f 1812/3075/2073 1896/3170/1557 1751/2638/1557
f 1897/2636/1557 1778/3156/1557 1751/2638/1557
f 1896/3170/1557 1897/2636/1557 1751/2638/1557
f 1820/3078/2042 1821/3077/2042 1906/3172/1571
f 1906/3172/1571 1905/2641/1571 1901/2640/1571
f 1905/2641/1571 1904/3173/1571 1900/2639/1571
f 1900/2639/1571 1904/3173/1571 1899/3174/1571
f 1904/3173/1571 1903/3175/1571 1899/3174/1571
f 1903/3175/1571 1902/3176/1571 1898/3177/1571
f 1902/3176/1571 1817/2729/1571 1816/2728/1571
f 1902/3176/1571 1816/2728/1571 1898/3177/1571
f 1903/3175/1571 1898/3177/1571 1899/3174/1571
f 1901/2640/1571 1820/3078/2042 1906/3172/1571
f 1720/2642/2042 1820/3178/2042 1901/3179/1571
f 1901/3179/1571 1900/3180/1571 1720/2642/2042
f 1900/3180/1571 1899/3181/1571 1720/2642/2042
f 1899/3181/1571 1898/2643/1571 1720/2642/2042
f 1898/2643/1571 1816/3093/1571 1753/2577/1571
f 1784/3182/1500 1742/1875/1491 1406/1974/1560
f 1406/1974/1560 1885/2839/2065 1962/2838/1500
f 1406/1974/1560 1962/2838/1500 1961/2644/1500
f 1785/2645/1500 1784/3182/1500 1406/1974/1560
f 1960/1894/1500 1855/2843/1500 1785/2645/1500
f 1406/1974/1560 1961/2644/1500 1785/2645/1500
f 1711/2375/1888 1721/1928/1531 1615/2434/1919
f 1710/2231/1764 1795/2078/1650 1771/2376/1889
f 1470/2533/1999 1732/2532/1998 1733/2649/2045
f 1808/2368/1882 1814/2889/2072 1499/1957/1546
f 1823/3183/1492 1770/2661/1706 2138/2660/1706
f 2144/3184/1492 2140/2650/1561 1824/2652/1492
f 2140/2650/1561 1767/3070/1561 1827/2651/1492
f 1823/3183/1492 2138/2660/1706 1824/2652/1492
f 2138/2660/1706 2144/3184/1492 1824/2652/1492
f 1880/3185/1625 1818/2670/1713 1364/2523/1991
f 1364/2523/1991 1956/2835/2063 2026/3186/1625
f 1364/2523/1991 2026/3186/1625 2025/2653/1625
f 1881/2655/1625 1880/3185/1625 1364/2523/1991
f 2024/2654/1625 1945/2978/1625 1881/2655/1625
f 1364/2523/1991 2025/2653/1625 1881/2655/1625
f 2046/3187/1493 1781/3149/2040 2040/3188/1493
f 1781/3149/2040 1782/3148/2040 2040/3188/1493
f 2044/2658/1493 2045/3189/1493 2038/2656/1493
f 2045/3189/1493 2046/3187/1493 2040/3188/1493
f 2042/3190/1493 2043/3191/1493 2027/3192/1493
f 2043/3191/1493 2044/2658/1493 2035/2657/1493
f 2027/3192/1493 2043/3191/1493 2035/2657/1493
f 1891/2168/1493 1921/2836/1493 2042/3190/1493
f 2027/3192/1493 1929/2965/1493 2042/3190/1493
f 1929/2965/1493 1891/2168/1493 2042/3190/1493
f 2045/3189/1493 2040/3188/1493 2038/2656/1493
f 1770/2661/1706 1779/3193/1705 2143/2659/2046
f 1779/3193/1705 1429/2518/1990 2143/2659/2046
f 1429/2518/1990 1425/2096/1668 2143/2659/2046
f 1425/2096/1668 2139/3194/2056 2143/2659/2046
f 1801/3195/1552 1780/2549/1562 1405/2548/2010
f 1405/2548/2010 1391/2178/1729 1987/3196/1552
f 1391/2178/1729 1838/3197/2052 1988/3198/1552
f 1391/2178/1729 1988/3198/1552 1987/3196/1552
f 1837/3199/1552 1801/3195/1552 1984/3200/1552
f 1801/3195/1552 1405/2548/2010 1984/3200/1552
f 1405/2548/2010 1987/3196/1552 1986/2662/1552
f 1985/2663/1552 1984/3200/1552 1405/2548/2010
f 1965/3201/2051 1966/3202/2051 2154/3203/1647
f 2154/3203/1647 2153/2666/1647 2149/2665/1647
f 2153/2666/1647 2152/3204/1647 2148/2664/1647
f 2148/2664/1647 2152/3204/1647 2147/3205/1647
f 2152/3204/1647 2151/3206/1647 2147/3205/1647
f 2151/3206/1647 2150/3207/1647 2146/3208/1647
f 2150/3207/1647 2067/2682/1647 2066/2681/1647
f 2150/3207/1647 2066/2681/1647 2146/3208/1647
f 2151/3206/1647 2146/3208/1647 2147/3205/1647
f 2149/2665/1647 1965/3201/2051 2154/3203/1647
f 1775/2667/2047 1764/2987/1827 1769/2668/1826
f 1540/2036/1615 1783/2038/1617 1776/2047/1623
f 1911/2671/1538 1833/2885/2067 1913/3209/1538
f 1833/2885/2067 1370/1951/1542 1832/2201/1649
f 1912/3210/1538 1833/2885/2067 1832/2201/1649
f 1912/3210/1538 1913/3209/1538 1833/2885/2067
f 1913/3209/1538 1914/2672/1538 1911/2671/1538
f 1914/2672/1538 1831/2524/1537 1818/2670/1713
f 1831/2524/1537 1364/2523/1991 1818/2670/1713
f 1937/3211/1500 1855/2843/1500 1856/2842/1500
f 1937/3211/1500 1856/2842/1500 1932/3212/1500
f 1935/2674/1500 1936/3213/1500 1931/2675/1500
f 1936/3213/1500 1937/3211/1500 1932/3212/1500
f 1931/2675/1500 1936/3213/1500 1932/3212/1500
f 1933/3214/1500 1934/3215/1500 1922/3216/1500
f 1934/3215/1500 1935/2674/1500 1930/2673/1500
f 1850/2800/2028 1851/2799/2028 1933/3214/1500
f 1922/3216/1500 1850/2800/2028 1933/3214/1500
f 1934/3215/1500 1930/2673/1500 1922/3216/1500
f 1836/2676/1992 1831/2883/1537 2173/2677/2049
f 1831/2883/1537 2168/1945/1537 2173/2677/2049
f 2173/2677/2049 2169/2767/1745 1368/2135/1698
f 1368/2135/1698 1363/2594/2029 2173/2677/2049
f 2040/2679/1493 1782/3158/2040 1704/2625/2040
f 1704/2625/2040 1929/2857/1493 2027/3217/1493
f 2027/3217/1493 2035/3218/1493 1704/2625/2040
f 2035/3218/1493 2038/2678/1493 1704/2625/2040
f 2047/2804/2060 2048/2807/2060 2183/3219/1647
f 2047/2804/2060 2183/3219/1647 2186/3220/1647
f 2183/3219/1647 2184/3221/1647 2187/2749/1647
f 2186/3220/1647 2183/3219/1647 2187/2749/1647
f 2067/2682/1647 2188/2750/1647 2185/2680/1647
f 2188/2750/1647 2187/2749/1647 2184/3221/1647
f 2185/2680/1647 2188/2750/1647 2184/3221/1647
f 1932/3222/1500 1856/3119/1500 1786/2600/1500
f 1786/2600/1500 1772/2593/2028 1932/3222/1500
f 1772/2593/2028 1850/3223/2028 1922/3224/1500
f 1932/3222/1500 1772/2593/2028 1931/2684/1500
f 1922/3224/1500 1930/2683/1500 1772/2593/2028
f 2165/2686/1879 2161/1862/1484 1422/1861/1483
f 1422/1861/1483 1381/2571/2021 2165/2686/1879
f 1500/2687/2050 1473/1857/1479 1829/1859/1481
f 1988/3225/1552 1838/2815/2052 1983/3226/1552
f 1838/2815/2052 1848/2814/2052 1983/3226/1552
f 1986/2690/1552 1987/3227/1552 1982/2688/1552
f 1987/3227/1552 1988/3225/1552 1983/3226/1552
f 1984/3228/1552 1985/3229/1552 1980/3230/1552
f 1985/3229/1552 1986/2690/1552 1981/2689/1552
f 1980/3230/1552 1985/3229/1552 1981/2689/1552
f 1802/2719/1552 1837/3231/1552 1984/3228/1552
f 1980/3230/1552 1849/3232/1552 1984/3228/1552
f 1849/3232/1552 1802/2719/1552 1984/3228/1552
f 1987/3227/1552 1983/3226/1552 1982/2688/1552
f 2128/2692/1488 1919/2967/1497 2163/2693/1497
f 2163/2693/1497 2162/2685/1697 2129/2691/1488
f 2162/2685/1697 1381/2571/2021 2130/3233/1488
f 1381/2571/2021 1834/2947/1746 1888/3234/1488
f 1888/3234/1488 1970/3235/1489 2132/3236/1489
f 1888/3234/1488 2132/3236/1489 1381/2571/2021
f 2132/3236/1489 2131/3237/1488 1381/2571/2021
f 2162/2685/1697 2130/3233/1488 2129/2691/1488
f 2130/3233/1488 1381/2571/2021 2131/3237/1488
f 2065/3238/1518 1966/3202/2051 1965/3201/2051
f 2065/3238/1518 1965/3201/2051 2060/2694/1518
f 2063/3239/1518 2064/2696/1518 2059/2695/1518
f 2064/2696/1518 2065/3238/1518 2060/2694/1518
f 2063/3239/1518 2059/2695/1518 2058/3240/1518
f 2061/3241/1518 2062/3242/1518 2057/3243/1518
f 2062/3242/1518 2063/3239/1518 2058/3240/1518
f 1963/2711/1518 1964/2710/1518 2061/3241/1518
f 2057/3243/1518 1963/2711/1518 2061/3241/1518
f 2062/3242/1518 2058/3240/1518 2057/3243/1518
f 2115/3163/1584 1877/2785/2059 1418/2143/1704
f 1418/2143/1704 1777/2824/2062 1810/3244/1584
f 1804/2697/1584 1909/2626/1584 2117/3165/1584
f 1418/2143/1704 1810/3244/1584 1804/2697/1584
f 2116/2698/1584 2115/3163/1584 1418/2143/1704
f 1804/2697/1584 2117/3165/1584 2116/2698/1584
f 2106/2700/1477 1774/3245/1536 2037/2701/1536
f 2037/2701/1536 2119/2745/2044 2107/2699/1477
f 2119/2745/2044 1429/2518/1990 2108/3246/1477
f 1429/2518/1990 1779/3193/1705 1789/3247/1477
f 1789/3247/1477 1917/3248/1478 2110/3249/1478
f 1789/3247/1477 2110/3249/1478 1429/2518/1990
f 2110/3249/1478 2109/3250/1477 1429/2518/1990
f 2119/2745/2044 2108/3246/1477 2107/2699/1477
f 2108/3246/1477 1429/2518/1990 2109/3250/1477
f 1774/2870/1536 1773/2869/1536 1990/3251/1602
f 1774/2870/1536 1990/3251/1602 1994/3252/1602
f 1990/3251/1602 1991/3253/1602 1995/3254/1602
f 1994/3252/1602 1990/3251/1602 1995/3254/1602
f 1997/2704/1602 1996/3255/1602 1992/2702/1602
f 1996/3255/1602 1995/3254/1602 1991/3253/1602
f 1992/2702/1602 1996/3255/1602 1991/3253/1602
f 1828/3138/2039 1998/3256/2039 1743/2613/2039
f 1998/3256/2039 1997/2704/1602 1993/2703/1602
f 1743/2613/2039 1998/3256/2039 1809/3136/2039
f 1993/2703/1602 1809/3136/2039 1998/3256/2039
f 2037/2701/1536 1774/3245/1536 1994/3257/1602
f 2037/2701/1536 1994/3257/1602 1995/3258/1602
f 1403/2033/1612 2036/3259/2054 1996/2705/1602
f 2036/3259/2054 2037/2701/1536 1995/3258/1602
f 1996/2705/1602 2036/3259/2054 1995/3258/1602
f 1744/3260/1602 1714/3096/1601 1403/2033/1612
f 1998/3261/2039 1828/3262/2039 1744/3260/1602
f 1997/2706/1602 1998/3261/2039 1403/2033/1612
f 1998/3261/2039 1744/3260/1602 1403/2033/1612
f 2192/2708/1637 1916/3121/1637 1967/3263/1636
f 2192/2708/1637 1967/3263/1636 1968/2709/1636
f 1915/2846/1742 2194/2845/1742 1969/3264/1636
f 2194/2845/1742 2198/2707/1636 1968/2709/1636
f 1969/3264/1636 2194/2845/1742 1968/2709/1636
f 2155/3265/1518 1952/2813/2061 1951/2811/2061
f 1951/2811/2061 2158/2884/1518 2155/3265/1518
f 2158/2884/1518 2159/1953/1518 2155/3265/1518
f 2155/3265/1518 2159/1953/1518 2156/3266/1518
f 2159/1953/1518 2160/2887/1518 2156/3266/1518
f 2160/2887/1518 1964/2710/1518 2157/2712/1518
f 2156/3266/1518 2160/2887/1518 2157/2712/1518
f 1852/2713/2051 1965/3267/2051 2149/3268/1647
f 2149/3268/1647 2148/3269/1647 1852/2713/2051
f 2148/3269/1647 2147/3270/1647 1852/2713/2051
f 2147/3270/1647 2146/2714/1647 1852/2713/2051
f 2146/2714/1647 2066/2943/1647 1949/2073/1647
f 1983/2716/1552 1848/3271/2052 1758/2717/2052
f 1758/2717/2052 1849/2890/1552 1980/3272/1552
f 1980/3272/1552 1981/3273/1552 1758/2717/2052
f 1981/3273/1552 1982/2715/1552 1758/2717/2052
f 2003/3274/1552 1889/2841/2065 1885/2839/2065
f 1885/2839/2065 2007/2725/1552 2003/3274/1552
f 2007/2725/1552 2008/2718/1552 2004/2720/1552
f 2008/2718/1552 1837/3231/1552 1802/2719/1552
f 1802/2719/1552 1849/3232/1552 2006/3275/1552
f 2004/2720/1552 2003/3274/1552 2007/2725/1552
f 1802/2719/1552 2006/3275/1552 2004/2720/1552
f 1758/2717/2052 1848/3271/2052 2100/3276/1490
f 2100/3276/1490 2099/3277/1490 1758/2717/2052
f 2099/3277/1490 2098/3278/1490 1758/2717/2052
f 2098/3278/1490 2097/2721/1490 1758/2717/2052
f 2012/2724/1584 1820/3178/2042 1720/2642/2042
f 1720/2642/2042 1803/2002/1584 2009/3279/1584
f 1803/2002/1584 1908/2001/1584 2009/3279/1584
f 1720/2642/2042 2009/3279/1584 2010/3280/1584
f 2010/3280/1584 2011/2723/1584 1720/2642/2042
f 2007/2725/1552 1885/2839/2065 1801/2726/1552
f 1885/2839/2065 1406/1974/1560 1801/2726/1552
f 1406/1974/1560 1780/1976/1562 1801/2726/1552
f 1801/2726/1552 1837/3231/1552 2008/2718/1552
f 1805/3139/2078 1806/3142/2078 2028/3281/1571
f 1805/3139/2078 2028/3281/1571 2031/3282/1571
f 2028/3281/1571 2029/3283/1571 2032/2730/1571
f 2031/3282/1571 2028/3281/1571 2032/2730/1571
f 1817/2729/1571 2033/2731/1571 2030/2727/1571
f 2033/2731/1571 2032/2730/1571 2029/3283/1571
f 2030/2727/1571 2033/2731/1571 2029/3283/1571
f 1395/2019/1599 1805/3139/2078 2031/3282/1571
f 1395/2019/1599 2031/3282/1571 2032/2730/1571
f 1755/3284/1571 1713/2588/1570 1395/2019/1599
f 2033/2731/1571 1817/2729/1571 1754/2732/1571
f 1754/2732/1571 1755/3284/1571 1395/2019/1599
f 1395/2019/1599 2032/2730/1571 1754/2732/1571
f 2060/2734/1518 1965/3267/2051 1852/2713/2051
f 1852/2713/2051 1892/1935/1518 2057/3285/1518
f 1892/1935/1518 1963/1934/1518 2057/3285/1518
f 1852/2713/2051 2057/3285/1518 2058/3286/1518
f 2058/3286/1518 2059/2733/1518 1852/2713/2051
f 1487/3287/1627 2039/3288/1627 1513/2735/1707
f 2039/3288/1627 2034/2736/1614 1513/2735/1707
f 2034/2736/1614 1408/2032/1611 1495/2051/1626
f 1477/2100/1673 1570/2099/1672 1569/2529/1995
f 2026/3186/1625 1956/2835/2063 2023/3289/1625
f 1956/2835/2063 1957/2964/2063 2023/3289/1625
f 2024/2654/1625 2025/2653/1625 2022/2738/1625
f 2025/2653/1625 2026/3186/1625 2023/3289/1625
f 1946/2979/1625 1945/2978/1625 2021/2739/1625
f 1945/2978/1625 2024/2654/1625 2021/2739/1625
f 2025/2653/1625 2023/3289/1625 2022/2738/1625
f 1408/2032/1611 2034/2736/1614 2041/2741/1613
f 2041/2741/1613 2036/3259/2054 1403/2033/1612
f 1468/2094/1666 2189/2066/1641 2191/2742/1685
f 2191/2742/1685 2190/2970/1498 1462/2095/1667
f 1927/2592/1485 2001/3112/1485 2072/2743/1485
f 2072/2743/1485 2071/3290/1485 1772/2593/2028
f 2071/3290/1485 2070/3291/1485 1772/2593/2028
f 2070/3291/1485 2069/3292/1485 1772/2593/2028
f 2069/3292/1485 1850/3223/2028 1772/2593/2028
f 2118/2744/1527 2039/3288/1627 1541/3293/1794
f 2039/3288/1627 1487/3287/1627 1541/3293/1794
f 1541/3293/1794 1524/2184/1735 2118/2744/1527
f 2120/2746/1528 2118/2744/1527 1434/2183/1734
f 1434/2183/1734 1429/2518/1990 2120/2746/1528
f 1383/2535/2000 1924/2847/1718 1947/3294/1490
f 1947/3294/1490 1971/3295/1490 2101/3296/1490
f 1947/3294/1490 2101/3296/1490 1383/2535/2000
f 2101/3296/1490 2111/3297/1490 1383/2535/2000
f 1391/2178/1729 1383/2535/2000 2122/2748/1490
f 2123/3298/1490 1838/3197/2052 1391/2178/1729
f 2122/2748/1490 2123/3298/1490 1391/2178/1729
f 1383/2535/2000 2111/3297/1490 2121/2747/1490
f 1449/2435/1920 2047/2804/2060 2186/3220/1647
f 1449/2435/1920 2186/3220/1647 2187/2749/1647
f 1954/3299/1647 1920/2063/1638 1449/2435/1920
f 2188/2750/1647 2067/2682/1647 1950/2751/1647
f 1950/2751/1647 1954/3299/1647 1449/2435/1920
f 1449/2435/1920 2187/2749/1647 1950/2751/1647
f 1402/2028/1607 2089/3098/1598 2092/2753/1597
f 2092/2753/1597 2091/2597/2030 1479/2015/1595
f 2091/2597/2030 1393/1979/1565 1479/2015/1595
f 2092/2753/1597 1479/2015/1595 1520/3300/1597
f 1520/3300/1597 1494/2752/1721 2092/2753/1597
f 2089/2018/1598 2093/3301/2024 2088/2754/1600
f 2094/2755/1569 2090/2756/1568 1394/2016/1596
f 2090/2756/1568 2095/3302/2031 2091/2757/2030
f 2142/2759/1619 2139/3194/2056 1425/2096/1668
f 1425/2096/1668 1522/2098/1670 2142/2759/1619
f 1522/2098/1670 1550/3303/1619 2142/2759/1619
f 1550/3303/1619 1510/2760/2055 2142/2759/1619
f 1510/2760/2055 1413/2141/1702 2141/2758/1620
f 2139/2761/2056 1415/2039/1618 2138/2762/1706
f 1415/2039/1618 2140/2765/1561 2144/2764/1492
f 2140/2765/1561 1415/2039/1618 2141/2041/1620
f 2170/2768/1744 2167/2948/2058 1375/2416/1911
f 1375/2416/1911 1537/2418/1825 2170/2768/1744
f 1537/2418/1825 1554/3304/1744 2170/2768/1744
f 1554/3304/1744 1519/2769/2057 2170/2768/1744
f 1519/2769/2057 1368/2135/1698 2169/2767/1745
f 2167/2770/2058 1369/2195/1743 2166/2771/1649
f 1369/2195/1743 2168/2774/1537 2172/2773/1538
f 2168/2774/1537 1369/2195/1743 2169/2197/1745
f 1457/2252/1783 2193/3122/1752 2196/2777/1751
f 2196/2777/1751 2195/1899/1505 1549/2294/1820
f 2195/1899/1505 1433/1898/1504 1549/2294/1820
f 2196/2777/1751 1549/2294/1820 1564/3305/1751
f 1564/3305/1751 1555/2776/1996 2196/2777/1751
f 2193/2211/1752 2197/3306/2032 2192/2778/1637
f 2198/2779/1636 2194/2780/1742 1444/2209/1750
f 2194/2780/1742 2199/3307/1506 2195/2781/1505
o Sphere.002
v 0.052957 0.690612 -0.079256
v 0.110769 0.686550 -0.079256
v 0.191342 0.668796 -0.038060
v 0.079256 0.688961 -0.079256
v 0.191342 0.665151 0.079256
v 0.015765 0.692041 -0.079256
v 0.191342 0.582029 0.336570
v 0.191342 0.665150 -0.079256
v 0.118615 0.684701 -0.079256
v 0.191342 0.605811 0.286363
v 0.191342 0.668796 0.038060
v 0.032829 0.691551 -0.079256
v 0.191342 0.658168 0.127851
v 0.191342 0.645262 0.191342
v 0.026642 0.686550 0.133939
v 0.052260 0.646716 0.262731
v 0.075871 0.582029 0.381426
v 0.052261 0.686550 0.126168
v 0.102513 0.646716 0.247487
v 0.148825 0.582029 0.359296
v 0.075870 0.686550 0.113548
v 0.148825 0.646716 0.222733
v 0.096565 0.686550 0.096565
v 0.189419 0.646716 0.189419
v 0.113548 0.686550 0.075871
v 0.191342 0.669933 0.000000
v 0.126168 0.686550 0.052261
v 0.133939 0.686550 0.026642
v 0.136563 0.686550 0.000000
v 0.133939 0.686550 -0.026642
v 0.126168 0.686550 -0.052260
v 0.113548 0.686550 -0.075870
v 0.000000 0.686550 0.136563
v 0.000000 0.646716 0.267878
v 0.000000 0.582029 0.388899
v -0.052957 0.690612 -0.079256
v -0.110769 0.686550 -0.079256
v -0.191342 0.668796 -0.038060
v -0.079256 0.688961 -0.079256
v -0.191342 0.665151 0.079256
v -0.015765 0.692041 -0.079256
v -0.191342 0.582029 0.336570
v -0.191342 0.665150 -0.079256
v -0.118615 0.684701 -0.079256
v -0.191342 0.605811 0.286363
v 0.000000 0.700000 0.000000
v -0.191342 0.668796 0.038060
v -0.032829 0.691551 -0.079256
v -0.191342 0.658168 0.127851
v -0.191342 0.645262 0.191342
v -0.026642 0.686550 0.133939
v -0.052260 0.646716 0.262731
v -0.075871 0.582029 0.381426
v 0.000000 0.529591 0.452794
v -0.052261 0.686550 0.126168
v -0.102513 0.646716 0.247487
v 0.191342 0.646716 0.187075
v -0.148825 0.582029 0.359296
v 0.166121 0.518079 0.435086
v -0.075870 0.686550 0.113548
v -0.148825 0.646716 0.222733
v -0.096565 0.686550 0.096565
v 0.000000 0.692194 -0.079256
v -0.189419 0.646716 0.189419
v -0.113548 0.686550 0.075871
v -0.191342 0.669933 0.000000
v -0.126168 0.686550 0.052261
v -0.133939 0.686550 0.026642
v -0.136563 0.686550 0.000000
v -0.133939 0.686550 -0.026642
v -0.126168 0.686550 -0.052260
v -0.113548 0.686550 -0.075870
v 0.173688 0.528710 0.419319
v 0.089815 0.523367 0.451532
v 0.191342 0.553514 0.375778
v 0.086398 0.680802 0.129304
v 0.112246 0.666688 0.167988
v 0.109372 0.582029 0.371264
v 0.085813 0.659953 0.207170
v 0.045239 0.688357 0.109217
v 0.085471 0.646716 0.252657
v 0.113023 0.679489 0.113023
v 0.059536 0.582029 0.383035
v 0.019197 0.690309 0.096508
v 0.000000 0.691418 0.087139
v 0.111187 0.646716 0.242851
v 0.110838 0.635088 0.267586
v 0.077250 0.576226 0.388361
v 0.073617 0.588203 0.370097
v 0.065487 0.686550 0.119099
v 0.084664 0.591699 0.359945
v 0.021380 0.556338 0.418098
v -0.191342 0.646716 0.187075
v -0.166121 0.518079 0.435086
v -0.173688 0.528710 0.419319
v -0.089815 0.523367 0.451532
v -0.191342 0.553514 0.375778
v -0.086398 0.680802 0.129304
v -0.112246 0.666688 0.167988
v -0.109372 0.582029 0.371264
v -0.085813 0.659953 0.207170
v -0.045239 0.688357 0.109217
v -0.085471 0.646716 0.252657
v -0.113023 0.679489 0.113023
v -0.059536 0.582029 0.383035
v -0.019197 0.690309 0.096508
v -0.111187 0.646716 0.242851
v -0.110838 0.635088 0.267586
v -0.077250 0.576226 0.388361
v -0.073617 0.588203 0.370097
v -0.065487 0.686550 0.119099
v -0.084664 0.591699 0.359945
v -0.021380 0.556338 0.418098
v 0.000000 0.657024 0.130448
v -0.000000 0.661561 0.084199
v 0.018623 0.660452 0.093624
v 0.025449 0.657024 0.127942
v 0.049973 0.618919 0.251233
v 0.049920 0.657024 0.120519
v 0.082479 0.631234 0.199121
v 0.082108 0.618884 0.241573
v -0.000000 0.618919 0.256155
v 0.044114 0.658500 0.106500
v -0.000000 0.557012 0.371997
v 0.070855 0.561717 0.356211
v 0.057890 0.557000 0.366313
v 0.142312 0.618919 0.212985
v 0.107406 0.637968 0.160744
v 0.106863 0.650769 0.106863
v 0.181129 0.618919 0.181129
v 0.072573 0.557012 0.364850
v 0.080543 0.565269 0.346361
v 0.098026 0.618919 0.236657
v 0.105420 0.608602 0.254506
v 0.104494 0.557000 0.355185
v 0.142357 0.557012 0.343681
v 0.105727 0.618884 0.232635
v 0.183476 0.579325 0.274592
v 0.183421 0.557000 0.321751
v 0.062702 0.656988 0.113888
v 0.081558 0.652082 0.122060
v 0.108464 0.657024 0.072473
v 0.184098 0.629448 0.123010
v 0.182388 0.618884 0.179727
v 0.182797 0.640076 0.036361
v 0.183293 0.636431 0.075922
v 0.120518 0.657024 0.049920
v 0.127942 0.657024 0.025449
v 0.092241 0.657024 0.092241
v 0.000000 0.669853 0.000000
v 0.072473 0.657024 0.108464
v 0.183293 0.636431 -0.075922
v 0.182797 0.640076 -0.036361
v 0.127942 0.657024 -0.025449
v 0.120518 0.657024 -0.049920
v 0.130448 0.657024 0.000000
v 0.106202 0.656988 -0.075508
v 0.111372 0.655981 -0.074416
v 0.108464 0.657024 -0.072473
v 0.182344 0.530369 0.358945
v 0.166390 0.505475 0.401701
v 0.181331 0.618776 0.181331
v 0.086095 0.500131 0.432830
v -0.000000 0.506356 0.433725
v 0.019509 0.533192 0.399103
v 0.073530 0.552991 0.369658
v 0.031704 0.661694 -0.076540
v 0.051324 0.660755 -0.076811
v 0.077177 0.659104 -0.077177
v 0.182630 0.641213 0.000000
v -0.025449 0.657024 0.127942
v -0.018623 0.660452 0.093624
v -0.049973 0.618919 0.251233
v -0.082108 0.618884 0.241573
v -0.082479 0.631234 0.199121
v -0.049920 0.657024 0.120519
v -0.044114 0.658500 0.106500
v -0.057890 0.557000 0.366313
v -0.070855 0.561717 0.356211
v -0.142312 0.618919 0.212985
v -0.181129 0.618919 0.181129
v -0.106863 0.650769 0.106863
v -0.107406 0.637968 0.160744
v -0.072573 0.557012 0.364850
v -0.104494 0.557000 0.355185
v -0.105420 0.608602 0.254506
v -0.098026 0.618919 0.236657
v -0.080543 0.565269 0.346361
v -0.142357 0.557012 0.343681
v -0.183421 0.557000 0.321751
v -0.183476 0.579325 0.274592
v -0.105727 0.618884 0.232635
v -0.031704 0.661694 -0.076540
v -0.051324 0.660755 -0.076811
v -0.062702 0.656988 0.113888
v -0.081558 0.652082 0.122060
v -0.130448 0.657024 0.000000
v -0.127942 0.657024 -0.025449
v -0.182388 0.618884 0.179727
v -0.184098 0.629448 0.123010
v -0.108464 0.657024 0.072473
v -0.182797 0.640076 0.036361
v -0.127942 0.657024 0.025449
v -0.120518 0.657024 0.049920
v -0.183293 0.636431 0.075922
v -0.092241 0.657024 0.092241
v -0.072473 0.657024 0.108464
v -0.183293 0.636431 -0.075922
v -0.120518 0.657024 -0.049920
v -0.182797 0.640076 -0.036361
v -0.166390 0.505475 0.401701
v -0.073530 0.552991 0.369658
v -0.086095 0.500131 0.432830
v -0.160580 0.494934 0.416821
v -0.106202 0.656988 -0.075508
v -0.108464 0.657024 -0.072473
v -0.111372 0.655981 -0.074416
v -0.182630 0.641213 0.000000
v -0.182344 0.530369 0.358945
v -0.015191 0.662184 -0.076372
v -0.077177 0.659104 -0.077177
v -0.000000 0.662337 -0.076316
v -0.181331 0.618776 0.181331
v -0.019509 0.533192 0.399103
v 0.015191 0.662184 -0.076372
v 0.160580 0.494934 0.416821
vt 0.751427 0.496986
vt 0.747393 0.485981
vt 0.752673 0.483983
vt 0.727045 0.514499
vt 0.738010 0.493046
vt 0.744531 0.495656
vt 0.734503 0.530196
vt 0.748000 0.532753
vt 0.740235 0.488734
vt 0.725735 0.561555
vt 0.718717 0.618044
vt 0.705494 0.623957
vt 0.711732 0.613547
vt 0.129446 0.762386
vt 0.126514 0.747929
vt 0.130234 0.745521
vt 0.705118 0.610148
vt 0.705250 0.605317
vt 0.734693 0.490915
vt 0.126757 0.733258
vt 0.130545 0.727603
vt 0.130361 0.738886
vt 0.720304 0.626469
vt 0.708837 0.643628
vt 0.706473 0.634799
vt 0.722952 0.635912
vt 0.715530 0.643041
vt 0.721602 0.631850
vt 0.129184 0.722940
vt 0.126789 0.720066
vt 0.142695 0.709324
vt 0.132081 0.725301
vt 0.732119 0.657888
vt 0.726598 0.643109
vt 0.725465 0.640659
vt 0.726474 0.641611
vt 0.719927 0.642965
vt 0.722975 0.643023
vt 0.727746 0.642771
vt 0.727579 0.642826
vt 0.727530 0.642556
vt 0.715765 0.591837
vt 0.722641 0.594438
vt 0.721166 0.598182
vt 0.725122 0.643174
vt 0.719042 0.617639
vt 0.720207 0.604183
vt 0.737867 0.578034
vt 0.744590 0.568492
vt 0.742771 0.588576
vt 0.730638 0.644464
vt 0.729742 0.643963
vt 0.728719 0.643375
vt 0.724251 0.638725
vt 0.757477 0.486947
vt 0.758450 0.496990
vt 0.765347 0.495666
vt 0.772038 0.518812
vt 0.761735 0.532805
vt 0.763981 0.491010
vt 0.764387 0.565253
vt 0.771190 0.629610
vt 0.758552 0.621032
vt 0.766514 0.618086
vt 0.158874 0.747929
vt 0.159538 0.764226
vt 0.155942 0.762387
vt 0.760286 0.607390
vt 0.774259 0.611380
vt 0.735773 0.645273
vt 0.737486 0.645114
vt 0.769008 0.494204
vt 0.155027 0.738887
vt 0.158631 0.733258
vt 0.158737 0.744105
vt 0.748720 0.646435
vt 0.746259 0.646079
vt 0.768671 0.641362
vt 0.764609 0.651976
vt 0.755017 0.628936
vt 0.750213 0.637487
vt 0.757045 0.648878
vt 0.752229 0.647287
vt 0.156204 0.722941
vt 0.158600 0.720066
vt 0.153307 0.725301
vt 0.746324 0.641891
vt 0.744205 0.645727
vt 0.744996 0.642626
vt 0.756281 0.591236
vt 0.766517 0.582772
vt 0.772432 0.588082
vt 0.741569 0.644644
vt 0.742393 0.644228
vt 0.742000 0.644849
vt 0.748109 0.640163
vt 0.760192 0.597893
vt 0.767160 0.596807
vt 0.760724 0.601640
vt 0.734233 0.645387
vt 0.739404 0.644902
vt 0.732847 0.645468
vt 0.758331 0.620555
vt 0.758083 0.621317
vt 0.752531 0.633761
vt 0.749388 0.579142
vt 0.731683 0.644973
vt 0.712169 0.581818
vt 0.728500 0.589221
vt 0.725826 0.589984
vt 0.719100 0.618415
vt 0.154469 0.763959
vt 0.154893 0.765733
vt 0.152632 0.766080
vt 0.130918 0.763959
vt 0.132755 0.766080
vt 0.130495 0.765733
vt 0.723089 0.558485
vt 0.136366 0.724684
vt 0.126794 0.725356
vt 0.127863 0.744755
vt 0.140010 0.722888
vt 0.126650 0.744105
vt 0.728874 0.493352
vt 0.133530 0.726077
vt 0.130200 0.766975
vt 0.125850 0.764226
vt 0.142694 0.721569
vt 0.767567 0.562741
vt 0.149022 0.724684
vt 0.151858 0.726077
vt 0.158595 0.725357
vt 0.157525 0.744755
vt 0.155154 0.745521
vt 0.145379 0.722888
vt 0.154843 0.727603
vt 0.774259 0.497702
vt 0.773553 0.615971
vt 0.155187 0.766975
vt 0.147777 0.772534
vt 0.484676 0.733592
vt 0.482254 0.742463
vt 0.479257 0.735248
vt 0.474245 0.737899
vt 0.463471 0.721371
vt 0.468218 0.708326
vt 0.478854 0.705095
vt 0.476115 0.740735
vt 0.458194 0.683360
vt 0.425803 0.620250
vt 0.440054 0.624886
vt 0.434000 0.631590
vt 0.513808 0.921894
vt 0.514522 0.937721
vt 0.511054 0.936275
vt 0.445969 0.639827
vt 0.430872 0.642878
vt 0.471722 0.739869
vt 0.510285 0.913613
vt 0.513678 0.908099
vt 0.513687 0.918513
vt 0.427488 0.607885
vt 0.431314 0.600028
vt 0.440492 0.614945
vt 0.441955 0.604208
vt 0.435697 0.600192
vt 0.438961 0.599857
vt 0.511333 0.898204
vt 0.498428 0.885198
vt 0.513621 0.895458
vt 0.508566 0.900459
vt 0.456888 0.578540
vt 0.442299 0.600968
vt 0.445228 0.599154
vt 0.441301 0.600890
vt 0.441366 0.599384
vt 0.448224 0.598686
vt 0.447282 0.599614
vt 0.447718 0.599183
vt 0.452225 0.649963
vt 0.448096 0.653414
vt 0.449183 0.646538
vt 0.443268 0.599159
vt 0.439850 0.624709
vt 0.470307 0.665575
vt 0.472961 0.676060
vt 0.465520 0.670067
vt 0.457031 0.591008
vt 0.454674 0.593269
vt 0.451498 0.595985
vt 0.441224 0.608146
vt 0.442397 0.601989
vt 0.490387 0.740800
vt 0.486744 0.743703
vt 0.499383 0.714030
vt 0.495961 0.733459
vt 0.490311 0.732988
vt 0.489900 0.703896
vt 0.495354 0.736801
vt 0.489323 0.677021
vt 0.485945 0.613936
vt 0.497959 0.604023
vt 0.494417 0.618135
vt 0.485802 0.936275
vt 0.483048 0.921894
vt 0.486460 0.919804
vt 0.502779 0.621304
vt 0.501833 0.627905
vt 0.462983 0.583524
vt 0.464299 0.581729
vt 0.499054 0.734280
vt 0.483179 0.908099
vt 0.486966 0.902445
vt 0.486572 0.913613
vt 0.475464 0.588205
vt 0.473453 0.587601
vt 0.481696 0.604413
vt 0.484963 0.586800
vt 0.491587 0.592791
vt 0.476243 0.594291
vt 0.481052 0.588169
vt 0.478425 0.598006
vt 0.485524 0.898204
vt 0.483236 0.895458
vt 0.488291 0.900459
vt 0.471395 0.586590
vt 0.474131 0.591226
vt 0.473922 0.591417
vt 0.477920 0.588523
vt 0.491906 0.651765
vt 0.477999 0.654710
vt 0.482903 0.646204
vt 0.468497 0.584202
vt 0.469141 0.584738
vt 0.469072 0.585648
vt 0.474883 0.592178
vt 0.489133 0.644743
vt 0.483953 0.642792
vt 0.485546 0.638436
vt 0.461744 0.585311
vt 0.465989 0.579877
vt 0.460418 0.587115
vt 0.486081 0.613693
vt 0.486009 0.630728
vt 0.485369 0.613631
vt 0.477398 0.667887
vt 0.458887 0.588990
vt 0.461075 0.659053
vt 0.453500 0.667020
vt 0.447924 0.660553
vt 0.440469 0.624414
vt 0.487085 0.937803
vt 0.488794 0.939470
vt 0.486762 0.939156
vt 0.509772 0.937803
vt 0.510095 0.939156
vt 0.508063 0.939470
vt 0.456534 0.686065
vt 0.504599 0.900175
vt 0.507202 0.901218
vt 0.513456 0.900350
vt 0.512610 0.919076
vt 0.510397 0.919804
vt 0.501033 0.898357
vt 0.509890 0.902445
vt 0.467174 0.738702
vt 0.427679 0.637373
vt 0.510299 0.940017
vt 0.503143 0.945512
vt 0.498428 0.897030
vt 0.491909 0.678856
vt 0.492258 0.900175
vt 0.483401 0.900350
vt 0.484246 0.919076
vt 0.495824 0.898357
vt 0.483169 0.918513
vt 0.502779 0.731422
vt 0.489655 0.901218
vt 0.486558 0.940017
vt 0.482334 0.937721
vt 0.603146 0.898438
vt 0.598434 0.904172
vt 0.598620 0.898282
vt 0.561672 0.924013
vt 0.565723 0.920474
vt 0.565367 0.924539
vt 0.545435 0.913510
vt 0.548260 0.907582
vt 0.549167 0.912206
vt 0.584048 0.924796
vt 0.587961 0.920754
vt 0.588379 0.924713
vt 0.575126 0.924792
vt 0.572928 0.920516
vt 0.575104 0.920492
vt 0.542210 0.865600
vt 0.546358 0.881210
vt 0.541423 0.880442
vt 0.558094 0.837132
vt 0.569479 0.839593
vt 0.558952 0.840749
vt 0.558533 0.919414
vt 0.562266 0.919949
vt 0.581027 0.835702
vt 0.569257 0.835756
vt 0.591231 0.838444
vt 0.590181 0.843539
vt 0.588749 0.841557
vt 0.546630 0.858276
vt 0.546421 0.865741
vt 0.570689 0.924777
vt 0.572909 0.924796
vt 0.603895 0.880821
vt 0.597836 0.881424
vt 0.603703 0.879886
vt 0.547988 0.918835
vt 0.557884 0.919191
vt 0.556503 0.922762
vt 0.548796 0.840512
vt 0.551698 0.843262
vt 0.589439 0.924510
vt 0.588658 0.920640
vt 0.568475 0.920533
vt 0.568269 0.924719
vt 0.602876 0.904394
vt 0.598146 0.909457
vt 0.599047 0.921914
vt 0.596016 0.918978
vt 0.543792 0.850865
vt 0.542356 0.857768
vt 0.580413 0.920570
vt 0.584083 0.920646
vt 0.557480 0.923139
vt 0.597268 0.847899
vt 0.595259 0.855483
vt 0.593349 0.849615
vt 0.600778 0.862364
vt 0.596248 0.862931
vt 0.593465 0.840813
vt 0.570772 0.920535
vt 0.599486 0.854448
vt 0.550449 0.845724
vt 0.546763 0.843272
vt 0.543386 0.903172
vt 0.544221 0.908381
vt 0.580367 0.924793
vt 0.577478 0.920452
vt 0.597538 0.914458
vt 0.601716 0.915682
vt 0.550827 0.916277
vt 0.580521 0.839569
vt 0.603583 0.891063
vt 0.598076 0.881872
vt 0.547949 0.852120
vt 0.542664 0.897444
vt 0.547571 0.902614
vt 0.598696 0.891067
vt 0.602533 0.909952
vt 0.541328 0.881226
vt 0.546242 0.881569
vt 0.541893 0.890377
vt 0.546419 0.890112
vt 0.577527 0.924782
vt 0.546958 0.897004
vt 0.726016 0.526927
vt 0.729113 0.565613
vt 0.719818 0.577860
vt 0.770688 0.531208
vt 0.760331 0.568595
vt 0.758167 0.593036
vt 0.757989 0.592697
vt 0.725195 0.590274
vt 0.137611 0.772534
vt 0.461596 0.711711
vt 0.460606 0.680885
vt 0.454516 0.652834
vt 0.497315 0.704411
vt 0.486054 0.675704
vt 0.483714 0.647317
vt 0.488648 0.660339
vt 0.454352 0.654200
vt 0.493713 0.945512
vn -0.0000 0.9796 0.2010
vn 0.0191 0.9952 0.0961
vn 0.0000 0.9952 0.0980
vn 0.1111 0.9569 0.2682
vn 0.0769 0.9796 0.1857
vn 0.0392 0.9796 0.1971
vn 0.0757 0.9217 0.3804
vn 0.0000 0.9217 0.3879
vn 0.0375 0.9952 0.0906
vn 0.0920 0.8819 0.4623
vn 0.2743 0.9217 0.2743
vn 0.1613 0.9569 0.2414
vn 0.2155 0.9217 0.3225
vn 0.1374 0.8810 0.4528
vn 0.1804 0.8819 0.4355
vn 0.1115 0.9232 0.3677
vn 0.1811 0.9232 0.3389
vn 0.0924 0.9806 0.1728
vn 0.2352 0.9569 0.1705
vn 0.1671 0.9796 0.1117
vn 0.2053 0.9569 0.2053
vn 0.2840 0.9569 0.0603
vn 0.1857 0.9796 0.0769
vn 0.2653 0.9569 0.1179
vn 0.1421 0.9796 0.1421
vn 0.0000 1.0000 -0.0000
vn 0.1117 0.9796 0.1671
vn 0.1857 0.9796 -0.0769
vn 0.2840 0.9569 -0.0603
vn 0.2737 0.9568 -0.0976
vn 0.1971 0.9796 0.0392
vn 0.2010 0.9796 -0.0000
vn 0.1194 0.9880 -0.0979
vn 0.1671 0.9796 -0.1117
vn 0.2514 0.9568 -0.1461
vn 0.2142 0.8286 0.5172
vn 0.2999 0.7715 0.5611
vn 0.2526 0.8443 0.4726
vn 0.1971 0.9796 -0.0392
vn 0.3156 0.8816 0.3508
vn 0.2364 0.8815 0.4087
vn 0.0624 0.7715 0.6332
vn -0.0000 0.8286 0.5598
vn -0.0000 0.7730 0.6344
vn 0.0397 0.9952 -0.0896
vn 0.0575 0.9952 -0.0795
vn 0.0727 0.9952 -0.0659
vn 0.2903 0.9569 -0.0000
vn -0.0191 0.9952 0.0961
vn -0.0392 0.9796 0.1971
vn -0.0769 0.9796 0.1857
vn -0.1111 0.9569 0.2682
vn -0.0757 0.9217 0.3804
vn -0.0375 0.9952 0.0906
vn -0.0920 0.8819 0.4623
vn -0.1613 0.9569 0.2414
vn -0.2743 0.9217 0.2743
vn -0.2155 0.9217 0.3225
vn -0.1804 0.8819 0.4355
vn -0.1618 0.8303 0.5334
vn -0.1374 0.8810 0.4528
vn -0.2364 0.8815 0.4087
vn -0.0397 0.9952 -0.0896
vn -0.0575 0.9952 -0.0795
vn -0.0924 0.9806 0.1728
vn -0.1811 0.9232 0.3389
vn -0.2010 0.9796 0.0000
vn -0.1971 0.9796 -0.0392
vn -0.2053 0.9569 0.2053
vn -0.1671 0.9796 0.1117
vn -0.2352 0.9569 0.1705
vn -0.2840 0.9569 0.0603
vn -0.1857 0.9796 0.0769
vn -0.1971 0.9796 0.0392
vn -0.1421 0.9796 0.1421
vn -0.1117 0.9796 0.1671
vn -0.2840 0.9569 -0.0603
vn -0.1857 0.9796 -0.0769
vn -0.2737 0.9568 -0.0976
vn -0.1282 0.7730 0.6213
vn -0.1238 0.7730 0.6222
vn -0.1194 0.9880 -0.0979
vn -0.2514 0.9568 -0.1461
vn -0.1671 0.9796 -0.1117
vn -0.2903 0.9569 0.0000
vn -0.2999 0.7715 0.5611
vn -0.2142 0.8286 0.5172
vn -0.2526 0.8443 0.4726
vn -0.0203 0.9952 -0.0959
vn -0.0727 0.9952 -0.0659
vn 0.0000 0.9952 -0.0980
vn -0.3156 0.8816 0.3508
vn -0.2594 0.9420 0.2129
vn -0.2653 0.9569 0.1179
vn -0.0624 0.7715 0.6332
vn 0.0203 0.9952 -0.0959
vn 0.1618 0.8303 0.5334
vn 0.1282 0.7730 0.6213
vn 0.2097 0.7725 0.5994
vn 0.2594 0.9420 0.2129
vn -0.1092 0.8286 0.5490
vn -0.0546 0.8303 0.5547
vn 0.0546 0.8303 0.5547
vn 0.1092 0.8286 0.5490
vn 0.1484 0.9217 0.3584
vn 0.1238 0.7730 0.6222
vn -0.1484 0.9217 0.3584
vn -0.1115 0.9232 0.3677
vn -0.0000 -0.9797 -0.2006
vn -0.0192 -0.9952 -0.0959
vn -0.0392 -0.9797 -0.1967
vn -0.0766 -0.9798 -0.1848
vn -0.1111 -0.9570 -0.2681
vn -0.0756 -0.9218 -0.3803
vn -0.0000 -0.9218 -0.3878
vn -0.0373 -0.9952 -0.0902
vn -0.0919 -0.8820 -0.4622
vn -0.1612 -0.9570 -0.2414
vn -0.2645 -0.9273 -0.2650
vn -0.2153 -0.9218 -0.3224
vn -0.1804 -0.8820 -0.4354
vn -0.1618 -0.8302 -0.5334
vn -0.1373 -0.8810 -0.4527
vn -0.2359 -0.8815 -0.4090
vn -0.0925 -0.9803 -0.1744
vn -0.1813 -0.9231 -0.3391
vn -0.2051 -0.9570 -0.2049
vn -0.1669 -0.9796 -0.1115
vn -0.2352 -0.9569 -0.1704
vn -0.2837 -0.9570 -0.0604
vn -0.1855 -0.9796 -0.0768
vn -0.1969 -0.9796 -0.0392
vn -0.1418 -0.9797 -0.1417
vn 0.0000 -1.0000 0.0000
vn -0.1113 -0.9798 -0.1662
vn -0.2837 -0.9570 0.0604
vn -0.1855 -0.9797 0.0767
vn -0.2737 -0.9569 0.0970
vn -0.2007 -0.9796 0.0000
vn -0.1134 -0.9889 0.0965
vn -0.2481 -0.9577 0.1459
vn -0.1646 -0.9803 0.1094
vn -0.2999 -0.7715 -0.5611
vn -0.2142 -0.8287 -0.5171
vn -0.2522 -0.8448 -0.4719
vn -0.1969 -0.9796 0.0392
vn -0.3109 -0.8909 -0.3311
vn -0.0000 -0.7730 -0.6344
vn 0.0000 -0.8287 -0.5597
vn -0.0623 -0.7715 -0.6331
vn -0.0398 -0.9952 0.0896
vn -0.0575 -0.9952 0.0794
vn -0.0723 -0.9952 0.0665
vn -0.2650 -0.9570 -0.1182
vn -0.2900 -0.9570 -0.0000
vn 0.0192 -0.9952 -0.0959
vn -0.0000 -0.9952 -0.0979
vn 0.1111 -0.9570 -0.2681
vn 0.0766 -0.9798 -0.1848
vn 0.0392 -0.9797 -0.1967
vn 0.0756 -0.9218 -0.3803
vn 0.0373 -0.9952 -0.0902
vn 0.0919 -0.8820 -0.4622
vn 0.2645 -0.9273 -0.2650
vn 0.1612 -0.9570 -0.2414
vn 0.2153 -0.9218 -0.3224
vn 0.1373 -0.8810 -0.4527
vn 0.1804 -0.8820 -0.4354
vn 0.1116 -0.9232 -0.3678
vn 0.1813 -0.9231 -0.3391
vn 0.0398 -0.9952 0.0896
vn 0.0575 -0.9952 0.0794
vn 0.0925 -0.9803 -0.1744
vn 0.1610 -0.9570 -0.2411
vn 0.2007 -0.9796 0.0000
vn 0.1969 -0.9796 0.0392
vn 0.2352 -0.9569 -0.1704
vn 0.1669 -0.9796 -0.1115
vn 0.2051 -0.9570 -0.2049
vn 0.2837 -0.9570 -0.0604
vn 0.1855 -0.9796 -0.0768
vn 0.2650 -0.9570 -0.1182
vn 0.1418 -0.9797 -0.1417
vn 0.1113 -0.9798 -0.1662
vn 0.1855 -0.9797 0.0767
vn 0.2837 -0.9570 0.0604
vn 0.2737 -0.9569 0.0970
vn 0.1969 -0.9796 -0.0392
vn 0.1618 -0.8302 -0.5334
vn 0.1283 -0.7730 -0.6213
vn 0.2083 -0.7725 -0.5999
vn 0.1134 -0.9889 0.0965
vn 0.1646 -0.9803 0.1094
vn 0.2481 -0.9577 0.1459
vn 0.2900 -0.9570 -0.0000
vn 0.2142 -0.8287 -0.5171
vn 0.2999 -0.7715 -0.5611
vn 0.2522 -0.8448 -0.4719
vn 0.0204 -0.9952 0.0959
vn 0.0723 -0.9952 0.0665
vn -0.0000 -0.9952 0.0980
vn 0.3109 -0.8909 -0.3311
vn 0.2359 -0.8815 -0.4090
vn 0.2402 -0.9516 -0.1917
vn 0.0623 -0.7715 -0.6331
vn -0.0204 -0.9952 0.0959
vn -0.1283 -0.7730 -0.6213
vn -0.1238 -0.7731 -0.6221
vn -0.2402 -0.9516 -0.1917
vn 0.0546 -0.8302 -0.5547
vn 0.1091 -0.8288 -0.5488
vn -0.1091 -0.8288 -0.5488
vn -0.0546 -0.8302 -0.5547
vn -0.1481 -0.9220 -0.3577
vn -0.1116 -0.9232 -0.3678
vn -0.1610 -0.9570 -0.2411
vn 0.1481 -0.9220 -0.3577
vn 0.1238 -0.7731 -0.6221
vn -0.9624 -0.2694 -0.0350
vn -0.9596 -0.2805 -0.0215
vn -0.9646 -0.2605 -0.0397
vn 0.0047 -0.0873 -0.9962
vn -0.0150 -0.0774 -0.9969
vn -0.0071 -0.0841 -0.9964
vn 0.9582 -0.2854 0.0182
vn 0.9577 -0.2878 -0.0000
vn 0.9596 -0.2805 0.0215
vn -0.0047 -0.0873 -0.9962
vn -0.0768 -0.1457 -0.9863
vn 0.0191 -0.1229 -0.9922
vn 0.0024 -0.0968 -0.9953
vn 0.0000 -0.0967 -0.9953
vn 0.0071 -0.0941 -0.9955
vn 0.9631 -0.2423 -0.1169
vn 0.9468 -0.2965 -0.1250
vn 0.9428 -0.3118 -0.1177
vn 0.0424 -0.6317 0.7740
vn -0.0000 -0.6322 0.7748
vn 0.0420 -0.6304 0.7752
vn 0.0768 -0.1457 -0.9863
vn 0.0168 -0.0706 -0.9974
vn -0.0424 -0.6317 0.7740
vn -0.0000 -0.6344 0.7730
vn -0.9143 -0.3765 0.1495
vn -0.9152 -0.3797 0.1348
vn -0.9357 -0.3275 0.1312
vn 0.9631 -0.2334 -0.1340
vn 0.9650 -0.2351 -0.1159
vn -0.0024 -0.0968 -0.9953
vn 0.0000 -0.0980 -0.9952
vn -0.9428 -0.3157 -0.1076
vn -0.9468 -0.2965 -0.1250
vn -0.9428 -0.3118 -0.1177
vn -0.0469 -0.1150 -0.9923
vn 0.0609 -0.1745 -0.9828
vn -0.0243 -0.1434 -0.9894
vn 0.1204 -0.6329 0.7648
vn 0.1203 -0.6326 0.7651
vn 0.0243 -0.1434 -0.9894
vn -0.0609 -0.1745 -0.9828
vn -0.0127 -0.0872 -0.9961
vn -0.0051 -0.0923 -0.9957
vn -0.9582 -0.2854 -0.0182
vn -0.9577 -0.2878 -0.0000
vn 0.0469 -0.1150 -0.9923
vn 0.0485 -0.1018 -0.9936
vn 0.9437 -0.3301 -0.0233
vn 0.9649 -0.2260 -0.1341
vn 0.0150 -0.0774 -0.9969
vn -0.0168 -0.0706 -0.9974
vn -0.0191 -0.1229 -0.9922
vn -0.9437 -0.3301 -0.0233
vn -0.9631 -0.2334 -0.1340
vn -0.9392 -0.3418 -0.0320
vn -0.9631 -0.2423 -0.1169
vn -0.9650 -0.2351 -0.1159
vn -0.9043 -0.3990 0.1517
vn -0.0071 -0.0941 -0.9955
vn -0.9649 -0.2260 -0.1341
vn 0.9143 -0.3765 0.1495
vn 0.9152 -0.3797 0.1348
vn 0.9043 -0.3990 0.1517
vn 0.9582 -0.2854 -0.0182
vn 0.9569 -0.2903 -0.0000
vn 0.0071 -0.0841 -0.9964
vn 0.0127 -0.0872 -0.9961
vn -0.9614 -0.2732 0.0318
vn -0.9596 -0.2805 0.0215
vn -0.9582 -0.2854 0.0182
vn 0.9614 -0.2732 0.0318
vn 0.9634 -0.2657 0.0366
vn -0.1204 -0.6329 0.7648
vn -0.0420 -0.6304 0.7752
vn -0.9670 -0.2521 -0.0376
vn -0.9596 -0.2778 -0.0447
vn -0.9547 -0.2922 -0.0565
vn 0.9392 -0.3418 -0.0320
vn 0.9624 -0.2694 -0.0350
vn 0.9596 -0.2805 -0.0215
vn -0.9704 -0.2391 -0.0337
vn -0.9569 -0.2903 -0.0000
vn 0.7835 -0.3816 0.4905
vn 0.9670 -0.2521 -0.0376
vn 0.9596 -0.2778 -0.0447
vn 0.9704 -0.2391 -0.0337
vn 0.0051 -0.0923 -0.9957
vn 0.9646 -0.2605 -0.0397
vn -0.2097 0.7725 0.5994
vn -0.1847 0.7715 0.6088
vn 0.1847 0.7715 0.6088
vn -0.2083 -0.7725 -0.5999
vn 0.1847 -0.7715 -0.6088
vn -0.1847 -0.7715 -0.6088
vn -0.7835 -0.3816 0.4905
vn -0.0485 -0.1018 -0.9936
vn 0.9357 -0.3275 0.1312
vn -0.9634 -0.2657 0.0366
vn -0.1203 -0.6326 0.7651
vn 0.9428 -0.3157 -0.1076
vn 0.9547 -0.2922 -0.0565
usemtl Material
s 1
f 2232/3308/2121 2283/3309/2122 2284/3310/2123
f 2278/3311/2124 2217/3312/2125 2214/3313/2126
f 2215/3314/2127 2232/3308/2121 2233/3315/2128
f 2214/3313/2126 2279/3316/2129 2283/3309/2122
f 2288/3317/2130 2215/3314/2127 2233/3315/2128
f 2223/3318/2131 2276/3319/2132 2221/3320/2133
f 2290/3321/2134 2286/3322/2135 2280/3323/2136
f 2221/3320/2133 2285/3324/2137 2286/3325/2135
f 2217/3312/2125 2289/3326/2138 2279/3316/2129
f 2276/3327/2132 2275/3328/2132 2278/3329/2124
f 2212/3330/2139 2224/3331/2140 2281/3332/2141
f 2210/3333/2142 2226/3334/2143 2204/3335/2144
f 2222/3336/2145 2224/3337/2140 2245/3338/2146
f 2220/3339/2147 2222/3336/2145 2245/3338/2146
f 2224/3331/2140 2226/3334/2143 2245/3340/2146
f 2230/3341/2148 2202/3342/2149 2207/3343/2150
f 2226/3334/2143 2227/3344/2151 2245/3340/2146
f 2227/3344/2151 2228/3345/2152 2245/3340/2146
f 2201/3346/2153 2231/3347/2154 2208/3348/2155
f 2219/3349/2156 2274/3350/2157 2206/3351/2158
f 2228/3345/2152 2229/3352/2159 2245/3340/2146
f 2229/3352/2159 2230/3341/2148 2245/3340/2146
f 2213/3353/2160 2221/3320/2133 2209/3354/2161
f 2291/3355/2162 2234/3356/2163 2253/3357/2164
f 2211/3358/2165 2245/3340/2146 2200/3359/2166
f 2230/3341/2148 2231/3347/2154 2245/3340/2146
f 2231/3347/2154 2203/3360/2167 2245/3340/2146
f 2204/3335/2144 2224/3331/2140 2212/3330/2139
f 2208/3348/2155 2230/3341/2148 2207/3343/2150
f 2229/3352/2159 2225/3361/2168 2202/3342/2149
f 2232/3308/2121 2305/3362/2169 2250/3363/2170
f 2250/3363/2170 2254/3364/2171 2300/3365/2172
f 2232/3308/2121 2251/3366/2173 2233/3315/2128
f 2250/3363/2170 2301/3367/2174 2254/3364/2171
f 2233/3315/2128 2251/3366/2173 2309/3368/2175
f 2298/3369/2176 2263/3370/2177 2260/3371/2178
f 2307/3372/2179 2299/3373/2180 2311/3374/2181
f 2260/3371/2178 2244/3375/2182 2307/3376/2179
f 2247/3377/2183 2235/3378/2184 2245/3340/2146
f 2254/3364/2171 2301/3367/2174 2310/3379/2185
f 2300/3380/2172 2298/3381/2176 2306/3382/2186
f 2268/3383/2187 2245/3340/2146 2269/3384/2188
f 2303/3385/2189 2264/3386/2190 2248/3387/2191
f 2246/3388/2192 2266/3389/2193 2267/3390/2194
f 2261/3391/2195 2245/3338/2146 2264/3392/2190
f 2259/3393/2196 2245/3338/2146 2261/3391/2195
f 2264/3386/2190 2245/3340/2146 2266/3389/2193
f 2237/3394/2197 2270/3395/2198 2242/3396/2199
f 2266/3389/2193 2245/3340/2146 2267/3390/2194
f 2295/3397/2200 2308/3398/2201 2299/3399/2180
f 2267/3390/2194 2245/3340/2146 2268/3383/2187
f 2236/3400/2202 2243/3401/2203 2271/3402/2204
f 2225/3361/2168 2227/3344/2151 2210/3333/2142
f 2265/3403/2205 2267/3390/2194 2268/3383/2187
f 2296/3404/2206 2257/3405/2207 2241/3406/2208
f 2243/3401/2203 2270/3395/2198 2271/3402/2204
f 2240/3407/2209 2247/3377/2183 2245/3340/2146
f 2269/3384/2188 2245/3340/2146 2270/3395/2198
f 2271/3402/2204 2238/3408/2210 2236/3400/2202
f 2262/3409/2211 2240/3407/2209 2245/3340/2146
f 2270/3395/2198 2245/3340/2146 2271/3402/2204
f 2235/3378/2184 2238/3408/2210 2245/3340/2146
f 2249/3410/2212 2260/3371/2178 2263/3370/2177
f 2292/3411/2213 2249/3410/2212 2263/3370/2177
f 2239/3412/2214 2264/3386/2190 2266/3389/2193
f 2265/3403/2205 2269/3384/2188 2237/3394/2197
f 2253/3357/2164 2234/3356/2163 2312/3413/2215
f 2205/3414/2216 2245/3340/2146 2211/3358/2165
f 2277/3415/2217 2273/3416/2218 2272/3417/2219
f 2262/3409/2211 2245/3340/2146 2205/3414/2216
f 2200/3359/2166 2245/3340/2146 2203/3360/2167
f 2256/3418/2220 2223/3318/2131 2213/3353/2160
f 2309/3419/2175 2252/3420/2221 2304/3421/2222
f 2288/3422/2130 2282/3423/2223 2216/3424/2224
f 2290/3425/2134 2215/3314/2127 2288/3317/2130
f 2286/3325/2135 2277/3415/2217 2219/3349/2156
f 2279/3426/2129 2220/3339/2147 2245/3338/2146
f 2281/3427/2141 2224/3337/2140 2222/3336/2145
f 2278/3329/2124 2280/3323/2136 2218/3428/2225
f 2283/3429/2122 2279/3426/2129 2245/3338/2146
f 2222/3336/2145 2220/3339/2147 2275/3328/2132
f 2286/3322/2135 2285/3430/2137 2218/3428/2225
f 2275/3431/2132 2217/3312/2125 2278/3311/2124
f 2289/3432/2138 2275/3328/2132 2220/3339/2147
f 2276/3319/2132 2285/3324/2137 2221/3320/2133
f 2282/3423/2223 2287/3433/2226 2216/3424/2224
f 2287/3433/2226 2277/3434/2217 2216/3424/2224
f 2284/3435/2123 2283/3429/2122 2245/3338/2146
f 2251/3366/2173 2311/3436/2181 2309/3368/2175
f 2307/3376/2179 2257/3405/2207 2299/3399/2180
f 2301/3437/2174 2259/3393/2196 2310/3438/2185
f 2303/3439/2189 2261/3391/2195 2264/3392/2190
f 2300/3380/2172 2255/3440/2227 2302/3441/2228
f 2305/3442/2169 2245/3338/2146 2301/3437/2174
f 2297/3443/2176 2261/3391/2195 2303/3439/2189
f 2307/3372/2179 2255/3440/2227 2306/3382/2186
f 2254/3364/2171 2297/3444/2176 2300/3365/2172
f 2310/3438/2185 2259/3393/2196 2297/3443/2176
f 2298/3369/2176 2260/3371/2178 2306/3445/2186
f 2304/3421/2222 2308/3446/2201 2312/3447/2215
f 2308/3446/2201 2252/3420/2221 2299/3373/2180
f 2284/3435/2123 2245/3338/2146 2305/3442/2169
f 2313/3448/2229 2315/3449/2230 2316/3450/2231
f 2316/3450/2231 2318/3451/2232 2319/3452/2233
f 2313/3448/2229 2317/3453/2234 2321/3454/2235
f 2316/3450/2231 2322/3455/2236 2318/3451/2232
f 2321/3454/2235 2317/3453/2234 2324/3456/2237
f 2327/3457/2238 2329/3458/2239 2326/3459/2240
f 2333/3460/2241 2334/3461/2242 2331/3462/2243
f 2326/3459/2240 2337/3463/2244 2333/3464/2241
f 2318/3451/2232 2322/3455/2236 2339/3465/2245
f 2319/3466/2233 2327/3467/2238 2336/3468/2246
f 2328/3469/2247 2341/3470/2248 2342/3471/2249
f 2344/3472/2250 2346/3473/2251 2347/3474/2252
f 2348/3475/2253 2349/3476/2254 2341/3477/2248
f 2350/3478/2255 2349/3476/2254 2348/3475/2253
f 2341/3470/2248 2349/3479/2254 2346/3473/2251
f 2352/3480/2256 2354/3481/2257 2351/3482/2258
f 2346/3473/2251 2349/3479/2254 2347/3474/2252
f 2347/3474/2252 2349/3479/2254 2355/3483/2259
f 2356/3484/2260 2357/3485/2261 2358/3486/2262
f 2359/3487/2263 2335/3488/2264 2338/3489/2265
f 2355/3483/2259 2349/3479/2254 2353/3490/2266
f 2353/3490/2266 2349/3479/2254 2354/3481/2257
f 2361/3491/2267 2326/3459/2240 2329/3458/2239
f 2363/3492/2268 2323/3493/2269 2364/3494/2270
f 2366/3495/2271 2367/3496/2272 2349/3479/2254
f 2354/3481/2257 2349/3479/2254 2358/3486/2262
f 2358/3486/2262 2368/3497/2273 2356/3484/2260
f 2345/3498/2274 2341/3470/2248 2346/3473/2251
f 2357/3485/2261 2354/3481/2257 2358/3486/2262
f 2369/3499/2275 2353/3490/2266 2352/3480/2256
f 2313/3448/2229 2371/3500/2276 2314/3501/2277
f 2374/3502/2278 2375/3503/2279 2370/3504/2280
f 2372/3505/2281 2313/3448/2229 2321/3454/2235
f 2370/3504/2280 2376/3506/2282 2371/3500/2276
f 2378/3507/2283 2372/3505/2281 2321/3454/2235
f 2380/3508/2284 2382/3509/2285 2379/3510/2286
f 2387/3511/2287 2385/3512/2288 2373/3513/2289
f 2379/3510/2286 2391/3514/2290 2385/3515/2288
f 2392/3516/2291 2349/3479/2254 2393/3517/2292
f 2375/3503/2279 2394/3518/2293 2376/3506/2282
f 2382/3519/2285 2395/3520/2294 2374/3521/2278
f 2396/3522/2295 2397/3523/2296 2349/3479/2254
f 2399/3524/2297 2400/3525/2298 2381/3526/2299
f 2401/3527/2300 2403/3528/2301 2404/3529/2302
f 2405/3530/2303 2400/3531/2298 2349/3476/2254
f 2406/3532/2304 2405/3530/2303 2349/3476/2254
f 2400/3525/2298 2403/3528/2301 2349/3479/2254
f 2408/3533/2305 2409/3534/2306 2407/3535/2307
f 2403/3528/2301 2402/3536/2308 2349/3479/2254
f 2384/3537/2309 2412/3538/2310 2410/3539/2311
f 2402/3536/2308 2396/3522/2295 2349/3479/2254
f 2414/3540/2312 2415/3541/2313 2416/3542/2314
f 2369/3499/2275 2347/3474/2252 2355/3483/2259
f 2417/3543/2315 2402/3536/2308 2401/3527/2300
f 2388/3544/2316 2418/3545/2317 2389/3546/2318
f 2416/3542/2314 2408/3533/2305 2407/3535/2307
f 2419/3547/2319 2349/3479/2254 2392/3516/2291
f 2397/3523/2296 2408/3533/2305 2349/3479/2254
f 2415/3541/2313 2420/3548/2320 2349/3479/2254
f 2421/3549/2321 2349/3479/2254 2419/3547/2319
f 2408/3533/2305 2415/3541/2313 2349/3479/2254
f 2393/3517/2292 2349/3479/2254 2420/3548/2320
f 2422/3550/2322 2379/3510/2286 2390/3551/2323
f 2398/3552/2324 2380/3508/2284 2422/3550/2322
f 2404/3529/2302 2400/3525/2298 2399/3524/2297
f 2397/3523/2296 2417/3543/2315 2409/3534/2306
f 2423/3553/2325 2323/3493/2269 2363/3492/2268
f 2424/3554/2326 2366/3495/2271 2349/3479/2254
f 2362/3555/2327 2365/3556/2328 2334/3557/2242
f 2421/3549/2321 2424/3554/2326 2349/3479/2254
f 2367/3496/2272 2368/3497/2273 2349/3479/2254
f 2343/3558/2329 2361/3491/2267 2329/3458/2239
f 2378/3559/2283 2377/3560/2330 2383/3561/2331
f 2324/3562/2237 2330/3563/2332 2325/3564/2333
f 2317/3453/2234 2331/3565/2243 2324/3456/2237
f 2333/3464/2241 2335/3488/2264 2334/3557/2242
f 2322/3566/2236 2350/3478/2255 2339/3567/2245
f 2328/3568/2247 2348/3475/2253 2341/3477/2248
f 2319/3466/2233 2332/3569/2334 2320/3570/2335
f 2315/3571/2230 2349/3476/2254 2322/3566/2236
f 2340/3572/2336 2348/3475/2253 2328/3568/2247
f 2333/3460/2241 2332/3569/2334 2336/3468/2246
f 2318/3451/2232 2340/3573/2336 2319/3452/2233
f 2339/3567/2245 2350/3478/2255 2340/3572/2336
f 2327/3457/2238 2326/3459/2240 2336/3574/2246
f 2325/3564/2333 2365/3575/2328 2364/3576/2270
f 2365/3575/2328 2330/3563/2332 2334/3461/2242
f 2314/3577/2277 2349/3476/2254 2315/3571/2230
f 2387/3578/2287 2372/3505/2281 2378/3507/2283
f 2385/3515/2288 2384/3537/2309 2388/3544/2316
f 2376/3579/2282 2406/3532/2304 2349/3476/2254
f 2381/3580/2299 2400/3531/2298 2405/3530/2303
f 2374/3521/2278 2373/3513/2289 2386/3581/2337
f 2371/3582/2276 2376/3579/2282 2349/3476/2254
f 2405/3530/2303 2406/3532/2304 2395/3520/2294
f 2385/3512/2288 2391/3583/2290 2386/3581/2337
f 2395/3584/2294 2375/3503/2279 2374/3502/2278
f 2394/3585/2293 2395/3520/2294 2406/3532/2304
f 2382/3509/2285 2391/3514/2290 2379/3510/2286
f 2377/3560/2330 2411/3586/2338 2383/3561/2331
f 2411/3586/2338 2384/3587/2309 2383/3561/2331
f 2314/3577/2277 2371/3582/2276 2349/3476/2254
f 2239/3588/2339 2401/3589/2340 2404/3590/2341
f 2203/3591/2342 2367/3592/2343 2200/3593/2344
f 2202/3594/2345 2369/3595/2346 2352/3596/2347
f 2238/3597/2348 2414/3598/2349 2236/3599/2350
f 2240/3600/2351 2421/3601/2352 2419/3602/2353
f 2209/3603/2354 2361/3604/2355 2213/3605/2356
f 2273/3606/2357 2363/3607/2358 2362/3608/2359
f 2203/3591/2342 2356/3609/2360 2368/3610/2361
f 2295/3611/2362 2363/3607/2358 2253/3612/2363
f 2293/3613/2364 2410/3614/2365 2413/3615/2366
f 2209/3603/2354 2338/3616/2367 2337/3617/2368
f 2205/3618/2369 2421/3601/2352 2262/3619/2370
f 2292/3620/2371 2422/3621/2372 2249/3622/2373
f 2207/3623/2374 2357/3624/2375 2208/3625/2376
f 2258/3626/2377 2362/3608/2359 2425/3627/2378
f 2243/3628/2379 2414/3598/2349 2416/3629/2380
f 2200/3593/2344 2366/3630/2381 2211/3631/2382
f 2246/3632/2383 2417/3633/2384 2401/3589/2340
f 2242/3634/2385 2416/3629/2380 2407/3635/2386
f 2274/3636/2387 2338/3616/2367 2206/3637/2388
f 2238/3597/2348 2393/3638/2389 2420/3639/2390
f 2208/3625/2376 2356/3609/2360 2201/3640/2391
f 2296/3641/2392 2389/3642/2393 2418/3643/2394
f 2244/3644/2395 2422/3621/2372 2390/3645/2396
f 2296/3641/2392 2410/3614/2365 2294/3646/2397
f 2211/3631/2382 2424/3647/2398 2205/3618/2369
f 2244/3644/2395 2389/3642/2393 2241/3648/2399
f 2258/3626/2400 2360/3649/2401 2272/3650/2402
f 2210/3651/2403 2369/3595/2346 2225/3652/2404
f 2235/3653/2405 2392/3654/2406 2393/3638/2389
f 2242/3634/2407 2409/3655/2408 2237/3656/2409
f 2207/3623/2410 2352/3596/2347 2351/3657/2411
f 2293/3613/2412 2412/3658/2413 2295/3611/2362
f 2248/3659/2414 2398/3660/2415 2292/3620/2416
f 2274/3636/2387 2360/3649/2401 2359/3661/2417
f 2204/3662/2418 2344/3663/2419 2210/3651/2403
f 2248/3659/2414 2404/3590/2341 2399/3664/2420
f 2237/3656/2409 2417/3633/2384 2265/3665/2421
f 2256/3666/2422 2361/3604/2422 2343/3667/2422
f 2212/3668/2423 2343/3667/2424 2342/3669/2425
f 2247/3670/2426 2419/3602/2353 2392/3654/2406
f 2212/3668/2423 2345/3671/2427 2204/3662/2418
f 2232/3308/2121 2214/3313/2126 2283/3309/2122
f 2214/3313/2126 2215/3314/2127 2278/3311/2124
f 2215/3314/2127 2280/3672/2136 2278/3311/2124
f 2215/3314/2127 2214/3313/2126 2232/3308/2121
f 2214/3313/2126 2217/3312/2125 2279/3316/2129
f 2233/3315/2128 2234/3356/2163 2288/3317/2130
f 2234/3356/2163 2282/3673/2223 2288/3317/2130
f 2223/3318/2131 2281/3332/2141 2276/3319/2132
f 2288/3422/2130 2216/3424/2224 2290/3321/2134
f 2216/3424/2224 2277/3434/2217 2290/3321/2134
f 2277/3434/2217 2286/3322/2135 2290/3321/2134
f 2286/3322/2135 2218/3428/2225 2280/3323/2136
f 2286/3325/2135 2219/3349/2156 2209/3354/2161
f 2219/3349/2156 2206/3351/2158 2209/3354/2161
f 2209/3354/2161 2221/3320/2133 2286/3325/2135
f 2278/3329/2124 2218/3428/2225 2285/3430/2137
f 2285/3430/2137 2276/3327/2132 2278/3329/2124
f 2281/3332/2141 2223/3318/2131 2212/3330/2139
f 2223/3318/2131 2256/3418/2220 2212/3330/2139
f 2210/3333/2142 2227/3344/2151 2226/3334/2143
f 2230/3341/2148 2229/3352/2159 2202/3342/2149
f 2219/3349/2156 2272/3417/2219 2274/3350/2157
f 2213/3353/2160 2223/3318/2131 2221/3320/2133
f 2253/3357/2164 2273/3416/2218 2291/3355/2162
f 2273/3416/2218 2287/3674/2226 2291/3355/2162
f 2291/3355/2162 2282/3673/2223 2234/3356/2163
f 2231/3347/2154 2201/3346/2153 2203/3360/2167
f 2204/3335/2144 2226/3334/2143 2224/3331/2140
f 2208/3348/2155 2231/3347/2154 2230/3341/2148
f 2229/3352/2159 2228/3345/2152 2225/3361/2168
f 2232/3308/2121 2284/3310/2123 2305/3362/2169
f 2302/3675/2228 2251/3366/2173 2300/3365/2172
f 2251/3366/2173 2250/3363/2170 2300/3365/2172
f 2232/3308/2121 2250/3363/2170 2251/3366/2173
f 2250/3363/2170 2305/3362/2169 2301/3367/2174
f 2304/3676/2222 2234/3356/2163 2309/3368/2175
f 2234/3356/2163 2233/3315/2128 2309/3368/2175
f 2298/3369/2176 2303/3385/2189 2263/3370/2177
f 2299/3373/2180 2252/3420/2221 2311/3374/2181
f 2252/3420/2221 2309/3419/2175 2311/3374/2181
f 2311/3374/2181 2302/3441/2228 2307/3372/2179
f 2302/3441/2228 2255/3440/2227 2307/3372/2179
f 2241/3406/2208 2257/3405/2207 2244/3375/2182
f 2257/3405/2207 2307/3376/2179 2244/3375/2182
f 2307/3376/2179 2306/3445/2186 2260/3371/2178
f 2306/3382/2186 2255/3440/2227 2300/3380/2172
f 2300/3380/2172 2297/3443/2176 2298/3381/2176
f 2292/3411/2213 2263/3370/2177 2248/3387/2191
f 2263/3370/2177 2303/3385/2189 2248/3387/2191
f 2246/3388/2192 2239/3412/2214 2266/3389/2193
f 2237/3394/2197 2269/3384/2188 2270/3395/2198
f 2257/3405/2207 2294/3677/2428 2299/3399/2180
f 2294/3677/2428 2293/3678/2429 2295/3397/2200
f 2299/3399/2180 2294/3677/2428 2295/3397/2200
f 2225/3361/2168 2228/3345/2152 2227/3344/2151
f 2265/3403/2205 2246/3388/2192 2267/3390/2194
f 2296/3404/2206 2294/3677/2428 2257/3405/2207
f 2243/3401/2203 2242/3396/2199 2270/3395/2198
f 2271/3402/2204 2245/3340/2146 2238/3408/2210
f 2249/3410/2212 2244/3375/2182 2260/3371/2178
f 2239/3412/2214 2248/3387/2191 2264/3386/2190
f 2265/3403/2205 2268/3383/2187 2269/3384/2188
f 2308/3398/2201 2295/3397/2200 2312/3413/2215
f 2295/3397/2200 2253/3357/2164 2312/3413/2215
f 2234/3356/2163 2304/3676/2222 2312/3413/2215
f 2258/3679/2430 2272/3417/2219 2273/3416/2218
f 2272/3417/2219 2219/3349/2156 2277/3415/2217
f 2277/3415/2217 2287/3674/2226 2273/3416/2218
f 2290/3425/2134 2280/3672/2136 2215/3314/2127
f 2279/3426/2129 2289/3432/2138 2220/3339/2147
f 2275/3328/2132 2276/3327/2132 2281/3427/2141
f 2281/3427/2141 2222/3336/2145 2275/3328/2132
f 2275/3431/2132 2289/3326/2138 2217/3312/2125
f 2282/3423/2223 2291/3680/2162 2287/3433/2226
f 2251/3366/2173 2302/3675/2228 2311/3436/2181
f 2301/3437/2174 2245/3338/2146 2259/3393/2196
f 2303/3439/2189 2298/3381/2176 2297/3443/2176
f 2297/3443/2176 2259/3393/2196 2261/3391/2195
f 2254/3364/2171 2310/3379/2185 2297/3444/2176
f 2304/3421/2222 2252/3420/2221 2308/3446/2201
f 2313/3448/2229 2314/3501/2277 2315/3449/2230
f 2320/3681/2335 2317/3453/2234 2319/3452/2233
f 2317/3453/2234 2316/3450/2231 2319/3452/2233
f 2313/3448/2229 2316/3450/2231 2317/3453/2234
f 2316/3450/2231 2315/3449/2230 2322/3455/2236
f 2325/3682/2333 2323/3493/2269 2324/3456/2237
f 2323/3493/2269 2321/3454/2235 2324/3456/2237
f 2327/3457/2238 2328/3469/2247 2329/3458/2239
f 2334/3461/2242 2330/3563/2332 2331/3462/2243
f 2330/3563/2332 2324/3562/2237 2331/3462/2243
f 2331/3462/2243 2320/3570/2335 2333/3460/2241
f 2320/3570/2335 2332/3569/2334 2333/3460/2241
f 2338/3489/2265 2335/3488/2264 2337/3463/2244
f 2335/3488/2264 2333/3464/2241 2337/3463/2244
f 2333/3464/2241 2336/3574/2246 2326/3459/2240
f 2336/3468/2246 2332/3569/2334 2319/3466/2233
f 2319/3466/2233 2340/3572/2336 2327/3467/2238
f 2343/3558/2329 2329/3458/2239 2342/3471/2249
f 2329/3458/2239 2328/3469/2247 2342/3471/2249
f 2344/3472/2250 2345/3498/2274 2346/3473/2251
f 2352/3480/2256 2353/3490/2266 2354/3481/2257
f 2359/3487/2263 2360/3683/2431 2335/3488/2264
f 2361/3491/2267 2337/3463/2244 2326/3459/2240
f 2365/3556/2328 2362/3555/2327 2364/3494/2270
f 2362/3555/2327 2363/3492/2268 2364/3494/2270
f 2323/3493/2269 2325/3682/2333 2364/3494/2270
f 2358/3486/2262 2349/3479/2254 2368/3497/2273
f 2345/3498/2274 2342/3471/2249 2341/3470/2248
f 2357/3485/2261 2351/3482/2258 2354/3481/2257
f 2369/3499/2275 2355/3483/2259 2353/3490/2266
f 2313/3448/2229 2370/3504/2280 2371/3500/2276
f 2370/3504/2280 2372/3505/2281 2374/3502/2278
f 2372/3505/2281 2373/3684/2289 2374/3502/2278
f 2372/3505/2281 2370/3504/2280 2313/3448/2229
f 2370/3504/2280 2375/3503/2279 2376/3506/2282
f 2321/3454/2235 2323/3493/2269 2378/3507/2283
f 2323/3493/2269 2377/3685/2330 2378/3507/2283
f 2380/3508/2284 2381/3526/2299 2382/3509/2285
f 2378/3559/2283 2383/3561/2331 2387/3511/2287
f 2383/3561/2331 2384/3587/2309 2387/3511/2287
f 2384/3587/2309 2385/3512/2288 2387/3511/2287
f 2385/3512/2288 2386/3581/2337 2373/3513/2289
f 2385/3515/2288 2388/3544/2316 2390/3551/2323
f 2388/3544/2316 2389/3546/2318 2390/3551/2323
f 2390/3551/2323 2379/3510/2286 2385/3515/2288
f 2374/3521/2278 2386/3581/2337 2391/3583/2290
f 2391/3583/2290 2382/3519/2285 2374/3521/2278
f 2381/3526/2299 2380/3508/2284 2399/3524/2297
f 2380/3508/2284 2398/3552/2324 2399/3524/2297
f 2401/3527/2300 2402/3536/2308 2403/3528/2301
f 2408/3533/2305 2397/3523/2296 2409/3534/2306
f 2413/3686/2432 2410/3539/2311 2412/3538/2310
f 2410/3539/2311 2388/3544/2316 2384/3537/2309
f 2384/3537/2309 2411/3687/2338 2412/3538/2310
f 2369/3499/2275 2344/3472/2250 2347/3474/2252
f 2417/3543/2315 2396/3522/2295 2402/3536/2308
f 2388/3544/2316 2410/3539/2311 2418/3545/2317
f 2416/3542/2314 2415/3541/2313 2408/3533/2305
f 2415/3541/2313 2414/3540/2312 2420/3548/2320
f 2422/3550/2322 2380/3508/2284 2379/3510/2286
f 2404/3529/2302 2403/3528/2301 2400/3525/2298
f 2397/3523/2296 2396/3522/2295 2417/3543/2315
f 2363/3492/2268 2412/3538/2310 2423/3553/2325
f 2412/3538/2310 2411/3687/2338 2423/3553/2325
f 2423/3553/2325 2377/3685/2330 2323/3493/2269
f 2335/3488/2264 2360/3683/2431 2334/3557/2242
f 2360/3683/2431 2425/3688/2433 2362/3555/2327
f 2334/3557/2242 2360/3683/2431 2362/3555/2327
f 2317/3453/2234 2320/3681/2335 2331/3565/2243
f 2322/3566/2236 2349/3476/2254 2350/3478/2255
f 2328/3568/2247 2327/3467/2238 2340/3572/2336
f 2340/3572/2336 2350/3478/2255 2348/3475/2253
f 2318/3451/2232 2339/3465/2245 2340/3573/2336
f 2325/3564/2333 2330/3563/2332 2365/3575/2328
f 2387/3578/2287 2373/3684/2289 2372/3505/2281
f 2376/3579/2282 2394/3585/2293 2406/3532/2304
f 2395/3520/2294 2382/3519/2285 2381/3580/2299
f 2381/3580/2299 2405/3530/2303 2395/3520/2294
f 2395/3584/2294 2394/3518/2293 2375/3503/2279
f 2377/3560/2330 2423/3689/2325 2411/3586/2338
f 2239/3588/2339 2246/3632/2383 2401/3589/2340
f 2203/3591/2342 2368/3610/2361 2367/3592/2343
f 2202/3594/2345 2225/3652/2404 2369/3595/2346
f 2238/3597/2348 2420/3639/2390 2414/3598/2349
f 2240/3600/2351 2262/3619/2370 2421/3601/2352
f 2209/3603/2354 2337/3617/2368 2361/3604/2355
f 2273/3606/2357 2253/3612/2363 2363/3607/2358
f 2203/3591/2342 2201/3640/2391 2356/3609/2360
f 2295/3611/2362 2412/3658/2413 2363/3607/2358
f 2293/3613/2364 2294/3646/2397 2410/3614/2365
f 2209/3603/2354 2206/3637/2388 2338/3616/2367
f 2205/3618/2369 2424/3647/2398 2421/3601/2352
f 2292/3620/2434 2398/3660/2434 2422/3621/2434
f 2207/3623/2374 2351/3657/2435 2357/3624/2375
f 2258/3626/2377 2273/3606/2357 2362/3608/2359
f 2243/3628/2379 2236/3599/2350 2414/3598/2349
f 2200/3593/2344 2367/3592/2343 2366/3630/2381
f 2246/3632/2383 2265/3665/2421 2417/3633/2384
f 2242/3634/2385 2243/3628/2379 2416/3629/2380
f 2274/3636/2387 2359/3661/2417 2338/3616/2367
f 2238/3597/2348 2235/3653/2405 2393/3638/2389
f 2208/3625/2376 2357/3624/2375 2356/3609/2360
f 2296/3641/2392 2241/3648/2399 2389/3642/2393
f 2244/3644/2395 2249/3622/2373 2422/3621/2372
f 2296/3641/2392 2418/3643/2394 2410/3614/2365
f 2211/3631/2382 2366/3630/2381 2424/3647/2398
f 2244/3644/2395 2390/3645/2396 2389/3642/2393
f 2258/3626/2400 2425/3627/2436 2360/3649/2401
f 2210/3651/2403 2344/3663/2419 2369/3595/2346
f 2235/3653/2405 2247/3670/2426 2392/3654/2406
f 2242/3634/2407 2407/3635/2437 2409/3655/2408
f 2207/3623/2410 2202/3594/2345 2352/3596/2347
f 2293/3613/2412 2413/3615/2438 2412/3658/2413
f 2248/3659/2414 2399/3664/2420 2398/3660/2415
f 2274/3636/2387 2272/3650/2402 2360/3649/2401
f 2204/3662/2418 2345/3671/2427 2344/3663/2419
f 2248/3659/2414 2239/3588/2339 2404/3590/2341
f 2237/3656/2409 2409/3655/2408 2417/3633/2384
f 2256/3666/2439 2213/3605/2356 2361/3604/2355
f 2212/3668/2423 2256/3666/2440 2343/3667/2424
f 2247/3670/2426 2240/3600/2351 2419/3602/2353
f 2212/3668/2423 2342/3669/2425 2345/3671/2427
o Sphere.003
v 0.000000 0.654756 -0.130239
v 0.000000 0.616767 -0.255473
v 0.000000 0.555075 -0.370889
v 0.000000 0.472053 -0.472053
v 0.000000 0.370889 -0.555075
v 0.000000 0.255473 -0.616767
v 0.000000 -0.370889 -0.555075
v 0.000000 -0.654756 -0.130239
v 0.025408 0.654756 -0.127737
v 0.049840 0.616767 -0.250564
v 0.072357 0.555075 -0.363763
v 0.092093 0.472053 -0.462982
v 0.108290 0.370889 -0.544410
v 0.120325 0.255473 -0.604916
v 0.127737 0.130239 -0.642175
v 0.130239 -0.000000 -0.654756
v 0.127737 -0.130239 -0.642175
v 0.120325 -0.255473 -0.604916
v 0.108290 -0.370889 -0.544410
v 0.092093 -0.472053 -0.462982
v 0.072357 -0.555075 -0.363763
v 0.049840 -0.616767 -0.250564
v 0.025408 -0.654756 -0.127737
v 0.049840 0.654756 -0.120325
v 0.097765 0.616767 -0.236026
v 0.141933 0.555075 -0.342657
v 0.180647 0.472053 -0.436120
v 0.212418 0.370889 -0.512823
v 0.236026 0.255473 -0.569818
v 0.250564 0.130239 -0.604916
v 0.255473 -0.000000 -0.616767
v 0.250564 -0.130239 -0.604916
v 0.236026 -0.255473 -0.569818
v 0.212418 -0.370889 -0.512823
v 0.180647 -0.472053 -0.436120
v 0.141933 -0.555075 -0.342657
v 0.097765 -0.616767 -0.236026
v 0.049840 -0.654756 -0.120325
v 0.072357 0.654756 -0.108290
v 0.141933 0.616767 -0.212418
v 0.206055 0.555075 -0.308383
v 0.262258 0.472053 -0.392497
v 0.308383 0.370889 -0.461528
v 0.342657 0.255473 -0.512823
v 0.363763 0.130239 -0.544410
v 0.370889 -0.000000 -0.555075
v 0.363763 -0.130239 -0.544410
v 0.342657 -0.255473 -0.512823
v 0.308383 -0.370889 -0.461528
v 0.262258 -0.472053 -0.392497
v 0.206055 -0.555075 -0.308383
v 0.141933 -0.616767 -0.212418
v 0.072357 -0.654756 -0.108290
v 0.092093 0.654756 -0.092093
v 0.180647 0.616767 -0.180647
v 0.262258 0.555075 -0.262258
v 0.333792 0.472053 -0.333792
v 0.392498 0.370889 -0.392497
v 0.436120 0.255473 -0.436120
v 0.462982 0.130239 -0.462982
v 0.472053 -0.000000 -0.472053
v 0.462982 -0.130239 -0.462982
v 0.436120 -0.255473 -0.436120
v 0.392498 -0.370889 -0.392497
v 0.333792 -0.472053 -0.333792
v 0.262258 -0.555075 -0.262258
v 0.180647 -0.616767 -0.180647
v 0.092093 -0.654756 -0.092093
v 0.212418 0.616767 -0.141933
v 0.308383 0.555075 -0.206055
v 0.392497 0.472053 -0.262258
v 0.461528 0.370889 -0.308383
v 0.512823 0.255473 -0.342657
v 0.544410 0.130239 -0.363763
v 0.555075 -0.000000 -0.370889
v 0.544410 -0.130239 -0.363763
v 0.512823 -0.255473 -0.342657
v 0.461528 -0.370889 -0.308383
v 0.392497 -0.472053 -0.262258
v 0.308383 -0.555075 -0.206055
v 0.212418 -0.616767 -0.141933
v 0.108290 -0.654756 -0.072357
v 0.236026 0.616767 -0.097765
v 0.342657 0.555075 -0.141933
v 0.436120 0.472053 -0.180647
v 0.512823 0.370889 -0.212418
v 0.569818 0.255473 -0.236026
v 0.604916 0.130239 -0.250564
v 0.616767 -0.000000 -0.255473
v 0.604916 -0.130239 -0.250564
v 0.569818 -0.255473 -0.236026
v 0.512823 -0.370889 -0.212418
v 0.436120 -0.472053 -0.180647
v 0.342657 -0.555075 -0.141933
v 0.236026 -0.616767 -0.097765
v 0.120325 -0.654756 -0.049840
v 0.250564 0.616767 -0.049840
v 0.363763 0.555075 -0.072357
v 0.462982 0.472053 -0.092093
v 0.544410 0.370889 -0.108290
v 0.604916 0.255473 -0.120325
v 0.642175 0.130239 -0.127736
v 0.654756 -0.000000 -0.130239
v 0.642175 -0.130239 -0.127736
v 0.604916 -0.255473 -0.120325
v 0.544410 -0.370889 -0.108290
v 0.462982 -0.472053 -0.092093
v 0.363763 -0.555075 -0.072357
v 0.250564 -0.616767 -0.049840
v 0.127737 -0.654756 -0.025408
v 0.255473 0.616767 0.000000
v 0.370889 0.555075 0.000000
v 0.472053 0.472053 0.000000
v 0.555075 0.370889 0.000000
v 0.616767 0.255473 0.000000
v 0.654756 0.130239 0.000000
v 0.667583 -0.000000 0.000000
v 0.654756 -0.130239 0.000000
v 0.616767 -0.255473 0.000000
v 0.555075 -0.370889 0.000000
v 0.472053 -0.472053 0.000000
v 0.370889 -0.555075 0.000000
v 0.255473 -0.616767 0.000000
v 0.130239 -0.654756 0.000000
v 0.654756 -0.000000 0.130239
v 0.642175 -0.130239 0.127737
v 0.604916 -0.255473 0.120325
v 0.544410 -0.370889 0.108290
v 0.462982 -0.472053 0.092093
v 0.363763 -0.555075 0.072357
v 0.250564 -0.616767 0.049840
v 0.127737 -0.654756 0.025408
v 0.616767 -0.000000 0.255473
v 0.604916 -0.130239 0.250564
v 0.569818 -0.255473 0.236026
v 0.512823 -0.370889 0.212418
v 0.436120 -0.472053 0.180647
v 0.342657 -0.555075 0.141933
v 0.236026 -0.616767 0.097765
v 0.120325 -0.654756 0.049840
v 0.461528 -0.370889 0.308383
v 0.392497 -0.472053 0.262258
v 0.308383 -0.555075 0.206055
v 0.212418 -0.616767 0.141933
v 0.108290 -0.654756 0.072357
v 0.262258 -0.555075 0.262258
v 0.180647 -0.616767 0.180647
v 0.092093 -0.654756 0.092093
v 0.206055 -0.555075 0.308383
v 0.141933 -0.616767 0.212418
v 0.072357 -0.654756 0.108290
v 0.180647 -0.472053 0.436120
v 0.141933 -0.555075 0.342657
v 0.097765 -0.616767 0.236026
v 0.049840 -0.654756 0.120325
v 0.108290 -0.370889 0.544410
v 0.092093 -0.472053 0.462982
v 0.072357 -0.555075 0.363763
v 0.049840 -0.616767 0.250564
v 0.025408 -0.654756 0.127737
v 0.000000 -0.370889 0.555075
v 0.000000 -0.472053 0.472053
v 0.000000 -0.555075 0.370889
v 0.000000 -0.616767 0.255473
v 0.000000 -0.654756 0.130239
v -0.025408 0.654756 -0.127737
v -0.049840 0.616767 -0.250564
v -0.072357 0.555075 -0.363763
v -0.092093 0.472053 -0.462982
v -0.108290 0.370889 -0.544410
v -0.120325 0.255473 -0.604916
v -0.127737 0.130239 -0.642175
v -0.130239 -0.000000 -0.654756
v -0.127737 -0.130239 -0.642175
v -0.120325 -0.255473 -0.604916
v -0.108290 -0.370889 -0.544410
v -0.092093 -0.472053 -0.462982
v -0.072357 -0.555075 -0.363763
v -0.049840 -0.616767 -0.250564
v -0.025408 -0.654756 -0.127737
v -0.049840 0.654756 -0.120325
v -0.097765 0.616767 -0.236026
v -0.141933 0.555075 -0.342657
v -0.180647 0.472053 -0.436120
v -0.212418 0.370889 -0.512823
v -0.236026 0.255473 -0.569818
v -0.250564 0.130239 -0.604916
v -0.255473 -0.000000 -0.616767
v -0.250564 -0.130239 -0.604916
v -0.236026 -0.255473 -0.569818
v -0.212418 -0.370889 -0.512823
v -0.180647 -0.472053 -0.436120
v -0.141933 -0.555075 -0.342657
v -0.097765 -0.616767 -0.236026
v -0.049840 -0.654756 -0.120325
v -0.072357 0.654756 -0.108290
v -0.141933 0.616767 -0.212418
v -0.206055 0.555075 -0.308383
v -0.262258 0.472053 -0.392497
v -0.308383 0.370889 -0.461528
v -0.342657 0.255473 -0.512823
v -0.363763 0.130239 -0.544410
v -0.370889 -0.000000 -0.555075
v -0.363763 -0.130239 -0.544410
v -0.342657 -0.255473 -0.512823
v -0.308383 -0.370889 -0.461528
v -0.262258 -0.472053 -0.392497
v -0.206055 -0.555075 -0.308383
v -0.141933 -0.616767 -0.212418
v -0.072357 -0.654756 -0.108290
v -0.092093 0.654756 -0.092093
v -0.180647 0.616767 -0.180647
v -0.262258 0.555075 -0.262258
v -0.333792 0.472053 -0.333792
v -0.392498 0.370889 -0.392497
v -0.436120 0.255473 -0.436120
v -0.462982 0.130239 -0.462982
v -0.472053 -0.000000 -0.472053
v -0.462982 -0.130239 -0.462982
v -0.436120 -0.255473 -0.436120
v -0.392498 -0.370889 -0.392497
v -0.333792 -0.472053 -0.333792
v -0.262258 -0.555075 -0.262258
v -0.180647 -0.616767 -0.180647
v -0.092093 -0.654756 -0.092093
v -0.212418 0.616767 -0.141933
v -0.308383 0.555075 -0.206055
v -0.392497 0.472053 -0.262258
v -0.461528 0.370889 -0.308383
v -0.512823 0.255473 -0.342657
v -0.544410 0.130239 -0.363763
v -0.555075 -0.000000 -0.370889
v -0.544410 -0.130239 -0.363763
v -0.512823 -0.255473 -0.342657
v -0.461528 -0.370889 -0.308383
v -0.392497 -0.472053 -0.262258
v -0.308383 -0.555075 -0.206055
v -0.212418 -0.616767 -0.141933
v -0.108290 -0.654756 -0.072357
v -0.236026 0.616767 -0.097765
v -0.342657 0.555075 -0.141933
v -0.436120 0.472053 -0.180647
v -0.512823 0.370889 -0.212418
v -0.569818 0.255473 -0.236026
v -0.604916 0.130239 -0.250564
v -0.616767 -0.000000 -0.255473
v -0.604916 -0.130239 -0.250564
v -0.569818 -0.255473 -0.236026
v -0.512823 -0.370889 -0.212418
v -0.436120 -0.472053 -0.180647
v -0.342657 -0.555075 -0.141933
v -0.236026 -0.616767 -0.097765
v -0.120325 -0.654756 -0.049840
v -0.250564 0.616767 -0.049840
v -0.363763 0.555075 -0.072357
v -0.462982 0.472053 -0.092093
v -0.544410 0.370889 -0.108290
v -0.604916 0.255473 -0.120325
v -0.642175 0.130239 -0.127736
v -0.654756 -0.000000 -0.130239
v -0.642175 -0.130239 -0.127736
v -0.604916 -0.255473 -0.120325
v -0.544410 -0.370889 -0.108290
v -0.462982 -0.472053 -0.092093
v -0.363763 -0.555075 -0.072357
v -0.250564 -0.616767 -0.049840
v -0.127737 -0.654756 -0.025408
v -0.255473 0.616767 0.000000
v -0.370889 0.555075 0.000000
v -0.472053 0.472053 0.000000
v -0.555075 0.370889 0.000000
v -0.616767 0.255473 0.000000
v -0.654756 0.130239 0.000000
v -0.667583 -0.000000 0.000000
v -0.654756 -0.130239 0.000000
v -0.616767 -0.255473 0.000000
v -0.555075 -0.370889 0.000000
v -0.472053 -0.472053 0.000000
v -0.370889 -0.555075 0.000000
v -0.255473 -0.616767 0.000000
v -0.130239 -0.654756 0.000000
v -0.654756 -0.000000 0.130239
v -0.642175 -0.130239 0.127737
v -0.604916 -0.255473 0.120325
v -0.544410 -0.370889 0.108290
v -0.462982 -0.472053 0.092093
v -0.363763 -0.555075 0.072357
v -0.250564 -0.616767 0.049840
v -0.127737 -0.654756 0.025408
v -0.616767 -0.000000 0.255473
v -0.604916 -0.130239 0.250564
v -0.569818 -0.255473 0.236026
v -0.512823 -0.370889 0.212418
v -0.436120 -0.472053 0.180647
v -0.342657 -0.555075 0.141933
v -0.236026 -0.616767 0.097765
v -0.120325 -0.654756 0.049840
v -0.461528 -0.370889 0.308383
v -0.392497 -0.472053 0.262258
v -0.308383 -0.555075 0.206055
v -0.212418 -0.616767 0.141933
v -0.108290 -0.654756 0.072357
v -0.262258 -0.555075 0.262258
v -0.180647 -0.616767 0.180647
v 0.000000 -0.667583 0.000000
v -0.092093 -0.654756 0.092093
v -0.206055 -0.555075 0.308383
v -0.141933 -0.616767 0.212418
v -0.072357 -0.654756 0.108290
v -0.180647 -0.472053 0.436120
v 0.000000 0.130239 -0.654756
v 0.000000 -0.000000 -0.667583
v 0.000000 -0.130239 -0.654756
v 0.000000 -0.255473 -0.616766
v 0.000000 -0.472053 -0.472052
v 0.000000 -0.555075 -0.370889
v 0.000000 -0.616767 -0.255473
v 0.200000 0.000000 -0.078485
v 0.015612 0.659702 -0.078485
v 0.000000 0.659853 -0.078485
v 0.032509 0.659216 -0.078485
v 0.200000 0.633594 0.000000
v 0.052442 0.658287 -0.078485
v 0.078485 0.656651 -0.078485
v 0.103261 0.654756 -0.078485
v 0.200000 0.000000 0.000000
v 0.117460 0.651410 -0.078485
v 0.189479 0.632050 -0.078485
v 0.200000 0.628981 -0.078485
v 0.200000 0.632406 -0.039782
v -0.141933 -0.555075 0.342657
v -0.097765 -0.616767 0.236026
v -0.049840 -0.654756 0.120325
v -0.108290 -0.370889 0.544410
v -0.092093 -0.472053 0.462982
v -0.072357 -0.555075 0.363763
v -0.049840 -0.616767 0.250564
v -0.025408 -0.654756 0.127737
v 0.198506 -0.539595 0.328143
v 0.577924 -0.000000 0.328143
v 0.563449 -0.130239 0.328143
v 0.520581 -0.255473 0.328143
v 0.491100 -0.304350 0.328143
v 0.445312 -0.370889 0.328143
v 0.338427 -0.472053 0.328143
v 0.328143 -0.478609 0.328143
v 0.219258 -0.535572 0.328143
v 0.198506 -0.415185 0.479237
v 0.198506 -0.472053 0.426573
v 0.208911 -0.539595 0.328143
v 0.198506 -0.539595 0.333704
v 0.198506 -0.370889 0.517043
v 0.198506 -0.000000 0.425238
v 0.198506 -0.000000 0.328143
v 0.198506 -0.194425 0.425238
v 0.000000 0.000000 -0.078485
v 0.000000 -0.000000 0.425238
v -0.200000 0.000000 -0.078485
v -0.015612 0.659702 -0.078485
v -0.032509 0.659216 -0.078485
v -0.200000 0.633594 0.000000
v -0.052442 0.658287 -0.078485
v -0.078485 0.656651 -0.078485
v -0.103261 0.654756 -0.078485
v 0.118965 -0.268511 0.598080
v 0.198506 -0.268511 0.573952
v 0.000000 -0.268511 0.609797
v -0.200000 0.000000 0.000000
v -0.117460 0.651410 -0.078485
v -0.189479 0.632050 -0.078485
v -0.200000 0.628981 -0.078485
v 0.198506 -0.268511 0.425238
v 0.000000 -0.060262 0.425238
v 0.013605 -0.061602 0.425238
v 0.026687 -0.065571 0.425238
v 0.038744 -0.072015 0.425238
v 0.049312 -0.080688 0.425238
v 0.057985 -0.091256 0.425238
v 0.064429 -0.103313 0.425238
v 0.068397 -0.116395 0.425238
v 0.069737 -0.130000 0.425238
v 0.068397 -0.143605 0.425238
v 0.064429 -0.156687 0.425238
v 0.057985 -0.168744 0.425238
v 0.049312 -0.179312 0.425238
v 0.038744 -0.187984 0.425238
v 0.026687 -0.194429 0.425238
v 0.013605 -0.198397 0.425238
v 0.000000 -0.199737 0.425238
v -0.200000 0.632406 -0.039782
v -0.198506 -0.539595 0.328143
v -0.577924 -0.000000 0.328143
v -0.563449 -0.130239 0.328143
v -0.520581 -0.255473 0.328143
v -0.491100 -0.304350 0.328143
v -0.445312 -0.370889 0.328143
v -0.338427 -0.472053 0.328143
v -0.328143 -0.478609 0.328143
v -0.219258 -0.535572 0.328143
v -0.198506 -0.415185 0.479237
v -0.198506 -0.472053 0.426573
v -0.208911 -0.539595 0.328143
v -0.198506 -0.539595 0.333704
v -0.198506 -0.370889 0.517043
v 0.000000 -0.030000 0.425238
v 0.019509 -0.031921 0.425238
v 0.038268 -0.037612 0.425238
v 0.055557 -0.046853 0.425238
v 0.070711 -0.059289 0.425238
v 0.083147 -0.074443 0.425238
v 0.092388 -0.091732 0.425238
v 0.098079 -0.110491 0.425238
v 0.100000 -0.130000 0.425238
v 0.098079 -0.149509 0.425238
v 0.092388 -0.168268 0.425238
v 0.083147 -0.185557 0.425238
v 0.070711 -0.200711 0.425238
v 0.055557 -0.213147 0.425238
v 0.038268 -0.222388 0.425238
v 0.019509 -0.228078 0.425238
v 0.000000 -0.230000 0.425238
v -0.198506 -0.000000 0.425238
v -0.198506 -0.000000 0.328143
v -0.198506 -0.194425 0.425238
v -0.118965 -0.268511 0.598080
v -0.198506 -0.268511 0.573952
v -0.198506 -0.268511 0.425238
v -0.013605 -0.061602 0.425238
v -0.026687 -0.065571 0.425238
v -0.038744 -0.072015 0.425238
v -0.049312 -0.080688 0.425238
v -0.057985 -0.091256 0.425238
v 0.000000 -0.060262 0.445990
v 0.013605 -0.061602 0.445990
v 0.026687 -0.065571 0.445990
v 0.038744 -0.072015 0.445990
v 0.049312 -0.080688 0.445990
v 0.057985 -0.091256 0.445990
v 0.064429 -0.103313 0.445990
v 0.068397 -0.116395 0.445990
v 0.069737 -0.130000 0.445990
v 0.068397 -0.143605 0.445990
v 0.064429 -0.156687 0.445990
v 0.057985 -0.168744 0.445990
v 0.049312 -0.179312 0.445990
v 0.038744 -0.187985 0.445990
v 0.026687 -0.194429 0.445990
v 0.013605 -0.198397 0.445990
v 0.000000 -0.199737 0.445990
v -0.064429 -0.103313 0.425238
v -0.068397 -0.116395 0.425238
v -0.069737 -0.130000 0.425238
v -0.068397 -0.143605 0.425238
v -0.064429 -0.156687 0.425238
v -0.057985 -0.168744 0.425238
v -0.049312 -0.179312 0.425238
v -0.038744 -0.187984 0.425238
v -0.026687 -0.194429 0.425238
v -0.013605 -0.198397 0.425238
v -0.019509 -0.031921 0.425238
v -0.038268 -0.037612 0.425238
v -0.055557 -0.046853 0.425238
v 0.000000 -0.030000 0.445990
v 0.019509 -0.031921 0.445990
v 0.038268 -0.037612 0.445990
v 0.055557 -0.046853 0.445990
v 0.070711 -0.059289 0.445990
v 0.083147 -0.074443 0.445990
v 0.092388 -0.091732 0.445990
v 0.098079 -0.110491 0.445990
v 0.100000 -0.130000 0.445990
v 0.098079 -0.149509 0.445990
v 0.092388 -0.168268 0.445990
v 0.083147 -0.185557 0.445990
v 0.070711 -0.200711 0.445990
v 0.055557 -0.213147 0.445990
v 0.038268 -0.222388 0.445990
v 0.019509 -0.228078 0.445990
v 0.000000 -0.230000 0.445990
v -0.070711 -0.059289 0.425238
v -0.083147 -0.074443 0.425238
v -0.092388 -0.091732 0.425238
v -0.098079 -0.110491 0.425238
v -0.100000 -0.130000 0.425238
v -0.098079 -0.149509 0.425238
v -0.092388 -0.168268 0.425238
v -0.083147 -0.185557 0.425238
v -0.070711 -0.200711 0.425238
v -0.055557 -0.213147 0.425238
v -0.038268 -0.222388 0.425238
v -0.019509 -0.228078 0.425238
v -0.013605 -0.061602 0.445990
v 0.022883 -0.472053 0.469799
v 0.000000 -0.322815 0.580771
v 0.050000 -0.370889 0.550151
v -0.026687 -0.065571 0.445990
v 0.000000 -0.486663 0.454250
v -0.038744 -0.072015 0.445990
v -0.049312 -0.080688 0.445990
v 0.050000 -0.404739 0.522371
v 0.050000 -0.454739 0.481337
v -0.057985 -0.091256 0.445990
v -0.064429 -0.103313 0.445990
v 0.050000 -0.354739 0.558783
v 0.111189 -0.343090 0.558983
v 0.116220 -0.294841 0.584277
v 0.109698 -0.342638 0.559372
v 0.105376 -0.340328 0.561032
v 0.101588 -0.337218 0.563067
v 0.098479 -0.333430 0.565398
v 0.096168 -0.329108 0.567936
v 0.094746 -0.324418 0.570583
v 0.094265 -0.319541 0.573237
v 0.094746 -0.314664 0.575797
v 0.096168 -0.309974 0.578164
v 0.098479 -0.305651 0.580246
v 0.101588 -0.301863 0.581965
v 0.105376 -0.298754 0.583254
v 0.109698 -0.296444 0.584063
v 0.114388 -0.295021 0.584361
v 0.119265 -0.294541 0.583520
v 0.124143 -0.295021 0.581774
v 0.128832 -0.296444 0.579560
v 0.133154 -0.298754 0.576965
v 0.136943 -0.301863 0.574088
v 0.140052 -0.305651 0.571039
v 0.142362 -0.309974 0.567935
v 0.143785 -0.314664 0.564897
v 0.144265 -0.319541 0.562040
v 0.143785 -0.324418 0.559474
v 0.142362 -0.329108 0.557299
v 0.140052 -0.333430 0.555597
v 0.136943 -0.337218 0.554435
v 0.133154 -0.340327 0.553855
v 0.128832 -0.342638 0.553882
v 0.124143 -0.344060 0.554514
v 0.119265 -0.344541 0.555727
v 0.114388 -0.344060 0.557473
v 0.000000 -0.268511 0.425238
v -0.068397 -0.116395 0.445990
v -0.069737 -0.130000 0.445990
v -0.068397 -0.143605 0.445990
v -0.064429 -0.156687 0.445990
v -0.057985 -0.168744 0.445990
v -0.049312 -0.179312 0.445990
v -0.038744 -0.187985 0.445990
v -0.026687 -0.194429 0.445990
v -0.013605 -0.198397 0.445990
v -0.019509 -0.031921 0.445990
v -0.038268 -0.037612 0.445990
v -0.055557 -0.046853 0.445990
v -0.070711 -0.059289 0.445990
v -0.083147 -0.074443 0.445990
v -0.092388 -0.091732 0.445990
v -0.098079 -0.110491 0.445990
v -0.100000 -0.130000 0.445990
v -0.098079 -0.149509 0.445990
v -0.092388 -0.168268 0.445990
v -0.083147 -0.185557 0.445990
v -0.070711 -0.200711 0.445990
v -0.055557 -0.213147 0.445990
v -0.038268 -0.222388 0.445990
v -0.019509 -0.228078 0.445990
v -0.022883 -0.472053 0.469799
v -0.050000 -0.370889 0.550151
v -0.050000 -0.404739 0.522371
v -0.050000 -0.454739 0.481337
v -0.050000 -0.354739 0.558783
v -0.111189 -0.343090 0.558983
v -0.116220 -0.294841 0.584277
v -0.109698 -0.342638 0.559372
v -0.105376 -0.340328 0.561032
v -0.101588 -0.337218 0.563067
v -0.098479 -0.333430 0.565398
v -0.096168 -0.329108 0.567936
v -0.094746 -0.324418 0.570583
v -0.094265 -0.319541 0.573237
v -0.094746 -0.314664 0.575797
v -0.096168 -0.309974 0.578164
v -0.098479 -0.305651 0.580246
v -0.101588 -0.301863 0.581965
v -0.105376 -0.298754 0.583254
v -0.109698 -0.296444 0.584063
v -0.114388 -0.295021 0.584361
v -0.119265 -0.294541 0.583520
v -0.124143 -0.295021 0.581774
v -0.128832 -0.296444 0.579560
v -0.133154 -0.298754 0.576965
v -0.136943 -0.301863 0.574088
v -0.140052 -0.305651 0.571039
v -0.142362 -0.309974 0.567935
v -0.143785 -0.314664 0.564897
v -0.144265 -0.319541 0.562040
v -0.143785 -0.324418 0.559474
v -0.142362 -0.329108 0.557299
v -0.140052 -0.333430 0.555597
v -0.136943 -0.337218 0.554435
v -0.133154 -0.340327 0.553855
v -0.128832 -0.342638 0.553882
v -0.124143 -0.344060 0.554514
v -0.119265 -0.344541 0.555727
v -0.114388 -0.344060 0.557473
vt 0.375738 0.111466
vt 0.388207 0.112425
vt 0.381651 0.118060
vt 0.320220 0.049553
vt 0.335373 0.057878
vt 0.331315 0.061927
vt 0.393683 0.119347
vt 0.387482 0.124562
vt 0.345932 0.067367
vt 0.340737 0.072433
vt 0.399031 0.126395
vt 0.393329 0.131083
vt 0.348993 0.081640
vt 0.354957 0.075946
vt 0.404344 0.133690
vt 0.399299 0.137741
vt 0.362879 0.083882
vt 0.356419 0.089922
vt 0.409718 0.141381
vt 0.405514 0.144672
vt 0.369982 0.091364
vt 0.363245 0.097534
vt 0.415257 0.149656
vt 0.412126 0.152046
vt 0.376473 0.098538
vt 0.369640 0.104666
vt 0.421083 0.158773
vt 0.419330 0.160080
vt 0.382506 0.105523
vt 0.317067 0.042649
vt 0.322595 0.047114
vt 0.427271 0.168936
vt 0.389601 0.099655
vt 0.318980 0.041086
vt 0.324594 0.044313
vt 0.423041 0.157781
vt 0.395191 0.107021
vt 0.338952 0.053306
vt 0.400377 0.114498
vt 0.350702 0.061754
vt 0.405251 0.122178
vt 0.360626 0.069758
vt 0.409893 0.130175
vt 0.369207 0.077454
vt 0.414371 0.138634
vt 0.376758 0.084947
vt 0.418740 0.147749
vt 0.383500 0.092322
vt 0.415983 0.127232
vt 0.366043 0.062946
vt 0.375502 0.070473
vt 0.419465 0.136483
vt 0.383716 0.078110
vt 0.422535 0.146373
vt 0.390898 0.085862
vt 0.425158 0.157133
vt 0.397206 0.093744
vt 0.321336 0.039318
vt 0.326172 0.041189
vt 0.402769 0.101775
vt 0.342015 0.048203
vt 0.407694 0.109989
vt 0.355040 0.055524
vt 0.412075 0.118444
vt 0.324553 0.037145
vt 0.327289 0.037776
vt 0.427385 0.156857
vt 0.411164 0.096644
vt 0.344500 0.042548
vt 0.415811 0.105837
vt 0.358897 0.048584
vt 0.419615 0.115250
vt 0.371212 0.055340
vt 0.422661 0.124938
vt 0.381844 0.062723
vt 0.424993 0.135003
vt 0.391015 0.070632
vt 0.426594 0.145586
vt 0.398881 0.078976
vt 0.405559 0.087671
vt 0.376080 0.046714
vt 0.388289 0.053899
vt 0.429978 0.123419
vt 0.430934 0.134300
vt 0.398841 0.062201
vt 0.430858 0.145454
vt 0.407743 0.071414
vt 0.429664 0.156980
vt 0.415003 0.081304
vt 0.327666 0.035269
vt 0.420689 0.091623
vt 0.329506 0.034237
vt 0.424958 0.102126
vt 0.362159 0.040833
vt 0.428007 0.112718
vt 0.426074 0.074485
vt 0.431795 0.086795
vt 0.346287 0.036399
vt 0.339583 0.029481
vt 0.347257 0.029830
vt 0.435426 0.099048
vt 0.364641 0.032158
vt 0.437397 0.111063
vt 0.380504 0.036772
vt 0.437966 0.122864
vt 0.394842 0.043569
vt 0.437246 0.134511
vt 0.407415 0.052348
vt 0.435249 0.146054
vt 0.417921 0.062804
vt 0.431932 0.157521
vt 0.446616 0.123531
vt 0.443845 0.135807
vt 0.416979 0.040315
vt 0.439658 0.147462
vt 0.430115 0.052509
vt 0.434113 0.158490
vt 0.439760 0.067007
vt 0.445141 0.082456
vt 0.341101 0.028955
vt 0.447538 0.096987
vt 0.366059 0.022442
vt 0.447902 0.110618
vt 0.384186 0.025143
vt 0.401390 0.031104
vt 0.461498 0.096620
vt 0.347390 0.022717
vt 0.365948 0.011679
vt 0.459537 0.111853
vt 0.386571 0.011418
vt 0.455840 0.125747
vt 0.407568 0.015624
vt 0.450588 0.138381
vt 0.427680 0.024861
vt 0.443942 0.149751
vt 0.445350 0.039270
vt 0.436126 0.159886
vt 0.458667 0.058617
vt 0.461522 0.079520
vt 0.346413 0.015322
vt 0.339384 0.023283
vt 0.337881 0.017437
vt 0.457251 0.142441
vt 0.447915 0.152973
vt 0.437879 0.161693
vt 0.481992 0.058860
vt 0.480094 0.080190
vt 0.476992 0.098815
vt 0.472147 0.115305
vt 0.465439 0.129890
vt 0.493749 0.103991
vt 0.485578 0.121501
vt 0.475097 0.136385
vt 0.463513 0.148192
vt 0.451340 0.157139
vt 0.439277 0.163870
vt 0.499795 0.084174
vt 0.440227 0.166351
vt 0.518492 0.065989
vt 0.514095 0.088502
vt 0.509298 0.111359
vt 0.507167 0.121140
vt 0.499148 0.131159
vt 0.484297 0.145743
vt 0.468924 0.155819
vt 0.453937 0.162192
vt 0.502195 0.134207
vt 0.491752 0.157616
vt 0.490859 0.159453
vt 0.455388 0.167964
vt 0.440647 0.169040
vt 0.455425 0.174140
vt 0.440479 0.171812
vt 0.472465 0.165287
vt 0.478128 0.176505
vt 0.473247 0.176060
vt 0.488711 0.195583
vt 0.490032 0.192619
vt 0.499021 0.201453
vt 0.470484 0.186695
vt 0.476442 0.179673
vt 0.453910 0.180271
vt 0.439700 0.174522
vt 0.438334 0.177019
vt 0.518492 0.222240
vt 0.506390 0.222578
vt 0.505726 0.221991
vt 0.480718 0.207637
vt 0.496250 0.220519
vt 0.465252 0.195919
vt 0.450942 0.185887
vt 0.485308 0.222101
vt 0.478584 0.214814
vt 0.473421 0.215254
vt 0.468705 0.215163
vt 0.458274 0.203519
vt 0.446757 0.190670
vt 0.436444 0.179167
vt 0.491831 0.229239
vt 0.500502 0.228098
vt 0.501049 0.228792
vt 0.356380 0.103561
vt 0.349714 0.095688
vt 0.375338 0.123965
vt 0.401785 0.148493
vt 0.326849 0.065520
vt 0.381624 0.130161
vt 0.362807 0.110792
vt 0.388049 0.136243
vt 0.335137 0.077048
vt 0.417841 0.161681
vt 0.409410 0.154899
vt 0.394724 0.142316
vt 0.425921 0.182244
vt 0.417670 0.194710
vt 0.423294 0.181534
vt 0.313699 0.045669
vt 0.315371 0.044147
vt 0.376076 0.136288
vt 0.349265 0.109600
vt 0.329039 0.081180
vt 0.390627 0.147451
vt 0.416641 0.163519
vt 0.335918 0.091914
vt 0.342685 0.086951
vt 0.362491 0.123964
vt 0.369095 0.117548
vt 0.317537 0.051650
vt 0.311937 0.047401
vt 0.398550 0.152821
vt 0.321917 0.068582
vt 0.407136 0.158154
vt 0.314535 0.053333
vt 0.309924 0.049552
vt 0.342636 0.101280
vt 0.328558 0.096559
vt 0.415767 0.165553
vt 0.395858 0.157651
vt 0.369207 0.130321
vt 0.316511 0.071073
vt 0.348640 0.123756
vt 0.355864 0.117103
vt 0.363169 0.137284
vt 0.341713 0.115775
vt 0.370800 0.143073
vt 0.405356 0.161777
vt 0.428694 0.182378
vt 0.423249 0.196780
vt 0.355790 0.130882
vt 0.387040 0.153185
vt 0.383182 0.141968
vt 0.384034 0.159574
vt 0.357157 0.145073
vt 0.415251 0.167737
vt 0.378729 0.148345
vt 0.315056 0.087896
vt 0.322374 0.084816
vt 0.374735 0.155494
vt 0.320436 0.100872
vt 0.311259 0.054562
vt 0.307414 0.052514
vt 0.326620 0.112243
vt 0.311332 0.104775
vt 0.348846 0.138527
vt 0.415126 0.170016
vt 0.333487 0.122219
vt 0.335014 0.106780
vt 0.393787 0.162985
vt 0.381730 0.166683
vt 0.310619 0.072930
vt 0.429268 0.220310
vt 0.418733 0.213463
vt 0.429356 0.215410
vt 0.341491 0.147224
vt 0.340927 0.130943
vt 0.324256 0.129083
vt 0.963504 0.034293
vt 0.963509 0.031771
vt 0.966020 0.031954
vt 0.305212 0.055405
vt 0.307745 0.055302
vt 0.298105 0.091823
vt 0.304313 0.074038
vt 0.306997 0.090298
vt 0.404132 0.165726
vt 0.351132 0.153996
vt 0.333510 0.157488
vt 0.432599 0.218978
vt 0.430699 0.219157
vt 0.447074 0.232896
vt 0.451780 0.243773
vt 0.443986 0.233885
vt 0.298164 0.066623
vt 0.303985 0.057122
vt 0.403538 0.169951
vt 0.356912 0.169452
vt 0.361109 0.159380
vt 0.332448 0.138932
vt 0.365791 0.150691
vt 0.416143 0.174603
vt 0.403658 0.174380
vt 0.415417 0.172329
vt 0.300969 0.108094
vt 0.380311 0.174563
vt 0.371307 0.163561
vt 0.324591 0.170281
vt 0.322783 0.148115
vt 0.317149 0.117692
vt 0.431473 0.181899
vt 0.300530 0.144737
vt 0.313531 0.136536
vt 0.277605 0.090899
vt 0.290592 0.073649
vt 0.288292 0.092178
vt 0.392538 0.181813
vt 0.391967 0.175112
vt 0.392443 0.168815
vt 0.293066 0.128241
vt 0.306168 0.123085
vt 0.429384 0.197488
vt 0.345126 0.164512
vt 0.380034 0.183234
vt 0.351667 0.195105
vt 0.339364 0.177307
vt 0.353548 0.181268
vt 0.297476 0.068075
vt 0.297678 0.074289
vt 0.368641 0.172716
vt 0.417313 0.176755
vt 0.381235 0.192644
vt 0.367059 0.183110
vt 0.289008 0.110491
vt 0.406389 0.183424
vt 0.404579 0.178916
vt 0.275106 0.111372
vt 0.277007 0.132701
vt 0.367022 0.194810
vt 0.434104 0.180812
vt 0.314198 0.188165
vt 0.311226 0.159120
vt 0.334666 0.193272
vt 0.384311 0.202635
vt 0.296411 0.172827
vt 0.283347 0.071875
vt 0.292024 0.065752
vt 0.409160 0.187723
vt 0.394365 0.188795
vt 0.418918 0.178694
vt 0.412929 0.191580
vt 0.397677 0.195860
vt 0.389719 0.212941
vt 0.311907 0.211377
vt 0.470286 0.265391
vt 0.471442 0.252683
vt 0.471953 0.253407
vt 0.352167 0.210745
vt 0.440225 0.213820
vt 0.459921 0.226271
vt 0.369085 0.207719
vt 0.471021 0.243107
vt 0.402713 0.202708
vt 0.398022 0.223102
vt 0.420931 0.180320
vt 0.171313 0.550609
vt 0.171859 0.550565
vt 0.172584 0.550712
vt 0.384612 0.239640
vt 0.371083 0.243164
vt 0.381913 0.236281
vt 0.355493 0.227964
vt 0.333316 0.211807
vt 0.969066 0.022559
vt 0.969033 0.029700
vt 0.441547 0.194309
vt 0.337887 0.246508
vt 0.361130 0.244220
vt 0.435642 0.196648
vt 0.410937 0.231113
vt 0.409015 0.231801
vt 0.889258 0.039549
vt 0.885075 0.025759
vt 0.935149 0.011418
vt 0.373786 0.221743
vt 0.473788 0.232403
vt 0.478713 0.248784
vt 0.478084 0.248164
vt 0.480169 0.239673
vt 0.313258 0.234098
vt 0.409706 0.208915
vt 0.468277 0.219850
vt 0.449960 0.209624
vt 0.315031 0.248434
vt 0.335137 0.231822
vt 0.673005 0.783613
vt 0.679114 0.781760
vt 0.679114 0.851528
vt 0.246408 0.939524
vt 0.227375 0.948283
vt 0.227375 0.926424
vt 0.507817 0.357995
vt 0.512197 0.288358
vt 0.516459 0.288735
vt 0.113167 0.833808
vt 0.123859 0.855217
vt 0.123859 0.863375
vt 0.919410 0.425563
vt 0.922656 0.430945
vt 0.887192 0.459076
vt 0.477305 0.179417
vt 0.476827 0.177802
vt 0.789265 0.132674
vt 0.778458 0.131609
vt 0.779522 0.120802
vt 0.432252 0.219808
vt 0.891350 0.126582
vt 0.887909 0.127231
vt 0.889639 0.125358
vt 0.081765 0.956407
vt 0.079651 0.953831
vt 0.080715 0.952767
vt 0.893280 0.127448
vt 0.895097 0.130397
vt 0.892530 0.129893
vt 0.069907 0.941959
vt 0.068843 0.943023
vt 0.067793 0.939383
vt 0.890041 0.128863
vt 0.720669 0.963327
vt 0.717790 0.961947
vt 0.719000 0.961169
vt 0.706928 0.961240
vt 0.708248 0.958618
vt 0.708949 0.959816
vt 0.718909 0.964342
vt 0.716447 0.962452
vt 0.893022 0.104455
vt 0.895690 0.106463
vt 0.893659 0.106827
vt 0.717041 0.964971
vt 0.715039 0.962675
vt 0.705995 0.959618
vt 0.707800 0.957298
vt 0.715122 0.965225
vt 0.713625 0.962615
vt 0.891740 0.107591
vt 0.711370 0.964625
vt 0.712259 0.962279
vt 0.705394 0.957858
vt 0.707621 0.955891
vt 0.710993 0.961682
vt 0.722110 0.961883
vt 0.890012 0.108723
vt 0.890638 0.105392
vt 0.899746 0.106963
vt 0.902770 0.105762
vt 0.901620 0.107786
vt 0.720901 0.959007
vt 0.720069 0.960186
vt 0.705118 0.956025
vt 0.707607 0.954478
vt 0.709668 0.963796
vt 0.709876 0.960850
vt 0.721471 0.957689
vt 0.723204 0.960226
vt 0.705156 0.954164
vt 0.707873 0.953112
vt 0.897747 0.106511
vt 0.900537 0.104711
vt 0.721766 0.956287
vt 0.723943 0.958417
vt 0.887399 0.111903
vt 0.886669 0.108589
vt 0.888545 0.110180
vt 0.898089 0.104110
vt 0.724316 0.954585
vt 0.724316 0.956515
vt 0.706300 0.950643
vt 0.708402 0.951840
vt 0.708167 0.962652
vt 0.721513 0.953452
vt 0.721779 0.954857
vt 0.886619 0.113831
vt 0.885242 0.110713
vt 0.903273 0.108982
vt 0.904811 0.107144
vt 0.720979 0.952127
vt 0.723945 0.952694
vt 0.709169 0.950705
vt 0.904697 0.110484
vt 0.906590 0.108937
vt 0.720198 0.950932
vt 0.723215 0.950913
vt 0.886184 0.115896
vt 0.884259 0.113073
vt 0.908004 0.111072
vt 0.905825 0.112245
vt 0.719202 0.949914
vt 0.722153 0.949309
vt 0.707368 0.949152
vt 0.710144 0.949743
vt 0.908987 0.113455
vt 0.906613 0.114195
vt 0.718028 0.949110
vt 0.720799 0.947943
vt 0.887142 0.122044
vt 0.884048 0.120656
vt 0.886444 0.120086
vt 0.907013 0.116263
vt 0.909491 0.115994
vt 0.716724 0.948553
vt 0.719206 0.946871
vt 0.886139 0.118012
vt 0.883727 0.115579
vt 0.909491 0.118587
vt 0.907006 0.118370
vt 0.715343 0.948261
vt 0.717437 0.946136
vt 0.906591 0.120433
vt 0.908985 0.121129
vt 0.713940 0.948244
vt 0.715566 0.945769
vt 0.905783 0.122373
vt 0.907993 0.123522
vt 0.711840 0.946170
vt 0.713672 0.945782
vt 0.904615 0.124116
vt 0.906555 0.125671
vt 0.711291 0.949005
vt 0.712571 0.948498
vt 0.903133 0.125592
vt 0.904727 0.127493
vt 0.710153 0.946905
vt 0.901393 0.126747
vt 0.902583 0.128920
vt 0.900204 0.129900
vt 0.899464 0.127536
vt 0.886190 0.125277
vt 0.888218 0.123822
vt 0.897417 0.127926
vt 0.897680 0.130397
vt 0.895331 0.127900
vt 0.963535 0.017411
vt 0.969066 0.015693
vt 0.969049 0.017718
vt 0.957985 0.022539
vt 0.170300 0.556605
vt 0.169851 0.556249
vt 0.172895 0.556612
vt 0.960997 0.031945
vt 0.958010 0.015673
vt 0.958019 0.017698
vt 0.169161 0.581460
vt 0.169467 0.580980
vt 0.169591 0.580853
vt 0.173344 0.585572
vt 0.172895 0.585928
vt 0.172584 0.586081
vt 0.888491 0.106790
vt 0.895177 0.216970
vt 0.894038 0.217413
vt 0.892892 0.217413
vt 0.037681 0.958795
vt 0.037470 0.956647
vt 0.040985 0.958795
vt 0.123859 0.945911
vt 0.113167 0.916061
vt 0.124006 0.923498
vt 0.512078 0.380961
vt 0.516459 0.380831
vt 0.516459 0.450598
vt 0.841870 0.579351
vt 0.833868 0.625407
vt 0.805737 0.579516
vt 0.917894 0.304562
vt 0.922183 0.305138
vt 0.909257 0.376823
vt 0.015870 0.960943
vt 0.016497 0.963009
vt 0.011418 0.958795
vt 0.504433 0.062670
vt 0.510152 0.232701
vt 0.507846 0.226812
vt 0.506585 0.229559
vt 0.506928 0.229191
vt 0.507371 0.228488
vt 0.505430 0.208570
vt 0.502608 0.221273
vt 0.503392 0.221189
vt 0.504194 0.221283
vt 0.500212 0.223227
vt 0.500005 0.223770
vt 0.500652 0.222530
vt 0.507682 0.227685
vt 0.501212 0.221958
vt 0.501873 0.221534
vt 0.507850 0.225899
vt 0.507698 0.224985
vt 0.507395 0.224104
vt 0.504982 0.221554
vt 0.506954 0.223292
vt 0.489882 0.227123
vt 0.496682 0.246388
vt 0.504046 0.230288
vt 0.490104 0.239039
vt 0.502436 0.229834
vt 0.503228 0.230142
vt 0.501702 0.229377
vt 0.506344 0.229733
vt 0.505636 0.230076
vt 0.499680 0.225642
vt 0.499898 0.224001
vt 0.499710 0.224800
vt 0.504859 0.230265
vt 0.499804 0.226492
vt 0.500081 0.227322
vt 0.284006 0.153697
vt 0.286376 0.063623
vt 0.478866 0.254369
vt 0.481594 0.258258
vt 0.478463 0.254668
vt 0.475999 0.255319
vt 0.477715 0.255031
vt 0.458144 0.250916
vt 0.471071 0.249507
vt 0.470901 0.250276
vt 0.473838 0.247195
vt 0.473275 0.247341
vt 0.472535 0.247701
vt 0.476884 0.255252
vt 0.471905 0.248195
vt 0.471411 0.248804
vt 0.475091 0.255222
vt 0.474200 0.254970
vt 0.470907 0.251083
vt 0.471090 0.251896
vt 0.473358 0.254573
vt 0.472599 0.254045
vt 0.172394 0.550640
vt 0.169591 0.555940
vt 0.168835 0.553593
vt 0.168938 0.552988
vt 0.169467 0.555813
vt 0.169161 0.555332
vt 0.168949 0.554788
vt 0.168839 0.554201
vt 0.169143 0.552410
vt 0.169443 0.551880
vt 0.169826 0.551419
vt 0.170277 0.551044
vt 0.170779 0.550771
vt 0.883662 0.011418
vt 0.935149 0.081185
vt 0.929041 0.079332
vt 0.916332 0.072539
vt 0.905193 0.063397
vt 0.896051 0.052258
vt 0.467293 0.224934
vt 0.478283 0.237507
vt 0.479596 0.250276
vt 0.479869 0.251926
vt 0.479065 0.254148
vt 0.479484 0.253482
vt 0.479222 0.249497
vt 0.479814 0.251098
vt 0.474079 0.247114
vt 0.474894 0.247015
vt 0.479757 0.252732
vt 0.475733 0.247077
vt 0.476564 0.247294
vt 0.477358 0.247660
vt 0.627626 0.851528
vt 0.629039 0.837186
vt 0.633222 0.823397
vt 0.640015 0.810688
vt 0.649157 0.799548
vt 0.660296 0.790406
vt 0.246408 0.913325
vt 0.247698 0.926424
vt 0.243751 0.948283
vt 0.227375 0.904566
vt 0.243751 0.904566
vt 0.516459 0.357995
vt 0.507817 0.288227
vt 0.140234 0.863375
vt 0.133968 0.874648
vt 0.129805 0.879526
vt 0.124006 0.885788
vt 0.113779 0.893225
vt 0.113167 0.893225
vt 0.123859 0.833808
vt 0.928971 0.459076
vt 0.927377 0.444735
vt 0.887192 0.399659
vt 0.901466 0.406374
vt 0.888337 0.399659
vt 0.889477 0.400102
vt 0.902599 0.407096
vt 0.914368 0.418236
vt 0.780774 0.119966
vt 0.785146 0.119096
vt 0.782165 0.119390
vt 0.783641 0.119096
vt 0.786623 0.119390
vt 0.788014 0.119966
vt 0.789265 0.120802
vt 0.790330 0.121867
vt 0.791166 0.123118
vt 0.791742 0.124509
vt 0.792036 0.125985
vt 0.792036 0.127491
vt 0.791742 0.128967
vt 0.791166 0.130358
vt 0.790330 0.131610
vt 0.788013 0.133510
vt 0.786623 0.134086
vt 0.785146 0.134380
vt 0.783641 0.134380
vt 0.782164 0.134086
vt 0.780774 0.133510
vt 0.779522 0.132674
vt 0.777621 0.130358
vt 0.777045 0.128967
vt 0.776752 0.127491
vt 0.776752 0.125985
vt 0.777045 0.124509
vt 0.777621 0.123118
vt 0.778458 0.121866
vt 0.081551 0.944275
vt 0.080715 0.943023
vt 0.083291 0.940910
vt 0.084490 0.942704
vt 0.085316 0.944699
vt 0.082127 0.945666
vt 0.085737 0.946816
vt 0.082421 0.947142
vt 0.085737 0.948974
vt 0.082421 0.948648
vt 0.085316 0.951091
vt 0.084490 0.953086
vt 0.082127 0.950124
vt 0.083291 0.954880
vt 0.081551 0.951515
vt 0.079970 0.957606
vt 0.078399 0.954667
vt 0.077975 0.958432
vt 0.077008 0.955243
vt 0.075858 0.958853
vt 0.075532 0.955537
vt 0.073700 0.958853
vt 0.074026 0.955537
vt 0.071583 0.958432
vt 0.069588 0.957606
vt 0.072550 0.955243
vt 0.067794 0.956407
vt 0.071159 0.954667
vt 0.066267 0.954881
vt 0.069908 0.953831
vt 0.068843 0.952767
vt 0.079651 0.941959
vt 0.081765 0.939383
vt 0.078399 0.941123
vt 0.079970 0.938184
vt 0.075858 0.936937
vt 0.077975 0.937358
vt 0.075532 0.940253
vt 0.077008 0.940547
vt 0.071583 0.937358
vt 0.073700 0.936937
vt 0.074026 0.940253
vt 0.069588 0.938184
vt 0.071159 0.941123
vt 0.072550 0.940547
vt 0.065068 0.942704
vt 0.066267 0.940910
vt 0.068007 0.944275
vt 0.063821 0.946816
vt 0.064242 0.944699
vt 0.067137 0.947142
vt 0.067431 0.945666
vt 0.064242 0.951092
vt 0.063821 0.948974
vt 0.067137 0.948648
vt 0.065068 0.953086
vt 0.068007 0.951515
vt 0.067431 0.950124
vt 0.895544 0.104021
vt 0.713211 0.965107
vt 0.705550 0.952342
vt 0.708680 0.947929
vt 0.884894 0.123063
vt 0.883662 0.118138
vt 0.963546 0.011418
vt 0.957993 0.029680
vt 0.173344 0.556259
vt 0.174025 0.552206
vt 0.173725 0.551674
vt 0.172895 0.550865
vt 0.173344 0.551221
vt 0.174232 0.552797
vt 0.174337 0.553424
vt 0.174337 0.554062
vt 0.174232 0.554689
vt 0.174025 0.555278
vt 0.173725 0.555808
vt 0.172396 0.556855
vt 0.170798 0.556851
vt 0.171867 0.556978
vt 0.171327 0.556977
vt 0.168835 0.583200
vt 0.172394 0.586153
vt 0.171858 0.586228
vt 0.169443 0.584913
vt 0.169826 0.585374
vt 0.171313 0.586184
vt 0.170779 0.586022
vt 0.170277 0.585748
vt 0.169143 0.584383
vt 0.168938 0.583805
vt 0.168839 0.582592
vt 0.168949 0.582005
vt 0.174025 0.584587
vt 0.169851 0.580544
vt 0.173344 0.580534
vt 0.174232 0.583996
vt 0.170300 0.580188
vt 0.172895 0.580181
vt 0.170798 0.579942
vt 0.171327 0.579816
vt 0.171867 0.579814
vt 0.172396 0.579938
vt 0.173725 0.580985
vt 0.174025 0.581515
vt 0.174232 0.582104
vt 0.174337 0.582730
vt 0.174337 0.583369
vt 0.173725 0.585119
vt 0.892892 0.157997
vt 0.907167 0.210698
vt 0.934671 0.157997
vt 0.933077 0.172338
vt 0.928357 0.186127
vt 0.925111 0.191510
vt 0.920069 0.198836
vt 0.908299 0.209976
vt 0.040985 0.936937
vt 0.036843 0.954581
vt 0.040985 0.980653
vt 0.036843 0.963009
vt 0.037470 0.960943
vt 0.019576 0.980653
vt 0.028818 0.969595
vt 0.026670 0.969806
vt 0.026670 0.947784
vt 0.019576 0.936937
vt 0.028818 0.947995
vt 0.030884 0.968968
vt 0.032788 0.967951
vt 0.030884 0.948622
vt 0.032788 0.949639
vt 0.034456 0.966581
vt 0.035826 0.964913
vt 0.034456 0.951009
vt 0.035826 0.952677
vt 0.129805 0.929760
vt 0.133968 0.934638
vt 0.140234 0.945911
vt 0.123859 0.954069
vt 0.113167 0.975478
vt 0.123859 0.975478
vt 0.113779 0.916061
vt 0.507817 0.450598
vt 0.507817 0.381339
vt 0.797095 0.579516
vt 0.797095 0.557493
vt 0.797095 0.535470
vt 0.805737 0.535470
vt 0.805737 0.483983
vt 0.820078 0.485396
vt 0.841870 0.535635
vt 0.820078 0.629591
vt 0.805737 0.631003
vt 0.833868 0.489579
vt 0.841870 0.493856
vt 0.852562 0.535635
vt 0.852562 0.557493
vt 0.852562 0.579351
vt 0.841870 0.621130
vt 0.888406 0.307269
vt 0.896331 0.305138
vt 0.897894 0.304770
vt 0.900620 0.304562
vt 0.903486 0.304382
vt 0.905680 0.304279
vt 0.907539 0.304226
vt 0.909257 0.304209
vt 0.910975 0.304226
vt 0.912835 0.304279
vt 0.915028 0.304382
vt 0.920621 0.304770
vt 0.930108 0.307269
vt 0.931322 0.307607
vt 0.931266 0.376823
vt 0.887248 0.376823
vt 0.887192 0.307623
vt 0.011418 0.936937
vt 0.020552 0.949639
vt 0.024522 0.947995
vt 0.022456 0.948622
vt 0.011418 0.980653
vt 0.020552 0.967951
vt 0.017514 0.964913
vt 0.018884 0.966581
vt 0.024522 0.969595
vt 0.022456 0.968968
vt 0.018884 0.951009
vt 0.017514 0.952677
vt 0.016497 0.954581
vt 0.015870 0.956647
vt 0.015659 0.958795
vn 0.0000 -0.0000 -1.0000
vn 0.1914 -0.1939 -0.9622
vn 0.0000 -0.1939 -0.9810
vn 0.0000 0.9796 -0.2010
vn 0.0757 0.9217 -0.3804
vn -0.0000 0.9217 -0.3879
vn 0.1804 -0.3805 -0.9070
vn 0.0000 -0.3805 -0.9248
vn 0.1092 0.8286 -0.5490
vn -0.0000 0.8286 -0.5598
vn 0.1626 -0.5528 -0.8173
vn 0.0000 -0.5528 -0.8333
vn -0.0000 0.7041 -0.7101
vn 0.1385 0.7041 -0.6965
vn 0.1385 -0.7041 -0.6965
vn -0.0000 -0.7041 -0.7101
vn 0.1626 0.5528 -0.8173
vn -0.0000 0.5528 -0.8333
vn 0.1092 -0.8286 -0.5490
vn 0.0000 -0.8286 -0.5598
vn 0.1804 0.3805 -0.9070
vn 0.0000 0.3805 -0.9248
vn 0.0757 -0.9217 -0.3804
vn 0.0000 -0.9217 -0.3879
vn 0.1914 0.1939 -0.9622
vn 0.0000 0.1939 -0.9810
vn 0.0392 -0.9796 -0.1971
vn 0.0000 -0.9796 -0.2010
vn 0.1951 -0.0000 -0.9808
vn 0.0179 0.9952 -0.0964
vn 0.0392 0.9796 -0.1971
vn 0.0000 -1.0000 0.0000
vn 0.3827 -0.0000 -0.9239
vn 0.0353 0.9952 -0.0915
vn 0.0769 0.9796 -0.1857
vn 0.0769 -0.9796 -0.1857
vn 0.3754 -0.1939 -0.9063
vn 0.1484 0.9217 -0.3584
vn 0.3539 -0.3805 -0.8544
vn 0.2142 0.8286 -0.5172
vn 0.3189 -0.5528 -0.7699
vn 0.2718 0.7041 -0.6561
vn 0.2718 -0.7041 -0.6561
vn 0.3189 0.5528 -0.7699
vn 0.2142 -0.8286 -0.5172
vn 0.3539 0.3805 -0.8544
vn 0.1484 -0.9217 -0.3584
vn 0.3754 0.1939 -0.9063
vn 0.3945 -0.7041 -0.5905
vn 0.3945 0.7041 -0.5905
vn 0.4630 0.5528 -0.6929
vn 0.3110 -0.8286 -0.4654
vn 0.5138 0.3805 -0.7689
vn 0.2155 -0.9217 -0.3225
vn 0.5450 0.1939 -0.8157
vn 0.1117 -0.9796 -0.1671
vn 0.5556 0.0000 -0.8315
vn 0.0514 0.9952 -0.0835
vn 0.1117 0.9796 -0.1671
vn 0.5450 -0.1939 -0.8157
vn 0.2155 0.9217 -0.3225
vn 0.5138 -0.3805 -0.7689
vn 0.3110 0.8286 -0.4654
vn 0.4630 -0.5528 -0.6929
vn 0.0659 0.9952 -0.0727
vn 0.1421 0.9796 -0.1421
vn 0.1421 -0.9796 -0.1421
vn 0.6937 -0.1939 -0.6937
vn 0.2743 0.9217 -0.2743
vn 0.6539 -0.3805 -0.6539
vn 0.3958 0.8286 -0.3958
vn 0.5893 -0.5528 -0.5893
vn 0.5021 0.7041 -0.5021
vn 0.5021 -0.7041 -0.5021
vn 0.5893 0.5528 -0.5893
vn 0.3958 -0.8286 -0.3958
vn 0.6539 0.3805 -0.6539
vn 0.2743 -0.9217 -0.2743
vn 0.6937 0.1939 -0.6937
vn 0.7071 0.0000 -0.7071
vn 0.5905 0.7041 -0.3945
vn 0.6929 0.5528 -0.4630
vn 0.5905 -0.7041 -0.3945
vn 0.4654 -0.8286 -0.3110
vn 0.7689 0.3805 -0.5138
vn 0.3225 -0.9217 -0.2155
vn 0.8157 0.1939 -0.5450
vn 0.1671 -0.9796 -0.1117
vn 0.8315 -0.0000 -0.5556
vn 0.1838 0.9713 -0.1508
vn 0.8157 -0.1939 -0.5450
vn 0.2312 0.9568 -0.1764
vn 0.7689 -0.3805 -0.5138
vn 0.4654 0.8286 -0.3110
vn 0.6929 -0.5528 -0.4630
vn 0.9239 -0.0000 -0.3827
vn 0.9063 -0.1939 -0.3754
vn 0.3225 0.9217 -0.2155
vn 0.2598 0.9567 -0.1311
vn 0.3584 0.9217 -0.1484
vn 0.8544 -0.3805 -0.3539
vn 0.5172 0.8286 -0.2142
vn 0.7699 -0.5528 -0.3189
vn 0.6561 0.7041 -0.2718
vn 0.6561 -0.7041 -0.2718
vn 0.7699 0.5528 -0.3189
vn 0.5172 -0.8286 -0.2142
vn 0.8544 0.3805 -0.3539
vn 0.3584 -0.9217 -0.1484
vn 0.9063 0.1939 -0.3754
vn 0.1857 -0.9796 -0.0769
vn 0.6965 -0.7041 -0.1385
vn 0.5490 -0.8286 -0.1092
vn 0.9070 0.3805 -0.1804
vn 0.3804 -0.9217 -0.0757
vn 0.9622 0.1939 -0.1914
vn 0.1971 -0.9796 -0.0392
vn 0.9808 0.0000 -0.1951
vn 0.9622 -0.1939 -0.1914
vn 0.2790 0.9565 -0.0846
vn 0.9070 -0.3805 -0.1804
vn 0.5490 0.8286 -0.1092
vn 0.8173 -0.5528 -0.1626
vn 0.6965 0.7041 -0.1385
vn 0.8173 0.5528 -0.1626
vn 0.9248 -0.3805 -0.0000
vn 0.3804 0.9217 -0.0757
vn 0.5589 0.8274 -0.0550
vn 0.8333 -0.5528 0.0000
vn 0.7084 0.7023 -0.0698
vn 0.7101 -0.7041 0.0000
vn 0.8305 0.5509 -0.0818
vn 0.5598 -0.8286 0.0000
vn 0.9210 0.3790 -0.0907
vn 0.3879 -0.9217 -0.0000
vn 0.9765 0.1930 -0.0962
vn 0.2010 -0.9796 0.0000
vn 0.9989 -0.0328 -0.0328
vn 0.9810 -0.1939 0.0000
vn 0.3876 0.9210 -0.0382
vn 0.2854 0.9569 -0.0530
vn 0.2902 0.9565 -0.0286
vn 0.5490 -0.8286 0.1092
vn 0.3804 -0.9217 0.0757
vn 0.1971 -0.9796 0.0392
vn 0.9761 -0.0980 0.1942
vn 0.9622 -0.1939 0.1914
vn 0.9070 -0.3805 0.1804
vn 0.8173 -0.5528 0.1626
vn 0.6965 -0.7041 0.1385
vn 0.8544 -0.3805 0.3539
vn 0.7699 -0.5528 0.3189
vn 0.6561 -0.7041 0.2718
vn 0.5172 -0.8286 0.2142
vn 0.3584 -0.9217 0.1484
vn 0.1857 -0.9796 0.0769
vn 0.9063 -0.1939 0.3754
vn 0.1671 -0.9796 0.1117
vn 0.8777 -0.0975 0.4691
vn 0.8641 -0.2003 0.4618
vn 0.8112 -0.3923 0.4336
vn 0.7699 -0.4703 0.4314
vn 0.6929 -0.5528 0.4630
vn 0.5905 -0.7041 0.3945
vn 0.4654 -0.8286 0.3110
vn 0.3225 -0.9217 0.2155
vn 0.6325 -0.5749 0.5191
vn 0.5303 -0.7276 0.4352
vn 0.4736 -0.7725 0.4230
vn 0.2743 -0.9217 0.2743
vn 0.1421 -0.9796 0.1421
vn 0.2155 -0.9217 0.3225
vn 0.1117 -0.9796 0.1671
vn 0.3958 -0.8286 0.3958
vn 0.3754 -0.7727 0.5119
vn 0.3110 -0.8286 0.4654
vn 0.2718 -0.7041 0.6561
vn 0.3267 -0.7209 0.6112
vn 0.2368 -0.6331 0.7370
vn 0.2142 -0.8286 0.5172
vn 0.2999 -0.7715 0.5611
vn 0.1484 -0.9217 0.3584
vn 0.0769 -0.9796 0.1857
vn 0.0392 -0.9796 0.1971
vn 0.2563 -0.4696 0.8448
vn 0.2563 -0.4696 0.8449
vn 0.1385 -0.7041 0.6965
vn 0.1626 -0.5528 0.8173
vn 0.1092 -0.8286 0.5490
vn 0.0757 -0.9217 0.3804
vn 0.0759 -0.6326 0.7708
vn 0.0695 -0.7054 0.7054
vn 0.0000 -0.7730 0.6344
vn 0.0000 -0.8286 0.5598
vn 0.0000 -0.9217 0.3879
vn 0.0000 -0.9796 0.2010
vn 0.0865 -0.4696 0.8786
vn -0.1804 0.3805 -0.9070
vn -0.1626 0.5528 -0.8173
vn -0.1914 -0.1939 -0.9622
vn -0.1092 -0.8286 -0.5490
vn -0.0757 0.9217 -0.3804
vn -0.1804 -0.3805 -0.9070
vn -0.1914 0.1939 -0.9622
vn -0.1626 -0.5528 -0.8173
vn -0.1092 0.8286 -0.5490
vn -0.0392 -0.9796 -0.1971
vn -0.0757 -0.9217 -0.3804
vn -0.1385 -0.7041 -0.6965
vn -0.1421 -0.9796 0.1421
vn -0.3225 -0.9217 0.2155
vn -0.1671 -0.9796 0.1117
vn -0.0179 0.9952 -0.0964
vn 0.0000 0.9952 -0.0980
vn -0.3539 -0.3805 -0.8544
vn -0.3539 0.3805 -0.8544
vn -0.2142 0.8286 -0.5172
vn -0.2718 -0.7041 -0.6561
vn -0.0769 -0.9796 -0.1857
vn -0.2718 0.7041 -0.6561
vn -0.1385 0.7041 -0.6965
vn -0.3827 -0.0000 -0.9239
vn -0.1951 -0.0000 -0.9808
vn -0.0392 0.9796 -0.1971
vn -0.0353 0.9952 -0.0915
vn -0.2142 -0.8286 -0.5172
vn -0.1484 0.9217 -0.3584
vn -0.1484 -0.9217 -0.3584
vn -0.0769 0.9796 -0.1857
vn -0.0514 0.9952 -0.0835
vn -0.3189 0.5528 -0.7699
vn -0.3945 0.7041 -0.5905
vn -0.1117 -0.9796 -0.1671
vn -0.3110 -0.8286 -0.4654
vn -0.3754 -0.1939 -0.9063
vn -0.2155 0.9217 -0.3225
vn -0.5450 0.1939 -0.8157
vn -0.3754 0.1939 -0.9063
vn -0.5450 -0.1939 -0.8157
vn -0.5138 0.3805 -0.7689
vn -0.5138 -0.3805 -0.7689
vn -0.2155 -0.9217 -0.3225
vn -0.1117 -0.9796 0.1671
vn -0.2743 -0.9217 0.2743
vn -0.5556 0.0000 -0.8315
vn -0.3945 -0.7041 -0.5905
vn -0.3189 -0.5528 -0.7699
vn -0.5021 -0.7041 -0.5021
vn -0.6937 -0.1939 -0.6937
vn -0.1421 -0.9796 -0.1421
vn -0.4630 -0.5528 -0.6929
vn -0.3958 0.8286 -0.3958
vn -0.3110 0.8286 -0.4654
vn -0.5893 -0.5528 -0.5893
vn -0.5021 0.7041 -0.5021
vn -0.1117 0.9796 -0.1671
vn -0.0659 0.9952 -0.0727
vn -0.5893 0.5528 -0.5893
vn -0.5905 0.7041 -0.3945
vn -0.7071 -0.0000 -0.7071
vn -0.1671 -0.9796 -0.1117
vn -0.6539 0.3805 -0.6539
vn -0.4630 0.5528 -0.6929
vn -0.3958 -0.8286 -0.3958
vn -0.5905 -0.7041 -0.3945
vn -0.2743 0.9217 -0.2743
vn -0.3754 -0.7727 0.5119
vn -0.3958 -0.8286 0.3958
vn -0.3110 -0.8286 0.4654
vn -0.8315 -0.0000 -0.5556
vn -0.6937 0.1939 -0.6937
vn -0.7689 0.3805 -0.5138
vn 0.0000 -0.7041 0.7101
vn -0.0695 -0.7054 0.7054
vn -0.1838 0.9713 -0.1508
vn -0.1421 0.9796 -0.1421
vn -0.5172 0.8286 -0.2142
vn -0.3225 0.9217 -0.2155
vn -0.4654 0.8286 -0.3110
vn -0.2743 -0.9217 -0.2743
vn -0.8157 -0.1939 -0.5450
vn -0.9239 -0.0000 -0.3827
vn -0.2999 -0.7715 0.5611
vn -0.2718 -0.7041 0.6561
vn -0.2368 -0.6331 0.7370
vn -0.3267 -0.7209 0.6112
vn -0.2598 0.9567 -0.1311
vn -0.2312 0.9568 -0.1764
vn -0.3225 -0.9217 -0.2155
vn -0.8544 -0.3805 -0.3539
vn -0.7689 -0.3805 -0.5138
vn -0.8157 0.1939 -0.5450
vn -0.6539 -0.3805 -0.6539
vn -0.1971 -0.9796 -0.0392
vn -0.3584 -0.9217 -0.1484
vn -0.1857 -0.9796 -0.0769
vn -0.6561 0.7041 -0.2718
vn -0.6561 -0.7041 -0.2718
vn -0.6929 -0.5528 -0.4630
vn -0.9808 0.0000 -0.1951
vn -0.9063 0.1939 -0.3754
vn -0.6929 0.5528 -0.4630
vn -0.0769 -0.9796 0.1857
vn -0.9070 0.3805 -0.1804
vn -0.8544 0.3805 -0.3539
vn -0.5589 0.8274 -0.0550
vn -0.3804 0.9217 -0.0757
vn -0.5490 0.8286 -0.1092
vn -0.5490 -0.8286 -0.1092
vn -0.5172 -0.8286 -0.2142
vn -0.4654 -0.8286 -0.3110
vn -0.8173 0.5528 -0.1626
vn -0.7699 0.5528 -0.3189
vn -0.2155 -0.9217 0.3225
vn -0.9063 -0.1939 -0.3754
vn -0.6965 -0.7041 -0.1385
vn -0.9248 -0.3805 0.0000
vn -0.9622 -0.1939 -0.1914
vn -0.9070 -0.3805 -0.1804
vn -0.2790 0.9565 -0.0846
vn -0.3584 0.9217 -0.1484
vn -0.7699 -0.5528 -0.3189
vn -0.2010 -0.9796 -0.0000
vn -0.7101 -0.7041 0.0000
vn -0.8173 -0.5528 -0.1626
vn -0.6965 0.7041 -0.1385
vn -0.3879 -0.9217 -0.0000
vn -0.3804 -0.9217 -0.0757
vn -0.7084 0.7023 -0.0698
vn -0.8305 0.5509 -0.0818
vn -0.8333 -0.5528 0.0000
vn -0.0392 -0.9796 0.1971
vn -0.9989 -0.0328 -0.0328
vn -0.9622 0.1939 -0.1914
vn -0.9810 -0.1939 0.0000
vn -0.6965 -0.7041 0.1385
vn -0.9765 0.1930 -0.0962
vn -0.3876 0.9210 -0.0382
vn -0.2854 0.9569 -0.0530
vn -0.3804 -0.9217 0.0757
vn -0.5598 -0.8286 0.0000
vn -0.1971 -0.9796 0.0392
vn -0.3584 -0.9217 0.1484
vn -0.5490 -0.8286 0.1092
vn -0.6561 -0.7041 0.2718
vn -0.9761 -0.0980 0.1942
vn -0.2563 -0.4696 0.8448
vn -0.2563 -0.4696 0.8449
vn -0.9070 -0.3805 0.1804
vn -0.2142 -0.8286 0.5172
vn -0.1385 -0.7041 0.6965
vn -0.8173 -0.5528 0.1626
vn -0.1626 -0.5528 0.8173
vn -0.5172 -0.8286 0.2142
vn -0.5905 -0.7041 0.3945
vn -0.1857 -0.9796 0.0769
vn -0.0865 -0.4696 0.8786
vn -0.1720 -0.4714 0.8650
vn -0.6325 -0.5749 0.5191
vn -0.7699 -0.4703 0.4314
vn -0.6929 -0.5528 0.4630
vn -0.8544 -0.3805 0.3539
vn -0.9622 -0.1939 0.1914
vn -0.0759 -0.6326 0.7708
vn -0.0757 -0.9217 0.3804
vn -0.8641 -0.2003 0.4618
vn -0.8112 -0.3923 0.4336
vn -0.1484 -0.9217 0.3584
vn -0.4736 -0.7725 0.4230
vn -0.5303 -0.7276 0.4352
vn 0.0000 0.0000 1.0000
vn -0.7699 -0.5528 0.3189
vn -0.9194 -0.0980 0.3808
vn -0.4654 -0.8286 0.3110
vn -0.1092 -0.8286 0.5490
vn -0.8777 -0.0975 0.4691
vn -0.9063 -0.1939 0.3754
vn 0.0000 1.0000 0.0000
vn -1.0000 0.0000 0.0000
vn 1.0000 0.0000 0.0000
vn -0.1951 -0.9808 -0.0000
vn 0.1951 -0.9808 -0.0000
vn 0.3827 -0.9239 -0.0000
vn 0.9808 0.1951 0.0000
vn -0.7071 0.7071 0.0000
vn -0.5556 0.8315 0.0000
vn 0.5556 -0.8315 -0.0000
vn 0.9239 0.3827 0.0000
vn 0.7071 -0.7071 -0.0000
vn -0.8315 0.5556 0.0000
vn 0.8315 -0.5556 -0.0000
vn 0.8315 0.5556 0.0000
vn 0.9239 -0.3827 -0.0000
vn -0.9239 0.3827 0.0000
vn -0.1951 0.9808 0.0000
vn -0.3827 -0.9239 -0.0000
vn 0.7071 0.7071 0.0000
vn 0.9808 -0.1951 -0.0000
vn -0.5556 -0.8315 -0.0000
vn 0.5556 0.8315 0.0000
vn -0.3827 0.9239 0.0000
vn -0.7071 -0.7071 -0.0000
vn -0.9808 0.1951 0.0000
vn -0.8315 -0.5556 -0.0000
vn 0.3827 0.9239 0.0000
vn -0.9239 -0.3827 -0.0000
vn -0.9808 -0.1951 -0.0000
vn 0.1951 0.9808 0.0000
vn 0.0000 -0.5528 0.8333
vn -0.0816 -0.5538 0.8287
vn 0.0816 -0.5538 0.8287
vn 0.0864 -0.4697 0.8786
vn 0.1721 -0.4714 0.8650
vn 0.2563 -0.4697 0.8448
vn 0.1720 -0.4714 0.8650
vn 0.9194 -0.0980 0.3808
vn 0.2401 -0.5622 0.7914
vn 0.2562 -0.4696 0.8449
vn 0.0000 -0.4714 0.8819
vn 0.0866 -0.4696 0.8786
vn -0.9210 0.3790 -0.0907
vn -0.2902 0.9565 -0.0286
vn -0.1721 -0.4714 0.8650
vn -0.2401 -0.5622 0.7914
vn -0.0866 -0.4696 0.8786
usemtl Material
s 1
f 2737/3690/2441 2442/3691/2442 2738/3692/2443
f 2426/3693/2444 2435/3694/2445 2427/3695/2446
f 2738/3692/2443 2443/3696/2447 2739/3697/2448
f 2427/3695/2446 2436/3698/2449 2428/3699/2450
f 2739/3697/2448 2444/3700/2451 2432/3701/2452
f 2429/3702/2453 2436/3698/2449 2437/3703/2454
f 2432/3701/2452 2445/3704/2455 2740/3705/2456
f 2429/3702/2453 2438/3706/2457 2430/3707/2458
f 2740/3705/2456 2446/3708/2459 2741/3709/2460
f 2430/3707/2458 2439/3710/2461 2431/3711/2462
f 2741/3709/2460 2447/3712/2463 2742/3713/2464
f 2431/3711/2462 2440/3714/2465 2736/3715/2466
f 2742/3713/2464 2448/3716/2467 2433/3717/2468
f 2737/3690/2441 2440/3714/2465 2441/3718/2469
f 2426/3693/2444 2744/3719/2470 2434/3720/2471
f 2730/3721/2472 2433/3717/2468 2448/3716/2467
f 2440/3714/2465 2456/3722/2473 2441/3718/2469
f 2434/3720/2471 2746/3723/2474 2449/3724/2475
f 2730/3721/2472 2448/3716/2467 2463/3725/2476
f 2441/3718/2469 2457/3726/2477 2442/3691/2442
f 2434/3720/2471 2450/3727/2478 2435/3694/2445
f 2442/3691/2442 2458/3728/2479 2443/3696/2447
f 2435/3694/2445 2451/3729/2480 2436/3698/2449
f 2444/3700/2451 2458/3728/2479 2459/3730/2481
f 2436/3698/2449 2452/3731/2482 2437/3703/2454
f 2444/3700/2451 2460/3732/2483 2445/3704/2455
f 2438/3706/2457 2452/3731/2482 2453/3733/2484
f 2445/3704/2455 2461/3734/2485 2446/3708/2459
f 2438/3706/2457 2454/3735/2486 2439/3710/2461
f 2446/3708/2459 2462/3736/2487 2447/3712/2463
f 2439/3710/2461 2455/3737/2488 2440/3714/2465
f 2447/3712/2463 2463/3725/2476 2448/3716/2467
f 2459/3730/2481 2475/3738/2489 2460/3732/2483
f 2453/3733/2484 2467/3739/2490 2468/3740/2491
f 2461/3734/2485 2475/3738/2489 2476/3741/2492
f 2453/3733/2484 2469/3742/2493 2454/3735/2486
f 2461/3734/2485 2477/3743/2494 2462/3736/2487
f 2454/3735/2486 2470/3744/2495 2455/3737/2488
f 2463/3725/2476 2477/3743/2494 2478/3745/2496
f 2455/3737/2488 2471/3746/2497 2456/3722/2473
f 2449/3724/2475 2748/3747/2498 2464/3748/2499
f 2730/3721/2472 2463/3725/2476 2478/3745/2496
f 2456/3722/2473 2472/3749/2500 2457/3726/2477
f 2449/3724/2475 2465/3750/2501 2450/3727/2478
f 2458/3728/2479 2472/3749/2500 2473/3751/2502
f 2451/3729/2480 2465/3750/2501 2466/3752/2503
f 2459/3730/2481 2473/3751/2502 2474/3753/2504
f 2451/3729/2480 2467/3739/2490 2452/3731/2482
f 2464/3748/2499 2749/3754/2505 2479/3755/2506
f 2730/3721/2472 2478/3745/2496 2493/3756/2507
f 2471/3746/2497 2487/3757/2508 2472/3749/2500
f 2465/3750/2501 2479/3755/2506 2480/3758/2509
f 2473/3751/2502 2487/3757/2508 2488/3759/2510
f 2465/3750/2501 2481/3760/2511 2466/3752/2503
f 2473/3751/2502 2489/3761/2512 2474/3753/2504
f 2466/3752/2503 2482/3762/2513 2467/3739/2490
f 2474/3753/2504 2490/3763/2514 2475/3738/2489
f 2468/3740/2491 2482/3762/2513 2483/3764/2515
f 2476/3741/2492 2490/3763/2514 2491/3765/2516
f 2468/3740/2491 2484/3766/2517 2469/3742/2493
f 2476/3741/2492 2492/3767/2518 2477/3743/2494
f 2469/3742/2493 2485/3768/2519 2470/3744/2495
f 2478/3745/2496 2492/3767/2518 2493/3756/2507
f 2470/3744/2495 2486/3769/2520 2471/3746/2497
f 2483/3764/2515 2496/3770/2521 2497/3771/2522
f 2491/3765/2516 2504/3772/2523 2505/3773/2524
f 2483/3764/2515 2498/3774/2525 2484/3766/2517
f 2491/3765/2516 2506/3775/2526 2492/3767/2518
f 2484/3766/2517 2499/3776/2527 2485/3768/2519
f 2493/3756/2507 2506/3775/2526 2507/3777/2528
f 2485/3768/2519 2500/3778/2529 2486/3769/2520
f 2750/3779/2530 2479/3755/2506 2749/3754/2505
f 2730/3721/2472 2493/3756/2507 2507/3777/2528
f 2487/3757/2508 2500/3778/2529 2501/3780/2531
f 2479/3755/2506 2750/3779/2530 2752/3781/2532
f 2488/3759/2510 2501/3780/2531 2502/3782/2533
f 2480/3758/2509 2495/3783/2534 2481/3760/2511
f 2489/3761/2512 2502/3782/2533 2503/3784/2535
f 2481/3760/2511 2496/3770/2521 2482/3762/2513
f 2489/3761/2512 2504/3772/2523 2490/3763/2514
f 2501/3780/2531 2514/3785/2536 2515/3786/2537
f 2494/3787/2538 2753/3788/2539 2508/3789/2540
f 2501/3780/2531 2516/3790/2541 2502/3782/2533
f 2494/3787/2538 2509/3791/2542 2495/3783/2534
f 2503/3784/2535 2516/3790/2541 2517/3792/2543
f 2495/3783/2534 2510/3793/2544 2496/3770/2521
f 2503/3784/2535 2518/3794/2545 2504/3772/2523
f 2497/3771/2522 2510/3793/2544 2511/3795/2546
f 2505/3773/2524 2518/3794/2545 2519/3796/2547
f 2497/3771/2522 2512/3797/2548 2498/3774/2525
f 2506/3775/2526 2519/3796/2547 2520/3798/2549
f 2499/3776/2527 2512/3797/2548 2513/3799/2550
f 2506/3775/2526 2521/3800/2551 2507/3777/2528
f 2499/3776/2527 2514/3785/2536 2500/3778/2529
f 2730/3721/2472 2507/3777/2528 2521/3800/2551
f 2519/3796/2547 2532/3801/2552 2533/3802/2553
f 2511/3795/2546 2526/3803/2554 2512/3797/2548
f 2520/3798/2549 2533/3802/2553 2534/3804/2555
f 2512/3797/2548 2527/3805/2556 2513/3799/2550
f 2520/3798/2549 2535/3806/2557 2521/3800/2551
f 2513/3799/2550 2528/3807/2558 2514/3785/2536
f 2730/3721/2472 2521/3800/2551 2535/3806/2557
f 2514/3785/2536 2529/3808/2559 2515/3786/2537
f 2508/3789/2540 2753/3788/2539 2754/3809/2560
f 2515/3786/2537 2530/3810/2561 2516/3790/2541
f 2508/3789/2540 2523/3811/2562 2509/3791/2542
f 2517/3792/2543 2530/3810/2561 2531/3812/2563
f 2509/3791/2542 2524/3813/2564 2510/3793/2544
f 2517/3792/2543 2532/3801/2552 2518/3794/2545
f 2510/3793/2544 2525/3814/2565 2511/3795/2546
f 2529/3808/2559 2544/3815/2566 2530/3810/2561
f 2522/3816/2567 2537/3817/2568 2523/3811/2562
f 2530/3810/2561 2545/3818/2569 2531/3812/2563
f 2523/3811/2562 2538/3819/2570 2524/3813/2564
f 2531/3812/2563 2546/3820/2571 2532/3801/2552
f 2525/3814/2565 2538/3819/2570 2539/3821/2572
f 2533/3802/2553 2546/3820/2571 2547/3822/2573
f 2525/3814/2565 2540/3823/2574 2526/3803/2554
f 2533/3802/2553 2548/3824/2575 2534/3804/2555
f 2526/3803/2554 2541/3825/2576 2527/3805/2556
f 2534/3804/2555 2549/3826/2577 2535/3806/2557
f 2527/3805/2556 2542/3827/2578 2528/3807/2558
f 2730/3721/2472 2535/3806/2557 2549/3826/2577
f 2528/3807/2558 2543/3828/2579 2529/3808/2559
f 2536/3829/2580 2755/3830/2581 2747/3831/2582
f 2548/3824/2575 2555/3832/2583 2556/3833/2584
f 2549/3826/2577 2556/3833/2584 2557/3834/2585
f 2730/3721/2472 2549/3826/2577 2557/3834/2585
f 2543/3828/2579 2550/3835/2586 2551/3836/2587
f 2543/3828/2579 2552/3837/2588 2544/3815/2566
f 2545/3818/2569 2552/3837/2588 2553/3838/2589
f 2545/3818/2569 2554/3839/2590 2546/3820/2571
f 2547/3822/2573 2554/3839/2590 2555/3832/2583
f 2553/3838/2589 2560/3840/2591 2561/3841/2592
f 2553/3838/2589 2562/3842/2593 2554/3839/2590
f 2555/3832/2583 2562/3842/2593 2563/3843/2594
f 2556/3833/2584 2563/3843/2594 2564/3844/2595
f 2556/3833/2584 2565/3845/2596 2557/3834/2585
f 2730/3721/2472 2557/3834/2585 2565/3845/2596
f 2550/3835/2586 2559/3846/2597 2551/3836/2587
f 2551/3836/2587 2560/3840/2591 2552/3837/2588
f 2564/3844/2595 2570/3847/2598 2565/3845/2596
f 2730/3721/2472 2565/3845/2596 2570/3847/2598
f 2559/3846/2597 2765/3848/2599 2766/3849/2600
f 2560/3840/2591 2766/3849/2600 2767/3850/2601
f 2768/3851/2602 2566/3852/2603 2561/3841/2592
f 2561/3841/2592 2567/3853/2604 2562/3842/2593
f 2563/3843/2594 2567/3853/2604 2568/3854/2605
f 2564/3844/2595 2568/3854/2605 2569/3855/2606
f 2769/3856/2607 2566/3852/2603 2768/3851/2602
f 2567/3853/2604 2769/3856/2607 2770/3857/2608
f 2567/3853/2604 2770/3857/2608 2771/3858/2609
f 2568/3854/2605 2572/3859/2610 2569/3855/2606
f 2569/3855/2606 2573/3860/2611 2570/3847/2598
f 2730/3721/2472 2570/3847/2598 2573/3860/2611
f 2573/3860/2611 2575/3861/2612 2576/3862/2613
f 2730/3721/2472 2573/3860/2611 2576/3862/2613
f 2571/3863/2614 2772/3864/2615 2574/3865/2616
f 2572/3859/2610 2574/3865/2616 2575/3861/2612
f 2577/3866/2617 2774/3867/2618 2773/3868/2619
f 2578/3869/2620 2574/3865/2616 2776/3870/2621
f 2574/3865/2616 2579/3871/2622 2575/3861/2612
f 2575/3861/2612 2580/3872/2623 2576/3862/2613
f 2730/3721/2472 2576/3862/2613 2580/3872/2623
f 2730/3721/2472 2580/3872/2623 2585/3873/2624
f 2791/3874/2625 2954/3875/2626 2955/3876/2625
f 2582/3877/2627 2773/3868/2619 2581/3878/2628
f 2578/3869/2620 2582/3877/2627 2583/3879/2629
f 2579/3871/2622 2583/3879/2629 2584/3880/2630
f 2580/3872/2623 2584/3880/2630 2585/3873/2624
f 2582/3877/2627 2925/3881/2631 2926/3882/2631
f 2582/3877/2627 2918/3883/2632 2922/3884/2633
f 2584/3880/2630 2588/3885/2634 2589/3886/2635
f 2584/3880/2630 2590/3887/2636 2585/3873/2624
f 2730/3721/2472 2585/3873/2624 2590/3887/2636
f 2929/3888/2637 2937/3889/2637 2938/3890/2637
f 2596/3891/2638 2430/3707/2458 2431/3711/2462
f 2595/3892/2639 2429/3702/2453 2430/3707/2458
f 2599/3893/2640 2737/3690/2441 2738/3692/2443
f 2603/3894/2641 2740/3705/2456 2741/3709/2460
f 2592/3895/2642 2426/3693/2444 2427/3695/2446
f 2600/3896/2643 2738/3692/2443 2739/3697/2448
f 2597/3897/2644 2431/3711/2462 2736/3715/2466
f 2601/3898/2645 2739/3697/2448 2432/3701/2452
f 2429/3702/2453 2593/3899/2646 2428/3699/2450
f 2605/3900/2647 2742/3713/2464 2433/3717/2468
f 2604/3901/2648 2741/3709/2460 2742/3713/2464
f 2593/3899/2646 2427/3695/2446 2428/3699/2450
f 2602/3902/2649 2432/3701/2452 2740/3705/2456
f 2731/3903/2650 2726/3904/2651 2727/3905/2652
f 2426/3693/2444 2784/3906/2653 2745/3907/2654
f 2615/3908/2655 2599/3893/2640 2600/3896/2643
f 2730/3721/2472 2731/3903/2650 2727/3905/2652
f 2611/3909/2656 2595/3892/2639 2596/3891/2638
f 2608/3910/2657 2592/3895/2642 2593/3899/2646
f 2737/3690/2441 2597/3897/2644 2736/3715/2466
f 2617/3911/2658 2601/3898/2645 2602/3902/2649
f 2730/3721/2472 2620/3912/2659 2605/3900/2647
f 2595/3892/2639 2609/3913/2660 2594/3914/2661
f 2730/3721/2472 2605/3900/2647 2433/3717/2468
f 2601/3898/2645 2615/3908/2655 2600/3896/2643
f 2613/3915/2662 2597/3897/2644 2598/3916/2663
f 2594/3914/2661 2608/3910/2657 2593/3899/2646
f 2591/3917/2664 2785/3918/2665 2784/3906/2653
f 2618/3919/2666 2602/3902/2649 2603/3894/2641
f 2607/3920/2667 2591/3917/2664 2592/3895/2642
f 2619/3921/2668 2603/3894/2641 2604/3901/2648
f 2606/3922/2669 2787/3923/2670 2785/3918/2665
f 2610/3924/2671 2624/3925/2672 2609/3913/2660
f 2730/3721/2472 2635/3926/2673 2620/3912/2659
f 2633/3927/2674 2617/3911/2658 2618/3919/2666
f 2614/3928/2675 2598/3916/2663 2599/3893/2640
f 2622/3929/2676 2606/3922/2669 2607/3920/2667
f 2627/3930/2677 2611/3909/2656 2612/3931/2678
f 2612/3931/2678 2596/3891/2638 2597/3897/2644
f 2629/3932/2679 2613/3915/2662 2614/3928/2675
f 2626/3933/2680 2610/3924/2671 2611/3909/2656
f 2630/3934/2681 2614/3928/2675 2615/3908/2655
f 2634/3935/2682 2618/3919/2666 2619/3921/2668
f 2734/3936/2683 2729/3937/2684 2731/3903/2650
f 2628/3938/2685 2612/3931/2678 2613/3915/2662
f 2632/3939/2686 2616/3940/2687 2617/3911/2658
f 2730/3721/2472 2734/3936/2683 2731/3903/2650
f 2633/3927/2674 2647/3941/2688 2632/3939/2686
f 2630/3934/2681 2644/3942/2689 2629/3932/2679
f 2608/3910/2657 2622/3929/2676 2607/3920/2667
f 2620/3912/2659 2634/3935/2682 2619/3921/2668
f 2620/3912/2659 2604/3901/2648 2605/3900/2647
f 2730/3721/2472 2650/3943/2690 2635/3926/2673
f 2647/3941/2688 2631/3944/2691 2632/3939/2686
f 2638/3945/2692 2622/3929/2676 2623/3946/2693
f 2616/3940/2687 2630/3934/2681 2615/3908/2655
f 2646/3947/2694 2630/3934/2681 2631/3944/2691
f 2624/3925/2672 2608/3910/2657 2609/3913/2660
f 2639/3948/2695 2623/3946/2693 2624/3925/2672
f 2621/3949/2696 2788/3950/2697 2787/3923/2670
f 2640/3951/2698 2653/3952/2699 2639/3948/2695
f 2629/3932/2679 2643/3953/2700 2628/3938/2685
f 2730/3721/2472 2664/3954/2701 2650/3943/2690
f 2641/3955/2702 2625/3956/2703 2626/3933/2680
f 2648/3957/2704 2661/3958/2705 2647/3941/2688
f 2637/3959/2706 2621/3949/2696 2622/3929/2676
f 2824/3960/2707 2728/3961/2708 2732/3962/2709
f 2650/3943/2690 2634/3935/2682 2635/3926/2673
f 2644/3942/2689 2657/3963/2710 2643/3953/2700
f 2657/3963/2710 2642/3964/2711 2643/3953/2700
f 2655/3965/2712 2640/3951/2698 2641/3955/2702
f 2643/3953/2700 2627/3930/2677 2628/3938/2685
f 2922/3966/2633 2587/3967/2713 2989/3968/2714
f 2789/3969/2715 2788/3950/2697 2636/3970/2716
f 2625/3956/2703 2639/3948/2695 2624/3925/2672
f 2666/3971/2717 2651/3972/2718 2652/3973/2719
f 2664/3954/2701 2649/3974/2720 2650/3943/2690
f 2652/3973/2719 2637/3959/2706 2638/3945/2692
f 2658/3975/2721 2671/3976/2722 2657/3963/2710
f 2729/3937/2684 2732/3962/2709 2728/3961/2708
f 2828/3977/2723 2827/3978/2723 2732/3962/2709
f 2735/3979/2724 2825/3980/2725 2826/3981/2726
f 2651/3972/2718 2795/3982/2727 2794/3983/2728
f 2663/3984/2729 2648/3957/2704 2649/3974/2720
f 2794/3983/2728 2789/3969/2715 2636/3970/2716
f 2634/3935/2682 2648/3957/2704 2633/3927/2674
f 2673/3985/2730 2658/3975/2721 2659/3986/2731
f 2656/3987/2732 2641/3955/2702 2642/3964/2711
f 2645/3988/2733 2658/3975/2721 2644/3942/2689
f 2627/3930/2677 2641/3955/2702 2626/3933/2680
f 2692/3989/2734 2677/3990/2735 2678/3991/2736
f 2667/3992/2737 2652/3973/2719 2653/3952/2699
f 2678/3991/2736 2663/3984/2729 2664/3954/2701
f 2639/3948/2695 2652/3973/2719 2638/3945/2692
f 2730/3721/2472 2692/3989/2734 2678/3991/2736
f 2675/3993/2738 2660/3994/2739 2661/3958/2705
f 2685/3995/2740 2670/3996/2741 2671/3976/2722
f 2661/3958/2705 2646/3947/2694 2647/3941/2688
f 2671/3976/2722 2656/3987/2732 2657/3963/2710
f 2654/3997/2742 2667/3992/2737 2653/3952/2699
f 2730/3721/2472 2758/3998/2743 2734/3936/2683
f 2670/3996/2741 2683/3999/2744 2669/4000/2745
f 2660/3994/2739 2673/3985/2730 2659/3986/2731
f 2670/3996/2741 2655/3965/2712 2656/3987/2732
f 2646/3947/2694 2659/3986/2731 2645/3988/2733
f 2694/4001/2746 2679/4002/2747 2680/4003/2748
f 2677/3990/2735 2690/4004/2749 2676/4005/2750
f 2663/3984/2729 2676/4005/2750 2662/4006/2751
f 2730/3721/2472 2678/3991/2736 2664/3954/2701
f 2682/4007/2752 2667/3992/2737 2668/4008/2753
f 2758/3998/2743 2733/4009/2754 2734/3936/2683
f 2672/4010/2755 2685/3995/2740 2671/3976/2722
f 2676/4005/2750 2689/4011/2756 2675/3993/2738
f 2701/4012/2757 2686/4013/2758 2687/4014/2759
f 2662/4006/2751 2675/3993/2738 2661/3958/2705
f 2796/4015/2760 2795/3982/2727 2665/4016/2761
f 2683/3999/2744 2668/4008/2753 2669/4000/2745
f 2687/4014/2759 2672/4010/2755 2673/3985/2730
f 2669/4000/2745 2654/3997/2742 2655/3965/2712
f 2674/4017/2762 2687/4014/2759 2673/3985/2730
f 2730/3721/2472 2706/4018/2763 2692/3989/2734
f 2703/4019/2764 2688/4020/2765 2689/4011/2756
f 2690/4004/2749 2703/4019/2764 2689/4011/2756
f 2681/4021/2766 2666/3971/2717 2667/3992/2737
f 2705/4022/2767 2690/4004/2749 2691/4023/2768
f 2682/4007/2752 2695/4024/2769 2681/4021/2766
f 2683/3999/2744 2696/4025/2770 2682/4007/2752
f 2689/4011/2756 2674/4017/2762 2675/3993/2738
f 2702/4026/2771 2687/4014/2759 2688/4020/2765
f 2730/3721/2472 2763/4027/2772 2758/3998/2743
f 2680/4003/2748 2665/4016/2761 2666/3971/2717
f 2699/4028/2773 2684/4029/2774 2685/3995/2740
f 2695/4024/2769 2680/4003/2748 2681/4021/2766
f 2700/4030/2775 2685/3995/2740 2686/4013/2758
f 2711/4031/2776 2702/4026/2771 2703/4019/2764
f 2698/4032/2777 2683/3999/2744 2684/4029/2774
f 2693/4033/2778 2815/4034/2779 2679/4002/2747
f 2706/4018/2763 2691/4023/2768 2692/3989/2734
f 2713/4035/2780 2704/4036/2781 2705/4022/2767
f 2714/4037/2782 2705/4022/2767 2706/4018/2763
f 2721/4038/2783 2712/4039/2784 2713/4035/2780
f 2730/3721/2472 2714/4037/2782 2706/4018/2763
f 2712/4039/2784 2719/4040/2785 2711/4031/2776
f 2700/4030/2775 2707/4041/2786 2699/4028/2773
f 2851/4042/2787 3019/4043/2787 3018/4044/2788
f 2709/4045/2789 2700/4030/2775 2701/4012/2757
f 2756/4046/2790 2760/4047/2791 2735/3979/2724
f 2710/4048/2792 2701/4012/2757 2702/4026/2771
f 2730/3721/2472 2590/3887/2636 2763/4027/2772
f 2759/4049/2793 2825/3980/2725 2760/4047/2791
f 2720/4050/2794 2724/4051/2795 2719/4040/2785
f 2727/3905/2652 2721/4038/2783 2722/4052/2796
f 3007/4053/2797 3008/4054/2797 2995/4055/2798
f 2730/3721/2472 2727/3905/2652 2722/4052/2796
f 2821/4056/2799 2820/4057/2800 2723/4058/2801
f 2717/4059/2802 2708/4060/2803 2709/4045/2789
f 2991/4061/2804 2992/4062/2804 2587/3967/2713
f 2590/3887/2636 2762/4063/2805 2763/4027/2772
f 2704/4036/2781 2711/4031/2776 2703/4019/2764
f 2818/4064/2806 2717/4059/2802 2819/4065/2807
f 2762/4063/2805 2756/4046/2790 2757/4066/2808
f 2823/4067/2809 2822/4068/2810 2724/4051/2795
f 2758/3998/2743 2762/4063/2805 2757/4066/2808
f 2697/4069/2811 2698/4070/2811 2793/4071/2811
f 2730/3721/2472 2722/4052/2796 2714/4037/2782
f 2710/4048/2792 2717/4059/2802 2709/4045/2789
f 2718/4072/2812 2723/4058/2801 2820/4057/2800
f 2719/4040/2785 2710/4048/2792 2711/4031/2776
f 2760/4047/2791 2991/4073/2804 2759/4049/2793
f 3002/4074/2797 3001/4075/2797 2993/4076/2797
f 2722/4052/2796 2713/4035/2780 2714/4037/2782
f 2724/4051/2795 2718/4072/2812 2719/4040/2785
f 2708/4060/2803 2715/4077/2813 2707/4041/2786
f 2729/3937/2684 2725/4078/2814 2726/3904/2651
f 2760/4047/2791 2922/3884/2633 2989/4079/2714
f 2821/4056/2799 2724/4051/2795 2822/4068/2810
f 2762/4063/2805 2588/3885/2634 2761/4080/2815
f 2721/4038/2783 2725/4078/2814 2720/4050/2794
f 2817/4081/2816 2716/4082/2817 2818/4064/2806
f 2536/4083/2811 2747/4084/2811 2751/4085/2811
f 2790/4086/2818 2797/4087/2818 2964/4088/2818
f 2751/4089/2819 2755/4090/2819 2754/4091/2819
f 2779/4092/2820 2780/4093/2820 2797/4094/2820
f 2768/4095/2811 2767/4096/2811 2779/4097/2811
f 2764/4098/2818 2776/3870/2818 2775/4099/2818
f 2733/4009/2754 2756/4046/2790 2732/3962/2709
f 2799/4100/2811 2876/4101/2811 2884/4102/2811
f 2816/4103/2818 2827/3978/2818 2828/3977/2818
f 2846/4104/2472 2988/4105/2821 2916/4106/2821
f 2896/4107/2811 2866/4108/2811 2867/4109/2811
f 2845/4110/2822 2902/4111/2823 2903/4112/2822
f 2966/4113/2811 2965/4114/2811 2981/4115/2811
f 2846/4104/2472 2903/4112/2822 2904/4116/2472
f 2858/4117/2472 2853/4118/2822 2798/4119/2472
f 2966/4120/2820 2878/4121/2824 2877/4122/2820
f 2917/4123/2822 2854/4124/2823 2853/4118/2822
f 2977/4125/2825 2887/4126/2826 2905/4127/2825
f 2921/4128/2823 2855/4129/2827 2854/4124/2823
f 2967/4130/2824 2879/4131/2828 2878/4121/2824
f 2923/4132/2827 2856/4133/2829 2855/4129/2827
f 2906/4134/2830 2977/4125/2825 2905/4127/2825
f 2856/4133/2829 2927/4135/2831 2857/4136/2831
f 2968/4137/2828 2880/4138/2832 2879/4131/2828
f 2927/4135/2831 2875/4139/2833 2857/4136/2831
f 2798/4119/2472 2859/4140/2821 2858/4117/2472
f 2907/4141/2834 2978/4142/2830 2906/4134/2830
f 2885/4143/2835 2888/4144/2818 2830/4145/2818
f 2800/4146/2836 2859/4140/2821 2799/4147/2821
f 2969/4148/2832 2881/4149/2837 2880/4138/2832
f 2928/4150/2833 2876/4151/2838 2875/4139/2833
f 2801/4152/2839 2860/4153/2836 2800/4146/2836
f 2970/4154/2837 2882/4155/2840 2881/4149/2837
f 2886/4156/2841 2974/4157/2835 2885/4143/2835
f 2802/4158/2842 2861/4159/2839 2801/4152/2839
f 2909/4160/2819 2980/4161/2843 2908/4162/2843
f 2887/4126/2826 2975/4163/2841 2886/4156/2841
f 2802/4158/2842 2863/4164/2844 2862/4165/2842
f 2882/4155/2840 2972/4166/2845 2883/4167/2845
f 2965/4168/2838 2877/4122/2820 2876/4151/2838
f 2804/4169/2846 2863/4164/2844 2803/4170/2844
f 2910/4171/2847 2981/4172/2819 2909/4160/2819
f 2831/4173/2848 2888/4144/2818 2889/4174/2848
f 2805/4175/2847 2864/4176/2846 2804/4169/2846
f 2972/4166/2845 2884/4177/2848 2883/4167/2845
f 2832/4178/2845 2889/4174/2848 2890/4179/2845
f 2806/4180/2819 2865/4181/2847 2805/4175/2847
f 2911/4182/2846 2982/4183/2847 2910/4171/2847
f 2832/4178/2845 2891/4184/2840 2833/4185/2840
f 2807/4186/2843 2866/4187/2819 2806/4180/2819
f 2973/4188/2848 2814/4189/2818 2884/4177/2848
f 2833/4185/2840 2892/4190/2837 2834/4191/2837
f 2808/4192/2834 2867/4193/2843 2807/4186/2843
f 2914/4194/2839 2985/4195/2842 2913/4196/2842
f 2835/4197/2832 2892/4190/2837 2893/4198/2832
f 2809/4199/2830 2868/4200/2834 2808/4192/2834
f 2912/4201/2844 2983/4202/2846 2911/4182/2846
f 2835/4197/2832 2894/4203/2828 2836/4204/2828
f 2810/4205/2825 2869/4206/2830 2809/4199/2830
f 2837/4207/2824 2894/4203/2828 2895/4208/2824
f 2811/4209/2826 2870/4210/2825 2810/4205/2825
f 2838/4211/2820 2895/4208/2824 2896/4212/2820
f 2811/4209/2826 2872/4213/2841 2871/4214/2826
f 2839/4215/2838 2896/4212/2820 2897/4216/2838
f 2813/4217/2835 2872/4213/2841 2812/4218/2841
f 2840/4219/2833 2897/4216/2838 2898/4220/2833
f 2814/4189/2818 2873/4221/2835 2813/4217/2835
f 2841/4222/2831 2898/4220/2833 2899/4223/2831
f 2841/4222/2831 2900/4224/2829 2842/4225/2829
f 2916/4106/2821 2987/4226/2836 2915/4227/2836
f 2843/4228/2827 2900/4224/2829 2901/4229/2827
f 2844/4230/2823 2901/4229/2827 2902/4111/2823
f 2586/4231/2849 2993/4232/2797 2990/4233/2850
f 2587/3967/2713 2925/4234/2631 2586/4231/2849
f 3026/4235/2787 3027/4236/2788 3021/4237/2787
f 2922/3966/2633 2918/4238/2632 2587/3967/2713
f 2929/4239/2637 2586/4231/2849 2920/4240/2851
f 2987/4226/2836 2914/4194/2839 2915/4227/2836
f 2933/4241/2637 2932/4242/2852 2930/4243/2853
f 2947/4244/2626 2946/4245/2854 2931/4246/2855
f 2908/4162/2843 2979/4247/2834 2907/4141/2834
f 2985/4195/2842 2912/4201/2844 2913/4196/2842
f 2824/4248/2811 2827/4249/2811 2816/4250/2811
f 2830/4251/2811 2831/4252/2811 2782/4253/2811
f 2852/4254/2819 2816/4255/2819 2826/4256/2819
f 2815/4257/2820 2786/4258/2820 2793/4259/2820
f 2779/4260/2818 2558/4261/2818 2751/4262/2818
f 2788/4263/2811 2794/4264/2811 2781/4265/2811
f 2916/4266/2811 2915/4267/2811 2964/4268/2811
f 2737/3690/2441 2441/3718/2469 2442/3691/2442
f 2426/3693/2444 2434/3720/2471 2435/3694/2445
f 2738/3692/2443 2442/3691/2442 2443/3696/2447
f 2427/3695/2446 2435/3694/2445 2436/3698/2449
f 2739/3697/2448 2443/3696/2447 2444/3700/2451
f 2429/3702/2453 2428/3699/2450 2436/3698/2449
f 2432/3701/2452 2444/3700/2451 2445/3704/2455
f 2429/3702/2453 2437/3703/2454 2438/3706/2457
f 2740/3705/2456 2445/3704/2455 2446/3708/2459
f 2430/3707/2458 2438/3706/2457 2439/3710/2461
f 2741/3709/2460 2446/3708/2459 2447/3712/2463
f 2431/3711/2462 2439/3710/2461 2440/3714/2465
f 2742/3713/2464 2447/3712/2463 2448/3716/2467
f 2737/3690/2441 2736/3715/2466 2440/3714/2465
f 2426/3693/2444 2745/3907/2654 2744/3719/2470
f 2440/3714/2465 2455/3737/2488 2456/3722/2473
f 2434/3720/2471 2744/3719/2470 2746/3723/2474
f 2441/3718/2469 2456/3722/2473 2457/3726/2477
f 2434/3720/2471 2449/3724/2475 2450/3727/2478
f 2442/3691/2442 2457/3726/2477 2458/3728/2479
f 2435/3694/2445 2450/3727/2478 2451/3729/2480
f 2444/3700/2451 2443/3696/2447 2458/3728/2479
f 2436/3698/2449 2451/3729/2480 2452/3731/2482
f 2444/3700/2451 2459/3730/2481 2460/3732/2483
f 2438/3706/2457 2437/3703/2454 2452/3731/2482
f 2445/3704/2455 2460/3732/2483 2461/3734/2485
f 2438/3706/2457 2453/3733/2484 2454/3735/2486
f 2446/3708/2459 2461/3734/2485 2462/3736/2487
f 2439/3710/2461 2454/3735/2486 2455/3737/2488
f 2447/3712/2463 2462/3736/2487 2463/3725/2476
f 2459/3730/2481 2474/3753/2504 2475/3738/2489
f 2453/3733/2484 2452/3731/2482 2467/3739/2490
f 2461/3734/2485 2460/3732/2483 2475/3738/2489
f 2453/3733/2484 2468/3740/2491 2469/3742/2493
f 2461/3734/2485 2476/3741/2492 2477/3743/2494
f 2454/3735/2486 2469/3742/2493 2470/3744/2495
f 2463/3725/2476 2462/3736/2487 2477/3743/2494
f 2455/3737/2488 2470/3744/2495 2471/3746/2497
f 2449/3724/2475 2746/3723/2474 2748/3747/2498
f 2456/3722/2473 2471/3746/2497 2472/3749/2500
f 2449/3724/2475 2464/3748/2499 2465/3750/2501
f 2458/3728/2479 2457/3726/2477 2472/3749/2500
f 2451/3729/2480 2450/3727/2478 2465/3750/2501
f 2459/3730/2481 2458/3728/2479 2473/3751/2502
f 2451/3729/2480 2466/3752/2503 2467/3739/2490
f 2464/3748/2499 2748/3747/2498 2749/3754/2505
f 2471/3746/2497 2486/3769/2520 2487/3757/2508
f 2465/3750/2501 2464/3748/2499 2479/3755/2506
f 2473/3751/2502 2472/3749/2500 2487/3757/2508
f 2465/3750/2501 2480/3758/2509 2481/3760/2511
f 2473/3751/2502 2488/3759/2510 2489/3761/2512
f 2466/3752/2503 2481/3760/2511 2482/3762/2513
f 2474/3753/2504 2489/3761/2512 2490/3763/2514
f 2468/3740/2491 2467/3739/2490 2482/3762/2513
f 2476/3741/2492 2475/3738/2489 2490/3763/2514
f 2468/3740/2491 2483/3764/2515 2484/3766/2517
f 2476/3741/2492 2491/3765/2516 2492/3767/2518
f 2469/3742/2493 2484/3766/2517 2485/3768/2519
f 2478/3745/2496 2477/3743/2494 2492/3767/2518
f 2470/3744/2495 2485/3768/2519 2486/3769/2520
f 2483/3764/2515 2482/3762/2513 2496/3770/2521
f 2491/3765/2516 2490/3763/2514 2504/3772/2523
f 2483/3764/2515 2497/3771/2522 2498/3774/2525
f 2491/3765/2516 2505/3773/2524 2506/3775/2526
f 2484/3766/2517 2498/3774/2525 2499/3776/2527
f 2493/3756/2507 2492/3767/2518 2506/3775/2526
f 2485/3768/2519 2499/3776/2527 2500/3778/2529
f 2487/3757/2508 2486/3769/2520 2500/3778/2529
f 2494/3787/2538 2480/3758/2509 2752/3781/2532
f 2480/3758/2509 2479/3755/2506 2752/3781/2532
f 2488/3759/2510 2487/3757/2508 2501/3780/2531
f 2480/3758/2509 2494/3787/2538 2495/3783/2534
f 2489/3761/2512 2488/3759/2510 2502/3782/2533
f 2481/3760/2511 2495/3783/2534 2496/3770/2521
f 2489/3761/2512 2503/3784/2535 2504/3772/2523
f 2501/3780/2531 2500/3778/2529 2514/3785/2536
f 2494/3787/2538 2752/3781/2532 2753/3788/2539
f 2501/3780/2531 2515/3786/2537 2516/3790/2541
f 2494/3787/2538 2508/3789/2540 2509/3791/2542
f 2503/3784/2535 2502/3782/2533 2516/3790/2541
f 2495/3783/2534 2509/3791/2542 2510/3793/2544
f 2503/3784/2535 2517/3792/2543 2518/3794/2545
f 2497/3771/2522 2496/3770/2521 2510/3793/2544
f 2505/3773/2524 2504/3772/2523 2518/3794/2545
f 2497/3771/2522 2511/3795/2546 2512/3797/2548
f 2506/3775/2526 2505/3773/2524 2519/3796/2547
f 2499/3776/2527 2498/3774/2525 2512/3797/2548
f 2506/3775/2526 2520/3798/2549 2521/3800/2551
f 2499/3776/2527 2513/3799/2550 2514/3785/2536
f 2519/3796/2547 2518/3794/2545 2532/3801/2552
f 2511/3795/2546 2525/3814/2565 2526/3803/2554
f 2520/3798/2549 2519/3796/2547 2533/3802/2553
f 2512/3797/2548 2526/3803/2554 2527/3805/2556
f 2520/3798/2549 2534/3804/2555 2535/3806/2557
f 2513/3799/2550 2527/3805/2556 2528/3807/2558
f 2514/3785/2536 2528/3807/2558 2529/3808/2559
f 2755/3830/2581 2522/3816/2567 2754/3809/2560
f 2522/3816/2567 2508/3789/2540 2754/3809/2560
f 2515/3786/2537 2529/3808/2559 2530/3810/2561
f 2508/3789/2540 2522/3816/2567 2523/3811/2562
f 2517/3792/2543 2516/3790/2541 2530/3810/2561
f 2509/3791/2542 2523/3811/2562 2524/3813/2564
f 2517/3792/2543 2531/3812/2563 2532/3801/2552
f 2510/3793/2544 2524/3813/2564 2525/3814/2565
f 2529/3808/2559 2543/3828/2579 2544/3815/2566
f 2522/3816/2567 2536/3829/2580 2537/3817/2568
f 2530/3810/2561 2544/3815/2566 2545/3818/2569
f 2523/3811/2562 2537/3817/2568 2538/3819/2570
f 2531/3812/2563 2545/3818/2569 2546/3820/2571
f 2525/3814/2565 2524/3813/2564 2538/3819/2570
f 2533/3802/2553 2532/3801/2552 2546/3820/2571
f 2525/3814/2565 2539/3821/2572 2540/3823/2574
f 2533/3802/2553 2547/3822/2573 2548/3824/2575
f 2526/3803/2554 2540/3823/2574 2541/3825/2576
f 2534/3804/2555 2548/3824/2575 2549/3826/2577
f 2527/3805/2556 2541/3825/2576 2542/3827/2578
f 2528/3807/2558 2542/3827/2578 2543/3828/2579
f 2536/3829/2580 2522/3816/2567 2755/3830/2581
f 2548/3824/2575 2547/3822/2573 2555/3832/2583
f 2549/3826/2577 2548/3824/2575 2556/3833/2584
f 2543/3828/2579 2542/3827/2578 2550/3835/2586
f 2543/3828/2579 2551/3836/2587 2552/3837/2588
f 2545/3818/2569 2544/3815/2566 2552/3837/2588
f 2545/3818/2569 2553/3838/2589 2554/3839/2590
f 2547/3822/2573 2546/3820/2571 2554/3839/2590
f 2553/3838/2589 2552/3837/2588 2560/3840/2591
f 2553/3838/2589 2561/3841/2592 2562/3842/2593
f 2555/3832/2583 2554/3839/2590 2562/3842/2593
f 2556/3833/2584 2555/3832/2583 2563/3843/2594
f 2556/3833/2584 2564/3844/2595 2565/3845/2596
f 2550/3835/2586 2558/4269/2856 2559/3846/2597
f 2551/3836/2587 2559/3846/2597 2560/3840/2591
f 2564/3844/2595 2569/3855/2606 2570/3847/2598
f 2559/3846/2597 2558/4269/2856 2765/3848/2599
f 2560/3840/2591 2559/3846/2597 2766/3849/2600
f 2561/3841/2592 2560/3840/2591 2768/3851/2602
f 2560/3840/2591 2767/3850/2601 2768/3851/2602
f 2561/3841/2592 2566/3852/2603 2567/3853/2604
f 2563/3843/2594 2562/3842/2593 2567/3853/2604
f 2564/3844/2595 2563/3843/2594 2568/3854/2605
f 2567/3853/2604 2566/3852/2603 2769/3856/2607
f 2571/3863/2614 2568/3854/2605 2771/3858/2609
f 2568/3854/2605 2567/3853/2604 2771/3858/2609
f 2568/3854/2605 2571/3863/2614 2572/3859/2610
f 2569/3855/2606 2572/3859/2610 2573/3860/2611
f 2573/3860/2611 2572/3859/2610 2575/3861/2612
f 2571/3863/2614 2771/3858/2609 2772/3864/2615
f 2572/3859/2610 2571/3863/2614 2574/3865/2616
f 2574/3865/2616 2772/3864/2615 2775/4099/2621
f 2776/3870/2621 2774/3867/2618 2578/3869/2620
f 2774/3867/2618 2577/3866/2617 2578/3869/2620
f 2574/3865/2616 2775/4099/2621 2776/3870/2621
f 2574/3865/2616 2578/3869/2620 2579/3871/2622
f 2575/3861/2612 2579/3871/2622 2580/3872/2623
f 2791/3874/2625 2790/4270/2853 2949/4271/2625
f 2790/4270/2853 2931/4272/2855 2946/4273/2854
f 2790/4270/2853 2946/4273/2854 2947/4274/2626
f 2581/3878/2628 2777/4275/2857 2959/4276/2625
f 2777/4275/2857 2791/3874/2625 2955/3876/2625
f 2958/4277/2625 2777/4275/2857 2957/4278/2625
f 2963/4279/2625 2930/4280/2853 2581/3878/2628
f 2962/4281/2625 2963/4279/2625 2581/3878/2628
f 2790/4270/2853 2947/4274/2626 2948/4282/2626
f 2790/4270/2853 2948/4282/2626 2949/4271/2625
f 2961/4283/2625 2962/4281/2625 2581/3878/2628
f 2960/4284/2858 2961/4283/2625 2581/3878/2628
f 2791/3874/2625 2949/4271/2625 2950/4285/2625
f 2959/4276/2625 2960/4284/2858 2581/3878/2628
f 2958/4277/2625 2959/4276/2625 2777/4275/2857
f 2791/3874/2625 2950/4285/2625 2951/4286/2625
f 2791/3874/2625 2951/4286/2625 2952/4287/2625
f 2957/4278/2625 2777/4275/2857 2956/4288/2625
f 2956/4288/2625 2777/4275/2857 2955/3876/2625
f 2791/3874/2625 2952/4287/2625 2953/4289/2625
f 2791/3874/2625 2953/4289/2625 2954/3875/2626
f 2577/3866/2617 2773/3868/2619 2582/3877/2627
f 2773/3868/2619 2777/4275/2857 2581/3878/2628
f 2578/3869/2620 2577/3866/2617 2582/3877/2627
f 2579/3871/2622 2578/3869/2620 2583/3879/2629
f 2580/3872/2623 2579/3871/2622 2584/3880/2630
f 2582/3877/2627 2581/3878/2628 2925/3881/2631
f 2581/3878/2628 2920/4290/2851 2925/3881/2631
f 2926/3882/2631 2918/3883/2632 2582/3877/2627
f 2588/3885/2634 2583/3879/2629 2922/3884/2633
f 2583/3879/2629 2582/3877/2627 2922/3884/2633
f 2584/3880/2630 2583/3879/2629 2588/3885/2634
f 2584/3880/2630 2589/3886/2635 2590/3887/2636
f 2790/4270/2853 2792/4291/2859 2942/4292/2637
f 2792/4291/2859 2919/4293/2859 2940/4294/2637
f 2942/4292/2637 2792/4291/2859 2941/4295/2637
f 2929/3888/2637 2920/4290/2851 2581/3878/2628
f 2919/4293/2859 2929/3888/2637 2939/4296/2637
f 2945/4297/2637 2931/4272/2855 2790/4270/2853
f 2944/4298/2637 2945/4297/2637 2790/4270/2853
f 2929/3888/2637 2581/3878/2628 2934/4299/2860
f 2581/3878/2628 2930/4280/2853 2932/4300/2852
f 2581/3878/2628 2932/4300/2852 2933/4301/2637
f 2943/4302/2637 2944/4298/2637 2790/4270/2853
f 2942/4292/2637 2943/4302/2637 2790/4270/2853
f 2581/3878/2628 2933/4301/2637 2934/4299/2860
f 2941/4295/2637 2792/4291/2859 2940/4294/2637
f 2940/4294/2637 2919/4293/2859 2939/4296/2637
f 2929/3888/2637 2934/4299/2860 2935/4303/2637
f 2929/3888/2637 2935/4303/2637 2936/4304/2637
f 2929/3888/2637 2936/4304/2637 2937/3889/2637
f 2938/3890/2637 2939/4296/2637 2929/3888/2637
f 2596/3891/2638 2595/3892/2639 2430/3707/2458
f 2595/3892/2639 2594/3914/2661 2429/3702/2453
f 2599/3893/2640 2598/3916/2663 2737/3690/2441
f 2603/3894/2641 2602/3902/2649 2740/3705/2456
f 2592/3895/2642 2591/3917/2664 2426/3693/2444
f 2600/3896/2643 2599/3893/2640 2738/3692/2443
f 2597/3897/2644 2596/3891/2638 2431/3711/2462
f 2601/3898/2645 2600/3896/2643 2739/3697/2448
f 2429/3702/2453 2594/3914/2661 2593/3899/2646
f 2605/3900/2647 2604/3901/2648 2742/3713/2464
f 2604/3901/2648 2603/3894/2641 2741/3709/2460
f 2593/3899/2646 2592/3895/2642 2427/3695/2446
f 2602/3902/2649 2601/3898/2645 2432/3701/2452
f 2731/3903/2650 2729/3937/2684 2726/3904/2651
f 2426/3693/2444 2591/3917/2664 2784/3906/2653
f 2615/3908/2655 2614/3928/2675 2599/3893/2640
f 2611/3909/2656 2610/3924/2671 2595/3892/2639
f 2608/3910/2657 2607/3920/2667 2592/3895/2642
f 2737/3690/2441 2598/3916/2663 2597/3897/2644
f 2617/3911/2658 2616/3940/2687 2601/3898/2645
f 2595/3892/2639 2610/3924/2671 2609/3913/2660
f 2601/3898/2645 2616/3940/2687 2615/3908/2655
f 2613/3915/2662 2612/3931/2678 2597/3897/2644
f 2594/3914/2661 2609/3913/2660 2608/3910/2657
f 2591/3917/2664 2606/3922/2669 2785/3918/2665
f 2618/3919/2666 2617/3911/2658 2602/3902/2649
f 2607/3920/2667 2606/3922/2669 2591/3917/2664
f 2619/3921/2668 2618/3919/2666 2603/3894/2641
f 2606/3922/2669 2621/3949/2696 2787/3923/2670
f 2610/3924/2671 2625/3956/2703 2624/3925/2672
f 2633/3927/2674 2632/3939/2686 2617/3911/2658
f 2614/3928/2675 2613/3915/2662 2598/3916/2663
f 2622/3929/2676 2621/3949/2696 2606/3922/2669
f 2627/3930/2677 2626/3933/2680 2611/3909/2656
f 2612/3931/2678 2611/3909/2656 2596/3891/2638
f 2629/3932/2679 2628/3938/2685 2613/3915/2662
f 2626/3933/2680 2625/3956/2703 2610/3924/2671
f 2630/3934/2681 2629/3932/2679 2614/3928/2675
f 2634/3935/2682 2633/3927/2674 2618/3919/2666
f 2734/3936/2683 2733/4009/2754 2729/3937/2684
f 2628/3938/2685 2627/3930/2677 2612/3931/2678
f 2632/3939/2686 2631/3944/2691 2616/3940/2687
f 2633/3927/2674 2648/3957/2704 2647/3941/2688
f 2630/3934/2681 2645/3988/2733 2644/3942/2689
f 2608/3910/2657 2623/3946/2693 2622/3929/2676
f 2620/3912/2659 2635/3926/2673 2634/3935/2682
f 2620/3912/2659 2619/3921/2668 2604/3901/2648
f 2647/3941/2688 2646/3947/2694 2631/3944/2691
f 2638/3945/2692 2637/3959/2706 2622/3929/2676
f 2616/3940/2687 2631/3944/2691 2630/3934/2681
f 2646/3947/2694 2645/3988/2733 2630/3934/2681
f 2624/3925/2672 2623/3946/2693 2608/3910/2657
f 2639/3948/2695 2638/3945/2692 2623/3946/2693
f 2621/3949/2696 2636/3970/2716 2788/3950/2697
f 2640/3951/2698 2654/3997/2742 2653/3952/2699
f 2629/3932/2679 2644/3942/2689 2643/3953/2700
f 2641/3955/2702 2640/3951/2698 2625/3956/2703
f 2648/3957/2704 2662/4006/2751 2661/3958/2705
f 2637/3959/2706 2636/3970/2716 2621/3949/2696
f 2824/3960/2707 2823/4067/2809 2728/3961/2708
f 2650/3943/2690 2649/3974/2720 2634/3935/2682
f 2644/3942/2689 2658/3975/2721 2657/3963/2710
f 2657/3963/2710 2656/3987/2732 2642/3964/2711
f 2655/3965/2712 2654/3997/2742 2640/3951/2698
f 2643/3953/2700 2642/3964/2711 2627/3930/2677
f 2625/3956/2703 2640/3951/2698 2639/3948/2695
f 2666/3971/2717 2665/4016/2761 2651/3972/2718
f 2664/3954/2701 2663/3984/2729 2649/3974/2720
f 2652/3973/2719 2651/3972/2718 2637/3959/2706
f 2658/3975/2721 2672/4010/2755 2671/3976/2722
f 2729/3937/2684 2733/4009/2754 2732/3962/2709
f 2756/4046/2790 2735/3979/2724 2826/3981/2726
f 2756/4046/2790 2826/3981/2726 2828/3977/2723
f 2827/3978/2723 2824/3960/2707 2732/3962/2709
f 2756/4046/2790 2828/3977/2723 2732/3962/2709
f 2651/3972/2718 2665/4016/2761 2795/3982/2727
f 2663/3984/2729 2662/4006/2751 2648/3957/2704
f 2636/3970/2716 2637/3959/2706 2794/3983/2728
f 2637/3959/2706 2651/3972/2718 2794/3983/2728
f 2634/3935/2682 2649/3974/2720 2648/3957/2704
f 2673/3985/2730 2672/4010/2755 2658/3975/2721
f 2656/3987/2732 2655/3965/2712 2641/3955/2702
f 2645/3988/2733 2659/3986/2731 2658/3975/2721
f 2627/3930/2677 2642/3964/2711 2641/3955/2702
f 2692/3989/2734 2691/4023/2768 2677/3990/2735
f 2667/3992/2737 2666/3971/2717 2652/3973/2719
f 2678/3991/2736 2677/3990/2735 2663/3984/2729
f 2639/3948/2695 2653/3952/2699 2652/3973/2719
f 2675/3993/2738 2674/4017/2762 2660/3994/2739
f 2685/3995/2740 2684/4029/2774 2670/3996/2741
f 2661/3958/2705 2660/3994/2739 2646/3947/2694
f 2671/3976/2722 2670/3996/2741 2656/3987/2732
f 2654/3997/2742 2668/4008/2753 2667/3992/2737
f 2670/3996/2741 2684/4029/2774 2683/3999/2744
f 2660/3994/2739 2674/4017/2762 2673/3985/2730
f 2670/3996/2741 2669/4000/2745 2655/3965/2712
f 2646/3947/2694 2660/3994/2739 2659/3986/2731
f 2694/4001/2746 2693/4033/2778 2679/4002/2747
f 2677/3990/2735 2691/4023/2768 2690/4004/2749
f 2663/3984/2729 2677/3990/2735 2676/4005/2750
f 2682/4007/2752 2681/4021/2766 2667/3992/2737
f 2758/3998/2743 2757/4066/2808 2733/4009/2754
f 2672/4010/2755 2686/4013/2758 2685/3995/2740
f 2676/4005/2750 2690/4004/2749 2689/4011/2756
f 2701/4012/2757 2700/4030/2775 2686/4013/2758
f 2662/4006/2751 2676/4005/2750 2675/3993/2738
f 2665/4016/2761 2679/4002/2747 2796/4015/2760
f 2679/4002/2747 2815/4034/2779 2796/4015/2760
f 2683/3999/2744 2682/4007/2752 2668/4008/2753
f 2687/4014/2759 2686/4013/2758 2672/4010/2755
f 2669/4000/2745 2668/4008/2753 2654/3997/2742
f 2674/4017/2762 2688/4020/2765 2687/4014/2759
f 2703/4019/2764 2702/4026/2771 2688/4020/2765
f 2690/4004/2749 2704/4036/2781 2703/4019/2764
f 2681/4021/2766 2680/4003/2748 2666/3971/2717
f 2705/4022/2767 2704/4036/2781 2690/4004/2749
f 2682/4007/2752 2696/4025/2770 2695/4024/2769
f 2683/3999/2744 2697/4305/2861 2696/4025/2770
f 2689/4011/2756 2688/4020/2765 2674/4017/2762
f 2702/4026/2771 2701/4012/2757 2687/4014/2759
f 2680/4003/2748 2679/4002/2747 2665/4016/2761
f 2699/4028/2773 2698/4032/2777 2684/4029/2774
f 2695/4024/2769 2694/4001/2746 2680/4003/2748
f 2700/4030/2775 2699/4028/2773 2685/3995/2740
f 2711/4031/2776 2710/4048/2792 2702/4026/2771
f 2698/4032/2777 2697/4305/2861 2683/3999/2744
f 2693/4033/2778 2786/4306/2862 2815/4034/2779
f 2706/4018/2763 2705/4022/2767 2691/4023/2768
f 2713/4035/2780 2712/4039/2784 2704/4036/2781
f 2714/4037/2782 2713/4035/2780 2705/4022/2767
f 2721/4038/2783 2720/4050/2794 2712/4039/2784
f 2712/4039/2784 2720/4050/2794 2719/4040/2785
f 2700/4030/2775 2708/4060/2803 2707/4041/2786
f 2995/4307/2798 2850/4308/2863 3010/4309/2787
f 2850/4308/2863 2851/4042/2787 3013/4310/2787
f 3010/4309/2787 2850/4308/2863 3011/4311/2788
f 2851/4042/2787 2829/4312/2864 3019/4043/2787
f 2829/4312/2864 2759/4049/2793 3023/4313/2787
f 3022/4314/2787 2829/4312/2864 3023/4313/2787
f 2759/4049/2793 2994/4315/2863 3027/4316/2788
f 2759/4049/2793 3027/4316/2788 3026/4317/2787
f 3011/4311/2788 2850/4308/2863 3012/4318/2788
f 3012/4318/2788 2850/4308/2863 3013/4310/2787
f 2759/4049/2793 3026/4317/2787 3025/4319/2787
f 2759/4049/2793 3025/4319/2787 3024/4320/2787
f 2759/4049/2793 3024/4320/2787 3023/4313/2787
f 3014/4321/2787 3013/4310/2787 2851/4042/2787
f 3015/4322/2787 3014/4321/2787 2851/4042/2787
f 2829/4312/2864 3022/4314/2787 3021/4323/2787
f 2829/4312/2864 3021/4323/2787 3020/4324/2787
f 3016/4325/2787 3015/4322/2787 2851/4042/2787
f 3017/4326/2787 3016/4325/2787 2851/4042/2787
f 2829/4312/2864 3020/4324/2787 3019/4043/2787
f 3018/4044/2788 3017/4326/2787 2851/4042/2787
f 2709/4045/2789 2708/4060/2803 2700/4030/2775
f 2756/4046/2790 2761/4080/2815 2760/4047/2791
f 2710/4048/2792 2709/4045/2789 2701/4012/2757
f 2829/4312/2864 2825/3980/2725 2759/4049/2793
f 2825/3980/2725 2735/3979/2724 2760/4047/2791
f 2720/4050/2794 2725/4078/2814 2724/4051/2795
f 2727/3905/2652 2726/3904/2651 2721/4038/2783
f 3009/4327/2797 2995/4055/2798 3008/4054/2797
f 2995/4055/2798 2994/4328/2863 3000/4329/2797
f 3001/4330/2797 2995/4055/2798 3000/4329/2797
f 2994/4328/2863 2996/4331/2797 2997/4332/2797
f 2997/4332/2797 2998/4333/2865 2994/4328/2863
f 2998/4333/2865 2999/4334/2797 2994/4328/2863
f 2999/4334/2797 3000/4329/2797 2994/4328/2863
f 3001/4330/2797 3002/4335/2797 2995/4055/2798
f 3002/4335/2797 3003/4336/2797 2995/4055/2798
f 3003/4336/2797 3004/4337/2797 2995/4055/2798
f 3004/4337/2797 3005/4338/2797 2995/4055/2798
f 3005/4338/2797 3006/4339/2797 2995/4055/2798
f 3006/4339/2797 3007/4053/2797 2995/4055/2798
f 2717/4059/2802 2716/4082/2817 2708/4060/2803
f 2992/4062/2804 2989/3968/2714 2587/3967/2713
f 2587/3967/2713 2586/4231/2849 2991/4061/2804
f 2586/4231/2849 2990/4233/2850 2991/4061/2804
f 2590/3887/2636 2589/3886/2635 2762/4063/2805
f 2704/4036/2781 2712/4039/2784 2711/4031/2776
f 2818/4064/2806 2716/4082/2817 2717/4059/2802
f 2762/4063/2805 2761/4080/2815 2756/4046/2790
f 2724/4051/2795 2725/4078/2814 2823/4067/2809
f 2725/4078/2814 2728/3961/2708 2823/4067/2809
f 2758/3998/2743 2763/4027/2772 2762/4063/2805
f 2698/4070/2811 2699/4340/2811 2793/4071/2811
f 2793/4071/2811 2786/4341/2811 2693/4342/2811
f 2693/4342/2811 2694/4343/2811 2793/4071/2811
f 2694/4343/2811 2695/4344/2811 2793/4071/2811
f 2695/4344/2811 2696/4345/2811 2793/4071/2811
f 2696/4345/2811 2697/4069/2811 2793/4071/2811
f 2710/4048/2792 2718/4072/2812 2717/4059/2802
f 2819/4065/2807 2717/4059/2802 2820/4057/2800
f 2717/4059/2802 2718/4072/2812 2820/4057/2800
f 2719/4040/2785 2718/4072/2812 2710/4048/2792
f 2760/4047/2791 2989/4079/2714 2992/4346/2804
f 2991/4073/2804 2990/4347/2850 2759/4049/2793
f 2760/4047/2791 2992/4346/2804 2991/4073/2804
f 2919/4293/2859 2792/4291/2859 3004/4348/2797
f 2792/4291/2859 2850/4308/2863 3006/4349/2797
f 2850/4308/2863 2995/4307/2798 3009/4350/2797
f 2850/4308/2863 3009/4350/2797 3008/4351/2797
f 2993/4076/2797 2919/4293/2859 3003/4352/2797
f 2792/4291/2859 3006/4349/2797 3005/4353/2797
f 2759/4049/2793 2990/4347/2850 2993/4076/2797
f 2996/4354/2797 2994/4315/2863 2759/4049/2793
f 2997/4355/2797 2996/4354/2797 2759/4049/2793
f 2850/4308/2863 3008/4351/2797 3007/4356/2797
f 2850/4308/2863 3007/4356/2797 3006/4349/2797
f 2997/4355/2797 2759/4049/2793 2998/4357/2865
f 2759/4049/2793 2993/4076/2797 2998/4357/2865
f 2792/4291/2859 3005/4353/2797 3004/4348/2797
f 2999/4358/2797 2998/4357/2865 2993/4076/2797
f 3000/4359/2797 2999/4358/2797 2993/4076/2797
f 2919/4293/2859 3004/4348/2797 3003/4352/2797
f 3001/4075/2797 3000/4359/2797 2993/4076/2797
f 2993/4076/2797 3003/4352/2797 3002/4074/2797
f 2722/4052/2796 2721/4038/2783 2713/4035/2780
f 2724/4051/2795 2723/4058/2801 2718/4072/2812
f 2708/4060/2803 2716/4082/2817 2715/4077/2813
f 2729/3937/2684 2728/3961/2708 2725/4078/2814
f 2760/4047/2791 2761/4080/2815 2922/3884/2633
f 2761/4080/2815 2588/3885/2634 2922/3884/2633
f 2821/4056/2799 2723/4058/2801 2724/4051/2795
f 2762/4063/2805 2589/3886/2635 2588/3885/2634
f 2721/4038/2783 2726/3904/2651 2725/4078/2814
f 2817/4081/2816 2715/4077/2813 2716/4082/2817
f 2751/4085/2811 2542/4360/2811 2541/4361/2811
f 2541/4361/2811 2540/4362/2811 2751/4085/2811
f 2540/4362/2811 2539/4363/2811 2751/4085/2811
f 2539/4363/2811 2538/4364/2811 2751/4085/2811
f 2538/4364/2811 2537/4365/2811 2751/4085/2811
f 2537/4365/2811 2536/4083/2811 2751/4085/2811
f 2850/4366/2818 2792/4367/2818 2964/4088/2818
f 2792/4367/2818 2790/4086/2818 2964/4088/2818
f 2790/4086/2818 2791/4368/2818 2797/4087/2818
f 2964/4088/2818 2852/4369/2818 2850/4366/2818
f 2852/4369/2818 2851/4370/2818 2850/4366/2818
f 2754/4091/2819 2743/4371/2819 2751/4089/2819
f 2751/4089/2819 2747/4372/2819 2755/4090/2819
f 2791/4373/2820 2777/4374/2820 2797/4094/2820
f 2777/4374/2820 2773/4375/2820 2797/4094/2820
f 2773/4375/2820 2774/4376/2820 2797/4094/2820
f 2774/4376/2820 2776/4377/2820 2764/4378/2820
f 2797/4094/2820 2774/4376/2820 2764/4378/2820
f 2764/4378/2820 2779/4092/2820 2797/4094/2820
f 2779/4092/2820 2778/4379/2820 2780/4093/2820
f 2765/4380/2811 2779/4097/2811 2766/4381/2811
f 2779/4097/2811 2764/4382/2811 2771/4383/2811
f 2766/4381/2811 2779/4097/2811 2767/4096/2811
f 2764/4382/2811 2775/4384/2811 2772/4385/2811
f 2772/4385/2811 2771/4383/2811 2764/4382/2811
f 2771/4383/2811 2770/4386/2811 2779/4097/2811
f 2770/4386/2811 2769/4387/2811 2779/4097/2811
f 2769/4387/2811 2768/4095/2811 2779/4097/2811
f 2733/4009/2754 2757/4066/2808 2756/4046/2790
f 2884/4102/2811 2814/4388/2811 2811/4389/2811
f 2814/4388/2811 2813/4390/2811 2811/4389/2811
f 2813/4390/2811 2812/4391/2811 2811/4389/2811
f 2811/4389/2811 2810/4392/2811 2809/4393/2811
f 2809/4393/2811 2808/4394/2811 2811/4389/2811
f 2808/4394/2811 2807/4395/2811 2811/4389/2811
f 2807/4395/2811 2806/4396/2811 2805/4397/2811
f 2805/4397/2811 2804/4398/2811 2807/4395/2811
f 2804/4398/2811 2803/4399/2811 2807/4395/2811
f 2803/4399/2811 2802/4400/2811 2799/4100/2811
f 2802/4400/2811 2801/4401/2811 2799/4100/2811
f 2801/4401/2811 2800/4402/2811 2799/4100/2811
f 2799/4100/2811 2798/4403/2811 2853/4404/2811
f 2853/4404/2811 2854/4405/2811 2855/4406/2811
f 2855/4406/2811 2856/4407/2811 2857/4408/2811
f 2857/4408/2811 2875/4409/2811 2855/4406/2811
f 2875/4409/2811 2876/4101/2811 2855/4406/2811
f 2876/4101/2811 2877/4410/2811 2878/4411/2811
f 2878/4411/2811 2879/4412/2811 2876/4101/2811
f 2879/4412/2811 2880/4413/2811 2876/4101/2811
f 2880/4413/2811 2881/4414/2811 2882/4415/2811
f 2882/4415/2811 2883/4416/2811 2884/4102/2811
f 2799/4100/2811 2853/4404/2811 2876/4101/2811
f 2853/4404/2811 2855/4406/2811 2876/4101/2811
f 2880/4413/2811 2882/4415/2811 2876/4101/2811
f 2882/4415/2811 2884/4102/2811 2876/4101/2811
f 2884/4102/2811 2811/4389/2811 2799/4100/2811
f 2811/4389/2811 2807/4395/2811 2799/4100/2811
f 2807/4395/2811 2803/4399/2811 2799/4100/2811
f 2846/4104/2472 2904/4116/2472 2988/4105/2821
f 2873/4417/2811 2874/4418/2811 2904/4419/2811
f 2904/4419/2811 2903/4420/2811 2873/4417/2811
f 2903/4420/2811 2902/4421/2811 2872/4422/2811
f 2902/4421/2811 2901/4423/2811 2871/4424/2811
f 2901/4423/2811 2900/4425/2811 2870/4426/2811
f 2900/4425/2811 2899/4427/2811 2870/4426/2811
f 2899/4427/2811 2898/4428/2811 2869/4429/2811
f 2870/4426/2811 2899/4427/2811 2869/4429/2811
f 2898/4428/2811 2897/4430/2811 2868/4431/2811
f 2897/4430/2811 2896/4107/2811 2867/4109/2811
f 2868/4431/2811 2897/4430/2811 2867/4109/2811
f 2896/4107/2811 2895/4432/2811 2865/4433/2811
f 2895/4432/2811 2894/4434/2811 2864/4435/2811
f 2894/4434/2811 2893/4436/2811 2863/4437/2811
f 2893/4436/2811 2892/4438/2811 2862/4439/2811
f 2892/4438/2811 2891/4440/2811 2862/4439/2811
f 2891/4440/2811 2890/4441/2811 2861/4442/2811
f 2862/4439/2811 2891/4440/2811 2861/4442/2811
f 2890/4441/2811 2889/4443/2811 2860/4444/2811
f 2889/4443/2811 2888/4445/2811 2859/4446/2811
f 2860/4444/2811 2889/4443/2811 2859/4446/2811
f 2888/4445/2811 2858/4447/2811 2859/4446/2811
f 2895/4432/2811 2864/4435/2811 2865/4433/2811
f 2893/4436/2811 2862/4439/2811 2863/4437/2811
f 2903/4420/2811 2872/4422/2811 2873/4417/2811
f 2901/4423/2811 2870/4426/2811 2871/4424/2811
f 2871/4424/2811 2872/4422/2811 2902/4421/2811
f 2860/4444/2811 2861/4442/2811 2890/4441/2811
f 2869/4429/2811 2898/4428/2811 2868/4431/2811
f 2894/4434/2811 2863/4437/2811 2864/4435/2811
f 2896/4107/2811 2865/4433/2811 2866/4108/2811
f 2845/4110/2822 2844/4230/2823 2902/4111/2823
f 2904/4419/2811 2874/4418/2811 2973/4448/2811
f 2904/4419/2811 2973/4448/2811 2988/4449/2811
f 2973/4448/2811 2972/4450/2811 2988/4449/2811
f 2987/4451/2811 2988/4449/2811 2972/4450/2811
f 2985/4452/2811 2986/4453/2811 2970/4454/2811
f 2986/4453/2811 2987/4451/2811 2971/4455/2811
f 2970/4454/2811 2986/4453/2811 2971/4455/2811
f 2983/4456/2811 2984/4457/2811 2969/4458/2811
f 2984/4457/2811 2985/4452/2811 2970/4454/2811
f 2981/4115/2811 2982/4459/2811 2967/4460/2811
f 2982/4459/2811 2983/4456/2811 2968/4461/2811
f 2979/4462/2811 2980/4463/2811 2928/4464/2811
f 2980/4463/2811 2981/4115/2811 2965/4114/2811
f 2928/4464/2811 2980/4463/2811 2965/4114/2811
f 2977/4465/2811 2978/4466/2811 2924/4467/2811
f 2978/4466/2811 2979/4462/2811 2927/4468/2811
f 2924/4467/2811 2978/4466/2811 2927/4468/2811
f 2975/4469/2811 2976/4470/2811 2923/4471/2811
f 2976/4470/2811 2977/4465/2811 2924/4467/2811
f 2888/4445/2811 2974/4472/2811 2917/4473/2811
f 2974/4472/2811 2975/4469/2811 2921/4474/2811
f 2917/4473/2811 2858/4447/2811 2888/4445/2811
f 2921/4474/2811 2917/4473/2811 2974/4472/2811
f 2976/4470/2811 2924/4467/2811 2923/4471/2811
f 2982/4459/2811 2968/4461/2811 2967/4460/2811
f 2984/4457/2811 2970/4454/2811 2969/4458/2811
f 2972/4450/2811 2971/4455/2811 2987/4451/2811
f 2923/4471/2811 2921/4474/2811 2975/4469/2811
f 2983/4456/2811 2969/4458/2811 2968/4461/2811
f 2927/4468/2811 2979/4462/2811 2928/4464/2811
f 2981/4115/2811 2967/4460/2811 2966/4113/2811
f 2846/4104/2472 2845/4110/2822 2903/4112/2822
f 2858/4117/2472 2917/4123/2822 2853/4118/2822
f 2966/4120/2820 2967/4130/2824 2878/4121/2824
f 2917/4123/2822 2921/4128/2823 2854/4124/2823
f 2977/4125/2825 2976/4475/2826 2887/4126/2826
f 2921/4128/2823 2923/4132/2827 2855/4129/2827
f 2967/4130/2824 2968/4137/2828 2879/4131/2828
f 2923/4132/2827 2924/4476/2829 2856/4133/2829
f 2906/4134/2830 2978/4142/2830 2977/4125/2825
f 2856/4133/2829 2924/4476/2829 2927/4135/2831
f 2968/4137/2828 2969/4148/2832 2880/4138/2832
f 2927/4135/2831 2928/4150/2833 2875/4139/2833
f 2798/4119/2472 2799/4147/2821 2859/4140/2821
f 2907/4141/2834 2979/4247/2834 2978/4142/2830
f 2885/4143/2835 2974/4157/2835 2888/4144/2818
f 2800/4146/2836 2860/4153/2836 2859/4140/2821
f 2969/4148/2832 2970/4154/2837 2881/4149/2837
f 2928/4150/2833 2965/4168/2838 2876/4151/2838
f 2801/4152/2839 2861/4159/2839 2860/4153/2836
f 2970/4154/2837 2971/4477/2840 2882/4155/2840
f 2886/4156/2841 2975/4163/2841 2974/4157/2835
f 2802/4158/2842 2862/4165/2842 2861/4159/2839
f 2909/4160/2819 2981/4172/2819 2980/4161/2843
f 2887/4126/2826 2976/4475/2826 2975/4163/2841
f 2802/4158/2842 2803/4170/2844 2863/4164/2844
f 2882/4155/2840 2971/4477/2840 2972/4166/2845
f 2965/4168/2838 2966/4120/2820 2877/4122/2820
f 2804/4169/2846 2864/4176/2846 2863/4164/2844
f 2910/4171/2847 2982/4183/2847 2981/4172/2819
f 2831/4173/2848 2830/4145/2818 2888/4144/2818
f 2805/4175/2847 2865/4181/2847 2864/4176/2846
f 2972/4166/2845 2973/4188/2848 2884/4177/2848
f 2832/4178/2845 2831/4173/2848 2889/4174/2848
f 2806/4180/2819 2866/4187/2819 2865/4181/2847
f 2911/4182/2846 2983/4202/2846 2982/4183/2847
f 2832/4178/2845 2890/4179/2845 2891/4184/2840
f 2807/4186/2843 2867/4193/2843 2866/4187/2819
f 2973/4188/2848 2874/4478/2818 2814/4189/2818
f 2833/4185/2840 2891/4184/2840 2892/4190/2837
f 2808/4192/2834 2868/4200/2834 2867/4193/2843
f 2914/4194/2839 2986/4479/2839 2985/4195/2842
f 2835/4197/2832 2834/4191/2837 2892/4190/2837
f 2809/4199/2830 2869/4206/2830 2868/4200/2834
f 2912/4201/2844 2984/4480/2844 2983/4202/2846
f 2835/4197/2832 2893/4198/2832 2894/4203/2828
f 2810/4205/2825 2870/4210/2825 2869/4206/2830
f 2837/4207/2824 2836/4204/2828 2894/4203/2828
f 2811/4209/2826 2871/4214/2826 2870/4210/2825
f 2838/4211/2820 2837/4207/2824 2895/4208/2824
f 2811/4209/2826 2812/4218/2841 2872/4213/2841
f 2839/4215/2838 2838/4211/2820 2896/4212/2820
f 2813/4217/2835 2873/4221/2835 2872/4213/2841
f 2840/4219/2833 2839/4215/2838 2897/4216/2838
f 2814/4189/2818 2874/4478/2818 2873/4221/2835
f 2841/4222/2831 2840/4219/2833 2898/4220/2833
f 2841/4222/2831 2899/4223/2831 2900/4224/2829
f 2916/4106/2821 2988/4105/2821 2987/4226/2836
f 2843/4228/2827 2842/4225/2829 2900/4224/2829
f 2844/4230/2823 2843/4228/2827 2901/4229/2827
f 2586/4231/2849 2919/4481/2859 2993/4232/2797
f 2587/3967/2713 2918/4238/2632 2926/4482/2631
f 2926/4482/2631 2925/4234/2631 2587/3967/2713
f 2925/4234/2631 2920/4240/2851 2586/4231/2849
f 3027/4236/2788 2994/4328/2863 3020/4483/2787
f 2994/4328/2863 2995/4055/2798 3013/4484/2787
f 3013/4484/2787 2995/4055/2798 3012/4485/2788
f 2995/4055/2798 3010/4486/2787 3011/4487/2788
f 3011/4487/2788 3012/4485/2788 2995/4055/2798
f 3013/4484/2787 3014/4488/2787 2994/4328/2863
f 3014/4488/2787 3015/4489/2787 2994/4328/2863
f 3015/4489/2787 3016/4490/2787 2994/4328/2863
f 3016/4490/2787 3017/4491/2787 2994/4328/2863
f 3017/4491/2787 3018/4492/2788 2994/4328/2863
f 3018/4492/2788 3019/4493/2787 2994/4328/2863
f 2994/4328/2863 3019/4493/2787 3020/4483/2787
f 3020/4483/2787 3021/4237/2787 3027/4236/2788
f 3021/4237/2787 3022/4494/2787 3025/4495/2787
f 3022/4494/2787 3023/4496/2787 3025/4495/2787
f 3023/4496/2787 3024/4497/2787 3025/4495/2787
f 3025/4495/2787 3026/4235/2787 3021/4237/2787
f 2929/4239/2637 2919/4481/2859 2586/4231/2849
f 2987/4226/2836 2986/4479/2839 2914/4194/2839
f 2930/4243/2853 2931/4246/2855 2936/4498/2637
f 2931/4246/2855 2945/4499/2637 2944/4500/2637
f 2939/4501/2637 2931/4246/2855 2940/4502/2637
f 2944/4500/2637 2943/4503/2637 2931/4246/2855
f 2943/4503/2637 2942/4504/2637 2931/4246/2855
f 2942/4504/2637 2941/4505/2637 2931/4246/2855
f 2941/4505/2637 2940/4502/2637 2931/4246/2855
f 2939/4501/2637 2938/4506/2637 2931/4246/2855
f 2938/4506/2637 2937/4507/2637 2931/4246/2855
f 2937/4507/2637 2936/4498/2637 2931/4246/2855
f 2936/4498/2637 2935/4508/2637 2930/4243/2853
f 2935/4508/2637 2934/4509/2860 2930/4243/2853
f 2934/4509/2860 2933/4241/2637 2930/4243/2853
f 2931/4246/2855 2930/4243/2853 2949/4510/2625
f 2930/4243/2853 2963/4511/2625 2956/4512/2625
f 2949/4510/2625 2930/4243/2853 2950/4513/2625
f 2963/4511/2625 2962/4514/2625 2957/4515/2625
f 2962/4514/2625 2961/4516/2625 2957/4515/2625
f 2961/4516/2625 2960/4517/2858 2959/4518/2625
f 2959/4518/2625 2958/4519/2625 2961/4516/2625
f 2958/4519/2625 2957/4515/2625 2961/4516/2625
f 2957/4515/2625 2956/4512/2625 2963/4511/2625
f 2956/4512/2625 2955/4520/2625 2930/4243/2853
f 2955/4520/2625 2954/4521/2626 2930/4243/2853
f 2954/4521/2626 2953/4522/2625 2930/4243/2853
f 2953/4522/2625 2952/4523/2625 2930/4243/2853
f 2952/4523/2625 2951/4524/2625 2930/4243/2853
f 2951/4524/2625 2950/4513/2625 2930/4243/2853
f 2949/4510/2625 2948/4525/2626 2931/4246/2855
f 2948/4525/2626 2947/4244/2626 2931/4246/2855
f 2908/4162/2843 2980/4161/2843 2979/4247/2834
f 2985/4195/2842 2984/4480/2844 2912/4201/2844
f 2816/4250/2811 2848/4526/2811 2823/4527/2811
f 2848/4526/2811 2817/4528/2811 2818/4529/2811
f 2816/4250/2811 2823/4527/2811 2824/4248/2811
f 2818/4529/2811 2819/4530/2811 2848/4526/2811
f 2819/4530/2811 2820/4531/2811 2848/4526/2811
f 2820/4531/2811 2821/4532/2811 2848/4526/2811
f 2821/4532/2811 2822/4533/2811 2848/4526/2811
f 2822/4533/2811 2823/4527/2811 2848/4526/2811
f 2778/4534/2811 2782/4253/2811 2832/4535/2811
f 2782/4253/2811 2847/4536/2811 2886/4537/2811
f 2885/4538/2811 2782/4253/2811 2886/4537/2811
f 2847/4536/2811 2849/4539/2811 2908/4540/2811
f 2849/4539/2811 2909/4541/2811 2908/4540/2811
f 2838/4542/2811 2780/4543/2811 2837/4544/2811
f 2780/4543/2811 2778/4534/2811 2837/4544/2811
f 2847/4536/2811 2908/4540/2811 2907/4545/2811
f 2847/4536/2811 2907/4545/2811 2906/4546/2811
f 2836/4547/2811 2837/4544/2811 2778/4534/2811
f 2835/4548/2811 2836/4547/2811 2778/4534/2811
f 2847/4536/2811 2906/4546/2811 2905/4549/2811
f 2847/4536/2811 2905/4549/2811 2887/4550/2811
f 2834/4551/2811 2835/4548/2811 2778/4534/2811
f 2833/4552/2811 2834/4551/2811 2778/4534/2811
f 2847/4536/2811 2887/4550/2811 2886/4537/2811
f 2832/4535/2811 2833/4552/2811 2778/4534/2811
f 2831/4252/2811 2832/4535/2811 2782/4253/2811
f 2782/4253/2811 2885/4538/2811 2830/4251/2811
f 2825/4553/2819 2829/4554/2819 2852/4254/2819
f 2829/4554/2819 2851/4555/2819 2852/4254/2819
f 2852/4254/2819 2849/4556/2819 2848/4557/2819
f 2849/4556/2819 2847/4558/2819 2848/4557/2819
f 2828/4559/2819 2826/4256/2819 2816/4255/2819
f 2826/4256/2819 2825/4553/2819 2852/4254/2819
f 2848/4557/2819 2816/4255/2819 2852/4254/2819
f 2793/4259/2820 2783/4560/2820 2796/4561/2820
f 2796/4561/2820 2815/4257/2820 2793/4259/2820
f 2743/4562/2818 2781/4563/2818 2751/4262/2818
f 2781/4563/2818 2783/4564/2818 2793/4565/2818
f 2793/4565/2818 2699/4566/2818 2707/4567/2818
f 2781/4563/2818 2793/4565/2818 2848/4568/2818
f 2751/4262/2818 2781/4563/2818 2779/4260/2818
f 2550/4569/2818 2542/4570/2818 2751/4262/2818
f 2793/4565/2818 2707/4567/2818 2715/4571/2818
f 2715/4571/2818 2817/4572/2818 2848/4568/2818
f 2848/4568/2818 2847/4573/2818 2782/4574/2818
f 2782/4574/2818 2778/4575/2818 2779/4260/2818
f 2779/4260/2818 2765/4576/2818 2558/4261/2818
f 2558/4261/2818 2550/4569/2818 2751/4262/2818
f 2781/4563/2818 2848/4568/2818 2779/4260/2818
f 2793/4565/2818 2715/4571/2818 2848/4568/2818
f 2848/4568/2818 2782/4574/2818 2779/4260/2818
f 2753/4577/2811 2752/4578/2811 2781/4265/2811
f 2752/4578/2811 2750/4579/2811 2749/4580/2811
f 2781/4265/2811 2752/4578/2811 2749/4580/2811
f 2749/4580/2811 2748/4581/2811 2781/4265/2811
f 2748/4581/2811 2746/4582/2811 2781/4265/2811
f 2746/4582/2811 2744/4583/2811 2781/4265/2811
f 2744/4583/2811 2745/4584/2811 2781/4265/2811
f 2745/4584/2811 2784/4585/2811 2781/4265/2811
f 2784/4585/2811 2785/4586/2811 2781/4265/2811
f 2785/4586/2811 2787/4587/2811 2781/4265/2811
f 2787/4587/2811 2788/4263/2811 2781/4265/2811
f 2788/4263/2811 2789/4588/2811 2794/4264/2811
f 2794/4264/2811 2795/4589/2811 2781/4265/2811
f 2795/4589/2811 2796/4590/2811 2783/4591/2811
f 2781/4265/2811 2743/4592/2811 2753/4577/2811
f 2743/4592/2811 2754/4593/2811 2753/4577/2811
f 2795/4589/2811 2783/4591/2811 2781/4265/2811
f 2797/4594/2811 2780/4543/2811 2841/4595/2811
f 2780/4543/2811 2838/4542/2811 2839/4596/2811
f 2780/4543/2811 2839/4596/2811 2840/4597/2811
f 2849/4539/2811 2852/4598/2811 2912/4599/2811
f 2852/4598/2811 2964/4268/2811 2914/4600/2811
f 2913/4601/2811 2852/4598/2811 2914/4600/2811
f 2780/4543/2811 2840/4597/2811 2841/4595/2811
f 2910/4602/2811 2909/4541/2811 2849/4539/2811
f 2911/4603/2811 2910/4602/2811 2849/4539/2811
f 2797/4594/2811 2841/4595/2811 2842/4604/2811
f 2797/4594/2811 2842/4604/2811 2843/4605/2811
f 2912/4599/2811 2911/4603/2811 2849/4539/2811
f 2913/4601/2811 2912/4599/2811 2852/4598/2811
f 2964/4268/2811 2797/4594/2811 2843/4605/2811
f 2964/4268/2811 2843/4605/2811 2844/4606/2811
f 2964/4268/2811 2844/4606/2811 2845/4607/2811
f 2964/4268/2811 2845/4607/2811 2846/4608/2811
f 2915/4267/2811 2914/4600/2811 2964/4268/2811
f 2964/4268/2811 2846/4608/2811 2916/4266/2811
o Sphere.004
v 0.248744 0.600522 0.000000
v 0.361121 0.540455 0.000000
v 0.459619 0.459619 0.000000
v 0.540455 0.361121 0.000000
v 0.600522 0.248744 0.000000
v 0.637510 0.126809 0.000000
v 0.650000 -0.000000 0.000000
v 0.243965 0.600522 0.048528
v 0.354182 0.540455 0.070451
v 0.450788 0.459619 0.089667
v 0.530070 0.361121 0.105438
v 0.588983 0.248744 0.117156
v 0.625261 0.126809 0.124372
v 0.637510 -0.000000 0.126809
v 0.229810 0.600522 0.095190
v 0.333632 0.540455 0.138195
v 0.424633 0.459619 0.175889
v 0.499315 0.361121 0.206823
v 0.554810 0.248744 0.229810
v 0.588983 0.126809 0.243965
v 0.600522 -0.000000 0.248744
v 0.206823 0.600522 0.138195
v 0.300261 0.540455 0.200628
v 0.382159 0.459619 0.255351
v 0.449372 0.361121 0.300261
v 0.499315 0.248744 0.333632
v 0.530071 0.126809 0.354182
v 0.540455 -0.000000 0.361121
v 0.255351 0.540455 0.255351
v 0.325000 0.459619 0.325000
v 0.382159 0.361121 0.382159
v 0.424633 0.248744 0.424633
v 0.450788 0.126809 0.450788
v 0.459619 -0.000000 0.459619
v 0.200209 0.540657 0.300059
v 0.255351 0.459619 0.382159
v 0.300261 0.361121 0.449372
v 0.333632 0.248744 0.499315
v 0.354182 0.126809 0.530071
v 0.361120 -0.000000 0.540455
v 0.206823 0.361121 0.499315
v 0.229810 0.248744 0.554810
v 0.243965 0.126809 0.588983
v 0.248744 -0.000000 0.600521
v -0.248744 0.600522 0.000000
v -0.361121 0.540455 0.000000
v -0.459619 0.459619 0.000000
v -0.540455 0.361121 0.000000
v -0.600522 0.248744 0.000000
v -0.637510 0.126809 0.000000
v -0.650000 -0.000000 0.000000
v -0.243965 0.600522 0.048528
v -0.354182 0.540455 0.070451
v -0.450788 0.459619 0.089667
v -0.530070 0.361121 0.105438
v -0.588983 0.248744 0.117156
v -0.625261 0.126809 0.124372
v -0.637510 -0.000000 0.126809
v -0.229810 0.600522 0.095190
v -0.333632 0.540455 0.138195
v -0.424633 0.459619 0.175889
v -0.499315 0.361121 0.206823
v -0.554810 0.248744 0.229810
v -0.588983 0.126809 0.243965
v -0.600522 -0.000000 0.248744
v -0.206823 0.600522 0.138195
v -0.300261 0.540455 0.200628
v -0.382159 0.459619 0.255351
v -0.449372 0.361121 0.300261
v -0.499315 0.248744 0.333632
v -0.530071 0.126809 0.354182
v -0.540455 -0.000000 0.361121
v -0.255351 0.540455 0.255351
v -0.325000 0.459619 0.325000
v -0.382159 0.361121 0.382159
v -0.424633 0.248744 0.424633
v -0.450788 0.126809 0.450788
v -0.459619 -0.000000 0.459619
v -0.200209 0.540657 0.300059
v -0.255351 0.459619 0.382159
v -0.300261 0.361121 0.449372
v -0.333632 0.248744 0.499315
v -0.354182 0.126809 0.530071
v -0.361120 -0.000000 0.540455
v -0.206823 0.361121 0.499315
v -0.229810 0.248744 0.554810
v -0.243965 0.126809 0.588983
v -0.248744 -0.000000 0.600521
v 0.200000 0.615308 0.000000
v 0.200000 0.126809 0.602319
v 0.200000 0.614119 0.039783
v -0.200000 0.615308 0.000000
v -0.200000 0.126809 0.602319
v 0.200000 0.610309 0.082843
v -0.200000 0.614119 0.039783
v 0.200000 0.603011 0.133636
v 0.200000 0.600522 0.146509
v -0.200000 0.610309 0.082843
v -0.200000 0.603011 0.133636
v 0.200000 0.582296 0.200000
v -0.200000 0.600522 0.146509
v -0.200000 0.582296 0.200000
v -0.200000 0.459619 0.411745
v 0.200000 0.459619 0.411745
v -0.200000 0.382846 0.482843
v 0.200000 0.382846 0.482843
v -0.200000 -0.000000 0.615308
v -0.200000 0.361121 0.501385
v -0.200000 0.248744 0.563852
v 0.200000 -0.000000 0.615308
v -0.535675 0.361121 0.048528
v 0.200000 0.361121 0.501385
v -0.454840 0.459619 0.048528
v 0.200000 0.248744 0.563852
v 0.535675 0.361121 0.048528
v 0.454840 0.459619 0.048528
v 0.356341 0.540455 0.048528
v 0.595742 0.248744 0.048528
v -0.356341 0.540455 0.048528
v 0.243965 0.540455 0.264695
v 0.243965 0.549062 0.243965
v 0.243965 0.361121 0.479463
v 0.243965 0.459619 0.388245
v 0.243965 0.576645 0.163012
v 0.243965 0.476439 0.365119
v 0.243965 0.248744 0.547243
v 0.243965 0.592332 0.101054
v 0.632278 0.054168 0.125768
v 0.536019 0.054168 0.358157
v 0.455847 0.054168 0.455847
v 0.632731 0.126809 0.048528
v 0.358157 0.054168 0.536019
v 0.595593 0.054168 0.246703
v 0.246702 0.054168 0.595593
v 0.639885 0.054168 0.048528
v -0.595742 0.248744 0.048528
v -0.243965 0.540455 0.264695
v -0.243965 0.549062 0.243965
v -0.243965 0.361121 0.479463
v -0.243965 0.459619 0.388245
v -0.243965 0.576645 0.163012
v -0.243965 0.476439 0.365119
v -0.243965 0.248744 0.547243
v -0.243965 0.592332 0.101054
v -0.632278 0.054168 0.125768
v -0.536019 0.054168 0.358157
v -0.455847 0.054168 0.455847
v -0.632731 0.126809 0.048528
v -0.358157 0.054168 0.536019
v -0.595593 0.054168 0.246703
v -0.246702 0.054168 0.595593
v -0.639885 0.054168 0.048528
v -0.620287 -0.002926 -0.002926
v -0.608088 -0.002955 0.120956
v -0.602856 0.051213 0.119915
v -0.610172 0.051241 0.045601
v -0.603303 0.120955 0.045629
v -0.608083 0.120955 -0.002898
v 0.620287 -0.002926 -0.002926
v 0.608088 -0.002955 0.120956
v 0.602856 0.051213 0.119915
v 0.610172 0.051241 0.045601
v 0.603303 0.120955 0.045629
v 0.608083 0.120955 -0.002898
v 0.232467 0.572725 0.046241
v 0.191455 0.585400 0.038083
v 0.191295 0.586612 -0.000857
v 0.237217 0.572690 -0.001135
v 0.344399 0.515427 -0.001647
v 0.339619 0.515427 0.046881
v 0.438356 0.438354 -0.002094
v 0.433576 0.438354 0.046433
v 0.515475 0.344428 -0.002460
v 0.510695 0.344428 0.046067
v 0.572787 0.237255 -0.002732
v 0.568007 0.237255 0.045796
v 0.337605 0.515438 0.067154
v 0.318017 0.515438 0.131727
v 0.230885 0.565846 0.095636
v 0.429748 0.438337 0.085482
v 0.404813 0.438337 0.167679
v 0.505357 0.344390 0.100522
v 0.476036 0.344390 0.197181
v 0.561534 0.237214 0.111696
v 0.528953 0.237214 0.219100
v 0.596124 0.120928 0.118576
v 0.561536 0.120928 0.232596
v 0.572806 -0.002955 0.237264
v 0.567878 0.051213 0.235223
v 0.218979 0.572725 0.090704
v 0.191951 0.581589 0.079509
v 0.505369 0.120928 0.337677
v 0.476045 0.237214 0.318083
v 0.515512 -0.002955 0.344454
v 0.511076 0.051213 0.341490
v 0.197076 0.572725 0.131682
v 0.192756 0.574291 0.128796
v 0.286208 0.515438 0.191238
v 0.232193 0.550159 0.155147
v 0.364322 0.438337 0.243433
v 0.428421 0.344390 0.286262
v 0.309831 0.438337 0.309831
v 0.243400 0.515438 0.243400
v 0.364342 0.344390 0.364342
v 0.404843 0.237214 0.404843
v 0.429781 0.120928 0.429781
v 0.438407 -0.002955 0.438407
v 0.434635 0.051213 0.434635
v 0.191046 0.572690 0.139161
v 0.233954 0.522576 0.233954
v 0.344454 -0.002955 0.515512
v 0.341490 0.051213 0.511076
v 0.191817 0.515146 0.286512
v 0.189989 0.555809 0.189989
v 0.233305 0.515427 0.251706
v 0.243432 0.438337 0.364322
v 0.233370 0.453203 0.349264
v 0.286262 0.344390 0.428421
v 0.318083 0.237214 0.476045
v 0.337677 0.120928 0.505369
v 0.189928 0.438354 0.392902
v 0.233893 0.438354 0.369402
v 0.197181 0.344390 0.476036
v 0.191100 0.363759 0.461356
v 0.232132 0.344428 0.457326
v 0.230827 0.237255 0.522665
v 0.232596 0.120928 0.561536
v 0.237264 -0.002955 0.572806
v 0.235223 0.051213 0.567878
v 0.191333 -0.002926 0.586737
v 0.191416 0.120955 0.574023
v 0.192714 0.344428 0.477365
v 0.191910 0.237255 0.537183
v 0.219100 0.237214 0.528953
v -0.232467 0.572725 0.046241
v -0.191455 0.585400 0.038083
v -0.191295 0.586612 -0.000857
v -0.237217 0.572690 -0.001135
v -0.344399 0.515427 -0.001647
v -0.339619 0.515427 0.046881
v -0.438356 0.438354 -0.002094
v -0.433576 0.438354 0.046433
v -0.515475 0.344428 -0.002460
v -0.510695 0.344428 0.046067
v -0.572787 0.237255 -0.002732
v -0.568007 0.237255 0.045796
v -0.337605 0.515438 0.067154
v -0.318017 0.515438 0.131727
v -0.230885 0.565846 0.095636
v -0.429748 0.438337 0.085482
v -0.404813 0.438337 0.167679
v -0.505357 0.344390 0.100522
v -0.476036 0.344390 0.197181
v -0.561534 0.237214 0.111696
v -0.528953 0.237214 0.219100
v -0.596124 0.120928 0.118576
v -0.561536 0.120928 0.232596
v -0.572806 -0.002955 0.237264
v -0.567878 0.051213 0.235223
v -0.218979 0.572725 0.090704
v -0.191951 0.581589 0.079509
v -0.505369 0.120928 0.337677
v -0.476045 0.237214 0.318083
v -0.515512 -0.002955 0.344454
v -0.511076 0.051213 0.341490
v -0.197076 0.572725 0.131682
v -0.192756 0.574291 0.128796
v -0.286208 0.515438 0.191238
v -0.232193 0.550159 0.155147
v -0.364322 0.438337 0.243433
v -0.428421 0.344390 0.286262
v -0.309831 0.438337 0.309831
v -0.243400 0.515438 0.243400
v -0.364342 0.344390 0.364342
v -0.404843 0.237214 0.404843
v -0.429781 0.120928 0.429781
v -0.438407 -0.002955 0.438407
v -0.434635 0.051213 0.434635
v -0.191046 0.572690 0.139161
v -0.233954 0.522576 0.233954
v -0.344454 -0.002955 0.515512
v -0.341490 0.051213 0.511076
v -0.191817 0.515146 0.286512
v -0.189989 0.555809 0.189989
v -0.233305 0.515427 0.251706
v -0.243432 0.438337 0.364322
v -0.233370 0.453203 0.349264
v -0.286262 0.344390 0.428421
v -0.318083 0.237214 0.476045
v -0.337677 0.120928 0.505369
v -0.189928 0.438354 0.392902
v -0.233893 0.438354 0.369402
v -0.197181 0.344390 0.476036
v -0.191100 0.363759 0.461356
v -0.232132 0.344428 0.457326
v -0.230827 0.237255 0.522665
v -0.232596 0.120928 0.561536
v -0.237264 -0.002955 0.572806
v -0.235223 0.051213 0.567878
v -0.191333 -0.002926 0.586737
v -0.191416 0.120955 0.574023
v -0.192714 0.344428 0.477365
v -0.191910 0.237255 0.537183
v -0.219100 0.237214 0.528953
vt 0.815250 0.052975
vt 0.809253 0.035076
vt 0.819286 0.038702
vt 0.502779 0.862362
vt 0.496309 0.856510
vt 0.502779 0.847258
vt 0.413124 0.847512
vt 0.409151 0.840836
vt 0.414685 0.841856
vt 0.428927 0.847031
vt 0.427542 0.852710
vt 0.443303 0.851442
vt 0.442225 0.857170
vt 0.457815 0.854685
vt 0.457196 0.860444
vt 0.472442 0.856369
vt 0.472339 0.862102
vt 0.239235 0.866363
vt 0.231117 0.879307
vt 0.230721 0.865984
vt 0.230213 0.850908
vt 0.240872 0.851099
vt 0.229446 0.836121
vt 0.241836 0.835954
vt 0.228400 0.821463
vt 0.242129 0.820894
vt 0.227119 0.806683
vt 0.241895 0.805822
vt 0.496327 0.847325
vt 0.502474 0.832117
vt 0.411183 0.836027
vt 0.415230 0.836051
vt 0.214966 0.823151
vt 0.212547 0.808589
vt 0.494684 0.817763
vt 0.501097 0.816915
vt 0.413754 0.830409
vt 0.414769 0.830237
vt 0.223988 0.875997
vt 0.222316 0.866853
vt 0.219764 0.852038
vt 0.217349 0.837535
vt 0.209500 0.854446
vt 0.205464 0.840173
vt 0.201739 0.825983
vt 0.198176 0.811600
vt 0.492045 0.803208
vt 0.498395 0.801825
vt 0.414439 0.828990
vt 0.214763 0.871016
vt 0.214070 0.868919
vt 0.494520 0.786970
vt 0.424648 0.811677
vt 0.425568 0.820619
vt 0.417667 0.823069
vt 0.200731 0.860998
vt 0.212429 0.869603
vt 0.199467 0.858072
vt 0.193735 0.844041
vt 0.188632 0.829950
vt 0.183977 0.815650
vt 0.435261 0.798753
vt 0.435809 0.806693
vt 0.449476 0.793254
vt 0.444567 0.790109
vt 0.186736 0.847147
vt 0.177288 0.834264
vt 0.169867 0.820504
vt 0.483586 0.774470
vt 0.489784 0.772333
vt 0.475413 0.777348
vt 0.473452 0.772250
vt 0.447224 0.787911
vt 0.447620 0.788668
vt 0.461422 0.782672
vt 0.459903 0.779292
vt 0.836905 0.086465
vt 0.824752 0.069997
vt 0.838186 0.071685
vt 0.370193 0.761887
vt 0.362403 0.776242
vt 0.363785 0.761543
vt 0.357503 0.821671
vt 0.355968 0.805205
vt 0.362239 0.807034
vt 0.302980 0.795252
vt 0.305702 0.789920
vt 0.317195 0.800750
vt 0.327622 0.814712
vt 0.343132 0.816656
vt 0.341171 0.821754
vt 0.850658 0.042049
vt 0.851651 0.026250
vt 0.855606 0.041291
vt 0.820849 0.093156
vt 0.836049 0.095171
vt 0.851681 0.087326
vt 0.860172 0.071944
vt 0.860826 0.087349
vt 0.281473 0.763596
vt 0.282949 0.757954
vt 0.282488 0.763768
vt 0.282158 0.765014
vt 0.822215 0.023545
vt 0.810516 0.032150
vt 0.285028 0.757940
vt 0.288467 0.764788
vt 0.370499 0.731642
vt 0.364028 0.737495
vt 0.355348 0.731743
vt 0.839232 0.057027
vt 0.824549 0.022132
vt 0.832102 0.026295
vt 0.823856 0.024229
vt 0.807962 0.081549
vt 0.822333 0.084559
vt 0.851362 0.096124
vt 0.276870 0.753169
vt 0.280843 0.746493
vt 0.282404 0.752149
vt 0.296646 0.746974
vt 0.295261 0.741294
vt 0.311022 0.742563
vt 0.309944 0.736834
vt 0.793763 0.077498
vt 0.805857 0.090006
vt 0.791156 0.085821
vt 0.840507 0.027164
vt 0.833774 0.017151
vt 0.840903 0.013841
vt 0.829550 0.041110
vt 0.325534 0.739319
vt 0.324915 0.733561
vt 0.340161 0.737635
vt 0.340058 0.731902
vt 0.827135 0.055613
vt 0.839999 0.042240
vt 0.849021 0.026785
vt 0.860826 0.096260
vt 0.846964 0.011418
vt 0.851622 0.057194
vt 0.851915 0.072254
vt 0.364046 0.746679
vt 0.370499 0.746747
vt 0.807867 0.034375
vt 0.803521 0.049108
vt 0.796522 0.046001
vt 0.811525 0.067165
vt 0.314943 0.806093
vt 0.312286 0.803895
vt 0.315339 0.805337
vt 0.278902 0.757978
vt 0.359764 0.790796
vt 0.366114 0.792180
vt 0.787074 0.058884
vt 0.798418 0.063198
vt 0.329141 0.811332
vt 0.329790 0.809551
vt 0.368816 0.777089
vt 0.241865 0.866898
vt 0.245820 0.851857
vt 0.248688 0.836592
vt 0.250386 0.821204
vt 0.237178 0.881730
vt 0.420748 0.829217
vt 0.417309 0.836065
vt 0.198081 0.858773
vt 0.462071 0.784453
vt 0.427186 0.818159
vt 0.487591 0.856413
vt 0.166966 0.812212
vt 0.196070 0.803142
vt 0.181370 0.807327
vt 0.251040 0.796888
vt 0.241576 0.797024
vt 0.211063 0.799992
vt 0.226263 0.797977
vt 0.251040 0.805799
vt 0.292367 0.782328
vt 0.293287 0.773385
vt 0.294905 0.775846
vt 0.303528 0.787312
vt 0.858474 0.056556
vt 0.351305 0.819534
vt 0.870056 0.157997
vt 0.864128 0.164729
vt 0.854805 0.158283
vt 0.355310 0.737591
vt 0.776752 0.080936
vt 0.856497 0.246405
vt 0.849999 0.250401
vt 0.850787 0.245068
vt 0.864356 0.398231
vt 0.858427 0.391499
vt 0.864356 0.382983
vt 0.844299 0.305827
vt 0.850797 0.309823
vt 0.845087 0.311161
vt 0.849524 0.325288
vt 0.855377 0.324105
vt 0.853302 0.339510
vt 0.859186 0.338618
vt 0.856057 0.353887
vt 0.861961 0.353329
vt 0.857738 0.368393
vt 0.863651 0.368145
vt 0.847102 0.325782
vt 0.839351 0.313297
vt 0.838609 0.340420
vt 0.848657 0.340226
vt 0.837911 0.354366
vt 0.849581 0.354507
vt 0.836945 0.368188
vt 0.849890 0.368712
vt 0.835744 0.382126
vt 0.849695 0.382966
vt 0.834262 0.396945
vt 0.849378 0.391334
vt 0.849105 0.397945
vt 0.839486 0.307727
vt 0.839392 0.311503
vt 0.822014 0.380322
vt 0.819503 0.394972
vt 0.834918 0.390380
vt 0.833824 0.310239
vt 0.833697 0.310898
vt 0.839047 0.326170
vt 0.832625 0.316682
vt 0.828764 0.339382
vt 0.824288 0.366605
vt 0.819105 0.337150
vt 0.831107 0.325393
vt 0.815332 0.350591
vt 0.826517 0.353053
vt 0.811834 0.363945
vt 0.808468 0.377492
vt 0.804908 0.391944
vt 0.820609 0.388469
vt 0.832552 0.310584
vt 0.823873 0.321775
vt 0.823320 0.323503
vt 0.792532 0.381596
vt 0.806473 0.385529
vt 0.815759 0.320523
vt 0.821876 0.322920
vt 0.810770 0.331214
vt 0.809670 0.333762
vt 0.799518 0.360200
vt 0.795057 0.373651
vt 0.803164 0.330406
vt 0.808527 0.333182
vt 0.797672 0.344051
vt 0.804301 0.346977
vt 0.788708 0.356035
vt 0.790557 0.387908
vt 0.778780 0.376823
vt 0.776928 0.366967
vt 0.781737 0.368940
vt 0.792831 0.341914
vt 0.794678 0.339462
vt 0.793325 0.342191
vt 0.787215 0.355459
vt 0.784112 0.353975
vt 0.855224 0.230940
vt 0.861077 0.232123
vt 0.859003 0.216718
vt 0.864886 0.217610
vt 0.867662 0.202899
vt 0.863438 0.187836
vt 0.869351 0.188083
vt 0.852803 0.230446
vt 0.845051 0.242931
vt 0.844747 0.230058
vt 0.854357 0.216002
vt 0.843611 0.201862
vt 0.855282 0.201721
vt 0.842645 0.188040
vt 0.855591 0.187516
vt 0.845187 0.248501
vt 0.845093 0.244725
vt 0.839524 0.245989
vt 0.839397 0.245330
vt 0.834464 0.216846
vt 0.844309 0.215808
vt 0.836807 0.230835
vt 0.824806 0.219078
vt 0.829988 0.189623
vt 0.814168 0.178736
vt 0.827715 0.175906
vt 0.829574 0.234453
vt 0.829020 0.232725
vt 0.810608 0.164284
vt 0.798232 0.174632
vt 0.796258 0.168320
vt 0.816470 0.225014
vt 0.827576 0.233308
vt 0.803373 0.212177
vt 0.808865 0.225822
vt 0.800379 0.216766
vt 0.821460 0.235705
vt 0.784481 0.179405
vt 0.787437 0.187288
vt 0.782628 0.189261
vt 0.798532 0.214314
vt 0.799025 0.214037
vt 0.792915 0.200769
vt 0.789813 0.202253
vt 0.861757 0.202341
vt 0.838326 0.239546
vt 0.838253 0.245644
vt 0.832300 0.242622
vt 0.794408 0.200193
vt 0.855395 0.173262
vt 0.855078 0.164894
vt 0.864124 0.173233
vt 0.061910 0.807015
vt 0.069188 0.805819
vt 0.068308 0.809469
vt 0.012224 0.754270
vt 0.021727 0.766656
vt 0.018604 0.768452
vt 0.036801 0.719302
vt 0.023799 0.723703
vt 0.035352 0.716307
vt 0.840619 0.165848
vt 0.841445 0.174102
vt 0.025742 0.726190
vt 0.014481 0.732815
vt 0.099431 0.760979
vt 0.103014 0.746069
vt 0.103014 0.761175
vt 0.826310 0.167759
vt 0.049789 0.714705
vt 0.048980 0.711300
vt 0.016994 0.734796
vt 0.011418 0.737537
vt 0.812174 0.170699
vt 0.078501 0.714416
vt 0.064028 0.709324
vt 0.079448 0.710974
vt 0.064058 0.712938
vt 0.805218 0.196028
vt 0.015893 0.753430
vt 0.037924 0.792182
vt 0.052197 0.798728
vt 0.050480 0.801743
vt 0.081339 0.807516
vt 0.086390 0.810317
vt 0.081499 0.810972
vt 0.817535 0.192283
vt 0.800758 0.182577
vt 0.858423 0.382995
vt 0.094283 0.790107
vt 0.101276 0.776281
vt 0.097752 0.791261
vt 0.076235 0.810686
vt 0.030383 0.778561
vt 0.029884 0.783197
vt 0.027603 0.780832
vt 0.069977 0.809795
vt 0.832218 0.203175
vt 0.093144 0.717393
vt 0.097098 0.732256
vt 0.100490 0.731089
vt 0.088408 0.803412
vt 0.091375 0.805660
vt 0.742680 0.780396
vt 0.730500 0.772395
vt 0.743488 0.776991
vt 0.782196 0.173176
vt 0.814227 0.223046
vt 0.815371 0.222466
vt 0.810001 0.209251
vt 0.791452 0.700436
vt 0.782108 0.688284
vt 0.785075 0.686037
vt 0.825203 0.161256
vt 0.821032 0.205637
vt 0.796713 0.730521
vt 0.791408 0.716028
vt 0.794975 0.715416
vt 0.755610 0.684682
vt 0.762887 0.685878
vt 0.756971 0.687999
vt 0.705923 0.737427
vt 0.715426 0.725040
vt 0.709593 0.738267
vt 0.794190 0.760607
vt 0.793155 0.745320
vt 0.796713 0.745628
vt 0.717498 0.767994
vt 0.729052 0.775390
vt 0.787983 0.701590
vt 0.793131 0.730717
vt 0.708181 0.758881
vt 0.719441 0.765506
vt 0.786844 0.774303
vt 0.772200 0.777281
vt 0.784332 0.771681
vt 0.790798 0.759441
vt 0.763676 0.681902
vt 0.770337 0.684648
vt 0.764348 0.685702
vt 0.099456 0.746376
vt 0.780089 0.681379
vt 0.778575 0.684471
vt 0.705118 0.754160
vt 0.710694 0.756900
vt 0.839963 0.159283
vt 0.775039 0.684180
vt 0.775198 0.680724
vt 0.762007 0.682227
vt 0.097709 0.775669
vt 0.745896 0.692969
vt 0.744179 0.689954
vt 0.757727 0.782373
vt 0.757758 0.778758
vt 0.040271 0.789640
vt 0.773148 0.780723
vt 0.769934 0.681010
vt 0.723584 0.708500
vt 0.733970 0.702056
vt 0.726161 0.710916
vt 0.076637 0.807049
vt 0.708432 0.753357
vt 0.724083 0.713135
vt 0.721302 0.710864
vt 0.731623 0.699515
vt 0.712304 0.723245
vt 0.487629 0.862262
vt 0.407387 0.845303
vt 0.496066 0.832462
vt 0.488248 0.788799
vt 0.437983 0.804084
vt 0.487691 0.766539
vt 0.275106 0.748701
vt 0.779653 0.072644
vt 0.285386 0.770936
vt 0.355410 0.827466
vt 0.870056 0.173245
vt 0.854545 0.252019
vt 0.848845 0.304209
vt 0.826599 0.313606
vt 0.776495 0.383052
vt 0.771007 0.380948
vt 0.776707 0.175280
vt 0.063272 0.803697
vt 0.014732 0.738339
vt 0.084876 0.807226
vt 0.032461 0.780781
vt 0.070649 0.805994
vt 0.090633 0.720016
vn -0.5893 0.5528 0.5893
vn -0.3945 0.7041 0.5905
vn -0.5021 0.7041 0.5021
vn 0.9904 0.0975 0.0975
vn 0.9761 0.0980 0.1942
vn 0.3876 0.9210 0.0382
vn 0.2854 0.9569 0.0530
vn 0.3804 0.9217 0.0757
vn 0.5547 0.8303 0.0546
vn 0.5589 0.8274 0.0550
vn 0.7054 0.7054 0.0695
vn 0.7084 0.7023 0.0698
vn 0.8287 0.5538 0.0816
vn 0.8305 0.5509 0.0818
vn 0.9201 0.3811 0.0906
vn 0.9210 0.3790 0.0907
vn 0.5490 0.8286 0.1092
vn 0.4355 0.8819 0.1804
vn 0.5172 0.8286 0.2142
vn 0.6561 0.7041 0.2718
vn 0.6965 0.7041 0.1385
vn 0.7699 0.5528 0.3189
vn 0.8173 0.5528 0.1626
vn 0.8544 0.3805 0.3539
vn 0.9070 0.3805 0.1804
vn 0.9063 0.1939 0.3754
vn 0.9622 0.1939 0.1914
vn 0.9194 0.0980 0.3808
vn 0.2710 0.9569 0.1042
vn 0.3584 0.9217 0.1484
vn 0.7689 0.3805 0.5138
vn 0.8157 0.1939 0.5450
vn 0.8275 0.0980 0.5529
vn 0.2475 0.9569 0.1520
vn 0.3225 0.9217 0.2155
vn 0.3920 0.8819 0.2619
vn 0.4654 0.8286 0.3110
vn 0.5905 0.7041 0.3945
vn 0.6929 0.5528 0.4630
vn 0.5021 0.7041 0.5021
vn 0.5893 0.5528 0.5893
vn 0.6539 0.3805 0.6539
vn 0.6937 0.1939 0.6937
vn 0.7037 0.0980 0.7037
vn 0.3348 0.9013 0.2748
vn 0.3332 0.8819 0.3334
vn 0.3958 0.8286 0.3958
vn 0.5529 0.0980 0.8275
vn 0.3558 0.8102 0.4658
vn 0.3510 0.8816 0.3154
vn 0.3521 0.7732 0.5274
vn 0.3532 0.8303 0.4311
vn 0.3945 0.7041 0.5905
vn 0.4630 0.5528 0.6929
vn 0.5138 0.3805 0.7689
vn 0.5450 0.1939 0.8157
vn 0.3415 0.6891 0.6392
vn 0.3925 0.5538 0.7344
vn 0.3541 0.6331 0.6883
vn 0.4358 0.3811 0.8154
vn 0.3754 0.1939 0.9063
vn 0.3808 0.0980 0.9194
vn 0.2850 0.1906 0.9394
vn 0.2434 0.5450 0.8024
vn 0.3189 0.5528 0.7699
vn 0.3539 0.3805 0.8544
vn 0.2692 0.3744 0.8873
vn -0.9063 0.1939 0.3754
vn -0.7689 0.3805 0.5138
vn -0.8544 0.3805 0.3539
vn -0.9194 0.0980 0.3808
vn -0.8275 0.0980 0.5529
vn -0.3808 0.0980 0.9194
vn -0.5529 0.0980 0.8275
vn -0.3415 0.6891 0.6392
vn -0.3341 0.7054 0.6251
vn -0.3925 0.5538 0.7344
vn -0.2692 0.3744 0.8873
vn -0.3754 0.1939 0.9063
vn -0.2850 0.1906 0.9394
vn -0.6965 0.7041 0.1385
vn -0.5547 0.8303 0.0546
vn -0.7054 0.7054 0.0695
vn -0.9622 0.1939 0.1914
vn -0.9201 0.3811 0.0906
vn -0.9762 0.1942 0.0962
vn -0.2475 0.9569 0.1520
vn -0.3584 0.9217 0.1484
vn -0.3225 0.9217 0.2155
vn -0.3348 0.9013 0.2748
vn -0.3532 0.8303 0.4311
vn -0.3521 0.7732 0.5274
vn -0.4355 0.8819 0.1804
vn -0.3920 0.8819 0.2619
vn -0.9904 0.0975 0.0975
vn -0.9765 0.1930 0.0962
vn -0.7699 0.5528 0.3189
vn -0.3332 0.8819 0.3334
vn -0.4654 0.8286 0.3110
vn -0.3958 0.8286 0.3958
vn -0.6937 0.1939 0.6937
vn -0.8157 0.1939 0.5450
vn -0.9761 0.0980 0.1942
vn -0.2854 0.9569 0.0530
vn -0.3876 0.9210 0.0382
vn -0.3804 0.9217 0.0757
vn -0.5589 0.8274 0.0550
vn -0.7084 0.7023 0.0698
vn -0.5450 0.1939 0.8157
vn -0.7037 0.0980 0.7037
vn -0.5172 0.8286 0.2142
vn -0.5905 0.7041 0.3945
vn -0.8287 0.5538 0.0816
vn -0.8305 0.5509 0.0818
vn -0.9210 0.3790 0.0907
vn -0.6929 0.5528 0.4630
vn -0.6561 0.7041 0.2718
vn -0.5490 0.8286 0.1092
vn -0.8173 0.5528 0.1626
vn -0.9070 0.3805 0.1804
vn -0.4630 0.5528 0.6929
vn -0.6539 0.3805 0.6539
vn -0.2434 0.5450 0.8024
vn -0.3541 0.6331 0.6883
vn -0.3189 0.5528 0.7699
vn -0.2710 0.9569 0.1042
vn -0.4358 0.3811 0.8154
vn -0.5138 0.3805 0.7689
vn -0.3539 0.3805 0.8544
vn 0.3341 0.7054 0.6251
vn 0.9762 0.1942 0.0962
vn -0.3558 0.8102 0.4658
vn 0.9904 -0.0975 -0.0975
vn 0.9761 -0.0980 -0.1942
vn 0.3879 -0.9209 -0.0382
vn 0.2853 -0.9570 -0.0527
vn 0.3802 -0.9218 -0.0756
vn -0.9904 -0.0975 -0.0975
vn -0.9765 -0.1930 -0.0962
vn -0.2853 -0.9570 -0.0527
vn -0.3879 -0.9209 -0.0382
vn -0.3802 -0.9218 -0.0756
vn -0.5547 -0.8302 -0.0546
vn -0.5591 -0.8272 -0.0551
vn -0.7054 -0.7054 -0.0695
vn -0.7086 -0.7022 -0.0698
vn -0.8287 -0.5538 -0.0816
vn -0.8306 -0.5508 -0.0818
vn -0.9201 -0.3811 -0.0906
vn -0.9210 -0.3789 -0.0907
vn -0.5490 -0.8287 -0.1092
vn -0.4353 -0.8821 -0.1803
vn -0.6561 -0.7040 -0.2718
vn -0.6965 -0.7040 -0.1385
vn -0.7699 -0.5527 -0.3189
vn -0.8174 -0.5527 -0.1626
vn -0.8544 -0.3805 -0.3539
vn -0.9070 -0.3805 -0.1804
vn -0.9063 -0.1939 -0.3754
vn -0.9622 -0.1939 -0.1914
vn -0.9194 -0.0980 -0.3808
vn -0.9761 -0.0980 -0.1942
vn -0.2709 -0.9570 -0.1039
vn -0.3579 -0.9219 -0.1483
vn -0.8157 -0.1939 -0.5450
vn -0.8275 -0.0980 -0.5529
vn -0.2451 -0.9573 -0.1531
vn -0.3216 -0.9222 -0.2149
vn -0.5172 -0.8286 -0.2142
vn -0.3919 -0.8819 -0.2619
vn -0.5905 -0.7040 -0.3945
vn -0.7689 -0.3805 -0.5138
vn -0.5022 -0.7040 -0.5022
vn -0.4654 -0.8287 -0.3110
vn -0.5893 -0.5527 -0.5893
vn -0.6929 -0.5527 -0.4630
vn -0.6539 -0.3805 -0.6539
vn -0.6937 -0.1939 -0.6937
vn -0.7037 -0.0980 -0.7037
vn -0.3412 -0.8974 -0.2798
vn -0.3334 -0.8819 -0.3332
vn -0.3958 -0.8287 -0.3957
vn -0.5529 -0.0980 -0.8275
vn -0.3595 -0.8086 -0.4658
vn -0.3542 -0.8302 -0.4305
vn -0.3529 -0.7727 -0.5276
vn -0.3946 -0.7040 -0.5906
vn -0.5138 -0.3805 -0.7689
vn -0.5450 -0.1939 -0.8157
vn -0.3420 -0.6886 -0.6395
vn -0.3341 -0.7055 -0.6251
vn -0.3925 -0.5538 -0.7343
vn -0.4630 -0.5527 -0.6929
vn -0.4358 -0.3812 -0.8153
vn -0.3808 -0.0980 -0.9194
vn -0.2850 -0.1904 -0.9394
vn -0.3754 -0.1939 -0.9063
vn -0.2430 -0.5471 -0.8010
vn -0.3569 -0.6329 -0.6871
vn -0.3190 -0.5524 -0.7701
vn -0.3539 -0.3803 -0.8544
vn -0.2692 -0.3741 -0.8874
vn 0.5547 -0.8302 -0.0546
vn 0.5591 -0.8272 -0.0551
vn 0.7054 -0.7054 -0.0695
vn 0.7086 -0.7022 -0.0698
vn 0.8306 -0.5508 -0.0818
vn 0.9201 -0.3811 -0.0906
vn 0.9210 -0.3789 -0.0907
vn 0.5490 -0.8287 -0.1092
vn 0.4353 -0.8821 -0.1803
vn 0.5172 -0.8286 -0.2142
vn 0.6965 -0.7040 -0.1385
vn 0.7699 -0.5527 -0.3189
vn 0.8174 -0.5527 -0.1626
vn 0.8544 -0.3805 -0.3539
vn 0.9070 -0.3805 -0.1804
vn 0.2709 -0.9570 -0.1039
vn 0.3579 -0.9219 -0.1483
vn 0.2451 -0.9573 -0.1532
vn 0.3216 -0.9222 -0.2149
vn 0.5905 -0.7040 -0.3945
vn 0.6561 -0.7040 -0.2718
vn 0.4654 -0.8287 -0.3110
vn 0.5022 -0.7040 -0.5022
vn 0.7689 -0.3805 -0.5138
vn 0.6937 -0.1939 -0.6937
vn 0.8157 -0.1939 -0.5450
vn 0.3334 -0.8819 -0.3332
vn 0.3958 -0.8287 -0.3957
vn 0.7037 -0.0980 -0.7037
vn 0.5529 -0.0980 -0.8275
vn 0.3529 -0.7727 -0.5276
vn 0.3542 -0.8302 -0.4305
vn 0.3925 -0.5538 -0.7343
vn 0.3420 -0.6886 -0.6395
vn 0.3569 -0.6329 -0.6871
vn 0.3595 -0.8086 -0.4658
vn 0.3808 -0.0980 -0.9194
vn 0.3754 -0.1939 -0.9063
vn 0.2850 -0.1904 -0.9394
vn 0.2430 -0.5471 -0.8010
vn 0.3190 -0.5524 -0.7701
vn 0.3539 -0.3803 -0.8544
vn 0.2692 -0.3741 -0.8874
vn 0.8287 -0.5538 -0.0816
vn 0.3919 -0.8819 -0.2619
vn 0.3412 -0.8974 -0.2798
vn 0.3513 -0.8816 -0.3151
vn 0.4358 -0.3812 -0.8153
vn 0.9622 -0.1939 -0.1914
vn 0.9762 -0.1942 -0.0962
vn 0.9465 0.3017 0.1145
vn 0.9589 0.2834 0.0107
vn 0.9549 0.2871 0.0763
vn 0.9590 0.0590 0.2772
vn 0.9630 0.1099 0.2462
vn 0.9639 0.1077 0.2435
vn -0.0693 -0.9952 0.0693
vn -0.0545 -0.9952 0.0815
vn 0.9194 -0.0980 -0.3808
vn 0.9063 -0.1939 -0.3754
vn -0.0375 -0.9952 0.0906
vn -0.0675 0.0471 -0.9966
vn -0.0827 0.0352 -0.9960
vn -0.0664 0.0458 -0.9967
vn 0.8275 -0.0980 -0.5529
vn -0.0815 -0.9952 0.0545
vn -0.0374 -0.9952 0.0904
vn -0.0281 -0.9952 0.0938
vn -0.0961 -0.9952 0.0191
vn -0.0906 -0.9952 0.0375
vn 0.5138 -0.3805 -0.7689
vn 0.9575 0.0300 0.2869
vn 0.9585 0.0598 0.2786
vn 0.9439 0.2509 0.2147
vn 0.9578 0.2502 0.1415
vn 0.9603 0.2435 0.1363
vn 0.9593 0.2818 0.0198
vn 0.9576 0.2877 0.0111
vn 0.9586 0.2842 0.0168
vn 0.6539 -0.3805 -0.6539
vn 0.5450 -0.1939 -0.8157
vn -0.9762 -0.1942 -0.0962
vn -0.0291 0.0476 -0.9984
vn -0.0473 0.0493 -0.9977
vn -0.0282 0.0452 -0.9986
vn 0.9624 0.2693 0.0349
vn 0.9657 0.1353 0.2217
vn 0.9584 0.1748 0.2257
vn 0.9703 0.1379 0.1985
vn 0.9633 0.2664 0.0326
vn 0.6929 -0.5527 -0.4630
vn -0.0972 -0.9952 0.0094
vn -0.0942 0.0195 -0.9954
vn -0.0969 0.0097 -0.9952
vn -0.0938 0.0192 -0.9954
vn -0.0134 0.0348 -0.9993
vn -0.0144 0.0348 -0.9993
vn 0.0815 -0.9952 0.0545
vn 0.0693 -0.9952 0.0693
vn 0.3809 -0.0980 -0.9194
vn 0.3341 -0.7055 -0.6251
vn 0.3946 -0.7040 -0.5906
vn 0.4630 -0.5527 -0.6929
vn 0.0282 0.0452 -0.9986
vn 0.0134 0.0348 -0.9993
vn 0.0144 0.0348 -0.9993
vn 0.5893 -0.5527 -0.5893
vn 0.0664 0.0458 -0.9967
vn 0.0484 0.0512 -0.9975
vn 0.0473 0.0493 -0.9977
vn -0.9465 0.3017 0.1145
vn -0.9589 0.2834 0.0107
vn -0.9428 0.3124 0.1163
vn -0.9590 0.0590 0.2772
vn -0.9630 0.1099 0.2462
vn -0.9585 0.0598 0.2786
vn 0.0938 0.0192 -0.9954
vn 0.0836 0.0359 -0.9958
vn 0.0827 0.0352 -0.9960
vn 0.0545 -0.9952 0.0815
vn 0.0291 0.0476 -0.9984
vn 0.0675 0.0471 -0.9966
vn 0.0375 -0.9952 0.0906
vn 0.0972 -0.9952 0.0094
vn 0.0961 -0.9952 0.0191
vn 0.0971 -0.9952 0.0093
vn 0.0969 0.0097 -0.9952
vn 0.0942 0.0195 -0.9954
vn -0.9633 0.2664 0.0326
vn -0.9646 0.2608 0.0392
vn -0.9677 0.2497 -0.0336
vn -0.0836 0.0359 -0.9958
vn 0.0057 0.0316 -0.9995
vn 0.0028 0.0290 -0.9996
vn 0.0281 -0.9952 0.0938
vn 0.0374 -0.9952 0.0904
vn -0.9576 0.2877 0.0111
vn -0.9593 0.2818 0.0198
vn -0.9586 0.2842 0.0168
vn -0.9549 0.2871 0.0763
vn -0.0484 0.0512 -0.9975
vn -0.9578 0.2502 0.1415
vn -0.9603 0.2435 0.1363
vn 0.0906 -0.9952 0.0375
vn -0.0057 0.0316 -0.9995
vn 0.9438 0.2516 0.2146
vn -0.9624 0.2693 0.0349
vn -0.9584 0.1748 0.2257
vn -0.9438 0.2516 0.2146
vn -0.9545 0.1673 0.2468
vn 0.9646 0.2608 0.0392
vn -0.9575 0.0300 0.2869
vn -0.9574 0.0301 0.2873
vn -0.9657 0.1353 0.2217
vn -0.9703 0.1379 0.1985
vn -0.9439 0.2509 0.2147
vn -0.9639 0.1077 0.2435
vn 0.9765 0.1930 0.0962
vn 0.2902 0.9565 0.0286
vn 0.2889 0.0975 0.9524
vn -0.2902 0.9565 0.0286
vn -0.3510 0.8816 0.3154
vn -0.2889 0.0975 0.9524
vn 0.9765 -0.1930 -0.0962
vn 0.2902 -0.9565 -0.0286
vn -0.2902 -0.9565 -0.0286
vn -0.3513 -0.8816 -0.3151
vn -0.3809 -0.0980 -0.9194
vn -0.2889 -0.0975 -0.9524
vn 0.2889 -0.0975 -0.9524
vn 0.9428 0.3124 0.1163
vn -0.0278 -0.9952 0.0935
vn 0.9574 0.0301 0.2873
vn 0.9570 0.2899 0.0130
vn 0.9545 0.1673 0.2468
vn 0.9677 0.2497 -0.0336
vn -0.0971 -0.9952 0.0093
vn -0.0971 0.0098 -0.9952
vn 0.0971 0.0098 -0.9952
vn 0.0278 -0.9952 0.0935
vn -0.9570 0.2899 0.0130
vn -0.0028 0.0290 -0.9996
usemtl Material
s 1
f 3102/4609/2866 3107/4610/2867 3101/4611/2868
f 3034/4612/2869 3162/4613/2869 3041/4614/2870
f 3028/4615/2871 3118/4616/2872 3035/4617/2873
f 3028/4615/2871 3144/4618/2874 3029/4619/2875
f 3029/4619/2875 3143/4620/2876 3030/4621/2877
f 3030/4621/2877 3142/4622/2878 3031/4623/2879
f 3031/4623/2879 3145/4624/2880 3032/4625/2881
f 3036/4626/2882 3154/4627/2883 3043/4628/2884
f 3036/4626/2882 3044/4629/2885 3037/4630/2886
f 3037/4630/2886 3045/4631/2887 3038/4632/2888
f 3038/4632/2888 3046/4633/2889 3039/4634/2890
f 3039/4634/2890 3047/4635/2891 3040/4636/2892
f 3155/4637/2870 3048/4638/2893 3041/4614/2870
f 3035/4617/2873 3121/4639/2894 3042/4640/2895
f 3047/4635/2891 3053/4641/2896 3054/4642/2897
f 3048/4638/2893 3156/4643/2898 3055/4644/2898
f 3042/4640/2895 3123/4645/2899 3049/4646/2900
f 3043/4628/2884 3151/4647/2901 3050/4648/2902
f 3043/4628/2884 3051/4649/2903 3044/4629/2885
f 3045/4631/2887 3051/4649/2903 3052/4650/2904
f 3045/4631/2887 3053/4641/2896 3046/4633/2889
f 3050/4648/2902 3057/4651/2905 3051/4649/2903
f 3052/4650/2904 3057/4651/2905 3058/4652/2906
f 3052/4650/2904 3059/4653/2907 3053/4641/2896
f 3053/4641/2896 3060/4654/2908 3054/4642/2897
f 3055/4644/2898 3157/4655/2909 3061/4656/2909
f 3124/4657/2910 3049/4646/2900 3123/4645/2899
f 3050/4648/2902 3148/4658/2911 3056/4659/2912
f 3157/4655/2909 3067/4660/2913 3061/4656/2909
f 3062/4661/2914 3148/4662/2911 3127/4663/2915
f 3152/4664/2916 3057/4651/2905 3147/4665/2917
f 3058/4652/2906 3063/4666/2918 3064/4667/2919
f 3058/4652/2906 3065/4668/2920 3059/4653/2907
f 3059/4653/2907 3066/4669/2921 3060/4654/2908
f 3131/4670/2922 3152/4671/2916 3062/4661/2914
f 3149/4672/2923 3131/4670/2922 3133/4673/2924
f 3065/4668/2920 3149/4674/2923 3153/4675/2925
f 3066/4669/2921 3153/4675/2925 3070/4676/2926
f 3067/4660/2913 3161/4677/2927 3071/4678/2927
f 3161/4677/2927 3070/4679/2926 3117/4680/2928
f 3139/4681/2929 3068/4682/2930 3133/4673/2924
f 3069/4683/2931 3139/4681/2929 3141/4684/2932
f 3070/4679/2926 3141/4684/2932 3117/4680/2928
f 3091/4685/2933 3097/4686/2934 3090/4687/2935
f 3092/4688/2936 3173/4689/2937 3177/4690/2936
f 3115/4691/2938 3176/4692/2939 3111/4693/2939
f 3130/4694/2940 3167/4695/2941 3166/4696/2942
f 3136/4697/2943 3114/4698/2944 3120/4699/2945
f 3081/4700/2946 3146/4701/2947 3140/4702/2948
f 3173/4703/2937 3091/4685/2933 3177/4704/2936
f 3084/4705/2949 3163/4706/2950 3175/4707/2951
f 3126/4708/2952 3086/4709/2953 3093/4710/2954
f 3128/4711/2955 3126/4708/2952 3093/4710/2954
f 3164/4712/2956 3101/4611/2868 3169/4713/2957
f 3093/4710/2954 3171/4714/2958 3168/4715/2959
f 3078/4716/2960 3179/4717/2960 3077/4718/2961
f 3097/4686/2934 3089/4719/2962 3090/4687/2935
f 3165/4720/2963 3094/4721/2964 3100/4722/2965
f 3104/4723/2966 3097/4686/2934 3098/4724/2967
f 3177/4704/2936 3084/4705/2949 3172/4725/2968
f 3122/4726/2969 3072/4727/2970 3079/4728/2971
f 3146/4729/2947 3072/4727/2970 3073/4730/2972
f 3140/4731/2948 3073/4730/2972 3074/4732/2973
f 3110/4733/2974 3174/4734/2975 3176/4735/2939
f 3087/4736/2976 3168/4737/2959 3171/4738/2958
f 3101/4611/2868 3094/4721/2964 3095/4739/2977
f 3138/4740/2978 3074/4732/2973 3075/4741/2979
f 3163/4742/2950 3075/4741/2979 3076/4743/2980
f 3096/4744/2981 3101/4611/2868 3095/4739/2977
f 3088/4745/2982 3080/4746/2983 3081/4700/2946
f 3172/4725/2968 3175/4707/2951 3179/4747/2960
f 3095/4739/2977 3087/4736/2976 3088/4745/2982
f 3171/4714/2958 3086/4709/2953 3079/4728/2971
f 3080/4746/2983 3171/4738/2958 3079/4748/2971
f 3089/4719/2962 3081/4700/2946 3082/4749/2984
f 3090/4687/2935 3082/4749/2984 3083/4750/2985
f 3091/4685/2933 3083/4750/2985 3084/4705/2949
f 3092/4688/2936 3172/4751/2968 3085/4752/2968
f 3167/4753/2941 3108/4754/2986 3166/4755/2942
f 3103/4756/2987 3096/4744/2981 3097/4686/2934
f 3135/4757/2988 3132/4758/2989 3112/4759/2990
f 3125/4760/2991 3079/4728/2971 3086/4709/2953
f 3111/4693/2939 3174/4761/2975 3105/4762/2975
f 3089/4719/2962 3095/4739/2977 3088/4745/2982
f 3110/4733/2974 3170/4763/2992 3109/4764/2993
f 3114/4698/2944 3113/4765/2994 3170/4766/2992
f 3110/4733/2974 3103/4756/2987 3104/4723/2966
f 3105/4762/2975 3173/4689/2937 3099/4767/2937
f 3144/4768/2874 3037/4630/2886 3143/4769/2876
f 3142/4770/2878 3037/4630/2886 3038/4632/2888
f 3142/4770/2878 3039/4634/2890 3145/4771/2880
f 3144/4768/2874 3035/4772/2873 3036/4626/2882
f 3151/4773/2901 3124/4657/2910 3127/4663/2915
f 3154/4774/2883 3049/4646/2900 3151/4773/2901
f 3154/4774/2883 3035/4617/2873 3042/4640/2895
f 3152/4664/2916 3150/4775/2995 3063/4666/2918
f 3150/4775/2995 3064/4667/2919 3063/4666/2918
f 3148/4658/2911 3147/4665/2917 3056/4659/2912
f 3153/4776/2925 3068/4682/2930 3069/4683/2931
f 3152/4671/2916 3147/4777/2917 3062/4661/2914
f 3070/4679/2926 3153/4776/2925 3069/4683/2931
f 3158/4778/2996 3032/4625/2881 3145/4624/2880
f 3161/4779/2927 3066/4669/2921 3070/4676/2926
f 3157/4780/2909 3066/4669/2921 3159/4781/2913
f 3162/4782/2869 3040/4636/2892 3155/4783/2870
f 3156/4784/2898 3060/4654/2908 3157/4780/2909
f 3160/4785/2893 3054/4642/2897 3156/4784/2898
f 3155/4783/2870 3047/4635/2891 3160/4785/2893
f 3145/4771/2880 3040/4636/2892 3158/4786/2996
f 3106/4787/2997 3165/4788/2963 3164/4789/2956
f 3109/4764/2993 3166/4755/2942 3108/4754/2986
f 3146/4701/2947 3080/4746/2983 3079/4748/2971
f 3128/4711/2955 3093/4710/2954 3168/4715/2959
f 3135/4757/2988 3113/4765/2994 3136/4697/2943
f 3130/4694/2940 3169/4790/2957 3167/4695/2941
f 3109/4764/2993 3102/4609/2866 3103/4756/2987
f 3138/4791/2978 3081/4700/2946 3140/4702/2948
f 3120/4699/2945 3114/4698/2944 3178/4792/2938
f 3083/4750/2985 3138/4791/2978 3163/4706/2950
f 3165/4720/2963 3100/4722/2965 3164/4712/2956
f 3104/4723/2966 3173/4703/2937 3174/4734/2975
f 3169/4790/2957 3106/4787/2997 3164/4789/2956
f 3180/4793/2998 3183/4794/2998 3181/4795/2999
f 3169/4713/2957 3107/4610/2867 3167/4753/2941
f 3076/4743/2980 3175/4796/2951 3163/4742/2950
f 3178/4797/2938 3110/4733/2974 3176/4735/2939
f 3170/4766/2992 3112/4759/2990 3166/4696/2942
f 3265/4798/3000 3263/4799/3001 3262/4800/3002
f 3186/4801/3003 3189/4802/3003 3191/4803/3004
f 3193/4804/3005 3195/4805/3006 3192/4806/3007
f 3197/4807/3008 3195/4805/3006 3196/4808/3009
f 3199/4809/3010 3196/4808/3009 3198/4810/3011
f 3201/4811/3012 3198/4810/3011 3200/4812/3013
f 3203/4813/3014 3200/4812/3013 3202/4814/3015
f 3204/4815/3016 3206/4816/3017 3192/4806/3007
f 3208/4817/3018 3204/4815/3016 3207/4818/3019
f 3210/4819/3020 3207/4818/3019 3209/4820/3021
f 3212/4821/3022 3209/4820/3021 3211/4822/3023
f 3214/4823/3024 3211/4822/3023 3213/4824/3025
f 3215/4825/3026 3188/4826/3027 3187/4827/3027
f 3218/4828/3028 3192/4806/3007 3217/4829/3029
f 3219/4830/3030 3212/4821/3022 3214/4823/3024
f 3221/4831/3031 3216/4832/3026 3215/4825/3026
f 3224/4833/3032 3217/4829/3029 3223/4834/3033
f 3205/4835/3034 3226/4836/3035 3206/4816/3017
f 3227/4837/3036 3205/4835/3034 3208/4817/3018
f 3210/4819/3020 3227/4837/3036 3208/4817/3018
f 3220/4838/3037 3210/4819/3020 3212/4821/3022
f 3229/4839/3038 3225/4840/3039 3227/4837/3036
f 3231/4841/3040 3227/4837/3036 3228/4842/3041
f 3232/4843/3042 3228/4842/3041 3220/4838/3037
f 3233/4844/3043 3220/4838/3037 3219/4830/3030
f 3234/4845/3044 3222/4846/3031 3221/4831/3031
f 3236/4847/3045 3224/4833/3032 3223/4834/3033
f 3237/4848/3046 3225/4840/3039 3230/4849/3047
f 3234/4845/3044 3239/4850/3048 3235/4851/3044
f 3240/4852/3049 3237/4848/3046 3242/4853/3050
f 3242/4853/3050 3229/4839/3038 3244/4854/3051
f 3231/4841/3040 3243/4855/3052 3229/4839/3038
f 3246/4856/3053 3231/4841/3040 3232/4843/3042
f 3247/4857/3054 3232/4843/3042 3233/4844/3043
f 3248/4858/3055 3244/4854/3051 3249/4859/3056
f 3248/4858/3055 3249/4859/3056 3252/4860/3057
f 3246/4856/3053 3252/4860/3057 3245/4861/3058
f 3247/4857/3054 3253/4862/3059 3246/4856/3053
f 3238/4863/3048 3256/4864/3060 3239/4850/3048
f 3258/4865/3061 3254/4866/3062 3256/4864/3060
f 3259/4867/3063 3251/4868/3064 3250/4869/3065
f 3259/4867/3063 3261/4870/3066 3260/4871/3067
f 3260/4871/3067 3254/4866/3062 3258/4865/3061
f 3265/4798/3000 3267/4872/3068 3266/4873/3069
f 3266/4873/3069 3269/4874/3070 3268/4875/3071
f 3270/4876/3072 3273/4877/3073 3272/4878/3074
f 3274/4879/3075 3276/4880/3076 3275/4881/3077
f 3277/4882/3078 3280/4883/3079 3279/4884/3080
f 3279/4884/3080 3282/4885/3081 3281/4886/3082
f 3262/4800/3002 3288/4887/3083 3287/4888/3084
f 3287/4888/3084 3294/4889/3085 3293/4890/3086
f 3275/4881/3077 3297/4891/3087 3278/4892/3088
f 3295/4893/3089 3299/4894/3090 3297/4891/3087
f 3290/4895/3091 3303/4896/3092 3289/4897/3093
f 3295/4893/3089 3307/4898/3094 3300/4899/3095
f 3304/4900/3096 3309/4901/3097 3308/4902/3097
f 3314/4903/3098 3299/4894/3090 3312/4904/3099
f 3322/4905/3100 3318/4906/3101 3321/4907/3102
f 3318/4906/3101 3314/4903/3098 3310/4908/3103
f 3326/4909/3104 3324/4910/3105 3328/4911/3106
f 3329/4912/3107 3320/4913/3108 3321/4907/3102
f 3331/4914/3109 3329/4912/3107 3330/4915/3110
f 3269/4874/3070 3279/4884/3080 3271/4916/3111
f 3296/4917/3112 3306/4918/3113 3311/4919/3114
f 3276/4880/3076 3262/4800/3002 3287/4888/3084
f 3307/4898/3094 3312/4904/3099 3300/4899/3095
f 3323/4920/3115 3320/4913/3108 3331/4914/3109
f 3314/4903/3098 3312/4904/3099 3310/4908/3103
f 3183/4794/2998 3283/4921/3116 3182/4922/2999
f 3273/4877/3073 3283/4921/3116 3184/4923/3117
f 3129/4924/3118 3306/4925/3119 3128/4926/3120
f 3120/4927/3121 3330/4928/3122 3136/4929/3123
f 3304/4930/3124 3111/4931/3125 3105/4932/3124
f 3286/4933/3126 3283/4921/3116 3284/4934/3127
f 3308/4935/3125 3115/4936/3128 3111/4931/3125
f 3270/4937/3129 3076/4938/3130 3075/4939/3131
f 3286/4933/3126 3289/4897/3093 3292/4940/3132
f 3291/4941/3133 3105/4932/3124 3099/4942/3133
f 3325/4943/3134 3134/4944/3135 3115/4936/3128
f 3292/4940/3132 3303/4896/3092 3305/4945/3096
f 3181/4946/3136 3092/4947/3137 3085/4948/3136
f 3285/4949/3137 3099/4942/3133 3092/4947/3137
f 3316/4950/3138 3322/4905/3100 3323/4920/3115
f 3134/4944/3139 3328/4951/3140 3120/4927/3121
f 3130/4952/3141 3310/4953/3142 3106/4954/3143
f 3263/4955/3144 3119/4956/3145 3122/4957/3146
f 3302/4958/3147 3317/4959/3148 3303/4896/3092
f 3207/4818/3019 3197/4807/3008 3199/4809/3010
f 3209/4820/3021 3199/4809/3010 3201/4811/3012
f 3211/4822/3023 3201/4811/3012 3203/4813/3014
f 3197/4807/3008 3204/4815/3016 3192/4806/3007
f 3236/4847/3045 3223/4834/3033 3226/4836/3035
f 3223/4834/3033 3206/4816/3017 3226/4836/3035
f 3206/4816/3017 3217/4829/3029 3192/4806/3007
f 3244/4854/3051 3243/4855/3052 3249/4859/3056
f 3249/4859/3056 3245/4861/3058 3252/4860/3057
f 3237/4848/3046 3230/4849/3047 3242/4853/3050
f 3253/4862/3059 3250/4869/3065 3252/4860/3057
f 3244/4854/3051 3240/4852/3049 3242/4853/3050
f 3254/4866/3062 3261/4870/3066 3253/4862/3059
f 3202/4814/3015 3190/4960/3149 3203/4813/3014
f 3254/4866/3062 3239/4850/3048 3256/4864/3060
f 3239/4850/3048 3233/4844/3043 3235/4851/3044
f 3213/4824/3025 3189/4802/3003 3188/4826/3027
f 3233/4844/3043 3222/4846/3031 3235/4851/3044
f 3219/4830/3030 3216/4832/3026 3222/4846/3031
f 3214/4823/3024 3188/4826/3027 3216/4832/3026
f 3213/4824/3025 3203/4813/3014 3190/4960/3149
f 3306/4918/3113 3293/4890/3086 3294/4889/3085
f 3266/4961/3150 3074/4962/3151 3073/4963/3152
f 3276/4880/3076 3293/4890/3086 3296/4917/3112
f 3125/4964/3153 3263/4955/3144 3122/4957/3146
f 3310/4953/3142 3129/4924/3118 3106/4954/3143
f 3329/4965/3154 3132/4966/3155 3135/4967/3156
f 3309/4901/3097 3303/4896/3092 3317/4959/3148
f 3306/4925/3119 3126/4968/3157 3128/4926/3120
f 3309/4901/3097 3324/4910/3105 3326/4909/3104
f 3298/4969/3158 3302/4958/3147 3290/4895/3091
f 3281/4886/3082 3284/4934/3127 3283/4921/3116
f 3078/4970/3159 3181/4946/3136 3085/4948/3136
f 3324/4910/3105 3330/4915/3110 3328/4911/3106
f 3185/4971/3160 3078/4970/3161 3077/4972/3162
f 3265/4973/3163 3073/4963/3152 3072/4974/3164
f 3271/4916/3111 3281/4886/3082 3273/4877/3073
f 3267/4872/3068 3277/4882/3078 3269/4874/3070
f 3268/4875/3071 3271/4916/3111 3270/4876/3072
f 3055/4975/3165 3234/4976/3166 3221/4977/3165
f 3308/4902/3097 3326/4909/3104 3325/4978/3167
f 3184/4923/3117 3272/4878/3074 3273/4877/3073
f 3314/4903/3098 3319/4979/3168 3313/4980/3169
f 3319/4979/3168 3315/4981/3170 3313/4980/3169
f 3029/4982/3171 3195/4983/3172 3028/4984/3173
f 3292/4940/3132 3304/4900/3096 3291/4985/3132
f 3301/4986/3174 3316/4950/3138 3302/4958/3147
f 3031/4987/3175 3198/4988/3176 3030/4989/3177
f 3127/4990/3178 3236/4991/3179 3241/4992/3180
f 3117/4993/3181 3260/4994/3182 3258/4995/3183
f 3033/4996/3184 3202/4997/3185 3032/4998/3186
f 3067/4999/3187 3234/4976/3166 3061/5000/3166
f 3030/4989/3177 3196/5001/3188 3029/4982/3171
f 3032/4998/3186 3200/5002/3189 3031/4987/3175
f 3280/4883/3079 3290/4895/3091 3282/4885/3081
f 3071/5003/3190 3238/5004/3187 3067/4999/3187
f 3297/4891/3087 3301/4986/3174 3298/4969/3158
f 3034/5005/3191 3187/5006/3192 3186/5007/3193
f 3034/5005/3194 3191/5008/3195 3033/4996/3184
f 3123/5009/3196 3218/5010/3197 3224/5011/3198
f 3301/4986/3174 3313/4980/3169 3315/4981/3170
f 3272/5012/3199 3077/4972/3162 3076/4938/3130
f 3116/5013/3200 3195/4983/3172 3194/5014/3201
f 3137/5015/3202 3255/5016/3203 3071/5003/3190
f 3286/4933/3126 3291/4985/3132 3285/5017/3126
f 3116/5013/3204 3193/5018/3205 3118/5019/3206
f 3123/5009/3196 3236/4991/3179 3124/5020/3207
f 3268/5021/3208 3075/4939/3131 3074/4962/3151
f 3267/4872/3068 3262/4800/3002 3274/4879/3075
f 3136/4929/3123 3329/4965/3154 3135/4967/3156
f 3310/4908/3103 3307/4898/3094 3311/4919/3114
f 3182/4922/2999 3285/5017/3126 3181/4795/2999
f 3127/4990/3178 3240/5022/3209 3062/5023/3210
f 3048/5024/3211 3221/4977/3165 3215/5025/3211
f 3317/4959/3148 3323/4920/3115 3324/4910/3105
f 3119/4956/3212 3265/4973/3163 3072/4974/3164
f 3132/4966/3155 3318/5026/3213 3130/4952/3141
f 3041/5027/3192 3215/5025/3211 3187/5006/3192
f 3121/5028/3214 3193/5018/3205 3218/5010/3197
f 3282/4885/3081 3289/4897/3093 3284/4934/3127
f 3133/5029/3215 3248/5030/3216 3251/5031/3217
f 3126/4968/3157 3288/5032/3218 3125/4964/3153
f 3137/5015/3219 3258/4995/3183 3257/5033/3220
f 3324/4910/3105 3323/4920/3115 3331/4914/3109
f 3133/5029/3215 3259/5034/3221 3139/5035/3222
f 3280/4883/3079 3297/4891/3087 3298/4969/3158
f 3275/4881/3077 3296/4917/3112 3295/4893/3089
f 3131/5036/3223 3240/5022/3209 3248/5030/3216
f 3141/5037/3224 3259/5034/3221 3260/4994/3182
f 3274/4879/3075 3278/4892/3088 3277/4882/3078
f 3102/4609/2866 3108/4754/2986 3107/4610/2867
f 3034/4612/2869 3033/5038/3225 3162/4613/2869
f 3033/5038/3225 3158/4778/2996 3162/4613/2869
f 3162/4613/2869 3155/4637/2870 3041/4614/2870
f 3028/4615/2871 3116/5039/3226 3118/4616/2872
f 3028/4615/2871 3035/4617/2873 3144/4618/2874
f 3029/4619/2875 3144/4618/2874 3143/4620/2876
f 3030/4621/2877 3143/4620/2876 3142/4622/2878
f 3031/4623/2879 3142/4622/2878 3145/4624/2880
f 3036/4626/2882 3035/4772/2873 3154/4627/2883
f 3036/4626/2882 3043/4628/2884 3044/4629/2885
f 3037/4630/2886 3044/4629/2885 3045/4631/2887
f 3038/4632/2888 3045/4631/2887 3046/4633/2889
f 3039/4634/2890 3046/4633/2889 3047/4635/2891
f 3155/4637/2870 3160/5040/2893 3048/4638/2893
f 3035/4617/2873 3118/4616/2872 3121/4639/2894
f 3047/4635/2891 3046/4633/2889 3053/4641/2896
f 3048/4638/2893 3160/5040/2893 3156/4643/2898
f 3042/4640/2895 3121/4639/2894 3123/4645/2899
f 3043/4628/2884 3154/4627/2883 3151/4647/2901
f 3043/4628/2884 3050/4648/2902 3051/4649/2903
f 3045/4631/2887 3044/4629/2885 3051/4649/2903
f 3045/4631/2887 3052/4650/2904 3053/4641/2896
f 3050/4648/2902 3056/4659/2912 3057/4651/2905
f 3052/4650/2904 3051/4649/2903 3057/4651/2905
f 3052/4650/2904 3058/4652/2906 3059/4653/2907
f 3053/4641/2896 3059/4653/2907 3060/4654/2908
f 3055/4644/2898 3156/4643/2898 3157/4655/2909
f 3050/4648/2902 3151/4647/2901 3148/4658/2911
f 3157/4655/2909 3159/5041/2913 3067/4660/2913
f 3062/4661/2914 3147/4777/2917 3148/4662/2911
f 3063/4666/2918 3057/4651/2905 3152/4664/2916
f 3057/4651/2905 3056/4659/2912 3147/4665/2917
f 3058/4652/2906 3057/4651/2905 3063/4666/2918
f 3058/4652/2906 3064/4667/2919 3065/4668/2920
f 3059/4653/2907 3065/4668/2920 3066/4669/2921
f 3131/4670/2922 3150/5042/2995 3152/4671/2916
f 3133/4673/2924 3068/4682/2930 3149/4672/2923
f 3149/4672/2923 3150/5042/2995 3131/4670/2922
f 3065/4668/2920 3064/4667/2919 3149/4674/2923
f 3066/4669/2921 3065/4668/2920 3153/4675/2925
f 3067/4660/2913 3159/5041/2913 3161/4677/2927
f 3117/4680/2928 3137/5043/3227 3161/4677/2927
f 3137/5043/3227 3071/4678/2927 3161/4677/2927
f 3069/4683/2931 3068/4682/2930 3139/4681/2929
f 3070/4679/2926 3069/4683/2931 3141/4684/2932
f 3091/4685/2933 3098/4724/2967 3097/4686/2934
f 3092/4688/2936 3099/4767/2937 3173/4689/2937
f 3115/4691/2938 3178/4792/2938 3176/4692/2939
f 3166/4696/2942 3112/4759/2990 3132/4758/2989
f 3132/4758/2989 3130/4694/2940 3166/4696/2942
f 3136/4697/2943 3113/4765/2994 3114/4698/2944
f 3081/4700/2946 3080/4746/2983 3146/4701/2947
f 3173/4703/2937 3098/4724/2967 3091/4685/2933
f 3084/4705/2949 3083/4750/2985 3163/4706/2950
f 3126/4708/2952 3125/4760/2991 3086/4709/2953
f 3100/4722/2965 3101/4611/2868 3164/4712/2956
f 3101/4611/2868 3107/4610/2867 3169/4713/2957
f 3093/4710/2954 3086/4709/2953 3171/4714/2958
f 3078/4716/2960 3085/4752/2968 3179/4717/2960
f 3085/4752/2968 3172/4751/2968 3179/4717/2960
f 3179/4717/2960 3175/4796/2951 3077/4718/2961
f 3097/4686/2934 3096/4744/2981 3089/4719/2962
f 3165/4720/2963 3168/4737/2959 3094/4721/2964
f 3104/4723/2966 3103/4756/2987 3097/4686/2934
f 3177/4704/2936 3091/4685/2933 3084/4705/2949
f 3122/4726/2969 3119/5044/3228 3072/4727/2970
f 3146/4729/2947 3079/4728/2971 3072/4727/2970
f 3140/4731/2948 3146/4729/2947 3073/4730/2972
f 3110/4733/2974 3104/4723/2966 3174/4734/2975
f 3087/4736/2976 3094/4721/2964 3168/4737/2959
f 3101/4611/2868 3100/4722/2965 3094/4721/2964
f 3138/4740/2978 3140/4731/2948 3074/4732/2973
f 3163/4742/2950 3138/4740/2978 3075/4741/2979
f 3096/4744/2981 3102/4609/2866 3101/4611/2868
f 3088/4745/2982 3087/4736/2976 3080/4746/2983
f 3172/4725/2968 3084/4705/2949 3175/4707/2951
f 3095/4739/2977 3094/4721/2964 3087/4736/2976
f 3080/4746/2983 3087/4736/2976 3171/4738/2958
f 3089/4719/2962 3088/4745/2982 3081/4700/2946
f 3090/4687/2935 3089/4719/2962 3082/4749/2984
f 3091/4685/2933 3090/4687/2935 3083/4750/2985
f 3092/4688/2936 3177/4690/2936 3172/4751/2968
f 3167/4753/2941 3107/4610/2867 3108/4754/2986
f 3103/4756/2987 3102/4609/2866 3096/4744/2981
f 3125/4760/2991 3122/4726/2969 3079/4728/2971
f 3111/4693/2939 3176/4692/2939 3174/4761/2975
f 3089/4719/2962 3096/4744/2981 3095/4739/2977
f 3110/4733/2974 3114/5045/2944 3170/4763/2992
f 3110/4733/2974 3109/4764/2993 3103/4756/2987
f 3105/4762/2975 3174/4761/2975 3173/4689/2937
f 3144/4768/2874 3036/4626/2882 3037/4630/2886
f 3142/4770/2878 3143/4769/2876 3037/4630/2886
f 3142/4770/2878 3038/4632/2888 3039/4634/2890
f 3127/4663/2915 3148/4662/2911 3151/4773/2901
f 3151/4773/2901 3049/4646/2900 3124/4657/2910
f 3154/4774/2883 3042/4640/2895 3049/4646/2900
f 3150/4775/2995 3149/4674/2923 3064/4667/2919
f 3153/4776/2925 3149/4672/2923 3068/4682/2930
f 3158/4778/2996 3033/5038/3225 3032/4625/2881
f 3161/4779/2927 3159/4781/2913 3066/4669/2921
f 3157/4780/2909 3060/4654/2908 3066/4669/2921
f 3162/4782/2869 3158/4786/2996 3040/4636/2892
f 3156/4784/2898 3054/4642/2897 3060/4654/2908
f 3160/4785/2893 3047/4635/2891 3054/4642/2897
f 3155/4783/2870 3040/4636/2892 3047/4635/2891
f 3145/4771/2880 3039/4634/2890 3040/4636/2892
f 3106/4787/2997 3129/5046/3229 3165/4788/2963
f 3109/4764/2993 3170/4763/2992 3166/4755/2942
f 3168/4715/2959 3165/4788/2963 3129/5046/3229
f 3129/5046/3229 3128/4711/2955 3168/4715/2959
f 3135/4757/2988 3112/4759/2990 3113/4765/2994
f 3130/4694/2940 3106/4787/2997 3169/4790/2957
f 3109/4764/2993 3108/4754/2986 3102/4609/2866
f 3138/4791/2978 3082/4749/2984 3081/4700/2946
f 3115/4691/2938 3134/5047/3230 3178/4792/2938
f 3134/5047/3230 3120/4699/2945 3178/4792/2938
f 3083/4750/2985 3082/4749/2984 3138/4791/2978
f 3104/4723/2966 3098/4724/2967 3173/4703/2937
f 3180/4793/2998 3185/5048/3231 3183/4794/2998
f 3185/5048/3231 3184/4923/3117 3183/4794/2998
f 3183/4794/2998 3182/4922/2999 3181/4795/2999
f 3076/4743/2980 3077/4718/2961 3175/4796/2951
f 3178/4797/2938 3114/5045/2944 3110/4733/2974
f 3170/4766/2992 3113/4765/2994 3112/4759/2990
f 3265/4798/3000 3264/5049/3232 3263/4799/3001
f 3186/4801/3003 3187/4827/3027 3189/4802/3003
f 3187/4827/3027 3188/4826/3027 3189/4802/3003
f 3189/4802/3003 3190/4960/3149 3191/4803/3004
f 3193/4804/3005 3194/5050/3233 3195/4805/3006
f 3197/4807/3008 3192/4806/3007 3195/4805/3006
f 3199/4809/3010 3197/4807/3008 3196/4808/3009
f 3201/4811/3012 3199/4809/3010 3198/4810/3011
f 3203/4813/3014 3201/4811/3012 3200/4812/3013
f 3204/4815/3016 3205/4835/3034 3206/4816/3017
f 3208/4817/3018 3205/4835/3034 3204/4815/3016
f 3210/4819/3020 3208/4817/3018 3207/4818/3019
f 3212/4821/3022 3210/4819/3020 3209/4820/3021
f 3214/4823/3024 3212/4821/3022 3211/4822/3023
f 3215/4825/3026 3216/4832/3026 3188/4826/3027
f 3218/4828/3028 3193/4804/3005 3192/4806/3007
f 3219/4830/3030 3220/4838/3037 3212/4821/3022
f 3221/4831/3031 3222/4846/3031 3216/4832/3026
f 3224/4833/3032 3218/4828/3028 3217/4829/3029
f 3205/4835/3034 3225/4840/3039 3226/4836/3035
f 3227/4837/3036 3225/4840/3039 3205/4835/3034
f 3210/4819/3020 3228/4842/3041 3227/4837/3036
f 3220/4838/3037 3228/4842/3041 3210/4819/3020
f 3229/4839/3038 3230/4849/3047 3225/4840/3039
f 3231/4841/3040 3229/4839/3038 3227/4837/3036
f 3232/4843/3042 3231/4841/3040 3228/4842/3041
f 3233/4844/3043 3232/4843/3042 3220/4838/3037
f 3234/4845/3044 3235/4851/3044 3222/4846/3031
f 3237/4848/3046 3226/4836/3035 3225/4840/3039
f 3234/4845/3044 3238/4863/3048 3239/4850/3048
f 3240/4852/3049 3241/5051/3234 3237/4848/3046
f 3230/4849/3047 3229/4839/3038 3242/4853/3050
f 3229/4839/3038 3243/4855/3052 3244/4854/3051
f 3231/4841/3040 3245/4861/3058 3243/4855/3052
f 3246/4856/3053 3245/4861/3058 3231/4841/3040
f 3247/4857/3054 3246/4856/3053 3232/4843/3042
f 3248/4858/3055 3240/4852/3049 3244/4854/3051
f 3252/4860/3057 3250/4869/3065 3251/4868/3064
f 3251/4868/3064 3248/4858/3055 3252/4860/3057
f 3246/4856/3053 3253/4862/3059 3252/4860/3057
f 3247/4857/3054 3254/4866/3062 3253/4862/3059
f 3238/4863/3048 3255/5052/3235 3256/4864/3060
f 3255/5052/3235 3257/5053/3236 3256/4864/3060
f 3257/5053/3236 3258/4865/3061 3256/4864/3060
f 3259/4867/3063 3250/4869/3065 3261/4870/3066
f 3260/4871/3067 3261/4870/3066 3254/4866/3062
f 3265/4798/3000 3262/4800/3002 3267/4872/3068
f 3266/4873/3069 3267/4872/3068 3269/4874/3070
f 3270/4876/3072 3271/4916/3111 3273/4877/3073
f 3274/4879/3075 3262/4800/3002 3276/4880/3076
f 3277/4882/3078 3278/4892/3088 3280/4883/3079
f 3279/4884/3080 3280/4883/3079 3282/4885/3081
f 3262/4800/3002 3263/4799/3001 3288/4887/3083
f 3287/4888/3084 3288/4887/3083 3294/4889/3085
f 3275/4881/3077 3295/4893/3089 3297/4891/3087
f 3295/4893/3089 3300/4899/3095 3299/4894/3090
f 3290/4895/3091 3302/4958/3147 3303/4896/3092
f 3295/4893/3089 3296/4917/3112 3307/4898/3094
f 3304/4900/3096 3305/4945/3096 3309/4901/3097
f 3313/4980/3169 3299/4894/3090 3314/4903/3098
f 3299/4894/3090 3300/4899/3095 3312/4904/3099
f 3321/4907/3102 3320/4913/3108 3322/4905/3100
f 3322/4905/3100 3319/4979/3168 3318/4906/3101
f 3318/4906/3101 3319/4979/3168 3314/4903/3098
f 3328/4911/3106 3327/5054/3237 3326/4909/3104
f 3327/5054/3237 3325/4978/3167 3326/4909/3104
f 3331/4914/3109 3320/4913/3108 3329/4912/3107
f 3269/4874/3070 3277/4882/3078 3279/4884/3080
f 3311/4919/3114 3307/4898/3094 3296/4917/3112
f 3296/4917/3112 3293/4890/3086 3306/4918/3113
f 3323/4920/3115 3322/4905/3100 3320/4913/3108
f 3183/4794/2998 3184/4923/3117 3283/4921/3116
f 3273/4877/3073 3281/4886/3082 3283/4921/3116
f 3129/4924/3118 3311/5055/3238 3306/4925/3119
f 3120/4927/3121 3328/4951/3140 3330/4928/3122
f 3304/4930/3124 3308/4935/3125 3111/4931/3125
f 3286/4933/3126 3182/4922/2999 3283/4921/3116
f 3308/4935/3125 3325/4943/3134 3115/4936/3128
f 3270/4937/3129 3272/5012/3199 3076/4938/3130
f 3286/4933/3126 3284/4934/3127 3289/4897/3093
f 3291/4941/3133 3304/4930/3124 3105/4932/3124
f 3325/4943/3134 3327/5056/3239 3134/4944/3135
f 3292/4940/3132 3289/4897/3093 3303/4896/3092
f 3181/4946/3136 3285/4949/3137 3092/4947/3137
f 3285/4949/3137 3291/4941/3133 3099/4942/3133
f 3316/4950/3138 3315/4981/3170 3322/4905/3100
f 3134/4944/3139 3327/5056/3240 3328/4951/3140
f 3130/4952/3141 3318/5026/3213 3310/4953/3142
f 3263/4955/3144 3264/5057/3241 3119/4956/3145
f 3302/4958/3147 3316/4950/3138 3317/4959/3148
f 3207/4818/3019 3204/4815/3016 3197/4807/3008
f 3209/4820/3021 3207/4818/3019 3199/4809/3010
f 3211/4822/3023 3209/4820/3021 3201/4811/3012
f 3226/4836/3035 3237/4848/3046 3241/5051/3234
f 3241/5051/3234 3236/4847/3045 3226/4836/3035
f 3223/4834/3033 3217/4829/3029 3206/4816/3017
f 3249/4859/3056 3243/4855/3052 3245/4861/3058
f 3253/4862/3059 3261/4870/3066 3250/4869/3065
f 3202/4814/3015 3191/4803/3004 3190/4960/3149
f 3254/4866/3062 3247/4857/3054 3239/4850/3048
f 3239/4850/3048 3247/4857/3054 3233/4844/3043
f 3213/4824/3025 3190/4960/3149 3189/4802/3003
f 3233/4844/3043 3219/4830/3030 3222/4846/3031
f 3219/4830/3030 3214/4823/3024 3216/4832/3026
f 3214/4823/3024 3213/4824/3025 3188/4826/3027
f 3213/4824/3025 3211/4822/3023 3203/4813/3014
f 3266/4961/3150 3268/5021/3208 3074/4962/3151
f 3276/4880/3076 3287/4888/3084 3293/4890/3086
f 3125/4964/3153 3288/5032/3218 3263/4955/3144
f 3310/4953/3142 3311/5055/3238 3129/4924/3118
f 3329/4965/3154 3321/5058/3242 3132/4966/3155
f 3309/4901/3097 3305/4945/3096 3303/4896/3092
f 3306/4925/3119 3294/5059/3243 3126/4968/3157
f 3309/4901/3097 3317/4959/3148 3324/4910/3105
f 3298/4969/3158 3301/4986/3174 3302/4958/3147
f 3281/4886/3082 3282/4885/3081 3284/4934/3127
f 3078/4970/3159 3180/5060/3244 3181/4946/3136
f 3324/4910/3105 3331/4914/3109 3330/4915/3110
f 3185/4971/3160 3180/5060/3245 3078/4970/3161
f 3265/4973/3163 3266/4961/3150 3073/4963/3152
f 3271/4916/3111 3279/4884/3080 3281/4886/3082
f 3267/4872/3068 3274/4879/3075 3277/4882/3078
f 3268/4875/3071 3269/4874/3070 3271/4916/3111
f 3055/4975/3165 3061/5000/3166 3234/4976/3166
f 3308/4902/3097 3309/4901/3097 3326/4909/3104
f 3184/4923/3117 3185/5048/3231 3272/4878/3074
f 3319/4979/3168 3322/4905/3100 3315/4981/3170
f 3029/4982/3171 3196/5001/3188 3195/4983/3172
f 3292/4940/3132 3305/4945/3096 3304/4900/3096
f 3301/4986/3174 3315/4981/3170 3316/4950/3138
f 3031/4987/3175 3200/5002/3189 3198/4988/3176
f 3127/4990/3178 3124/5020/3207 3236/4991/3179
f 3117/4993/3181 3141/5037/3224 3260/4994/3182
f 3033/4996/3184 3191/5008/3195 3202/4997/3185
f 3067/4999/3187 3238/5004/3187 3234/4976/3166
f 3030/4989/3177 3198/4988/3176 3196/5001/3188
f 3032/4998/3186 3202/4997/3185 3200/5002/3189
f 3280/4883/3079 3298/4969/3158 3290/4895/3091
f 3071/5003/3190 3255/5016/3203 3238/5004/3187
f 3297/4891/3087 3299/4894/3090 3301/4986/3174
f 3034/5005/3191 3041/5027/3192 3187/5006/3192
f 3034/5005/3194 3186/5007/3246 3191/5008/3195
f 3123/5009/3196 3121/5028/3214 3218/5010/3197
f 3301/4986/3174 3299/4894/3090 3313/4980/3169
f 3272/5012/3199 3185/4971/3160 3077/4972/3162
f 3116/5013/3200 3028/4984/3173 3195/4983/3172
f 3137/5015/3202 3257/5033/3247 3255/5016/3203
f 3286/4933/3126 3292/4940/3132 3291/4985/3132
f 3116/5013/3204 3194/5014/3248 3193/5018/3205
f 3123/5009/3196 3224/5011/3198 3236/4991/3179
f 3268/5021/3208 3270/4937/3129 3075/4939/3131
f 3136/4929/3123 3330/4928/3122 3329/4965/3154
f 3310/4908/3103 3312/4904/3099 3307/4898/3094
f 3182/4922/2999 3286/4933/3126 3285/5017/3126
f 3127/4990/3178 3241/4992/3180 3240/5022/3209
f 3048/5024/3211 3055/4975/3165 3221/4977/3165
f 3317/4959/3148 3316/4950/3138 3323/4920/3115
f 3119/4956/3212 3264/5057/3249 3265/4973/3163
f 3132/4966/3155 3321/5058/3242 3318/5026/3213
f 3041/5027/3192 3048/5024/3211 3215/5025/3211
f 3121/5028/3214 3118/5019/3206 3193/5018/3205
f 3282/4885/3081 3290/4895/3091 3289/4897/3093
f 3133/5029/3215 3131/5036/3223 3248/5030/3216
f 3126/4968/3157 3294/5059/3243 3288/5032/3218
f 3137/5015/3219 3117/4993/3181 3258/4995/3183
f 3133/5029/3215 3251/5031/3217 3259/5034/3221
f 3280/4883/3079 3278/4892/3088 3297/4891/3087
f 3275/4881/3077 3276/4880/3076 3296/4917/3112
f 3131/5036/3223 3062/5023/3210 3240/5022/3209
f 3141/5037/3224 3139/5035/3222 3259/5034/3221
f 3274/4879/3075 3275/4881/3077 3278/4892/3088
o Circle.001_Circle.008
v 0.340715 -0.037818 0.444540
v 0.326987 -0.039590 0.444540
v 0.313787 -0.044835 0.444540
v 0.301622 -0.053354 0.444540
v 0.290959 -0.064818 0.444540
v 0.282208 -0.078787 0.444540
v 0.275705 -0.094724 0.444540
v 0.271701 -0.112016 0.444540
v 0.270349 -0.130000 0.444540
v 0.271701 -0.147984 0.444540
v 0.275705 -0.165276 0.444540
v 0.282208 -0.181213 0.444540
v 0.290959 -0.195182 0.444540
v 0.301622 -0.206646 0.444540
v 0.313787 -0.215165 0.444540
v 0.326987 -0.220410 0.444540
v 0.340715 -0.222182 0.444540
v 0.354443 -0.220410 0.444540
v 0.367643 -0.215165 0.444540
v 0.379808 -0.206646 0.444540
v 0.390471 -0.195182 0.444540
v 0.399222 -0.181213 0.444540
v 0.405725 -0.165276 0.444540
v 0.409729 -0.147984 0.444540
v 0.411081 -0.130000 0.444540
v 0.409729 -0.112016 0.444540
v 0.405725 -0.094724 0.444540
v 0.399222 -0.078787 0.444540
v 0.390471 -0.064818 0.444540
v 0.379808 -0.053354 0.444540
v 0.367643 -0.044835 0.444540
v 0.354443 -0.039590 0.444540
v 0.323202 -0.014662 0.321858
v 0.340715 -0.012402 0.321858
v 0.306363 -0.021354 0.321858
v 0.290843 -0.032221 0.321858
v 0.277240 -0.046846 0.321858
v 0.266076 -0.064666 0.321858
v 0.257781 -0.084997 0.321858
v 0.252673 -0.107058 0.321858
v 0.250948 -0.130000 0.321858
v 0.252673 -0.152942 0.321858
v 0.257781 -0.175003 0.321858
v 0.266076 -0.195334 0.321858
v 0.277240 -0.213154 0.321858
v 0.290843 -0.227779 0.321858
v 0.306363 -0.238646 0.321858
v 0.323202 -0.245338 0.321858
v 0.340715 -0.247598 0.321858
v 0.358228 -0.245338 0.321858
v 0.375067 -0.238646 0.321858
v 0.390587 -0.227779 0.321858
v 0.404190 -0.213154 0.321858
v 0.415354 -0.195334 0.321858
v 0.423649 -0.175003 0.321858
v 0.428757 -0.152942 0.321858
v 0.430482 -0.130000 0.321858
v 0.428757 -0.107058 0.321858
v 0.423649 -0.084997 0.321858
v 0.415354 -0.064666 0.321858
v 0.404190 -0.046846 0.321858
v 0.390587 -0.032221 0.321858
v 0.375067 -0.021354 0.321858
v 0.358228 -0.014662 0.321858
v 0.323202 -0.014662 0.444540
v 0.340715 -0.012402 0.444540
v 0.306363 -0.021354 0.444540
v 0.290843 -0.032221 0.444540
v 0.277240 -0.046846 0.444540
v 0.266076 -0.064666 0.444540
v 0.257781 -0.084997 0.444540
v 0.252673 -0.107058 0.444540
v 0.250948 -0.130000 0.444540
v 0.252673 -0.152942 0.444540
v 0.257781 -0.175003 0.444540
v 0.266076 -0.195334 0.444540
v 0.277240 -0.213154 0.444540
v 0.290843 -0.227779 0.444540
v 0.306363 -0.238646 0.444540
v 0.323202 -0.245338 0.444540
v 0.340715 -0.247598 0.444540
v 0.358228 -0.245338 0.444540
v 0.375067 -0.238646 0.444540
v 0.390587 -0.227779 0.444540
v 0.404190 -0.213154 0.444540
v 0.415354 -0.195334 0.444540
v 0.423649 -0.175003 0.444540
v 0.428757 -0.152942 0.444540
v 0.430482 -0.130000 0.444540
v 0.428757 -0.107058 0.444540
v 0.423649 -0.084997 0.444540
v 0.415354 -0.064666 0.444540
v 0.404190 -0.046846 0.444540
v 0.390587 -0.032221 0.444540
v 0.375067 -0.021354 0.444540
v 0.358228 -0.014662 0.444540
v 0.326987 -0.039590 0.503393
v 0.340715 -0.037818 0.503393
v 0.313787 -0.044835 0.503393
v 0.301622 -0.053354 0.503393
v 0.290959 -0.064818 0.503393
v 0.282208 -0.078787 0.503393
v 0.275705 -0.094724 0.503393
v 0.271701 -0.112016 0.503393
v 0.270349 -0.130000 0.503393
v 0.271701 -0.147984 0.503393
v 0.275705 -0.165276 0.503393
v 0.282208 -0.181213 0.503393
v 0.290959 -0.195182 0.503393
v 0.301622 -0.206646 0.503393
v 0.313787 -0.215165 0.503393
v 0.326987 -0.220410 0.503393
v 0.340715 -0.222182 0.503393
v 0.354443 -0.220410 0.503393
v 0.367643 -0.215165 0.503393
v 0.379808 -0.206646 0.503393
v 0.390471 -0.195182 0.503393
v 0.399222 -0.181213 0.503393
v 0.405725 -0.165276 0.503393
v 0.409729 -0.147984 0.503393
v 0.411081 -0.130000 0.503393
v 0.409729 -0.112016 0.503393
v 0.405725 -0.094724 0.503393
v 0.399222 -0.078787 0.503393
v 0.390471 -0.064818 0.503393
v 0.379808 -0.053354 0.503393
v 0.367643 -0.044835 0.503393
v 0.354443 -0.039590 0.503393
v 0.283399 -0.076885 0.503393
v 0.398031 -0.076885 0.444540
v 0.398031 -0.076885 0.503393
v 0.283399 -0.076885 0.444540
v 0.272133 -0.110153 0.444540
v 0.272133 -0.110153 0.503393
v 0.409297 -0.110153 0.444540
v 0.409297 -0.110153 0.503393
v 0.271273 -0.142286 0.503393
v 0.410157 -0.142286 0.444540
v 0.410157 -0.142286 0.503393
v 0.271273 -0.142286 0.444540
v 0.399526 -0.180469 0.503393
v 0.281904 -0.180469 0.444540
v 0.281904 -0.180469 0.503393
v 0.399526 -0.180469 0.444540
v -0.340715 -0.037818 0.444540
v -0.354443 -0.039590 0.444540
v -0.367643 -0.044835 0.444540
v -0.379808 -0.053354 0.444540
v -0.390471 -0.064818 0.444540
v -0.399222 -0.078787 0.444540
v -0.405725 -0.094724 0.444540
v -0.409729 -0.112016 0.444540
v -0.411081 -0.130000 0.444540
v -0.409729 -0.147984 0.444540
v -0.405725 -0.165276 0.444540
v -0.399222 -0.181213 0.444540
v -0.390471 -0.195182 0.444540
v -0.379808 -0.206646 0.444540
v -0.367643 -0.215165 0.444540
v -0.354443 -0.220410 0.444540
v -0.340715 -0.222182 0.444540
v -0.326987 -0.220410 0.444540
v -0.313787 -0.215165 0.444540
v -0.301622 -0.206646 0.444540
v -0.290959 -0.195182 0.444540
v -0.282208 -0.181213 0.444540
v -0.275705 -0.165276 0.444540
v -0.271701 -0.147984 0.444540
v -0.270349 -0.130000 0.444540
v -0.271701 -0.112016 0.444540
v -0.275705 -0.094724 0.444540
v -0.282208 -0.078787 0.444540
v -0.290959 -0.064818 0.444540
v -0.301622 -0.053354 0.444540
v -0.313787 -0.044835 0.444540
v -0.326987 -0.039590 0.444540
v -0.358228 -0.014662 0.321858
v -0.340715 -0.012402 0.321858
v -0.375067 -0.021354 0.321858
v -0.390587 -0.032221 0.321858
v -0.404190 -0.046846 0.321858
v -0.415354 -0.064666 0.321858
v -0.423649 -0.084997 0.321858
v -0.428757 -0.107058 0.321858
v -0.430482 -0.130000 0.321858
v -0.428757 -0.152942 0.321858
v -0.423649 -0.175003 0.321858
v -0.415354 -0.195334 0.321858
v -0.404190 -0.213154 0.321858
v -0.390587 -0.227779 0.321858
v -0.375067 -0.238646 0.321858
v -0.358228 -0.245338 0.321858
v -0.340715 -0.247598 0.321858
v -0.323202 -0.245338 0.321858
v -0.306363 -0.238646 0.321858
v -0.290843 -0.227779 0.321858
v -0.277240 -0.213154 0.321858
v -0.266076 -0.195334 0.321858
v -0.257781 -0.175003 0.321858
v -0.252673 -0.152942 0.321858
v -0.250948 -0.130000 0.321858
v -0.252673 -0.107058 0.321858
v -0.257781 -0.084997 0.321858
v -0.266076 -0.064666 0.321858
v -0.277240 -0.046846 0.321858
v -0.290843 -0.032221 0.321858
v -0.306363 -0.021354 0.321858
v -0.323202 -0.014662 0.321858
v -0.358228 -0.014662 0.444540
v -0.340715 -0.012402 0.444540
v -0.375067 -0.021354 0.444540
v -0.390587 -0.032221 0.444540
v -0.404190 -0.046846 0.444540
v -0.415354 -0.064666 0.444540
v -0.423649 -0.084997 0.444540
v -0.428757 -0.107058 0.444540
v -0.430482 -0.130000 0.444540
v -0.428757 -0.152942 0.444540
v -0.423649 -0.175003 0.444540
v -0.415354 -0.195334 0.444540
v -0.404190 -0.213154 0.444540
v -0.390587 -0.227779 0.444540
v -0.375067 -0.238646 0.444540
v -0.358228 -0.245338 0.444540
v -0.340715 -0.247598 0.444540
v -0.323202 -0.245338 0.444540
v -0.306363 -0.238646 0.444540
v -0.290843 -0.227779 0.444540
v -0.277240 -0.213154 0.444540
v -0.266076 -0.195334 0.444540
v -0.257781 -0.175003 0.444540
v -0.252673 -0.152942 0.444540
v -0.250948 -0.130000 0.444540
v -0.252673 -0.107058 0.444540
v -0.257781 -0.084997 0.444540
v -0.266076 -0.064666 0.444540
v -0.277240 -0.046846 0.444540
v -0.290843 -0.032221 0.444540
v -0.306363 -0.021354 0.444540
v -0.323202 -0.014662 0.444540
v -0.354443 -0.039590 0.503393
v -0.340715 -0.037818 0.503393
v -0.367643 -0.044835 0.503393
v -0.379808 -0.053354 0.503393
v -0.390471 -0.064818 0.503393
v -0.399222 -0.078787 0.503393
v -0.405725 -0.094724 0.503393
v -0.409729 -0.112016 0.503393
v -0.411081 -0.130000 0.503393
v -0.409729 -0.147984 0.503393
v -0.405725 -0.165276 0.503393
v -0.399222 -0.181213 0.503393
v -0.390471 -0.195182 0.503393
v -0.379808 -0.206646 0.503393
v -0.367643 -0.215165 0.503393
v -0.354443 -0.220410 0.503393
v -0.340715 -0.222182 0.503393
v -0.326987 -0.220410 0.503393
v -0.313787 -0.215165 0.503393
v -0.301622 -0.206646 0.503393
v -0.290959 -0.195182 0.503393
v -0.282208 -0.181213 0.503393
v -0.275705 -0.165276 0.503393
v -0.271701 -0.147984 0.503393
v -0.270349 -0.130000 0.503393
v -0.271701 -0.112016 0.503393
v -0.275705 -0.094724 0.503393
v -0.282208 -0.078787 0.503393
v -0.290959 -0.064818 0.503393
v -0.301622 -0.053354 0.503393
v -0.313787 -0.044835 0.503393
v -0.326987 -0.039590 0.503393
v -0.398031 -0.076885 0.503393
v -0.283399 -0.076885 0.444540
v -0.283399 -0.076885 0.503393
v -0.398031 -0.076885 0.444540
v -0.409297 -0.110153 0.444540
v -0.409297 -0.110153 0.503393
v -0.272133 -0.110153 0.444540
v -0.272133 -0.110153 0.503393
v -0.410157 -0.142286 0.503393
v -0.271273 -0.142286 0.444540
v -0.271273 -0.142286 0.503393
v -0.410157 -0.142286 0.444540
v -0.281904 -0.180469 0.503393
v -0.399526 -0.180469 0.444540
v -0.399526 -0.180469 0.503393
v -0.281904 -0.180469 0.444540
vt 0.964158 0.420823
vt 0.951806 0.417842
vt 0.964158 0.417842
vt 0.925594 0.829492
vt 0.928211 0.826217
vt 0.952163 0.827494
vt 0.049062 0.885389
vt 0.048632 0.914101
vt 0.042018 0.913096
vt 0.047680 0.862562
vt 0.033846 0.837488
vt 0.040143 0.835137
vt 0.058196 0.881627
vt 0.084645 0.895321
vt 0.079694 0.901800
vt 0.050724 0.885771
vt 0.055119 0.913981
vt 0.046191 0.863406
vt 0.027724 0.841115
vt 0.059206 0.879679
vt 0.088338 0.887532
vt 0.044799 0.864658
vt 0.022011 0.846146
vt 0.059923 0.877493
vt 0.090331 0.878788
vt 0.043534 0.866264
vt 0.017082 0.852620
vt 0.060238 0.875128
vt 0.090331 0.869642
vt 0.042519 0.868217
vt 0.013405 0.860397
vt 0.060134 0.872712
vt 0.088288 0.860738
vt 0.041801 0.870410
vt 0.011419 0.869122
vt 0.059588 0.870355
vt 0.084414 0.852685
vt 0.041472 0.872769
vt 0.011418 0.878249
vt 0.058651 0.868155
vt 0.079129 0.845934
vt 0.041585 0.875192
vt 0.013451 0.887136
vt 0.057387 0.866213
vt 0.072941 0.840716
vt 0.043072 0.879751
vt 0.017306 0.895178
vt 0.055875 0.864625
vt 0.066323 0.837047
vt 0.022568 0.901925
vt 0.054244 0.863383
vt 0.059619 0.834802
vt 0.052365 0.885730
vt 0.061508 0.912781
vt 0.044339 0.881699
vt 0.028730 0.907149
vt 0.052553 0.862563
vt 0.053008 0.833808
vt 0.053967 0.885287
vt 0.067815 0.910442
vt 0.045855 0.883292
vt 0.035323 0.910833
vt 0.050879 0.862144
vt 0.046527 0.833932
vt 0.055504 0.884453
vt 0.073955 0.906826
vt 0.047415 0.884562
vt 0.049251 0.862140
vt 0.056935 0.883229
vt 0.839960 0.929558
vt 0.843982 0.925095
vt 0.842759 0.930169
vt 0.847335 0.926768
vt 0.845389 0.931488
vt 0.850351 0.929273
vt 0.847754 0.933468
vt 0.852930 0.932521
vt 0.849762 0.936038
vt 0.854991 0.936412
vt 0.851336 0.939126
vt 0.856423 0.940825
vt 0.852419 0.942603
vt 0.857230 0.945649
vt 0.852932 0.946404
vt 0.857098 0.950619
vt 0.852929 0.950257
vt 0.852511 0.952836
vt 0.856298 0.955466
vt 0.851061 0.957630
vt 0.854841 0.960178
vt 0.849275 0.960759
vt 0.852608 0.964784
vt 0.846980 0.963826
vt 0.849381 0.968173
vt 0.844437 0.965970
vt 0.846049 0.970700
vt 0.841708 0.967418
vt 0.842577 0.972422
vt 0.838889 0.968162
vt 0.839009 0.973303
vt 0.836073 0.968192
vt 0.835442 0.973303
vt 0.832004 0.972417
vt 0.833351 0.967516
vt 0.828813 0.970688
vt 0.830822 0.966160
vt 0.825976 0.968192
vt 0.828568 0.964163
vt 0.823558 0.965055
vt 0.826662 0.961563
vt 0.821485 0.961428
vt 0.825304 0.958737
vt 0.825254 0.958534
vt 0.820199 0.956918
vt 0.824184 0.955204
vt 0.819554 0.952206
vt 0.823646 0.951499
vt 0.823658 0.950297
vt 0.819549 0.947368
vt 0.824318 0.943906
vt 0.820214 0.942471
vt 0.824452 0.943467
vt 0.827096 0.937020
vt 0.821795 0.937836
vt 0.823961 0.933715
vt 0.827388 0.936632
vt 0.831607 0.932064
vt 0.826669 0.930235
vt 0.829772 0.927481
vt 0.834278 0.930522
vt 0.833178 0.925535
vt 0.837097 0.929676
vt 0.836769 0.924466
vt 0.840416 0.924317
vt 0.276579 0.969831
vt 0.275478 0.967061
vt 0.276579 0.958528
vt 0.964158 0.405934
vt 0.951806 0.402648
vt 0.964158 0.402648
vt 0.952609 0.256190
vt 0.940275 0.253289
vt 0.952609 0.253289
vt 0.964158 0.423940
vt 0.951806 0.420823
vt 0.964158 0.409050
vt 0.951806 0.405934
vt 0.940275 0.259090
vt 0.940275 0.256190
vt 0.964158 0.427226
vt 0.951806 0.423940
vt 0.964158 0.412032
vt 0.951806 0.409050
vt 0.952609 0.262067
vt 0.952609 0.259090
vt 0.964158 0.430214
vt 0.951806 0.427225
vt 0.964158 0.414937
vt 0.951806 0.412032
vt 0.952609 0.265180
vt 0.940275 0.262067
vt 0.230699 0.983470
vt 0.234312 0.971119
vt 0.234312 0.983470
vt 0.940275 0.268461
vt 0.940275 0.265180
vt 0.227375 0.983470
vt 0.230699 0.971119
vt 0.952609 0.271915
vt 0.952609 0.268461
vt 0.745197 0.446732
vt 0.741412 0.459083
vt 0.741412 0.446732
vt 0.952608 0.272130
vt 0.940275 0.271915
vt 0.747783 0.446732
vt 0.745197 0.459083
vt 0.786740 0.976208
vt 0.790465 0.963857
vt 0.790465 0.976208
vt 0.454574 0.972505
vt 0.458299 0.960153
vt 0.458299 0.972505
vt 0.785540 0.976208
vt 0.786740 0.963857
vt 0.451130 0.972505
vt 0.454574 0.960153
vt 0.984036 0.756990
vt 0.987821 0.769342
vt 0.984036 0.769342
vt 0.952609 0.240464
vt 0.940275 0.243919
vt 0.940275 0.240464
vt 0.988222 0.756990
vt 0.987821 0.756990
vt 0.952609 0.247200
vt 0.952609 0.243919
vt 0.982381 0.240249
vt 0.978769 0.252601
vt 0.978769 0.240249
vt 0.952609 0.250312
vt 0.940275 0.247200
vt 0.951806 0.414937
vt 0.982852 0.240249
vt 0.982381 0.252601
vt 0.940275 0.250312
vt 0.234783 0.983470
vt 0.234783 0.971119
vt 0.964158 0.399659
vt 0.951806 0.399659
vt 0.972103 0.586582
vt 0.972103 0.613869
vt 0.968359 0.612255
vt 0.970843 0.483983
vt 0.970843 0.513516
vt 0.966678 0.513142
vt 0.741010 0.446732
vt 0.741010 0.459083
vt 0.975445 0.240249
vt 0.975445 0.252601
vt 0.459499 0.972505
vt 0.459499 0.960153
vt 0.981450 0.769342
vt 0.960695 0.158927
vt 0.964325 0.158086
vt 0.960695 0.186215
vt 0.952608 0.240249
vt 0.940275 0.240249
vt 0.975429 0.561028
vt 0.972342 0.559128
vt 0.972342 0.538251
vt 0.793909 0.976208
vt 0.793909 0.963857
vt 0.946262 0.769363
vt 0.958614 0.766382
vt 0.958614 0.769363
vt 0.171160 0.912773
vt 0.173777 0.909499
vt 0.197728 0.910776
vt 0.842404 0.824880
vt 0.856170 0.850179
vt 0.854566 0.850996
vt 0.856921 0.901481
vt 0.857384 0.872653
vt 0.859054 0.873079
vt 0.881382 0.828178
vt 0.865815 0.853432
vt 0.864414 0.851870
vt 0.848703 0.822584
vt 0.857837 0.849731
vt 0.850288 0.900485
vt 0.855684 0.871832
vt 0.887508 0.833390
vt 0.866992 0.855351
vt 0.843560 0.898232
vt 0.854044 0.870588
vt 0.892725 0.840115
vt 0.867876 0.857540
vt 0.836919 0.894547
vt 0.852525 0.868997
vt 0.896546 0.848126
vt 0.868420 0.859888
vt 0.830713 0.889302
vt 0.851255 0.867053
vt 0.898564 0.856984
vt 0.868521 0.862335
vt 0.825421 0.882516
vt 0.850302 0.864868
vt 0.898564 0.866093
vt 0.868200 0.864730
vt 0.821558 0.874422
vt 0.849758 0.862508
vt 0.896587 0.874815
vt 0.867475 0.866942
vt 0.819549 0.865478
vt 0.849646 0.860095
vt 0.892917 0.882600
vt 0.866453 0.868912
vt 0.819608 0.856307
vt 0.849974 0.857754
vt 0.887989 0.889088
vt 0.865179 0.870531
vt 0.821678 0.847565
vt 0.850702 0.855602
vt 0.882269 0.894135
vt 0.863779 0.871793
vt 0.855071 0.821406
vt 0.859528 0.849659
vt 0.825451 0.839808
vt 0.851761 0.853726
vt 0.876136 0.897776
vt 0.862268 0.872640
vt 0.861534 0.821284
vt 0.861215 0.849981
vt 0.830469 0.833389
vt 0.853075 0.852182
vt 0.869824 0.900139
vt 0.860690 0.873075
vt 0.868128 0.822271
vt 0.862859 0.850714
vt 0.836249 0.828432
vt 0.863423 0.901353
vt 0.874807 0.824511
vt 0.941808 0.898584
vt 0.945830 0.894121
vt 0.944607 0.899195
vt 0.949182 0.895794
vt 0.947237 0.900515
vt 0.952199 0.898299
vt 0.949602 0.902494
vt 0.954778 0.901547
vt 0.951611 0.905065
vt 0.956841 0.905438
vt 0.953186 0.908152
vt 0.958274 0.909851
vt 0.954269 0.911629
vt 0.959080 0.914676
vt 0.954782 0.915430
vt 0.958949 0.919646
vt 0.954780 0.919284
vt 0.954362 0.921862
vt 0.958149 0.924493
vt 0.952912 0.926656
vt 0.956692 0.929204
vt 0.951125 0.929786
vt 0.954459 0.933810
vt 0.948831 0.932852
vt 0.951232 0.937200
vt 0.946288 0.934996
vt 0.947900 0.939726
vt 0.943559 0.936444
vt 0.944428 0.941449
vt 0.940740 0.937188
vt 0.940860 0.942329
vt 0.937924 0.937218
vt 0.937293 0.942329
vt 0.933855 0.941444
vt 0.935202 0.936543
vt 0.930664 0.939714
vt 0.932672 0.935186
vt 0.927827 0.937218
vt 0.930419 0.933189
vt 0.925409 0.934081
vt 0.928512 0.930589
vt 0.923336 0.930455
vt 0.927155 0.927764
vt 0.927105 0.927561
vt 0.922050 0.925945
vt 0.926035 0.924230
vt 0.921405 0.921232
vt 0.925497 0.920525
vt 0.925509 0.919324
vt 0.921400 0.916394
vt 0.926169 0.912932
vt 0.922065 0.911498
vt 0.926303 0.912494
vt 0.928946 0.906047
vt 0.923645 0.906864
vt 0.925810 0.902742
vt 0.929239 0.905658
vt 0.933455 0.901089
vt 0.928517 0.899261
vt 0.931620 0.896507
vt 0.936126 0.899548
vt 0.935026 0.894561
vt 0.938945 0.898702
vt 0.938617 0.893492
vt 0.942264 0.893343
vt 0.307614 0.969831
vt 0.306513 0.967060
vt 0.307614 0.958528
vt 0.946262 0.781271
vt 0.958614 0.784557
vt 0.946262 0.784557
vt 0.880065 0.940258
vt 0.892399 0.943158
vt 0.880065 0.943158
vt 0.946262 0.763265
vt 0.946262 0.766382
vt 0.946262 0.778154
vt 0.958614 0.781271
vt 0.880065 0.937357
vt 0.892399 0.940258
vt 0.946262 0.759979
vt 0.958614 0.763265
vt 0.958614 0.775173
vt 0.958614 0.778154
vt 0.892399 0.934380
vt 0.892399 0.937357
vt 0.946262 0.756990
vt 0.958614 0.759979
vt 0.946262 0.772268
vt 0.946262 0.775173
vt 0.880065 0.931268
vt 0.880065 0.934380
vt 0.485658 0.980700
vt 0.489271 0.968348
vt 0.489271 0.980700
vt 0.880065 0.927987
vt 0.892399 0.931268
vt 0.482334 0.980700
vt 0.485658 0.968348
vt 0.892399 0.924532
vt 0.892399 0.927987
vt 0.982803 0.104021
vt 0.979018 0.116373
vt 0.979018 0.104021
vt 0.880066 0.924317
vt 0.880065 0.924532
vt 0.985388 0.104021
vt 0.982803 0.116373
vt 0.414556 0.960153
vt 0.410831 0.972505
vt 0.410831 0.960153
vt 0.924844 0.977517
vt 0.928569 0.965165
vt 0.928569 0.977517
vt 0.415755 0.960153
vt 0.414556 0.972505
vt 0.921400 0.977517
vt 0.924844 0.965165
vt 0.984396 0.821284
vt 0.988181 0.833636
vt 0.984396 0.833636
vt 0.880065 0.952529
vt 0.892399 0.955983
vt 0.880065 0.955983
vt 0.988582 0.821284
vt 0.988181 0.821284
vt 0.880065 0.949247
vt 0.892399 0.952529
vt 0.959540 0.965165
vt 0.955928 0.977517
vt 0.955928 0.965165
vt 0.880065 0.946135
vt 0.892399 0.949247
vt 0.958614 0.772268
vt 0.960011 0.965165
vt 0.959540 0.977517
vt 0.892399 0.946135
vt 0.489742 0.980700
vt 0.489742 0.968348
vt 0.946262 0.787545
vt 0.958614 0.787545
vt 0.631370 0.950592
vt 0.631370 0.977880
vt 0.627626 0.976265
vt 0.970357 0.680724
vt 0.970357 0.710257
vt 0.966192 0.709883
vt 0.978616 0.104021
vt 0.978616 0.116373
vt 0.952604 0.965165
vt 0.952604 0.977517
vt 0.929768 0.977517
vt 0.929768 0.965165
vt 0.981810 0.833636
vt 0.957346 0.305140
vt 0.960976 0.304299
vt 0.957346 0.332427
vt 0.880066 0.956198
vt 0.892400 0.956198
vt 0.666195 0.974518
vt 0.663108 0.972619
vt 0.663108 0.951742
vt 0.407387 0.960153
vt 0.407387 0.972505
vt 0.931288 0.823698
vt 0.934707 0.822033
vt 0.945667 0.822617
vt 0.938337 0.821284
vt 0.942037 0.821482
vt 0.949086 0.824647
vt 0.954780 0.831048
vt 0.956836 0.835172
vt 0.923538 0.833397
vt 0.958252 0.839709
vt 0.921400 0.842480
vt 0.958974 0.844483
vt 0.921400 0.847308
vt 0.958974 0.849312
vt 0.922122 0.852082
vt 0.958252 0.854009
vt 0.923538 0.856619
vt 0.956836 0.858395
vt 0.954780 0.862300
vt 0.925594 0.860743
vt 0.952163 0.865575
vt 0.928211 0.864297
vt 0.949086 0.868093
vt 0.931288 0.867144
vt 0.945667 0.869759
vt 0.938337 0.870310
vt 0.942037 0.870507
vt 0.934707 0.869174
vt 0.922122 0.837782
vt 0.042124 0.877560
vt 0.851117 0.938693
vt 0.852865 0.945948
vt 0.852307 0.954030
vt 0.849181 0.960985
vt 0.823681 0.947699
vt 0.825442 0.940255
vt 0.829183 0.934250
vt 0.275106 0.964179
vt 0.275478 0.961298
vt 0.278367 0.955975
vt 0.278367 0.972384
vt 0.280773 0.953737
vt 0.283305 0.952150
vt 0.283305 0.976209
vt 0.280773 0.974622
vt 0.951806 0.430214
vt 0.227375 0.971119
vt 0.940275 0.272130
vt 0.747783 0.459083
vt 0.785540 0.963857
vt 0.451130 0.960153
vt 0.988222 0.769342
vt 0.982852 0.252601
vt 0.968758 0.612505
vt 0.968359 0.588196
vt 0.968758 0.587946
vt 0.975341 0.585832
vt 0.975341 0.614619
vt 0.967146 0.513250
vt 0.966678 0.484357
vt 0.967068 0.484256
vt 0.973421 0.484177
vt 0.973421 0.513322
vt 0.981450 0.756990
vt 0.965520 0.157997
vt 0.965520 0.187145
vt 0.964325 0.187055
vt 0.957507 0.184914
vt 0.957507 0.160228
vt 0.975087 0.536491
vt 0.975429 0.536352
vt 0.975255 0.560992
vt 0.969937 0.556891
vt 0.969937 0.540488
vt 0.968150 0.554339
vt 0.968150 0.543041
vt 0.967049 0.551570
vt 0.967049 0.545810
vt 0.966678 0.548690
vt 0.176854 0.906980
vt 0.180273 0.905315
vt 0.187603 0.904763
vt 0.183902 0.904566
vt 0.191232 0.905899
vt 0.194651 0.907929
vt 0.200345 0.914330
vt 0.202401 0.918454
vt 0.169104 0.916678
vt 0.203817 0.922991
vt 0.166966 0.925761
vt 0.204539 0.927765
vt 0.166966 0.930590
vt 0.204539 0.932594
vt 0.167688 0.935364
vt 0.203817 0.937291
vt 0.169104 0.939901
vt 0.202401 0.941676
vt 0.200345 0.945582
vt 0.171160 0.944025
vt 0.197728 0.948856
vt 0.173777 0.947579
vt 0.194651 0.951375
vt 0.176854 0.950426
vt 0.191232 0.953040
vt 0.180273 0.952456
vt 0.187603 0.953789
vt 0.183902 0.953592
vt 0.167688 0.921064
vt 0.952968 0.907719
vt 0.954716 0.914974
vt 0.954158 0.923056
vt 0.951032 0.930011
vt 0.925532 0.916725
vt 0.927293 0.909281
vt 0.931031 0.903275
vt 0.306141 0.964179
vt 0.306513 0.961298
vt 0.309402 0.955975
vt 0.309402 0.972384
vt 0.311808 0.953737
vt 0.314340 0.952150
vt 0.314340 0.976209
vt 0.311808 0.974622
vt 0.958614 0.756990
vt 0.482334 0.968348
vt 0.892400 0.924317
vt 0.985388 0.116373
vt 0.415755 0.972505
vt 0.921400 0.965165
vt 0.988582 0.833636
vt 0.960011 0.977517
vt 0.628025 0.976515
vt 0.627626 0.952207
vt 0.628025 0.951957
vt 0.634608 0.949842
vt 0.634608 0.978630
vt 0.966660 0.709991
vt 0.966192 0.681098
vt 0.966583 0.680997
vt 0.972936 0.680918
vt 0.972936 0.710063
vt 0.981810 0.821284
vt 0.962172 0.304209
vt 0.962172 0.333358
vt 0.960976 0.333268
vt 0.954158 0.331126
vt 0.954158 0.306441
vt 0.665854 0.949982
vt 0.666195 0.949842
vt 0.666022 0.974482
vt 0.660703 0.970382
vt 0.660703 0.953979
vt 0.658916 0.967829
vt 0.658916 0.956531
vt 0.657816 0.965060
vt 0.657816 0.959300
vt 0.657444 0.962180
vn -0.4747 0.8802 0.0000
vn -0.2506 0.9681 0.0000
vn 0.0000 0.0000 -1.0000
vn 0.4747 0.8802 0.0000
vn 0.2506 0.9681 0.0000
vn 0.2506 -0.9681 0.0000
vn 0.4747 -0.8802 0.0000
vn -0.7934 0.6087 0.0000
vn -0.8900 0.4560 0.0000
vn -0.0000 1.0000 0.0000
vn 0.6565 -0.7543 0.0000
vn -0.9531 0.3027 0.0000
vn 0.7934 -0.6087 0.0000
vn -0.9531 0.3026 0.0000
vn -0.9886 0.1507 0.0000
vn 0.8900 -0.4560 0.0000
vn -1.0000 0.0000 0.0000
vn 0.9531 -0.3026 0.0000
vn -0.9886 -0.1507 -0.0000
vn 0.9531 -0.3027 0.0000
vn 0.9886 -0.1507 0.0000
vn -0.9531 -0.3026 -0.0000
vn 1.0000 -0.0000 0.0000
vn -0.9531 -0.3027 -0.0000
vn -0.8900 -0.4560 -0.0000
vn 0.9886 0.1507 0.0000
vn -0.7934 -0.6087 0.0000
vn 0.9531 0.3026 0.0000
vn -0.6565 -0.7543 0.0000
vn 0.8900 0.4560 0.0000
vn -0.4747 -0.8802 0.0000
vn 0.7934 0.6087 0.0000
vn -0.2506 -0.9681 0.0000
vn 0.6565 0.7543 0.0000
vn 0.0000 -1.0000 0.0000
vn -0.6565 0.7543 0.0000
vn -0.0000 0.0000 1.0000
vn -0.8474 0.5309 0.0000
vn -0.9742 0.2256 0.0000
vn 0.9259 -0.3778 -0.0000
vn -0.9972 -0.0750 0.0000
vn 0.9972 -0.0750 0.0000
vn -0.9259 -0.3778 0.0000
vn -0.8899 -0.4561 0.0000
vn 0.9742 0.2256 0.0000
vn 0.8474 0.5309 0.0000
vn 0.9531 0.3027 0.0000
vn 0.4746 0.8802 0.0000
usemtl Material
s 1
f 3334/5061/3250 3428/5062/3251 3333/5063/3251
f 3368/5064/3252 3367/5065/3252 3392/5066/3252
f 3394/5067/3253 3427/5068/3254 3426/5069/3253
f 3381/5070/3255 3414/5071/3256 3413/5072/3255
f 3368/5073/3257 3401/5074/3258 3400/5075/3257
f 3395/5076/3254 3397/5077/3259 3427/5068/3254
f 3382/5078/3256 3415/5079/3260 3414/5071/3256
f 3369/5080/3258 3402/5081/3261 3401/5074/3258
f 3383/5082/3260 3416/5083/3262 3415/5079/3260
f 3370/5084/3263 3403/5085/3264 3402/5081/3261
f 3384/5086/3262 3417/5087/3265 3416/5083/3262
f 3371/5088/3264 3404/5089/3266 3403/5085/3264
f 3385/5090/3265 3418/5091/3267 3417/5087/3265
f 3372/5092/3266 3405/5093/3268 3404/5089/3266
f 3386/5094/3269 3419/5095/3270 3418/5091/3267
f 3373/5096/3268 3406/5097/3271 3405/5093/3268
f 3387/5098/3270 3420/5099/3272 3419/5095/3270
f 3374/5100/3273 3407/5101/3274 3406/5097/3271
f 3388/5102/3272 3421/5103/3275 3420/5099/3272
f 3375/5104/3274 3408/5105/3276 3407/5101/3274
f 3421/5103/3275 3390/5106/3277 3422/5107/3277
f 3376/5108/3276 3409/5109/3278 3408/5105/3276
f 3390/5106/3277 3423/5110/3279 3422/5107/3277
f 3377/5111/3278 3410/5112/3280 3409/5109/3278
f 3365/5113/3259 3396/5114/3251 3397/5077/3259
f 3391/5115/3279 3424/5116/3281 3423/5110/3279
f 3378/5117/3280 3411/5118/3282 3410/5112/3280
f 3364/5119/3251 3398/5120/3250 3396/5114/3251
f 3392/5121/3281 3425/5122/3283 3424/5116/3281
f 3379/5123/3282 3412/5124/3284 3411/5118/3282
f 3366/5125/3250 3399/5126/3285 3398/5120/3250
f 3393/5127/3283 3426/5069/3253 3425/5122/3283
f 3380/5128/3284 3413/5072/3255 3412/5124/3284
f 3367/5129/3285 3400/5075/3257 3399/5126/3285
f 3332/5130/3286 3396/5131/3286 3333/5132/3286
f 3333/5132/3286 3398/5133/3286 3334/5134/3286
f 3334/5134/3286 3399/5135/3286 3335/5136/3286
f 3335/5136/3286 3400/5137/3286 3336/5138/3286
f 3336/5138/3286 3400/5137/3286 3401/5139/3286
f 3337/5140/3286 3402/5141/3286 3338/5142/3286
f 3338/5142/3286 3402/5141/3286 3403/5143/3286
f 3339/5144/3286 3404/5145/3286 3340/5146/3286
f 3471/5147/3286 3404/5145/3286 3405/5148/3286
f 3342/5149/3286 3405/5148/3286 3406/5150/3286
f 3473/5151/3286 3406/5150/3286 3407/5152/3286
f 3344/5153/3286 3407/5152/3286 3408/5154/3286
f 3345/5155/3286 3408/5154/3286 3409/5156/3286
f 3346/5157/3286 3409/5156/3286 3410/5158/3286
f 3347/5159/3286 3410/5158/3286 3411/5160/3286
f 3348/5161/3286 3411/5160/3286 3412/5162/3286
f 3348/5161/3286 3413/5163/3286 3349/5164/3286
f 3349/5164/3286 3414/5165/3286 3350/5166/3286
f 3350/5166/3286 3415/5167/3286 3351/5168/3286
f 3351/5168/3286 3416/5169/3286 3352/5170/3286
f 3352/5170/3286 3417/5171/3286 3353/5172/3286
f 3475/5173/3286 3417/5171/3286 3418/5174/3286
f 3354/5175/3286 3419/5176/3286 3355/5177/3286
f 3469/5178/3286 3419/5176/3286 3420/5179/3286
f 3357/5180/3286 3420/5179/3286 3421/5181/3286
f 3466/5182/3286 3357/5180/3286 3421/5181/3286
f 3359/5183/3286 3422/5184/3286 3423/5185/3286
f 3461/5186/3286 3359/5183/3286 3423/5185/3286
f 3361/5187/3286 3424/5188/3286 3425/5189/3286
f 3362/5190/3286 3425/5189/3286 3426/5191/3286
f 3363/5192/3286 3426/5191/3286 3427/5193/3286
f 3332/5130/3286 3427/5193/3286 3397/5194/3286
f 3458/5195/3286 3459/5196/3286 3430/5197/3286
f 3361/5198/3283 3456/5199/3281 3360/5200/3281
f 3348/5201/3284 3443/5202/3282 3347/5203/3282
f 3335/5204/3285 3430/5205/3250 3334/5061/3250
f 3362/5206/3253 3457/5207/3283 3361/5198/3283
f 3348/5201/3284 3445/5208/3255 3444/5209/3284
f 3336/5210/3257 3431/5211/3285 3335/5204/3285
f 3363/5212/3254 3458/5213/3253 3362/5206/3253
f 3350/5214/3256 3445/5208/3255 3349/5215/3255
f 3463/5216/3287 3432/5217/3257 3336/5210/3257
f 3332/5218/3259 3459/5219/3254 3363/5212/3254
f 3351/5220/3260 3446/5221/3256 3350/5214/3256
f 3338/5222/3263 3433/5223/3258 3337/5224/3258
f 3351/5220/3260 3448/5225/3262 3447/5226/3260
f 3464/5227/3288 3434/5228/3263 3338/5222/3263
f 3353/5229/3265 3448/5225/3262 3352/5230/3262
f 3340/5231/3266 3435/5232/3264 3339/5233/3264
f 3475/5234/3289 3449/5235/3265 3353/5229/3265
f 3471/5236/3290 3436/5237/3266 3340/5231/3266
f 3355/5238/3270 3450/5239/3269 3354/5240/3267
f 3342/5241/3271 3437/5242/3268 3341/5243/3268
f 3469/5244/3291 3451/5245/3270 3355/5238/3270
f 3473/5246/3292 3438/5247/3271 3342/5241/3271
f 3356/5248/3272 3453/5249/3275 3452/5250/3272
f 3343/5251/3274 3440/5252/3276 3439/5253/3293
f 3466/5254/3294 3453/5249/3275 3357/5255/3275
f 3345/5256/3278 3440/5252/3276 3344/5257/3276
f 3359/5258/3279 3454/5259/3277 3358/5260/3277
f 3346/5261/3280 3441/5262/3278 3345/5256/3278
f 3333/5063/3251 3429/5263/3259 3332/5218/3259
f 3461/5264/3295 3455/5265/3279 3359/5258/3279
f 3347/5203/3282 3442/5266/3280 3346/5261/3280
f 3463/5267/3287 3433/5223/3258 3460/5268/3287
f 3461/5269/3295 3456/5199/3281 3462/5270/3295
f 3434/5271/3286 3454/5272/3286 3462/5273/3286
f 3436/5274/3286 3452/5275/3286 3467/5276/3286
f 3464/5277/3288 3435/5232/3264 3465/5278/3288
f 3466/5279/3294 3454/5259/3277 3467/5280/3294
f 3471/5281/3290 3437/5242/3268 3468/5282/3290
f 3470/5283/3291 3356/5248/3272 3452/5250/3272
f 3450/5284/3286 3451/5285/3286 3438/5286/3286
f 3473/5287/3292 3439/5253/3293 3474/5288/3292
f 3474/5289/3286 3440/5290/3286 3448/5291/3286
f 3475/5292/3289 3450/5239/3269 3472/5293/3289
f 3477/5294/3251 3574/5295/3250 3572/5296/3251
f 3512/5297/3252 3511/5298/3252 3536/5299/3252
f 3538/5300/3253 3571/5301/3254 3570/5302/3253
f 3525/5303/3255 3558/5304/3256 3557/5305/3255
f 3512/5306/3257 3545/5307/3258 3544/5308/3257
f 3539/5309/3254 3541/5310/3259 3571/5301/3254
f 3526/5311/3256 3559/5312/3260 3558/5304/3256
f 3513/5313/3258 3546/5314/3263 3545/5307/3258
f 3527/5315/3260 3560/5316/3262 3559/5312/3260
f 3514/5317/3263 3547/5318/3264 3546/5314/3263
f 3528/5319/3262 3561/5320/3265 3560/5316/3262
f 3515/5321/3264 3548/5322/3266 3547/5318/3264
f 3529/5323/3265 3562/5324/3269 3561/5320/3265
f 3516/5325/3266 3549/5326/3268 3548/5322/3266
f 3530/5327/3269 3563/5328/3270 3562/5324/3269
f 3517/5329/3268 3550/5330/3271 3549/5326/3268
f 3531/5331/3270 3564/5332/3272 3563/5328/3270
f 3518/5333/3271 3551/5334/3274 3550/5330/3271
f 3532/5335/3272 3565/5336/3275 3564/5332/3272
f 3519/5337/3274 3552/5338/3276 3551/5334/3274
f 3533/5339/3275 3566/5340/3277 3565/5336/3275
f 3520/5341/3276 3553/5342/3278 3552/5338/3276
f 3534/5343/3296 3567/5344/3279 3566/5340/3277
f 3521/5345/3278 3554/5346/3280 3553/5342/3278
f 3509/5347/3259 3540/5348/3251 3541/5310/3259
f 3535/5349/3279 3568/5350/3281 3567/5344/3279
f 3522/5351/3280 3555/5352/3282 3554/5346/3280
f 3508/5353/3251 3542/5354/3250 3540/5348/3251
f 3536/5355/3281 3569/5356/3283 3568/5350/3281
f 3523/5357/3282 3556/5358/3284 3555/5352/3282
f 3510/5359/3250 3543/5360/3285 3542/5354/3250
f 3537/5361/3283 3570/5302/3253 3569/5356/3283
f 3524/5362/3284 3557/5305/3255 3556/5358/3284
f 3511/5363/3285 3544/5308/3257 3543/5360/3285
f 3476/5364/3286 3540/5365/3286 3477/5366/3286
f 3477/5366/3286 3542/5367/3286 3478/5368/3286
f 3478/5368/3286 3543/5369/3286 3479/5370/3286
f 3479/5370/3286 3544/5371/3286 3480/5372/3286
f 3480/5372/3286 3544/5371/3286 3545/5373/3286
f 3481/5374/3286 3546/5375/3286 3482/5376/3286
f 3482/5376/3286 3546/5375/3286 3547/5377/3286
f 3483/5378/3286 3548/5379/3286 3484/5380/3286
f 3615/5381/3286 3548/5379/3286 3549/5382/3286
f 3486/5383/3286 3549/5382/3286 3550/5384/3286
f 3617/5385/3286 3550/5384/3286 3551/5386/3286
f 3488/5387/3286 3551/5386/3286 3552/5388/3286
f 3489/5389/3286 3552/5388/3286 3553/5390/3286
f 3490/5391/3286 3553/5390/3286 3554/5392/3286
f 3491/5393/3286 3554/5392/3286 3555/5394/3286
f 3492/5395/3286 3555/5394/3286 3556/5396/3286
f 3492/5395/3286 3557/5397/3286 3493/5398/3286
f 3493/5398/3286 3558/5399/3286 3494/5400/3286
f 3494/5400/3286 3559/5401/3286 3495/5402/3286
f 3495/5402/3286 3560/5403/3286 3496/5404/3286
f 3496/5404/3286 3561/5405/3286 3497/5406/3286
f 3619/5407/3286 3561/5405/3286 3562/5408/3286
f 3498/5409/3286 3563/5410/3286 3499/5411/3286
f 3613/5412/3286 3563/5410/3286 3564/5413/3286
f 3501/5414/3286 3564/5413/3286 3565/5415/3286
f 3610/5416/3286 3501/5414/3286 3565/5415/3286
f 3503/5417/3286 3566/5418/3286 3567/5419/3286
f 3605/5420/3286 3503/5417/3286 3567/5419/3286
f 3505/5421/3286 3568/5422/3286 3569/5423/3286
f 3506/5424/3286 3569/5423/3286 3570/5425/3286
f 3507/5426/3286 3570/5425/3286 3571/5427/3286
f 3476/5364/3286 3571/5427/3286 3541/5428/3286
f 3602/5429/3286 3603/5430/3286 3574/5431/3286
f 3505/5432/3283 3600/5433/3281 3504/5434/3281
f 3492/5435/3284 3587/5436/3282 3491/5437/3282
f 3479/5438/3285 3574/5295/3250 3478/5439/3250
f 3506/5440/3297 3601/5441/3283 3505/5432/3283
f 3493/5442/3255 3588/5443/3284 3492/5435/3284
f 3480/5444/3257 3575/5445/3285 3479/5438/3285
f 3506/5440/3297 3603/5446/3254 3602/5447/3253
f 3493/5442/3255 3590/5448/3256 3589/5449/3255
f 3607/5450/3287 3576/5451/3257 3480/5444/3257
f 3476/5452/3259 3603/5446/3254 3507/5453/3254
f 3495/5454/3260 3590/5448/3256 3494/5455/3256
f 3482/5456/3263 3577/5457/3258 3481/5458/3258
f 3496/5459/3262 3591/5460/3260 3495/5454/3260
f 3608/5461/3288 3578/5462/3263 3482/5456/3263
f 3496/5459/3262 3593/5463/3265 3592/5464/3262
f 3484/5465/3266 3579/5466/3264 3483/5467/3264
f 3619/5468/3289 3593/5463/3265 3497/5469/3265
f 3615/5470/3290 3580/5471/3266 3484/5465/3266
f 3499/5472/3270 3594/5473/3267 3498/5474/3267
f 3486/5475/3273 3581/5476/3268 3485/5477/3268
f 3613/5478/3291 3595/5479/3270 3499/5472/3270
f 3617/5480/3292 3582/5481/3271 3486/5475/3273
f 3500/5482/3272 3597/5483/3275 3596/5484/3272
f 3488/5485/3276 3583/5486/3293 3487/5487/3274
f 3610/5488/3294 3597/5483/3275 3501/5489/3275
f 3489/5490/3278 3584/5491/3276 3488/5485/3276
f 3503/5492/3279 3598/5493/3277 3502/5494/3277
f 3490/5495/3280 3585/5496/3278 3489/5490/3278
f 3477/5294/3251 3573/5497/3259 3476/5452/3259
f 3605/5498/3295 3599/5499/3279 3503/5492/3279
f 3491/5437/3282 3586/5500/3280 3490/5495/3280
f 3607/5501/3287 3577/5457/3258 3604/5502/3287
f 3605/5503/3295 3600/5433/3281 3606/5504/3295
f 3578/5505/3286 3598/5506/3286 3606/5507/3286
f 3580/5508/3286 3596/5509/3286 3611/5510/3286
f 3608/5511/3288 3579/5466/3264 3609/5512/3288
f 3610/5513/3294 3598/5493/3277 3611/5514/3294
f 3615/5515/3290 3581/5476/3268 3612/5516/3290
f 3614/5517/3291 3500/5482/3272 3596/5484/3272
f 3594/5518/3286 3595/5519/3286 3582/5520/3286
f 3617/5521/3292 3583/5486/3293 3618/5522/3292
f 3618/5523/3286 3584/5524/3286 3592/5525/3286
f 3619/5526/3289 3594/5473/3267 3616/5527/3289
f 3334/5061/3250 3430/5205/3250 3428/5062/3251
f 3366/5528/3252 3364/5529/3252 3394/5530/3252
f 3364/5529/3252 3365/5531/3252 3395/5532/3252
f 3394/5530/3252 3364/5529/3252 3395/5532/3252
f 3394/5530/3252 3393/5533/3252 3366/5528/3252
f 3393/5533/3252 3392/5066/3252 3367/5065/3252
f 3366/5528/3252 3393/5533/3252 3367/5065/3252
f 3392/5066/3252 3391/5534/3252 3368/5064/3252
f 3391/5534/3252 3390/5535/3252 3369/5536/3252
f 3368/5064/3252 3391/5534/3252 3369/5536/3252
f 3390/5535/3252 3389/5537/3252 3371/5538/3252
f 3389/5537/3252 3388/5539/3252 3372/5540/3252
f 3388/5539/3252 3387/5541/3252 3373/5542/3252
f 3387/5541/3252 3386/5543/3252 3374/5544/3252
f 3386/5543/3252 3385/5545/3252 3374/5544/3252
f 3385/5545/3252 3384/5546/3252 3375/5547/3252
f 3374/5544/3252 3385/5545/3252 3375/5547/3252
f 3384/5546/3252 3383/5548/3252 3376/5549/3252
f 3383/5548/3252 3382/5550/3252 3377/5551/3252
f 3376/5549/3252 3383/5548/3252 3377/5551/3252
f 3382/5550/3252 3381/5552/3252 3379/5553/3252
f 3381/5552/3252 3380/5554/3252 3379/5553/3252
f 3379/5553/3252 3378/5555/3252 3382/5550/3252
f 3378/5555/3252 3377/5551/3252 3382/5550/3252
f 3376/5549/3252 3375/5547/3252 3384/5546/3252
f 3374/5544/3252 3373/5542/3252 3387/5541/3252
f 3373/5542/3252 3372/5540/3252 3388/5539/3252
f 3372/5540/3252 3371/5538/3252 3389/5537/3252
f 3371/5538/3252 3370/5556/3252 3390/5535/3252
f 3370/5556/3252 3369/5536/3252 3390/5535/3252
f 3394/5067/3253 3395/5076/3254 3427/5068/3254
f 3381/5070/3255 3382/5078/3256 3414/5071/3256
f 3368/5073/3257 3369/5080/3258 3401/5074/3258
f 3395/5076/3254 3365/5113/3259 3397/5077/3259
f 3382/5078/3256 3383/5082/3260 3415/5079/3260
f 3369/5080/3258 3370/5084/3263 3402/5081/3261
f 3383/5082/3260 3384/5086/3262 3416/5083/3262
f 3370/5084/3263 3371/5088/3264 3403/5085/3264
f 3384/5086/3262 3385/5090/3265 3417/5087/3265
f 3371/5088/3264 3372/5092/3266 3404/5089/3266
f 3385/5090/3265 3386/5094/3269 3418/5091/3267
f 3372/5092/3266 3373/5096/3268 3405/5093/3268
f 3386/5094/3269 3387/5098/3270 3419/5095/3270
f 3373/5096/3268 3374/5100/3273 3406/5097/3271
f 3387/5098/3270 3388/5102/3272 3420/5099/3272
f 3374/5100/3273 3375/5104/3274 3407/5101/3274
f 3388/5102/3272 3389/5557/3275 3421/5103/3275
f 3375/5104/3274 3376/5108/3276 3408/5105/3276
f 3421/5103/3275 3389/5557/3275 3390/5106/3277
f 3376/5108/3276 3377/5111/3278 3409/5109/3278
f 3390/5106/3277 3391/5115/3279 3423/5110/3279
f 3377/5111/3278 3378/5117/3280 3410/5112/3280
f 3365/5113/3259 3364/5119/3251 3396/5114/3251
f 3391/5115/3279 3392/5121/3281 3424/5116/3281
f 3378/5117/3280 3379/5123/3282 3411/5118/3282
f 3364/5119/3251 3366/5125/3250 3398/5120/3250
f 3392/5121/3281 3393/5127/3283 3425/5122/3283
f 3379/5123/3282 3380/5128/3284 3412/5124/3284
f 3366/5125/3250 3367/5129/3285 3399/5126/3285
f 3393/5127/3283 3394/5067/3253 3426/5069/3253
f 3380/5128/3284 3381/5070/3255 3413/5072/3255
f 3367/5129/3285 3368/5073/3257 3400/5075/3257
f 3332/5130/3286 3397/5194/3286 3396/5131/3286
f 3333/5132/3286 3396/5131/3286 3398/5133/3286
f 3334/5134/3286 3398/5133/3286 3399/5135/3286
f 3335/5136/3286 3399/5135/3286 3400/5137/3286
f 3401/5139/3286 3337/5140/3286 3463/5558/3286
f 3463/5558/3286 3336/5138/3286 3401/5139/3286
f 3337/5140/3286 3401/5139/3286 3402/5141/3286
f 3403/5143/3286 3339/5144/3286 3464/5559/3286
f 3464/5559/3286 3338/5142/3286 3403/5143/3286
f 3339/5144/3286 3403/5143/3286 3404/5145/3286
f 3405/5148/3286 3341/5560/3286 3471/5147/3286
f 3471/5147/3286 3340/5146/3286 3404/5145/3286
f 3342/5149/3286 3341/5560/3286 3405/5148/3286
f 3407/5152/3286 3343/5561/3286 3473/5151/3286
f 3473/5151/3286 3342/5149/3286 3406/5150/3286
f 3344/5153/3286 3343/5561/3286 3407/5152/3286
f 3345/5155/3286 3344/5153/3286 3408/5154/3286
f 3346/5157/3286 3345/5155/3286 3409/5156/3286
f 3347/5159/3286 3346/5157/3286 3410/5158/3286
f 3348/5161/3286 3347/5159/3286 3411/5160/3286
f 3348/5161/3286 3412/5162/3286 3413/5163/3286
f 3349/5164/3286 3413/5163/3286 3414/5165/3286
f 3350/5166/3286 3414/5165/3286 3415/5167/3286
f 3351/5168/3286 3415/5167/3286 3416/5169/3286
f 3352/5170/3286 3416/5169/3286 3417/5171/3286
f 3418/5174/3286 3354/5175/3286 3475/5173/3286
f 3475/5173/3286 3353/5172/3286 3417/5171/3286
f 3354/5175/3286 3418/5174/3286 3419/5176/3286
f 3420/5179/3286 3356/5562/3286 3469/5178/3286
f 3469/5178/3286 3355/5177/3286 3419/5176/3286
f 3357/5180/3286 3356/5562/3286 3420/5179/3286
f 3422/5184/3286 3358/5563/3286 3421/5181/3286
f 3358/5563/3286 3466/5182/3286 3421/5181/3286
f 3359/5183/3286 3358/5563/3286 3422/5184/3286
f 3424/5188/3286 3360/5564/3286 3423/5185/3286
f 3360/5564/3286 3461/5186/3286 3423/5185/3286
f 3361/5187/3286 3360/5564/3286 3424/5188/3286
f 3362/5190/3286 3361/5187/3286 3425/5189/3286
f 3363/5192/3286 3362/5190/3286 3426/5191/3286
f 3332/5130/3286 3363/5192/3286 3427/5193/3286
f 3429/5565/3286 3428/5566/3286 3459/5196/3286
f 3428/5566/3286 3430/5197/3286 3459/5196/3286
f 3430/5197/3286 3431/5567/3286 3457/5568/3286
f 3431/5567/3286 3432/5569/3286 3457/5568/3286
f 3432/5569/3286 3460/5570/3286 3462/5571/3286
f 3462/5571/3286 3456/5572/3286 3432/5569/3286
f 3456/5572/3286 3457/5568/3286 3432/5569/3286
f 3457/5568/3286 3458/5195/3286 3430/5197/3286
f 3361/5198/3283 3457/5207/3283 3456/5199/3281
f 3348/5201/3284 3444/5209/3284 3443/5202/3282
f 3335/5204/3285 3431/5211/3285 3430/5205/3250
f 3362/5206/3253 3458/5213/3253 3457/5207/3283
f 3348/5201/3284 3349/5215/3255 3445/5208/3255
f 3336/5210/3257 3432/5217/3257 3431/5211/3285
f 3363/5212/3254 3459/5219/3254 3458/5213/3253
f 3350/5214/3256 3446/5221/3256 3445/5208/3255
f 3463/5216/3287 3460/5573/3287 3432/5217/3257
f 3332/5218/3259 3429/5263/3259 3459/5219/3254
f 3351/5220/3260 3447/5226/3260 3446/5221/3256
f 3338/5222/3263 3434/5228/3263 3433/5223/3258
f 3351/5220/3260 3352/5230/3262 3448/5225/3262
f 3464/5227/3288 3465/5574/3288 3434/5228/3263
f 3353/5229/3265 3449/5235/3265 3448/5225/3262
f 3340/5231/3266 3436/5237/3266 3435/5232/3264
f 3475/5234/3289 3472/5575/3289 3449/5235/3265
f 3471/5236/3290 3468/5576/3290 3436/5237/3266
f 3355/5238/3270 3451/5245/3270 3450/5239/3269
f 3342/5241/3271 3438/5247/3271 3437/5242/3268
f 3469/5244/3291 3470/5577/3291 3451/5245/3270
f 3473/5246/3292 3474/5578/3292 3438/5247/3271
f 3356/5248/3272 3357/5255/3275 3453/5249/3275
f 3343/5251/3274 3344/5257/3276 3440/5252/3276
f 3466/5254/3294 3467/5579/3294 3453/5249/3275
f 3345/5256/3278 3441/5262/3278 3440/5252/3276
f 3359/5258/3279 3455/5265/3279 3454/5259/3277
f 3346/5261/3280 3442/5266/3280 3441/5262/3278
f 3333/5063/3251 3428/5062/3251 3429/5263/3259
f 3461/5264/3295 3462/5580/3295 3455/5265/3279
f 3347/5203/3282 3443/5202/3282 3442/5266/3280
f 3463/5267/3287 3337/5224/3258 3433/5223/3258
f 3461/5269/3295 3360/5200/3281 3456/5199/3281
f 3455/5581/3286 3462/5273/3286 3454/5272/3286
f 3462/5273/3286 3460/5582/3286 3434/5271/3286
f 3460/5582/3286 3433/5583/3286 3434/5271/3286
f 3434/5271/3286 3465/5584/3286 3467/5585/3286
f 3467/5585/3286 3454/5272/3286 3434/5271/3286
f 3453/5586/3286 3467/5276/3286 3452/5275/3286
f 3467/5276/3286 3465/5587/3286 3436/5274/3286
f 3465/5587/3286 3435/5588/3286 3436/5274/3286
f 3436/5274/3286 3468/5589/3286 3470/5590/3286
f 3470/5590/3286 3452/5275/3286 3436/5274/3286
f 3464/5277/3288 3339/5233/3264 3435/5232/3264
f 3466/5279/3294 3358/5260/3277 3454/5259/3277
f 3471/5281/3290 3341/5243/3268 3437/5242/3268
f 3470/5283/3291 3469/5591/3291 3356/5248/3272
f 3451/5285/3286 3470/5592/3286 3468/5593/3286
f 3468/5593/3286 3437/5594/3286 3451/5285/3286
f 3437/5594/3286 3438/5286/3286 3451/5285/3286
f 3438/5286/3286 3474/5595/3286 3472/5596/3286
f 3472/5596/3286 3450/5284/3286 3438/5286/3286
f 3473/5287/3292 3343/5251/3274 3439/5253/3293
f 3449/5597/3286 3472/5598/3286 3448/5291/3286
f 3472/5598/3286 3474/5289/3286 3448/5291/3286
f 3474/5289/3286 3439/5599/3286 3440/5290/3286
f 3440/5290/3286 3441/5600/3286 3447/5601/3286
f 3441/5600/3286 3442/5602/3286 3446/5603/3286
f 3442/5602/3286 3443/5604/3286 3445/5605/3286
f 3443/5604/3286 3444/5606/3286 3445/5605/3286
f 3445/5605/3286 3446/5603/3286 3442/5602/3286
f 3446/5603/3286 3447/5601/3286 3441/5600/3286
f 3447/5601/3286 3448/5291/3286 3440/5290/3286
f 3475/5292/3289 3354/5240/3267 3450/5239/3269
f 3477/5294/3251 3478/5439/3250 3574/5295/3250
f 3510/5607/3252 3508/5608/3252 3539/5609/3252
f 3508/5608/3252 3509/5610/3252 3539/5609/3252
f 3539/5609/3252 3538/5611/3252 3510/5607/3252
f 3538/5611/3252 3537/5612/3252 3510/5607/3252
f 3537/5612/3252 3536/5299/3252 3511/5298/3252
f 3510/5607/3252 3537/5612/3252 3511/5298/3252
f 3536/5299/3252 3535/5613/3252 3512/5297/3252
f 3535/5613/3252 3534/5614/3252 3513/5615/3252
f 3512/5297/3252 3535/5613/3252 3513/5615/3252
f 3534/5614/3252 3533/5616/3252 3515/5617/3252
f 3533/5616/3252 3532/5618/3252 3516/5619/3252
f 3532/5618/3252 3531/5620/3252 3517/5621/3252
f 3531/5620/3252 3530/5622/3252 3518/5623/3252
f 3530/5622/3252 3529/5624/3252 3518/5623/3252
f 3529/5624/3252 3528/5625/3252 3519/5626/3252
f 3518/5623/3252 3529/5624/3252 3519/5626/3252
f 3528/5625/3252 3527/5627/3252 3520/5628/3252
f 3527/5627/3252 3526/5629/3252 3521/5630/3252
f 3520/5628/3252 3527/5627/3252 3521/5630/3252
f 3526/5629/3252 3525/5631/3252 3522/5632/3252
f 3525/5631/3252 3524/5633/3252 3523/5634/3252
f 3522/5632/3252 3525/5631/3252 3523/5634/3252
f 3522/5632/3252 3521/5630/3252 3526/5629/3252
f 3520/5628/3252 3519/5626/3252 3528/5625/3252
f 3518/5623/3252 3517/5621/3252 3531/5620/3252
f 3517/5621/3252 3516/5619/3252 3532/5618/3252
f 3516/5619/3252 3515/5617/3252 3533/5616/3252
f 3515/5617/3252 3514/5635/3252 3534/5614/3252
f 3514/5635/3252 3513/5615/3252 3534/5614/3252
f 3538/5300/3253 3539/5309/3254 3571/5301/3254
f 3525/5303/3255 3526/5311/3256 3558/5304/3256
f 3512/5306/3257 3513/5313/3258 3545/5307/3258
f 3539/5309/3254 3509/5347/3259 3541/5310/3259
f 3526/5311/3256 3527/5315/3260 3559/5312/3260
f 3513/5313/3258 3514/5317/3263 3546/5314/3263
f 3527/5315/3260 3528/5319/3262 3560/5316/3262
f 3514/5317/3263 3515/5321/3264 3547/5318/3264
f 3528/5319/3262 3529/5323/3265 3561/5320/3265
f 3515/5321/3264 3516/5325/3266 3548/5322/3266
f 3529/5323/3265 3530/5327/3269 3562/5324/3269
f 3516/5325/3266 3517/5329/3268 3549/5326/3268
f 3530/5327/3269 3531/5331/3270 3563/5328/3270
f 3517/5329/3268 3518/5333/3271 3550/5330/3271
f 3531/5331/3270 3532/5335/3272 3564/5332/3272
f 3518/5333/3271 3519/5337/3274 3551/5334/3274
f 3532/5335/3272 3533/5339/3275 3565/5336/3275
f 3519/5337/3274 3520/5341/3276 3552/5338/3276
f 3533/5339/3275 3534/5343/3296 3566/5340/3277
f 3520/5341/3276 3521/5345/3278 3553/5342/3278
f 3534/5343/3296 3535/5349/3279 3567/5344/3279
f 3521/5345/3278 3522/5351/3280 3554/5346/3280
f 3509/5347/3259 3508/5353/3251 3540/5348/3251
f 3535/5349/3279 3536/5355/3281 3568/5350/3281
f 3522/5351/3280 3523/5357/3282 3555/5352/3282
f 3508/5353/3251 3510/5359/3250 3542/5354/3250
f 3536/5355/3281 3537/5361/3283 3569/5356/3283
f 3523/5357/3282 3524/5362/3284 3556/5358/3284
f 3510/5359/3250 3511/5363/3285 3543/5360/3285
f 3537/5361/3283 3538/5300/3253 3570/5302/3253
f 3524/5362/3284 3525/5303/3255 3557/5305/3255
f 3511/5363/3285 3512/5306/3257 3544/5308/3257
f 3476/5364/3286 3541/5428/3286 3540/5365/3286
f 3477/5366/3286 3540/5365/3286 3542/5367/3286
f 3478/5368/3286 3542/5367/3286 3543/5369/3286
f 3479/5370/3286 3543/5369/3286 3544/5371/3286
f 3545/5373/3286 3481/5374/3286 3607/5636/3286
f 3607/5636/3286 3480/5372/3286 3545/5373/3286
f 3481/5374/3286 3545/5373/3286 3546/5375/3286
f 3547/5377/3286 3483/5378/3286 3608/5637/3286
f 3608/5637/3286 3482/5376/3286 3547/5377/3286
f 3483/5378/3286 3547/5377/3286 3548/5379/3286
f 3549/5382/3286 3485/5638/3286 3615/5381/3286
f 3615/5381/3286 3484/5380/3286 3548/5379/3286
f 3486/5383/3286 3485/5638/3286 3549/5382/3286
f 3551/5386/3286 3487/5639/3286 3617/5385/3286
f 3617/5385/3286 3486/5383/3286 3550/5384/3286
f 3488/5387/3286 3487/5639/3286 3551/5386/3286
f 3489/5389/3286 3488/5387/3286 3552/5388/3286
f 3490/5391/3286 3489/5389/3286 3553/5390/3286
f 3491/5393/3286 3490/5391/3286 3554/5392/3286
f 3492/5395/3286 3491/5393/3286 3555/5394/3286
f 3492/5395/3286 3556/5396/3286 3557/5397/3286
f 3493/5398/3286 3557/5397/3286 3558/5399/3286
f 3494/5400/3286 3558/5399/3286 3559/5401/3286
f 3495/5402/3286 3559/5401/3286 3560/5403/3286
f 3496/5404/3286 3560/5403/3286 3561/5405/3286
f 3562/5408/3286 3498/5409/3286 3619/5407/3286
f 3619/5407/3286 3497/5406/3286 3561/5405/3286
f 3498/5409/3286 3562/5408/3286 3563/5410/3286
f 3564/5413/3286 3500/5640/3286 3613/5412/3286
f 3613/5412/3286 3499/5411/3286 3563/5410/3286
f 3501/5414/3286 3500/5640/3286 3564/5413/3286
f 3566/5418/3286 3502/5641/3286 3565/5415/3286
f 3502/5641/3286 3610/5416/3286 3565/5415/3286
f 3503/5417/3286 3502/5641/3286 3566/5418/3286
f 3568/5422/3286 3504/5642/3286 3567/5419/3286
f 3504/5642/3286 3605/5420/3286 3567/5419/3286
f 3505/5421/3286 3504/5642/3286 3568/5422/3286
f 3506/5424/3286 3505/5421/3286 3569/5423/3286
f 3507/5426/3286 3506/5424/3286 3570/5425/3286
f 3476/5364/3286 3507/5426/3286 3571/5427/3286
f 3573/5643/3286 3572/5644/3286 3603/5430/3286
f 3572/5644/3286 3574/5431/3286 3603/5430/3286
f 3574/5431/3286 3575/5645/3286 3601/5646/3286
f 3575/5645/3286 3576/5647/3286 3601/5646/3286
f 3576/5647/3286 3604/5648/3286 3606/5649/3286
f 3606/5649/3286 3600/5650/3286 3576/5647/3286
f 3600/5650/3286 3601/5646/3286 3576/5647/3286
f 3601/5646/3286 3602/5429/3286 3574/5431/3286
f 3505/5432/3283 3601/5441/3283 3600/5433/3281
f 3492/5435/3284 3588/5443/3284 3587/5436/3282
f 3479/5438/3285 3575/5445/3285 3574/5295/3250
f 3506/5440/3297 3602/5447/3253 3601/5441/3283
f 3493/5442/3255 3589/5449/3255 3588/5443/3284
f 3480/5444/3257 3576/5451/3257 3575/5445/3285
f 3506/5440/3297 3507/5453/3254 3603/5446/3254
f 3493/5442/3255 3494/5455/3256 3590/5448/3256
f 3607/5450/3287 3604/5651/3287 3576/5451/3257
f 3476/5452/3259 3573/5497/3259 3603/5446/3254
f 3495/5454/3260 3591/5460/3260 3590/5448/3256
f 3482/5456/3263 3578/5462/3263 3577/5457/3258
f 3496/5459/3262 3592/5464/3262 3591/5460/3260
f 3608/5461/3288 3609/5652/3288 3578/5462/3263
f 3496/5459/3262 3497/5469/3265 3593/5463/3265
f 3484/5465/3266 3580/5471/3266 3579/5466/3264
f 3619/5468/3289 3616/5653/3289 3593/5463/3265
f 3615/5470/3290 3612/5654/3290 3580/5471/3266
f 3499/5472/3270 3595/5479/3270 3594/5473/3267
f 3486/5475/3273 3582/5481/3271 3581/5476/3268
f 3613/5478/3291 3614/5655/3291 3595/5479/3270
f 3617/5480/3292 3618/5656/3292 3582/5481/3271
f 3500/5482/3272 3501/5489/3275 3597/5483/3275
f 3488/5485/3276 3584/5491/3276 3583/5486/3293
f 3610/5488/3294 3611/5657/3294 3597/5483/3275
f 3489/5490/3278 3585/5496/3278 3584/5491/3276
f 3503/5492/3279 3599/5499/3279 3598/5493/3277
f 3490/5495/3280 3586/5500/3280 3585/5496/3278
f 3477/5294/3251 3572/5296/3251 3573/5497/3259
f 3605/5498/3295 3606/5658/3295 3599/5499/3279
f 3491/5437/3282 3587/5436/3282 3586/5500/3280
f 3607/5501/3287 3481/5458/3258 3577/5457/3258
f 3605/5503/3295 3504/5434/3281 3600/5433/3281
f 3599/5659/3286 3606/5507/3286 3598/5506/3286
f 3606/5507/3286 3604/5660/3286 3578/5505/3286
f 3604/5660/3286 3577/5661/3286 3578/5505/3286
f 3578/5505/3286 3609/5662/3286 3611/5663/3286
f 3611/5663/3286 3598/5506/3286 3578/5505/3286
f 3597/5664/3286 3611/5510/3286 3596/5509/3286
f 3611/5510/3286 3609/5665/3286 3580/5508/3286
f 3609/5665/3286 3579/5666/3286 3580/5508/3286
f 3580/5508/3286 3612/5667/3286 3614/5668/3286
f 3614/5668/3286 3596/5509/3286 3580/5508/3286
f 3608/5511/3288 3483/5467/3264 3579/5466/3264
f 3610/5513/3294 3502/5494/3277 3598/5493/3277
f 3615/5515/3290 3485/5477/3268 3581/5476/3268
f 3614/5517/3291 3613/5669/3291 3500/5482/3272
f 3595/5519/3286 3614/5670/3286 3612/5671/3286
f 3612/5671/3286 3581/5672/3286 3595/5519/3286
f 3581/5672/3286 3582/5520/3286 3595/5519/3286
f 3582/5520/3286 3618/5673/3286 3616/5674/3286
f 3616/5674/3286 3594/5518/3286 3582/5520/3286
f 3617/5521/3292 3487/5487/3274 3583/5486/3293
f 3593/5675/3286 3616/5676/3286 3592/5525/3286
f 3616/5676/3286 3618/5523/3286 3592/5525/3286
f 3618/5523/3286 3583/5677/3286 3584/5524/3286
f 3584/5524/3286 3585/5678/3286 3591/5679/3286
f 3585/5678/3286 3586/5680/3286 3590/5681/3286
f 3586/5680/3286 3587/5682/3286 3589/5683/3286
f 3587/5682/3286 3588/5684/3286 3589/5683/3286
f 3589/5683/3286 3590/5681/3286 3586/5680/3286
f 3590/5681/3286 3591/5679/3286 3585/5678/3286
f 3591/5679/3286 3592/5525/3286 3584/5524/3286
f 3619/5526/3289 3498/5474/3267 3594/5473/3267
o Sphere.005
v 0.000000 0.301703 0.327929
v 0.000000 0.329842 0.319393
v 0.000000 0.355775 0.305532
v 0.000000 0.378505 0.286877
v 0.000000 0.397160 0.264147
v 0.000000 0.411021 0.200623
v 0.000000 0.419557 0.061280
v 0.000000 0.422439 0.010111
v 0.005709 0.301141 0.327929
v 0.011199 0.328739 0.319393
v 0.016258 0.354174 0.305532
v 0.020692 0.376467 0.286877
v 0.024332 0.394763 0.264147
v 0.027036 0.408358 0.200623
v 0.028701 0.416730 0.061280
v 0.029264 0.419557 0.010111
v 0.011199 0.299475 0.327929
v 0.021967 0.325472 0.319393
v 0.031891 0.349431 0.305532
v 0.040590 0.370431 0.286877
v 0.047728 0.387666 0.264147
v 0.053033 0.400472 0.200623
v 0.056300 0.408358 0.061280
v 0.057403 0.411021 0.010111
v 0.016258 0.296771 0.327929
v 0.031891 0.320168 0.319393
v 0.046299 0.341730 0.305532
v 0.058927 0.360630 0.286877
v 0.069291 0.376141 0.264147
v 0.076992 0.387666 0.200623
v 0.081734 0.394763 0.061280
v 0.083336 0.397160 0.010111
v 0.020692 0.293132 0.327929
v 0.040590 0.313029 0.319393
v 0.058927 0.331366 0.305532
v 0.075000 0.347439 0.286877
v 0.088191 0.360630 0.264147
v 0.097992 0.370431 0.200623
v 0.104028 0.376467 0.061280
v 0.106066 0.378505 0.010111
v 0.024332 0.288697 0.327929
v 0.047728 0.304330 0.319393
v 0.069291 0.318738 0.305532
v 0.088191 0.331366 0.286877
v 0.103701 0.341730 0.264147
v 0.115227 0.349431 0.200623
v 0.122324 0.354174 0.061280
v 0.124720 0.355775 0.010111
v 0.027036 0.283638 0.327929
v 0.053033 0.294406 0.319393
v 0.076992 0.304330 0.305532
v 0.097992 0.313029 0.286877
v 0.115227 0.320168 0.264147
v 0.128033 0.325472 0.200623
v 0.135919 0.328739 0.061280
v 0.138582 0.329842 0.010111
v 0.028701 0.278148 0.327929
v 0.056300 0.283638 0.319393
v 0.081734 0.288697 0.305532
v 0.104028 0.293132 0.286877
v 0.122324 0.296771 0.264147
v 0.135919 0.299475 0.200623
v 0.144291 0.301141 0.061280
v 0.147118 0.301703 0.010111
v 0.029264 0.272439 0.327929
v 0.057403 0.272439 0.319393
v 0.083336 0.272439 0.305532
v 0.106066 0.272439 0.286877
v 0.124720 0.272439 0.264147
v 0.138582 0.272439 0.200623
v 0.147118 0.272439 0.061280
v 0.150000 0.272439 0.010111
v 0.028701 0.266730 0.327929
v 0.056300 0.261241 0.319393
v 0.081734 0.256181 0.305532
v 0.104028 0.251747 0.286877
v 0.122324 0.248107 0.264147
v 0.135919 0.245403 0.200623
v 0.144291 0.243738 0.061280
v 0.147118 0.243176 0.010111
v 0.027036 0.261241 0.327929
v 0.053033 0.250472 0.319393
v 0.076992 0.240548 0.305532
v 0.097992 0.231850 0.286877
v 0.115227 0.224711 0.264147
v 0.128033 0.219406 0.200623
v 0.135919 0.216140 0.061280
v 0.138582 0.215037 0.010111
v 0.024332 0.256181 0.327929
v 0.047728 0.240548 0.319393
v 0.069291 0.226140 0.305532
v 0.088191 0.213512 0.286877
v 0.103701 0.203148 0.264147
v 0.115227 0.195447 0.200623
v 0.122324 0.190705 0.061280
v 0.124720 0.189104 0.010111
v 0.020692 0.251747 0.327929
v 0.040590 0.231850 0.319393
v 0.058927 0.213512 0.305532
v 0.075000 0.197439 0.286877
v 0.088191 0.184249 0.264147
v 0.097992 0.174447 0.200623
v 0.104028 0.168411 0.061280
v 0.106066 0.166373 0.010111
v 0.016258 0.248107 0.327929
v 0.031891 0.224711 0.319393
v 0.046299 0.203148 0.305531
v 0.058927 0.184249 0.286877
v 0.069291 0.168738 0.264147
v 0.076992 0.157213 0.200623
v 0.081734 0.150115 0.061279
v 0.000000 0.243176 0.327929
v 0.000000 0.215037 0.319393
v 0.000000 0.189104 0.305531
v 0.000000 0.166373 0.286877
v 0.000000 0.147719 0.264147
v 0.000000 0.133857 0.200623
v 0.000000 0.125322 0.061279
v 0.000000 0.122439 0.010111
v -0.005709 0.301141 0.327929
v -0.011199 0.328739 0.319393
v -0.016258 0.354174 0.305532
v -0.020692 0.376467 0.286877
v -0.024332 0.394763 0.264147
v -0.027036 0.408358 0.200623
v -0.028701 0.416730 0.061280
v -0.029264 0.419557 0.010111
v -0.011199 0.299475 0.327929
v -0.021967 0.325472 0.319393
v -0.031891 0.349431 0.305532
v -0.040590 0.370431 0.286877
v -0.047728 0.387666 0.264147
v -0.053033 0.400472 0.200623
v -0.056300 0.408358 0.061280
v -0.057403 0.411021 0.010111
v -0.016258 0.296771 0.327929
v -0.031891 0.320168 0.319393
v -0.046299 0.341730 0.305532
v -0.058927 0.360630 0.286877
v -0.069291 0.376141 0.264147
v -0.076992 0.387666 0.200623
v -0.081734 0.394763 0.061280
v -0.083336 0.397160 0.010111
v 0.000000 0.272439 0.330811
v -0.020692 0.293132 0.327929
v -0.040590 0.313029 0.319393
v -0.058927 0.331366 0.305532
v -0.075000 0.347439 0.286877
v -0.088191 0.360630 0.264147
v -0.097992 0.370431 0.200623
v -0.104028 0.376467 0.061280
v -0.106066 0.378505 0.010111
v -0.024332 0.288697 0.327929
v -0.047728 0.304330 0.319393
v -0.069291 0.318738 0.305532
v -0.088191 0.331366 0.286877
v -0.103701 0.341730 0.264147
v -0.115227 0.349431 0.200623
v -0.122324 0.354174 0.061280
v -0.124720 0.355775 0.010111
v -0.027036 0.283638 0.327929
v -0.053033 0.294406 0.319393
v -0.076992 0.304330 0.305532
v -0.097992 0.313029 0.286877
v -0.115227 0.320168 0.264147
v -0.128033 0.325472 0.200623
v -0.135919 0.328739 0.061280
v -0.138582 0.329842 0.010111
v -0.028701 0.278148 0.327929
v -0.056300 0.283638 0.319393
v -0.081734 0.288697 0.305532
v -0.104028 0.293132 0.286877
v -0.122324 0.296771 0.264147
v -0.135919 0.299475 0.200623
v -0.144291 0.301141 0.061280
v -0.147118 0.301703 0.010111
v -0.029264 0.272439 0.327929
v -0.057403 0.272439 0.319393
v -0.083336 0.272439 0.305532
v -0.106066 0.272439 0.286877
v -0.124720 0.272439 0.264147
v -0.138582 0.272439 0.200623
v -0.147118 0.272439 0.061280
v -0.150000 0.272439 0.010111
v -0.028701 0.266730 0.327929
v -0.056300 0.261241 0.319393
v -0.081734 0.256181 0.305532
v -0.104028 0.251747 0.286877
v -0.122324 0.248107 0.264147
v -0.135919 0.245403 0.200623
v -0.144291 0.243738 0.061280
v -0.147118 0.243176 0.010111
v -0.027036 0.261241 0.327929
v -0.053033 0.250472 0.319393
v -0.076992 0.240548 0.305532
v -0.097992 0.231850 0.286877
v -0.115227 0.224711 0.264147
v -0.128033 0.219406 0.200623
v -0.135919 0.216140 0.061280
v -0.138582 0.215037 0.010111
v -0.024332 0.256181 0.327929
v -0.047728 0.240548 0.319393
v -0.069291 0.226140 0.305532
v -0.088191 0.213512 0.286877
v -0.103701 0.203148 0.264147
v -0.115227 0.195447 0.200623
v -0.122324 0.190705 0.061280
v -0.124720 0.189104 0.010111
v -0.020692 0.251747 0.327929
v -0.040590 0.231850 0.319393
v -0.058927 0.213512 0.305532
v -0.075000 0.197439 0.286877
v -0.088191 0.184249 0.264147
v -0.097992 0.174447 0.200623
v -0.104028 0.168411 0.061280
v -0.106066 0.166373 0.010111
v -0.016258 0.248107 0.327929
v -0.031891 0.224711 0.319393
v -0.046299 0.203148 0.305531
v -0.058927 0.184249 0.286877
v -0.069291 0.168738 0.264147
v -0.076992 0.157213 0.200623
v -0.081734 0.150115 0.061279
v -0.083335 0.147719 0.010111
v -0.011199 0.245403 0.327929
v -0.021967 0.219406 0.319393
v -0.031891 0.195447 0.305531
v -0.040590 0.174447 0.286877
v -0.047728 0.157213 0.264147
v -0.053033 0.144406 0.200623
v -0.056300 0.136520 0.061279
v -0.057402 0.133857 0.010111
v -0.005709 0.243738 0.327929
v 0.083335 0.147719 0.010111
v -0.011199 0.216140 0.319393
v 0.011199 0.245403 0.327929
v -0.016258 0.190705 0.305531
v 0.021967 0.219406 0.319393
v 0.031891 0.195447 0.305531
v 0.040590 0.174447 0.286877
v 0.047728 0.157213 0.264147
v 0.053033 0.144406 0.200623
v -0.020692 0.168411 0.286877
v -0.024332 0.150115 0.264147
v -0.027036 0.136520 0.200623
v 0.056300 0.136520 0.061279
v -0.028701 0.128148 0.061279
v -0.029264 0.125322 0.010111
v 0.057402 0.133857 0.010111
v 0.005709 0.243738 0.327929
v 0.011199 0.216140 0.319393
v 0.000000 0.237938 0.326340
v 0.016258 0.190705 0.305531
v 0.020692 0.168411 0.286877
v 0.024332 0.150115 0.264147
v 0.027036 0.136520 0.200623
v 0.028701 0.128148 0.061279
v -0.032705 0.250587 0.324874
v 0.029264 0.125322 0.010111
v -0.032705 0.258892 0.326068
v -0.032705 0.418513 0.010111
v 0.032705 0.250587 0.324874
v -0.032705 0.319500 0.319393
v 0.032705 0.258892 0.326068
v 0.032705 0.418513 0.010111
v 0.032705 0.319500 0.319393
v -0.032705 0.372823 0.286877
v -0.032705 0.265934 0.326691
v -0.032705 0.351395 0.303787
v -0.032705 0.272439 0.326885
v -0.032705 0.278945 0.326691
v -0.032705 0.285986 0.326068
v -0.032705 0.294292 0.324874
v -0.032705 0.392223 0.264147
v -0.032705 0.305144 0.322776
v -0.006863 0.237938 0.326135
v -0.014291 0.237938 0.325478
v -0.032705 0.406639 0.200623
v -0.023053 0.237938 0.324219
v -0.032705 0.348996 0.305532
v -0.032705 0.321385 0.318610
v -0.032705 0.415516 0.061280
v -0.032705 0.239735 0.322776
v -0.032705 0.237938 0.322352
v 0.000000 0.453103 0.290747
v 0.032705 0.372823 0.286877
v 0.032705 0.265934 0.326691
v 0.000000 0.421410 0.329443
v 0.000000 0.470912 0.208913
v 0.032705 0.351395 0.303787
v 0.000000 0.479743 0.064818
v 0.032705 0.272439 0.326885
v 0.000000 0.482633 0.013501
v 0.032705 0.278945 0.326691
v 0.000000 0.313933 0.386979
v 0.032705 0.285986 0.326068
v 0.000000 0.272439 0.391104
v 0.000000 0.353288 0.374986
v 0.032705 0.294292 0.324874
v 0.000000 0.389578 0.355565
v 0.032705 0.392223 0.264147
v 0.032705 0.305144 0.322776
v 0.006863 0.237938 0.326135
v 0.014291 0.237938 0.325478
v 0.032705 0.406639 0.200623
v 0.023053 0.237938 0.324219
v 0.032705 0.348996 0.305532
v 0.032705 0.321385 0.318610
v 0.032705 0.415516 0.061280
v 0.032705 0.239735 0.322776
v 0.032705 0.237938 0.322352
v 0.040443 0.475759 0.064818
v 0.041007 0.478594 0.013501
v 0.008095 0.313135 0.386979
v 0.015773 0.351734 0.374986
v 0.022853 0.387327 0.355565
v 0.029063 0.418547 0.329443
v 0.035246 0.449632 0.290747
v 0.000000 0.230946 0.386979
v -0.040443 0.475759 0.064818
v -0.041007 0.478594 0.013501
v -0.008095 0.313135 0.386979
v -0.015773 0.351734 0.374986
v -0.022853 0.387327 0.355565
v -0.029063 0.418547 0.329443
v -0.035246 0.449632 0.290747
v -0.015879 0.234104 0.386979
v -0.008095 0.231743 0.386979
v -0.038720 0.467098 0.208913
v -0.044827 0.380661 0.355565
v -0.047299 0.386630 0.350258
v -0.045109 0.413716 0.329408
v -0.048838 0.445408 0.290949
v -0.050008 0.463681 0.208863
v -0.050092 0.472834 0.064784
v -0.050095 0.475840 0.013469
v -0.015879 0.310774 0.386979
v -0.030939 0.347134 0.374986
v -0.023053 0.306940 0.386979
v -0.044917 0.339662 0.374986
v -0.048435 0.344928 0.371582
v -0.048546 0.378634 0.355588
v -0.049794 0.282344 0.384130
v -0.048803 0.292654 0.383507
v -0.038335 0.288318 0.386979
v -0.040696 0.280534 0.386979
v -0.029340 0.301780 0.386979
v -0.034501 0.295492 0.386979
v -0.045026 0.317465 0.380215
v -0.047401 0.337408 0.375057
v -0.041493 0.272439 0.386979
v -0.047192 0.240906 0.382314
v -0.048803 0.252225 0.383507
v -0.038335 0.256560 0.386979
v -0.034501 0.249387 0.386979
v -0.040696 0.264344 0.386979
v -0.047192 0.303972 0.382314
v -0.029340 0.243099 0.386979
v -0.010262 0.220849 0.383575
v -0.020959 0.221840 0.382918
v -0.045026 0.227414 0.380215
v -0.023053 0.237939 0.386979
v 0.015879 0.234104 0.386979
v 0.008095 0.231743 0.386979
v 0.038720 0.467098 0.208913
v -0.032733 0.223450 0.381659
v 0.044827 0.380661 0.355565
v 0.047299 0.386630 0.350258
v -0.049794 0.262535 0.384131
v 0.045109 0.413716 0.329408
v 0.048838 0.445408 0.290949
v 0.050008 0.463681 0.208863
v 0.050092 0.472834 0.064784
v -0.043803 0.224415 0.379745
v 0.050095 0.475840 0.013469
v 0.015879 0.310774 0.386979
v 0.000000 0.220514 0.383780
v -0.050129 0.272439 0.384325
v 0.030939 0.347134 0.374986
v -0.031629 0.137913 0.200623
v 0.000000 0.130609 0.147602
v 0.023053 0.306940 0.386979
v 0.044917 0.339662 0.374986
v -0.020619 0.124470 0.010111
v -0.051998 0.146904 0.213012
v -0.052600 0.145452 0.205810
v -0.027824 0.132559 0.134686
v -0.020619 0.127352 0.061279
v 0.048435 0.344928 0.371582
v 0.048546 0.378634 0.355588
v -0.083166 0.162280 0.200623
v -0.094176 0.171315 0.200623
v -0.077439 0.156544 0.187489
v -0.078898 0.154361 0.144628
v -0.053450 0.143399 0.182819
v -0.054457 0.140968 0.139870
v -0.026509 0.139172 0.213012
v 0.049794 0.282344 0.384130
v 0.048803 0.292654 0.383507
v -0.020619 0.135888 0.200623
v 0.038335 0.288318 0.386979
v 0.040696 0.280534 0.386979
v 0.029340 0.301780 0.386979
v 0.034501 0.295492 0.386979
v 0.045026 0.317465 0.380215
v 0.047401 0.337408 0.375057
v 0.041493 0.272439 0.386979
v 0.047192 0.240906 0.382314
v 0.048803 0.252225 0.383507
v 0.038335 0.256560 0.386979
v -0.075490 0.159460 0.213012
v -0.076363 0.158154 0.205810
v 0.034501 0.249387 0.386979
v 0.040696 0.264344 0.386979
v -0.094176 0.174796 0.213012
v -0.083166 0.163737 0.205810
v -0.020619 0.138592 0.213012
v 0.047192 0.303972 0.382314
v 0.029340 0.243099 0.386979
v -0.094176 0.167134 0.147602
v -0.083166 0.161332 0.188604
v -0.020619 0.131763 0.133284
v -0.020619 0.133207 0.156850
v 0.010262 0.220849 0.383575
v -0.031629 0.139091 0.205810
v -0.031629 0.136509 0.178571
v 0.020959 0.221840 0.382918
v 0.045026 0.227414 0.380215
v 0.023053 0.237939 0.386979
v 0.032733 0.223450 0.381659
v 0.049794 0.262535 0.384131
v 0.043803 0.224415 0.379745
v 0.050129 0.272439 0.384325
v 0.031629 0.137913 0.200623
v 0.020619 0.124470 0.010111
v 0.051998 0.146904 0.213012
v 0.052600 0.145452 0.205810
v 0.027824 0.132559 0.134686
v 0.020619 0.127352 0.061279
v 0.083166 0.162280 0.200623
v 0.094176 0.171315 0.200623
v 0.077439 0.156544 0.187489
v 0.078898 0.154361 0.144628
v 0.053450 0.143399 0.182819
v 0.054457 0.140968 0.139870
v 0.026509 0.139172 0.213012
v 0.020619 0.135888 0.200623
v 0.075490 0.159460 0.213012
v 0.076363 0.158154 0.205810
v 0.094176 0.174796 0.213012
v 0.083166 0.163737 0.205810
v 0.020619 0.138592 0.213012
v 0.094176 0.167134 0.147602
v 0.083166 0.161332 0.188604
v 0.020619 0.131763 0.133284
v 0.020619 0.133207 0.156850
v 0.031629 0.139091 0.205810
v 0.031629 0.136509 0.178571
vt 0.789521 0.923174
vt 0.786704 0.919925
vt 0.789521 0.919780
vt 0.788198 0.940061
vt 0.789521 0.936873
vt 0.788846 0.940259
vt 0.786290 0.912296
vt 0.789521 0.912236
vt 0.786046 0.895590
vt 0.789522 0.895568
vt 0.785974 0.889413
vt 0.789522 0.889392
vt 0.789521 0.933443
vt 0.788855 0.933507
vt 0.789521 0.930018
vt 0.788212 0.930138
vt 0.787612 0.926750
vt 0.789521 0.926593
vt 0.643534 0.676083
vt 0.636572 0.673597
vt 0.639398 0.671158
vt 0.681580 0.685842
vt 0.680455 0.689643
vt 0.680415 0.685846
vt 0.645283 0.688467
vt 0.638157 0.680847
vt 0.640818 0.678441
vt 0.787078 0.939311
vt 0.786755 0.940999
vt 0.785589 0.940801
vt 0.635520 0.683308
vt 0.639365 0.692413
vt 0.632910 0.685813
vt 0.668811 0.703376
vt 0.665874 0.703940
vt 0.666159 0.702582
vt 0.785634 0.926922
vt 0.785629 0.923639
vt 0.787090 0.923338
vt 0.785676 0.920058
vt 0.788212 0.933698
vt 0.785747 0.931088
vt 0.786939 0.930496
vt 0.785582 0.912331
vt 0.785542 0.895600
vt 0.638594 0.692928
vt 0.632182 0.686529
vt 0.664131 0.698336
vt 0.666620 0.701260
vt 0.663358 0.699981
vt 0.785540 0.889421
vt 0.395901 0.735886
vt 0.396585 0.738479
vt 0.395954 0.738532
vt 0.785742 0.927231
vt 0.670239 0.658834
vt 0.664107 0.654814
vt 0.667378 0.653144
vt 0.785643 0.930921
vt 0.785643 0.927276
vt 0.681979 0.681623
vt 0.677623 0.674197
vt 0.680130 0.673272
vt 0.396549 0.732690
vt 0.395918 0.732678
vt 0.678089 0.689967
vt 0.677714 0.686146
vt 0.787617 0.934011
vt 0.785648 0.931164
vt 0.785640 0.936088
vt 0.786337 0.935542
vt 0.786136 0.936190
vt 0.679924 0.681969
vt 0.674557 0.675406
vt 0.667055 0.660446
vt 0.674310 0.683424
vt 0.676995 0.682634
vt 0.671649 0.676662
vt 0.663921 0.662110
vt 0.676387 0.695734
vt 0.674848 0.694248
vt 0.676355 0.694074
vt 0.673998 0.690596
vt 0.675967 0.690171
vt 0.787093 0.934432
vt 0.642337 0.690441
vt 0.660861 0.656547
vt 0.652366 0.691075
vt 0.658662 0.695289
vt 0.653439 0.692149
vt 0.786660 0.934949
vt 0.917052 0.249434
vt 0.915558 0.250189
vt 0.915553 0.249426
vt 0.677987 0.693883
vt 0.675243 0.686648
vt 0.671822 0.684350
vt 0.668887 0.677993
vt 0.660840 0.663841
vt 0.657648 0.658355
vt 0.785636 0.932918
vt 0.672963 0.687336
vt 0.672170 0.691217
vt 0.670850 0.688197
vt 0.674312 0.697619
vt 0.672111 0.695152
vt 0.673431 0.694612
vt 0.657816 0.665649
vt 0.669505 0.685420
vt 0.786649 0.938787
vt 0.666255 0.679422
vt 0.659672 0.700895
vt 0.662440 0.703500
vt 0.659245 0.703088
vt 0.654474 0.660249
vt 0.675225 0.696848
vt 0.668889 0.689224
vt 0.667338 0.686637
vt 0.789521 0.940325
vt 0.662509 0.694965
vt 0.660071 0.693167
vt 0.668881 0.704390
vt 0.665774 0.705318
vt 0.668919 0.692984
vt 0.670477 0.692017
vt 0.663742 0.680965
vt 0.654564 0.688641
vt 0.654849 0.667545
vt 0.651346 0.662237
vt 0.661333 0.682639
vt 0.660376 0.698789
vt 0.662789 0.701710
vt 0.651940 0.669536
vt 0.648269 0.664323
vt 0.786067 0.936865
vt 0.673522 0.698214
vt 0.670898 0.695853
vt 0.667072 0.690414
vt 0.786329 0.938190
vt 0.665312 0.688010
vt 0.785627 0.938483
vt 0.785613 0.939484
vt 0.665397 0.691767
vt 0.789521 0.940976
vt 0.663421 0.689547
vt 0.659014 0.684461
vt 0.649087 0.671623
vt 0.645249 0.666509
vt 0.786133 0.937541
vt 0.680280 0.690034
vt 0.909109 0.242723
vt 0.913516 0.246169
vt 0.908418 0.246021
vt 0.910366 0.250194
vt 0.672014 0.699193
vt 0.669795 0.696701
vt 0.667496 0.694109
vt 0.666215 0.695384
vt 0.668813 0.697686
vt 0.665089 0.696798
vt 0.646287 0.673807
vt 0.667227 0.699992
vt 0.668371 0.700803
vt 0.642291 0.668790
vt 0.671155 0.699668
vt 0.908201 0.709858
vt 0.900765 0.707063
vt 0.900427 0.708282
vt 0.910759 0.723394
vt 0.904740 0.727076
vt 0.905690 0.728140
vt 0.785635 0.934240
vt 0.656766 0.686451
vt 0.916442 0.242034
vt 0.915912 0.240413
vt 0.917439 0.240249
vt 0.898979 0.252655
vt 0.892906 0.250194
vt 0.898993 0.250194
vt 0.655920 0.705318
vt 0.656110 0.702663
vt 0.663871 0.693284
vt 0.661669 0.691260
vt 0.668653 0.702160
vt 0.934398 0.685515
vt 0.934415 0.680724
vt 0.934182 0.685440
vt 0.631095 0.678613
vt 0.633810 0.676084
vt 0.647899 0.705317
vt 0.647950 0.702530
vt 0.649669 0.702530
vt 0.916192 0.248835
vt 0.917111 0.246277
vt 0.793069 0.889413
vt 0.790188 0.933507
vt 0.791430 0.926750
vt 0.792339 0.919925
vt 0.790844 0.940061
vt 0.790196 0.940259
vt 0.792753 0.912296
vt 0.665874 0.706697
vt 0.668811 0.707261
vt 0.666159 0.708055
vt 0.793409 0.926922
vt 0.793300 0.927231
vt 0.793366 0.920058
vt 0.791952 0.923338
vt 0.793461 0.912331
vt 0.793501 0.895600
vt 0.792998 0.895590
vt 0.793503 0.889421
vt 0.790830 0.933698
vt 0.793295 0.931088
vt 0.792103 0.930496
vt 0.793400 0.930921
vt 0.678090 0.720673
vt 0.680281 0.720606
vt 0.680456 0.720998
vt 0.790831 0.930138
vt 0.954373 0.455792
vt 0.955057 0.453200
vt 0.955001 0.455797
vt 0.667370 0.757501
vt 0.667049 0.750198
vt 0.670233 0.751811
vt 0.791426 0.934011
vt 0.793403 0.936088
vt 0.792706 0.935542
vt 0.793406 0.935243
vt 0.674554 0.735236
vt 0.679924 0.728673
vt 0.677621 0.736446
vt 0.674309 0.727217
vt 0.677714 0.724495
vt 0.676995 0.728007
vt 0.671646 0.733980
vt 0.663914 0.748533
vt 0.664099 0.755831
vt 0.680415 0.724795
vt 0.791950 0.934432
vt 0.792382 0.934949
vt 0.674849 0.716391
vt 0.676388 0.714905
vt 0.676356 0.716566
vt 0.673998 0.720043
vt 0.675967 0.720469
vt 0.638149 0.729788
vt 0.642331 0.720193
vt 0.645278 0.722168
vt 0.793406 0.932918
vt 0.677810 0.716523
vt 0.677988 0.716757
vt 0.675243 0.723992
vt 0.671821 0.726290
vt 0.668884 0.732648
vt 0.660833 0.746801
vt 0.660853 0.754097
vt 0.670849 0.722443
vt 0.672963 0.723304
vt 0.666252 0.731219
vt 0.659672 0.709741
vt 0.662440 0.707137
vt 0.662789 0.708927
vt 0.672112 0.715486
vt 0.674313 0.713020
vt 0.673431 0.716026
vt 0.657809 0.744992
vt 0.657640 0.752288
vt 0.675226 0.713791
vt 0.672170 0.719422
vt 0.668888 0.721415
vt 0.669503 0.725220
vt 0.667336 0.724002
vt 0.663739 0.729675
vt 0.651337 0.748404
vt 0.654466 0.750393
vt 0.792906 0.936190
vt 0.670477 0.718622
vt 0.668881 0.706246
vt 0.668918 0.717654
vt 0.667071 0.720224
vt 0.661330 0.728000
vt 0.660375 0.711847
vt 0.663357 0.710656
vt 0.651932 0.741104
vt 0.654841 0.743095
vt 0.648260 0.746317
vt 0.792975 0.936865
vt 0.670898 0.714785
vt 0.673523 0.712424
vt 0.665396 0.718871
vt 0.663419 0.721091
vt 0.665310 0.722628
vt 0.659011 0.726178
vt 0.649079 0.739016
vt 0.792394 0.938787
vt 0.793416 0.938483
vt 0.793430 0.939484
vt 0.667495 0.716529
vt 0.666215 0.715254
vt 0.669795 0.713936
vt 0.792910 0.937541
vt 0.672014 0.711444
vt 0.672775 0.711922
vt 0.646279 0.736831
vt 0.645240 0.744130
vt 0.792714 0.938190
vt 0.671155 0.710970
vt 0.665088 0.713840
vt 0.668813 0.712952
vt 0.662507 0.715672
vt 0.663870 0.717354
vt 0.660069 0.717470
vt 0.661667 0.719378
vt 0.654561 0.721996
vt 0.656763 0.724186
vt 0.793408 0.934240
vt 0.659244 0.707548
vt 0.656110 0.707973
vt 0.642282 0.741848
vt 0.643526 0.734554
vt 0.670090 0.710465
vt 0.640810 0.732195
vt 0.636562 0.737039
vt 0.639389 0.739479
vt 0.664130 0.712301
vt 0.667958 0.711847
vt 0.658660 0.715348
vt 0.652363 0.719561
vt 0.791965 0.939311
vt 0.668615 0.709901
vt 0.915558 0.255121
vt 0.917052 0.255876
vt 0.915553 0.255883
vt 0.790341 0.940978
vt 0.791231 0.940985
vt 0.653436 0.718487
vt 0.657471 0.713066
vt 0.681581 0.724800
vt 0.681979 0.729019
vt 0.680128 0.737372
vt 0.793454 0.940801
vt 0.793395 0.931164
vt 0.672983 0.753150
vt 0.661332 0.713829
vt 0.631085 0.732021
vt 0.633800 0.734551
vt 0.791441 0.939741
vt 0.668653 0.708477
vt 0.666619 0.709377
vt 0.647355 0.723591
vt 0.668371 0.709834
vt 0.667226 0.710646
vt 0.793400 0.927276
vt 0.785636 0.937640
vt 0.632901 0.724820
vt 0.638588 0.717705
vt 0.639359 0.718220
vt 0.656617 0.710578
vt 0.672989 0.657495
vt 0.785637 0.935243
vt 0.955021 0.458988
vt 0.954390 0.459000
vt 0.792287 0.940999
vt 0.661333 0.696808
vt 0.793407 0.937640
vt 0.787602 0.939741
vt 0.788701 0.940978
vt 0.635512 0.727326
vt 0.667958 0.698791
vt 0.670090 0.700172
vt 0.787811 0.940985
vt 0.662323 0.705318
vt 0.670254 0.758924
vt 0.657473 0.697570
vt 0.628408 0.729456
vt 0.632174 0.724104
vt 0.793403 0.936864
vt 0.656618 0.700058
vt 0.668615 0.700736
vt 0.659106 0.705318
vt 0.670261 0.651722
vt 0.627636 0.681943
vt 0.628418 0.681177
vt 0.785639 0.936864
vt 0.677809 0.694116
vt 0.372538 0.914703
vt 0.367625 0.908435
vt 0.367537 0.914664
vt 0.372615 0.861315
vt 0.370768 0.865919
vt 0.372608 0.866092
vt 0.372594 0.875673
vt 0.368497 0.881244
vt 0.372586 0.881457
vt 0.372572 0.891185
vt 0.367937 0.891086
vt 0.369920 0.870653
vt 0.366970 0.870914
vt 0.367222 0.875029
vt 0.366522 0.891019
vt 0.366404 0.908412
vt 0.366386 0.914645
vt 0.371673 0.861222
vt 0.372622 0.856470
vt 0.370766 0.860951
vt 0.369174 0.875432
vt 0.368981 0.865413
vt 0.369925 0.860508
vt 0.369186 0.859911
vt 0.371676 0.851687
vt 0.372629 0.851595
vt 0.368577 0.859180
vt 0.368122 0.858341
vt 0.367841 0.857427
vt 0.367746 0.856473
vt 0.366823 0.854063
vt 0.368568 0.853760
vt 0.367003 0.852706
vt 0.367838 0.855520
vt 0.368116 0.854603
vt 0.367024 0.860248
vt 0.369175 0.853020
vt 0.367239 0.851079
vt 0.371406 0.850338
vt 0.370760 0.851964
vt 0.377470 0.908449
vt 0.372547 0.908476
vt 0.373556 0.861225
vt 0.374449 0.865925
vt 0.375282 0.870660
vt 0.372601 0.870880
vt 0.376675 0.881256
vt 0.374497 0.851969
vt 0.373581 0.851690
vt 0.377207 0.891100
vt 0.378231 0.870930
vt 0.377904 0.869990
vt 0.378345 0.881014
vt 0.376015 0.875442
vt 0.378622 0.891036
vt 0.378690 0.908430
vt 0.378690 0.914662
vt 0.377539 0.914678
vt 0.374465 0.860956
vt 0.377906 0.864595
vt 0.376237 0.865423
vt 0.378354 0.865320
vt 0.375307 0.860516
vt 0.378526 0.857674
vt 0.377116 0.858354
vt 0.378404 0.858906
vt 0.376047 0.859921
vt 0.376659 0.859192
vt 0.377942 0.861892
vt 0.377400 0.857440
vt 0.377498 0.856487
vt 0.376683 0.853772
vt 0.378428 0.854079
vt 0.378251 0.852722
vt 0.377408 0.855533
vt 0.377133 0.854616
vt 0.378208 0.860265
vt 0.376078 0.853030
vt 0.373855 0.850342
vt 0.375132 0.850456
vt 0.378020 0.851094
vt 0.378209 0.864338
vt 0.375339 0.852422
vt 0.378362 0.869779
vt 0.369916 0.852414
vt 0.376543 0.850636
vt 0.370129 0.850448
vt 0.378536 0.855311
vt 0.368717 0.850625
vt 0.366832 0.858890
vt 0.366674 0.856475
vt 0.366711 0.855294
vt 0.939140 0.682494
vt 0.935253 0.680779
vt 0.366864 0.865304
vt 0.366843 0.869762
vt 0.917859 0.698208
vt 0.928074 0.682167
vt 0.913708 0.691874
vt 0.911092 0.702872
vt 0.905392 0.697668
vt 0.372631 0.850302
vt 0.900012 0.712928
vt 0.907619 0.713546
vt 0.378570 0.856492
vt 0.908104 0.718590
vt 0.901000 0.719532
vt 0.901348 0.720736
vt 0.907799 0.716871
vt 0.900389 0.716514
vt 0.900689 0.718176
vt 0.907612 0.713848
vt 0.907683 0.715599
vt 0.909272 0.721471
vt 0.904492 0.726779
vt 0.909882 0.722456
vt 0.917273 0.733941
vt 0.919160 0.726967
vt 0.918370 0.726906
vt 0.367286 0.861877
vt 0.366714 0.857657
vt 0.367314 0.864580
vt 0.915873 0.733694
vt 0.917450 0.726772
vt 0.367012 0.864322
vt 0.942153 0.685735
vt 0.936072 0.686563
vt 0.937601 0.688098
vt 0.930319 0.688242
vt 0.928933 0.732769
vt 0.929104 0.723871
vt 0.925654 0.725703
vt 0.908300 0.719287
vt 0.901748 0.721864
vt 0.899972 0.713983
vt 0.936464 0.693065
vt 0.942479 0.686560
vt 0.937742 0.688339
vt 0.935729 0.710540
vt 0.943356 0.692418
vt 0.914175 0.733288
vt 0.916274 0.726519
vt 0.367300 0.869974
vt 0.902288 0.702986
vt 0.909336 0.706141
vt 0.925364 0.725810
vt 0.934340 0.718431
vt 0.943356 0.711150
vt 0.920635 0.726932
vt 0.922216 0.734071
vt 0.921439 0.726831
vt 0.937786 0.726765
vt 0.932054 0.721386
vt 0.919896 0.726975
vt 0.920950 0.734149
vt 0.922396 0.726651
vt 0.925323 0.733635
vt 0.923660 0.726334
vt 0.914123 0.725700
vt 0.912470 0.732681
vt 0.915019 0.726082
vt 0.908543 0.719964
vt 0.902785 0.724095
vt 0.908854 0.720671
vt 0.923622 0.733909
vt 0.913801 0.733165
vt 0.916033 0.726451
vt 0.913389 0.725331
vt 0.911101 0.732075
vt 0.918535 0.734087
vt 0.366828 0.880998
vt 0.903503 0.725323
vt 0.934442 0.729849
vt 0.929466 0.723611
vt 0.912737 0.724951
vt 0.909919 0.731451
vt 0.892906 0.255116
vt 0.898993 0.255115
vt 0.907807 0.730041
vt 0.908839 0.730782
vt 0.910020 0.722656
vt 0.395949 0.731730
vt 0.396585 0.731642
vt 0.902218 0.722966
vt 0.908312 0.709421
vt 0.914196 0.242963
vt 0.909592 0.240374
vt 0.915912 0.264896
vt 0.915807 0.263207
vt 0.916442 0.263276
vt 0.954421 0.459948
vt 0.649668 0.708104
vt 0.642017 0.702506
vt 0.394509 0.731764
vt 0.909592 0.264935
vt 0.914196 0.262346
vt 0.914379 0.263221
vt 0.952982 0.459915
vt 0.910366 0.255116
vt 0.642016 0.708126
vt 0.647949 0.708104
vt 0.907562 0.255116
vt 0.907939 0.717814
vt 0.911473 0.724027
vt 0.906777 0.729185
vt 0.916240 0.259059
vt 0.917246 0.262189
vt 0.916371 0.262236
vt 0.651905 0.715689
vt 0.907562 0.250194
vt 0.917246 0.243120
vt 0.916240 0.246250
vt 0.916371 0.243073
vt 0.916192 0.256475
vt 0.649755 0.708856
vt 0.650576 0.712384
vt 0.915564 0.256448
vt 0.912958 0.256450
vt 0.952262 0.455774
vt 0.954426 0.453146
vt 0.650578 0.698250
vt 0.651907 0.694946
vt 0.649756 0.701778
vt 0.912958 0.248860
vt 0.907734 0.249334
vt 0.909109 0.262586
vt 0.913516 0.259141
vt 0.952826 0.459025
vt 0.394354 0.732653
vt 0.393790 0.735905
vt 0.393334 0.738628
vt 0.912114 0.724527
vt 0.845094 0.456386
vt 0.837375 0.455626
vt 0.842219 0.421067
vt 0.647360 0.687045
vt 0.651995 0.691528
vt 0.785584 0.941021
vt 0.396529 0.735882
vt 0.917062 0.250136
vt 0.668895 0.705318
vt 0.672774 0.698715
vt 0.915807 0.242102
vt 0.892892 0.252655
vt 0.915564 0.248861
vt 0.793413 0.923639
vt 0.917062 0.255173
vt 0.651992 0.719108
vt 0.793459 0.941021
vt 0.627626 0.728690
vt 0.377968 0.875044
vt 0.367379 0.850716
vt 0.377881 0.850731
vt 0.933405 0.730626
vt 0.927928 0.733177
vt 0.941581 0.721581
vt 0.919740 0.734154
vt 0.914379 0.242088
vt 0.917439 0.265060
vt 0.955057 0.460036
vt 0.640739 0.705316
vt 0.907734 0.255976
vt 0.909251 0.252655
vt 0.917111 0.259032
vt 0.908418 0.259289
vt 0.951806 0.453050
vt 0.844676 0.421067
vt 0.847085 0.421547
vt 0.848096 0.421748
vt 0.851317 0.423082
vt 0.854216 0.425019
vt 0.856682 0.427485
vt 0.858619 0.430384
vt 0.859953 0.433605
vt 0.860633 0.437025
vt 0.860633 0.440512
vt 0.859953 0.443932
vt 0.858619 0.447153
vt 0.856682 0.450052
vt 0.854216 0.452518
vt 0.851317 0.454455
vt 0.848095 0.455789
vt 0.844676 0.456469
vt 0.841189 0.456469
vt 0.837769 0.455789
vt 0.834548 0.454455
vt 0.831649 0.452518
vt 0.829183 0.450052
vt 0.827246 0.447153
vt 0.825912 0.443932
vt 0.825231 0.440512
vt 0.825231 0.437025
vt 0.825912 0.433605
vt 0.827246 0.430384
vt 0.829183 0.427485
vt 0.831649 0.425019
vt 0.834548 0.423082
vt 0.837769 0.421748
vt 0.841189 0.421067
vn -0.0000 0.7101 0.7041
vn 0.1761 0.8854 0.4303
vn 0.0000 0.9027 0.4303
vn 0.0769 -0.1857 0.9796
vn 0.0000 -0.0000 1.0000
vn 0.0392 -0.1971 0.9796
vn 0.1933 0.9715 0.1369
vn 0.0000 0.9906 0.1369
vn 0.1948 0.9791 0.0587
vn 0.0000 0.9983 0.0587
vn 0.1948 0.9792 0.0562
vn 0.0000 0.9984 0.0562
vn -0.0000 0.2010 0.9796
vn 0.0392 0.1971 0.9796
vn 0.0000 0.3879 0.9217
vn 0.0757 0.3804 0.9217
vn 0.1092 0.5490 0.8286
vn -0.0000 0.5598 0.8286
vn 0.8300 -0.5546 0.0587
vn 0.7060 -0.7060 0.0562
vn 0.8302 -0.5547 0.0562
vn 0.2085 0.6872 0.6959
vn 0.2889 0.5661 0.7720
vn 0.2718 0.6561 0.7041
vn 0.5545 -0.8299 0.0611
vn 0.5546 -0.8300 0.0587
vn 0.7059 -0.7059 0.0587
vn 0.1421 -0.1421 0.9796
vn 0.1705 -0.2352 0.9569
vn 0.1949 -0.2156 0.9568
vn 0.3820 -0.9223 0.0587
vn 0.1947 -0.9790 0.0611
vn 0.1948 -0.9791 0.0587
vn 0.1042 -0.2710 0.9569
vn 0.0757 -0.3804 0.9217
vn 0.1484 -0.3584 0.9217
vn 0.1964 0.6045 0.7720
vn 0.2031 0.6694 0.7146
vn 0.1385 0.6965 0.7041
vn 0.2591 0.8540 0.4511
vn 0.0769 0.1857 0.9796
vn 0.2155 0.3225 0.9217
vn 0.1484 0.3584 0.9217
vn 0.2875 0.9477 0.1389
vn 0.2898 0.9553 0.0584
vn 0.0978 -0.9933 0.0608
vn 0.0978 -0.9935 0.0584
vn 0.3958 -0.3958 0.8286
vn 0.2155 -0.3225 0.9217
vn 0.3110 -0.4654 0.8286
vn 0.2898 0.9554 0.0560
vn 0.3791 -0.9152 0.1369
vn 0.2837 -0.9351 0.2122
vn 0.2875 -0.9479 0.1369
vn 0.2142 0.5172 0.8286
vn 0.3820 0.9223 0.0587
vn 0.5547 0.8302 0.0562
vn 0.3821 0.9224 0.0562
vn 0.2364 0.4087 0.8815
vn 0.2526 0.4726 0.8443
vn 0.2640 0.8702 0.4161
vn 0.3791 0.9152 0.1369
vn 0.2876 0.9482 0.1349
vn 0.5428 -0.8124 0.2132
vn 0.5503 -0.8236 0.1369
vn 0.3110 0.4654 0.8286
vn 0.3945 0.5905 0.7041
vn 0.1117 0.1671 0.9796
vn 0.2201 0.2682 0.9379
vn 0.2840 0.0603 0.9569
vn 0.1857 0.0769 0.9796
vn 0.1971 0.0392 0.9796
vn 0.3454 0.8340 0.4303
vn 0.5503 0.8236 0.1369
vn 0.5546 0.8300 0.0587
vn 0.6383 0.6383 0.4303
vn 0.5015 0.7506 0.4303
vn 0.7004 0.7004 0.1369
vn 0.7059 0.7059 0.0587
vn 0.2157 0.1948 0.9568
vn 0.3225 0.2155 0.9217
vn 0.2743 0.2743 0.9217
vn 0.4654 0.3110 0.8286
vn 0.3958 0.3958 0.8286
vn 0.1421 0.1421 0.9796
vn 0.3820 -0.9222 0.0611
vn 0.7060 0.7060 0.0562
vn 0.7004 -0.7004 0.1369
vn 0.6383 -0.6383 0.4303
vn 0.6199 -0.7554 0.2122
vn 0.1671 0.1117 0.9796
vn 0.1906 -0.9582 0.2132
vn 0.0971 -0.9858 0.1369
vn 0.1933 -0.9715 0.1369
vn 0.2874 0.3747 0.8815
vn 0.5021 0.5021 0.7041
vn 0.7506 0.5015 0.4303
vn 0.8236 0.5503 0.1369
vn 0.8300 0.5546 0.0587
vn 0.8302 0.5547 0.0562
vn 0.1949 0.2156 0.9568
vn 0.5905 0.3945 0.7041
vn 0.5172 0.2142 0.8286
vn 0.6561 0.2718 0.7041
vn 0.2710 0.1042 0.9569
vn 0.3804 0.0757 0.9217
vn 0.3584 0.1484 0.9217
vn 0.9223 0.3820 0.0587
vn 0.8340 0.3454 0.4303
vn 0.1671 -0.1117 0.9796
vn 0.9152 0.3791 0.1369
vn 0.2718 -0.6561 0.7041
vn 0.1092 -0.5490 0.8286
vn 0.1385 -0.6965 0.7041
vn 0.9224 0.3821 0.0562
vn 0.2475 0.1520 0.9569
vn 0.6965 0.1385 0.7041
vn 0.8854 0.1761 0.4303
vn 0.0000 -0.2010 0.9796
vn 0.5905 -0.3945 0.7041
vn 0.7506 -0.5015 0.4303
vn 0.0530 -0.2854 0.9569
vn -0.0000 -0.3879 0.9217
vn 0.5598 -0.0000 0.8286
vn 0.5490 0.1092 0.8286
vn 0.9715 0.1933 0.1369
vn 0.8236 -0.5503 0.1369
vn 0.9791 0.1948 0.0587
vn 0.9792 0.1948 0.0562
vn 0.9906 -0.0000 0.1369
vn 0.3945 -0.5905 0.7041
vn 0.2142 -0.5172 0.8286
vn 0.9983 0.0000 0.0587
vn 0.9984 -0.0000 0.0562
vn 0.2010 0.0000 0.9796
vn 0.2854 0.0530 0.9569
vn 0.3879 -0.0000 0.9217
vn 0.7101 -0.0000 0.7041
vn 0.1857 -0.0769 0.9796
vn 0.9027 -0.0000 0.4303
vn 0.2653 -0.1179 0.9569
vn 0.2352 -0.1705 0.9569
vn 0.6965 -0.1385 0.7041
vn 0.0000 -0.2903 0.9569
vn 0.8854 -0.1761 0.4303
vn 0.9715 -0.1933 0.1369
vn 0.9791 -0.1948 0.0587
vn 0.9792 -0.1948 0.0562
vn 0.1971 -0.0392 0.9796
vn 0.2730 0.5108 0.8152
vn 0.2854 -0.0530 0.9569
vn 0.3804 -0.0757 0.9217
vn 0.5490 -0.1092 0.8286
vn 0.5172 -0.2142 0.8286
vn 0.3584 -0.1484 0.9217
vn 0.4654 -0.3110 0.8286
vn 0.9223 -0.3820 0.0587
vn 0.2743 -0.2743 0.9217
vn 0.1850 -0.2254 0.9566
vn 0.9224 -0.3821 0.0562
vn 0.2710 -0.1042 0.9569
vn 0.9675 -0.1231 -0.2208
vn 0.9680 -0.0705 -0.2408
vn 0.9628 -0.0767 -0.2593
vn -0.0337 -0.9722 -0.2319
vn 0.0323 -0.9683 -0.2479
vn 0.0645 -0.9625 -0.2634
vn 0.2352 0.1705 0.9569
vn 0.9152 -0.3791 0.1369
vn 0.6284 -0.7657 0.1369
vn -0.0000 -0.9983 0.0587
vn 0.0979 -0.9936 0.0560
vn 0.0000 -0.9027 0.4303
vn 0.1761 -0.8854 0.4303
vn 0.6561 -0.2718 0.7041
vn 0.8340 -0.3454 0.4303
vn 0.1520 -0.2475 0.9569
vn 0.0107 0.0550 -0.9984
vn 0.0132 0.0547 -0.9984
vn 0.0162 0.0536 -0.9984
vn 0.3821 -0.9224 0.0562
vn 0.5547 -0.8302 0.0562
vn -0.0000 -0.9906 0.1369
vn 0.0958 -0.9725 0.2122
vn 0.3739 -0.9026 0.2132
vn -0.1948 0.9792 0.0562
vn -0.0392 0.1971 0.9796
vn -0.1092 0.5490 0.8286
vn -0.1761 0.8854 0.4303
vn -0.0769 -0.1857 0.9796
vn -0.0392 -0.1971 0.9796
vn -0.1933 0.9715 0.1369
vn -0.0757 -0.3804 0.9217
vn -0.1042 -0.2710 0.9569
vn -0.1484 -0.3584 0.9217
vn -0.1964 0.6045 0.7720
vn -0.2142 0.5172 0.8286
vn -0.2591 0.8540 0.4511
vn -0.1385 0.6965 0.7041
vn -0.2875 0.9477 0.1389
vn -0.2898 0.9553 0.0584
vn -0.1948 0.9791 0.0587
vn -0.2898 0.9554 0.0560
vn -0.0769 0.1857 0.9796
vn -0.2155 0.3225 0.9217
vn -0.1484 0.3584 0.9217
vn -0.2364 0.4087 0.8815
vn -0.3110 0.4654 0.8286
vn -0.2730 0.5108 0.8152
vn -0.2889 0.5661 0.7720
vn -0.0757 0.3804 0.9217
vn -0.3791 -0.9152 0.1369
vn -0.2837 -0.9351 0.2122
vn -0.3739 -0.9026 0.2132
vn -0.3821 0.9224 0.0562
vn -0.5546 0.8300 0.0587
vn -0.3820 0.9223 0.0587
vn -0.1117 0.1671 0.9796
vn -0.2840 0.0603 0.9569
vn -0.1857 0.0769 0.9796
vn -0.2654 0.1179 0.9569
vn -0.5503 0.8236 0.1369
vn -0.3454 0.8340 0.4303
vn -0.3791 0.9152 0.1369
vn -0.6383 0.6383 0.4303
vn -0.3945 0.5905 0.7041
vn -0.5015 0.7506 0.4303
vn -0.7004 0.7004 0.1369
vn -0.7059 0.7059 0.0587
vn -0.5547 0.8302 0.0562
vn -0.2718 0.6561 0.7041
vn -0.1421 0.1421 0.9796
vn -0.1671 0.1117 0.9796
vn -0.3225 0.2155 0.9217
vn -0.2157 0.1948 0.9568
vn -0.2743 0.2743 0.9217
vn -0.4654 0.3110 0.8286
vn -0.3958 0.3958 0.8286
vn -0.5546 -0.8300 0.0587
vn -0.3820 -0.9222 0.0611
vn -0.5545 -0.8299 0.0611
vn -0.1949 0.2156 0.9568
vn -0.2676 0.3261 0.9067
vn -0.2874 0.3747 0.8815
vn -0.5021 0.5021 0.7041
vn -0.7506 0.5015 0.4303
vn -0.8236 0.5503 0.1369
vn -0.8300 0.5546 0.0587
vn -0.7060 0.7060 0.0562
vn -0.6561 0.2718 0.7041
vn -0.5905 0.3945 0.7041
vn -0.9152 0.3791 0.1369
vn -0.2718 -0.6561 0.7041
vn -0.1092 -0.5490 0.8286
vn -0.2142 -0.5172 0.8286
vn -0.3804 0.0757 0.9217
vn -0.2710 0.1042 0.9569
vn -0.3584 0.1484 0.9217
vn -0.9223 0.3820 0.0587
vn -0.8302 0.5547 0.0562
vn -0.2475 0.1520 0.9569
vn -0.5172 0.2142 0.8286
vn -0.6965 0.1385 0.7041
vn -0.8340 0.3454 0.4303
vn -0.8854 0.1761 0.4303
vn -0.9715 0.1933 0.1369
vn -0.9792 0.1948 0.0562
vn -0.9224 0.3821 0.0562
vn -0.1971 0.0392 0.9796
vn -0.5490 0.1092 0.8286
vn -0.0530 -0.2854 0.9569
vn -0.5598 -0.0000 0.8286
vn -0.7101 -0.0000 0.7041
vn -0.9906 -0.0000 0.1369
vn -0.3945 -0.5905 0.7041
vn -0.3110 -0.4654 0.8286
vn -0.9983 0.0000 0.0587
vn -0.9791 0.1948 0.0587
vn -0.9984 0.0000 0.0562
vn -0.2010 0.0000 0.9796
vn -0.3879 -0.0000 0.9217
vn -0.2854 0.0530 0.9569
vn -0.6965 -0.1385 0.7041
vn -0.8854 -0.1761 0.4303
vn -0.9027 -0.0000 0.4303
vn -0.9715 -0.1933 0.1369
vn -0.9791 -0.1948 0.0587
vn -0.1671 -0.1117 0.9796
vn -0.2653 -0.1179 0.9569
vn -0.2352 -0.1705 0.9569
vn -0.5490 -0.1092 0.8286
vn -0.5172 -0.2142 0.8286
vn -0.3804 -0.0757 0.9217
vn -0.1971 -0.0392 0.9796
vn -0.2854 -0.0530 0.9569
vn -0.2903 -0.0000 0.9569
vn -0.9223 -0.3820 0.0587
vn -0.9792 -0.1948 0.0562
vn -0.1857 -0.0769 0.9796
vn -0.2710 -0.1042 0.9569
vn -0.4654 -0.3110 0.8286
vn -0.3584 -0.1484 0.9217
vn -0.5905 -0.3945 0.7041
vn -0.6561 -0.2718 0.7041
vn -0.7506 -0.5015 0.4303
vn -0.8340 -0.3454 0.4303
vn -0.8236 -0.5503 0.1369
vn -0.9152 -0.3791 0.1369
vn -0.2352 0.1705 0.9569
vn -0.1385 -0.6965 0.7041
vn -0.1761 -0.8854 0.4303
vn -0.9224 -0.3821 0.0562
vn -0.8300 -0.5546 0.0587
vn -0.2475 -0.1520 0.9569
vn -0.7059 -0.7059 0.0587
vn -0.7060 -0.7060 0.0562
vn -0.8302 -0.5547 0.0562
vn -0.3958 -0.3958 0.8286
vn -0.3225 -0.2155 0.9217
vn -0.6383 -0.6383 0.4303
vn -0.7004 -0.7004 0.1369
vn -0.1421 -0.1421 0.9796
vn -0.2157 -0.1948 0.9568
vn -0.0971 -0.9858 0.1369
vn -0.1906 -0.9582 0.2132
vn -0.1933 -0.9715 0.1369
vn -0.0603 -0.2840 0.9569
vn -0.1179 -0.2653 0.9569
vn -0.6199 -0.7554 0.2122
vn -0.5015 -0.7506 0.4303
vn -0.2085 0.6872 0.6959
vn -0.2640 0.8702 0.4161
vn -0.2876 0.9482 0.1349
vn -0.1949 -0.2156 0.9568
vn -0.2201 0.2682 0.9379
vn -0.5021 -0.5021 0.7041
vn -0.3821 -0.9224 0.0562
vn -0.5547 -0.8302 0.0562
vn -0.1117 -0.1671 0.9796
vn -0.1520 -0.2475 0.9569
vn -0.2155 -0.3225 0.9217
vn -0.6332 -0.7716 0.0608
vn -0.1850 -0.2254 0.9566
vn -0.2743 -0.2743 0.9217
vn -0.2526 0.4726 0.8443
vn 0.2840 -0.0603 0.9569
vn -0.1948 -0.9791 0.0587
vn -0.0978 -0.9933 0.0608
vn -0.1947 -0.9790 0.0611
vn -0.3454 -0.8340 0.4303
vn 0.2654 0.1179 0.9569
vn -0.5428 -0.8124 0.2132
vn -0.5503 -0.8236 0.1369
vn -0.1705 -0.2352 0.9569
vn 0.5021 -0.5021 0.7041
vn -0.2840 -0.0603 0.9569
vn 0.1117 -0.1671 0.9796
vn 0.0603 -0.2840 0.9569
vn -0.3820 -0.9223 0.0587
vn 0.3225 -0.2155 0.9217
vn 0.2475 -0.1520 0.9569
vn 0.1179 -0.2653 0.9569
vn 0.0000 -0.5598 0.8286
vn 0.5015 -0.7506 0.4303
vn -0.1948 -0.9792 0.0562
vn -0.0978 -0.9935 0.0584
vn 0.3454 -0.8340 0.4303
vn 0.2157 -0.1948 0.9568
vn 0.0000 -0.7101 0.7041
vn 0.1948 -0.9792 0.0562
vn 0.2903 -0.0000 0.9569
vn 0.2676 0.3261 0.9067
vn 0.1949 0.9792 0.0562
vn 0.0000 0.2020 0.9794
vn 0.0758 0.3812 0.9214
vn -0.0000 0.3887 0.9214
vn 0.0000 0.7105 0.7037
vn 0.1763 0.8861 0.4286
vn -0.0000 0.9030 0.4296
vn 0.0000 0.9906 0.1367
vn 0.1933 0.9716 0.1368
vn 0.1093 0.5492 0.8285
vn 0.2013 0.6028 0.7721
vn 0.2033 0.6702 0.7138
vn 0.2877 0.9477 0.1381
vn 0.0394 0.1982 0.9794
vn 0.0773 0.1867 0.9794
vn 0.1384 0.6967 0.7039
vn 0.1489 0.3591 0.9213
vn 0.1123 0.1680 0.9794
vn 0.1431 0.1429 0.9793
vn 0.0396 -0.1990 0.9792
vn 0.0000 -0.2030 0.9792
vn 0.1685 0.1125 0.9793
vn 0.1875 0.0776 0.9792
vn 0.1993 0.0396 0.9791
vn 0.2033 -0.0000 0.9791
vn 0.2687 -0.1164 0.9562
vn 0.1685 -0.1125 0.9793
vn 0.2386 -0.1686 0.9564
vn 0.1993 -0.0396 0.9791
vn 0.1875 -0.0776 0.9792
vn 0.2386 0.1686 0.9564
vn 0.1431 -0.1430 0.9793
vn 0.1986 -0.2132 0.9566
vn 0.0594 -0.2868 0.9561
vn 0.0775 -0.1873 0.9792
vn -0.0394 0.1982 0.9794
vn -0.0758 0.3812 0.9214
vn -0.1093 0.5492 0.8285
vn 0.0000 0.5600 0.8285
vn -0.1763 0.8861 0.4286
vn -0.0775 -0.1873 0.9792
vn -0.0396 -0.1990 0.9792
vn -0.1933 0.9716 0.1368
vn -0.2013 0.6028 0.7721
vn -0.2145 0.5178 0.8282
vn -0.2597 0.8560 0.4470
vn -0.1384 0.6967 0.7039
vn -0.2877 0.9477 0.1381
vn -0.1949 0.9792 0.0562
vn -0.0773 0.1867 0.9794
vn -0.2176 0.3244 0.9206
vn -0.1489 0.3591 0.9213
vn -0.2352 0.4110 0.8808
vn -0.1123 0.1680 0.9794
vn -0.2873 0.0594 0.9560
vn -0.1875 0.0776 0.9792
vn -0.2687 0.1164 0.9562
vn -0.1431 0.1429 0.9793
vn -0.1685 0.1125 0.9793
vn -0.1969 0.2152 0.9565
vn -0.1993 0.0396 0.9791
vn -0.2033 -0.0000 0.9791
vn -0.1685 -0.1125 0.9793
vn -0.2687 -0.1164 0.9562
vn -0.2386 -0.1686 0.9564
vn -0.1993 -0.0396 0.9791
vn -0.1875 -0.0776 0.9792
vn -0.2386 0.1686 0.9564
vn -0.1431 -0.1430 0.9793
vn -0.0594 -0.2868 0.9561
vn -0.1164 -0.2683 0.9563
vn -0.1986 -0.2132 0.9566
vn -0.2200 0.2718 0.9369
vn -0.1124 -0.1684 0.9793
vn -0.2503 0.4684 0.8473
vn 0.1124 -0.1684 0.9793
vn -0.1690 -0.2380 0.9564
vn 0.1164 -0.2683 0.9563
vn -0.2873 -0.0594 0.9560
vn 0.1690 -0.2380 0.9564
vn 0.2687 0.1164 0.9562
vn 0.2937 -0.0000 0.9559
vn 0.2873 -0.0594 0.9560
vn -0.0000 0.0562 -0.9984
vn 0.0093 0.0555 -0.9984
vn 0.2352 0.4110 0.8808
vn 0.2503 0.4684 0.8473
vn 0.9577 -0.2848 -0.0409
vn 0.9571 -0.2891 -0.0176
vn 0.9588 -0.2816 -0.0366
vn 0.9684 -0.2336 -0.0874
vn 0.9641 -0.2545 -0.0753
vn 0.0000 -0.2931 0.9561
vn 0.9635 -0.1647 -0.2111
vn 0.9651 -0.1063 -0.2394
vn -0.2937 -0.0000 0.9559
vn 0.9608 -0.0108 -0.2772
vn 0.9551 0.0866 -0.2834
vn 0.9560 0.0493 -0.2892
vn 0.9741 -0.0258 -0.2247
vn 0.9729 -0.0269 -0.2295
vn 0.9577 0.1036 -0.2686
vn 0.9715 -0.0911 -0.2189
vn 0.9787 -0.0430 -0.2007
vn 0.9741 0.0258 -0.2247
vn 0.9413 -0.2133 -0.2615
vn 0.9807 0.0344 -0.1925
vn -0.9551 -0.0866 -0.2834
vn -0.9608 0.0108 -0.2772
vn -0.9665 0.0206 -0.2557
vn 0.1969 0.2152 0.9565
vn 0.2873 0.0594 0.9560
vn 0.2176 0.3244 0.9206
vn -0.9577 -0.1036 -0.2686
vn -0.9741 0.0258 -0.2247
vn 0.2200 0.2718 0.9369
vn -0.0093 0.0555 -0.9984
vn -0.0107 0.0550 -0.9984
vn 0.9571 -0.2893 -0.0177
vn 0.9571 -0.2893 -0.0169
vn -0.9635 -0.1647 -0.2111
vn -0.9675 -0.1231 -0.2208
vn -0.9651 -0.1063 -0.2394
vn 0.9584 -0.0000 -0.2853
vn 0.9569 -0.0000 -0.2903
vn 0.9624 -0.1919 -0.1924
vn -0.9571 -0.2893 -0.0177
vn -0.9571 -0.2893 -0.0169
vn -0.9577 -0.2848 -0.0409
vn -0.9571 -0.2891 -0.0176
vn -0.9413 -0.2133 -0.2615
vn -0.9807 0.0344 -0.1925
vn 0.2145 0.5178 0.8282
vn 0.9758 -0.1485 -0.1608
vn 0.9759 -0.1427 -0.1652
vn -0.9715 -0.0911 -0.2189
vn -0.9684 -0.2336 -0.0874
vn -0.9588 -0.2816 -0.0366
vn -0.9608 -0.0108 -0.2772
vn -0.9551 0.0866 -0.2834
vn -0.9665 -0.0206 -0.2557
vn -0.9758 -0.1485 -0.1608
vn -0.9759 -0.1427 -0.1652
vn -0.9584 -0.0000 -0.2853
vn -0.9560 0.0493 -0.2892
vn -0.9741 -0.0258 -0.2247
vn -0.9729 -0.0269 -0.2295
vn -0.9787 -0.0430 -0.2007
vn 0.0207 -0.9665 -0.2557
vn -0.0645 -0.9625 -0.2634
vn 0.0337 -0.9722 -0.2319
vn 0.9608 0.0108 -0.2772
vn 0.9551 -0.0866 -0.2834
vn 0.9665 0.0206 -0.2557
vn -0.9577 0.1036 -0.2686
vn -0.0323 -0.9683 -0.2479
vn 0.0428 -0.9743 -0.2213
vn 0.0108 -0.9607 -0.2772
vn -0.0820 -0.9556 -0.2831
vn -0.9560 -0.0493 -0.2892
vn 0.2597 0.8560 0.4470
vn 0.9577 -0.1036 -0.2686
vn -0.0132 0.0547 -0.9984
vn -0.0162 0.0536 -0.9984
vn -0.9680 -0.0705 -0.2408
vn -0.9701 -0.1466 -0.1935
vn -0.9095 -0.3213 -0.2636
vn -0.9827 0.0424 -0.1800
vn -0.0000 -0.9584 -0.2853
vn -0.0469 -0.9561 -0.2891
vn -0.0979 -0.9936 0.0560
vn 0.0469 -0.9561 -0.2891
vn 0.0000 -0.9569 -0.2903
vn 0.9095 -0.3213 -0.2636
vn 0.9827 0.0424 -0.1800
vn 0.9560 -0.0493 -0.2892
vn 0.9701 -0.1466 -0.1935
vn 0.6332 -0.7716 0.0609
vn -0.6284 -0.7657 0.1369
vn -0.0958 -0.9725 0.2122
vn -0.6332 -0.7716 0.0609
vn 0.9665 -0.0206 -0.2557
vn -0.0207 -0.9665 -0.2557
vn 0.0820 -0.9556 -0.2831
vn -0.2875 -0.9479 0.1369
vn -0.2897 -0.9552 0.0608
vn 0.2897 -0.9552 0.0608
vn -0.0108 -0.9607 -0.2772
vn 0.0000 0.0000 -1.0000
vn 0.1850 -0.2254 0.9565
vn -0.0428 -0.9743 -0.2213
vn -0.0000 -0.9984 0.0562
vn -0.2031 0.6694 0.7146
vn -0.1850 -0.2254 0.9565
vn -0.2033 0.6702 0.7138
vn -0.9628 -0.0767 -0.2593
vn -0.9624 -0.1919 -0.1924
vn -0.9641 -0.2545 -0.0753
vn -0.9569 -0.0000 -0.2903
vn 0.0000 -0.9981 0.0611
usemtl Material
s 1
f 3623/5685/3298 3632/5686/3299 3624/5687/3300
f 3855/5688/3301 3763/5689/3302 3869/5690/3303
f 3624/5687/3300 3633/5691/3304 3625/5692/3305
f 3625/5692/3305 3634/5693/3306 3626/5694/3307
f 3626/5694/3307 3635/5695/3308 3627/5696/3309
f 3620/5697/3310 3763/5689/3302 3628/5698/3311
f 3621/5699/3312 3628/5698/3311 3629/5700/3313
f 3621/5699/3312 3630/5701/3314 3622/5702/3315
f 3714/5703/3316 3723/5704/3317 3715/5705/3318
f 3905/5706/3319 3909/5707/3320 3639/5708/3321
f 4062/5709/3322 3730/5710/3323 3722/5711/3324
f 3716/5712/3325 3925/5713/3326 3929/5714/3327
f 3865/5715/3328 4057/5716/3329 3876/5717/3330
f 3923/5718/3331 3870/5719/3332 3857/5720/3333
f 3630/5701/3314 3909/5721/3334 3905/5722/3335
f 3631/5723/3336 3920/5724/3337 3632/5686/3299
f 3636/5725/3338 3645/5726/3339 3637/5727/3340
f 3632/5686/3299 3924/5728/3341 3633/5691/3304
f 3633/5691/3304 3928/5729/3342 3634/5693/3306
f 3876/5717/3330 4074/5730/3343 4058/5731/3344
f 3718/5732/3345 3725/5733/3346 3726/5734/3347
f 3634/5693/3306 3884/5735/3348 3635/5695/3308
f 3628/5698/3311 3763/5689/3302 3636/5725/3338
f 3622/5702/3315 3631/5723/3336 3623/5685/3298
f 3628/5698/3311 3637/5727/3340 3629/5700/3313
f 3861/5736/3349 4076/5737/3350 4053/5738/3351
f 3629/5700/3313 3638/5739/3352 3630/5701/3314
f 3642/5740/3353 3651/5741/3354 3643/5742/3355
f 3637/5727/3340 3927/5743/3356 3926/5744/3357
f 3920/5745/3358 3641/5746/3359 3924/5747/3360
f 4068/5748/3361 3861/5736/3349 3729/5749/3362
f 3909/5707/3320 3646/5750/3363 3647/5751/3364
f 3636/5725/3338 3763/5689/3302 3644/5752/3365
f 3885/5753/3366 3927/5743/3356 3645/5726/3339
f 3913/5754/3367 3668/5755/3368 3676/5756/3369
f 3640/5757/3370 3649/5758/3371 3641/5746/3359
f 3641/5746/3359 3650/5759/3372 3642/5740/3353
f 3647/5751/3364 3656/5760/3373 3648/5761/3374
f 3649/5758/3371 3656/5760/3373 3657/5762/3375
f 3649/5758/3371 3658/5763/3376 3650/5759/3372
f 3921/5764/3377 3661/5765/3378 3653/5766/3379
f 3653/5766/3379 3662/5767/3380 3654/5768/3381
f 3644/5752/3365 3763/5689/3302 3652/5769/3382
f 3730/5710/3323 4064/5770/3383 3865/5715/3328
f 3651/5741/3354 3658/5763/3376 3659/5771/3384
f 3721/5772/3385 3720/5773/3386 4069/5774/3387
f 3639/5708/3321 3648/5761/3374 3640/5757/3370
f 3652/5769/3382 3763/5689/3302 3660/5775/3388
f 4065/5776/3389 4066/5777/3390 3875/5778/3391
f 3927/5779/3392 3653/5766/3379 3654/5768/3381
f 3646/5750/3363 3655/5780/3393 3647/5751/3364
f 3655/5780/3393 3664/5781/3394 3656/5760/3373
f 3656/5760/3373 3665/5782/3395 3657/5762/3375
f 3657/5762/3375 3666/5783/3396 3658/5763/3376
f 3658/5763/3376 3667/5784/3397 3659/5771/3384
f 3644/5752/3365 3652/5769/3382 3921/5785/3398
f 3663/5786/3399 3670/5787/3400 3671/5788/3401
f 3915/5789/3402 3677/5790/3403 3669/5791/3404
f 3665/5782/3395 3674/5792/3405 3666/5783/3396
f 3663/5786/3399 3672/5793/3406 3664/5781/3394
f 3708/5794/3407 3763/5689/3302 3716/5712/3325
f 3664/5781/3394 3673/5795/3408 3665/5782/3395
f 3654/5768/3381 3663/5786/3399 3655/5780/3393
f 3859/5796/3409 3872/5797/3410 3873/5798/3411
f 3666/5783/3396 3675/5799/3412 3667/5784/3397
f 3660/5775/3388 3763/5689/3302 3668/5755/3368
f 3918/5800/3413 3669/5791/3404 3661/5765/3378
f 3661/5765/3378 3670/5787/3400 3662/5767/3380
f 3670/5787/3400 3679/5801/3414 3671/5788/3401
f 3672/5793/3406 3679/5801/3414 3680/5802/3415
f 3869/5690/3303 3763/5689/3302 3731/5803/3416
f 3711/5804/3417 3720/5773/3386 3712/5805/3418
f 3922/5806/3419 3732/5807/3420 3870/5719/3332
f 3677/5790/3403 3686/5808/3421 3678/5809/3422
f 3673/5795/3408 3680/5802/3415 3681/5810/3423
f 3713/5811/3424 3722/5711/3324 3714/5703/3316
f 3674/5792/3405 3681/5810/3423 3682/5812/3425
f 3674/5792/3405 3683/5813/3426 3675/5799/3412
f 3668/5755/3368 3763/5689/3302 3676/5756/3369
f 3669/5791/3404 3678/5809/3422 3670/5787/3400
f 3680/5802/3415 3689/5814/3427 3681/5810/3423
f 3727/5815/3428 3858/5816/3429 3859/5796/3409
f 3681/5810/3423 3690/5817/3430 3682/5812/3425
f 3682/5812/3425 3691/5818/3431 3683/5813/3426
f 3676/5756/3369 3763/5689/3302 3684/5819/3432
f 3913/5820/3433 3685/5821/3434 3677/5790/3403
f 3678/5809/3422 3687/5822/3435 3679/5801/3414
f 3700/5823/3436 3763/5689/3302 3708/5794/3407
f 3679/5801/3414 3688/5824/3437 3680/5802/3415
f 3883/5825/3438 3708/5794/3407 3881/5826/3439
f 3686/5808/3421 3695/5827/3440 3687/5822/3435
f 3871/5828/3441 3869/5690/3303 3731/5803/3416
f 3687/5822/3435 3696/5829/3442 3688/5824/3437
f 3688/5824/3437 3697/5830/3443 3689/5814/3427
f 3689/5814/3427 3698/5831/3444 3690/5817/3430
f 3691/5818/3431 3698/5831/3444 3699/5832/3445
f 3684/5819/3432 3763/5689/3302 3692/5833/3446
f 3926/5834/3447 3927/5779/3392 3646/5750/3363
f 4062/5835/3322 4063/5836/3383 4064/5837/3383
f 3875/5778/3391 4066/5777/3390 4075/5838/3343
f 3685/5821/3434 3906/5839/3448 3693/5840/3449
f 3685/5821/3434 3694/5841/3450 3686/5808/3421
f 3905/5706/3319 3640/5757/3370 3920/5745/3358
f 3693/5840/3449 3702/5842/3451 3694/5841/3450
f 3701/5843/3452 3710/5844/3453 3702/5842/3451
f 3697/5830/3443 3706/5845/3454 3698/5831/3444
f 3717/5846/3455 3930/5847/3456 3725/5733/3346
f 3699/5832/3445 3706/5845/3454 3707/5848/3457
f 3692/5833/3446 3763/5689/3302 3700/5823/3436
f 3693/5840/3449 3883/5849/3458 3701/5843/3452
f 3926/5850/3459 3987/5851/3460 4009/5852/3461
f 3925/5853/3462 4051/5854/3463 4049/5855/3464
f 3918/5856/3465 3652/5769/3382 3660/5775/3388
f 3696/5829/3442 3705/5857/3466 3697/5830/3443
f 4070/5858/3387 4060/5859/3467 4069/5860/3387
f 3737/5861/3468 4054/5862/3469 4058/5863/3344
f 3873/5798/3411 3735/5864/3470 3874/5865/3471
f 3703/5866/3472 3712/5805/3418 3704/5867/3473
f 3925/5868/3474 3857/5720/3333 3725/5733/3346
f 3704/5867/3473 3713/5811/3424 3705/5857/3466
f 3635/5869/3475 3994/5870/3476 3884/5871/3477
f 3702/5842/3451 3711/5804/3417 3703/5866/3472
f 3730/5710/3323 3868/5872/3478 3853/5873/3479
f 3694/5841/3450 3703/5866/3472 3695/5827/3440
f 3696/5829/3442 3703/5866/3472 3704/5867/3473
f 3705/5857/3466 3714/5703/3316 3706/5845/3454
f 3736/5874/3480 4066/5875/3390 4071/5876/3481
f 4076/5877/3350 4055/5878/3482 4065/5776/3389
f 3746/5879/3483 3626/5694/3307 3627/5696/3309
f 3620/5697/3310 3739/5880/3484 3763/5689/3302
f 3621/5699/3312 3739/5880/3484 3620/5697/3310
f 3741/5881/3485 3621/5699/3312 3622/5702/3315
f 3743/5882/3486 3623/5685/3298 3624/5687/3300
f 3844/5883/3487 3852/5884/3488 3763/5689/3302
f 3744/5885/3489 3624/5687/3300 3625/5692/3305
f 3626/5694/3307 3744/5885/3489 3625/5692/3305
f 3854/5886/3490 3896/5887/3491 3845/5888/3492
f 3888/5889/3493 3749/5890/3494 3741/5881/3485
f 3893/5891/3495 3742/5892/3496 3743/5882/3486
f 3897/5893/3497 3743/5882/3486 3744/5885/3489
f 3901/5894/3498 3744/5885/3489 3745/5895/3499
f 3880/5896/3500 3745/5895/3499 3746/5879/3483
f 3739/5880/3484 3747/5897/3501 3763/5689/3302
f 3742/5892/3496 3622/5702/3315 3623/5685/3298
f 3756/5898/3502 3747/5897/3501 3748/5899/3503
f 3900/5900/3504 3756/5898/3502 3748/5899/3503
f 3757/5901/3505 3899/5902/3506 3888/5903/3507
f 3748/5899/3503 3739/5880/3484 3740/5904/3508
f 3849/5905/3509 4044/5906/3510 4005/5907/3511
f 3749/5890/3494 3740/5904/3508 3741/5881/3485
f 3754/5908/3512 3761/5909/3513 3753/5910/3514
f 3747/5897/3501 3755/5911/3515 3763/5689/3302
f 3890/5912/3516 3780/5913/3517 3891/5914/3518
f 3760/5915/3519 3751/5916/3520 3752/5917/3521
f 3761/5909/3513 3752/5917/3521 3753/5910/3514
f 3768/5918/3522 3758/5919/3523 3759/5920/3524
f 3769/5921/3525 3759/5920/3524 3760/5915/3519
f 3770/5922/3526 3760/5915/3519 3761/5909/3513
f 3762/5923/3527 3770/5922/3526 3761/5909/3513
f 3759/5920/3524 3750/5924/3528 3751/5916/3520
f 3764/5925/3529 3772/5926/3530 3763/5689/3302
f 3773/5927/3531 3894/5928/3532 3765/5929/3533
f 3774/5930/3534 3765/5929/3533 3766/5931/3535
f 3755/5911/3515 3764/5925/3529 3763/5689/3302
f 3842/5932/3536 4015/5933/3537 4013/5934/3538
f 3894/5935/3539 3764/5925/3529 3755/5911/3515
f 3765/5929/3533 3882/5936/3540 3900/5937/3541
f 3767/5938/3542 3757/5901/3505 3758/5919/3523
f 3776/5939/3543 3767/5938/3542 3768/5918/3522
f 3777/5940/3544 3768/5918/3522 3769/5921/3525
f 3778/5941/3545 3769/5921/3525 3770/5922/3526
f 3771/5942/3546 3778/5941/3545 3770/5922/3526
f 3776/5939/3543 3783/5943/3547 3775/5944/3548
f 3785/5945/3549 3776/5939/3543 3777/5940/3544
f 3775/5944/3548 3766/5931/3535 3767/5938/3542
f 3847/5946/3550 3856/5947/3551 3846/5948/3552
f 3783/5943/3547 3774/5930/3534 3775/5944/3548
f 3789/5949/3553 3891/5950/3554 3781/5951/3555
f 3786/5952/3556 3777/5940/3544 3778/5941/3545
f 3852/5884/3488 3731/5803/3416 3763/5689/3302
f 3779/5953/3557 3786/5952/3556 3778/5941/3545
f 3772/5926/3530 3780/5913/3517 3763/5689/3302
f 3781/5951/3555 3892/5954/3558 3773/5927/3531
f 3782/5955/3559 3773/5927/3531 3774/5930/3534
f 3791/5956/3560 3782/5955/3559 3783/5943/3547
f 3784/5957/3561 3791/5956/3560 3783/5943/3547
f 3785/5945/3549 3792/5958/3562 3784/5957/3561
f 3786/5952/3556 3793/5959/3563 3785/5945/3549
f 3795/5960/3564 3786/5952/3556 3787/5961/3565
f 3780/5913/3517 3788/5962/3566 3763/5689/3302
f 3790/5963/3567 3781/5951/3555 3782/5955/3559
f 3732/5807/3420 3895/5964/3568 3854/5886/3490
f 3798/5965/3569 3789/5949/3553 3790/5963/3567
f 3799/5966/3570 3790/5963/3567 3791/5956/3560
f 3801/5967/3571 3792/5958/3562 3793/5959/3563
f 3839/5968/3572 3846/5948/3552 3838/5969/3573
f 3802/5970/3574 3793/5959/3563 3794/5971/3575
f 3803/5972/3576 3794/5971/3575 3795/5960/3564
f 3788/5962/3566 3796/5973/3577 3763/5689/3302
f 3797/5974/3578 3890/5975/3579 3789/5949/3553
f 3807/5976/3580 3798/5965/3569 3799/5966/3570
f 3808/5977/3581 3799/5966/3570 3800/5978/3582
f 3809/5979/3583 3800/5978/3582 3801/5967/3571
f 3810/5980/3584 3801/5967/3571 3802/5970/3574
f 3803/5972/3576 3810/5980/3584 3802/5970/3574
f 3800/5978/3582 3791/5956/3560 3792/5958/3562
f 3820/5981/3585 3879/5982/3586 3877/5983/3587
f 3806/5984/3588 3797/5974/3578 3798/5965/3569
f 3814/5985/3589 3805/5986/3590 3806/5984/3588
f 3796/5973/3577 3804/5987/3591 3763/5689/3302
f 3899/5902/3506 3757/5901/3505 3900/5937/3541
f 3797/5974/3578 3887/5988/3592 3889/5989/3593
f 3818/5990/3594 3809/5979/3583 3810/5980/3584
f 3811/5991/3595 3818/5990/3594 3810/5980/3584
f 3804/5987/3591 3812/5992/3596 3763/5689/3302
f 3805/5986/3590 3879/5993/3597 3887/5988/3592
f 3822/5994/3598 3813/5995/3599 3814/5985/3589
f 3823/5996/3600 3814/5985/3589 3815/5997/3601
f 3824/5998/3602 3815/5997/3601 3816/5999/3603
f 3825/6000/3604 3816/5999/3603 3817/6001/3605
f 3815/5997/3601 3806/5984/3588 3807/5976/3580
f 3892/6002/3606 3764/5925/3529 3894/5935/3539
f 3808/5977/3581 3815/5997/3601 3807/5976/3580
f 3817/6001/3605 3808/5977/3581 3809/5979/3583
f 3818/5990/3594 3825/6000/3604 3817/6001/3605
f 3735/5864/3470 3862/6003/3607 3863/6004/3608
f 3819/6005/3609 3826/6006/3610 3818/5990/3594
f 3812/5992/3596 3820/5981/3585 3763/5689/3302
f 3813/5995/3599 3877/6007/3611 3879/5993/3597
f 3834/6008/3612 3825/6000/3604 3826/6006/3610
f 3835/6009/3613 3826/6006/3610 3827/6010/3614
f 3830/6011/3615 3821/6012/3616 3822/5994/3598
f 3823/5996/3600 3830/6011/3615 3822/5994/3598
f 3832/6013/3617 3823/5996/3600 3824/5998/3602
f 3833/6014/3618 3824/5998/3602 3825/6000/3604
f 3820/5981/3585 3828/6015/3619 3763/5689/3302
f 3821/6012/3616 3902/6016/3620 3877/6007/3611
f 4019/6017/3621 4016/6018/3622 3864/6019/3623
f 3895/6020/3624 3844/5883/3487 3896/6021/3625
f 4034/6022/3626 3840/6023/3627 3832/6013/3617
f 3835/6009/3613 3842/5932/3536 3834/6008/3612
f 3886/6024/3628 3750/5924/3528 3888/5903/3507
f 3752/5917/3521 3893/6025/3629 3897/6026/3630
f 3828/6015/3619 3877/5983/3587 3902/6027/3631
f 3882/6028/3632 3756/5898/3502 3900/5900/3504
f 3753/5910/3514 3897/6026/3630 3901/6029/3498
f 3840/6023/3627 3831/6030/3633 3832/6013/3617
f 3851/6031/3634 3842/5932/3536 3843/6032/3635
f 3836/6033/3636 3844/5883/3487 3763/5689/3302
f 3845/5888/3492 3898/6034/3637 3837/6035/3638
f 3831/6030/3633 3838/5969/3573 3830/6011/3615
f 3834/6008/3612 4039/6036/3639 3833/6014/3618
f 3828/6015/3619 3836/6033/3636 3763/5689/3302
f 3903/6037/3640 3902/6016/3620 3829/6038/3641
f 3830/6011/3615 3837/6035/3638 3829/6038/3641
f 3899/6039/3642 3749/5890/3494 3888/5889/3493
f 3906/6040/3643 3700/5823/3436 3883/5825/3438
f 3866/6041/3644 4041/6042/3645 4006/6043/3646
f 3848/6044/3647 3839/5968/3572 3840/6023/3627
f 3924/5747/3360 3642/5740/3353 3928/6045/3342
f 3915/6046/3648 3660/5775/3388 3668/5755/3368
f 3849/5905/3509 4031/6047/3649 3841/6048/3650
f 3896/6021/3625 3836/6033/3636 3898/6049/3651
f 3710/5844/3453 3719/6050/3652 3711/5804/3417
f 3719/6050/3652 3726/5734/3347 3727/5815/3428
f 3723/5704/3317 3730/5710/3323 3853/5873/3479
f 3812/5992/3596 3887/6051/3653 3879/5982/3586
f 3881/5826/3439 3716/5712/3325 3929/5714/3327
f 3716/5712/3325 3763/5689/3302 3724/6052/3654
f 3922/6053/3655 3855/5688/3301 3869/5690/3303
f 3724/6052/3654 3763/5689/3302 3855/5688/3301
f 3846/5948/3552 3854/5886/3490 3845/5888/3492
f 3902/6027/3631 3898/6049/3651 3828/6015/3619
f 3850/6054/3656 4006/6043/3646 4015/5933/3537
f 3709/6055/3657 3718/5732/3345 3710/5844/3453
f 3863/6004/3608 3847/5946/3550 3848/6044/3647
f 3926/5744/3357 3909/5721/3334 3638/5739/3352
f 3701/5843/3452 3881/6056/3658 3709/6055/3657
f 3706/5845/3454 3715/5705/3318 3707/5848/3457
f 3871/5828/3441 3852/5884/3488 3895/6020/3624
f 3891/5914/3518 3772/5926/3530 3892/6002/3606
f 3751/5916/3520 3886/6024/3628 3893/6025/3629
f 3923/6057/3659 3724/6052/3654 3855/5688/3301
f 3733/6058/3660 3854/5886/3490 3856/5947/3551
f 3862/6003/3607 3733/6058/3660 3856/5947/3551
f 3754/5908/3512 3901/6029/3498 3880/6059/3500
f 3719/6050/3652 3728/6060/3661 3720/5773/3386
f 3867/6061/3662 4007/6062/3663 3866/6041/3644
f 3857/5720/3333 3872/5797/3410 3858/5816/3429
f 3889/6063/3593 3788/5962/3566 3890/5912/3516
f 3859/5796/3409 3874/5865/3471 3860/6064/3664
f 3727/5815/3428 3860/6064/3664 3728/6060/3661
f 3804/5987/3591 3889/6063/3593 3887/6051/3653
f 3709/6055/3657 3929/6065/3665 3717/5846/3455
f 3846/5948/3552 3837/6035/3638 3838/5969/3573
f 3712/5805/3418 3721/5772/3385 3713/5811/3424
f 3867/6061/3662 3850/6054/3656 3851/6031/3634
f 3882/5936/3540 3765/5929/3533 3894/5928/3532
f 3870/5719/3332 3733/6058/3660 3872/5797/3410
f 3873/5798/3411 3733/6058/3660 3734/6066/3666
f 3928/6045/3342 3643/5742/3355 3884/6067/3348
f 3876/5717/3330 4054/6068/3469 3878/6069/3667
f 3911/6070/3668 3692/5833/3446 3906/6040/3643
f 3725/5733/3346 3858/5816/3429 3726/5734/3347
f 3865/5715/3328 3878/6069/3667 3868/5872/3478
f 3885/6071/3669 3921/5764/3377 3653/5766/3379
f 3912/6072/3309 3931/6073/3306 3932/6074/3670
f 3914/6075/3671 3934/6076/3672 3917/6077/3673
f 3907/6078/3674 3937/6079/3675 3904/6080/3676
f 3908/6081/3677 3937/6079/3675 3984/6082/3678
f 3935/6083/3679 3987/6084/3680 3989/6085/3681
f 3937/6079/3675 3991/6086/3682 3984/6082/3678
f 3984/6082/3678 3992/6087/3342 3931/6073/3306
f 3931/6073/3306 3994/6088/3348 3932/6074/3670
f 3933/6089/3683 3916/6090/3302 3995/6091/3684
f 3907/6078/3674 3935/6083/3679 3936/6092/3685
f 3934/6076/3672 3995/6091/3684 3998/6093/3686
f 3995/6091/3684 3916/6090/3302 4001/6094/3687
f 4001/6094/3687 3916/6090/3302 4022/6095/3688
f 3983/6096/3689 3916/6090/3302 3938/6097/3690
f 4023/6098/3691 3916/6090/3302 4020/6099/3692
f 4020/6099/3692 3916/6090/3302 4021/6100/3693
f 4021/6100/3693 3916/6090/3302 4026/6101/3694
f 4028/6102/3695 4032/6103/3696 4027/6104/3697
f 4026/6101/3694 3916/6090/3302 4033/6105/3698
f 4033/6105/3698 3916/6090/3302 4029/6106/3699
f 4037/6107/3700 4022/6095/3688 4023/6098/3691
f 4029/6106/3699 3916/6090/3302 4032/6103/3696
f 4032/6103/3696 3916/6090/3302 4038/6108/3701
f 4027/6104/3697 4038/6108/3701 4047/6109/3702
f 4043/6110/3703 3982/6111/3704 3983/6096/3689
f 3912/6072/3309 3939/6112/3499 3910/6113/3307
f 3914/6075/3671 3941/6114/3705 3916/6090/3302
f 3942/6115/3706 3914/6075/3671 3917/6077/3673
f 3943/6116/3707 3917/6077/3673 3919/6117/3708
f 3945/6118/3709 3907/6078/3674 3904/6080/3676
f 3946/6119/3710 3947/6120/3711 3916/6090/3302
f 3948/6121/3712 3904/6080/3676 3908/6081/3677
f 3939/6112/3499 3908/6081/3677 3910/6113/3307
f 3950/6122/3713 3949/6123/3714 3943/6116/3707
f 3952/6124/3715 3944/6125/3716 3945/6118/3709
f 3953/6126/3717 3945/6118/3709 3948/6121/3712
f 3954/6127/3498 3948/6121/3712 3939/6112/3499
f 3955/6128/3500 3939/6112/3499 3940/6129/3718
f 3941/6114/3705 3956/6130/3719 3916/6090/3302
f 3944/6125/3716 3919/6117/3708 3907/6078/3674
f 3959/6131/3720 3956/6130/3719 3957/6132/3721
f 3960/6133/3722 3959/6131/3720 3957/6132/3721
f 3942/6115/3706 3956/6130/3719 3941/6114/3705
f 3949/6123/3714 3942/6115/3706 3943/6116/3707
f 3956/6130/3719 3958/6134/3723 3916/6090/3302
f 3962/6135/3724 3964/6136/3725 3963/6137/3726
f 3966/6138/3727 3967/6139/3728 3916/6090/3302
f 3958/6134/3723 3966/6138/3727 3916/6090/3302
f 3968/6140/3729 3966/6138/3727 3958/6134/3723
f 3947/6120/3711 3938/6097/3690 3916/6090/3302
f 3967/6139/3728 3964/6136/3725 3916/6090/3302
f 3964/6136/3725 3965/6141/3730 3916/6090/3302
f 3965/6141/3730 3970/6142/3731 3916/6090/3302
f 3974/6143/3732 3972/6144/3733 3971/6145/3734
f 3970/6142/3731 3975/6146/3735 3916/6090/3302
f 3975/6146/3735 3973/6147/3736 3916/6090/3302
f 3976/6148/3737 3966/6138/3727 3968/6140/3729
f 3973/6147/3736 3974/6143/3732 3916/6090/3302
f 3974/6143/3732 3977/6149/3738 3916/6090/3302
f 3978/6150/3739 3946/6119/3710 3979/6151/3740
f 3977/6149/3738 3971/6145/3734 3980/6152/3741
f 3969/6153/3742 3959/6131/3720 3960/6133/3722
f 3981/6154/3743 3946/6119/3710 3916/6090/3302
f 3977/6149/3738 3981/6154/3743 3916/6090/3302
f 3961/6155/3744 3949/6123/3714 3950/6122/3713
f 4048/6156/3745 3916/6090/3302 3982/6111/3704
f 3979/6151/3740 3981/6154/3743 3985/6157/3746
f 4046/6158/3747 4048/6156/3745 3982/6111/3704
f 3973/6147/3736 3988/6159/3748 3972/6144/3733
f 4038/6108/3701 4049/6160/3749 4047/6109/3702
f 4018/6161/3750 4023/6098/3691 4020/6099/3692
f 4052/6162/3751 4033/6105/3698 4050/6163/3752
f 3635/5869/3475 3912/6164/3753 3932/6165/3754
f 3980/6152/3741 3985/6157/3746 3977/6149/3738
f 3998/6093/3686 4008/6166/3755 4009/6167/3756
f 3924/6168/3757 3992/6169/3758 3991/6170/3759
f 3920/6171/3760 3991/6170/3759 3990/6172/3761
f 3996/6173/3762 3947/6120/3711 3978/6150/3739
f 3963/6137/3726 3967/6139/3728 3976/6148/3737
f 3926/5850/3459 4008/6174/3763 3927/6175/3764
f 3997/6176/3765 3965/6141/3730 3962/6135/3724
f 3913/6177/3766 4018/6178/3767 4017/6179/3768
f 4022/6095/3688 3916/6090/3302 4023/6098/3691
f 3975/6146/3735 3997/6176/3765 3988/6159/3748
f 3918/6180/3769 4024/6181/3770 4037/6182/3771
f 3885/6183/3772 4024/6181/3770 3921/6184/3773
f 3881/6185/3774 4047/6186/3775 3929/6187/3776
f 3972/6188/3777 3887/6189/3778 3879/6190/3779
f 4001/6094/3687 4022/6095/3688 4024/6191/3780
f 4017/6192/3781 4020/6099/3692 4021/6100/3693
f 3998/6093/3686 4001/6094/3687 4002/6193/3782
f 3971/6194/3783 3879/6190/3779 3877/6195/3784
f 4025/6196/3785 4008/6166/3755 4002/6193/3782
f 3940/6197/3786 3627/6198/3753 3746/6199/3787
f 3928/6200/3788 3994/5870/3789 3992/6169/3758
f 3960/6201/3790 3899/6202/3791 3900/6203/3792
f 4038/6108/3701 3916/6090/3302 4048/6156/3745
f 3911/6204/3793 4017/6179/3768 4052/6205/3794
f 3885/6183/3772 4008/6174/3763 4025/6206/3795
f 3901/6207/3796 3955/6208/3797 3880/6209/3797
f 3897/6210/3798 3954/6211/3799 3901/6207/3796
f 3980/6212/3800 3877/6195/3784 3902/6213/3801
f 4009/6167/3756 3987/6084/3680 3986/6214/3802
f 3920/6171/3760 3989/6215/3803 3905/6216/3804
f 3882/6217/3805 3960/6201/3790 3900/6203/3792
f 3917/6077/3673 3935/6083/3679 3919/6117/3708
f 3893/6218/3806 3953/6219/3807 3897/6210/3798
f 3890/6220/3808 3963/6221/3809 3891/6222/3810
f 3914/6075/3671 3916/6090/3302 3933/6089/3683
f 3951/6223/3811 3893/6218/3806 3886/6224/3812
f 3934/6076/3672 3986/6214/3802 3935/6083/3679
f 3889/6225/3813 3962/6226/3814 3890/6220/3808
f 3892/6227/3815 3968/6228/3816 3894/6229/3817
f 3968/6228/3816 3882/6217/3805 3894/6229/3817
f 4050/6163/3752 4029/6106/3699 4028/6102/3695
f 3911/6070/3668 3676/5756/3369 3684/5819/3432
f 3896/6230/3818 3985/6231/3819 3898/6232/3820
f 3906/6233/3821 4028/6234/3822 3883/6235/3823
f 3996/6173/3762 3983/6096/3689 3938/6097/3690
f 3891/6222/3810 3976/6236/3824 3892/6227/3815
f 3898/6232/3820 3993/6237/3825 3903/6238/3826
f 3908/6081/3677 3931/6073/3306 3910/6113/3307
f 4052/6162/3751 4021/6100/3693 4026/6101/3694
f 3895/6239/3827 3979/6240/3828 3896/6230/3818
f 3988/6241/3829 3889/6225/3813 3887/6189/3778
f 3936/6092/3685 3990/6242/3830 3937/6079/3675
f 3883/6235/3823 4027/6243/3831 3881/6185/3774
f 3955/6208/3832 3746/6199/3787 3880/6209/3833
f 3950/6244/3834 3886/6224/3812 3888/6245/3835
f 3982/6111/3704 3916/6090/3302 3983/6096/3689
f 3993/6237/3836 3902/6213/3801 3903/6238/3837
f 3871/6246/3838 3978/6247/3839 3895/6239/3827
f 3899/6202/3791 3950/6244/3834 3888/6245/3835
f 4003/6248/3840 3737/5861/3468 4007/6249/3663
f 3871/6246/3838 4043/6250/3841 3996/6251/3842
f 3929/6187/3776 4051/5854/3843 3930/6252/3844
f 4068/5748/3361 4059/6253/3467 4070/6254/3387
f 3911/6204/3793 4050/6255/3845 3906/6233/3821
f 3905/6216/3804 3987/5851/3460 3909/6256/3846
f 4061/6257/3322 4062/5835/3322 4072/6258/3847
f 4011/6259/3848 4010/6260/3848 4035/6261/3626
f 4031/6047/3649 4010/6262/3848 3841/6048/3650
f 3735/5864/3470 3863/6004/3608 4036/6263/3849
f 3736/5874/3480 4075/6264/3343 4066/5875/3390
f 3729/5749/3362 4073/6265/3847 4059/6253/3467
f 4039/6266/3639 4012/6267/3538 4040/6268/3850
f 4040/6269/3850 3841/6048/3650 4010/6262/3848
f 4042/6270/3645 4019/6017/3621 3864/6019/3623
f 4042/6271/3645 3736/5874/3480 4019/6272/3621
f 4041/6273/3645 4007/6249/3663 3737/5861/3468
f 3915/6274/3851 4037/6182/3771 4018/6178/3767
f 3923/6275/3852 4049/5855/3464 4046/6276/3853
f 4005/6277/3511 4030/6278/3649 4031/6279/3649
f 4030/6280/3649 3848/6044/3647 3840/6023/3627
f 3737/5861/3468 4058/5863/3344 4074/6281/3343
f 4067/6282/3361 4056/6283/3482 4068/6284/3361
f 4044/6285/3510 3864/6019/3623 4016/6018/3622
f 4016/6286/3622 3848/6044/3647 4004/6287/3511
f 3864/6019/3623 3999/6288/3854 4045/6289/3855
f 4014/6290/3537 3999/6291/3854 3849/5905/3509
f 3728/6060/3661 4055/6292/3482 4067/6293/3361
f 3860/6064/3664 4065/6294/3389 4055/6292/3482
f 4077/6295/3856 3875/5778/3391 4057/6296/3329
f 4013/6297/3538 4014/6298/3537 4012/6267/3538
f 4012/6299/3538 3849/5905/3509 3841/6048/3650
f 4061/6300/3322 3861/5736/3349 4063/6301/3383
f 4063/6301/3383 4053/5738/3351 4077/6302/3856
f 3922/6303/3857 4046/6276/3853 4043/6250/3841
f 3880/6304/3858 3884/6305/3858 4054/6306/3858
f 3623/5685/3298 3631/5723/3336 3632/5686/3299
f 3624/5687/3300 3632/5686/3299 3633/5691/3304
f 3625/5692/3305 3633/5691/3304 3634/5693/3306
f 3626/5694/3307 3634/5693/3306 3635/5695/3308
f 3621/5699/3312 3620/5697/3310 3628/5698/3311
f 3621/5699/3312 3629/5700/3313 3630/5701/3314
f 3714/5703/3316 3722/5711/3324 3723/5704/3317
f 3722/5711/3324 3721/5772/3385 4072/6307/3847
f 3721/5772/3385 4060/6308/3467 4072/6307/3847
f 4072/6307/3847 4062/5709/3322 3722/5711/3324
f 3724/6052/3654 3925/5713/3326 3716/5712/3325
f 3925/5713/3326 3930/6309/3859 3929/5714/3327
f 3865/5715/3328 4064/5770/3383 4057/5716/3329
f 3923/5718/3331 3922/5806/3419 3870/5719/3332
f 3905/5722/3335 3631/5723/3336 3630/5701/3314
f 3630/5701/3314 3638/5739/3352 3909/5721/3334
f 3631/5723/3336 3905/5722/3335 3920/5724/3337
f 3636/5725/3338 3644/5752/3365 3645/5726/3339
f 3632/5686/3299 3920/5724/3337 3924/5728/3341
f 3633/5691/3304 3924/5728/3341 3928/5729/3342
f 3876/5717/3330 4057/5716/3329 4074/5730/3343
f 3718/5732/3345 3717/5846/3455 3725/5733/3346
f 3634/5693/3306 3928/5729/3342 3884/5735/3348
f 3622/5702/3315 3630/5701/3314 3631/5723/3336
f 3628/5698/3311 3636/5725/3338 3637/5727/3340
f 3861/5736/3349 4056/6310/3482 4076/5737/3350
f 3629/5700/3313 3637/5727/3340 3638/5739/3352
f 3642/5740/3353 3650/5759/3372 3651/5741/3354
f 3926/5744/3357 3638/5739/3352 3637/5727/3340
f 3637/5727/3340 3645/5726/3339 3927/5743/3356
f 3920/5745/3358 3640/5757/3370 3641/5746/3359
f 4068/5748/3361 4056/6310/3482 3861/5736/3349
f 3647/5751/3364 3639/5708/3321 3909/5707/3320
f 3909/5707/3320 3926/5834/3447 3646/5750/3363
f 3913/5754/3367 3915/6046/3648 3668/5755/3368
f 3640/5757/3370 3648/5761/3374 3649/5758/3371
f 3641/5746/3359 3649/5758/3371 3650/5759/3372
f 3647/5751/3364 3655/5780/3393 3656/5760/3373
f 3649/5758/3371 3648/5761/3374 3656/5760/3373
f 3649/5758/3371 3657/5762/3375 3658/5763/3376
f 3921/5764/3377 3918/5800/3413 3661/5765/3378
f 3653/5766/3379 3661/5765/3378 3662/5767/3380
f 3730/5710/3323 4062/5709/3322 4064/5770/3383
f 3651/5741/3354 3650/5759/3372 3658/5763/3376
f 3720/5773/3386 3728/6060/3661 4069/5774/3387
f 3728/6060/3661 4067/6293/3361 4069/5774/3387
f 4069/5774/3387 4060/6308/3467 3721/5772/3385
f 3639/5708/3321 3647/5751/3364 3648/5761/3374
f 4065/5776/3389 4071/6311/3481 4066/5777/3390
f 3654/5768/3381 3646/5750/3363 3927/5779/3392
f 3927/5779/3392 3885/6071/3669 3653/5766/3379
f 3646/5750/3363 3654/5768/3381 3655/5780/3393
f 3655/5780/3393 3663/5786/3399 3664/5781/3394
f 3656/5760/3373 3664/5781/3394 3665/5782/3395
f 3657/5762/3375 3665/5782/3395 3666/5783/3396
f 3658/5763/3376 3666/5783/3396 3667/5784/3397
f 3885/5753/3366 3645/5726/3339 3921/5785/3398
f 3645/5726/3339 3644/5752/3365 3921/5785/3398
f 3663/5786/3399 3662/5767/3380 3670/5787/3400
f 3915/5789/3402 3913/5820/3433 3677/5790/3403
f 3665/5782/3395 3673/5795/3408 3674/5792/3405
f 3663/5786/3399 3671/5788/3401 3672/5793/3406
f 3664/5781/3394 3672/5793/3406 3673/5795/3408
f 3654/5768/3381 3662/5767/3380 3663/5786/3399
f 3859/5796/3409 3858/5816/3429 3872/5797/3410
f 3666/5783/3396 3674/5792/3405 3675/5799/3412
f 3918/5800/3413 3915/5789/3402 3669/5791/3404
f 3661/5765/3378 3669/5791/3404 3670/5787/3400
f 3670/5787/3400 3678/5809/3422 3679/5801/3414
f 3672/5793/3406 3671/5788/3401 3679/5801/3414
f 3711/5804/3417 3719/6050/3652 3720/5773/3386
f 3922/5806/3419 3871/6312/3441 3732/5807/3420
f 3677/5790/3403 3685/5821/3434 3686/5808/3421
f 3673/5795/3408 3672/5793/3406 3680/5802/3415
f 3713/5811/3424 3721/5772/3385 3722/5711/3324
f 3674/5792/3405 3673/5795/3408 3681/5810/3423
f 3674/5792/3405 3682/5812/3425 3683/5813/3426
f 3669/5791/3404 3677/5790/3403 3678/5809/3422
f 3680/5802/3415 3688/5824/3437 3689/5814/3427
f 3727/5815/3428 3726/5734/3347 3858/5816/3429
f 3681/5810/3423 3689/5814/3427 3690/5817/3430
f 3682/5812/3425 3690/5817/3430 3691/5818/3431
f 3913/5820/3433 3911/6313/3668 3685/5821/3434
f 3678/5809/3422 3686/5808/3421 3687/5822/3435
f 3679/5801/3414 3687/5822/3435 3688/5824/3437
f 3883/5825/3438 3700/5823/3436 3708/5794/3407
f 3686/5808/3421 3694/5841/3450 3695/5827/3440
f 3871/5828/3441 3922/6053/3655 3869/5690/3303
f 3687/5822/3435 3695/5827/3440 3696/5829/3442
f 3688/5824/3437 3696/5829/3442 3697/5830/3443
f 3689/5814/3427 3697/5830/3443 3698/5831/3444
f 3691/5818/3431 3690/5817/3430 3698/5831/3444
f 4062/5835/3322 4061/6257/3322 4063/5836/3383
f 4074/6281/3343 4057/6296/3329 4075/5838/3343
f 4057/6296/3329 3875/5778/3391 4075/5838/3343
f 3685/5821/3434 3911/6313/3668 3906/5839/3448
f 3685/5821/3434 3693/5840/3449 3694/5841/3450
f 3905/5706/3319 3639/5708/3321 3640/5757/3370
f 3693/5840/3449 3701/5843/3452 3702/5842/3451
f 3701/5843/3452 3709/6055/3657 3710/5844/3453
f 3697/5830/3443 3705/5857/3466 3706/5845/3454
f 3717/5846/3455 3929/6065/3665 3930/5847/3456
f 3930/5847/3456 3925/5868/3474 3725/5733/3346
f 3699/5832/3445 3698/5831/3444 3706/5845/3454
f 3693/5840/3449 3906/5839/3448 3883/5849/3458
f 3926/5850/3459 3909/6256/3846 3987/5851/3460
f 3925/5853/3462 3930/6252/3860 4051/5854/3463
f 3918/5856/3465 3921/5785/3398 3652/5769/3382
f 3696/5829/3442 3704/5867/3473 3705/5857/3466
f 4069/5860/3387 4067/6282/3361 4070/5858/3387
f 4067/6282/3361 4068/6284/3361 4070/5858/3387
f 4070/5858/3387 4059/6314/3467 4060/5859/3467
f 3737/5861/3468 3738/6315/3861 4054/5862/3469
f 3873/5798/3411 3734/6066/3666 3735/5864/3470
f 3703/5866/3472 3711/5804/3417 3712/5805/3418
f 3925/5868/3474 3923/5718/3331 3857/5720/3333
f 3704/5867/3473 3712/5805/3418 3713/5811/3424
f 3635/5869/3475 3932/6165/3754 3994/5870/3476
f 3702/5842/3451 3710/5844/3453 3711/5804/3417
f 3730/5710/3323 3865/5715/3328 3868/5872/3478
f 3694/5841/3450 3702/5842/3451 3703/5866/3472
f 3696/5829/3442 3695/5827/3440 3703/5866/3472
f 3705/5857/3466 3713/5811/3424 3714/5703/3316
f 4071/5876/3481 4065/6294/3389 3874/5865/3471
f 3874/5865/3471 3735/5864/3470 4071/5876/3481
f 3735/5864/3470 3736/5874/3480 4071/5876/3481
f 4076/5877/3350 4056/6283/3482 4055/5878/3482
f 4065/5776/3389 3875/5778/3391 4076/5877/3350
f 3875/5778/3391 4053/6316/3351 4076/5877/3350
f 3746/5879/3483 3745/5895/3499 3626/5694/3307
f 3621/5699/3312 3740/5904/3508 3739/5880/3484
f 3741/5881/3485 3740/5904/3508 3621/5699/3312
f 3743/5882/3486 3742/5892/3496 3623/5685/3298
f 3744/5885/3489 3743/5882/3486 3624/5687/3300
f 3626/5694/3307 3745/5895/3499 3744/5885/3489
f 3854/5886/3490 3895/5964/3568 3896/5887/3491
f 3741/5881/3485 3742/5892/3496 3886/6317/3862
f 3886/6317/3862 3888/5889/3493 3741/5881/3485
f 3893/5891/3495 3886/6317/3862 3742/5892/3496
f 3897/5893/3497 3893/5891/3495 3743/5882/3486
f 3901/5894/3498 3897/5893/3497 3744/5885/3489
f 3880/5896/3500 3901/5894/3498 3745/5895/3499
f 3742/5892/3496 3741/5881/3485 3622/5702/3315
f 3756/5898/3502 3755/5911/3515 3747/5897/3501
f 3748/5899/3503 3749/5890/3494 3899/6039/3642
f 3899/6039/3642 3900/5900/3504 3748/5899/3503
f 3888/5903/3507 3750/5924/3528 3758/5919/3523
f 3758/5919/3523 3757/5901/3505 3888/5903/3507
f 3748/5899/3503 3747/5897/3501 3739/5880/3484
f 3849/5905/3509 3999/6291/3854 4044/5906/3510
f 3749/5890/3494 3748/5899/3503 3740/5904/3508
f 3754/5908/3512 3762/5923/3527 3761/5909/3513
f 3890/5912/3516 3788/5962/3566 3780/5913/3517
f 3760/5915/3519 3759/5920/3524 3751/5916/3520
f 3761/5909/3513 3760/5915/3519 3752/5917/3521
f 3768/5918/3522 3767/5938/3542 3758/5919/3523
f 3769/5921/3525 3768/5918/3522 3759/5920/3524
f 3770/5922/3526 3769/5921/3525 3760/5915/3519
f 3762/5923/3527 3771/5942/3546 3770/5922/3526
f 3759/5920/3524 3758/5919/3523 3750/5924/3528
f 3773/5927/3531 3892/5954/3558 3894/5928/3532
f 3774/5930/3534 3773/5927/3531 3765/5929/3533
f 3842/5932/3536 3850/6054/3656 4015/5933/3537
f 3755/5911/3515 3756/5898/3502 3894/5935/3539
f 3756/5898/3502 3882/6028/3632 3894/5935/3539
f 3900/5937/3541 3757/5901/3505 3766/5931/3535
f 3766/5931/3535 3765/5929/3533 3900/5937/3541
f 3767/5938/3542 3766/5931/3535 3757/5901/3505
f 3776/5939/3543 3775/5944/3548 3767/5938/3542
f 3777/5940/3544 3776/5939/3543 3768/5918/3522
f 3778/5941/3545 3777/5940/3544 3769/5921/3525
f 3771/5942/3546 3779/5953/3557 3778/5941/3545
f 3776/5939/3543 3784/5957/3561 3783/5943/3547
f 3785/5945/3549 3784/5957/3561 3776/5939/3543
f 3775/5944/3548 3774/5930/3534 3766/5931/3535
f 3847/5946/3550 3862/6003/3607 3856/5947/3551
f 3783/5943/3547 3782/5955/3559 3774/5930/3534
f 3789/5949/3553 3890/5975/3579 3891/5950/3554
f 3786/5952/3556 3785/5945/3549 3777/5940/3544
f 3779/5953/3557 3787/5961/3565 3786/5952/3556
f 3781/5951/3555 3891/5950/3554 3892/5954/3558
f 3782/5955/3559 3781/5951/3555 3773/5927/3531
f 3791/5956/3560 3790/5963/3567 3782/5955/3559
f 3784/5957/3561 3792/5958/3562 3791/5956/3560
f 3785/5945/3549 3793/5959/3563 3792/5958/3562
f 3786/5952/3556 3794/5971/3575 3793/5959/3563
f 3795/5960/3564 3794/5971/3575 3786/5952/3556
f 3790/5963/3567 3789/5949/3553 3781/5951/3555
f 3732/5807/3420 3871/6312/3441 3895/5964/3568
f 3798/5965/3569 3797/5974/3578 3789/5949/3553
f 3799/5966/3570 3798/5965/3569 3790/5963/3567
f 3801/5967/3571 3800/5978/3582 3792/5958/3562
f 3839/5968/3572 3847/5946/3550 3846/5948/3552
f 3802/5970/3574 3801/5967/3571 3793/5959/3563
f 3803/5972/3576 3802/5970/3574 3794/5971/3575
f 3797/5974/3578 3889/5989/3593 3890/5975/3579
f 3807/5976/3580 3806/5984/3588 3798/5965/3569
f 3808/5977/3581 3807/5976/3580 3799/5966/3570
f 3809/5979/3583 3808/5977/3581 3800/5978/3582
f 3810/5980/3584 3809/5979/3583 3801/5967/3571
f 3803/5972/3576 3811/5991/3595 3810/5980/3584
f 3800/5978/3582 3799/5966/3570 3791/5956/3560
f 3820/5981/3585 3812/5992/3596 3879/5982/3586
f 3806/5984/3588 3805/5986/3590 3797/5974/3578
f 3814/5985/3589 3813/5995/3599 3805/5986/3590
f 3797/5974/3578 3805/5986/3590 3887/5988/3592
f 3818/5990/3594 3817/6001/3605 3809/5979/3583
f 3811/5991/3595 3819/6005/3609 3818/5990/3594
f 3805/5986/3590 3813/5995/3599 3879/5993/3597
f 3822/5994/3598 3821/6012/3616 3813/5995/3599
f 3823/5996/3600 3822/5994/3598 3814/5985/3589
f 3824/5998/3602 3823/5996/3600 3815/5997/3601
f 3825/6000/3604 3824/5998/3602 3816/5999/3603
f 3815/5997/3601 3814/5985/3589 3806/5984/3588
f 3892/6002/3606 3772/5926/3530 3764/5925/3529
f 3808/5977/3581 3816/5999/3603 3815/5997/3601
f 3817/6001/3605 3816/5999/3603 3808/5977/3581
f 3818/5990/3594 3826/6006/3610 3825/6000/3604
f 3735/5864/3470 3734/6066/3666 3862/6003/3607
f 3819/6005/3609 3827/6010/3614 3826/6006/3610
f 3813/5995/3599 3821/6012/3616 3877/6007/3611
f 3834/6008/3612 3833/6014/3618 3825/6000/3604
f 3835/6009/3613 3834/6008/3612 3826/6006/3610
f 3830/6011/3615 3829/6038/3641 3821/6012/3616
f 3823/5996/3600 3831/6030/3633 3830/6011/3615
f 3832/6013/3617 3831/6030/3633 3823/5996/3600
f 3833/6014/3618 3832/6013/3617 3824/5998/3602
f 3821/6012/3616 3829/6038/3641 3902/6016/3620
f 4019/6017/3621 4036/6318/3849 4016/6018/3622
f 3895/6020/3624 3852/5884/3488 3844/5883/3487
f 3833/6014/3618 4011/6319/3848 4034/6022/3626
f 4034/6022/3626 4030/6280/3649 3840/6023/3627
f 3832/6013/3617 3833/6014/3618 4034/6022/3626
f 3835/6009/3613 3843/6032/3635 3842/5932/3536
f 3752/5917/3521 3751/5916/3520 3893/6025/3629
f 3828/6015/3619 3820/5981/3585 3877/5983/3587
f 3753/5910/3514 3752/5917/3521 3897/6026/3630
f 3840/6023/3627 3839/5968/3572 3831/6030/3633
f 3851/6031/3634 3850/6054/3656 3842/5932/3536
f 3845/5888/3492 3896/5887/3491 3898/6034/3637
f 3831/6030/3633 3839/5968/3572 3838/5969/3573
f 3834/6008/3612 3842/5932/3536 4013/5934/3538
f 4039/6036/3639 4011/6319/3848 3833/6014/3618
f 3834/6008/3612 4013/5934/3538 4039/6036/3639
f 3829/6038/3641 3837/6035/3638 3903/6037/3640
f 3837/6035/3638 3898/6034/3637 3903/6037/3640
f 3830/6011/3615 3838/5969/3573 3837/6035/3638
f 3906/6040/3643 3692/5833/3446 3700/5823/3436
f 3866/6041/3644 4007/6062/3663 4041/6042/3645
f 3848/6044/3647 3847/5946/3550 3839/5968/3572
f 3924/5747/3360 3641/5746/3359 3642/5740/3353
f 3915/6046/3648 3918/5856/3465 3660/5775/3388
f 3849/5905/3509 4005/5907/3511 4031/6047/3649
f 3896/6021/3625 3844/5883/3487 3836/6033/3636
f 3710/5844/3453 3718/5732/3345 3719/6050/3652
f 3719/6050/3652 3718/5732/3345 3726/5734/3347
f 3723/5704/3317 3722/5711/3324 3730/5710/3323
f 3812/5992/3596 3804/5987/3591 3887/6051/3653
f 3881/5826/3439 3708/5794/3407 3716/5712/3325
f 3922/6053/3655 3923/6057/3659 3855/5688/3301
f 3846/5948/3552 3856/5947/3551 3854/5886/3490
f 3903/6320/3863 3898/6049/3651 3902/6027/3631
f 3898/6049/3651 3836/6033/3636 3828/6015/3619
f 3850/6054/3656 3866/6041/3644 4006/6043/3646
f 3709/6055/3657 3717/5846/3455 3718/5732/3345
f 3863/6004/3608 3862/6003/3607 3847/5946/3550
f 3701/5843/3452 3883/5849/3458 3881/6056/3658
f 3706/5845/3454 3714/5703/3316 3715/5705/3318
f 3871/5828/3441 3731/5803/3416 3852/5884/3488
f 3891/5914/3518 3780/5913/3517 3772/5926/3530
f 3751/5916/3520 3750/5924/3528 3886/6024/3628
f 3923/6057/3659 3925/5713/3326 3724/6052/3654
f 3733/6058/3660 3732/5807/3420 3854/5886/3490
f 3862/6003/3607 3734/6066/3666 3733/6058/3660
f 3754/5908/3512 3753/5910/3514 3901/6029/3498
f 3719/6050/3652 3727/5815/3428 3728/6060/3661
f 3867/6061/3662 4003/6321/3840 4007/6062/3663
f 3857/5720/3333 3870/5719/3332 3872/5797/3410
f 3889/6063/3593 3796/5973/3577 3788/5962/3566
f 3859/5796/3409 3873/5798/3411 3874/5865/3471
f 3727/5815/3428 3859/5796/3409 3860/6064/3664
f 3804/5987/3591 3796/5973/3577 3889/6063/3593
f 3709/6055/3657 3881/6056/3658 3929/6065/3665
f 3846/5948/3552 3845/5888/3492 3837/6035/3638
f 3712/5805/3418 3720/5773/3386 3721/5772/3385
f 3867/6061/3662 3866/6041/3644 3850/6054/3656
f 3870/5719/3332 3732/5807/3420 3733/6058/3660
f 3873/5798/3411 3872/5797/3410 3733/6058/3660
f 3928/6045/3342 3642/5740/3353 3643/5742/3355
f 3876/5717/3330 4058/5731/3344 4054/6068/3469
f 3911/6070/3668 3684/5819/3432 3692/5833/3446
f 3725/5733/3346 3857/5720/3333 3858/5816/3429
f 3865/5715/3328 3876/5717/3330 3878/6069/3667
f 3912/6072/3309 3910/6113/3307 3931/6073/3306
f 3914/6075/3671 3933/6089/3683 3934/6076/3672
f 3907/6078/3674 3936/6092/3685 3937/6079/3675
f 3908/6081/3677 3904/6080/3676 3937/6079/3675
f 3989/6085/3681 3936/6092/3685 3935/6083/3679
f 3935/6083/3679 3986/6214/3802 3987/6084/3680
f 3937/6079/3675 3990/6242/3830 3991/6086/3682
f 3984/6082/3678 3991/6086/3682 3992/6087/3342
f 3931/6073/3306 3992/6087/3342 3994/6088/3348
f 3907/6078/3674 3919/6117/3708 3935/6083/3679
f 3934/6076/3672 3933/6089/3683 3995/6091/3684
f 4028/6102/3695 4029/6106/3699 4032/6103/3696
f 4037/6107/3700 4024/6191/3780 4022/6095/3688
f 4027/6104/3697 4032/6103/3696 4038/6108/3701
f 4043/6110/3703 4046/6158/3747 3982/6111/3704
f 3912/6072/3309 3940/6129/3718 3939/6112/3499
f 3942/6115/3706 3941/6114/3705 3914/6075/3671
f 3943/6116/3707 3942/6115/3706 3917/6077/3673
f 3945/6118/3709 3944/6125/3716 3907/6078/3674
f 3948/6121/3712 3945/6118/3709 3904/6080/3676
f 3939/6112/3499 3948/6121/3712 3908/6081/3677
f 3943/6116/3707 3944/6125/3716 3951/6322/3864
f 3951/6322/3864 3950/6122/3713 3943/6116/3707
f 3952/6124/3715 3951/6322/3864 3944/6125/3716
f 3953/6126/3717 3952/6124/3715 3945/6118/3709
f 3954/6127/3498 3953/6126/3717 3948/6121/3712
f 3955/6128/3500 3954/6127/3498 3939/6112/3499
f 3944/6125/3716 3943/6116/3707 3919/6117/3708
f 3959/6131/3720 3958/6134/3723 3956/6130/3719
f 3957/6132/3721 3949/6123/3714 3961/6155/3744
f 3961/6155/3744 3960/6133/3722 3957/6132/3721
f 3942/6115/3706 3957/6132/3721 3956/6130/3719
f 3949/6123/3714 3957/6132/3721 3942/6115/3706
f 3962/6135/3724 3965/6141/3730 3964/6136/3725
f 3958/6134/3723 3959/6131/3720 3968/6140/3729
f 3959/6131/3720 3969/6153/3742 3968/6140/3729
f 3974/6143/3732 3973/6147/3736 3972/6144/3733
f 3976/6148/3737 3967/6139/3728 3966/6138/3727
f 3978/6150/3739 3947/6120/3711 3946/6119/3710
f 3977/6149/3738 3974/6143/3732 3971/6145/3734
f 3979/6151/3740 3946/6119/3710 3981/6154/3743
f 4046/6158/3747 4049/6160/3749 4048/6156/3745
f 3973/6147/3736 3975/6146/3735 3988/6159/3748
f 4048/6156/3745 4049/6160/3749 4038/6108/3701
f 4049/6160/3749 4051/6323/3859 4047/6109/3702
f 4018/6161/3750 4037/6107/3700 4023/6098/3691
f 4052/6162/3751 4026/6101/3694 4033/6105/3698
f 3635/5869/3475 3627/6198/3753 3912/6164/3753
f 3993/6324/3863 3985/6157/3746 3980/6152/3741
f 3985/6157/3746 3981/6154/3743 3977/6149/3738
f 4009/6167/3756 3986/6214/3802 3998/6093/3686
f 3998/6093/3686 4002/6193/3782 4008/6166/3755
f 3924/6168/3757 3928/6200/3788 3992/6169/3758
f 3920/6171/3760 3924/6168/3757 3991/6170/3759
f 3996/6173/3762 3938/6097/3690 3947/6120/3711
f 3963/6137/3726 3964/6136/3725 3967/6139/3728
f 3926/5850/3459 4009/5852/3461 4008/6174/3763
f 3997/6176/3765 3970/6142/3731 3965/6141/3730
f 3913/6177/3766 3915/6274/3851 4018/6178/3767
f 3975/6146/3735 3970/6142/3731 3997/6176/3765
f 3918/6180/3769 3921/6184/3773 4024/6181/3770
f 3885/6183/3772 4025/6206/3795 4024/6181/3770
f 3881/6185/3774 4027/6243/3831 4047/6186/3775
f 3972/6188/3777 3988/6241/3829 3887/6189/3778
f 4025/6196/3785 4002/6193/3782 4024/6191/3780
f 4002/6193/3782 4001/6094/3687 4024/6191/3780
f 4017/6192/3781 4018/6161/3750 4020/6099/3692
f 3998/6093/3686 3995/6091/3684 4001/6094/3687
f 3971/6194/3783 3972/6188/3777 3879/6190/3779
f 3940/6197/3786 3912/6164/3753 3627/6198/3753
f 3928/6200/3788 3884/5871/3789 3994/5870/3789
f 3960/6201/3790 3961/6325/3865 3899/6202/3791
f 3911/6204/3793 3913/6177/3766 4017/6179/3768
f 3885/6183/3772 3927/6175/3764 4008/6174/3763
f 3901/6207/3796 3954/6211/3799 3955/6208/3797
f 3897/6210/3798 3953/6219/3807 3954/6211/3799
f 3980/6212/3800 3971/6194/3783 3877/6195/3784
f 3920/6171/3760 3990/6172/3761 3989/6215/3803
f 3882/6217/3805 3969/6326/3866 3960/6201/3790
f 3917/6077/3673 3934/6076/3672 3935/6083/3679
f 3893/6218/3806 3952/6327/3867 3953/6219/3807
f 3890/6220/3808 3962/6226/3814 3963/6221/3809
f 3951/6223/3811 3952/6327/3867 3893/6218/3806
f 3934/6076/3672 3998/6093/3686 3986/6214/3802
f 3889/6225/3813 3997/6328/3868 3962/6226/3814
f 3892/6227/3815 3976/6236/3824 3968/6228/3816
f 3968/6228/3816 3969/6326/3866 3882/6217/3805
f 4050/6163/3752 4033/6105/3698 4029/6106/3699
f 3911/6070/3668 3913/5754/3367 3676/5756/3369
f 3896/6230/3818 3979/6240/3828 3985/6231/3819
f 3906/6233/3821 4050/6255/3845 4028/6234/3822
f 3996/6173/3762 4043/6110/3703 3983/6096/3689
f 3891/6222/3810 3963/6221/3809 3976/6236/3824
f 3898/6232/3820 3985/6231/3819 3993/6237/3825
f 3908/6081/3677 3984/6082/3678 3931/6073/3306
f 4052/6162/3751 4017/6192/3781 4021/6100/3693
f 3895/6239/3827 3978/6247/3839 3979/6240/3828
f 3988/6241/3829 3997/6328/3868 3889/6225/3813
f 3936/6092/3685 3989/6085/3681 3990/6242/3830
f 3883/6235/3823 4028/6234/3822 4027/6243/3831
f 3955/6208/3832 3940/6197/3786 3746/6199/3787
f 3950/6244/3834 3951/6223/3811 3886/6224/3812
f 3993/6237/3836 3980/6212/3800 3902/6213/3801
f 3871/6246/3838 3996/6251/3842 3978/6247/3839
f 3899/6202/3791 3961/6325/3865 3950/6244/3834
f 4003/6248/3840 3738/6315/3861 3737/5861/3468
f 3871/6246/3838 3922/6303/3857 4043/6250/3841
f 3929/6187/3776 4047/6186/3775 4051/5854/3843
f 4068/5748/3361 3729/5749/3362 4059/6253/3467
f 3911/6204/3793 4052/6205/3794 4050/6255/3845
f 3905/6216/3804 3989/6215/3803 3987/5851/3460
f 4072/6258/3847 4060/5859/3467 4073/6329/3847
f 4060/5859/3467 4059/6314/3467 4073/6329/3847
f 4073/6329/3847 4061/6257/3322 4072/6258/3847
f 4031/6279/3649 4030/6278/3649 4035/6261/3626
f 4030/6278/3649 4034/6330/3626 4035/6261/3626
f 4034/6330/3626 4011/6259/3848 4035/6261/3626
f 4031/6047/3649 4035/6331/3626 4010/6262/3848
f 3863/6004/3608 4016/6286/3622 4036/6263/3849
f 4036/6263/3849 4019/6272/3621 3736/5874/3480
f 3736/5874/3480 3735/5864/3470 4036/6263/3849
f 3736/5874/3480 4000/6332/3869 4075/6264/3343
f 3729/5749/3362 4061/6300/3322 4073/6265/3847
f 4010/6260/3848 4011/6259/3848 4040/6268/3850
f 4011/6259/3848 4039/6266/3639 4040/6268/3850
f 4039/6266/3639 4013/6297/3538 4012/6267/3538
f 4040/6269/3850 4012/6299/3538 3841/6048/3650
f 3864/6019/3623 4006/6333/3646 4042/6270/3645
f 4006/6333/3646 4041/6273/3645 4042/6270/3645
f 4042/6271/3645 4000/6332/3869 3736/5874/3480
f 3737/5861/3468 4000/6334/3869 4041/6273/3645
f 4000/6334/3869 4042/6270/3645 4041/6273/3645
f 3915/6274/3851 3918/6180/3769 4037/6182/3771
f 3923/6275/3852 3925/5853/3462 4049/5855/3464
f 4005/6277/3511 4004/6335/3511 4030/6278/3649
f 4030/6280/3649 4004/6287/3511 3848/6044/3647
f 4075/5838/3343 4000/6334/3869 4074/6281/3343
f 4000/6334/3869 3737/5861/3468 4074/6281/3343
f 4067/6282/3361 4055/5878/3482 4056/6283/3482
f 4004/6335/3511 4005/6277/3511 4044/6285/3510
f 4044/6285/3510 3999/6288/3854 3864/6019/3623
f 4016/6018/3622 4004/6335/3511 4044/6285/3510
f 4016/6286/3622 3863/6004/3608 3848/6044/3647
f 4014/6298/3537 4015/6336/3537 4045/6289/3855
f 4015/6336/3537 4006/6333/3646 4045/6289/3855
f 4006/6333/3646 3864/6019/3623 4045/6289/3855
f 4014/6290/3537 4045/6337/3855 3999/6291/3854
f 3728/6060/3661 3860/6064/3664 4055/6292/3482
f 3860/6064/3664 3874/5865/3471 4065/6294/3389
f 4057/6296/3329 4064/5837/3383 4077/6295/3856
f 4064/5837/3383 4063/5836/3383 4077/6295/3856
f 4077/6295/3856 4053/6316/3351 3875/5778/3391
f 4013/6297/3538 4015/6336/3537 4014/6298/3537
f 4012/6299/3538 4014/6290/3537 3849/5905/3509
f 4061/6300/3322 3729/5749/3362 3861/5736/3349
f 4063/6301/3383 3861/5736/3349 4053/5738/3351
f 3922/6303/3857 3923/6275/3852 4046/6276/3853
f 4054/6306/3858 3738/6338/3858 4003/6339/3858
f 4003/6339/3858 3867/6340/3858 3851/6341/3858
f 3851/6341/3858 3843/6342/3858 4003/6339/3858
f 3843/6342/3858 3835/6343/3858 4003/6339/3858
f 3835/6343/3858 3827/6344/3858 4003/6339/3858
f 3827/6344/3858 3819/6345/3858 4003/6339/3858
f 3819/6345/3858 3811/6346/3858 4003/6339/3858
f 3811/6346/3858 3803/6347/3858 4003/6339/3858
f 3803/6347/3858 3795/6348/3858 4003/6339/3858
f 3795/6348/3858 3787/6349/3858 3880/6304/3858
f 4003/6339/3858 3795/6348/3858 3880/6304/3858
f 3787/6349/3858 3779/6350/3858 3880/6304/3858
f 3779/6350/3858 3771/6351/3858 3880/6304/3858
f 3771/6351/3858 3762/6352/3858 3880/6304/3858
f 3762/6352/3858 3754/6353/3858 3880/6304/3858
f 3880/6304/3858 3746/6354/3858 3627/6355/3858
f 3884/6305/3858 3627/6355/3858 3635/6356/3858
f 3880/6304/3858 3627/6355/3858 3884/6305/3858
f 3884/6305/3858 3643/6357/3858 3651/6358/3858
f 3659/6359/3858 3884/6305/3858 3651/6358/3858
f 3659/6359/3858 3667/6360/3858 3884/6305/3858
f 3667/6360/3858 3675/6361/3858 3884/6305/3858
f 3675/6361/3858 3683/6362/3858 3884/6305/3858
f 3683/6362/3858 3691/6363/3858 4054/6306/3858
f 3884/6305/3858 3683/6362/3858 4054/6306/3858
f 3691/6363/3858 3699/6364/3858 4054/6306/3858
f 3699/6364/3858 3707/6365/3858 4054/6306/3858
f 3707/6365/3858 3715/6366/3858 4054/6306/3858
f 3715/6366/3858 3723/6367/3858 4054/6306/3858
f 3723/6367/3858 3853/6368/3858 4054/6306/3858
f 3853/6368/3858 3868/6369/3858 4054/6306/3858
f 3868/6369/3858 3878/6370/3858 4054/6306/3858
f 4054/6306/3858 4003/6339/3858 3880/6304/3858
o Cube_Cube.002
v -0.155409 0.114662 -0.086333
v -0.155409 0.114662 0.013667
v -0.155409 0.473475 -0.086333
v -0.155409 0.473475 0.013667
v 0.155409 0.114662 -0.086333
v 0.155409 0.114662 0.013667
v 0.155409 0.473475 -0.086333
v 0.155409 0.473475 0.013667
v -0.200000 0.465000 -0.040000
v 0.200000 0.465000 -0.040000
v -0.200000 0.464520 -0.044877
v 0.200000 0.464520 -0.044877
v -0.200000 0.463097 -0.049567
v 0.200000 0.463097 -0.049567
v -0.200000 0.460787 -0.053889
v 0.200000 0.460787 -0.053889
v -0.200000 0.457678 -0.057678
v 0.200000 0.457678 -0.057678
v -0.200000 0.453889 -0.060787
v 0.200000 0.453889 -0.060787
v -0.200000 0.449567 -0.063097
v 0.200000 0.449567 -0.063097
v -0.200000 0.444877 -0.064520
v 0.200000 0.444877 -0.064520
v -0.200000 0.440000 -0.065000
v 0.200000 0.440000 -0.065000
v -0.200000 0.435123 -0.064520
v 0.200000 0.435123 -0.064520
v -0.200000 0.430433 -0.063097
v 0.200000 0.430433 -0.063097
v -0.200000 0.426111 -0.060787
v 0.200000 0.426111 -0.060787
v -0.200000 0.422322 -0.057678
v 0.200000 0.422322 -0.057678
v -0.200000 0.419213 -0.053889
v 0.200000 0.419213 -0.053889
v -0.200000 0.416903 -0.049567
v 0.200000 0.416903 -0.049567
v -0.200000 0.415480 -0.044877
v 0.200000 0.415480 -0.044877
v -0.200000 0.415000 -0.040000
v 0.200000 0.415000 -0.040000
v -0.200000 0.415480 -0.035123
v 0.200000 0.415480 -0.035123
v -0.200000 0.416903 -0.030433
v 0.200000 0.416903 -0.030433
v -0.200000 0.419213 -0.026111
v 0.200000 0.419213 -0.026111
v -0.200000 0.422322 -0.022322
v 0.200000 0.422322 -0.022322
v -0.200000 0.426111 -0.019213
v 0.200000 0.426111 -0.019213
v -0.200000 0.430433 -0.016903
v 0.200000 0.430433 -0.016903
v -0.200000 0.435123 -0.015480
v 0.200000 0.435123 -0.015480
v -0.200000 0.440000 -0.015000
v 0.200000 0.440000 -0.015000
v -0.200000 0.444877 -0.015480
v 0.200000 0.444877 -0.015480
v -0.200000 0.449567 -0.016903
v 0.200000 0.449567 -0.016903
v -0.200000 0.453889 -0.019213
v 0.200000 0.453889 -0.019213
v -0.200000 0.457678 -0.022322
v 0.200000 0.457678 -0.022322
v -0.200000 0.460787 -0.026111
v 0.200000 0.460787 -0.026111
v -0.200000 0.463097 -0.030433
v 0.200000 0.463097 -0.030433
v -0.200000 0.464520 -0.035123
v 0.200000 0.464520 -0.035123
v -0.155409 0.415480 -0.044877
v 0.155409 0.415480 -0.044877
v 0.155409 0.415000 -0.040000
v -0.155409 0.415000 -0.040000
v 0.155409 0.415480 -0.035123
v -0.155409 0.415480 -0.035123
v 0.155409 0.416903 -0.030433
v -0.155409 0.416903 -0.030433
v -0.155409 0.419213 -0.026111
v -0.155409 0.422322 -0.022322
v -0.155409 0.426111 -0.019213
v 0.155409 0.419213 -0.026111
v -0.155409 0.430433 -0.016903
v -0.155409 0.435123 -0.015480
v -0.155409 0.440000 -0.015000
v -0.155409 0.419213 -0.053889
v -0.155409 0.416903 -0.049567
v -0.155409 0.444877 -0.015480
v -0.155409 0.426111 -0.060787
v -0.155409 0.435123 -0.064520
v -0.155409 0.430433 -0.063097
v -0.155409 0.422322 -0.057678
v -0.155409 0.444877 -0.064520
v -0.155409 0.453889 -0.060787
v -0.155409 0.453889 -0.019213
v -0.155409 0.449567 -0.063097
v -0.155409 0.449567 -0.016903
v -0.155409 0.460787 -0.053889
v -0.155409 0.460787 -0.026111
v -0.155409 0.465000 -0.040000
v -0.155409 0.464520 -0.044877
v 0.155409 0.422322 -0.022322
v -0.155409 0.464520 -0.035123
v -0.155409 0.463097 -0.049567
v -0.155409 0.463097 -0.030433
v -0.155409 0.457678 -0.057678
v -0.155409 0.457678 -0.022322
v -0.155409 0.440000 -0.065000
v 0.155409 0.426111 -0.019213
v 0.155409 0.430433 -0.016903
v 0.155409 0.435123 -0.015480
v 0.155409 0.440000 -0.015000
v 0.155409 0.419213 -0.053889
v 0.155409 0.416903 -0.049567
v 0.155409 0.444877 -0.015480
v 0.155409 0.426111 -0.060787
v 0.155409 0.435123 -0.064520
v 0.155409 0.430433 -0.063097
v 0.155409 0.422322 -0.057678
v 0.155409 0.444877 -0.064520
v 0.155409 0.453889 -0.060787
v 0.155409 0.453889 -0.019213
v 0.155409 0.449567 -0.063097
v 0.155409 0.449567 -0.016903
v 0.155409 0.460787 -0.053889
v 0.155409 0.460787 -0.026111
v 0.155409 0.465000 -0.040000
v 0.155409 0.464520 -0.044877
v 0.155409 0.464520 -0.035123
v 0.155409 0.463097 -0.049567
v 0.155409 0.463097 -0.030433
v 0.155409 0.457678 -0.057678
v 0.155409 0.457678 -0.022322
v 0.155409 0.440000 -0.065000
vt 0.654211 0.217359
vt 0.636881 0.195614
vt 0.649626 0.207869
vt 0.713032 0.192095
vt 0.662845 0.201951
vt 0.662421 0.200739
vt 0.753326 0.281373
vt 0.722732 0.256566
vt 0.672262 0.267595
vt 0.672214 0.266309
vt 0.275106 0.850302
vt 0.343550 0.929314
vt 0.275106 0.929314
vt 0.650285 0.281373
vt 0.657901 0.265500
vt 0.657671 0.266868
vt 0.875398 0.483983
vt 0.943842 0.562996
vt 0.875398 0.562996
vt 0.653898 0.210906
vt 0.655065 0.211102
vt 0.648814 0.200917
vt 0.648395 0.202351
vt 0.648275 0.203827
vt 0.652754 0.210472
vt 0.651620 0.209799
vt 0.648456 0.205283
vt 0.648919 0.206655
vt 0.650532 0.208895
vt 0.649522 0.199584
vt 0.733843 0.157997
vt 0.656490 0.196029
vt 0.654647 0.196235
vt 0.656251 0.211070
vt 0.657466 0.210806
vt 0.650497 0.198404
vt 0.651706 0.197426
vt 0.658699 0.210310
vt 0.659898 0.209590
vt 0.653107 0.196691
vt 0.660992 0.208640
vt 0.658109 0.196574
vt 0.659531 0.197346
vt 0.662008 0.207249
vt 0.662657 0.205855
vt 0.660733 0.198313
vt 0.661701 0.199450
vt 0.662984 0.204505
vt 0.663037 0.203205
vt 0.659586 0.272221
vt 0.660713 0.273210
vt 0.662034 0.273963
vt 0.668456 0.274058
vt 0.666666 0.274517
vt 0.665069 0.274637
vt 0.662858 0.260244
vt 0.661762 0.260630
vt 0.658829 0.255274
vt 0.664060 0.260061
vt 0.663505 0.274447
vt 0.665360 0.260081
vt 0.666708 0.260319
vt 0.668041 0.260801
vt 0.669759 0.272976
vt 0.670799 0.271755
vt 0.669496 0.261706
vt 0.670610 0.262754
vt 0.671566 0.270434
vt 0.672055 0.269040
vt 0.671408 0.263884
vt 0.671933 0.265072
vt 0.343550 0.850302
vt 0.660764 0.261218
vt 0.659869 0.262016
vt 0.658693 0.271038
vt 0.658064 0.269711
vt 0.659064 0.263032
vt 0.658378 0.264246
vt 0.657721 0.268299
vt 0.943842 0.483983
vt 0.934952 0.123244
vt 0.943572 0.116309
vt 0.936589 0.124878
vt 0.911651 0.769463
vt 0.912840 0.780460
vt 0.910528 0.780458
vt 0.951550 0.124854
vt 0.944601 0.116250
vt 0.953179 0.123217
vt 0.911794 0.769457
vt 0.915109 0.780011
vt 0.945232 0.127488
vt 0.944243 0.116473
vt 0.947499 0.127032
vt 0.911934 0.769423
vt 0.917246 0.779127
vt 0.944377 0.116423
vt 0.949633 0.126143
vt 0.912065 0.769362
vt 0.919169 0.777843
vt 0.938513 0.126162
vt 0.943819 0.116455
vt 0.940651 0.127044
vt 0.912181 0.769276
vt 0.920805 0.776208
vt 0.943689 0.116394
vt 0.912279 0.769170
vt 0.922090 0.774285
vt 0.955334 0.119163
vt 0.944771 0.115858
vt 0.955780 0.116904
vt 0.912354 0.769046
vt 0.922975 0.772149
vt 0.944778 0.115711
vt 0.955780 0.114601
vt 0.912404 0.768909
vt 0.923426 0.769881
vt 0.932327 0.114607
vt 0.943328 0.115798
vt 0.932328 0.116919
vt 0.912426 0.768766
vt 0.923426 0.767569
vt 0.912420 0.768620
vt 0.922975 0.765301
vt 0.945216 0.104022
vt 0.944021 0.115016
vt 0.942903 0.104021
vt 0.912386 0.768479
vt 0.922090 0.763164
vt 0.947484 0.104474
vt 0.944164 0.115022
vt 0.912325 0.768348
vt 0.920805 0.761242
vt 0.953171 0.108283
vt 0.944547 0.115202
vt 0.951540 0.106647
vt 0.912239 0.768231
vt 0.919170 0.759607
vt 0.954452 0.110205
vt 0.944642 0.115308
vt 0.912133 0.768133
vt 0.917246 0.758323
vt 0.943879 0.115038
vt 0.940635 0.104473
vt 0.912010 0.768057
vt 0.915109 0.757440
vt 0.943744 0.115088
vt 0.938499 0.105358
vt 0.911875 0.768008
vt 0.912841 0.756990
vt 0.933660 0.110202
vt 0.943369 0.115512
vt 0.932777 0.112339
vt 0.911733 0.767986
vt 0.910529 0.756993
vt 0.934943 0.108280
vt 0.943430 0.115380
vt 0.911590 0.767992
vt 0.908262 0.757447
vt 0.936577 0.106644
vt 0.943515 0.115262
vt 0.911451 0.768027
vt 0.906128 0.758335
vt 0.943621 0.115164
vt 0.911322 0.768088
vt 0.904209 0.759623
vt 0.955332 0.112339
vt 0.944714 0.115431
vt 0.911207 0.768173
vt 0.902579 0.761259
vt 0.944760 0.115568
vt 0.911112 0.768280
vt 0.901300 0.763181
vt 0.949619 0.105360
vt 0.944303 0.115056
vt 0.911040 0.768404
vt 0.900420 0.765313
vt 0.944432 0.115117
vt 0.910995 0.768541
vt 0.899973 0.767574
vt 0.848665 0.125114
vt 0.853604 0.119096
vt 0.859622 0.124035
vt 0.910977 0.768685
vt 0.899972 0.769875
vt 0.943350 0.115942
vt 0.932780 0.119186
vt 0.910978 0.768830
vt 0.900419 0.772136
vt 0.954456 0.121295
vt 0.944740 0.116000
vt 0.911009 0.768970
vt 0.901298 0.774269
vt 0.944683 0.116133
vt 0.911067 0.769102
vt 0.902576 0.776191
vt 0.933666 0.121322
vt 0.943475 0.116202
vt 0.911149 0.769219
vt 0.904207 0.777828
vt 0.943400 0.116078
vt 0.911253 0.769316
vt 0.906126 0.779116
vt 0.942920 0.127492
vt 0.944102 0.116495
vt 0.815082 0.122977
vt 0.817755 0.119720
vt 0.822945 0.129430
vt 0.911375 0.769392
vt 0.908260 0.780004
vt 0.943959 0.116489
vt 0.911509 0.769441
vt 0.944498 0.116348
vt 0.943334 0.115653
vt 0.854683 0.130053
vt 0.853604 0.130053
vt 0.852545 0.129843
vt 0.851548 0.129430
vt 0.850651 0.128830
vt 0.849888 0.128067
vt 0.849288 0.127170
vt 0.848875 0.126173
vt 0.848665 0.124035
vt 0.849888 0.121082
vt 0.848875 0.122976
vt 0.849288 0.121979
vt 0.850651 0.120319
vt 0.851548 0.119719
vt 0.852545 0.119306
vt 0.854683 0.119096
vt 0.857636 0.120319
vt 0.855742 0.119306
vt 0.856739 0.119719
vt 0.858399 0.121082
vt 0.858999 0.121979
vt 0.859412 0.122977
vt 0.859622 0.125114
vt 0.859412 0.126173
vt 0.858999 0.127170
vt 0.858399 0.128067
vt 0.857636 0.128830
vt 0.856739 0.129430
vt 0.855742 0.129843
vt 0.818752 0.119307
vt 0.819811 0.119096
vt 0.820890 0.119096
vt 0.821948 0.119306
vt 0.822945 0.119720
vt 0.825205 0.121979
vt 0.823843 0.120319
vt 0.824606 0.121082
vt 0.825618 0.122976
vt 0.825618 0.126173
vt 0.825829 0.124035
vt 0.825829 0.125114
vt 0.825205 0.127170
vt 0.824606 0.128067
vt 0.823843 0.128830
vt 0.821948 0.129843
vt 0.820890 0.130053
vt 0.819811 0.130053
vt 0.818752 0.129843
vt 0.817755 0.129430
vt 0.816858 0.128830
vt 0.816095 0.128067
vt 0.815495 0.127170
vt 0.815082 0.126173
vt 0.814872 0.125114
vt 0.814872 0.124035
vt 0.815495 0.121979
vt 0.816095 0.121082
vt 0.816858 0.120319
vn 1.0000 0.0000 0.0000
vn 0.0000 -1.0000 0.0000
vn -1.0000 0.0000 0.0000
vn 0.0000 0.0000 -1.0000
vn 0.0000 1.0000 0.0000
vn 0.0000 -0.0000 1.0000
vn 0.0000 0.7071 0.7071
vn 0.0000 0.5556 0.8315
vn 0.0000 0.9808 -0.1951
vn 0.0000 -0.7071 0.7071
vn 0.0000 -0.8315 0.5556
vn 0.0000 0.9239 -0.3827
vn 0.0000 -0.1951 0.9808
vn 0.0000 -0.3827 0.9239
vn 0.0000 0.8315 -0.5556
vn 0.0000 -0.5556 0.8315
vn 0.0000 0.7071 -0.7071
vn 0.0000 0.3827 0.9239
vn 0.0000 0.1951 0.9808
vn 0.0000 0.5556 -0.8315
vn 0.0000 0.3827 -0.9239
vn 0.0000 -0.9808 0.1951
vn 0.0000 0.1951 -0.9808
vn 0.0000 -0.9808 -0.1951
vn 0.0000 0.9808 0.1951
vn 0.0000 -0.1951 -0.9808
vn 0.0000 -0.3827 -0.9239
vn 0.0000 -0.5556 -0.8315
vn 0.0000 -0.7071 -0.7071
vn 0.0000 -0.8315 -0.5556
vn 0.0000 -0.9239 -0.3827
vn 0.0000 -0.9239 0.3827
vn 0.0000 0.9239 0.3827
vn 0.0000 0.8315 0.5556
usemtl Material
s off
f 4084/6371/3870 4085/6372/3870 4206/6373/3870
f 4082/6374/3870 4151/6375/3870 4152/6376/3870
f 4082/6374/3871 4079/6377/3871 4078/6378/3871
f 4153/6379/3872 4150/6380/3872 4078/6378/3872
f 4082/6381/3873 4080/6382/3873 4084/6383/3873
f 4084/6371/3874 4081/6384/3874 4085/6372/3874
f 4179/6385/3872 4182/6386/3872 4081/6384/3872
f 4079/6387/3875 4085/6388/3875 4081/6389/3875
f 4211/6390/3870 4200/6391/3870 4084/6371/3870
f 4085/6372/3870 4201/6392/3870 4212/6393/3870
f 4085/6372/3870 4212/6393/3870 4205/6394/3870
f 4204/6395/3870 4211/6390/3870 4084/6371/3870
f 4209/6396/3870 4204/6395/3870 4084/6371/3870
f 4085/6372/3870 4205/6394/3870 4210/6397/3870
f 4085/6372/3870 4210/6397/3870 4208/6398/3870
f 4207/6399/3870 4209/6396/3870 4084/6371/3870
f 4085/6372/3870 4208/6398/3870 4206/6373/3870
f 4206/6373/3870 4207/6399/3870 4084/6371/3870
f 4203/6400/3870 4201/6392/3870 4085/6372/3870
f 4085/6372/3870 4083/6401/3870 4188/6402/3870
f 4083/6401/3870 4082/6374/3870 4152/6376/3870
f 4085/6372/3870 4188/6402/3870 4189/6403/3870
f 4084/6371/3870 4200/6391/3870 4202/6404/3870
f 4084/6371/3870 4202/6404/3870 4199/6405/3870
f 4194/6406/3870 4203/6400/3870 4085/6372/3870
f 4191/6407/3870 4194/6406/3870 4085/6372/3870
f 4084/6371/3870 4199/6405/3870 4213/6408/3870
f 4084/6371/3870 4213/6408/3870 4196/6409/3870
f 4190/6410/3870 4191/6407/3870 4085/6372/3870
f 4189/6403/3870 4190/6410/3870 4085/6372/3870
f 4082/6374/3870 4084/6371/3870 4197/6411/3870
f 4084/6371/3870 4196/6409/3870 4197/6411/3870
f 4188/6402/3870 4083/6401/3870 4181/6412/3870
f 4181/6412/3870 4083/6401/3870 4161/6413/3870
f 4082/6374/3870 4197/6411/3870 4195/6414/3870
f 4082/6374/3870 4195/6414/3870 4198/6415/3870
f 4161/6413/3870 4083/6401/3870 4156/6416/3870
f 4156/6416/3870 4083/6401/3870 4154/6417/3870
f 4082/6374/3870 4198/6415/3870 4192/6418/3870
f 4082/6374/3870 4192/6418/3870 4193/6419/3870
f 4154/6417/3870 4083/6401/3870 4152/6376/3870
f 4082/6374/3870 4193/6419/3870 4151/6375/3870
f 4082/6374/3871 4083/6401/3871 4079/6377/3871
f 4081/6384/3872 4174/6420/3872 4176/6421/3872
f 4081/6384/3872 4176/6421/3872 4167/6422/3872
f 4078/6378/3872 4079/6377/3872 4153/6379/3872
f 4079/6377/3872 4081/6384/3872 4160/6423/3872
f 4162/6424/3872 4081/6384/3872 4163/6425/3872
f 4175/6426/3872 4173/6427/3872 4080/6428/3872
f 4172/6429/3872 4175/6426/3872 4080/6428/3872
f 4081/6384/3872 4167/6422/3872 4164/6430/3872
f 4081/6384/3872 4164/6430/3872 4163/6425/3872
f 4187/6431/3872 4172/6429/3872 4080/6428/3872
f 4169/6432/3872 4187/6431/3872 4080/6428/3872
f 4081/6384/3872 4162/6424/3872 4160/6423/3872
f 4169/6432/3872 4080/6428/3872 4170/6433/3872
f 4080/6428/3872 4078/6378/3872 4170/6433/3872
f 4079/6377/3872 4160/6423/3872 4159/6434/3872
f 4079/6377/3872 4159/6434/3872 4158/6435/3872
f 4168/6436/3872 4170/6433/3872 4078/6378/3872
f 4171/6437/3872 4168/6436/3872 4078/6378/3872
f 4079/6377/3872 4158/6435/3872 4157/6438/3872
f 4079/6377/3872 4157/6438/3872 4155/6439/3872
f 4165/6440/3872 4171/6437/3872 4078/6378/3872
f 4166/6441/3872 4165/6440/3872 4078/6378/3872
f 4079/6377/3872 4155/6439/3872 4153/6379/3872
f 4150/6380/3872 4166/6441/3872 4078/6378/3872
f 4082/6381/3873 4078/6442/3873 4080/6382/3873
f 4084/6371/3874 4080/6428/3874 4081/6384/3874
f 4080/6428/3872 4173/6427/3872 4185/6443/3872
f 4080/6428/3872 4185/6443/3872 4177/6444/3872
f 4186/6445/3872 4174/6420/3872 4081/6384/3872
f 4178/6446/3872 4186/6445/3872 4081/6384/3872
f 4080/6428/3872 4177/6444/3872 4183/6447/3872
f 4080/6428/3872 4183/6447/3872 4180/6448/3872
f 4184/6449/3872 4178/6446/3872 4081/6384/3872
f 4182/6386/3872 4184/6449/3872 4081/6384/3872
f 4081/6384/3872 4080/6428/3872 4179/6385/3872
f 4080/6428/3872 4180/6448/3872 4179/6385/3872
f 4079/6387/3875 4083/6450/3875 4085/6388/3875
s 1
f 4186/6451/3876 4140/6452/3877 4174/6453/3877
f 4087/6454/3874 4207/6455/3878 4206/6456/3874
f 4159/6457/3879 4124/6458/3880 4158/6459/3880
f 4089/6460/3878 4209/6461/3881 4207/6455/3878
f 4163/6462/3882 4130/6463/3883 4162/6464/3883
f 4091/6465/3881 4204/6466/3884 4209/6461/3881
f 4162/6464/3883 4128/6467/3885 4160/6468/3885
f 4093/6469/3884 4211/6470/3886 4204/6466/3884
f 4176/6471/3887 4136/6472/3888 4167/6473/3888
f 4095/6474/3886 4200/6475/3889 4211/6470/3886
f 4174/6453/3877 4138/6476/3887 4176/6471/3887
f 4097/6477/3889 4202/6478/3890 4200/6475/3889
f 4155/6479/3891 4118/6480/3871 4153/6481/3871
f 4099/6482/3890 4199/6483/3892 4202/6478/3890
f 4153/6481/3871 4116/6484/3893 4150/6485/3893
f 4101/6486/3892 4213/6487/3873 4199/6483/3892
f 4179/6488/3874 4148/6489/3894 4182/6490/3894
f 4103/6491/3873 4196/6492/3895 4213/6487/3873
f 4105/6493/3895 4197/6494/3896 4196/6492/3895
f 4187/6495/3873 4100/6496/3892 4172/6497/3892
f 4107/6498/3896 4195/6499/3897 4197/6494/3896
f 4169/6500/3895 4102/6501/3873 4187/6495/3873
f 4109/6502/3897 4198/6503/3898 4195/6499/3897
f 4171/6504/3898 4108/6505/3897 4168/6506/3897
f 4111/6507/3898 4192/6508/3899 4198/6503/3898
f 4165/6509/3899 4110/6510/3898 4171/6504/3898
f 4113/6511/3899 4193/6512/3900 4192/6508/3899
f 4172/6497/3892 4098/6513/3890 4175/6514/3890
f 4115/6515/3900 4151/6516/3893 4193/6512/3900
f 4175/6514/3890 4096/6517/3889 4173/6518/3889
f 4117/6519/3893 4152/6520/3871 4151/6516/3893
f 4183/6521/3881 4088/6522/3878 4180/6523/3878
f 4119/6524/3871 4154/6525/3891 4152/6520/3871
f 4177/6526/3884 4090/6527/3881 4183/6521/3881
f 4121/6528/3891 4156/6529/3901 4154/6525/3891
f 4185/6530/3886 4092/6531/3884 4177/6526/3884
f 4123/6532/3901 4161/6533/3880 4156/6529/3901
f 4173/6518/3889 4094/6534/3886 4185/6530/3886
f 4125/6535/3880 4181/6536/3879 4161/6533/3880
f 4166/6537/3900 4112/6538/3899 4165/6509/3899
f 4127/6539/3879 4188/6540/3885 4181/6536/3879
f 4150/6485/3893 4114/6541/3900 4166/6537/3900
f 4129/6542/3885 4189/6543/3883 4188/6540/3885
f 4170/6544/3896 4104/6545/3895 4169/6500/3895
f 4131/6546/3883 4190/6547/3882 4189/6543/3883
f 4168/6506/3897 4106/6548/3896 4170/6544/3896
f 4133/6549/3882 4191/6550/3875 4190/6547/3882
f 4090/6551/3872 4106/6552/3872 4122/6553/3872
f 4135/6554/3875 4194/6555/3888 4191/6550/3875
f 4182/6490/3894 4146/6556/3902 4184/6557/3902
f 4137/6558/3888 4203/6559/3887 4194/6555/3888
f 4157/6560/3901 4120/6561/3891 4155/6479/3891
f 4139/6562/3887 4201/6563/3877 4203/6559/3887
f 4158/6459/3880 4122/6564/3901 4157/6560/3901
f 4141/6565/3877 4212/6566/3876 4201/6563/3877
f 4178/6567/3903 4142/6568/3876 4186/6451/3876
f 4143/6569/3876 4205/6570/3903 4212/6566/3876
f 4184/6557/3902 4144/6571/3903 4178/6567/3903
f 4145/6572/3903 4210/6573/3902 4205/6570/3903
f 4164/6574/3875 4132/6575/3882 4163/6462/3882
f 4087/6576/3870 4143/6577/3870 4111/6578/3870
f 4147/6579/3902 4208/6580/3894 4210/6573/3902
f 4167/6473/3888 4134/6581/3875 4164/6574/3875
f 4149/6582/3894 4206/6456/3874 4208/6580/3894
f 4160/6468/3885 4126/6583/3879 4159/6457/3879
f 4180/6523/3878 4086/6584/3874 4179/6488/3874
f 4186/6451/3876 4142/6568/3876 4140/6452/3877
f 4087/6454/3874 4089/6460/3878 4207/6455/3878
f 4159/6457/3879 4126/6583/3879 4124/6458/3880
f 4089/6460/3878 4091/6465/3881 4209/6461/3881
f 4163/6462/3882 4132/6575/3882 4130/6463/3883
f 4091/6465/3881 4093/6469/3884 4204/6466/3884
f 4162/6464/3883 4130/6463/3883 4128/6467/3885
f 4093/6469/3884 4095/6474/3886 4211/6470/3886
f 4176/6471/3887 4138/6476/3887 4136/6472/3888
f 4095/6474/3886 4097/6477/3889 4200/6475/3889
f 4174/6453/3877 4140/6452/3877 4138/6476/3887
f 4097/6477/3889 4099/6482/3890 4202/6478/3890
f 4155/6479/3891 4120/6561/3891 4118/6480/3871
f 4099/6482/3890 4101/6486/3892 4199/6483/3892
f 4153/6481/3871 4118/6480/3871 4116/6484/3893
f 4101/6486/3892 4103/6491/3873 4213/6487/3873
f 4179/6488/3874 4086/6584/3874 4148/6489/3894
f 4103/6491/3873 4105/6493/3895 4196/6492/3895
f 4105/6493/3895 4107/6498/3896 4197/6494/3896
f 4187/6495/3873 4102/6501/3873 4100/6496/3892
f 4107/6498/3896 4109/6502/3897 4195/6499/3897
f 4169/6500/3895 4104/6545/3895 4102/6501/3873
f 4109/6502/3897 4111/6507/3898 4198/6503/3898
f 4171/6504/3898 4110/6510/3898 4108/6505/3897
f 4111/6507/3898 4113/6511/3899 4192/6508/3899
f 4165/6509/3899 4112/6538/3899 4110/6510/3898
f 4113/6511/3899 4115/6515/3900 4193/6512/3900
f 4172/6497/3892 4100/6496/3892 4098/6513/3890
f 4115/6515/3900 4117/6519/3893 4151/6516/3893
f 4175/6514/3890 4098/6513/3890 4096/6517/3889
f 4117/6519/3893 4119/6524/3871 4152/6520/3871
f 4183/6521/3881 4090/6527/3881 4088/6522/3878
f 4119/6524/3871 4121/6528/3891 4154/6525/3891
f 4177/6526/3884 4092/6531/3884 4090/6527/3881
f 4121/6528/3891 4123/6532/3901 4156/6529/3901
f 4185/6530/3886 4094/6534/3886 4092/6531/3884
f 4123/6532/3901 4125/6535/3880 4161/6533/3880
f 4173/6518/3889 4096/6517/3889 4094/6534/3886
f 4125/6535/3880 4127/6539/3879 4181/6536/3879
f 4166/6537/3900 4114/6541/3900 4112/6538/3899
f 4127/6539/3879 4129/6542/3885 4188/6540/3885
f 4150/6485/3893 4116/6484/3893 4114/6541/3900
f 4129/6542/3885 4131/6546/3883 4189/6543/3883
f 4170/6544/3896 4106/6548/3896 4104/6545/3895
f 4131/6546/3883 4133/6549/3882 4190/6547/3882
f 4168/6506/3897 4108/6505/3897 4106/6548/3896
f 4133/6549/3882 4135/6554/3875 4191/6550/3875
f 4138/6585/3872 4140/6586/3872 4142/6587/3872
f 4142/6587/3872 4144/6588/3872 4146/6589/3872
f 4146/6589/3872 4148/6590/3872 4086/6591/3872
f 4086/6591/3872 4088/6592/3872 4146/6589/3872
f 4088/6592/3872 4090/6551/3872 4146/6589/3872
f 4090/6551/3872 4092/6593/3872 4098/6594/3872
f 4092/6593/3872 4094/6595/3872 4098/6594/3872
f 4094/6595/3872 4096/6596/3872 4098/6594/3872
f 4098/6594/3872 4100/6597/3872 4102/6598/3872
f 4102/6598/3872 4104/6599/3872 4098/6594/3872
f 4104/6599/3872 4106/6552/3872 4098/6594/3872
f 4106/6552/3872 4108/6600/3872 4114/6601/3872
f 4108/6600/3872 4110/6602/3872 4114/6601/3872
f 4110/6602/3872 4112/6603/3872 4114/6601/3872
f 4114/6601/3872 4116/6604/3872 4118/6605/3872
f 4118/6605/3872 4120/6606/3872 4122/6553/3872
f 4122/6553/3872 4124/6607/3872 4126/6608/3872
f 4126/6608/3872 4128/6609/3872 4130/6610/3872
f 4130/6610/3872 4132/6611/3872 4138/6585/3872
f 4132/6611/3872 4134/6612/3872 4138/6585/3872
f 4134/6612/3872 4136/6613/3872 4138/6585/3872
f 4138/6585/3872 4142/6587/3872 4146/6589/3872
f 4114/6601/3872 4118/6605/3872 4106/6552/3872
f 4118/6605/3872 4122/6553/3872 4106/6552/3872
f 4122/6553/3872 4126/6608/3872 4138/6585/3872
f 4126/6608/3872 4130/6610/3872 4138/6585/3872
f 4138/6585/3872 4146/6589/3872 4090/6551/3872
f 4090/6551/3872 4098/6594/3872 4106/6552/3872
f 4138/6585/3872 4090/6551/3872 4122/6553/3872
f 4135/6554/3875 4137/6558/3888 4194/6555/3888
f 4182/6490/3894 4148/6489/3894 4146/6556/3902
f 4137/6558/3888 4139/6562/3887 4203/6559/3887
f 4157/6560/3901 4122/6564/3901 4120/6561/3891
f 4139/6562/3887 4141/6565/3877 4201/6563/3877
f 4158/6459/3880 4124/6458/3880 4122/6564/3901
f 4141/6565/3877 4143/6569/3876 4212/6566/3876
f 4178/6567/3903 4144/6571/3903 4142/6568/3876
f 4143/6569/3876 4145/6572/3903 4205/6570/3903
f 4184/6557/3902 4146/6556/3902 4144/6571/3903
f 4145/6572/3903 4147/6579/3902 4210/6573/3902
f 4164/6574/3875 4134/6581/3875 4132/6575/3882
f 4143/6577/3870 4141/6614/3870 4139/6615/3870
f 4139/6615/3870 4137/6616/3870 4135/6617/3870
f 4135/6617/3870 4133/6618/3870 4127/6619/3870
f 4133/6618/3870 4131/6620/3870 4127/6619/3870
f 4131/6620/3870 4129/6621/3870 4127/6619/3870
f 4127/6619/3870 4125/6622/3870 4119/6623/3870
f 4125/6622/3870 4123/6624/3870 4119/6623/3870
f 4123/6624/3870 4121/6625/3870 4119/6623/3870
f 4119/6623/3870 4117/6626/3870 4115/6627/3870
f 4115/6627/3870 4113/6628/3870 4111/6578/3870
f 4111/6578/3870 4109/6629/3870 4107/6630/3870
f 4107/6630/3870 4105/6631/3870 4111/6578/3870
f 4105/6631/3870 4103/6632/3870 4111/6578/3870
f 4103/6632/3870 4101/6633/3870 4099/6634/3870
f 4099/6634/3870 4097/6635/3870 4103/6632/3870
f 4097/6635/3870 4095/6636/3870 4103/6632/3870
f 4095/6636/3870 4093/6637/3870 4091/6638/3870
f 4091/6638/3870 4089/6639/3870 4095/6636/3870
f 4089/6639/3870 4087/6576/3870 4095/6636/3870
f 4087/6576/3870 4149/6640/3870 4143/6577/3870
f 4149/6640/3870 4147/6641/3870 4143/6577/3870
f 4147/6641/3870 4145/6642/3870 4143/6577/3870
f 4143/6577/3870 4139/6615/3870 4127/6619/3870
f 4139/6615/3870 4135/6617/3870 4127/6619/3870
f 4119/6623/3870 4115/6627/3870 4111/6578/3870
f 4127/6619/3870 4119/6623/3870 4143/6577/3870
f 4119/6623/3870 4111/6578/3870 4143/6577/3870
f 4111/6578/3870 4103/6632/3870 4095/6636/3870
f 4095/6636/3870 4087/6576/3870 4111/6578/3870
f 4147/6579/3902 4149/6582/3894 4208/6580/3894
f 4167/6473/3888 4136/6472/3888 4134/6581/3875
f 4149/6582/3894 4087/6454/3874 4206/6456/3874
f 4160/6468/3885 4128/6467/3885 4126/6583/3879
f 4180/6523/3878 4088/6522/3878 4086/6584/3874
o Cylinder_Cylinder.001
v -0.000000 0.065388 0.462015
v 0.000000 0.090000 0.662015
v 0.012757 0.064131 0.462015
v 0.017558 0.088271 0.662015
v 0.025023 0.060410 0.462015
v 0.034442 0.083149 0.662015
v 0.036328 0.054368 0.462015
v 0.050001 0.074832 0.662015
v 0.046236 0.046236 0.462015
v 0.063640 0.063640 0.662015
v 0.054368 0.036328 0.462015
v 0.074832 0.050001 0.662015
v 0.060410 0.025023 0.462015
v 0.083149 0.034442 0.662015
v 0.064131 0.012757 0.462015
v 0.088271 0.017558 0.662015
v 0.065388 0.000000 0.462015
v 0.090000 -0.000000 0.662015
v 0.064131 -0.012757 0.462015
v 0.088271 -0.017558 0.662015
v 0.060410 -0.025023 0.462015
v 0.083149 -0.034442 0.662015
v 0.054368 -0.036327 0.462015
v 0.074832 -0.050001 0.662015
v 0.046236 -0.046236 0.462015
v 0.063640 -0.063640 0.662015
v 0.036327 -0.054368 0.462015
v 0.050001 -0.074832 0.662015
v 0.025023 -0.060410 0.462015
v 0.034442 -0.083149 0.662015
v 0.012757 -0.064131 0.462015
v 0.017558 -0.088271 0.662015
v -0.000000 -0.065388 0.462015
v -0.000000 -0.090000 0.662015
v -0.012757 -0.064131 0.462015
v -0.017558 -0.088271 0.662015
v -0.025023 -0.060410 0.462015
v -0.034442 -0.083149 0.662015
v -0.036328 -0.054368 0.462015
v -0.050001 -0.074832 0.662015
v -0.046236 -0.046236 0.462015
v -0.063640 -0.063640 0.662015
v -0.054368 -0.036328 0.462015
v -0.074832 -0.050001 0.662015
v -0.060410 -0.025023 0.462015
v -0.083149 -0.034442 0.662015
v -0.064131 -0.012757 0.462015
v -0.088271 -0.017558 0.662015
v -0.065388 0.000000 0.462015
v -0.090000 -0.000000 0.662015
v -0.064131 0.012757 0.462015
v -0.088271 0.017558 0.662015
v -0.060410 0.025023 0.462015
v -0.083149 0.034442 0.662015
v -0.054368 0.036327 0.462015
v -0.074832 0.050001 0.662015
v -0.046236 0.046236 0.462015
v -0.063640 0.063640 0.662015
v -0.036328 0.054368 0.462015
v -0.050001 0.074832 0.662015
v -0.025023 0.060410 0.462015
v -0.034442 0.083149 0.662015
v -0.012757 0.064131 0.462015
v -0.017558 0.088271 0.662015
vt 0.656556 0.927002
vt 0.653920 0.901314
vt 0.654042 0.901307
vt 0.651370 0.927006
vt 0.653799 0.901297
vt 0.641489 0.924015
vt 0.653683 0.901256
vt 0.653577 0.901193
vt 0.633507 0.917470
vt 0.653486 0.901111
vt 0.630625 0.913158
vt 0.653412 0.901012
vt 0.628639 0.908367
vt 0.653359 0.900901
vt 0.653328 0.900781
vt 0.627627 0.903281
vt 0.653322 0.900658
vt 0.627626 0.898095
vt 0.653339 0.900535
vt 0.628638 0.893009
vt 0.653380 0.900419
vt 0.633503 0.883905
vt 0.653443 0.900313
vt 0.653525 0.900221
vt 0.637171 0.880238
vt 0.653623 0.900147
vt 0.646276 0.875373
vt 0.653734 0.900093
vt 0.653852 0.900063
vt 0.656550 0.874366
vt 0.653975 0.900056
vt 0.654095 0.900074
vt 0.666426 0.877369
vt 0.654210 0.900115
vt 0.654315 0.900177
vt 0.670735 0.880254
vt 0.654404 0.900259
vt 0.674397 0.883923
vt 0.654476 0.900358
vt 0.679250 0.893020
vt 0.654527 0.900469
vt 0.654555 0.900589
vt 0.680257 0.898097
vt 0.654558 0.900712
vt 0.680257 0.903268
vt 0.654544 0.900835
vt 0.679250 0.908345
vt 0.654506 0.900951
vt 0.674399 0.917442
vt 0.654446 0.901057
vt 0.654366 0.901149
vt 0.670738 0.921111
vt 0.654269 0.901223
vt 0.666430 0.923997
vt 0.654159 0.901276
vt 0.661642 0.925986
vt 0.554743 0.948668
vt 0.558498 0.961047
vt 0.546119 0.964802
vt 0.646282 0.925998
vt 0.637176 0.921136
vt 0.630622 0.888217
vt 0.641484 0.877357
vt 0.651364 0.874364
vt 0.661637 0.875381
vt 0.677271 0.888234
vt 0.677273 0.913131
vt 0.544628 0.963806
vt 0.543360 0.962538
vt 0.542364 0.961047
vt 0.541678 0.959390
vt 0.541328 0.957632
vt 0.542364 0.952423
vt 0.541328 0.955839
vt 0.541678 0.954080
vt 0.543360 0.950933
vt 0.544628 0.949665
vt 0.546119 0.948668
vt 0.547776 0.947982
vt 0.549534 0.947632
vt 0.551327 0.947632
vt 0.553086 0.947982
vt 0.556234 0.949665
vt 0.559184 0.954080
vt 0.557502 0.950932
vt 0.558498 0.952423
vt 0.559534 0.955839
vt 0.559534 0.957632
vt 0.559184 0.959390
vt 0.557502 0.962538
vt 0.556234 0.963806
vt 0.554743 0.964802
vt 0.553086 0.965488
vt 0.551327 0.965838
vt 0.549534 0.965838
vt 0.547776 0.965488
vn 0.0000 0.9925 -0.1221
vn 0.1936 0.9734 -0.1221
vn 0.3798 0.9170 -0.1221
vn 0.5514 0.8252 -0.1221
vn 0.7018 0.7018 -0.1221
vn 0.8252 0.5514 -0.1221
vn 0.9170 0.3798 -0.1221
vn 0.9734 0.1936 -0.1221
vn 0.9925 0.0000 -0.1221
vn 0.9734 -0.1936 -0.1221
vn 0.9170 -0.3798 -0.1221
vn 0.8252 -0.5514 -0.1221
vn 0.7018 -0.7018 -0.1221
vn 0.5514 -0.8252 -0.1221
vn 0.3798 -0.9170 -0.1221
vn 0.1936 -0.9734 -0.1221
vn -0.0000 -0.9925 -0.1221
vn -0.1936 -0.9734 -0.1221
vn -0.3798 -0.9170 -0.1221
vn -0.5514 -0.8252 -0.1221
vn -0.7018 -0.7018 -0.1221
vn -0.8252 -0.5514 -0.1221
vn -0.9170 -0.3798 -0.1221
vn -0.9734 -0.1936 -0.1221
vn -0.9925 -0.0000 -0.1221
vn -0.9734 0.1936 -0.1221
vn -0.9170 0.3798 -0.1221
vn -0.8252 0.5514 -0.1221
vn -0.7018 0.7018 -0.1221
vn -0.5514 0.8252 -0.1221
vn -0.3798 0.9170 -0.1221
vn -0.1936 0.9734 -0.1221
vn 0.0000 0.0000 -1.0000
usemtl Material
s 1
f 4215/6643/3904 4216/6644/3905 4214/6645/3904
f 4217/6646/3905 4218/6647/3906 4216/6644/3905
f 4218/6647/3906 4221/6648/3907 4220/6649/3907
f 4221/6648/3907 4222/6650/3908 4220/6649/3907
f 4222/6650/3908 4225/6651/3909 4224/6652/3909
f 4224/6652/3909 4227/6653/3910 4226/6654/3910
f 4226/6654/3910 4229/6655/3911 4228/6656/3911
f 4229/6655/3911 4230/6657/3912 4228/6656/3911
f 4231/6658/3912 4232/6659/3913 4230/6657/3912
f 4233/6660/3913 4234/6661/3914 4232/6659/3913
f 4235/6662/3914 4236/6663/3915 4234/6661/3914
f 4236/6663/3915 4239/6664/3916 4238/6665/3916
f 4239/6664/3916 4240/6666/3917 4238/6665/3916
f 4241/6667/3917 4242/6668/3918 4240/6666/3917
f 4242/6668/3918 4245/6669/3919 4244/6670/3919
f 4245/6669/3919 4246/6671/3920 4244/6670/3919
f 4246/6671/3920 4249/6672/3921 4248/6673/3921
f 4249/6672/3921 4250/6674/3922 4248/6673/3921
f 4250/6674/3922 4253/6675/3923 4252/6676/3923
f 4253/6675/3923 4254/6677/3924 4252/6676/3923
f 4255/6678/3924 4256/6679/3925 4254/6677/3924
f 4257/6680/3925 4258/6681/3926 4256/6679/3925
f 4258/6681/3926 4261/6682/3927 4260/6683/3927
f 4261/6682/3927 4262/6684/3928 4260/6683/3927
f 4263/6685/3928 4264/6686/3929 4262/6684/3928
f 4265/6687/3929 4266/6688/3930 4264/6686/3929
f 4267/6689/3930 4268/6690/3931 4266/6688/3930
f 4268/6690/3931 4271/6691/3932 4270/6692/3932
f 4271/6691/3932 4272/6693/3933 4270/6692/3932
f 4273/6694/3933 4274/6695/3934 4272/6693/3933
f 4275/6696/3934 4276/6697/3935 4274/6695/3934
f 4277/6698/3935 4214/6645/3904 4276/6697/3935
f 4244/6699/3936 4260/6700/3936 4276/6701/3936
f 4215/6643/3904 4217/6646/3905 4216/6644/3905
f 4217/6646/3905 4219/6702/3906 4218/6647/3906
f 4218/6647/3906 4219/6702/3906 4221/6648/3907
f 4221/6648/3907 4223/6703/3908 4222/6650/3908
f 4222/6650/3908 4223/6703/3908 4225/6651/3909
f 4224/6652/3909 4225/6651/3909 4227/6653/3910
f 4226/6654/3910 4227/6653/3910 4229/6655/3911
f 4229/6655/3911 4231/6658/3912 4230/6657/3912
f 4231/6658/3912 4233/6660/3913 4232/6659/3913
f 4233/6660/3913 4235/6662/3914 4234/6661/3914
f 4235/6662/3914 4237/6704/3915 4236/6663/3915
f 4236/6663/3915 4237/6704/3915 4239/6664/3916
f 4239/6664/3916 4241/6667/3917 4240/6666/3917
f 4241/6667/3917 4243/6705/3918 4242/6668/3918
f 4242/6668/3918 4243/6705/3918 4245/6669/3919
f 4245/6669/3919 4247/6706/3920 4246/6671/3920
f 4246/6671/3920 4247/6706/3920 4249/6672/3921
f 4249/6672/3921 4251/6707/3922 4250/6674/3922
f 4250/6674/3922 4251/6707/3922 4253/6675/3923
f 4253/6675/3923 4255/6678/3924 4254/6677/3924
f 4255/6678/3924 4257/6680/3925 4256/6679/3925
f 4257/6680/3925 4259/6708/3926 4258/6681/3926
f 4258/6681/3926 4259/6708/3926 4261/6682/3927
f 4261/6682/3927 4263/6685/3928 4262/6684/3928
f 4263/6685/3928 4265/6687/3929 4264/6686/3929
f 4265/6687/3929 4267/6689/3930 4266/6688/3930
f 4267/6689/3930 4269/6709/3931 4268/6690/3931
f 4268/6690/3931 4269/6709/3931 4271/6691/3932
f 4271/6691/3932 4273/6694/3933 4272/6693/3933
f 4273/6694/3933 4275/6696/3934 4274/6695/3934
f 4275/6696/3934 4277/6698/3935 4276/6697/3935
f 4277/6698/3935 4215/6643/3904 4214/6645/3904
f 4276/6701/3936 4214/6710/3936 4216/6711/3936
f 4216/6711/3936 4218/6712/3936 4220/6713/3936
f 4220/6713/3936 4222/6714/3936 4228/6715/3936
f 4222/6714/3936 4224/6716/3936 4228/6715/3936
f 4224/6716/3936 4226/6717/3936 4228/6715/3936
f 4228/6715/3936 4230/6718/3936 4232/6719/3936
f 4232/6719/3936 4234/6720/3936 4236/6721/3936
f 4236/6721/3936 4238/6722/3936 4244/6699/3936
f 4238/6722/3936 4240/6723/3936 4244/6699/3936
f 4240/6723/3936 4242/6724/3936 4244/6699/3936
f 4244/6699/3936 4246/6725/3936 4252/6726/3936
f 4246/6725/3936 4248/6727/3936 4252/6726/3936
f 4248/6727/3936 4250/6728/3936 4252/6726/3936
f 4252/6726/3936 4254/6729/3936 4256/6730/3936
f 4256/6730/3936 4258/6731/3936 4260/6700/3936
f 4260/6700/3936 4262/6732/3936 4264/6733/3936
f 4264/6733/3936 4266/6734/3936 4260/6700/3936
f 4266/6734/3936 4268/6735/3936 4260/6700/3936
f 4268/6735/3936 4270/6736/3936 4276/6701/3936
f 4270/6736/3936 4272/6737/3936 4276/6701/3936
f 4272/6737/3936 4274/6738/3936 4276/6701/3936
f 4276/6701/3936 4216/6711/3936 4228/6715/3936
f 4216/6711/3936 4220/6713/3936 4228/6715/3936
f 4228/6715/3936 4232/6719/3936 4236/6721/3936
f 4252/6726/3936 4256/6730/3936 4260/6700/3936
f 4228/6715/3936 4236/6721/3936 4244/6699/3936
f 4244/6699/3936 4252/6726/3936 4260/6700/3936
f 4260/6700/3936 4268/6735/3936 4276/6701/3936
f 4276/6701/3936 4228/6715/3936 4244/6699/3936
