# Blender v2.82 (sub 7) OBJ File: ''
# www.blender.org
mtllib Monarus Closed.mtl
o Mesh_0014.rip_Mesh_0014.rip_mesh0000
v -0.312500 0.462891 -0.427734
v -0.312500 0.486328 -0.357422
v -0.312500 0.546875 -0.314453
v -0.675781 -0.000000 0.179688
v -0.646484 0.000000 0.000000
v -0.699219 0.000000 0.000000
v 0.312500 0.462891 -0.427734
v 0.312500 0.486328 -0.357422
v 0.310547 0.365234 -0.441406
v -0.363281 0.152344 0.175781
v -0.363281 0.056641 0.277344
v -0.314453 0.140625 0.277344
v -0.273438 0.080078 0.277344
v -0.314453 0.140625 0.277344
v -0.363281 0.056641 0.277344
v -0.080078 0.115234 0.365234
v -0.076172 0.054687 0.425781
v -0.033203 0.054687 0.357422
v -0.314453 0.140625 0.277344
v -0.273438 0.080078 0.277344
v -0.273438 0.169922 0.244141
v -0.242188 0.222656 0.080078
v -0.273438 0.222656 0.175781
v -0.251953 0.263672 0.169922
v -0.314453 0.214844 -0.353516
v -0.384766 0.220703 -0.400391
v -0.310547 0.220703 -0.460937
v -0.095703 -0.591797 -0.363281
v -0.226562 -0.591797 -0.296875
v -0.232422 -0.527344 -0.400391
v -0.324219 -0.376953 0.138672
v -0.576172 -0.378906 0.138672
v -0.591797 -0.380859 -0.000000
v -0.210938 0.111328 0.355469
v -0.152344 0.140625 0.365234
v -0.167969 0.199219 0.277344
v -0.328125 -0.591797 0.189453
v -0.326172 -0.535156 0.105469
v -0.437500 -0.539062 0.107422
v -0.232422 -0.527344 0.400391
v -0.326172 -0.390625 0.478516
v -0.328125 -0.527344 0.328125
v -0.667969 -0.134766 -0.152344
v -0.675781 -0.068359 -0.154297
v -0.582031 -0.109375 -0.373047
v 0.101562 0.300781 0.343750
v 0.160156 0.433594 0.269531
v 0.082031 0.380859 0.382813
v 0.000000 -0.000000 0.359375
v 0.062500 -0.000000 0.380859
v 0.033203 0.054687 0.357422
v 0.328125 -0.591797 0.189453
v 0.326172 -0.275391 0.138672
v 0.328125 -0.527344 0.328125
v 0.314453 0.214844 -0.353516
v 0.310547 0.220703 -0.460937
v 0.384766 0.220703 -0.400391
v 0.314453 0.140625 0.277344
v 0.273438 0.169922 0.244141
v 0.273438 0.080078 0.277344
v 0.166016 0.277344 0.269531
v 0.191406 0.388672 0.238281
v 0.101562 0.300781 0.343750
v 0.314453 0.000000 -0.566406
v 0.433594 0.000000 -0.462891
v 0.343750 -0.058594 -0.544922
v 0.326172 -0.275391 -0.134766
v 0.562500 -0.275391 -0.324219
v 0.632812 -0.275391 -0.134766
v 0.148438 0.052734 0.476562
v 0.218750 0.050781 0.416016
v 0.195312 0.091797 0.417969
v 0.324219 -0.376953 -0.134766
v 0.326172 -0.535156 -0.107422
v 0.328125 -0.591797 -0.189453
v 0.667969 -0.134766 -0.152344
v 0.582031 -0.109375 -0.373047
v 0.675781 -0.068359 -0.154297
v 0.326172 -0.275391 0.558594
v 0.326172 -0.275391 0.138672
v 0.458984 -0.275391 0.458984
v 0.328125 -0.390625 -0.478516
v 0.328125 -0.527344 -0.330078
v 0.232422 -0.527344 -0.400391
v 0.646484 0.000000 0.000000
v 0.625000 0.000000 -0.136719
v 0.000000 0.000000 0.000000
v 0.328125 -0.591797 0.189453
v 0.437500 -0.539062 0.107422
v 0.326172 -0.535156 0.105469
v 0.433594 0.000000 -0.462891
v 0.314453 0.000000 -0.566406
v 0.000000 0.000000 0.000000
v 0.326172 -0.535156 -0.107422
v 0.326172 -0.535156 0.105469
v 0.447266 -0.542969 -0.000000
v 0.437500 -0.539062 0.107422
v 0.447266 -0.542969 -0.000000
v 0.437500 -0.539062 -0.109375
v 0.326172 -0.535156 -0.107422
v 0.328125 -0.591797 -0.189453
v 0.328125 -0.527344 0.328125
v 0.326172 -0.275391 0.138672
v 0.326172 -0.390625 0.478516
v 0.326172 -0.275391 0.558594
v 0.324219 -0.376953 0.138672
v 0.576172 -0.378906 0.138672
v 0.326172 -0.275391 0.138672
v 0.630859 -0.275391 0.138672
v 0.667969 -0.134766 -0.152344
v 0.675781 -0.068359 -0.154297
v 0.689453 -0.136719 -0.000000
v 0.699219 0.000000 0.000000
v 0.326172 -0.535156 -0.107422
v 0.324219 -0.376953 -0.134766
v 0.326172 -0.535156 0.105469
v 0.324219 -0.376953 0.138672
v 0.324219 -0.376953 -0.134766
v 0.328125 -0.591797 -0.189453
v 0.326172 -0.275391 -0.134766
v 0.328125 -0.527344 -0.330078
v 0.326172 -0.275391 0.138672
v 0.328125 -0.591797 0.189453
v 0.324219 -0.376953 0.138672
v 0.326172 -0.535156 0.105469
v 0.000000 -0.664063 0.226562
v 0.113281 -0.664063 0.195312
v 0.095703 -0.591797 0.363281
v 0.226562 -0.591797 0.296875
v 0.195312 -0.664062 0.113281
v 0.226562 -0.664062 -0.000000
v 0.328125 -0.591797 0.189453
v 0.376953 -0.591797 -0.000000
v 0.000000 -0.527344 0.464844
v 0.095703 -0.591797 0.363281
v 0.119141 -0.527344 0.447266
v 0.232422 -0.527344 0.400391
v 0.310547 0.394531 -0.492187
v 0.310547 0.220703 -0.460937
v 0.312500 0.275391 -0.566406
v 0.314453 0.162109 -0.607422
v 0.314453 0.164063 -0.052734
v 0.314453 0.164062 0.029297
v 0.314453 -0.000000 0.199219
v 0.314453 0.117187 0.142578
v 0.310547 0.365234 -0.441406
v 0.384766 0.333984 -0.392578
v 0.310547 0.220703 -0.460937
v 0.384766 0.220703 -0.400391
v 0.310547 0.220703 -0.460937
v 0.310547 0.394531 -0.492187
v 0.310547 0.365234 -0.441406
v 0.312500 0.462891 -0.427734
v 0.000000 0.679688 -0.191406
v 0.160156 0.656250 -0.183594
v 0.000000 0.625000 -0.316406
v 0.162109 0.605469 -0.314453
v 0.000000 0.679688 -0.191406
v 0.000000 0.701172 -0.087891
v 0.160156 0.656250 -0.183594
v 0.158203 0.677734 -0.078125
v 0.312500 0.542969 -0.195312
v 0.314453 0.626953 -0.048828
v 0.273438 0.455078 -0.052734
v 0.314453 0.626953 0.066406
v 0.261719 0.447266 0.125000
v 0.275391 0.443359 0.058594
v 0.308594 0.595703 0.203125
v 0.314453 0.626953 0.066406
v 0.287109 0.554687 0.324219
v 0.246094 0.416016 0.152344
v 0.308594 0.595703 0.203125
v 0.261719 0.447266 0.125000
v 0.308594 0.595703 0.203125
v 0.136719 0.648437 0.216797
v 0.287109 0.554687 0.324219
v 0.121094 0.599609 0.347656
v 0.121094 0.599609 0.347656
v 0.136719 0.648437 0.216797
v 0.000000 0.619141 0.332031
v 0.000000 0.666016 0.224609
v 0.242188 0.531250 0.392578
v 0.000000 0.580078 0.398438
v 0.167969 0.513672 0.451172
v 0.000000 0.498047 0.498047
v 0.160156 0.433594 0.269531
v 0.101562 0.300781 0.343750
v 0.185547 0.421875 0.246094
v 0.191406 0.388672 0.238281
v 0.000000 0.250000 0.384766
v 0.101562 0.300781 0.343750
v 0.000000 0.353516 0.402344
v 0.082031 0.380859 0.382813
v 0.144531 -0.000000 0.445312
v 0.193359 -0.000000 0.417969
v 0.148438 0.052734 0.476562
v 0.218750 0.050781 0.416016
v 0.000000 0.140625 0.314453
v 0.101562 0.177734 0.314453
v 0.099609 0.197266 0.300781
v 0.136719 0.224609 0.289063
v 0.099609 0.093750 0.423828
v 0.148438 0.052734 0.476562
v 0.152344 0.107422 0.421875
v 0.195312 0.091797 0.417969
v 0.152344 0.107422 0.421875
v 0.152344 0.140625 0.365234
v 0.099609 0.093750 0.423828
v 0.080078 0.115234 0.365234
v 0.248047 0.048828 0.341797
v 0.218750 0.050781 0.416016
v 0.220703 -0.000000 0.369141
v 0.193359 -0.000000 0.417969
v 0.273438 0.080078 0.277344
v 0.248047 0.048828 0.341797
v 0.271484 -0.000000 0.275391
v 0.220703 -0.000000 0.369141
v 0.216797 0.330078 0.195313
v 0.201172 0.271484 0.220703
v 0.195312 0.265625 0.166016
v 0.185547 0.212891 0.242188
v 0.000000 0.181641 -0.679688
v 0.175781 0.173828 -0.654297
v 0.000000 0.000000 -0.703125
v 0.181641 0.000000 -0.679688
v 0.175781 0.173828 -0.654297
v 0.000000 0.181641 -0.679688
v 0.171875 0.296875 -0.607422
v 0.000000 0.310547 -0.630859
v 0.314453 0.212891 0.224609
v 0.363281 0.152344 0.175781
v 0.314453 0.291016 0.101563
v 0.361328 0.216797 0.031250
v 0.185547 0.421875 0.246094
v 0.287109 0.554687 0.324219
v 0.177734 0.433594 0.289063
v 0.242188 0.531250 0.392578
v 0.000000 -0.000000 0.359375
v 0.033203 0.054687 0.357422
v 0.000000 0.109375 0.343750
v 0.080078 0.115234 0.365234
v 0.101562 0.177734 0.314453
v 0.119141 0.169922 0.324219
v 0.136719 0.224609 0.289063
v 0.167969 0.199219 0.277344
v -0.101562 0.177734 0.314453
v 0.000000 0.109375 0.343750
v 0.000000 0.140625 0.314453
v 0.101562 0.177734 0.314453
v 0.359375 -0.000000 0.218750
v 0.363281 0.152344 0.175781
v 0.365234 -0.000000 0.277344
v 0.363281 0.056641 0.277344
v 0.314453 0.291016 0.101563
v 0.273438 0.222656 0.175781
v 0.314453 0.212891 0.224609
v 0.273438 0.169922 0.244141
v 0.361328 0.216797 0.031250
v 0.314453 0.302734 0.039063
v 0.314453 0.291016 0.101563
v 0.240234 0.236328 0.013672
v 0.310547 0.373047 -0.111328
v 0.314453 0.191406 -0.201172
v 0.310547 0.417969 -0.199219
v 0.310547 0.384766 -0.292969
v 0.312500 0.542969 -0.195312
v 0.314453 0.470703 -0.042969
v 0.384766 0.472656 -0.199219
v 0.384766 0.417969 -0.080078
v 0.271484 0.361328 0.015625
v 0.314453 0.470703 -0.042969
v 0.273438 0.455078 -0.052734
v 0.312500 0.542969 -0.195312
v 0.314453 0.302734 0.039063
v 0.361328 0.216797 0.031250
v 0.384766 0.326172 -0.021484
v 0.371094 0.164062 0.000000
v 0.384766 0.417969 -0.080078
v 0.314453 0.378906 0.027344
v 0.384766 0.326172 -0.021484
v 0.314453 0.302734 0.039063
v 0.271484 0.361328 0.015625
v 0.314453 0.378906 0.027344
v 0.314453 0.470703 -0.042969
v 0.384766 0.417969 -0.080078
v 0.314453 0.302734 0.039063
v 0.314453 0.378906 0.027344
v 0.240234 0.236328 0.013672
v 0.271484 0.361328 0.015625
v 0.314453 0.164062 0.029297
v 0.353516 0.164062 0.029297
v 0.361328 0.216797 0.031250
v 0.371094 0.164062 0.000000
v 0.240234 0.236328 0.013672
v 0.242188 0.222656 0.080078
v 0.314453 0.291016 0.101563
v 0.273438 0.222656 0.175781
v 0.160156 0.656250 -0.183594
v 0.158203 0.677734 -0.078125
v 0.312500 0.609375 -0.162109
v 0.314453 0.626953 -0.048828
v 0.312500 0.546875 -0.314453
v 0.162109 0.605469 -0.314453
v 0.312500 0.609375 -0.162109
v 0.160156 0.656250 -0.183594
v 0.171875 0.296875 -0.607422
v 0.312500 0.275391 -0.566406
v 0.175781 0.173828 -0.654297
v 0.314453 0.162109 -0.607422
v 0.312500 0.000000 -0.626953
v 0.181641 0.000000 -0.679688
v 0.314453 0.162109 -0.607422
v 0.175781 0.173828 -0.654297
v 0.314453 0.626953 0.066406
v 0.158203 0.679688 0.064453
v 0.308594 0.595703 0.203125
v 0.136719 0.648437 0.216797
v 0.000000 0.666016 0.224609
v 0.136719 0.648437 0.216797
v 0.000000 0.701172 0.064453
v 0.158203 0.679688 0.064453
v 0.314453 0.626953 0.066406
v 0.314453 0.626953 -0.048828
v 0.158203 0.679688 0.064453
v 0.158203 0.677734 -0.078125
v 0.158203 0.679688 0.064453
v 0.158203 0.677734 -0.078125
v 0.000000 0.701172 0.064453
v 0.000000 0.701172 -0.087891
v 0.164062 0.501953 -0.453125
v 0.312500 0.462891 -0.427734
v 0.167969 0.423828 -0.531250
v 0.310547 0.394531 -0.492187
v 0.167969 0.423828 -0.531250
v 0.000000 0.451172 -0.531250
v 0.164062 0.501953 -0.453125
v 0.000000 0.527344 -0.451172
v 0.271484 0.361328 0.015625
v 0.273438 0.455078 -0.052734
v 0.275391 0.443359 0.058594
v 0.314453 0.626953 0.066406
v 0.314453 0.000000 -0.566406
v 0.314453 0.191406 -0.201172
v 0.314453 -0.000000 0.199219
v 0.314453 0.164063 -0.052734
v 0.328125 -0.527344 -0.330078
v 0.328125 -0.390625 -0.478516
v 0.326172 -0.275391 -0.134766
v 0.326172 -0.275391 -0.558594
v 0.314453 0.214844 -0.353516
v 0.384766 0.220703 -0.400391
v 0.312500 0.298828 -0.343750
v 0.384766 0.333984 -0.392578
v 0.314453 0.164063 -0.052734
v 0.371094 0.164062 0.000000
v 0.314453 0.164062 0.029297
v 0.353516 0.164062 0.029297
v 0.310547 0.373047 -0.111328
v 0.312500 0.292969 -0.064453
v 0.314453 0.191406 -0.201172
v 0.314453 0.164063 -0.052734
v 0.177734 0.433594 0.289063
v 0.089844 0.380859 0.400391
v 0.082031 0.380859 0.382813
v 0.000000 0.347656 0.437500
v 0.167969 0.513672 0.451172
v 0.089844 0.380859 0.400391
v 0.242188 0.531250 0.392578
v 0.177734 0.433594 0.289063
v 0.000000 0.498047 0.498047
v 0.000000 0.347656 0.437500
v 0.167969 0.513672 0.451172
v 0.089844 0.380859 0.400391
v 0.082031 0.380859 0.382813
v 0.160156 0.433594 0.269531
v 0.177734 0.433594 0.289063
v 0.185547 0.421875 0.246094
v -0.349609 -0.000000 0.605469
v -0.179688 -0.000000 0.675781
v 0.000000 0.000000 0.000000
v 0.000000 -0.000000 0.699219
v -0.605469 -0.000000 0.349609
v -0.494141 -0.000000 0.494141
v 0.000000 0.000000 0.000000
v -0.349609 -0.000000 0.605469
v -0.535156 0.000000 -0.341797
v -0.625000 -0.070312 -0.136719
v -0.625000 0.000000 -0.136719
v -0.646484 0.000000 0.000000
v -0.699219 0.000000 0.000000
v -0.646484 0.000000 0.000000
v -0.675781 -0.068359 -0.154297
v -0.625000 -0.070312 -0.136719
v -0.582031 -0.109375 -0.373047
v -0.675781 -0.068359 -0.154297
v -0.535156 -0.109375 -0.341797
v -0.625000 -0.070312 -0.136719
v -0.582031 -0.109375 -0.373047
v -0.535156 -0.109375 -0.341797
v -0.472656 -0.101562 -0.501953
v -0.433594 -0.103516 -0.462891
v -0.195312 -0.664062 -0.113281
v -0.226562 -0.591797 -0.296875
v -0.113281 -0.664062 -0.195313
v -0.095703 -0.591797 -0.363281
v 0.000000 -0.527344 0.464844
v -0.095703 -0.591797 0.363281
v 0.000000 -0.591797 0.376953
v 0.000000 -0.664063 0.226562
v 0.000000 -0.591797 -0.376953
v -0.095703 -0.591797 -0.363281
v 0.000000 -0.527344 -0.464844
v -0.119141 -0.527344 -0.447266
v -0.328125 -0.527344 0.328125
v -0.226562 -0.591797 0.296875
v -0.232422 -0.527344 0.400391
v -0.095703 -0.591797 0.363281
v 0.000000 -0.390625 -0.583984
v 0.000000 -0.527344 -0.464844
v -0.150391 -0.390625 -0.564453
v -0.119141 -0.527344 -0.447266
v -0.326172 -0.390625 0.478516
v -0.232422 -0.527344 0.400391
v -0.150391 -0.390625 0.564453
v -0.119141 -0.527344 0.447266
v 0.000000 -0.390625 -0.583984
v -0.150391 -0.390625 -0.564453
v -0.167969 -0.275391 -0.628906
v -0.326172 -0.275391 -0.558594
v 0.562500 -0.275391 -0.324219
v 0.326172 -0.275391 -0.134766
v 0.458984 -0.275391 -0.458984
v 0.326172 -0.275391 -0.558594
v 0.632812 -0.275391 -0.134766
v 0.576172 -0.378906 -0.134766
v 0.326172 -0.275391 -0.134766
v 0.324219 -0.376953 -0.134766
v -0.595703 -0.136719 0.343750
v -0.667969 -0.136719 0.158203
v -0.562500 -0.275391 0.324219
v -0.632812 -0.275391 0.138672
v -0.667969 -0.134766 -0.152344
v -0.632812 -0.277344 -0.134766
v -0.689453 -0.136719 -0.000000
v -0.646484 -0.275391 -0.000000
v -0.347656 -0.119141 -0.595703
v -0.177734 -0.130859 -0.666016
v -0.326172 -0.275391 -0.558594
v -0.167969 -0.275391 -0.628906
v -0.349609 -0.000000 0.605469
v -0.343750 -0.136719 0.595703
v -0.179688 -0.000000 0.675781
v -0.177734 -0.136719 0.666016
v -0.494141 -0.000000 0.494141
v -0.486328 -0.136719 0.486328
v -0.349609 -0.000000 0.605469
v -0.343750 -0.136719 0.595703
v -0.605469 -0.000000 0.349609
v -0.675781 -0.000000 0.179688
v -0.595703 -0.136719 0.343750
v -0.667969 -0.136719 0.158203
v -0.689453 -0.136719 -0.000000
v -0.667969 -0.136719 0.158203
v -0.699219 0.000000 0.000000
v -0.675781 -0.000000 0.179688
v -0.195312 -0.664062 0.113281
v -0.226562 -0.591797 0.296875
v -0.328125 -0.591797 0.189453
v -0.328125 -0.527344 0.328125
v -0.226562 -0.664062 -0.000000
v -0.328125 -0.591797 -0.189453
v -0.195312 -0.664062 -0.113281
v -0.226562 -0.591797 -0.296875
v -0.646484 -0.275391 -0.000000
v -0.591797 -0.380859 -0.000000
v -0.632812 -0.275391 0.138672
v -0.576172 -0.378906 0.138672
v -0.646484 -0.275391 -0.000000
v -0.632812 -0.275391 0.138672
v -0.689453 -0.136719 -0.000000
v -0.667969 -0.136719 0.158203
v -0.195312 -0.664062 -0.113281
v 0.000000 -0.689453 -0.000000
v -0.226562 -0.664062 -0.000000
v -0.195312 -0.664062 0.113281
v -0.324219 -0.376953 -0.134766
v -0.576172 -0.378906 -0.134766
v -0.326172 -0.275391 -0.134766
v -0.632812 -0.277344 -0.134766
v -0.324219 -0.376953 0.138672
v -0.326172 -0.275391 0.138672
v -0.576172 -0.378906 0.138672
v -0.632812 -0.275391 0.138672
v -0.326172 -0.535156 -0.107422
v -0.447266 -0.542969 -0.000000
v -0.326172 -0.535156 0.105469
v -0.437500 -0.539062 0.107422
v -0.447266 -0.542969 -0.000000
v -0.326172 -0.535156 -0.107422
v -0.437500 -0.539062 -0.109375
v -0.328125 -0.591797 -0.189453
v -0.324219 -0.376953 0.138672
v -0.591797 -0.380859 -0.000000
v -0.324219 -0.376953 -0.134766
v -0.576172 -0.378906 -0.134766
v -0.699219 0.000000 0.000000
v -0.675781 -0.068359 -0.154297
v -0.689453 -0.136719 -0.000000
v -0.667969 -0.134766 -0.152344
v -0.632812 -0.277344 -0.134766
v -0.667969 -0.134766 -0.152344
v -0.562500 -0.275391 -0.324219
v -0.582031 -0.109375 -0.373047
v -0.472656 -0.101562 -0.501953
v -0.458984 -0.275391 -0.458984
v -0.582031 -0.109375 -0.373047
v -0.562500 -0.275391 -0.324219
v -0.447266 -0.542969 -0.000000
v -0.376953 -0.591797 -0.000000
v -0.437500 -0.539062 0.107422
v -0.328125 -0.591797 0.189453
v 0.000000 -0.664063 0.226562
v -0.095703 -0.591797 0.363281
v -0.113281 -0.664063 0.195312
v -0.226562 -0.591797 0.296875
v -0.195312 -0.664062 0.113281
v -0.328125 -0.591797 0.189453
v -0.226562 -0.664062 -0.000000
v -0.376953 -0.591797 -0.000000
v 0.000000 -0.527344 0.464844
v -0.119141 -0.527344 0.447266
v -0.095703 -0.591797 0.363281
v -0.232422 -0.527344 0.400391
v -0.314453 0.164063 -0.052734
v -0.314453 -0.000000 0.199219
v -0.314453 0.164062 0.029297
v -0.314453 0.117187 0.142578
v -0.310547 0.365234 -0.441406
v -0.310547 0.220703 -0.460937
v -0.384766 0.333984 -0.392578
v -0.384766 0.220703 -0.400391
v -0.312500 0.486328 -0.357422
v -0.312500 0.462891 -0.427734
v -0.310547 0.365234 -0.441406
v -0.310547 0.394531 -0.492187
v 0.000000 0.679688 -0.191406
v -0.160156 0.656250 -0.183594
v 0.000000 0.701172 -0.087891
v -0.158203 0.677734 -0.078125
v -0.312500 0.542969 -0.195312
v -0.273438 0.455078 -0.052734
v -0.314453 0.626953 -0.048828
v -0.314453 0.626953 0.066406
v -0.240234 0.236328 0.013672
v -0.261719 0.447266 0.125000
v -0.271484 0.361328 0.015625
v -0.275391 0.443359 0.058594
v -0.261719 0.447266 0.125000
v -0.308594 0.595703 0.203125
v -0.275391 0.443359 0.058594
v -0.314453 0.626953 0.066406
v -0.242188 0.222656 0.080078
v -0.246094 0.416016 0.152344
v -0.240234 0.236328 0.013672
v -0.261719 0.447266 0.125000
v -0.195312 0.265625 0.166016
v -0.216797 0.330078 0.195313
v -0.242188 0.222656 0.080078
v -0.246094 0.416016 0.152344
v -0.121094 0.599609 0.347656
v 0.000000 0.619141 0.332031
v -0.136719 0.648437 0.216797
v 0.000000 0.666016 0.224609
v 0.000000 0.580078 0.398438
v -0.121094 0.599609 0.347656
v -0.242188 0.531250 0.392578
v -0.287109 0.554687 0.324219
v -0.273438 0.169922 0.244141
v -0.253906 0.220703 0.218750
v -0.273438 0.222656 0.175781
v -0.251953 0.263672 0.169922
v -0.242188 0.531250 0.392578
v -0.167969 0.513672 0.451172
v 0.000000 0.580078 0.398438
v 0.000000 0.498047 0.498047
v -0.144531 -0.000000 0.445312
v -0.148438 0.052734 0.476562
v -0.193359 -0.000000 0.417969
v -0.218750 0.050781 0.416016
v 0.000000 0.140625 0.314453
v -0.099609 0.197266 0.300781
v -0.101562 0.177734 0.314453
v -0.136719 0.224609 0.289063
v -0.119141 0.169922 0.324219
v -0.080078 0.115234 0.365234
v -0.101562 0.177734 0.314453
v 0.000000 0.109375 0.343750
v -0.099609 0.093750 0.423828
v -0.152344 0.107422 0.421875
v -0.148438 0.052734 0.476562
v -0.195312 0.091797 0.417969
v -0.033203 0.054687 0.357422
v -0.076172 0.054687 0.425781
v -0.062500 -0.000000 0.380859
v -0.097656 -0.000000 0.427734
v -0.152344 0.107422 0.421875
v -0.099609 0.093750 0.423828
v -0.152344 0.140625 0.365234
v -0.080078 0.115234 0.365234
v -0.148438 0.052734 0.476562
v -0.076172 0.054687 0.425781
v -0.099609 0.093750 0.423828
v -0.080078 0.115234 0.365234
v -0.144531 -0.000000 0.445312
v -0.097656 -0.000000 0.427734
v -0.148438 0.052734 0.476562
v -0.076172 0.054687 0.425781
v -0.210938 0.111328 0.355469
v -0.195312 0.091797 0.417969
v -0.152344 0.140625 0.365234
v -0.152344 0.107422 0.421875
v -0.193359 -0.000000 0.417969
v -0.218750 0.050781 0.416016
v -0.220703 -0.000000 0.369141
v -0.248047 0.048828 0.341797
v -0.216797 0.330078 0.195313
v -0.195312 0.265625 0.166016
v -0.201172 0.271484 0.220703
v -0.185547 0.212891 0.242188
v -0.167969 0.199219 0.277344
v -0.152344 0.140625 0.365234
v -0.119141 0.169922 0.324219
v -0.080078 0.115234 0.365234
v 0.000000 0.181641 -0.679688
v 0.000000 0.000000 -0.703125
v -0.175781 0.173828 -0.654297
v -0.181641 0.000000 -0.679688
v -0.384766 0.333984 -0.392578
v -0.384766 0.439453 -0.320312
v -0.310547 0.365234 -0.441406
v -0.312500 0.486328 -0.357422
v -0.312500 0.542969 -0.195312
v -0.312500 0.486328 -0.357422
v -0.384766 0.472656 -0.199219
v -0.384766 0.439453 -0.320312
v -0.167969 0.199219 0.277344
v -0.166016 0.277344 0.269531
v -0.185547 0.212891 0.242188
v -0.201172 0.271484 0.220703
v -0.201172 0.271484 0.220703
v -0.166016 0.277344 0.269531
v -0.216797 0.330078 0.195313
v -0.191406 0.388672 0.238281
v -0.185547 0.212891 0.242188
v -0.236328 0.164062 0.285156
v -0.167969 0.199219 0.277344
v -0.210938 0.111328 0.355469
v -0.242188 0.222656 0.080078
v -0.251953 0.263672 0.169922
v -0.195312 0.265625 0.166016
v -0.253906 0.220703 0.218750
v -0.273438 0.080078 0.277344
v -0.363281 0.056641 0.277344
v -0.271484 -0.000000 0.275391
v -0.365234 -0.000000 0.277344
v -0.185547 0.421875 0.246094
v -0.177734 0.433594 0.289063
v -0.287109 0.554687 0.324219
v -0.242188 0.531250 0.392578
v -0.361328 0.216797 0.031250
v -0.314453 0.291016 0.101563
v -0.314453 0.302734 0.039063
v -0.240234 0.236328 0.013672
v -0.310547 0.373047 -0.111328
v -0.310547 0.417969 -0.199219
v -0.314453 0.191406 -0.201172
v -0.310547 0.384766 -0.292969
v -0.271484 0.361328 0.015625
v -0.273438 0.455078 -0.052734
v -0.314453 0.470703 -0.042969
v -0.312500 0.542969 -0.195312
v -0.384766 0.417969 -0.080078
v -0.384766 0.326172 -0.021484
v -0.314453 0.378906 0.027344
v -0.314453 0.302734 0.039063
v -0.271484 0.361328 0.015625
v -0.314453 0.470703 -0.042969
v -0.314453 0.378906 0.027344
v -0.384766 0.417969 -0.080078
v -0.314453 0.302734 0.039063
v -0.240234 0.236328 0.013672
v -0.314453 0.378906 0.027344
v -0.271484 0.361328 0.015625
v -0.314453 0.117187 0.142578
v -0.363281 0.152344 0.175781
v -0.314453 0.164062 0.029297
v -0.361328 0.216797 0.031250
v -0.314453 0.164062 0.029297
v -0.361328 0.216797 0.031250
v -0.353516 0.164062 0.029297
v -0.371094 0.164062 0.000000
v -0.314453 0.626953 -0.048828
v -0.158203 0.677734 -0.078125
v -0.312500 0.609375 -0.162109
v -0.160156 0.656250 -0.183594
v -0.314453 0.162109 -0.607422
v -0.312500 0.275391 -0.566406
v -0.175781 0.173828 -0.654297
v -0.171875 0.296875 -0.607422
v -0.175781 0.173828 -0.654297
v -0.181641 0.000000 -0.679688
v -0.314453 0.162109 -0.607422
v -0.312500 0.000000 -0.626953
v -0.158203 0.679688 0.064453
v -0.136719 0.648437 0.216797
v 0.000000 0.701172 0.064453
v 0.000000 0.666016 0.224609
v -0.158203 0.677734 -0.078125
v -0.314453 0.626953 -0.048828
v -0.158203 0.679688 0.064453
v -0.314453 0.626953 0.066406
v -0.158203 0.679688 0.064453
v 0.000000 0.701172 0.064453
v -0.158203 0.677734 -0.078125
v 0.000000 0.701172 -0.087891
v -0.185547 0.421875 0.246094
v -0.246094 0.416016 0.152344
v -0.191406 0.388672 0.238281
v -0.216797 0.330078 0.195313
v -0.271484 0.361328 0.015625
v -0.275391 0.443359 0.058594
v -0.273438 0.455078 -0.052734
v -0.314453 0.626953 0.066406
v -0.314453 0.000000 -0.566406
v -0.310547 0.220703 -0.460937
v -0.312500 0.000000 -0.626953
v -0.314453 0.162109 -0.607422
v -0.314453 0.191406 -0.201172
v -0.314453 0.214844 -0.353516
v -0.314453 0.000000 -0.566406
v -0.310547 0.220703 -0.460937
v -0.314453 0.000000 -0.566406
v -0.314453 -0.000000 0.199219
v -0.314453 0.191406 -0.201172
v -0.314453 0.164063 -0.052734
v -0.328125 -0.527344 -0.330078
v -0.326172 -0.275391 -0.134766
v -0.328125 -0.390625 -0.478516
v -0.326172 -0.275391 -0.558594
v -0.384766 0.417969 -0.080078
v -0.310547 0.373047 -0.111328
v -0.384766 0.326172 -0.021484
v -0.312500 0.292969 -0.064453
v -0.314453 0.164063 -0.052734
v -0.314453 0.164062 0.029297
v -0.371094 0.164062 0.000000
v -0.353516 0.164062 0.029297
v -0.310547 0.384766 -0.292969
v -0.312500 0.298828 -0.343750
v -0.314453 0.191406 -0.201172
v -0.314453 0.214844 -0.353516
v -0.310547 0.373047 -0.111328
v -0.314453 0.191406 -0.201172
v -0.312500 0.292969 -0.064453
v -0.314453 0.164063 -0.052734
v 0.082031 0.380859 0.382813
v 0.000000 0.347656 0.437500
v 0.000000 0.353516 0.402344
v -0.082031 0.380859 0.382813
v -0.185547 0.421875 0.246094
v -0.160156 0.433594 0.269531
v -0.177734 0.433594 0.289063
v -0.082031 0.380859 0.382813
v -0.177734 0.433594 0.289063
v -0.082031 0.380859 0.382813
v -0.089844 0.380859 0.400391
v 0.000000 0.347656 0.437500
v 0.458984 -0.275391 0.458984
v 0.326172 -0.275391 0.138672
v 0.562500 -0.275391 0.324219
v 0.630859 -0.275391 0.138672
v 0.646484 -0.275391 -0.000000
v 0.689453 -0.136719 -0.000000
v 0.630859 -0.275391 0.138672
v 0.667969 -0.136719 0.158203
v 0.195312 -0.664062 -0.113281
v 0.226562 -0.664062 -0.000000
v 0.000000 -0.689453 -0.000000
v 0.195312 -0.664062 0.113281
v 0.195312 -0.664062 0.113281
v 0.113281 -0.664063 0.195312
v 0.000000 -0.689453 -0.000000
v 0.000000 -0.664063 0.226562
v 0.312500 0.000000 -0.626953
v 0.177734 -0.130859 -0.666016
v 0.181641 0.000000 -0.679688
v 0.000000 0.000000 -0.703125
v 0.646484 -0.275391 -0.000000
v 0.630859 -0.275391 0.138672
v 0.591797 -0.380859 -0.000000
v 0.576172 -0.378906 0.138672
v 0.675781 -0.000000 0.179688
v 0.667969 -0.136719 0.158203
v 0.699219 0.000000 0.000000
v 0.689453 -0.136719 -0.000000
v 0.458984 -0.275391 0.458984
v 0.486328 -0.136719 0.486328
v 0.326172 -0.275391 0.558594
v 0.343750 -0.136719 0.595703
v 0.000000 0.000000 -0.703125
v 0.177734 -0.130859 -0.666016
v 0.000000 -0.134766 -0.693359
v 0.167969 -0.275391 -0.628906
v 0.595703 -0.136719 0.343750
v 0.486328 -0.136719 0.486328
v 0.562500 -0.275391 0.324219
v 0.458984 -0.275391 0.458984
v 0.167969 -0.275391 0.628906
v 0.000000 -0.275391 0.650391
v 0.150391 -0.390625 0.564453
v 0.000000 -0.390625 0.583984
v 0.177734 -0.136719 0.666016
v 0.000000 -0.136719 0.689453
v 0.167969 -0.275391 0.628906
v 0.000000 -0.275391 0.650391
v 0.576172 -0.378906 -0.134766
v 0.632812 -0.275391 -0.134766
v 0.591797 -0.380859 -0.000000
v 0.646484 -0.275391 -0.000000
v 0.328125 -0.527344 0.328125
v 0.232422 -0.527344 0.400391
v 0.226562 -0.591797 0.296875
v 0.095703 -0.591797 0.363281
v 0.000000 -0.134766 -0.693359
v 0.167969 -0.275391 -0.628906
v 0.000000 -0.275391 -0.650391
v 0.000000 -0.390625 -0.583984
v 0.326172 -0.275391 -0.558594
v 0.328125 -0.390625 -0.478516
v 0.150391 -0.390625 -0.564453
v 0.232422 -0.527344 -0.400391
v 0.000000 -0.527344 0.464844
v 0.000000 -0.591797 0.376953
v 0.095703 -0.591797 0.363281
v 0.000000 -0.664063 0.226562
v 0.000000 -0.591797 -0.376953
v 0.000000 -0.527344 -0.464844
v 0.095703 -0.591797 -0.363281
v 0.119141 -0.527344 -0.447266
v 0.437500 -0.539062 -0.109375
v 0.376953 -0.591797 -0.000000
v 0.328125 -0.591797 -0.189453
v 0.226562 -0.664062 -0.000000
v 0.433594 -0.103516 -0.462891
v 0.472656 -0.101562 -0.501953
v 0.343750 -0.058594 -0.544922
v 0.359375 -0.064453 -0.595703
v 0.195312 -0.664062 -0.113281
v 0.000000 -0.689453 -0.000000
v 0.113281 -0.664062 -0.195313
v 0.000000 -0.664062 -0.226563
v 0.343750 -0.058594 -0.544922
v 0.359375 -0.064453 -0.595703
v 0.314453 0.000000 -0.566406
v 0.312500 0.000000 -0.626953
v 0.699219 0.000000 0.000000
v 0.675781 -0.068359 -0.154297
v 0.646484 0.000000 0.000000
v 0.625000 -0.070312 -0.136719
v 0.582031 -0.109375 -0.373047
v 0.472656 -0.101562 -0.501953
v 0.535156 -0.109375 -0.341797
v 0.433594 -0.103516 -0.462891
v 0.625000 -0.070312 -0.136719
v 0.675781 -0.068359 -0.154297
v 0.535156 -0.109375 -0.341797
v 0.582031 -0.109375 -0.373047
v 0.349609 -0.000000 0.605469
v 0.000000 0.000000 0.000000
v 0.179688 -0.000000 0.675781
v 0.000000 -0.000000 0.699219
v 0.343750 -0.058594 -0.544922
v 0.433594 0.000000 -0.462891
v 0.433594 -0.103516 -0.462891
v 0.535156 0.000000 -0.341797
v 0.605469 -0.000000 0.349609
v 0.000000 0.000000 0.000000
v 0.494141 -0.000000 0.494141
v 0.349609 -0.000000 0.605469
v -0.167969 -0.275391 0.628906
v -0.326172 -0.275391 0.558594
v -0.150391 -0.390625 0.564453
v -0.326172 -0.390625 0.478516
v -0.646484 -0.275391 -0.000000
v -0.632812 -0.277344 -0.134766
v -0.591797 -0.380859 -0.000000
v -0.576172 -0.378906 -0.134766
v 0.433594 0.000000 -0.462891
v 0.000000 0.000000 0.000000
v 0.535156 0.000000 -0.341797
v 0.625000 0.000000 -0.136719
v -0.625000 -0.070312 -0.136719
v -0.535156 0.000000 -0.341797
v -0.535156 -0.109375 -0.341797
v -0.433594 -0.103516 -0.462891
v -0.433594 0.000000 -0.462891
v -0.343750 -0.058594 -0.544922
v -0.314453 0.000000 -0.566406
v 0.646484 0.000000 0.000000
v 0.625000 -0.070312 -0.136719
v 0.625000 0.000000 -0.136719
v 0.535156 0.000000 -0.341797
v 0.535156 -0.109375 -0.341797
v 0.433594 -0.103516 -0.462891
v 0.000000 -0.591797 -0.376953
v 0.095703 -0.591797 -0.363281
v 0.000000 -0.664062 -0.226563
v 0.113281 -0.664062 -0.195313
v 0.226562 -0.591797 -0.296875
v 0.195312 -0.664062 -0.113281
v 0.328125 -0.591797 -0.189453
v 0.226562 -0.664062 -0.000000
v 0.095703 -0.591797 -0.363281
v 0.119141 -0.527344 -0.447266
v 0.232422 -0.527344 -0.400391
v 0.150391 -0.390625 -0.564453
v 0.000000 -0.527344 -0.464844
v 0.000000 -0.390625 -0.583984
v 0.000000 -0.527344 0.464844
v 0.119141 -0.527344 0.447266
v 0.000000 -0.390625 0.583984
v 0.150391 -0.390625 0.564453
v 0.232422 -0.527344 0.400391
v 0.326172 -0.390625 0.478516
v 0.328125 -0.527344 0.328125
v 0.347656 -0.119141 -0.595703
v 0.326172 -0.275391 -0.558594
v 0.177734 -0.130859 -0.666016
v 0.167969 -0.275391 -0.628906
v 0.150391 -0.390625 -0.564453
v 0.000000 -0.390625 -0.583984
v 0.177734 -0.136719 0.666016
v 0.167969 -0.275391 0.628906
v 0.343750 -0.136719 0.595703
v 0.326172 -0.275391 0.558594
v 0.150391 -0.390625 0.564453
v 0.326172 -0.390625 0.478516
v 0.605469 -0.000000 0.349609
v 0.595703 -0.136719 0.343750
v 0.675781 -0.000000 0.179688
v 0.667969 -0.136719 0.158203
v 0.562500 -0.275391 0.324219
v 0.630859 -0.275391 0.138672
v 0.646484 -0.275391 -0.000000
v 0.632812 -0.275391 -0.134766
v 0.689453 -0.136719 -0.000000
v 0.667969 -0.134766 -0.152344
v 0.562500 -0.275391 -0.324219
v 0.582031 -0.109375 -0.373047
v 0.000000 -0.136719 0.689453
v 0.177734 -0.136719 0.666016
v 0.000000 -0.000000 0.699219
v 0.179688 -0.000000 0.675781
v 0.343750 -0.136719 0.595703
v 0.349609 -0.000000 0.605469
v 0.486328 -0.136719 0.486328
v 0.494141 -0.000000 0.494141
v 0.595703 -0.136719 0.343750
v 0.605469 -0.000000 0.349609
v 0.328125 -0.527344 0.328125
v 0.226562 -0.591797 0.296875
v 0.328125 -0.591797 0.189453
v 0.195312 -0.664062 0.113281
v 0.113281 -0.664063 0.195312
v 0.328125 -0.591797 -0.189453
v 0.226562 -0.591797 -0.296875
v 0.328125 -0.527344 -0.330078
v 0.232422 -0.527344 -0.400391
v 0.095703 -0.591797 -0.363281
v 0.576172 -0.378906 -0.134766
v 0.591797 -0.380859 -0.000000
v 0.324219 -0.376953 -0.134766
v 0.324219 -0.376953 0.138672
v 0.576172 -0.378906 0.138672
v 0.347656 -0.119141 -0.595703
v 0.472656 -0.101562 -0.501953
v 0.326172 -0.275391 -0.558594
v 0.458984 -0.275391 -0.458984
v 0.582031 -0.109375 -0.373047
v 0.562500 -0.275391 -0.324219
v 0.472656 -0.101562 -0.501953
v 0.347656 -0.119141 -0.595703
v 0.359375 -0.064453 -0.595703
v 0.312500 0.000000 -0.626953
v 0.177734 -0.130859 -0.666016
v 0.328125 -0.591797 0.189453
v 0.376953 -0.591797 -0.000000
v 0.437500 -0.539062 0.107422
v 0.447266 -0.542969 -0.000000
v 0.437500 -0.539062 -0.109375
v 0.000000 0.451172 -0.531250
v 0.167969 0.423828 -0.531250
v 0.000000 0.310547 -0.630859
v 0.171875 0.296875 -0.607422
v 0.310547 0.394531 -0.492187
v 0.312500 0.275391 -0.566406
v 0.312500 0.462891 -0.427734
v 0.312500 0.546875 -0.314453
v 0.312500 0.486328 -0.357422
v 0.312500 0.542969 -0.195312
v 0.312500 0.609375 -0.162109
v 0.314453 0.626953 -0.048828
v 0.275391 0.443359 0.058594
v 0.261719 0.447266 0.125000
v 0.271484 0.361328 0.015625
v 0.240234 0.236328 0.013672
v 0.246094 0.416016 0.152344
v 0.242188 0.222656 0.080078
v 0.216797 0.330078 0.195313
v 0.195312 0.265625 0.166016
v 0.287109 0.554687 0.324219
v 0.121094 0.599609 0.347656
v 0.242188 0.531250 0.392578
v 0.000000 0.580078 0.398438
v 0.000000 0.619141 0.332031
v -0.121094 0.599609 0.347656
v 0.248047 0.048828 0.341797
v 0.273438 0.080078 0.277344
v 0.210938 0.111328 0.355469
v 0.236328 0.164062 0.285156
v 0.273438 0.169922 0.244141
v 0.253906 0.220703 0.218750
v 0.273438 0.222656 0.175781
v 0.251953 0.263672 0.169922
v 0.242188 0.222656 0.080078
v 0.248047 0.048828 0.341797
v 0.210938 0.111328 0.355469
v 0.218750 0.050781 0.416016
v 0.195312 0.091797 0.417969
v 0.152344 0.140625 0.365234
v 0.152344 0.107422 0.421875
v 0.000000 0.109375 0.343750
v 0.080078 0.115234 0.365234
v 0.101562 0.177734 0.314453
v 0.119141 0.169922 0.324219
v 0.152344 0.140625 0.365234
v 0.167969 0.199219 0.277344
v 0.210938 0.111328 0.355469
v 0.097656 -0.000000 0.427734
v 0.076172 0.054687 0.425781
v 0.062500 -0.000000 0.380859
v 0.033203 0.054687 0.357422
v 0.080078 0.115234 0.365234
v 0.080078 0.115234 0.365234
v 0.076172 0.054687 0.425781
v 0.099609 0.093750 0.423828
v 0.148438 0.052734 0.476562
v 0.097656 -0.000000 0.427734
v 0.144531 -0.000000 0.445312
v 0.312500 0.486328 -0.357422
v 0.384766 0.439453 -0.320312
v 0.310547 0.365234 -0.441406
v 0.384766 0.333984 -0.392578
v 0.310547 0.384766 -0.292969
v 0.312500 0.298828 -0.343750
v 0.312500 0.542969 -0.195312
v 0.384766 0.472656 -0.199219
v 0.312500 0.486328 -0.357422
v 0.384766 0.439453 -0.320312
v 0.310547 0.417969 -0.199219
v 0.310547 0.384766 -0.292969
v 0.201172 0.271484 0.220703
v 0.166016 0.277344 0.269531
v 0.185547 0.212891 0.242188
v 0.167969 0.199219 0.277344
v 0.136719 0.224609 0.289063
v 0.201172 0.271484 0.220703
v 0.216797 0.330078 0.195313
v 0.166016 0.277344 0.269531
v 0.191406 0.388672 0.238281
v 0.246094 0.416016 0.152344
v 0.185547 0.421875 0.246094
v 0.287109 0.554687 0.324219
v 0.210938 0.111328 0.355469
v 0.236328 0.164062 0.285156
v 0.167969 0.199219 0.277344
v 0.185547 0.212891 0.242188
v 0.253906 0.220703 0.218750
v 0.195312 0.265625 0.166016
v 0.251953 0.263672 0.169922
v 0.242188 0.222656 0.080078
v 0.365234 -0.000000 0.277344
v 0.363281 0.056641 0.277344
v 0.271484 -0.000000 0.275391
v 0.273438 0.080078 0.277344
v 0.314453 0.140625 0.277344
v 0.273438 0.169922 0.244141
v 0.314453 0.140625 0.277344
v 0.314453 0.212891 0.224609
v 0.363281 0.152344 0.175781
v 0.363281 0.056641 0.277344
v 0.314453 -0.000000 0.199219
v 0.314453 0.117187 0.142578
v 0.359375 -0.000000 0.218750
v 0.363281 0.152344 0.175781
v 0.314453 0.164062 0.029297
v 0.361328 0.216797 0.031250
v 0.000000 0.140625 0.314453
v 0.099609 0.197266 0.300781
v 0.000000 0.250000 0.384766
v 0.101562 0.300781 0.343750
v 0.136719 0.224609 0.289063
v 0.166016 0.277344 0.269531
v 0.312500 0.462891 -0.427734
v 0.164062 0.501953 -0.453125
v 0.312500 0.546875 -0.314453
v 0.162109 0.605469 -0.314453
v 0.000000 0.527344 -0.451172
v 0.000000 0.625000 -0.316406
v 0.314453 0.162109 -0.607422
v 0.310547 0.220703 -0.460937
v 0.312500 0.000000 -0.626953
v 0.314453 0.000000 -0.566406
v 0.314453 0.214844 -0.353516
v 0.314453 0.191406 -0.201172
v 0.312500 0.298828 -0.343750
v 0.310547 0.384766 -0.292969
v 0.314453 0.164063 -0.052734
v 0.312500 0.292969 -0.064453
v 0.371094 0.164062 0.000000
v 0.384766 0.326172 -0.021484
v 0.310547 0.373047 -0.111328
v 0.384766 0.417969 -0.080078
v 0.310547 0.417969 -0.199219
v 0.384766 0.472656 -0.199219
v -0.625000 0.000000 -0.136719
v 0.000000 0.000000 0.000000
v -0.535156 0.000000 -0.341797
v -0.433594 0.000000 -0.462891
v -0.314453 0.000000 -0.566406
v -0.605469 -0.000000 0.349609
v 0.000000 0.000000 0.000000
v -0.675781 -0.000000 0.179688
v -0.646484 0.000000 0.000000
v -0.625000 0.000000 -0.136719
v 0.605469 -0.000000 0.349609
v 0.675781 -0.000000 0.179688
v 0.000000 0.000000 0.000000
v 0.646484 0.000000 0.000000
v 0.699219 0.000000 0.000000
v -0.433594 -0.103516 -0.462891
v -0.343750 -0.058594 -0.544922
v -0.472656 -0.101562 -0.501953
v -0.359375 -0.064453 -0.595703
v -0.314453 0.000000 -0.566406
v -0.312500 0.000000 -0.626953
v 0.000000 -0.591797 -0.376953
v 0.000000 -0.664062 -0.226563
v -0.095703 -0.591797 -0.363281
v -0.113281 -0.664062 -0.195313
v 0.000000 -0.689453 -0.000000
v -0.195312 -0.664062 -0.113281
v -0.226562 -0.664062 -0.000000
v -0.376953 -0.591797 -0.000000
v -0.328125 -0.591797 -0.189453
v -0.437500 -0.539062 -0.109375
v -0.447266 -0.542969 -0.000000
v -0.095703 -0.591797 -0.363281
v -0.232422 -0.527344 -0.400391
v -0.119141 -0.527344 -0.447266
v -0.150391 -0.390625 -0.564453
v -0.328125 -0.390625 -0.478516
v -0.326172 -0.275391 -0.558594
v 0.000000 -0.527344 0.464844
v 0.000000 -0.390625 0.583984
v -0.119141 -0.527344 0.447266
v -0.150391 -0.390625 0.564453
v 0.000000 -0.275391 0.650391
v -0.167969 -0.275391 0.628906
v 0.000000 -0.136719 0.689453
v -0.177734 -0.136719 0.666016
v 0.000000 -0.000000 0.699219
v -0.179688 -0.000000 0.675781
v 0.000000 -0.390625 -0.583984
v -0.167969 -0.275391 -0.628906
v 0.000000 -0.275391 -0.650391
v 0.000000 -0.134766 -0.693359
v -0.177734 -0.130859 -0.666016
v 0.000000 0.000000 -0.703125
v -0.458984 -0.275391 0.458984
v -0.326172 -0.275391 0.558594
v -0.486328 -0.136719 0.486328
v -0.343750 -0.136719 0.595703
v -0.167969 -0.275391 0.628906
v -0.177734 -0.136719 0.666016
v -0.458984 -0.275391 0.458984
v -0.486328 -0.136719 0.486328
v -0.562500 -0.275391 0.324219
v -0.595703 -0.136719 0.343750
v -0.494141 -0.000000 0.494141
v -0.605469 -0.000000 0.349609
v 0.000000 0.000000 -0.703125
v -0.177734 -0.130859 -0.666016
v -0.181641 0.000000 -0.679688
v -0.312500 0.000000 -0.626953
v -0.347656 -0.119141 -0.595703
v -0.328125 -0.591797 -0.189453
v -0.328125 -0.527344 -0.330078
v -0.226562 -0.591797 -0.296875
v -0.232422 -0.527344 -0.400391
v -0.328125 -0.390625 -0.478516
v 0.000000 -0.664063 0.226562
v -0.113281 -0.664063 0.195312
v 0.000000 -0.689453 -0.000000
v -0.195312 -0.664062 0.113281
v -0.226562 -0.591797 0.296875
v -0.326172 -0.275391 -0.558594
v -0.326172 -0.275391 -0.134766
v -0.458984 -0.275391 -0.458984
v -0.562500 -0.275391 -0.324219
v -0.632812 -0.277344 -0.134766
v -0.632812 -0.275391 0.138672
v -0.326172 -0.275391 0.138672
v -0.562500 -0.275391 0.324219
v -0.458984 -0.275391 0.458984
v -0.326172 -0.275391 0.558594
v -0.326172 -0.275391 0.558594
v -0.326172 -0.275391 0.138672
v -0.326172 -0.390625 0.478516
v -0.328125 -0.527344 0.328125
v -0.328125 -0.591797 0.189453
v -0.458984 -0.275391 -0.458984
v -0.472656 -0.101562 -0.501953
v -0.326172 -0.275391 -0.558594
v -0.347656 -0.119141 -0.595703
v -0.359375 -0.064453 -0.595703
v -0.312500 0.000000 -0.626953
v -0.326172 -0.535156 -0.107422
v -0.326172 -0.535156 0.105469
v -0.324219 -0.376953 -0.134766
v -0.324219 -0.376953 0.138672
v -0.328125 -0.591797 0.189453
v -0.326172 -0.275391 0.138672
v -0.328125 -0.527344 -0.330078
v -0.328125 -0.591797 -0.189453
v -0.326172 -0.275391 -0.134766
v -0.324219 -0.376953 -0.134766
v -0.326172 -0.535156 -0.107422
v -0.314453 0.162109 -0.607422
v -0.310547 0.220703 -0.460937
v -0.312500 0.275391 -0.566406
v -0.310547 0.394531 -0.492187
v -0.310547 0.365234 -0.441406
v 0.000000 0.679688 -0.191406
v 0.000000 0.625000 -0.316406
v -0.160156 0.656250 -0.183594
v -0.162109 0.605469 -0.314453
v 0.000000 0.527344 -0.451172
v -0.164062 0.501953 -0.453125
v 0.000000 0.451172 -0.531250
v -0.167969 0.423828 -0.531250
v 0.000000 0.310547 -0.630859
v -0.171875 0.296875 -0.607422
v 0.000000 0.181641 -0.679688
v -0.175781 0.173828 -0.654297
v -0.312500 0.486328 -0.357422
v -0.312500 0.542969 -0.195312
v -0.312500 0.546875 -0.314453
v -0.312500 0.609375 -0.162109
v -0.314453 0.626953 -0.048828
v -0.261719 0.447266 0.125000
v -0.246094 0.416016 0.152344
v -0.308594 0.595703 0.203125
v -0.287109 0.554687 0.324219
v -0.185547 0.421875 0.246094
v -0.121094 0.599609 0.347656
v -0.136719 0.648437 0.216797
v -0.287109 0.554687 0.324219
v -0.308594 0.595703 0.203125
v -0.158203 0.679688 0.064453
v -0.314453 0.626953 0.066406
v -0.195312 0.265625 0.166016
v -0.253906 0.220703 0.218750
v -0.185547 0.212891 0.242188
v -0.236328 0.164062 0.285156
v -0.273438 0.169922 0.244141
v -0.273438 0.080078 0.277344
v -0.191406 0.388672 0.238281
v -0.101562 0.300781 0.343750
v -0.185547 0.421875 0.246094
v -0.160156 0.433594 0.269531
v -0.082031 0.380859 0.382813
v -0.236328 0.164062 0.285156
v -0.273438 0.080078 0.277344
v -0.210938 0.111328 0.355469
v -0.248047 0.048828 0.341797
v -0.271484 -0.000000 0.275391
v -0.220703 -0.000000 0.369141
v 0.000000 0.140625 0.314453
v 0.000000 0.250000 0.384766
v -0.099609 0.197266 0.300781
v -0.101562 0.300781 0.343750
v 0.000000 0.353516 0.402344
v -0.082031 0.380859 0.382813
v -0.248047 0.048828 0.341797
v -0.218750 0.050781 0.416016
v -0.210938 0.111328 0.355469
v -0.195312 0.091797 0.417969
v -0.148438 0.052734 0.476562
v -0.273438 0.169922 0.244141
v -0.314453 0.212891 0.224609
v -0.314453 0.140625 0.277344
v -0.363281 0.152344 0.175781
v -0.314453 0.291016 0.101563
v -0.361328 0.216797 0.031250
v -0.080078 0.115234 0.365234
v -0.033203 0.054687 0.357422
v 0.000000 0.109375 0.343750
v 0.000000 -0.000000 0.359375
v -0.062500 -0.000000 0.380859
v -0.101562 0.177734 0.314453
v -0.136719 0.224609 0.289063
v -0.119141 0.169922 0.324219
v -0.167969 0.199219 0.277344
v -0.166016 0.277344 0.269531
v -0.363281 0.056641 0.277344
v -0.363281 0.152344 0.175781
v -0.365234 -0.000000 0.277344
v -0.359375 -0.000000 0.218750
v -0.314453 0.117187 0.142578
v -0.314453 -0.000000 0.199219
v -0.273438 0.169922 0.244141
v -0.273438 0.222656 0.175781
v -0.314453 0.212891 0.224609
v -0.314453 0.291016 0.101563
v -0.242188 0.222656 0.080078
v -0.240234 0.236328 0.013672
v -0.310547 0.373047 -0.111328
v -0.384766 0.417969 -0.080078
v -0.310547 0.417969 -0.199219
v -0.384766 0.472656 -0.199219
v -0.314453 0.470703 -0.042969
v -0.312500 0.542969 -0.195312
v -0.314453 0.164063 -0.052734
v -0.371094 0.164062 0.000000
v -0.312500 0.292969 -0.064453
v -0.384766 0.326172 -0.021484
v -0.361328 0.216797 0.031250
v -0.314453 0.302734 0.039063
v -0.099609 0.197266 0.300781
v -0.101562 0.300781 0.343750
v -0.136719 0.224609 0.289063
v -0.166016 0.277344 0.269531
v -0.191406 0.388672 0.238281
v -0.160156 0.656250 -0.183594
v -0.162109 0.605469 -0.314453
v -0.312500 0.609375 -0.162109
v -0.312500 0.546875 -0.314453
v -0.164062 0.501953 -0.453125
v -0.312500 0.462891 -0.427734
v -0.312500 0.275391 -0.566406
v -0.310547 0.394531 -0.492187
v -0.171875 0.296875 -0.607422
v -0.167969 0.423828 -0.531250
v -0.312500 0.462891 -0.427734
v -0.164062 0.501953 -0.453125
v -0.314453 0.214844 -0.353516
v -0.312500 0.298828 -0.343750
v -0.384766 0.220703 -0.400391
v -0.384766 0.333984 -0.392578
v -0.310547 0.384766 -0.292969
v -0.384766 0.439453 -0.320312
v -0.310547 0.417969 -0.199219
v -0.384766 0.472656 -0.199219
v -0.177734 0.433594 0.289063
v -0.089844 0.380859 0.400391
v -0.242188 0.531250 0.392578
v -0.167969 0.513672 0.451172
v 0.000000 0.347656 0.437500
v 0.000000 0.498047 0.498047
v 0.327734 -0.526325 -0.330078
v 0.325781 -0.387653 -0.484375
v 0.413672 -0.385700 -0.414062
v 0.437109 -0.538044 0.107422
v 0.575781 -0.377888 0.138672
v 0.507422 -0.381794 0.292969
v 0.411719 -0.409137 -0.296875
v 0.409766 -0.502887 -0.113281
v 0.530859 -0.375934 -0.134766
v 0.411719 -0.407184 0.296875
v 0.325781 -0.477497 0.308594
v 0.323828 -0.379841 0.433594
v 0.585547 -0.276325 -0.132812
v 0.519141 -0.272419 -0.308594
v 0.530859 -0.375934 -0.134766
v 0.411719 -0.409137 -0.296875
v 0.507422 -0.381794 -0.292969
v 0.562109 -0.276325 -0.324219
v 0.575781 -0.377887 -0.134766
v 0.630469 -0.276325 -0.134766
v 0.413672 -0.385700 -0.414062
v 0.458594 -0.276325 -0.458984
v 0.507422 -0.381794 -0.292969
v 0.562109 -0.276325 -0.324219
v 0.325781 -0.276325 -0.558594
v 0.458594 -0.276325 -0.458984
v 0.325781 -0.387653 -0.484375
v 0.413672 -0.385700 -0.414062
v 0.437109 -0.538044 0.107422
v 0.394141 -0.532184 0.228516
v 0.327734 -0.590778 0.189453
v 0.327734 -0.526325 0.328125
v 0.327734 -0.526325 -0.330078
v 0.394141 -0.532184 -0.228516
v 0.327734 -0.590778 -0.189453
v 0.437109 -0.538044 -0.107422
v 0.575781 -0.377887 -0.134766
v 0.437109 -0.538044 -0.107422
v 0.507422 -0.381794 -0.292969
v 0.394141 -0.532184 -0.228516
v 0.394141 -0.532184 -0.228516
v 0.327734 -0.526325 -0.330078
v 0.507422 -0.381794 -0.292969
v 0.413672 -0.385700 -0.414062
v 0.530859 -0.373981 0.138672
v 0.575781 -0.377888 0.138672
v 0.542578 -0.373981 -0.000000
v 0.589453 -0.379841 -0.000000
v 0.409766 -0.502887 0.113281
v 0.417578 -0.504841 -0.000000
v 0.437109 -0.538044 0.107422
v 0.444922 -0.541950 -0.000000
v 0.530859 -0.375934 -0.134766
v 0.542578 -0.373981 -0.000000
v 0.575781 -0.377887 -0.134766
v 0.589453 -0.379841 -0.000000
v 0.575781 -0.377888 0.138672
v 0.437109 -0.538044 0.107422
v 0.589453 -0.379841 -0.000000
v 0.444922 -0.541950 -0.000000
v 0.444922 -0.541950 -0.000000
v 0.437109 -0.538044 -0.107422
v 0.589453 -0.379841 -0.000000
v 0.575781 -0.377887 -0.134766
v 0.417578 -0.270466 -0.431641
v 0.458594 -0.276325 -0.458984
v 0.323828 -0.276325 -0.503906
v 0.325781 -0.276325 -0.558594
v 0.417578 -0.270466 0.431641
v 0.458594 -0.276325 0.458984
v 0.519141 -0.272419 0.308594
v 0.562109 -0.276325 0.324219
v 0.530859 -0.373981 0.138672
v 0.583594 -0.276325 0.138672
v 0.575781 -0.377888 0.138672
v 0.628516 -0.276325 0.138672
v 0.519141 -0.272419 0.308594
v 0.562109 -0.276325 0.324219
v 0.583594 -0.276325 0.138672
v 0.628516 -0.276325 0.138672
v 0.323828 -0.379841 0.433594
v 0.325781 -0.387653 0.484375
v 0.323828 -0.276325 0.503906
v 0.325781 -0.276325 0.558594
v 0.417578 -0.270466 0.431641
v 0.323828 -0.276325 0.503906
v 0.458594 -0.276325 0.458984
v 0.325781 -0.276325 0.558594
v 0.325781 -0.477497 0.308594
v 0.323828 -0.539997 0.177734
v 0.327734 -0.526325 0.328125
v 0.327734 -0.590778 0.189453
v 0.409766 -0.502887 0.113281
v 0.437109 -0.538044 0.107422
v 0.323828 -0.539997 0.177734
v 0.327734 -0.590778 0.189453
v 0.409766 -0.502887 -0.113281
v 0.323828 -0.539997 -0.177734
v 0.437109 -0.538044 -0.107422
v 0.327734 -0.590778 -0.189453
v 0.325781 -0.479450 -0.310547
v 0.327734 -0.526325 -0.330078
v 0.323828 -0.539997 -0.177734
v 0.327734 -0.590778 -0.189453
v 0.325781 -0.477497 0.308594
v 0.327734 -0.526325 0.328125
v 0.323828 -0.379841 0.433594
v 0.325781 -0.387653 0.484375
v 0.417578 -0.504841 -0.000000
v 0.542578 -0.373981 -0.000000
v 0.409766 -0.502887 -0.113281
v 0.530859 -0.375934 -0.134766
v 0.530859 -0.375934 -0.134766
v 0.575781 -0.377887 -0.134766
v 0.585547 -0.276325 -0.132812
v 0.630469 -0.276325 -0.134766
v 0.409766 -0.502887 -0.113281
v 0.437109 -0.538044 -0.107422
v 0.417578 -0.504841 -0.000000
v 0.444922 -0.541950 -0.000000
v 0.417578 -0.504841 -0.000000
v 0.409766 -0.502887 0.113281
v 0.542578 -0.373981 -0.000000
v 0.530859 -0.373981 0.138672
v 0.323828 -0.276325 0.503906
v 0.417578 -0.270466 0.431641
v 0.323828 -0.379841 0.433594
v 0.411719 -0.407184 0.296875
v 0.519141 -0.272419 0.308594
v 0.530859 -0.373981 0.138672
v 0.583594 -0.276325 0.138672
v 0.325781 -0.477497 0.308594
v 0.411719 -0.407184 0.296875
v 0.323828 -0.539997 0.177734
v 0.409766 -0.502887 0.113281
v 0.530859 -0.373981 0.138672
v 0.409766 -0.502887 -0.113281
v 0.411719 -0.409137 -0.296875
v 0.323828 -0.539997 -0.177734
v 0.325781 -0.479450 -0.310547
v 0.323828 -0.379841 -0.433594
v 0.413672 -0.385700 0.414062
v 0.507422 -0.381794 0.292969
v 0.458594 -0.276325 0.458984
v 0.562109 -0.276325 0.324219
v 0.575781 -0.377888 0.138672
v 0.628516 -0.276325 0.138672
v 0.325781 -0.276325 0.558594
v 0.325781 -0.387653 0.484375
v 0.458594 -0.276325 0.458984
v 0.413672 -0.385700 0.414062
v 0.327734 -0.526325 0.328125
v 0.507422 -0.381794 0.292969
v 0.394141 -0.532184 0.228516
v 0.437109 -0.538044 0.107422
v 0.630469 -0.276325 -0.134766
v 0.562109 -0.276325 -0.324219
v 0.585547 -0.276325 -0.132812
v 0.519141 -0.272419 -0.308594
v 0.458594 -0.276325 -0.458984
v 0.417578 -0.270466 -0.431641
v 0.325781 -0.276325 -0.558594
v 0.325781 -0.387653 -0.484375
v 0.323828 -0.276325 -0.503906
v 0.323828 -0.379841 -0.433594
v 0.327734 -0.526325 -0.330078
v 0.325781 -0.479450 -0.310547
v 0.519141 -0.272419 -0.308594
v 0.417578 -0.270466 -0.431641
v 0.411719 -0.409137 -0.296875
v 0.323828 -0.379841 -0.433594
v 0.323828 -0.276325 -0.503906
v -0.327734 -0.526325 -0.330078
v -0.413672 -0.385700 -0.414062
v -0.325781 -0.387653 -0.484375
v -0.530859 -0.373981 0.138672
v -0.583594 -0.276325 0.138672
v -0.519141 -0.272419 0.308594
v -0.323828 -0.379841 -0.433594
v -0.323828 -0.276325 -0.503906
v -0.417578 -0.270466 -0.431641
v -0.444922 -0.541950 -0.000000
v -0.437109 -0.538044 0.107422
v -0.589453 -0.379841 -0.000000
v -0.575781 -0.377888 0.138672
v -0.444922 -0.541950 -0.000000
v -0.589453 -0.379841 -0.000000
v -0.437109 -0.538044 -0.107422
v -0.575781 -0.377887 -0.134766
v -0.325781 -0.276325 -0.558594
v -0.325781 -0.387653 -0.484375
v -0.458594 -0.276325 -0.458984
v -0.413672 -0.385700 -0.414062
v -0.628516 -0.276325 0.138672
v -0.575781 -0.377888 0.138672
v -0.562109 -0.276325 0.324219
v -0.507422 -0.381794 0.292969
v -0.325781 -0.479450 -0.310547
v -0.411719 -0.409137 -0.296875
v -0.323828 -0.539997 -0.177734
v -0.409766 -0.502887 -0.113281
v -0.413672 -0.385700 0.414062
v -0.325781 -0.387653 0.484375
v -0.458594 -0.276325 0.458984
v -0.325781 -0.276325 0.558594
v -0.437109 -0.538044 0.107422
v -0.327734 -0.590778 0.189453
v -0.394141 -0.532184 0.228516
v -0.327734 -0.526325 0.328125
v -0.327734 -0.526325 -0.330078
v -0.327734 -0.590778 -0.189453
v -0.394141 -0.532184 -0.228516
v -0.437109 -0.538044 -0.107422
v -0.394141 -0.532184 -0.228516
v -0.437109 -0.538044 -0.107422
v -0.507422 -0.381794 -0.292969
v -0.575781 -0.377887 -0.134766
v -0.394141 -0.532184 -0.228516
v -0.507422 -0.381794 -0.292969
v -0.327734 -0.526325 -0.330078
v -0.413672 -0.385700 -0.414062
v -0.530859 -0.373981 0.138672
v -0.542578 -0.373981 -0.000000
v -0.575781 -0.377888 0.138672
v -0.589453 -0.379841 -0.000000
v -0.444922 -0.541950 -0.000000
v -0.417578 -0.504841 -0.000000
v -0.437109 -0.538044 0.107422
v -0.409766 -0.502887 0.113281
v -0.417578 -0.504841 -0.000000
v -0.409766 -0.502887 -0.113281
v -0.542578 -0.373981 -0.000000
v -0.530859 -0.375934 -0.134766
v -0.409766 -0.502887 0.113281
v -0.411719 -0.407184 0.296875
v -0.323828 -0.539997 0.177734
v -0.325781 -0.477497 0.308594
v -0.630469 -0.276325 -0.134766
v -0.585547 -0.276325 -0.132812
v -0.562109 -0.276325 -0.324219
v -0.519141 -0.272419 -0.308594
v -0.530859 -0.375934 -0.134766
v -0.585547 -0.276325 -0.132812
v -0.575781 -0.377887 -0.134766
v -0.630469 -0.276325 -0.134766
v -0.562109 -0.276325 -0.324219
v -0.519141 -0.272419 -0.308594
v -0.458594 -0.276325 -0.458984
v -0.417578 -0.270466 -0.431641
v -0.325781 -0.276325 -0.558594
v -0.323828 -0.276325 -0.503906
v -0.325781 -0.387653 -0.484375
v -0.323828 -0.379841 -0.433594
v -0.417578 -0.270466 -0.431641
v -0.323828 -0.276325 -0.503906
v -0.458594 -0.276325 -0.458984
v -0.325781 -0.276325 -0.558594
v -0.628516 -0.276325 0.138672
v -0.583594 -0.276325 0.138672
v -0.575781 -0.377888 0.138672
v -0.530859 -0.373981 0.138672
v -0.325781 -0.276325 0.558594
v -0.323828 -0.276325 0.503906
v -0.458594 -0.276325 0.458984
v -0.417578 -0.270466 0.431641
v -0.327734 -0.590778 0.189453
v -0.323828 -0.539997 0.177734
v -0.327734 -0.526325 0.328125
v -0.325781 -0.477497 0.308594
v -0.409766 -0.502887 0.113281
v -0.323828 -0.539997 0.177734
v -0.437109 -0.538044 0.107422
v -0.327734 -0.590778 0.189453
v -0.327734 -0.590778 -0.189453
v -0.323828 -0.539997 -0.177734
v -0.437109 -0.538044 -0.107422
v -0.409766 -0.502887 -0.113281
v -0.325781 -0.479450 -0.310547
v -0.323828 -0.539997 -0.177734
v -0.327734 -0.526325 -0.330078
v -0.327734 -0.590778 -0.189453
v -0.325781 -0.387653 -0.484375
v -0.323828 -0.379841 -0.433594
v -0.327734 -0.526325 -0.330078
v -0.325781 -0.479450 -0.310547
v -0.409766 -0.502887 -0.113281
v -0.417578 -0.504841 -0.000000
v -0.437109 -0.538044 -0.107422
v -0.444922 -0.541950 -0.000000
v -0.589453 -0.379841 -0.000000
v -0.542578 -0.373981 -0.000000
v -0.575781 -0.377887 -0.134766
v -0.530859 -0.375934 -0.134766
v -0.530859 -0.373981 0.138672
v -0.409766 -0.502887 0.113281
v -0.542578 -0.373981 -0.000000
v -0.417578 -0.504841 -0.000000
v -0.413672 -0.385700 -0.414062
v -0.507422 -0.381794 -0.292969
v -0.458594 -0.276325 -0.458984
v -0.562109 -0.276325 -0.324219
v -0.575781 -0.377887 -0.134766
v -0.630469 -0.276325 -0.134766
v -0.519141 -0.272419 -0.308594
v -0.411719 -0.409137 -0.296875
v -0.417578 -0.270466 -0.431641
v -0.323828 -0.379841 -0.433594
v -0.325781 -0.479450 -0.310547
v -0.417578 -0.270466 0.431641
v -0.411719 -0.407184 0.296875
v -0.519141 -0.272419 0.308594
v -0.530859 -0.373981 0.138672
v -0.409766 -0.502887 0.113281
v -0.323828 -0.276325 0.503906
v -0.323828 -0.379841 0.433594
v -0.417578 -0.270466 0.431641
v -0.411719 -0.407184 0.296875
v -0.325781 -0.477497 0.308594
v -0.585547 -0.276325 -0.132812
v -0.530859 -0.375934 -0.134766
v -0.519141 -0.272419 -0.308594
v -0.411719 -0.409137 -0.296875
v -0.409766 -0.502887 -0.113281
v -0.325781 -0.387653 0.484375
v -0.413672 -0.385700 0.414062
v -0.327734 -0.526325 0.328125
v -0.507422 -0.381794 0.292969
v -0.458594 -0.276325 0.458984
v -0.562109 -0.276325 0.324219
v -0.327734 -0.526325 0.328125
v -0.507422 -0.381794 0.292969
v -0.394141 -0.532184 0.228516
v -0.437109 -0.538044 0.107422
v -0.575781 -0.377888 0.138672
v -0.628516 -0.276325 0.138672
v -0.562109 -0.276325 0.324219
v -0.583594 -0.276325 0.138672
v -0.519141 -0.272419 0.308594
v -0.458594 -0.276325 0.458984
v -0.417578 -0.270466 0.431641
v -0.325781 -0.276325 0.558594
v -0.325781 -0.387653 0.484375
v -0.323828 -0.276325 0.503906
v -0.323828 -0.379841 0.433594
v -0.327734 -0.526325 0.328125
v -0.325781 -0.477497 0.308594
v 0.574197 0.175781 0.142703
v 0.537088 0.175781 0.105594
v 0.511697 0.175781 0.170047
v 0.488259 -0.000000 0.355594
v 0.537088 -0.000000 0.234500
v 0.488259 0.175781 0.355594
v 0.537088 0.175781 0.234500
v 0.400369 0.175781 0.310672
v 0.445291 0.175781 0.195438
v 0.400369 -0.000000 0.310672
v 0.445291 -0.000000 0.195437
v 0.308572 0.175781 0.449344
v 0.351541 0.175781 0.505984
v 0.400369 0.175781 0.310672
v 0.488259 0.175781 0.355594
v 0.001931 -0.000000 0.564578
v -0.001975 -0.000000 0.648562
v 0.001931 0.175781 0.564578
v -0.000022 0.175781 0.648562
v 0.351541 0.175781 0.505984
v 0.351541 -0.000000 0.505984
v 0.488259 0.175781 0.355594
v 0.488259 -0.000000 0.355594
v 0.488259 -0.000000 0.355594
v 0.351541 -0.000000 0.505984
v 0.400369 -0.000000 0.310672
v 0.308572 -0.000000 0.449344
v 0.400369 -0.000000 0.310672
v 0.308572 -0.000000 0.449344
v 0.400369 0.175781 0.310672
v 0.308572 0.175781 0.449344
v 0.187478 0.175781 0.515750
v 0.308572 0.175781 0.449344
v 0.187478 -0.000000 0.515750
v 0.308572 -0.000000 0.449344
v 0.351541 -0.000000 0.505984
v 0.351541 0.175781 0.505984
v 0.248025 -0.000000 0.564578
v 0.248025 0.175781 0.564578
v 0.001931 0.175781 0.564578
v 0.060525 0.175781 0.515750
v 0.001931 -0.000000 0.564578
v 0.060525 -0.000000 0.515750
v 0.248025 0.175781 0.564578
v 0.234353 0.175781 0.629031
v 0.248025 -0.000000 0.564578
v 0.244119 -0.000000 0.634891
v 0.351541 0.175781 0.505984
v 0.308572 0.175781 0.449344
v 0.248025 0.175781 0.564578
v 0.187478 0.175781 0.515750
v 0.201150 0.175781 0.648562
v 0.234353 0.175781 0.629031
v 0.187478 0.175781 0.515750
v 0.248025 0.175781 0.564578
v 0.060525 0.175781 0.515750
v 0.040994 0.175781 0.679812
v 0.187478 0.175781 0.515750
v 0.201150 0.175781 0.648562
v 0.060525 0.175781 0.515750
v 0.001931 0.175781 0.564578
v 0.040994 0.175781 0.679812
v -0.000022 0.175781 0.648562
v 0.187478 -0.000000 0.515750
v 0.210916 -0.000000 0.668094
v 0.060525 -0.000000 0.515750
v 0.035134 -0.000000 0.697391
v 0.001931 -0.000000 0.564578
v 0.060525 -0.000000 0.515750
v -0.001975 -0.000000 0.648562
v 0.035134 -0.000000 0.697391
v 0.445291 0.000000 0.142703
v 0.484353 0.000000 0.105594
v 0.511697 0.000000 0.170047
v 0.537088 0.000000 0.105594
v 0.537088 -0.000000 0.234500
v 0.445291 -0.000000 0.195437
v 0.511697 0.000000 0.170047
v 0.445291 0.000000 0.142703
v 0.445291 0.175781 0.142703
v 0.511697 0.175781 0.170047
v 0.484353 0.175781 0.105594
v 0.537088 0.175781 0.105594
v 0.574197 0.175781 0.142703
v 0.511697 0.175781 0.170047
v 0.574197 0.175781 0.195438
v 0.537088 0.175781 0.234500
v 0.488259 -0.000000 0.355594
v 0.400369 -0.000000 0.310672
v 0.537088 -0.000000 0.234500
v 0.445291 -0.000000 0.195437
v 0.187478 -0.000000 0.515750
v 0.060525 -0.000000 0.515750
v 0.187478 0.175781 0.515750
v 0.060525 0.175781 0.515750
v 0.234353 0.175781 0.629031
v 0.201150 0.175781 0.648562
v 0.244119 -0.000000 0.634891
v 0.210916 -0.000000 0.668094
v 0.035134 -0.000000 0.697391
v 0.445291 0.175781 0.142703
v 0.445291 0.175781 0.195438
v 0.511697 0.175781 0.170047
v 0.537088 0.175781 0.234500
v 0.400369 0.175781 0.310672
v 0.488259 0.175781 0.355594
v 0.351541 -0.000000 0.505984
v 0.248025 -0.000000 0.564578
v 0.308572 -0.000000 0.449344
v 0.187478 -0.000000 0.515750
v 0.244119 -0.000000 0.634891
v 0.210916 -0.000000 0.668094
v 0.537088 -0.000000 0.234500
v 0.574197 -0.000000 0.195437
v 0.537088 0.175781 0.234500
v 0.574197 0.175781 0.195438
v 0.574197 0.000000 0.142703
v 0.574197 0.175781 0.142703
v 0.537088 0.000000 0.105594
v 0.537088 0.175781 0.105594
v 0.484353 0.000000 0.105594
v 0.484353 0.175781 0.105594
v 0.445291 0.000000 0.142703
v 0.445291 0.175781 0.142703
v 0.445291 -0.000000 0.195437
v 0.445291 0.175781 0.195438
v 0.537088 -0.000000 0.234500
v 0.511697 0.000000 0.170047
v 0.574197 -0.000000 0.195437
v 0.574197 0.000000 0.142703
v 0.537088 0.000000 0.105594
v 0.201150 0.175781 0.648562
v 0.040994 0.175781 0.679812
v 0.035134 -0.000000 0.697391
v -0.001975 -0.000000 0.648562
v -0.000022 0.175781 0.648562
v 0.007184 0.332031 0.576003
v 0.196638 0.332031 0.536941
v 0.036481 0.332031 0.521316
v 0.638044 -0.068359 -0.144700
v 0.511091 0.138672 -0.361497
v 0.548200 -0.109375 -0.353684
v 0.251325 0.179688 0.585769
v 0.112653 0.179688 0.495925
v 0.208356 0.179688 0.513503
v 0.431013 0.498047 0.249831
v 0.309919 0.595703 0.204909
v 0.286481 0.554688 0.326003
v 0.243513 0.531250 0.392409
v 0.169294 0.513672 0.451003
v 0.352888 0.498047 0.353347
v 0.157575 0.351562 0.587722
v 0.001325 0.351562 0.609206
v 0.001325 0.175781 0.679519
v 0.427106 0.400391 0.283034
v 0.286481 0.523438 0.308425
v 0.309919 0.564453 0.193191
v 0.313825 0.259766 -0.537278
v 0.315778 0.152344 -0.578294
v 0.511091 0.138672 -0.361497
v 0.389997 0.498047 -0.304856
v 0.311872 0.609375 -0.164231
v 0.481794 0.498047 -0.129075
v 0.317731 0.593750 0.062331
v 0.434919 0.468750 -0.072434
v 0.309919 0.564453 0.193191
v 0.427106 0.400391 0.283034
v 0.583356 -0.109375 -0.373216
v 0.604841 0.000000 -0.363450
v 0.677106 -0.068359 -0.154466
v 0.681013 0.000000 -0.181809
v 0.473981 -0.101562 -0.502122
v 0.497419 0.000000 -0.498216
v 0.583356 -0.109375 -0.373216
v 0.604841 0.000000 -0.363450
v 0.313825 0.000000 -0.629075
v 0.497419 0.000000 -0.498216
v 0.360700 -0.064453 -0.597825
v 0.473981 -0.101562 -0.502122
v 0.657575 0.175781 -0.175950
v 0.700544 0.000000 -0.000169
v 0.681013 0.000000 -0.181809
v 0.677106 -0.068359 -0.154466
v 0.313825 0.000000 -0.629075
v 0.313825 0.162110 -0.609544
v 0.497419 0.000000 -0.498216
v 0.481794 0.175781 -0.480637
v 0.431013 0.498047 0.249831
v 0.528669 0.351563 0.304519
v 0.481794 0.498047 0.128738
v 0.589216 0.351563 0.158034
v 0.481794 0.498047 0.128738
v 0.589216 0.351563 0.158034
v 0.497419 0.498047 -0.000169
v 0.610700 0.351563 -0.000169
v 0.497419 0.498047 -0.000169
v 0.610700 0.351563 -0.000169
v 0.481794 0.498047 -0.129075
v 0.589216 0.351563 -0.158372
v 0.311872 0.609375 -0.164231
v 0.389997 0.498047 -0.304856
v 0.313825 0.546875 -0.316575
v 0.311872 0.462891 -0.427903
v 0.497419 0.498047 -0.000169
v 0.481794 0.498047 -0.129075
v 0.315778 0.626953 -0.048997
v 0.311872 0.609375 -0.164231
v 0.548200 -0.109375 -0.353684
v 0.583356 -0.109375 -0.373216
v 0.638044 -0.068359 -0.144700
v 0.677106 -0.068359 -0.154466
v 0.444684 -0.101562 -0.474778
v 0.473981 -0.101562 -0.502122
v 0.548200 -0.109375 -0.353684
v 0.583356 -0.109375 -0.373216
v 0.317731 0.593750 0.062331
v 0.317731 0.593750 -0.047044
v 0.434919 0.468750 -0.072434
v 0.315778 0.576172 -0.154466
v 0.505231 0.166016 0.386550
v 0.329450 0.000000 0.572097
v 0.259138 0.175781 0.583816
v 0.259138 -0.000000 0.605300
v 0.466169 0.000000 0.466628
v 0.495466 0.000000 0.495925
v 0.329450 0.000000 0.572097
v 0.350934 -0.000000 0.605300
v 0.571638 0.000000 0.329909
v 0.606794 0.000000 0.349441
v 0.466169 0.000000 0.466628
v 0.495466 0.000000 0.495925
v 0.638044 0.000000 0.171706
v 0.677106 0.000000 0.181472
v 0.571638 0.000000 0.329909
v 0.606794 0.000000 0.349441
v 0.661481 0.000000 -0.000169
v 0.700544 0.000000 -0.000169
v 0.638044 0.000000 0.171706
v 0.677106 0.000000 0.181472
v 0.259138 0.175781 0.583816
v 0.259138 0.175781 0.620925
v 0.001325 0.175781 0.642409
v 0.001325 0.175781 0.679519
v 0.317731 0.593750 -0.047044
v 0.315778 0.626953 -0.048997
v 0.315778 0.576172 -0.154466
v 0.311872 0.609375 -0.164231
v 0.315778 0.576172 -0.154466
v 0.311872 0.609375 -0.164231
v 0.315778 0.515625 -0.298997
v 0.313825 0.546875 -0.316575
v 0.259138 0.175781 0.583816
v 0.259138 -0.000000 0.605300
v 0.259138 0.175781 0.620925
v 0.259138 -0.000000 0.642409
v 0.329450 0.000000 0.572097
v 0.350934 -0.000000 0.605300
v 0.259138 -0.000000 0.605300
v 0.259138 -0.000000 0.642409
v 0.337263 -0.064453 -0.564622
v 0.315778 0.000000 -0.582200
v 0.360700 -0.064453 -0.597825
v 0.313825 0.000000 -0.629075
v 0.028669 0.179688 0.546706
v 0.036481 0.332031 0.521316
v 0.112653 0.179688 0.495925
v 0.098981 0.332031 0.490066
v 0.005231 0.179687 0.642409
v 0.007184 0.332031 0.576003
v 0.028669 0.179688 0.546706
v 0.036481 0.332031 0.521316
v 0.112653 0.179688 0.495925
v 0.251325 0.179688 0.585769
v 0.028669 0.179688 0.546706
v 0.005231 0.179687 0.642409
v 0.157575 0.332031 0.499831
v 0.098981 0.332031 0.490066
v 0.196638 0.332031 0.536941
v 0.036481 0.332031 0.521316
v 0.427106 0.400391 0.283034
v 0.434919 0.468750 -0.072434
v 0.585309 0.250000 -0.033372
v 0.511091 0.138672 -0.361497
v 0.315778 0.576172 -0.154466
v 0.315778 0.515625 -0.298997
v 0.434919 0.468750 -0.072434
v 0.315778 0.437500 -0.406419
v 0.001325 0.175781 0.642409
v 0.001325 0.332031 0.574050
v 0.286481 0.332031 0.497878
v 0.001325 0.472656 0.466628
v 0.337263 -0.064453 -0.564622
v 0.511091 0.138672 -0.361497
v 0.315778 0.000000 -0.582200
v 0.315778 0.152344 -0.578294
v 0.571638 0.000000 0.329909
v 0.505231 0.166016 0.386550
v 0.638044 0.000000 0.171706
v 0.585309 0.250000 -0.033372
v 0.571638 0.000000 0.329909
v 0.466169 0.000000 0.466628
v 0.505231 0.166016 0.386550
v 0.329450 0.000000 0.572097
v 0.337263 -0.064453 -0.564622
v 0.360700 -0.064453 -0.597825
v 0.444684 -0.101562 -0.474778
v 0.473981 -0.101562 -0.502122
v 0.638044 -0.068359 -0.144700
v 0.677106 -0.068359 -0.154466
v 0.661481 0.000000 -0.000169
v 0.700544 0.000000 -0.000169
v 0.337263 -0.064453 -0.564622
v 0.444684 -0.101562 -0.474778
v 0.511091 0.138672 -0.361497
v 0.548200 -0.109375 -0.353684
v 0.304059 0.351562 0.529128
v 0.481794 0.175781 0.482253
v 0.431013 0.351563 0.431472
v 0.528669 0.351563 0.304519
v 0.589216 0.175781 0.339675
v 0.589216 0.351563 0.158034
v 0.657575 0.175781 0.175613
v 0.610700 0.351563 -0.000169
v 0.681013 0.175781 -0.000169
v 0.589216 0.351563 -0.158372
v 0.657575 0.175781 -0.175950
v 0.313825 0.259766 -0.537278
v 0.511091 0.138672 -0.361497
v 0.313825 0.373047 -0.466966
v 0.315778 0.437500 -0.406419
v 0.434919 0.468750 -0.072434
v 0.001325 0.175781 0.642409
v 0.286481 0.332031 0.497878
v 0.259138 0.175781 0.583816
v 0.505231 0.166016 0.386550
v 0.427106 0.400391 0.283034
v 0.585309 0.250000 -0.033372
v 0.286481 0.523438 0.308425
v 0.427106 0.400391 0.283034
v 0.243513 0.505859 0.367019
v 0.169294 0.490234 0.421706
v 0.286481 0.332031 0.497878
v 0.001325 0.472656 0.466628
v 0.604841 0.000000 -0.363450
v 0.583356 0.175781 -0.349778
v 0.681013 0.000000 -0.181809
v 0.657575 0.175781 -0.175950
v 0.522809 0.351563 -0.314622
v 0.589216 0.351563 -0.158372
v 0.497419 0.000000 -0.498216
v 0.481794 0.175781 -0.480637
v 0.604841 0.000000 -0.363450
v 0.583356 0.175781 -0.349778
v 0.431013 0.351563 -0.431809
v 0.522809 0.351563 -0.314622
v 0.259138 -0.000000 0.642409
v 0.350934 -0.000000 0.605300
v 0.259138 0.175781 0.620925
v 0.481794 0.175781 0.482253
v 0.495466 0.000000 0.495925
v 0.589216 0.175781 0.339675
v 0.606794 0.000000 0.349441
v 0.657575 0.175781 0.175613
v 0.677106 0.000000 0.181472
v 0.681013 0.175781 -0.000169
v 0.700544 0.000000 -0.000169
v 0.657575 0.175781 -0.175950
v 0.313825 0.162110 -0.609544
v 0.311872 0.275391 -0.566575
v 0.481794 0.175781 -0.480637
v 0.431013 0.351563 -0.431809
v 0.311872 0.394531 -0.494309
v 0.311872 0.462891 -0.427903
v 0.001325 0.175781 0.679519
v 0.259138 0.175781 0.620925
v 0.157575 0.351562 0.587722
v 0.304059 0.351562 0.529128
v 0.481794 0.175781 0.482253
v 0.638044 -0.068359 -0.144700
v 0.661481 0.000000 -0.000169
v 0.511091 0.138672 -0.361497
v 0.585309 0.250000 -0.033372
v 0.638044 0.000000 0.171706
v 0.589216 0.351563 -0.158372
v 0.522809 0.351563 -0.314622
v 0.481794 0.498047 -0.129075
v 0.389997 0.498047 -0.304856
v 0.431013 0.351563 -0.431809
v 0.311872 0.462891 -0.427903
v 0.001325 0.351562 0.609206
v 0.157575 0.351562 0.587722
v 0.001325 0.498047 0.497878
v 0.169294 0.513672 0.451003
v 0.304059 0.351562 0.529128
v 0.352888 0.498047 0.353347
v 0.431013 0.351563 0.431472
v 0.528669 0.351563 0.304519
v 0.431013 0.498047 0.249831
v 0.431013 0.351563 0.431472
v 0.352888 0.498047 0.353347
v 0.286481 0.554688 0.326003
v 0.243513 0.531250 0.392409
v 0.431013 0.498047 0.249831
v 0.481794 0.498047 0.128738
v 0.309919 0.595703 0.204909
v 0.315778 0.626953 0.066238
v 0.497419 0.498047 -0.000169
v 0.315778 0.626953 -0.048997
v 0.313825 0.546875 -0.316575
v 0.311872 0.462891 -0.427903
v 0.315778 0.515625 -0.298997
v 0.315778 0.437500 -0.406419
v 0.311872 0.394531 -0.494309
v 0.313825 0.373047 -0.466966
v 0.311872 0.275391 -0.566575
v 0.313825 0.259766 -0.537278
v 0.313825 0.162110 -0.609544
v 0.315778 0.152344 -0.578294
v 0.313825 0.000000 -0.629075
v 0.315778 0.000000 -0.582200
v 0.001325 0.498047 0.497878
v 0.169294 0.513672 0.451003
v 0.001325 0.472656 0.466628
v 0.169294 0.490234 0.421706
v 0.243513 0.531250 0.392409
v 0.243513 0.505859 0.367019
v 0.286481 0.554688 0.326003
v 0.286481 0.523438 0.308425
v 0.309919 0.595703 0.204909
v 0.309919 0.564453 0.193191
v 0.315778 0.626953 0.066238
v 0.317731 0.593750 0.062331
v 0.315778 0.626953 -0.048997
v 0.317731 0.593750 -0.047044
v 0.001325 0.175781 0.679519
v 0.001325 0.351562 0.609206
v 0.001325 0.175781 0.642409
v 0.001325 0.332031 0.574050
v 0.001325 0.498047 0.497878
v 0.001325 0.472656 0.466628
v 0.251325 0.179688 0.585769
v 0.208356 0.179688 0.513503
v 0.196638 0.332031 0.536941
v 0.157575 0.332031 0.499831
v 0.112653 0.179688 0.495925
v 0.098981 0.332031 0.490066
v -0.537088 0.000000 0.105594
v -0.511697 0.000000 0.170047
v -0.574197 0.000000 0.142703
v -0.035134 -0.000000 0.697391
v -0.203103 0.175781 0.648562
v -0.210916 -0.000000 0.668094
v 0.001975 -0.000000 0.648562
v 0.000022 0.175781 0.648562
v -0.040994 0.175781 0.679812
v -0.488259 0.175781 0.355594
v -0.400369 0.175781 0.310672
v -0.537088 0.175781 0.234500
v -0.447244 0.175781 0.195438
v -0.488259 -0.000000 0.355594
v -0.488259 0.175781 0.355594
v -0.537088 -0.000000 0.234500
v -0.537088 0.175781 0.234500
v -0.400369 0.175781 0.310672
v -0.400369 -0.000000 0.310672
v -0.447244 0.175781 0.195438
v -0.447244 -0.000000 0.195437
v -0.308572 0.175781 0.449344
v -0.400369 0.175781 0.310672
v -0.351541 0.175781 0.505984
v -0.488259 0.175781 0.355594
v -0.351541 0.175781 0.505984
v -0.488259 0.175781 0.355594
v -0.351541 -0.000000 0.505984
v -0.488259 -0.000000 0.355594
v -0.210916 -0.000000 0.668094
v -0.203103 0.175781 0.648562
v -0.244119 -0.000000 0.634891
v -0.234353 0.175781 0.629031
v -0.488259 -0.000000 0.355594
v -0.400369 -0.000000 0.310672
v -0.351541 -0.000000 0.505984
v -0.308572 -0.000000 0.449344
v -0.400369 -0.000000 0.310672
v -0.400369 0.175781 0.310672
v -0.308572 -0.000000 0.449344
v -0.308572 0.175781 0.449344
v -0.187478 0.175781 0.515750
v -0.187478 -0.000000 0.515750
v -0.308572 0.175781 0.449344
v -0.308572 -0.000000 0.449344
v -0.351541 -0.000000 0.505984
v -0.248025 -0.000000 0.564578
v -0.351541 0.175781 0.505984
v -0.248025 0.175781 0.564578
v -0.001931 0.175781 0.564578
v -0.001931 -0.000000 0.564578
v -0.060525 0.175781 0.515750
v -0.060525 -0.000000 0.515750
v -0.244119 -0.000000 0.634891
v -0.234353 0.175781 0.629031
v -0.248025 -0.000000 0.564578
v -0.248025 0.175781 0.564578
v -0.187478 -0.000000 0.515750
v -0.248025 -0.000000 0.564578
v -0.308572 -0.000000 0.449344
v -0.351541 -0.000000 0.505984
v -0.351541 0.175781 0.505984
v -0.248025 0.175781 0.564578
v -0.308572 0.175781 0.449344
v -0.187478 0.175781 0.515750
v -0.187478 -0.000000 0.515750
v -0.187478 0.175781 0.515750
v -0.060525 -0.000000 0.515750
v -0.060525 0.175781 0.515750
v -0.001931 -0.000000 0.564578
v -0.001931 0.175781 0.564578
v 0.001975 -0.000000 0.648562
v 0.000022 0.175781 0.648562
v -0.060525 0.175781 0.515750
v -0.040994 0.175781 0.679812
v -0.001931 0.175781 0.564578
v 0.000022 0.175781 0.648562
v -0.210916 -0.000000 0.668094
v -0.244119 -0.000000 0.634891
v -0.187478 -0.000000 0.515750
v -0.248025 -0.000000 0.564578
v -0.187478 -0.000000 0.515750
v -0.060525 -0.000000 0.515750
v -0.210916 -0.000000 0.668094
v -0.035134 -0.000000 0.697391
v -0.001931 -0.000000 0.564578
v 0.001975 -0.000000 0.648562
v -0.060525 -0.000000 0.515750
v -0.035134 -0.000000 0.697391
v -0.484353 0.175781 0.105594
v -0.484353 0.000000 0.105594
v -0.537088 0.175781 0.105594
v -0.537088 0.000000 0.105594
v -0.447244 0.175781 0.142703
v -0.447244 0.000000 0.142703
v -0.484353 0.175781 0.105594
v -0.484353 0.000000 0.105594
v -0.447244 0.175781 0.195438
v -0.447244 -0.000000 0.195437
v -0.447244 0.175781 0.142703
v -0.447244 0.000000 0.142703
v -0.574197 0.175781 0.195438
v -0.574197 -0.000000 0.195437
v -0.537088 0.175781 0.234500
v -0.537088 -0.000000 0.234500
v -0.574197 0.175781 0.142703
v -0.574197 0.000000 0.142703
v -0.574197 0.175781 0.195438
v -0.574197 -0.000000 0.195437
v -0.537088 0.175781 0.105594
v -0.537088 0.000000 0.105594
v -0.574197 0.175781 0.142703
v -0.574197 0.000000 0.142703
v -0.447244 0.000000 0.142703
v -0.511697 0.000000 0.170047
v -0.484353 0.000000 0.105594
v -0.537088 0.000000 0.105594
v -0.574197 0.000000 0.142703
v -0.511697 0.000000 0.170047
v -0.574197 -0.000000 0.195437
v -0.537088 -0.000000 0.234500
v -0.447244 0.175781 0.142703
v -0.484353 0.175781 0.105594
v -0.511697 0.175781 0.170047
v -0.537088 0.175781 0.105594
v -0.537088 0.175781 0.234500
v -0.447244 0.175781 0.195438
v -0.511697 0.175781 0.170047
v -0.447244 0.175781 0.142703
v -0.060525 0.175781 0.515750
v -0.187478 0.175781 0.515750
v -0.040994 0.175781 0.679812
v -0.203103 0.175781 0.648562
v -0.203103 0.175781 0.648562
v -0.187478 0.175781 0.515750
v -0.234353 0.175781 0.629031
v -0.248025 0.175781 0.564578
v 0.001975 -0.000000 0.648562
v -0.040994 0.175781 0.679812
v -0.035134 -0.000000 0.697391
v -0.203103 0.175781 0.648562
v -0.537088 0.175781 0.234500
v -0.511697 0.175781 0.170047
v -0.574197 0.175781 0.195438
v -0.574197 0.175781 0.142703
v -0.537088 0.175781 0.105594
v -0.447244 0.000000 0.142703
v -0.447244 -0.000000 0.195437
v -0.511697 0.000000 0.170047
v -0.537088 -0.000000 0.234500
v -0.400369 -0.000000 0.310672
v -0.488259 -0.000000 0.355594
v -0.007184 0.332031 0.576003
v -0.036481 0.332031 0.521316
v -0.196638 0.332031 0.536941
v -0.638044 -0.068359 -0.144700
v -0.548200 -0.109375 -0.353684
v -0.511091 0.138672 -0.361497
v -0.315778 0.437500 -0.406419
v -0.434919 0.468750 -0.072434
v -0.511091 0.138672 -0.361497
v -0.427106 0.400391 0.283034
v -0.309919 0.564453 0.193191
v -0.286481 0.523438 0.308425
v -0.313825 0.259766 -0.537278
v -0.511091 0.138672 -0.361497
v -0.315778 0.152344 -0.578294
v -0.431013 0.498047 0.249831
v -0.286481 0.554688 0.326003
v -0.309919 0.595703 0.204909
v -0.001325 0.175781 0.642409
v -0.286481 0.332031 0.497878
v -0.001325 0.332031 0.574050
v -0.001325 0.472656 0.466628
v -0.317731 0.593750 0.062331
v -0.434919 0.468750 -0.072434
v -0.317731 0.593750 -0.047044
v -0.315778 0.576172 -0.154466
v -0.317731 0.593750 0.062331
v -0.309919 0.564453 0.193191
v -0.434919 0.468750 -0.072434
v -0.427106 0.400391 0.283034
v -0.169294 0.490234 0.421706
v -0.427106 0.400391 0.283034
v -0.243513 0.505859 0.367019
v -0.286481 0.523438 0.308425
v -0.001325 0.472656 0.466628
v -0.286481 0.332031 0.497878
v -0.169294 0.490234 0.421706
v -0.427106 0.400391 0.283034
v -0.313825 0.000000 -0.629075
v -0.360700 -0.064453 -0.597825
v -0.497419 0.000000 -0.498216
v -0.473981 -0.101562 -0.502122
v -0.313825 0.000000 -0.629075
v -0.497419 0.000000 -0.498216
v -0.313825 0.162110 -0.609544
v -0.481794 0.175781 -0.480637
v -0.311872 0.462891 -0.427903
v -0.311872 0.394531 -0.494309
v -0.431013 0.351563 -0.431809
v -0.311872 0.275391 -0.566575
v -0.528669 0.351563 0.304519
v -0.481794 0.175781 0.482253
v -0.431013 0.351563 0.431472
v -0.304059 0.351562 0.529128
v -0.589216 0.351563 -0.158372
v -0.481794 0.498047 -0.129075
v -0.522809 0.351563 -0.314622
v -0.389997 0.498047 -0.304856
v -0.311872 0.462891 -0.427903
v -0.431013 0.351563 -0.431809
v -0.389997 0.498047 -0.304856
v -0.522809 0.351563 -0.314622
v -0.497419 0.498047 -0.000169
v -0.315778 0.626953 -0.048997
v -0.481794 0.498047 -0.129075
v -0.311872 0.609375 -0.164231
v -0.315778 0.626953 0.066238
v -0.481794 0.498047 0.128738
v -0.309919 0.595703 0.204909
v -0.431013 0.498047 0.249831
v -0.315778 0.626953 -0.048997
v -0.497419 0.498047 -0.000169
v -0.315778 0.626953 0.066238
v -0.481794 0.498047 0.128738
v -0.243513 0.531250 0.392409
v -0.286481 0.554688 0.326003
v -0.352888 0.498047 0.353347
v -0.431013 0.498047 0.249831
v -0.313825 0.162110 -0.609544
v -0.481794 0.175781 -0.480637
v -0.311872 0.275391 -0.566575
v -0.431013 0.351563 -0.431809
v -0.585309 0.250000 -0.033372
v -0.427106 0.400391 0.283034
v -0.505231 0.166016 0.386550
v -0.286481 0.332031 0.497878
v -0.315778 0.576172 -0.154466
v -0.434919 0.468750 -0.072434
v -0.315778 0.515625 -0.298997
v -0.315778 0.437500 -0.406419
v -0.259138 0.175781 0.583816
v -0.001325 0.175781 0.642409
v -0.259138 0.175781 0.620925
v -0.001325 0.175781 0.679519
v -0.311872 0.462891 -0.427903
v -0.315778 0.437500 -0.406419
v -0.311872 0.394531 -0.494309
v -0.313825 0.373047 -0.466966
v -0.001325 0.498047 0.497878
v -0.001325 0.472656 0.466628
v -0.169294 0.513672 0.451003
v -0.169294 0.490234 0.421706
v -0.001325 0.351562 0.609206
v -0.001325 0.332031 0.574050
v -0.001325 0.498047 0.497878
v -0.001325 0.472656 0.466628
v -0.313825 0.546875 -0.316575
v -0.315778 0.515625 -0.298997
v -0.311872 0.462891 -0.427903
v -0.315778 0.437500 -0.406419
v -0.259138 -0.000000 0.642409
v -0.259138 -0.000000 0.605300
v -0.259138 0.175781 0.620925
v -0.259138 0.175781 0.583816
v -0.313825 0.000000 -0.629075
v -0.315778 0.000000 -0.582200
v -0.360700 -0.064453 -0.597825
v -0.337263 -0.064453 -0.564622
v -0.311872 0.275391 -0.566575
v -0.313825 0.259766 -0.537278
v -0.313825 0.162110 -0.609544
v -0.315778 0.152344 -0.578294
v -0.243513 0.531250 0.392409
v -0.243513 0.505859 0.367019
v -0.286481 0.554688 0.326003
v -0.286481 0.523438 0.308425
v -0.169294 0.513672 0.451003
v -0.169294 0.490234 0.421706
v -0.243513 0.531250 0.392409
v -0.243513 0.505859 0.367019
v -0.315778 0.626953 0.066238
v -0.317731 0.593750 0.062331
v -0.315778 0.626953 -0.048997
v -0.317731 0.593750 -0.047044
v -0.309919 0.595703 0.204909
v -0.309919 0.564453 0.193191
v -0.315778 0.626953 0.066238
v -0.317731 0.593750 0.062331
v -0.286481 0.554688 0.326003
v -0.286481 0.523438 0.308425
v -0.309919 0.595703 0.204909
v -0.309919 0.564453 0.193191
v -0.001325 0.175781 0.679519
v -0.001325 0.175781 0.642409
v -0.001325 0.351562 0.609206
v -0.001325 0.332031 0.574050
v -0.098981 0.332031 0.490066
v -0.112653 0.179688 0.495925
v -0.157575 0.332031 0.499831
v -0.208356 0.179688 0.513503
v -0.157575 0.332031 0.499831
v -0.208356 0.179688 0.513503
v -0.196638 0.332031 0.536941
v -0.251325 0.179688 0.585769
v -0.157575 0.332031 0.499831
v -0.196638 0.332031 0.536941
v -0.098981 0.332031 0.490066
v -0.036481 0.332031 0.521316
v -0.337263 -0.064453 -0.564622
v -0.315778 0.000000 -0.582200
v -0.511091 0.138672 -0.361497
v -0.315778 0.152344 -0.578294
v -0.505231 0.166016 0.386550
v -0.286481 0.332031 0.497878
v -0.259138 0.175781 0.583816
v -0.001325 0.175781 0.642409
v -0.315778 0.437500 -0.406419
v -0.511091 0.138672 -0.361497
v -0.313825 0.373047 -0.466966
v -0.313825 0.259766 -0.537278
v -0.313825 0.162110 -0.609544
v -0.315778 0.152344 -0.578294
v -0.313825 0.000000 -0.629075
v -0.315778 0.000000 -0.582200
v -0.311872 0.394531 -0.494309
v -0.313825 0.373047 -0.466966
v -0.311872 0.275391 -0.566575
v -0.313825 0.259766 -0.537278
v -0.337263 -0.064453 -0.564622
v -0.511091 0.138672 -0.361497
v -0.444684 -0.101562 -0.474778
v -0.548200 -0.109375 -0.353684
v -0.481794 0.175781 -0.480637
v -0.583356 0.175781 -0.349778
v -0.431013 0.351563 -0.431809
v -0.522809 0.351563 -0.314622
v -0.657575 0.175781 -0.175950
v -0.589216 0.351563 -0.158372
v -0.259138 -0.000000 0.605300
v -0.329450 0.000000 0.572097
v -0.259138 0.175781 0.583816
v -0.505231 0.166016 0.386550
v -0.466169 0.000000 0.466628
v -0.571638 0.000000 0.329909
v -0.571638 0.000000 0.329909
v -0.638044 0.000000 0.171706
v -0.505231 0.166016 0.386550
v -0.585309 0.250000 -0.033372
v -0.661481 0.000000 -0.000169
v -0.473981 -0.101562 -0.502122
v -0.583356 -0.109375 -0.373216
v -0.497419 0.000000 -0.498216
v -0.604841 0.000000 -0.363450
v -0.677106 -0.068359 -0.154466
v -0.681013 0.000000 -0.181809
v -0.700544 0.000000 -0.000169
v -0.657575 0.175781 -0.175950
v -0.497419 0.000000 -0.498216
v -0.604841 0.000000 -0.363450
v -0.481794 0.175781 -0.480637
v -0.583356 0.175781 -0.349778
v -0.681013 0.000000 -0.181809
v -0.657575 0.175781 -0.175950
v -0.350934 -0.000000 0.605300
v -0.481794 0.175781 0.482253
v -0.495466 0.000000 0.495925
v -0.589216 0.175781 0.339675
v -0.528669 0.351563 0.304519
v -0.589216 0.351563 0.158034
v -0.495466 0.000000 0.495925
v -0.589216 0.175781 0.339675
v -0.606794 0.000000 0.349441
v -0.657575 0.175781 0.175613
v -0.589216 0.351563 0.158034
v -0.610700 0.351563 -0.000169
v -0.606794 0.000000 0.349441
v -0.657575 0.175781 0.175613
v -0.677106 0.000000 0.181472
v -0.681013 0.175781 -0.000169
v -0.610700 0.351563 -0.000169
v -0.589216 0.351563 -0.158372
v -0.677106 0.000000 0.181472
v -0.681013 0.175781 -0.000169
v -0.700544 0.000000 -0.000169
v -0.657575 0.175781 -0.175950
v -0.589216 0.351563 -0.158372
v -0.638044 -0.068359 -0.144700
v -0.511091 0.138672 -0.361497
v -0.661481 0.000000 -0.000169
v -0.585309 0.250000 -0.033372
v -0.434919 0.468750 -0.072434
v -0.427106 0.400391 0.283034
v -0.001325 0.175781 0.679519
v -0.157575 0.351562 0.587722
v -0.259138 0.175781 0.620925
v -0.304059 0.351562 0.529128
v -0.169294 0.513672 0.451003
v -0.352888 0.498047 0.353347
v -0.243513 0.531250 0.392409
v -0.169294 0.513672 0.451003
v -0.157575 0.351562 0.587722
v -0.001325 0.498047 0.497878
v -0.001325 0.351562 0.609206
v -0.001325 0.175781 0.679519
v -0.589216 0.351563 -0.158372
v -0.610700 0.351563 -0.000169
v -0.481794 0.498047 -0.129075
v -0.497419 0.498047 -0.000169
v -0.589216 0.351563 0.158034
v -0.481794 0.498047 0.128738
v -0.528669 0.351563 0.304519
v -0.431013 0.498047 0.249831
v -0.431013 0.351563 0.431472
v -0.352888 0.498047 0.353347
v -0.304059 0.351562 0.529128
v -0.311872 0.462891 -0.427903
v -0.389997 0.498047 -0.304856
v -0.313825 0.546875 -0.316575
v -0.311872 0.609375 -0.164231
v -0.481794 0.498047 -0.129075
v -0.259138 -0.000000 0.642409
v -0.259138 0.175781 0.620925
v -0.350934 -0.000000 0.605300
v -0.481794 0.175781 0.482253
v -0.304059 0.351562 0.529128
v -0.259138 -0.000000 0.642409
v -0.350934 -0.000000 0.605300
v -0.259138 -0.000000 0.605300
v -0.329450 0.000000 0.572097
v -0.495466 0.000000 0.495925
v -0.466169 0.000000 0.466628
v -0.606794 0.000000 0.349441
v -0.571638 0.000000 0.329909
v -0.677106 0.000000 0.181472
v -0.638044 0.000000 0.171706
v -0.700544 0.000000 -0.000169
v -0.661481 0.000000 -0.000169
v -0.677106 -0.068359 -0.154466
v -0.638044 -0.068359 -0.144700
v -0.583356 -0.109375 -0.373216
v -0.548200 -0.109375 -0.353684
v -0.473981 -0.101562 -0.502122
v -0.444684 -0.101562 -0.474778
v -0.360700 -0.064453 -0.597825
v -0.337263 -0.064453 -0.564622
v -0.313825 0.546875 -0.316575
v -0.311872 0.609375 -0.164231
v -0.315778 0.515625 -0.298997
v -0.315778 0.576172 -0.154466
v -0.315778 0.626953 -0.048997
v -0.317731 0.593750 -0.047044
v -0.005231 0.179687 0.642409
v -0.028669 0.179688 0.546706
v -0.007184 0.332031 0.576003
v -0.036481 0.332031 0.521316
v -0.112653 0.179688 0.495925
v -0.098981 0.332031 0.490066
v -0.005231 0.179687 0.642409
v -0.251325 0.179688 0.585769
v -0.028669 0.179688 0.546706
v -0.112653 0.179688 0.495925
v -0.208356 0.179688 0.513503
vt 0.622253 1.804077
vt 0.596802 1.795715
vt 0.581238 1.774231
vt 0.287292 1.777710
vt 0.273010 1.701355
vt 0.297363 1.701355
vt 0.622253 1.804077
vt 0.596802 1.795715
vt 0.627930 1.841858
vt 0.491638 1.433777
vt 0.451233 1.471680
vt 0.451233 1.437805
vt 0.667358 1.399231
vt 0.680664 1.379028
vt 0.696533 1.406555
vt 0.765625 1.619751
vt 0.768433 1.632141
vt 0.758179 1.632202
vt 0.451233 1.437805
vt 0.415649 1.442688
vt 0.447876 1.408813
vt 0.726074 1.706360
vt 0.729065 1.719788
vt 0.723206 1.718140
vt 0.661865 1.395996
vt 0.629639 1.374084
vt 0.663147 1.346558
vt 0.715332 1.863037
vt 0.724487 1.812500
vt 0.760864 1.834900
vt 0.796448 1.776001
vt 0.773743 1.776062
vt 0.772339 1.763428
vt 0.721924 1.750610
vt 0.712524 1.749817
vt 0.713623 1.734863
vt 0.786316 1.727783
vt 0.786011 1.718323
vt 0.798767 1.718445
vt 0.772156 1.422607
vt 0.833374 1.430298
vt 0.773254 1.461121
vt 0.947632 1.679077
vt 0.970459 1.679871
vt 0.950073 1.757263
vt 0.088745 1.116394
vt 0.139954 1.001831
vt 0.068298 1.044067
vt 0.688599 1.767395
vt 0.698059 1.768982
vt 0.694458 1.760193
vt 0.800537 1.684998
vt 0.837952 1.690857
vt 0.809021 1.669128
vt 0.661865 1.395996
vt 0.663147 1.346558
vt 0.629639 1.374084
vt 0.451233 1.437805
vt 0.447876 1.408813
vt 0.415649 1.442688
vt 0.142151 1.136353
vt 0.155640 1.031616
vt 0.088745 1.116394
vt 0.821167 1.609619
vt 0.821167 1.588745
vt 0.813599 1.605164
vt 0.745361 1.704041
vt 0.768616 1.722656
vt 0.775391 1.704041
vt 0.777588 1.632507
vt 0.788391 1.631165
vt 0.784180 1.624268
vt 0.826294 1.722534
vt 0.808167 1.719421
vt 0.800537 1.728882
vt 0.947632 1.679077
vt 0.950073 1.757263
vt 0.970459 1.679871
vt 0.745544 1.745422
vt 0.745361 1.704041
vt 0.758484 1.735840
vt 0.827209 1.829285
vt 0.764404 1.792908
vt 0.760864 1.834900
vt 0.276001 1.700073
vt 0.263977 1.643738
vt 0.004639 1.701355
vt 0.786316 1.727783
vt 0.798767 1.718445
vt 0.786011 1.718323
vt 0.184204 1.507629
vt 0.136108 1.460999
vt 0.004639 1.701355
vt 0.786011 1.694031
vt 0.786011 1.718323
vt 0.799683 1.706299
vt 0.798767 1.718445
vt 0.799683 1.706299
vt 0.798706 1.693909
vt 0.786011 1.694031
vt 0.786316 1.684753
vt 0.809021 1.669128
vt 0.837952 1.690857
vt 0.824890 1.651917
vt 0.837952 1.642761
vt 0.772339 1.660217
vt 0.796448 1.660339
vt 0.772339 1.650452
vt 0.801758 1.650452
vt 0.947632 1.679077
vt 0.970459 1.679871
vt 0.948303 1.628906
vt 0.994812 1.628296
vt 0.808167 1.719421
vt 0.826294 1.722534
vt 0.808167 1.694702
vt 0.826294 1.690979
vt 0.826294 1.722534
vt 0.800537 1.728882
vt 0.837952 1.722534
vt 0.809021 1.745056
vt 0.837952 1.690857
vt 0.800537 1.684998
vt 0.826294 1.690979
vt 0.808167 1.694702
vt 0.394043 1.732727
vt 0.404358 1.695557
vt 0.347229 1.701355
vt 0.370178 1.656921
vt 0.432556 1.667358
vt 0.471069 1.657043
vt 0.406311 1.622375
vt 0.471069 1.606140
vt 0.313354 1.732727
vt 0.347229 1.701355
vt 0.319092 1.693176
vt 0.334595 1.655090
vt 0.648071 1.830078
vt 0.634888 1.900146
vt 0.678162 1.878296
vt 0.696228 1.924744
vt 0.465698 1.924133
vt 0.430603 1.924133
vt 0.359619 1.992737
vt 0.383362 1.943848
vt 0.742554 1.348328
vt 0.719116 1.362183
vt 0.749817 1.405701
vt 0.725769 1.405945
vt 0.634888 1.900146
vt 0.648071 1.830078
vt 0.627930 1.841858
vt 0.622253 1.804077
vt 0.684265 1.005737
vt 0.684998 1.060608
vt 0.730408 1.005859
vt 0.732178 1.061218
vt 0.684265 1.005737
vt 0.647400 1.007324
vt 0.684998 1.060608
vt 0.648682 1.061890
vt 0.539368 1.775452
vt 0.488525 1.745728
vt 0.489319 1.804565
vt 0.450378 1.746033
vt 0.429199 1.808167
vt 0.451782 1.807983
vt 0.405029 1.755066
vt 0.450378 1.746033
vt 0.364807 1.768433
vt 0.419495 1.819641
vt 0.405029 1.755066
vt 0.429199 1.808167
vt 0.556580 1.126892
vt 0.548096 1.066406
vt 0.512085 1.126770
vt 0.500549 1.069397
vt 0.500549 1.069397
vt 0.548096 1.066406
vt 0.500305 1.026978
vt 0.539490 1.019714
vt 0.485596 1.116272
vt 0.473694 1.032776
vt 0.460144 1.095581
vt 0.431458 1.042969
vt 0.139954 1.001831
vt 0.088745 1.116394
vt 0.159241 1.015442
vt 0.155640 1.031616
vt 0.006104 1.158081
vt 0.088745 1.116394
vt 0.006104 1.068420
vt 0.068298 1.044067
vt 0.777893 1.639099
vt 0.786194 1.639099
vt 0.777588 1.632507
vt 0.788391 1.631165
vt 0.690247 1.745972
vt 0.704773 1.741516
vt 0.704651 1.738159
vt 0.709900 1.733887
vt 0.770569 1.626587
vt 0.777588 1.632507
vt 0.777527 1.623962
vt 0.784180 1.624268
vt 0.777527 1.623962
vt 0.776489 1.614807
vt 0.770569 1.626587
vt 0.765625 1.619751
vt 0.800598 1.627808
vt 0.788391 1.631165
vt 0.795959 1.639099
vt 0.786194 1.639099
vt 0.735474 1.744629
vt 0.731384 1.754456
vt 0.743164 1.752930
vt 0.732727 1.763245
vt 0.406128 1.850464
vt 0.397339 1.870239
vt 0.413818 1.873474
vt 0.389709 1.888306
vt 0.931152 1.026917
vt 0.919556 1.086792
vt 0.992798 1.040649
vt 0.978027 1.102051
vt 0.919556 1.086792
vt 0.931152 1.026917
vt 0.875916 1.077698
vt 0.884399 1.018799
vt 0.473694 1.408630
vt 0.491638 1.433777
vt 0.523804 1.382324
vt 0.552185 1.407532
vt 0.382935 1.825256
vt 0.364807 1.768433
vt 0.369141 1.820251
vt 0.340027 1.779236
vt 0.688599 1.767395
vt 0.694458 1.760193
vt 0.690430 1.751953
vt 0.702393 1.752808
vt 0.354065 1.898254
vt 0.358582 1.902832
vt 0.368713 1.885193
vt 0.378418 1.893005
vt 0.704773 1.741516
vt 0.690430 1.751953
vt 0.690247 1.745972
vt 0.704773 1.741516
vt 0.474304 1.494934
vt 0.491638 1.433777
vt 0.451233 1.494934
vt 0.451233 1.471680
vt 0.523804 1.382324
vt 0.481079 1.383362
vt 0.473694 1.408630
vt 0.447876 1.408813
vt 0.552185 1.407532
vt 0.548523 1.373169
vt 0.523804 1.382324
vt 0.518799 1.355774
vt 0.489624 1.836975
vt 0.527100 1.912354
vt 0.526672 1.818237
vt 0.565002 1.832703
vt 0.643311 1.276917
vt 0.582031 1.305969
vt 0.644714 1.308716
vt 0.598511 1.329407
vt 0.540771 1.336182
vt 0.582031 1.305969
vt 0.570984 1.293518
vt 0.643311 1.276917
vt 0.548523 1.373169
vt 0.552185 1.407532
vt 0.574524 1.364136
vt 0.564819 1.428772
vt 0.598511 1.329407
vt 0.555298 1.345825
vt 0.574524 1.364136
vt 0.548523 1.373169
vt 0.540771 1.336182
vt 0.555298 1.345825
vt 0.582031 1.305969
vt 0.598511 1.329407
vt 0.548523 1.373169
vt 0.555298 1.345825
vt 0.518799 1.355774
vt 0.540771 1.336182
vt 0.550537 1.429199
vt 0.554749 1.429993
vt 0.552185 1.407532
vt 0.564819 1.428772
vt 0.518799 1.355774
vt 0.505859 1.360413
vt 0.523804 1.382324
vt 0.481079 1.383362
vt 0.684998 1.060608
vt 0.648682 1.061890
vt 0.683777 1.115356
vt 0.644104 1.118408
vt 0.740295 1.115540
vt 0.732178 1.061218
vt 0.683777 1.115356
vt 0.684998 1.060608
vt 0.875916 1.077698
vt 0.868713 1.127563
vt 0.919556 1.086792
vt 0.909485 1.135559
vt 0.964417 1.148926
vt 0.978027 1.102051
vt 0.909485 1.135559
vt 0.919556 1.086792
vt 0.604553 1.121826
vt 0.600525 1.065918
vt 0.556580 1.126892
vt 0.548096 1.066406
vt 0.539490 1.019714
vt 0.548096 1.066406
vt 0.595459 1.011963
vt 0.600525 1.065918
vt 0.604553 1.121826
vt 0.644104 1.118408
vt 0.600525 1.065918
vt 0.648682 1.061890
vt 0.600525 1.065918
vt 0.648682 1.061890
vt 0.595459 1.011963
vt 0.647400 1.007324
vt 0.789795 1.065613
vt 0.788147 1.118164
vt 0.826965 1.069641
vt 0.820984 1.120789
vt 0.826965 1.069641
vt 0.825928 1.011597
vt 0.789795 1.065613
vt 0.787598 1.008545
vt 0.468506 1.835876
vt 0.489319 1.804565
vt 0.451782 1.807983
vt 0.450378 1.746033
vt 0.679382 1.992737
vt 0.527100 1.912354
vt 0.359619 1.992737
vt 0.465698 1.924133
vt 0.809021 1.745056
vt 0.824890 1.762024
vt 0.837952 1.722534
vt 0.837952 1.771179
vt 0.706665 1.408203
vt 0.725769 1.405945
vt 0.703308 1.374695
vt 0.719116 1.362183
vt 0.629150 1.385742
vt 0.604004 1.409302
vt 0.628601 1.422363
vt 0.612122 1.422363
vt 0.489624 1.836975
vt 0.470032 1.870728
vt 0.527100 1.912354
vt 0.465698 1.924133
vt 0.369141 1.820251
vt 0.328430 1.843506
vt 0.328491 1.849792
vt 0.308105 1.862976
vt 0.313782 1.796509
vt 0.328430 1.843506
vt 0.340027 1.779236
vt 0.369141 1.820251
vt 0.281067 1.841248
vt 0.308105 1.862976
vt 0.313782 1.796509
vt 0.328430 1.843506
vt 0.328491 1.849792
vt 0.370239 1.825745
vt 0.369141 1.820251
vt 0.382935 1.825256
vt 0.149902 1.956848
vt 0.078735 1.986267
vt 0.004639 1.701355
vt 0.004089 1.996338
vt 0.257874 1.848877
vt 0.210999 1.909912
vt 0.004639 1.701355
vt 0.149902 1.956848
vt 0.821167 1.567688
vt 0.812073 1.537415
vt 0.821167 1.537415
vt 0.821167 1.519470
vt 0.297363 1.701355
vt 0.273010 1.701355
vt 0.287415 1.635986
vt 0.263977 1.643738
vt 0.247681 1.544312
vt 0.287415 1.635986
vt 0.226074 1.557800
vt 0.263977 1.643738
vt 0.247681 1.544312
vt 0.226074 1.557800
vt 0.201599 1.489563
vt 0.184204 1.507629
vt 0.509583 1.667358
vt 0.571960 1.656921
vt 0.537781 1.695557
vt 0.594971 1.701355
vt 0.313354 1.732727
vt 0.347229 1.701355
vt 0.342834 1.732727
vt 0.394043 1.732727
vt 0.599304 1.732727
vt 0.594971 1.701355
vt 0.628845 1.732727
vt 0.623047 1.693176
vt 0.359314 1.622620
vt 0.370178 1.656921
vt 0.334595 1.655090
vt 0.347229 1.701355
vt 0.793030 1.942810
vt 0.731567 1.914307
vt 0.812866 1.894653
vt 0.750854 1.875427
vt 0.833374 1.430298
vt 0.772156 1.422607
vt 0.822876 1.368713
vt 0.764282 1.384399
vt 0.793030 1.942810
vt 0.812866 1.894653
vt 0.856689 1.907837
vt 0.871460 1.851013
vt 0.768616 1.722656
vt 0.745361 1.704041
vt 0.758484 1.735840
vt 0.745544 1.745422
vt 0.801758 1.650452
vt 0.796448 1.660339
vt 0.772339 1.650452
vt 0.772339 1.660217
vt 0.941162 1.514160
vt 0.946411 1.577209
vt 0.892883 1.519104
vt 0.897705 1.583191
vt 0.947632 1.679077
vt 0.897705 1.673523
vt 0.948303 1.628906
vt 0.899292 1.629028
vt 0.927307 1.864197
vt 0.907104 1.922852
vt 0.871460 1.851013
vt 0.856689 1.907837
vt 0.967896 1.392700
vt 0.923096 1.401489
vt 0.954041 1.335388
vt 0.909973 1.346313
vt 0.978821 1.450745
vt 0.933472 1.457520
vt 0.967896 1.392700
vt 0.923096 1.401489
vt 0.987000 1.509399
vt 0.992371 1.568604
vt 0.941162 1.514160
vt 0.946411 1.577209
vt 0.948303 1.628906
vt 0.946411 1.577209
vt 0.994812 1.628296
vt 0.992371 1.568604
vt 0.432556 1.667358
vt 0.370178 1.656921
vt 0.406311 1.622375
vt 0.359314 1.622620
vt 0.471069 1.657043
vt 0.535767 1.622375
vt 0.509583 1.667358
vt 0.571960 1.656921
vt 0.899292 1.629028
vt 0.858765 1.629028
vt 0.897705 1.583191
vt 0.857727 1.582886
vt 0.899292 1.629028
vt 0.897705 1.583191
vt 0.948303 1.628906
vt 0.946411 1.577209
vt 0.509583 1.667358
vt 0.471069 1.732727
vt 0.471069 1.657043
vt 0.432556 1.667358
vt 0.772339 1.660217
vt 0.796448 1.660339
vt 0.772339 1.650452
vt 0.801758 1.650452
vt 0.772339 1.660217
vt 0.772339 1.650452
vt 0.796448 1.660339
vt 0.801758 1.650452
vt 0.786011 1.694031
vt 0.799683 1.706299
vt 0.786011 1.718323
vt 0.798767 1.718445
vt 0.799683 1.706299
vt 0.786011 1.694031
vt 0.798706 1.693909
vt 0.786316 1.684753
vt 0.796448 1.776001
vt 0.772339 1.763428
vt 0.796448 1.751221
vt 0.773682 1.751160
vt 0.994812 1.628296
vt 0.970459 1.679871
vt 0.948303 1.628906
vt 0.947632 1.679077
vt 0.897705 1.673523
vt 0.947632 1.679077
vt 0.892273 1.740417
vt 0.950073 1.757263
vt 0.943604 1.813843
vt 0.883545 1.796631
vt 0.950073 1.757263
vt 0.892273 1.740417
vt 0.471069 1.582275
vt 0.471069 1.606140
vt 0.434509 1.585022
vt 0.406311 1.622375
vt 0.394043 1.732727
vt 0.347229 1.701355
vt 0.404358 1.695557
vt 0.370178 1.656921
vt 0.432556 1.667358
vt 0.406311 1.622375
vt 0.471069 1.657043
vt 0.471069 1.606140
vt 0.313354 1.732727
vt 0.319092 1.693176
vt 0.347229 1.701355
vt 0.334595 1.655090
vt 0.465698 1.924133
vt 0.359619 1.992737
vt 0.430603 1.924133
vt 0.383362 1.943848
vt 0.742554 1.348328
vt 0.749817 1.405701
vt 0.719116 1.362183
vt 0.725769 1.405945
vt 0.596802 1.795715
vt 0.622253 1.804077
vt 0.627930 1.841858
vt 0.648071 1.830078
vt 0.684265 1.005737
vt 0.684998 1.060608
vt 0.647400 1.007324
vt 0.648682 1.061890
vt 0.539368 1.775452
vt 0.489319 1.804565
vt 0.488525 1.745728
vt 0.450378 1.746033
vt 0.469177 1.877075
vt 0.429199 1.808167
vt 0.468506 1.835876
vt 0.451782 1.807983
vt 0.429199 1.808167
vt 0.405029 1.755066
vt 0.451782 1.807983
vt 0.450378 1.746033
vt 0.447388 1.882568
vt 0.419495 1.819641
vt 0.469177 1.877075
vt 0.429199 1.808167
vt 0.413818 1.873474
vt 0.406128 1.850464
vt 0.447388 1.882568
vt 0.419495 1.819641
vt 0.500549 1.069397
vt 0.500305 1.026978
vt 0.548096 1.066406
vt 0.539490 1.019714
vt 0.473694 1.032776
vt 0.500549 1.069397
vt 0.485596 1.116272
vt 0.512085 1.126770
vt 0.729980 1.732300
vt 0.724854 1.725403
vt 0.729065 1.719788
vt 0.723206 1.718140
vt 0.485596 1.116272
vt 0.460144 1.095581
vt 0.473694 1.032776
vt 0.431458 1.042969
vt 0.777893 1.639099
vt 0.777588 1.632507
vt 0.786194 1.639099
vt 0.788391 1.631165
vt 0.690247 1.745972
vt 0.704651 1.738159
vt 0.704773 1.741516
vt 0.709900 1.733887
vt 0.707397 1.743042
vt 0.702393 1.752808
vt 0.704773 1.741516
vt 0.690430 1.751953
vt 0.770569 1.626587
vt 0.777527 1.623962
vt 0.777588 1.632507
vt 0.784180 1.624268
vt 0.758179 1.632202
vt 0.768433 1.632141
vt 0.763123 1.639099
vt 0.771118 1.639099
vt 0.777527 1.623962
vt 0.770569 1.626587
vt 0.776489 1.614807
vt 0.765625 1.619751
vt 0.777588 1.632507
vt 0.768433 1.632141
vt 0.770569 1.626587
vt 0.765625 1.619751
vt 0.777893 1.639099
vt 0.771118 1.639099
vt 0.777588 1.632507
vt 0.768433 1.632141
vt 0.791870 1.616638
vt 0.784180 1.624268
vt 0.776489 1.614807
vt 0.777527 1.623962
vt 0.786194 1.639099
vt 0.788391 1.631165
vt 0.795959 1.639099
vt 0.800598 1.627808
vt 0.406128 1.850464
vt 0.413818 1.873474
vt 0.397339 1.870239
vt 0.389709 1.888306
vt 0.713623 1.734863
vt 0.712524 1.749817
vt 0.707397 1.743042
vt 0.702393 1.752808
vt 0.931152 1.026917
vt 0.992798 1.040649
vt 0.919556 1.086792
vt 0.978027 1.102051
vt 0.719116 1.362183
vt 0.691223 1.322693
vt 0.742554 1.348328
vt 0.708923 1.299561
vt 0.643311 1.276917
vt 0.708923 1.299561
vt 0.644714 1.308716
vt 0.691223 1.322693
vt 0.378418 1.893005
vt 0.378906 1.869690
vt 0.389709 1.888306
vt 0.397339 1.870239
vt 0.397339 1.870239
vt 0.378906 1.869690
vt 0.406128 1.850464
vt 0.388245 1.834534
vt 0.716003 1.729675
vt 0.724243 1.737976
vt 0.713623 1.734863
vt 0.721924 1.750610
vt 0.726074 1.706360
vt 0.723206 1.718140
vt 0.716431 1.716919
vt 0.724854 1.725403
vt 0.667358 1.399231
vt 0.696533 1.406555
vt 0.665771 1.425476
vt 0.696899 1.425476
vt 0.382935 1.825256
vt 0.369141 1.820251
vt 0.364807 1.768433
vt 0.340027 1.779236
vt 0.552185 1.407532
vt 0.523804 1.382324
vt 0.548523 1.373169
vt 0.518799 1.355774
vt 0.489624 1.836975
vt 0.526672 1.818237
vt 0.527100 1.912354
vt 0.565002 1.832703
vt 0.540771 1.336182
vt 0.570984 1.293518
vt 0.582031 1.305969
vt 0.643311 1.276917
vt 0.598511 1.329407
vt 0.574524 1.364136
vt 0.555298 1.345825
vt 0.548523 1.373169
vt 0.540771 1.336182
vt 0.582031 1.305969
vt 0.555298 1.345825
vt 0.598511 1.329407
vt 0.548523 1.373169
vt 0.518799 1.355774
vt 0.555298 1.345825
vt 0.540771 1.336182
vt 0.505127 1.447754
vt 0.491638 1.433777
vt 0.550537 1.429199
vt 0.552185 1.407532
vt 0.550537 1.429199
vt 0.552185 1.407532
vt 0.554749 1.429993
vt 0.564819 1.428772
vt 0.644104 1.118408
vt 0.648682 1.061890
vt 0.683777 1.115356
vt 0.684998 1.060608
vt 0.909485 1.135559
vt 0.868713 1.127563
vt 0.919556 1.086792
vt 0.875916 1.077698
vt 0.919556 1.086792
vt 0.978027 1.102051
vt 0.909485 1.135559
vt 0.964417 1.148926
vt 0.600525 1.065918
vt 0.548096 1.066406
vt 0.595459 1.011963
vt 0.539490 1.019714
vt 0.648682 1.061890
vt 0.644104 1.118408
vt 0.600525 1.065918
vt 0.604553 1.121826
vt 0.600525 1.065918
vt 0.595459 1.011963
vt 0.648682 1.061890
vt 0.647400 1.007324
vt 0.382935 1.825256
vt 0.419495 1.819641
vt 0.388245 1.834534
vt 0.406128 1.850464
vt 0.468506 1.835876
vt 0.451782 1.807983
vt 0.489319 1.804565
vt 0.450378 1.746033
vt 0.679382 1.992737
vt 0.634888 1.900146
vt 0.704407 1.992615
vt 0.696228 1.924744
vt 0.527100 1.912354
vt 0.590149 1.902771
vt 0.679382 1.992737
vt 0.634888 1.900146
vt 0.679382 1.992737
vt 0.359619 1.992737
vt 0.527100 1.912354
vt 0.465698 1.924133
vt 0.809021 1.745056
vt 0.837952 1.722534
vt 0.824890 1.762024
vt 0.837952 1.771179
vt 0.598511 1.329407
vt 0.609680 1.344727
vt 0.574524 1.364136
vt 0.590820 1.377258
vt 0.629883 1.384644
vt 0.629333 1.423462
vt 0.603271 1.409607
vt 0.611877 1.423462
vt 0.565002 1.832703
vt 0.586670 1.868103
vt 0.527100 1.912354
vt 0.590149 1.902771
vt 0.489624 1.836975
vt 0.527100 1.912354
vt 0.470032 1.870728
vt 0.465698 1.924133
vt 0.328491 1.849792
vt 0.308105 1.862976
vt 0.313477 1.870911
vt 0.328491 1.849792
vt 0.382935 1.825256
vt 0.370239 1.825745
vt 0.369141 1.820251
vt 0.328491 1.849792
vt 0.369141 1.820251
vt 0.328491 1.849792
vt 0.328430 1.843506
vt 0.308105 1.862976
vt 0.758484 1.735840
vt 0.745361 1.704041
vt 0.768616 1.722656
vt 0.775391 1.704041
vt 0.899292 1.629028
vt 0.948303 1.628906
vt 0.897705 1.583191
vt 0.946411 1.577209
vt 0.509583 1.667358
vt 0.471069 1.657043
vt 0.471069 1.732727
vt 0.432556 1.667358
vt 0.432556 1.667358
vt 0.404358 1.695557
vt 0.471069 1.732727
vt 0.394043 1.732727
vt 0.965820 1.888977
vt 0.907104 1.922852
vt 0.952393 1.935669
vt 0.931824 1.995117
vt 0.899292 1.629028
vt 0.897705 1.583191
vt 0.858765 1.629028
vt 0.857727 1.582886
vt 0.992371 1.568604
vt 0.946411 1.577209
vt 0.994812 1.628296
vt 0.948303 1.628906
vt 0.885620 1.464478
vt 0.933472 1.457520
vt 0.875854 1.412048
vt 0.923096 1.401489
vt 0.931824 1.995117
vt 0.907104 1.922852
vt 0.884705 1.980042
vt 0.856689 1.907837
vt 0.941162 1.514160
vt 0.933472 1.457520
vt 0.892883 1.519104
vt 0.885620 1.464478
vt 0.864319 1.358032
vt 0.847107 1.306763
vt 0.822876 1.368713
vt 0.806213 1.322876
vt 0.909973 1.346313
vt 0.893005 1.291565
vt 0.864319 1.358032
vt 0.847107 1.306763
vt 0.857544 1.674133
vt 0.897705 1.673523
vt 0.858765 1.629028
vt 0.899292 1.629028
vt 0.359314 1.622620
vt 0.334595 1.655090
vt 0.370178 1.656921
vt 0.347229 1.701355
vt 0.884705 1.980042
vt 0.856689 1.907837
vt 0.835876 1.961548
vt 0.793030 1.942810
vt 0.871460 1.851013
vt 0.827209 1.829285
vt 0.812866 1.894653
vt 0.760864 1.834900
vt 0.313354 1.732727
vt 0.342834 1.732727
vt 0.347229 1.701355
vt 0.394043 1.732727
vt 0.599304 1.732727
vt 0.628845 1.732727
vt 0.594971 1.701355
vt 0.623047 1.693176
vt 0.508240 1.585083
vt 0.471069 1.606140
vt 0.535767 1.622375
vt 0.471069 1.657043
vt 0.187012 1.505005
vt 0.201599 1.489563
vt 0.146545 1.472107
vt 0.154419 1.450073
vt 0.509583 1.667358
vt 0.471069 1.732727
vt 0.537781 1.695557
vt 0.548157 1.732727
vt 0.146545 1.472107
vt 0.154419 1.450073
vt 0.136108 1.460999
vt 0.134766 1.436768
vt 0.297363 1.701355
vt 0.287415 1.635986
vt 0.276001 1.700073
vt 0.269592 1.640503
vt 0.247681 1.544312
vt 0.201599 1.489563
vt 0.229431 1.555420
vt 0.187012 1.505005
vt 0.269592 1.640503
vt 0.287415 1.635986
vt 0.229431 1.555420
vt 0.247681 1.544312
vt 0.149902 1.956848
vt 0.004639 1.701355
vt 0.078735 1.986267
vt 0.004089 1.996338
vt 0.813599 1.605164
vt 0.821167 1.588745
vt 0.807678 1.588745
vt 0.821167 1.567688
vt 0.257874 1.848877
vt 0.004639 1.701355
vt 0.210999 1.909912
vt 0.149902 1.956848
vt 0.864319 1.358032
vt 0.875854 1.412048
vt 0.822876 1.368713
vt 0.833374 1.430298
vt 0.899292 1.629028
vt 0.897705 1.673523
vt 0.858765 1.629028
vt 0.857544 1.674133
vt 0.184204 1.507629
vt 0.004639 1.701355
vt 0.226135 1.557800
vt 0.263977 1.643738
vt 0.812073 1.537415
vt 0.821167 1.567688
vt 0.806824 1.567688
vt 0.807678 1.588745
vt 0.821167 1.588745
vt 0.813599 1.605164
vt 0.821167 1.609619
vt 0.821167 1.519470
vt 0.812073 1.537415
vt 0.821167 1.537415
vt 0.821167 1.567688
vt 0.806824 1.567688
vt 0.807678 1.588745
vt 0.599304 1.732727
vt 0.594971 1.701355
vt 0.548157 1.732727
vt 0.537781 1.695557
vt 0.571960 1.656921
vt 0.509583 1.667358
vt 0.535767 1.622375
vt 0.471069 1.657043
vt 0.715332 1.863037
vt 0.750854 1.875427
vt 0.760864 1.834900
vt 0.812866 1.894653
vt 0.731567 1.914307
vt 0.793030 1.942810
vt 0.750610 1.347595
vt 0.764282 1.384399
vt 0.806213 1.322876
vt 0.822876 1.368713
vt 0.772156 1.422607
vt 0.833374 1.430298
vt 0.773254 1.461121
vt 0.927307 1.864197
vt 0.871460 1.851013
vt 0.907104 1.922852
vt 0.856689 1.907837
vt 0.812866 1.894653
vt 0.793030 1.942810
vt 0.909973 1.346313
vt 0.864319 1.358032
vt 0.923096 1.401489
vt 0.875854 1.412048
vt 0.822876 1.368713
vt 0.833374 1.430298
vt 0.987000 1.509399
vt 0.941162 1.514160
vt 0.992371 1.568604
vt 0.946411 1.577209
vt 0.892883 1.519104
vt 0.897705 1.583191
vt 0.899292 1.629028
vt 0.897705 1.673523
vt 0.948303 1.628906
vt 0.947632 1.679077
vt 0.892273 1.740417
vt 0.950073 1.757263
vt 0.893005 1.291565
vt 0.909973 1.346313
vt 0.934082 1.278931
vt 0.954041 1.335388
vt 0.923096 1.401489
vt 0.967896 1.392700
vt 0.933472 1.457520
vt 0.978821 1.450745
vt 0.941162 1.514160
vt 0.987000 1.509399
vt 0.359314 1.622620
vt 0.370178 1.656921
vt 0.406311 1.622375
vt 0.432556 1.667358
vt 0.404358 1.695557
vt 0.719788 1.761353
vt 0.724487 1.812500
vt 0.764404 1.792908
vt 0.760864 1.834900
vt 0.715332 1.863037
vt 0.773682 1.751160
vt 0.772339 1.763428
vt 0.796448 1.751221
vt 0.796448 1.776001
vt 0.773743 1.776062
vt 0.927307 1.864197
vt 0.943604 1.813843
vt 0.871460 1.851013
vt 0.883545 1.796631
vt 0.950073 1.757263
vt 0.892273 1.740417
vt 0.943604 1.813843
vt 0.927307 1.864197
vt 0.946716 1.864868
vt 0.965820 1.888977
vt 0.907104 1.922852
vt 0.406311 1.622375
vt 0.471069 1.606140
vt 0.434509 1.585022
vt 0.471069 1.582275
vt 0.508240 1.585083
vt 0.825928 1.011597
vt 0.826965 1.069641
vt 0.884399 1.018799
vt 0.875916 1.077698
vt 0.820984 1.120789
vt 0.868713 1.127563
vt 0.622253 1.804077
vt 0.581238 1.774231
vt 0.596802 1.795715
vt 0.539368 1.775452
vt 0.528503 1.752930
vt 0.488525 1.745728
vt 0.451782 1.807983
vt 0.429199 1.808167
vt 0.468506 1.835876
vt 0.469177 1.877075
vt 0.419495 1.819641
vt 0.447388 1.882568
vt 0.406128 1.850464
vt 0.413818 1.873474
vt 0.512085 1.126770
vt 0.500549 1.069397
vt 0.485596 1.116272
vt 0.473694 1.032776
vt 0.500305 1.026978
vt 0.500549 1.069397
vt 0.731384 1.754456
vt 0.735474 1.744629
vt 0.721924 1.750610
vt 0.724243 1.737976
vt 0.729980 1.732300
vt 0.724854 1.725403
vt 0.729065 1.719788
vt 0.723206 1.718140
vt 0.726074 1.706360
vt 0.800598 1.627808
vt 0.791870 1.616638
vt 0.788391 1.631165
vt 0.784180 1.624268
vt 0.776489 1.614807
vt 0.777527 1.623962
vt 0.690430 1.751953
vt 0.702393 1.752808
vt 0.704773 1.741516
vt 0.707397 1.743042
vt 0.712524 1.749817
vt 0.713623 1.734863
vt 0.721924 1.750610
vt 0.771118 1.639099
vt 0.768433 1.632141
vt 0.763123 1.639099
vt 0.758179 1.632202
vt 0.765625 1.619751
vt 0.765625 1.619751
vt 0.768433 1.632141
vt 0.770569 1.626587
vt 0.777588 1.632507
vt 0.771118 1.639099
vt 0.777893 1.639099
vt 0.708923 1.299561
vt 0.691223 1.322693
vt 0.742554 1.348328
vt 0.719116 1.362183
vt 0.682434 1.340576
vt 0.703308 1.374695
vt 0.643311 1.276917
vt 0.644714 1.308716
vt 0.708923 1.299561
vt 0.691223 1.322693
vt 0.645447 1.326599
vt 0.682434 1.340576
vt 0.397339 1.870239
vt 0.378906 1.869690
vt 0.389709 1.888306
vt 0.378418 1.893005
vt 0.368713 1.885193
vt 0.397339 1.870239
vt 0.406128 1.850464
vt 0.378906 1.869690
vt 0.388245 1.834534
vt 0.419495 1.819641
vt 0.382935 1.825256
vt 0.364807 1.768433
vt 0.721924 1.750610
vt 0.724243 1.737976
vt 0.713623 1.734863
vt 0.716003 1.729675
vt 0.724854 1.725403
vt 0.716431 1.716919
vt 0.723206 1.718140
vt 0.726074 1.706360
vt 0.696899 1.425476
vt 0.696533 1.406555
vt 0.665771 1.425476
vt 0.667358 1.399231
vt 0.680664 1.379028
vt 0.447876 1.408813
vt 0.451233 1.437805
vt 0.473694 1.408630
vt 0.491638 1.433777
vt 0.451233 1.471680
vt 0.482178 1.494934
vt 0.505127 1.447754
vt 0.474304 1.494934
vt 0.491638 1.433777
vt 0.550537 1.429199
vt 0.552185 1.407532
vt 0.006104 1.248779
vt 0.088562 1.202271
vt 0.006104 1.158081
vt 0.088745 1.116394
vt 0.119141 1.178711
vt 0.142151 1.136353
vt 0.788147 1.118164
vt 0.789795 1.065613
vt 0.740295 1.115540
vt 0.732178 1.061218
vt 0.787598 1.008545
vt 0.730408 1.005859
vt 0.696228 1.924744
vt 0.634888 1.900146
vt 0.704407 1.992615
vt 0.679382 1.992737
vt 0.590149 1.902771
vt 0.527100 1.912354
vt 0.586670 1.868103
vt 0.565002 1.832703
vt 0.586609 1.428772
vt 0.590820 1.377258
vt 0.564819 1.428772
vt 0.574524 1.364136
vt 0.609680 1.344727
vt 0.598511 1.329407
vt 0.645447 1.326599
vt 0.644714 1.308716
vt 0.263977 1.643738
vt 0.004639 1.701355
vt 0.226135 1.557800
vt 0.184204 1.507629
vt 0.135986 1.462097
vt 0.257874 1.848877
vt 0.004639 1.701355
vt 0.287292 1.777710
vt 0.273010 1.701355
vt 0.263977 1.643738
vt 0.257874 1.848877
vt 0.287292 1.777710
vt 0.004639 1.701355
vt 0.276001 1.700073
vt 0.297363 1.701355
vt 0.184204 1.507629
vt 0.146301 1.473694
vt 0.201599 1.489563
vt 0.154419 1.450073
vt 0.135986 1.462097
vt 0.134766 1.436768
vt 0.599304 1.732727
vt 0.548157 1.732727
vt 0.594971 1.701355
vt 0.537781 1.695557
vt 0.471069 1.732727
vt 0.509583 1.667358
vt 0.471069 1.657043
vt 0.471069 1.606140
vt 0.535767 1.622375
vt 0.508240 1.585083
vt 0.471069 1.582275
vt 0.715332 1.863037
vt 0.760864 1.834900
vt 0.750854 1.875427
vt 0.812866 1.894653
vt 0.827209 1.829285
vt 0.871460 1.851013
vt 0.750610 1.347595
vt 0.806213 1.322876
vt 0.764282 1.384399
vt 0.822876 1.368713
vt 0.847107 1.306763
vt 0.864319 1.358032
vt 0.893005 1.291565
vt 0.909973 1.346313
vt 0.934082 1.278931
vt 0.954041 1.335388
vt 0.793030 1.942810
vt 0.856689 1.907837
vt 0.835876 1.961548
vt 0.884705 1.980042
vt 0.907104 1.922852
vt 0.931824 1.995117
vt 0.885620 1.464478
vt 0.875854 1.412048
vt 0.933472 1.457520
vt 0.923096 1.401489
vt 0.864319 1.358032
vt 0.909973 1.346313
vt 0.885620 1.464478
vt 0.933472 1.457520
vt 0.892883 1.519104
vt 0.941162 1.514160
vt 0.978821 1.450745
vt 0.987000 1.509399
vt 0.931824 1.995117
vt 0.907104 1.922852
vt 0.952393 1.935669
vt 0.965820 1.888977
vt 0.927307 1.864197
vt 0.719788 1.761353
vt 0.764404 1.792908
vt 0.724487 1.812500
vt 0.760864 1.834900
vt 0.827209 1.829285
vt 0.394043 1.732727
vt 0.404358 1.695557
vt 0.471069 1.732727
vt 0.432556 1.667358
vt 0.370178 1.656921
vt 0.745544 1.745422
vt 0.745361 1.704041
vt 0.758484 1.735840
vt 0.768616 1.722656
vt 0.775391 1.704041
vt 0.775391 1.704041
vt 0.745361 1.704041
vt 0.768616 1.722656
vt 0.758484 1.735840
vt 0.745544 1.745422
vt 0.837952 1.642761
vt 0.837952 1.690857
vt 0.824890 1.651917
vt 0.809021 1.669128
vt 0.800537 1.684998
vt 0.883545 1.796631
vt 0.943604 1.813843
vt 0.871460 1.851013
vt 0.927307 1.864197
vt 0.946716 1.864868
vt 0.965820 1.888977
vt 0.808167 1.719421
vt 0.808167 1.694702
vt 0.826294 1.722534
vt 0.826294 1.690979
vt 0.800537 1.684998
vt 0.837952 1.690857
vt 0.809021 1.745056
vt 0.800537 1.728882
vt 0.837952 1.722534
vt 0.826294 1.722534
vt 0.808167 1.719421
vt 0.696228 1.924744
vt 0.634888 1.900146
vt 0.678162 1.878296
vt 0.648071 1.830078
vt 0.627930 1.841858
vt 0.684265 1.005737
vt 0.730408 1.005859
vt 0.684998 1.060608
vt 0.732178 1.061218
vt 0.787598 1.008545
vt 0.789795 1.065613
vt 0.825928 1.011597
vt 0.826965 1.069641
vt 0.884399 1.018799
vt 0.875916 1.077698
vt 0.931152 1.026917
vt 0.919556 1.086792
vt 0.596802 1.795715
vt 0.539368 1.775452
vt 0.581238 1.774231
vt 0.528503 1.752930
vt 0.488525 1.745728
vt 0.429199 1.808167
vt 0.419495 1.819641
vt 0.405029 1.755066
vt 0.364807 1.768433
vt 0.382935 1.825256
vt 0.500549 1.069397
vt 0.548096 1.066406
vt 0.512085 1.126770
vt 0.556580 1.126892
vt 0.600525 1.065918
vt 0.604553 1.121826
vt 0.716431 1.716919
vt 0.724854 1.725403
vt 0.716003 1.729675
vt 0.724243 1.737976
vt 0.729980 1.732300
vt 0.735474 1.744629
vt 0.155640 1.031616
vt 0.088745 1.116394
vt 0.159241 1.015442
vt 0.139954 1.001831
vt 0.068298 1.044067
vt 0.724243 1.737976
vt 0.735474 1.744629
vt 0.721924 1.750610
vt 0.731384 1.754456
vt 0.743164 1.752930
vt 0.732727 1.763245
vt 0.006104 1.248779
vt 0.006104 1.158081
vt 0.088562 1.202271
vt 0.088745 1.116394
vt 0.006104 1.068420
vt 0.068298 1.044067
vt 0.800598 1.627808
vt 0.788391 1.631165
vt 0.791870 1.616638
vt 0.784180 1.624268
vt 0.777588 1.632507
vt 0.447876 1.408813
vt 0.473694 1.408630
vt 0.451233 1.437805
vt 0.491638 1.433777
vt 0.523804 1.382324
vt 0.552185 1.407532
vt 0.702393 1.752808
vt 0.694458 1.760193
vt 0.690430 1.751953
vt 0.688599 1.767395
vt 0.698059 1.768982
vt 0.354065 1.898254
vt 0.368713 1.885193
vt 0.358582 1.902832
vt 0.378418 1.893005
vt 0.378906 1.869690
vt 0.451233 1.471680
vt 0.491638 1.433777
vt 0.451233 1.494934
vt 0.474304 1.494934
vt 0.505127 1.447754
vt 0.482178 1.494934
vt 0.447876 1.408813
vt 0.481079 1.383362
vt 0.473694 1.408630
vt 0.523804 1.382324
vt 0.505859 1.360413
vt 0.518799 1.355774
vt 0.609680 1.344727
vt 0.598511 1.329407
vt 0.645447 1.326599
vt 0.644714 1.308716
vt 0.582031 1.305969
vt 0.643311 1.276917
vt 0.586609 1.428772
vt 0.564819 1.428772
vt 0.590820 1.377258
vt 0.574524 1.364136
vt 0.552185 1.407532
vt 0.548523 1.373169
vt 0.088562 1.202271
vt 0.088745 1.116394
vt 0.119141 1.178711
vt 0.142151 1.136353
vt 0.155640 1.031616
vt 0.684998 1.060608
vt 0.732178 1.061218
vt 0.683777 1.115356
vt 0.740295 1.115540
vt 0.789795 1.065613
vt 0.788147 1.118164
vt 0.868713 1.127563
vt 0.820984 1.120789
vt 0.875916 1.077698
vt 0.826965 1.069641
vt 0.788147 1.118164
vt 0.789795 1.065613
vt 0.706665 1.408203
vt 0.703308 1.374695
vt 0.725769 1.405945
vt 0.719116 1.362183
vt 0.682434 1.340576
vt 0.691223 1.322693
vt 0.645447 1.326599
vt 0.644714 1.308716
vt 0.369141 1.820251
vt 0.328430 1.843506
vt 0.340027 1.779236
vt 0.313782 1.796509
vt 0.308105 1.862976
vt 0.281067 1.841248
vt 0.359436 1.594238
vt 0.301270 1.562195
vt 0.331299 1.542847
vt 0.505859 1.573669
vt 0.516235 1.505554
vt 0.567627 1.521484
vt 0.760010 1.532104
vt 0.765686 1.546448
vt 0.751831 1.544006
vt 0.760071 1.578918
vt 0.768738 1.579834
vt 0.762878 1.589661
vt 0.743042 1.544128
vt 0.746216 1.531128
vt 0.751831 1.544006
vt 0.760010 1.532104
vt 0.375061 1.521606
vt 0.361572 1.484131
vt 0.427551 1.505493
vt 0.424683 1.468262
vt 0.331299 1.542847
vt 0.311707 1.506470
vt 0.375061 1.521606
vt 0.361572 1.484131
vt 0.267151 1.535217
vt 0.311707 1.506470
vt 0.301270 1.562195
vt 0.331299 1.542847
vt 0.505859 1.573669
vt 0.546387 1.580811
vt 0.536072 1.610229
vt 0.582642 1.594543
vt 0.359436 1.594238
vt 0.396240 1.580811
vt 0.406677 1.610229
vt 0.436218 1.573669
vt 0.427551 1.505493
vt 0.436218 1.573669
vt 0.375061 1.521606
vt 0.396240 1.580811
vt 0.396240 1.580811
vt 0.359436 1.594238
vt 0.375061 1.521606
vt 0.331299 1.542847
vt 0.751892 1.567200
vt 0.749695 1.566650
vt 0.751282 1.555542
vt 0.749023 1.555542
vt 0.765747 1.564453
vt 0.765381 1.555481
vt 0.768066 1.563965
vt 0.768005 1.555481
vt 0.751831 1.544006
vt 0.751282 1.555542
vt 0.749634 1.544617
vt 0.749023 1.555542
vt 0.516235 1.505554
vt 0.505859 1.573669
vt 0.471313 1.502991
vt 0.471313 1.572693
vt 0.471313 1.572693
vt 0.436218 1.573669
vt 0.471313 1.502991
vt 0.427551 1.505493
vt 0.751282 1.521423
vt 0.749512 1.519287
vt 0.756409 1.515869
vt 0.756348 1.511536
vt 0.751404 1.589661
vt 0.749695 1.591797
vt 0.746277 1.579956
vt 0.744324 1.581177
vt 0.751892 1.567200
vt 0.743103 1.567200
vt 0.749695 1.566650
vt 0.740967 1.566650
vt 0.746277 1.579956
vt 0.744324 1.581177
vt 0.743103 1.567200
vt 0.740967 1.566650
vt 0.762878 1.589661
vt 0.763306 1.593811
vt 0.756592 1.595215
vt 0.756531 1.599548
vt 0.751404 1.589661
vt 0.756592 1.595215
vt 0.749695 1.591797
vt 0.756531 1.599548
vt 0.768738 1.579834
vt 0.772339 1.569641
vt 0.771423 1.581421
vt 0.774780 1.569702
vt 0.765747 1.564453
vt 0.768066 1.563965
vt 0.772339 1.569641
vt 0.774780 1.569702
vt 0.765686 1.546448
vt 0.772278 1.541321
vt 0.768066 1.546875
vt 0.774658 1.541382
vt 0.768555 1.530945
vt 0.771301 1.529358
vt 0.772278 1.541321
vt 0.774658 1.541382
vt 0.768738 1.579834
vt 0.771423 1.581421
vt 0.762878 1.589661
vt 0.763306 1.593811
vt 0.765381 1.555481
vt 0.751282 1.555542
vt 0.765686 1.546448
vt 0.751831 1.544006
vt 0.751831 1.544006
vt 0.749634 1.544617
vt 0.743042 1.544128
vt 0.740662 1.544739
vt 0.765686 1.546448
vt 0.768066 1.546875
vt 0.765381 1.555481
vt 0.768005 1.555481
vt 0.765381 1.555481
vt 0.765747 1.564453
vt 0.751282 1.555542
vt 0.751892 1.567200
vt 0.756592 1.595215
vt 0.751404 1.589661
vt 0.762878 1.589661
vt 0.760071 1.578918
vt 0.746277 1.579956
vt 0.751892 1.567200
vt 0.743103 1.567200
vt 0.768738 1.579834
vt 0.760071 1.578918
vt 0.772339 1.569641
vt 0.765747 1.564453
vt 0.751892 1.567200
vt 0.765686 1.546448
vt 0.760010 1.532104
vt 0.772278 1.541321
vt 0.768555 1.530945
vt 0.762756 1.521362
vt 0.611328 1.542847
vt 0.567627 1.521484
vt 0.630920 1.506531
vt 0.581116 1.484131
vt 0.516235 1.505554
vt 0.519470 1.468445
vt 0.675476 1.535400
vt 0.641357 1.562317
vt 0.630920 1.506531
vt 0.611328 1.542847
vt 0.582642 1.594543
vt 0.567627 1.521484
vt 0.546387 1.580811
vt 0.505859 1.573669
vt 0.740662 1.544739
vt 0.744202 1.529907
vt 0.743042 1.544128
vt 0.746216 1.531128
vt 0.749512 1.519287
vt 0.751282 1.521423
vt 0.756348 1.511536
vt 0.763123 1.517212
vt 0.756409 1.515869
vt 0.762756 1.521362
vt 0.771301 1.529358
vt 0.768555 1.530945
vt 0.746216 1.531128
vt 0.751282 1.521423
vt 0.760010 1.532104
vt 0.762756 1.521362
vt 0.756409 1.515869
vt 0.359436 1.594238
vt 0.331299 1.542847
vt 0.301270 1.562195
vt 0.751892 1.567200
vt 0.743103 1.567200
vt 0.746277 1.579956
vt 0.762756 1.521362
vt 0.756409 1.515869
vt 0.751282 1.521423
vt 0.471313 1.572693
vt 0.505859 1.573669
vt 0.471313 1.502991
vt 0.516235 1.505554
vt 0.471313 1.572693
vt 0.471313 1.502991
vt 0.436218 1.573669
vt 0.427551 1.505493
vt 0.267151 1.535217
vt 0.301270 1.562195
vt 0.311707 1.506470
vt 0.331299 1.542847
vt 0.519470 1.468445
vt 0.516235 1.505554
vt 0.581116 1.484131
vt 0.567627 1.521484
vt 0.768555 1.530945
vt 0.760010 1.532104
vt 0.772278 1.541321
vt 0.765686 1.546448
vt 0.611328 1.542847
vt 0.641357 1.562317
vt 0.630920 1.506531
vt 0.675476 1.535400
vt 0.505859 1.573669
vt 0.536072 1.610229
vt 0.546387 1.580811
vt 0.582642 1.594543
vt 0.359436 1.594238
vt 0.406677 1.610229
vt 0.396240 1.580811
vt 0.436218 1.573669
vt 0.396240 1.580811
vt 0.436218 1.573669
vt 0.375061 1.521606
vt 0.427551 1.505493
vt 0.396240 1.580811
vt 0.375061 1.521606
vt 0.359436 1.594238
vt 0.331299 1.542847
vt 0.751892 1.567200
vt 0.751282 1.555542
vt 0.749695 1.566650
vt 0.749023 1.555542
vt 0.768005 1.555481
vt 0.765381 1.555481
vt 0.768066 1.563965
vt 0.765747 1.564453
vt 0.765381 1.555481
vt 0.765686 1.546448
vt 0.751282 1.555542
vt 0.751831 1.544006
vt 0.765747 1.564453
vt 0.760071 1.578918
vt 0.772339 1.569641
vt 0.768738 1.579834
vt 0.740662 1.544739
vt 0.743042 1.544128
vt 0.744202 1.529907
vt 0.746216 1.531128
vt 0.751831 1.544006
vt 0.743042 1.544128
vt 0.749634 1.544617
vt 0.740662 1.544739
vt 0.744202 1.529907
vt 0.746216 1.531128
vt 0.749512 1.519287
vt 0.751282 1.521423
vt 0.756348 1.511536
vt 0.756409 1.515869
vt 0.763123 1.517212
vt 0.762756 1.521362
vt 0.751282 1.521423
vt 0.756409 1.515869
vt 0.749512 1.519287
vt 0.756348 1.511536
vt 0.740967 1.566650
vt 0.743103 1.567200
vt 0.749695 1.566650
vt 0.751892 1.567200
vt 0.756531 1.599548
vt 0.756592 1.595215
vt 0.749695 1.591797
vt 0.751404 1.589661
vt 0.774780 1.569702
vt 0.772339 1.569641
vt 0.771423 1.581421
vt 0.768738 1.579834
vt 0.765747 1.564453
vt 0.772339 1.569641
vt 0.768066 1.563965
vt 0.774780 1.569702
vt 0.774658 1.541382
vt 0.772278 1.541321
vt 0.768066 1.546875
vt 0.765686 1.546448
vt 0.768555 1.530945
vt 0.772278 1.541321
vt 0.771301 1.529358
vt 0.774658 1.541382
vt 0.763123 1.517212
vt 0.762756 1.521362
vt 0.771301 1.529358
vt 0.768555 1.530945
vt 0.765686 1.546448
vt 0.765381 1.555481
vt 0.768066 1.546875
vt 0.768005 1.555481
vt 0.749023 1.555542
vt 0.751282 1.555542
vt 0.749634 1.544617
vt 0.751831 1.544006
vt 0.751892 1.567200
vt 0.765747 1.564453
vt 0.751282 1.555542
vt 0.765381 1.555481
vt 0.331299 1.542847
vt 0.375061 1.521606
vt 0.311707 1.506470
vt 0.361572 1.484131
vt 0.427551 1.505493
vt 0.424683 1.468262
vt 0.746216 1.531128
vt 0.760010 1.532104
vt 0.751282 1.521423
vt 0.762756 1.521362
vt 0.768555 1.530945
vt 0.751404 1.589661
vt 0.760071 1.578918
vt 0.746277 1.579956
vt 0.751892 1.567200
vt 0.765747 1.564453
vt 0.756592 1.595215
vt 0.762878 1.589661
vt 0.751404 1.589661
vt 0.760071 1.578918
vt 0.768738 1.579834
vt 0.743042 1.544128
vt 0.751831 1.544006
vt 0.746216 1.531128
vt 0.760010 1.532104
vt 0.765686 1.546448
vt 0.641357 1.562317
vt 0.611328 1.542847
vt 0.582642 1.594543
vt 0.567627 1.521484
vt 0.630920 1.506531
vt 0.581116 1.484131
vt 0.582642 1.594543
vt 0.567627 1.521484
vt 0.546387 1.580811
vt 0.505859 1.573669
vt 0.516235 1.505554
vt 0.740967 1.566650
vt 0.744324 1.581177
vt 0.743103 1.567200
vt 0.746277 1.579956
vt 0.749695 1.591797
vt 0.751404 1.589661
vt 0.756531 1.599548
vt 0.763306 1.593811
vt 0.756592 1.595215
vt 0.762878 1.589661
vt 0.771423 1.581421
vt 0.768738 1.579834
vt 0.656128 1.596252
vt 0.656128 1.602295
vt 0.663391 1.599304
vt 0.760132 1.682007
vt 0.768677 1.682007
vt 0.758850 1.666626
vt 0.767395 1.666626
vt 0.678223 1.666626
vt 0.670166 1.666626
vt 0.676880 1.682007
vt 0.668823 1.682007
vt 0.701660 1.593140
vt 0.702637 1.585266
vt 0.683289 1.596802
vt 0.679932 1.586365
vt 0.710144 1.682007
vt 0.715759 1.682007
vt 0.711304 1.666626
vt 0.716919 1.666626
vt 0.745605 1.666626
vt 0.746826 1.682007
vt 0.758850 1.666626
vt 0.760132 1.682007
vt 0.652100 1.639832
vt 0.674622 1.640930
vt 0.655396 1.629456
vt 0.673584 1.633118
vt 0.676880 1.682007
vt 0.687805 1.682007
vt 0.678223 1.666626
vt 0.689148 1.666626
vt 0.698059 1.666626
vt 0.689148 1.666626
vt 0.696716 1.682007
vt 0.687805 1.682007
vt 0.746826 1.682007
vt 0.745605 1.666626
vt 0.739075 1.682007
vt 0.737793 1.666626
vt 0.711304 1.666626
vt 0.706360 1.666626
vt 0.710144 1.682007
vt 0.705017 1.682007
vt 0.737793 1.666626
vt 0.733459 1.666626
vt 0.739075 1.682007
vt 0.734436 1.682007
vt 0.702637 1.585266
vt 0.701660 1.593140
vt 0.715515 1.588928
vt 0.716431 1.597351
vt 0.725769 1.585815
vt 0.721619 1.584717
vt 0.716431 1.597351
vt 0.715515 1.588928
vt 0.726501 1.607422
vt 0.740906 1.596069
vt 0.716431 1.597351
vt 0.725769 1.585815
vt 0.726501 1.607422
vt 0.734924 1.608337
vt 0.740906 1.596069
vt 0.741760 1.601685
vt 0.688232 1.628906
vt 0.698364 1.639648
vt 0.698242 1.618958
vt 0.714417 1.630981
vt 0.706604 1.618042
vt 0.698242 1.618958
vt 0.713562 1.624451
vt 0.714417 1.630981
vt 0.638672 1.619751
vt 0.632690 1.619751
vt 0.635681 1.627014
vt 0.628479 1.624023
vt 0.638672 1.634216
vt 0.642883 1.624023
vt 0.635681 1.627014
vt 0.638672 1.619751
vt 0.666443 1.606567
vt 0.663391 1.599304
vt 0.660400 1.606567
vt 0.656128 1.602295
vt 0.656128 1.596252
vt 0.663391 1.599304
vt 0.660400 1.591980
vt 0.666443 1.591980
vt 0.652100 1.639832
vt 0.655396 1.629456
vt 0.638672 1.634216
vt 0.642883 1.624023
vt 0.696716 1.682007
vt 0.705017 1.682007
vt 0.698059 1.666626
vt 0.706360 1.666626
vt 0.733459 1.666626
vt 0.730957 1.666626
vt 0.734436 1.682007
vt 0.731384 1.682007
vt 0.719604 1.682007
vt 0.666443 1.606567
vt 0.670715 1.602295
vt 0.663391 1.599304
vt 0.666443 1.591980
vt 0.683289 1.596802
vt 0.679932 1.586365
vt 0.674622 1.640930
vt 0.687317 1.637268
vt 0.673584 1.633118
vt 0.688232 1.628906
vt 0.693176 1.642517
vt 0.698364 1.639648
vt 0.647766 1.682007
vt 0.651245 1.682007
vt 0.649109 1.666626
vt 0.652588 1.666626
vt 0.654785 1.682007
vt 0.656128 1.666626
vt 0.658325 1.682007
vt 0.659668 1.666626
vt 0.661804 1.682007
vt 0.663147 1.666626
vt 0.665344 1.682007
vt 0.666687 1.666626
vt 0.668823 1.682007
vt 0.670166 1.666626
vt 0.638672 1.634216
vt 0.635681 1.627014
vt 0.632690 1.634216
vt 0.628479 1.630005
vt 0.628479 1.624023
vt 0.730957 1.666626
vt 0.720215 1.666626
vt 0.719604 1.682007
vt 0.715759 1.682007
vt 0.716919 1.666626
vt 0.639404 1.710449
vt 0.670166 1.713257
vt 0.646545 1.703491
vt 0.829102 1.288513
vt 0.866455 1.221863
vt 0.889465 1.276001
vt 0.668396 1.715149
vt 0.654541 1.729004
vt 0.665222 1.724670
vt 0.334839 1.216736
vt 0.323181 1.162598
vt 0.369995 1.169312
vt 0.401062 1.167664
vt 0.433289 1.158020
vt 0.374756 1.200378
vt 0.489563 1.204712
vt 0.531677 1.169739
vt 0.575012 1.219421
vt 0.719604 1.199036
vt 0.701965 1.168884
vt 0.724060 1.156677
vt 0.900574 1.167419
vt 0.920044 1.184570
vt 0.866455 1.221863
vt 0.149048 1.216614
vt 0.192871 1.165405
vt 0.212280 1.231079
vt 0.748779 1.144714
vt 0.785095 1.170654
vt 0.724060 1.156677
vt 0.719604 1.199036
vt 0.123840 1.434265
vt 0.135803 1.397705
vt 0.207397 1.428650
vt 0.200806 1.405701
vt 0.064453 1.420532
vt 0.079102 1.386902
vt 0.123840 1.434265
vt 0.135803 1.397705
vt 0.004150 1.367676
vt 0.079102 1.386902
vt 0.017395 1.394775
vt 0.064453 1.420532
vt 0.203796 1.347351
vt 0.261902 1.405823
vt 0.200806 1.405701
vt 0.207397 1.428650
vt 0.004150 1.367676
vt 0.022644 1.313782
vt 0.079102 1.386902
vt 0.092163 1.328735
vt 0.334839 1.216736
vt 0.352112 1.272766
vt 0.294495 1.227478
vt 0.304443 1.284058
vt 0.294495 1.227478
vt 0.304443 1.284058
vt 0.253540 1.232300
vt 0.256104 1.289429
vt 0.253540 1.232300
vt 0.256104 1.289429
vt 0.212280 1.231079
vt 0.207397 1.288635
vt 0.192871 1.165405
vt 0.149048 1.216614
vt 0.138794 1.186768
vt 0.097412 1.214478
vt 0.253540 1.232300
vt 0.212280 1.231079
vt 0.233093 1.158813
vt 0.192871 1.165405
vt 0.889465 1.276001
vt 0.893127 1.285461
vt 0.829102 1.288513
vt 0.845337 1.298279
vt 0.920288 1.254395
vt 0.926880 1.261169
vt 0.889465 1.276001
vt 0.893127 1.285461
vt 0.748779 1.144714
vt 0.770752 1.137451
vt 0.785095 1.170654
vt 0.794434 1.133362
vt 0.708008 1.247314
vt 0.658386 1.265808
vt 0.653748 1.232849
vt 0.647522 1.261414
vt 0.687744 1.274536
vt 0.685913 1.281677
vt 0.658386 1.265808
vt 0.655457 1.272034
vt 0.720947 1.280945
vt 0.719971 1.288635
vt 0.687744 1.274536
vt 0.685913 1.281677
vt 0.755798 1.282959
vt 0.755615 1.290894
vt 0.720947 1.280945
vt 0.719971 1.288635
vt 0.792786 1.282104
vt 0.791870 1.290649
vt 0.755798 1.282959
vt 0.755615 1.290894
vt 0.653748 1.232849
vt 0.648743 1.235352
vt 0.617432 1.212280
vt 0.608948 1.216675
vt 0.770752 1.137451
vt 0.769043 1.130615
vt 0.794434 1.133362
vt 0.794067 1.125977
vt 0.794434 1.133362
vt 0.794067 1.125977
vt 0.829102 1.135742
vt 0.830383 1.128296
vt 0.653748 1.232849
vt 0.647522 1.261414
vt 0.648743 1.235352
vt 0.642517 1.262024
vt 0.658386 1.265808
vt 0.655457 1.272034
vt 0.647522 1.261414
vt 0.642517 1.262024
vt 0.941101 1.229553
vt 0.939270 1.214172
vt 0.948975 1.232544
vt 0.948914 1.209351
vt 0.668640 1.764893
vt 0.667847 1.752258
vt 0.661316 1.764893
vt 0.662659 1.752258
vt 0.676208 1.764893
vt 0.673157 1.752258
vt 0.668640 1.764893
vt 0.667847 1.752258
vt 0.654541 1.729004
vt 0.668396 1.715149
vt 0.643311 1.725220
vt 0.638428 1.714417
vt 0.665955 1.705933
vt 0.657227 1.701660
vt 0.670166 1.713257
vt 0.646545 1.703491
vt 0.719604 1.199036
vt 0.785095 1.170654
vt 0.789490 1.225708
vt 0.866455 1.221863
vt 0.794434 1.133362
vt 0.829102 1.135742
vt 0.785095 1.170654
vt 0.857422 1.143494
vt 0.617432 1.212280
vt 0.629456 1.189331
vt 0.673218 1.208679
vt 0.643982 1.172302
vt 0.941101 1.229553
vt 0.866455 1.221863
vt 0.939270 1.214172
vt 0.920044 1.184570
vt 0.720947 1.280945
vt 0.708008 1.247314
vt 0.755798 1.282959
vt 0.789490 1.225708
vt 0.720947 1.280945
vt 0.687744 1.274536
vt 0.708008 1.247314
vt 0.658386 1.265808
vt 0.941101 1.229553
vt 0.948975 1.232544
vt 0.920288 1.254395
vt 0.926880 1.261169
vt 0.829102 1.288513
vt 0.845337 1.298279
vt 0.792786 1.282104
vt 0.791870 1.290649
vt 0.941101 1.229553
vt 0.920288 1.254395
vt 0.866455 1.221863
vt 0.889465 1.276001
vt 0.445435 1.233276
vt 0.421570 1.311646
vt 0.399109 1.255737
vt 0.352112 1.272766
vt 0.368286 1.329529
vt 0.304443 1.284058
vt 0.314026 1.341675
vt 0.256104 1.289429
vt 0.259033 1.347717
vt 0.207397 1.288635
vt 0.203796 1.347351
vt 0.900574 1.167419
vt 0.866455 1.221863
vt 0.875549 1.151123
vt 0.857422 1.143494
vt 0.785095 1.170654
vt 0.617432 1.212280
vt 0.673218 1.208679
vt 0.653748 1.232849
vt 0.708008 1.247314
vt 0.719604 1.199036
vt 0.789490 1.225708
vt 0.701965 1.168884
vt 0.719604 1.199036
vt 0.687988 1.172241
vt 0.671265 1.174011
vt 0.673218 1.208679
vt 0.643982 1.172302
vt 0.135803 1.397705
vt 0.144531 1.340088
vt 0.200806 1.405701
vt 0.203796 1.347351
vt 0.154968 1.281128
vt 0.207397 1.288635
vt 0.079102 1.386902
vt 0.092163 1.328735
vt 0.135803 1.397705
vt 0.144531 1.340088
vt 0.108459 1.268982
vt 0.154968 1.281128
vt 0.529602 1.327576
vt 0.499573 1.342163
vt 0.500427 1.274048
vt 0.421570 1.311646
vt 0.442322 1.366577
vt 0.368286 1.329529
vt 0.383545 1.385620
vt 0.314026 1.341675
vt 0.323364 1.398865
vt 0.259033 1.347717
vt 0.261902 1.405823
vt 0.203796 1.347351
vt 0.022644 1.313782
vt 0.042419 1.276611
vt 0.092163 1.328735
vt 0.108459 1.268982
vt 0.072144 1.237366
vt 0.097412 1.214478
vt 0.575012 1.219421
vt 0.500427 1.274048
vt 0.489563 1.204712
vt 0.445435 1.233276
vt 0.421570 1.311646
vt 0.829102 1.288513
vt 0.792786 1.282104
vt 0.866455 1.221863
vt 0.789490 1.225708
vt 0.755798 1.282959
vt 0.207397 1.288635
vt 0.154968 1.281128
vt 0.212280 1.231079
vt 0.149048 1.216614
vt 0.108459 1.268982
vt 0.097412 1.214478
vt 0.531677 1.169739
vt 0.489563 1.204712
vt 0.499451 1.119995
vt 0.433289 1.158020
vt 0.445435 1.233276
vt 0.374756 1.200378
vt 0.399109 1.255737
vt 0.352112 1.272766
vt 0.334839 1.216736
vt 0.399109 1.255737
vt 0.374756 1.200378
vt 0.369995 1.169312
vt 0.401062 1.167664
vt 0.334839 1.216736
vt 0.294495 1.227478
vt 0.323181 1.162598
vt 0.273621 1.157227
vt 0.253540 1.232300
vt 0.233093 1.158813
vt 0.830383 1.128296
vt 0.861755 1.135559
vt 0.829102 1.135742
vt 0.857422 1.143494
vt 0.878784 1.144409
vt 0.875549 1.151123
vt 0.904907 1.161255
vt 0.900574 1.167419
vt 0.925232 1.179138
vt 0.920044 1.184570
vt 0.948914 1.209351
vt 0.939270 1.214172
vt 0.642334 1.161743
vt 0.670654 1.164429
vt 0.643982 1.172302
vt 0.671265 1.174011
vt 0.685303 1.163757
vt 0.687988 1.172241
vt 0.698120 1.161255
vt 0.701965 1.168884
vt 0.720032 1.149353
vt 0.724060 1.156677
vt 0.746094 1.138367
vt 0.748779 1.144714
vt 0.769043 1.130615
vt 0.770752 1.137451
vt 0.608948 1.216675
vt 0.623047 1.185425
vt 0.617432 1.212280
vt 0.629456 1.189331
vt 0.642334 1.161743
vt 0.643982 1.172302
vt 0.646912 1.764893
vt 0.653259 1.764893
vt 0.652100 1.752258
vt 0.657532 1.752258
vt 0.661316 1.764893
vt 0.662659 1.752258
vt 0.628479 1.624023
vt 0.635681 1.627014
vt 0.628479 1.630005
vt 0.719604 1.682007
vt 0.730957 1.666626
vt 0.731384 1.682007
vt 0.715759 1.682007
vt 0.716919 1.666626
vt 0.720215 1.666626
vt 0.679932 1.586365
vt 0.683289 1.596802
vt 0.666443 1.591980
vt 0.670715 1.602295
vt 0.760132 1.682007
vt 0.758850 1.666626
vt 0.768677 1.682007
vt 0.767395 1.666626
vt 0.678223 1.666626
vt 0.676880 1.682007
vt 0.670166 1.666626
vt 0.668823 1.682007
vt 0.701660 1.593140
vt 0.683289 1.596802
vt 0.702637 1.585266
vt 0.679932 1.586365
vt 0.745605 1.666626
vt 0.758850 1.666626
vt 0.746826 1.682007
vt 0.760132 1.682007
vt 0.731384 1.682007
vt 0.730957 1.666626
vt 0.734436 1.682007
vt 0.733459 1.666626
vt 0.652100 1.639832
vt 0.655396 1.629456
vt 0.674622 1.640930
vt 0.673584 1.633118
vt 0.676880 1.682007
vt 0.678223 1.666626
vt 0.687805 1.682007
vt 0.689148 1.666626
vt 0.698059 1.666626
vt 0.696716 1.682007
vt 0.689148 1.666626
vt 0.687805 1.682007
vt 0.746826 1.682007
vt 0.739075 1.682007
vt 0.745605 1.666626
vt 0.737793 1.666626
vt 0.711304 1.666626
vt 0.710144 1.682007
vt 0.706360 1.666626
vt 0.705017 1.682007
vt 0.734436 1.682007
vt 0.733459 1.666626
vt 0.739075 1.682007
vt 0.737793 1.666626
vt 0.688232 1.628906
vt 0.687317 1.637268
vt 0.673584 1.633118
vt 0.674622 1.640930
vt 0.702637 1.585266
vt 0.715515 1.588928
vt 0.701660 1.593140
vt 0.716431 1.597351
vt 0.696716 1.682007
vt 0.698059 1.666626
vt 0.705017 1.682007
vt 0.706360 1.666626
vt 0.710144 1.682007
vt 0.711304 1.666626
vt 0.715759 1.682007
vt 0.716919 1.666626
vt 0.726501 1.607422
vt 0.740906 1.596069
vt 0.734924 1.608337
vt 0.741760 1.601685
vt 0.698364 1.639648
vt 0.693176 1.642517
vt 0.688232 1.628906
vt 0.687317 1.637268
vt 0.688232 1.628906
vt 0.698242 1.618958
vt 0.698364 1.639648
vt 0.714417 1.630981
vt 0.706604 1.618042
vt 0.713562 1.624451
vt 0.698242 1.618958
vt 0.714417 1.630981
vt 0.663147 1.666626
vt 0.661804 1.682007
vt 0.659668 1.666626
vt 0.658325 1.682007
vt 0.666687 1.666626
vt 0.665344 1.682007
vt 0.663147 1.666626
vt 0.661804 1.682007
vt 0.670166 1.666626
vt 0.668823 1.682007
vt 0.666687 1.666626
vt 0.665344 1.682007
vt 0.652588 1.666626
vt 0.651245 1.682007
vt 0.649109 1.666626
vt 0.647766 1.682007
vt 0.656128 1.666626
vt 0.654785 1.682007
vt 0.652588 1.666626
vt 0.651245 1.682007
vt 0.659668 1.666626
vt 0.658325 1.682007
vt 0.656128 1.666626
vt 0.654785 1.682007
vt 0.638672 1.619751
vt 0.635681 1.627014
vt 0.632690 1.619751
vt 0.628479 1.624023
vt 0.628479 1.630005
vt 0.635681 1.627014
vt 0.632690 1.634216
vt 0.638672 1.634216
vt 0.666443 1.606567
vt 0.660400 1.606567
vt 0.663391 1.599304
vt 0.656128 1.602295
vt 0.666443 1.591980
vt 0.670715 1.602295
vt 0.663391 1.599304
vt 0.666443 1.606567
vt 0.726501 1.607422
vt 0.716431 1.597351
vt 0.740906 1.596069
vt 0.725769 1.585815
vt 0.725769 1.585815
vt 0.716431 1.597351
vt 0.721619 1.584717
vt 0.715515 1.588928
vt 0.715759 1.682007
vt 0.720215 1.666626
vt 0.719604 1.682007
vt 0.730957 1.666626
vt 0.666443 1.591980
vt 0.663391 1.599304
vt 0.660400 1.591980
vt 0.656128 1.596252
vt 0.656128 1.602295
vt 0.638672 1.619751
vt 0.642883 1.624023
vt 0.635681 1.627014
vt 0.638672 1.634216
vt 0.655396 1.629456
vt 0.652100 1.639832
vt 0.639404 1.710449
vt 0.646545 1.703491
vt 0.670166 1.713257
vt 0.829102 1.288513
vt 0.889465 1.276001
vt 0.866455 1.221863
vt 0.857422 1.143494
vt 0.785095 1.170654
vt 0.866455 1.221863
vt 0.719604 1.199036
vt 0.724060 1.156677
vt 0.701965 1.168884
vt 0.900574 1.167419
vt 0.866455 1.221863
vt 0.920044 1.184570
vt 0.334839 1.216736
vt 0.369995 1.169312
vt 0.323181 1.162598
vt 0.617432 1.212280
vt 0.673218 1.208679
vt 0.629456 1.189331
vt 0.643982 1.172302
vt 0.748779 1.144714
vt 0.785095 1.170654
vt 0.770752 1.137451
vt 0.794434 1.133362
vt 0.748779 1.144714
vt 0.724060 1.156677
vt 0.785095 1.170654
vt 0.719604 1.199036
vt 0.671265 1.174011
vt 0.719604 1.199036
vt 0.687988 1.172241
vt 0.701965 1.168884
vt 0.643982 1.172302
vt 0.673218 1.208679
vt 0.671265 1.174011
vt 0.719604 1.199036
vt 0.004150 1.367676
vt 0.017395 1.394775
vt 0.079102 1.386902
vt 0.064453 1.420532
vt 0.004150 1.367676
vt 0.079102 1.386902
vt 0.022644 1.313782
vt 0.092163 1.328735
vt 0.097412 1.214478
vt 0.072144 1.237366
vt 0.108459 1.268982
vt 0.042419 1.276611
vt 0.352112 1.272766
vt 0.421570 1.311646
vt 0.399109 1.255737
vt 0.445435 1.233276
vt 0.207397 1.288635
vt 0.212280 1.231079
vt 0.154968 1.281128
vt 0.149048 1.216614
vt 0.097412 1.214478
vt 0.108459 1.268982
vt 0.149048 1.216614
vt 0.154968 1.281128
vt 0.253540 1.232300
vt 0.233093 1.158813
vt 0.212280 1.231079
vt 0.192871 1.165405
vt 0.273621 1.157227
vt 0.294495 1.227478
vt 0.323181 1.162598
vt 0.334839 1.216736
vt 0.233093 1.158813
vt 0.253540 1.232300
vt 0.273621 1.157227
vt 0.294495 1.227478
vt 0.401062 1.167664
vt 0.369995 1.169312
vt 0.374756 1.200378
vt 0.334839 1.216736
vt 0.022644 1.313782
vt 0.092163 1.328735
vt 0.042419 1.276611
vt 0.108459 1.268982
vt 0.789490 1.225708
vt 0.719604 1.199036
vt 0.708008 1.247314
vt 0.673218 1.208679
vt 0.794434 1.133362
vt 0.785095 1.170654
vt 0.829102 1.135742
vt 0.857422 1.143494
vt 0.653748 1.232849
vt 0.617432 1.212280
vt 0.648743 1.235352
vt 0.608948 1.216675
vt 0.861755 1.135559
vt 0.857422 1.143494
vt 0.878784 1.144409
vt 0.875549 1.151123
vt 0.642334 1.161743
vt 0.643982 1.172302
vt 0.670654 1.164429
vt 0.671265 1.174011
vt 0.623047 1.185425
vt 0.629456 1.189331
vt 0.642334 1.161743
vt 0.643982 1.172302
vt 0.830383 1.128296
vt 0.829102 1.135742
vt 0.861755 1.135559
vt 0.857422 1.143494
vt 0.642517 1.262024
vt 0.647522 1.261414
vt 0.648743 1.235352
vt 0.653748 1.232849
vt 0.948914 1.209351
vt 0.939270 1.214172
vt 0.948975 1.232544
vt 0.941101 1.229553
vt 0.904907 1.161255
vt 0.900574 1.167419
vt 0.925232 1.179138
vt 0.920044 1.184570
vt 0.685303 1.163757
vt 0.687988 1.172241
vt 0.698120 1.161255
vt 0.701965 1.168884
vt 0.670654 1.164429
vt 0.671265 1.174011
vt 0.685303 1.163757
vt 0.687988 1.172241
vt 0.746094 1.138367
vt 0.748779 1.144714
vt 0.769043 1.130615
vt 0.770752 1.137451
vt 0.720032 1.149353
vt 0.724060 1.156677
vt 0.746094 1.138367
vt 0.748779 1.144714
vt 0.698120 1.161255
vt 0.701965 1.168884
vt 0.720032 1.149353
vt 0.724060 1.156677
vt 0.608948 1.216675
vt 0.617432 1.212280
vt 0.623047 1.185425
vt 0.629456 1.189331
vt 0.662659 1.752258
vt 0.661316 1.764893
vt 0.657532 1.752258
vt 0.653259 1.764893
vt 0.657532 1.752258
vt 0.653259 1.764893
vt 0.652100 1.752258
vt 0.646912 1.764893
vt 0.665955 1.705933
vt 0.670166 1.713257
vt 0.657227 1.701660
vt 0.646545 1.703491
vt 0.941101 1.229553
vt 0.939270 1.214172
vt 0.866455 1.221863
vt 0.920044 1.184570
vt 0.708008 1.247314
vt 0.673218 1.208679
vt 0.653748 1.232849
vt 0.617432 1.212280
vt 0.857422 1.143494
vt 0.866455 1.221863
vt 0.875549 1.151123
vt 0.900574 1.167419
vt 0.925232 1.179138
vt 0.920044 1.184570
vt 0.948914 1.209351
vt 0.939270 1.214172
vt 0.878784 1.144409
vt 0.875549 1.151123
vt 0.904907 1.161255
vt 0.900574 1.167419
vt 0.941101 1.229553
vt 0.866455 1.221863
vt 0.920288 1.254395
vt 0.889465 1.276001
vt 0.092163 1.328735
vt 0.144531 1.340088
vt 0.108459 1.268982
vt 0.154968 1.281128
vt 0.203796 1.347351
vt 0.207397 1.288635
vt 0.647522 1.261414
vt 0.658386 1.265808
vt 0.653748 1.232849
vt 0.708008 1.247314
vt 0.687744 1.274536
vt 0.720947 1.280945
vt 0.720947 1.280945
vt 0.755798 1.282959
vt 0.708008 1.247314
vt 0.789490 1.225708
vt 0.792786 1.282104
vt 0.064453 1.420532
vt 0.123840 1.434265
vt 0.079102 1.386902
vt 0.135803 1.397705
vt 0.207397 1.428650
vt 0.200806 1.405701
vt 0.261902 1.405823
vt 0.203796 1.347351
vt 0.079102 1.386902
vt 0.135803 1.397705
vt 0.092163 1.328735
vt 0.144531 1.340088
vt 0.200806 1.405701
vt 0.203796 1.347351
vt 0.499573 1.342163
vt 0.421570 1.311646
vt 0.442322 1.366577
vt 0.368286 1.329529
vt 0.352112 1.272766
vt 0.304443 1.284058
vt 0.442322 1.366577
vt 0.368286 1.329529
vt 0.383545 1.385620
vt 0.314026 1.341675
vt 0.304443 1.284058
vt 0.256104 1.289429
vt 0.383545 1.385620
vt 0.314026 1.341675
vt 0.323364 1.398865
vt 0.259033 1.347717
vt 0.256104 1.289429
vt 0.207397 1.288635
vt 0.323364 1.398865
vt 0.259033 1.347717
vt 0.261902 1.405823
vt 0.203796 1.347351
vt 0.207397 1.288635
vt 0.829102 1.288513
vt 0.866455 1.221863
vt 0.792786 1.282104
vt 0.789490 1.225708
vt 0.785095 1.170654
vt 0.719604 1.199036
vt 0.575012 1.219421
vt 0.489563 1.204712
vt 0.500427 1.274048
vt 0.445435 1.233276
vt 0.433289 1.158020
vt 0.374756 1.200378
vt 0.401062 1.167664
vt 0.433289 1.158020
vt 0.489563 1.204712
vt 0.499451 1.119995
vt 0.531677 1.169739
vt 0.575012 1.219421
vt 0.207397 1.288635
vt 0.256104 1.289429
vt 0.212280 1.231079
vt 0.253540 1.232300
vt 0.304443 1.284058
vt 0.294495 1.227478
vt 0.352112 1.272766
vt 0.334839 1.216736
vt 0.399109 1.255737
vt 0.374756 1.200378
vt 0.445435 1.233276
vt 0.097412 1.214478
vt 0.149048 1.216614
vt 0.138794 1.186768
vt 0.192871 1.165405
vt 0.212280 1.231079
vt 0.529602 1.327576
vt 0.500427 1.274048
vt 0.499573 1.342163
vt 0.421570 1.311646
vt 0.445435 1.233276
vt 0.642517 1.262024
vt 0.655457 1.272034
vt 0.647522 1.261414
vt 0.658386 1.265808
vt 0.685913 1.281677
vt 0.687744 1.274536
vt 0.719971 1.288635
vt 0.720947 1.280945
vt 0.755615 1.290894
vt 0.755798 1.282959
vt 0.791870 1.290649
vt 0.792786 1.282104
vt 0.845337 1.298279
vt 0.829102 1.288513
vt 0.893127 1.285461
vt 0.889465 1.276001
vt 0.926880 1.261169
vt 0.920288 1.254395
vt 0.948975 1.232544
vt 0.941101 1.229553
vt 0.830383 1.128296
vt 0.794067 1.125977
vt 0.829102 1.135742
vt 0.794434 1.133362
vt 0.769043 1.130615
vt 0.770752 1.137451
vt 0.676208 1.764893
vt 0.668640 1.764893
vt 0.673157 1.752258
vt 0.667847 1.752258
vt 0.661316 1.764893
vt 0.662659 1.752258
vt 0.638428 1.714417
vt 0.668396 1.715149
vt 0.643311 1.725220
vt 0.654541 1.729004
vt 0.665222 1.724670
vn -0.9999 -0.0106 -0.0001
vn -1.0000 -0.0081 0.0019
vn -1.0000 -0.0014 0.0003
vn 0.0000 1.0000 0.0000
vn 0.9999 -0.0106 -0.0001
vn 1.0000 -0.0080 0.0019
vn 1.0000 -0.0068 -0.0002
vn -0.9973 0.0710 0.0189
vn -0.9037 0.3161 0.2887
vn -0.5575 0.4984 0.6639
vn 0.0029 -0.0117 0.9999
vn 0.0000 -0.0000 1.0000
vn 0.0076 -0.0085 0.9999
vn 0.6059 0.6569 0.4488
vn 0.7556 0.1193 0.6441
vn 0.8335 0.2009 0.5147
vn 0.4690 0.3079 0.8278
vn 0.4168 0.5285 0.7395
vn -0.4668 0.7806 -0.4156
vn -0.8717 0.4839 0.0776
vn -0.4749 0.8793 -0.0365
vn -0.0388 -0.9975 -0.0588
vn -0.1522 -0.8646 -0.4789
vn -0.2985 -0.8742 -0.3830
vn -0.3295 -0.7090 -0.6234
vn 0.0110 -0.9999 0.0061
vn 0.0043 -0.9998 0.0189
vn 0.0098 -1.0000 0.0007
vn -0.6038 0.5491 0.5778
vn -0.1623 0.7686 0.6188
vn -0.3059 0.7556 0.5792
vn -0.9999 0.0080 -0.0114
vn -1.0000 0.0028 -0.0059
vn -0.5247 -0.8441 0.1098
vn -0.3334 -0.7090 0.6214
vn -0.3827 -0.6059 0.6975
vn -0.4205 -0.7537 0.5050
vn -0.9293 -0.2166 -0.2991
vn -0.9726 -0.1047 -0.2076
vn -0.8368 -0.2115 -0.5050
vn 0.6354 -0.1520 0.7571
vn 0.8006 -0.0187 0.5990
vn 0.6761 -0.1844 0.7134
vn 0.0000 0.1882 0.9821
vn -0.3097 0.2194 0.9252
vn -0.2562 0.1467 0.9554
vn 0.9999 0.0079 -0.0114
vn 1.0000 0.0061 -0.0044
vn 1.0000 0.0077 -0.0015
vn 0.0388 -0.9975 -0.0588
vn 0.5575 0.4984 0.6639
vn -0.4168 0.5285 0.7395
vn -0.4690 0.3079 0.8278
vn 0.7542 -0.0485 0.6548
vn 0.7614 -0.0068 0.6482
vn 0.6593 0.0209 -0.7516
vn 0.7095 0.0051 -0.7047
vn 0.6639 0.0090 -0.7478
vn 0.0000 -1.0000 -0.0000
vn 0.0730 0.1077 0.9915
vn 0.8350 0.0597 0.5470
vn 0.5413 0.6358 0.5503
vn 1.0000 0.0026 0.0089
vn 0.9999 0.0051 0.0092
vn 0.9998 0.0071 0.0193
vn 0.9293 -0.2166 -0.2992
vn 0.8368 -0.2115 -0.5050
vn 0.9726 -0.1047 -0.2076
vn 0.3791 -0.6050 -0.7002
vn 0.4097 -0.7579 -0.5077
vn 0.3295 -0.7090 -0.6235
vn 0.0001 1.0000 -0.0003
vn 0.9999 0.0080 -0.0114
vn 0.5246 -0.8442 0.1099
vn 1.0000 0.0028 -0.0059
vn 0.0626 0.9980 0.0115
vn 0.0632 0.9979 -0.0109
vn 0.0578 0.9983 0.0004
vn 0.0427 0.9985 -0.0342
vn 0.0409 0.9985 0.0357
vn 0.0625 0.9980 0.0115
vn 0.9998 0.0071 0.0194
vn 1.0000 0.0078 -0.0015
vn 1.0000 0.0061 -0.0043
vn 1.0000 0.0051 -0.0036
vn 1.0000 0.0030 -0.0043
vn -0.0025 -0.0110 0.9999
vn -0.0011 -0.0076 1.0000
vn 0.0000 -0.0049 1.0000
vn 0.9790 -0.2035 -0.0074
vn 0.9955 -0.0781 0.0536
vn 1.0000 0.0028 -0.0058
vn 0.9999 0.0021 -0.0137
vn 0.9999 0.0086 0.0071
vn 0.9999 0.0109 0.0043
vn 0.0000 -0.9574 0.2887
vn 0.1386 -0.9587 0.2485
vn 0.1522 -0.8646 0.4789
vn 0.3008 -0.8731 0.3837
vn 0.2335 -0.9591 0.1600
vn 0.3226 -0.9465 0.0001
vn 0.4136 -0.8891 0.1963
vn 0.4766 -0.8791 -0.0001
vn -0.0000 -0.7351 0.6779
vn 0.1583 -0.6986 0.6977
vn 0.3334 -0.7090 0.6214
vn 1.0000 -0.0006 0.0028
vn 0.9999 0.0131 -0.0016
vn 0.9999 0.0079 0.0099
vn 0.9998 0.0028 0.0181
vn 0.9999 0.0127 0.0052
vn 0.9999 -0.0087 -0.0084
vn 1.0000 0.0015 0.0002
vn 1.0000 -0.0000 0.0000
vn 0.6267 0.3286 -0.7066
vn 0.9926 -0.0589 -0.1065
vn 0.6128 0.0824 -0.7860
vn 0.9431 -0.0273 0.3315
vn 0.0000 0.9490 -0.3152
vn 0.1995 0.9345 -0.2949
vn -0.0000 0.8872 -0.4614
vn 0.2179 0.8485 -0.4823
vn -0.0000 0.9927 -0.1204
vn 0.2290 0.9701 -0.0809
vn 0.9907 -0.1227 0.0584
vn 0.9784 -0.1997 0.0536
vn 0.9790 -0.2023 0.0258
vn 0.9772 -0.2119 -0.0149
vn 0.9051 -0.3847 0.1814
vn 0.9765 -0.2150 0.0148
vn 0.9502 -0.3048 0.0642
vn 0.7763 -0.5831 0.2394
vn 0.8600 -0.4281 0.2778
vn 0.3024 0.9149 0.2675
vn 0.2111 0.9302 0.3003
vn 0.2930 0.8743 0.3870
vn 0.2023 0.8617 0.4653
vn 0.2024 0.8617 0.4654
vn 0.0000 0.9116 0.4110
vn -0.0000 0.9565 0.2917
vn 0.2069 0.8049 0.5562
vn -0.0000 0.8011 0.5985
vn 0.1389 0.8039 0.5783
vn 0.0000 0.7682 0.6402
vn 0.7284 0.0452 0.6837
vn 0.7614 -0.0069 0.6482
vn -0.0000 -0.3804 0.9248
vn -0.0000 -0.2461 0.9692
vn 0.6761 -0.1843 0.7134
vn 0.0872 -0.4847 0.8703
vn 0.6281 -0.3612 0.6892
vn 0.8350 0.0597 0.5469
vn -0.0000 0.6225 0.7826
vn -0.2222 0.6363 0.7388
vn -0.1796 0.5424 0.8207
vn -0.1544 0.5455 0.8238
vn -0.3962 0.7029 0.5907
vn 0.0582 0.7806 0.6223
vn 0.0598 0.8891 0.4538
vn -0.6059 0.6569 0.4488
vn 0.9261 0.1245 0.3562
vn 0.8579 -0.3195 0.4024
vn 0.8267 0.2273 0.5147
vn 0.8906 0.0406 0.4529
vn 0.9025 -0.1154 0.4149
vn 0.8660 -0.1938 0.4610
vn 0.8931 -0.2650 0.3635
vn 0.9514 -0.2937 -0.0926
vn 0.8657 -0.4214 0.2702
vn 0.9502 -0.2976 -0.0921
vn -0.0000 0.2678 -0.9635
vn 0.2183 0.2254 -0.9495
vn -0.0000 0.0409 -0.9992
vn 0.2527 0.0545 -0.9660
vn 0.2288 0.4322 -0.8723
vn -0.0000 0.4949 -0.8690
vn 0.4644 0.6770 0.5710
vn 0.9973 0.0710 0.0189
vn 0.3269 0.8765 0.3533
vn 0.9946 0.1030 0.0142
vn 0.6477 -0.6307 0.4273
vn 0.6825 -0.6927 0.2332
vn 0.6719 -0.6680 0.3198
vn -0.0000 0.4557 0.8901
vn -0.2554 0.5340 0.8060
vn -0.2398 0.5842 0.7754
vn 0.3281 0.4334 0.8393
vn 0.3841 0.3081 0.8703
vn 0.6632 0.1680 0.7293
vn 0.2222 0.6363 0.7388
vn 0.7776 -0.2300 -0.5852
vn 0.9986 -0.0209 -0.0493
vn 0.9037 0.3160 0.2887
vn -0.5715 0.7236 0.3870
vn 0.4644 0.6770 0.5709
vn 0.9946 0.1030 0.0141
vn 0.1353 0.9756 0.1731
vn -0.6940 0.7040 0.1511
vn 0.9998 0.0179 0.0110
vn 1.0000 0.0096 0.0006
vn 0.9998 0.0187 0.0010
vn 0.9998 0.0176 -0.0093
vn 0.5495 0.8283 0.1092
vn 0.3894 0.7519 0.5320
vn 0.9175 0.3976 0.0115
vn 0.9966 -0.0561 0.0597
vn -0.3668 0.4117 0.8342
vn -0.4270 0.7285 0.5357
vn 0.3692 0.2089 0.9056
vn 0.7399 0.1006 0.6652
vn 0.9953 -0.0637 -0.0733
vn 0.8168 -0.1127 -0.5658
vn 0.3439 0.3725 0.8619
vn 0.9953 -0.0636 -0.0733
vn 0.3894 0.7519 0.5319
vn 0.9966 -0.0561 0.0598
vn 0.3691 0.2090 0.9056
vn 0.3439 0.3726 0.8619
vn -0.3584 0.0955 0.9287
vn -0.0009 -0.0250 0.9997
vn 0.4670 -0.1032 0.8782
vn -0.7061 0.6780 0.2041
vn -0.5715 0.7236 0.3871
vn 0.3320 0.9019 -0.2762
vn 0.3240 0.9449 -0.0472
vn 0.3167 0.8087 -0.4958
vn 0.3321 0.9019 -0.2763
vn 0.2288 0.4321 -0.8723
vn 0.3223 0.3984 -0.8587
vn 0.3394 0.1860 -0.9221
vn 0.3811 -0.0422 -0.9236
vn 0.2527 0.0546 -0.9660
vn 0.3224 0.9387 0.1217
vn 0.2538 0.9599 0.1189
vn 0.0000 0.9943 0.1062
vn 0.2074 0.7517 -0.6261
vn 0.3053 0.7092 -0.6355
vn 0.2012 0.5963 -0.7771
vn 0.3218 0.5368 -0.7799
vn 0.2012 0.5964 -0.7771
vn 0.0000 0.6555 -0.7552
vn 0.2074 0.7516 -0.6261
vn -0.0000 0.7874 -0.6164
vn 0.9982 -0.0555 -0.0247
vn 1.0000 0.0072 -0.0053
vn 1.0000 0.0095 0.0028
vn 1.0000 0.0050 0.0043
vn 0.5649 -0.0678 0.8224
vn 0.5989 -0.1866 0.7788
vn 0.9926 -0.0588 -0.1065
vn 0.9998 0.0176 0.0124
vn 0.2543 -0.9553 -0.1505
vn 0.3070 -0.9347 -0.1790
vn 0.2978 -0.9360 -0.1877
vn -0.0000 -0.9842 -0.1773
vn 0.4223 -0.4715 0.7742
vn 0.6278 -0.6386 0.4450
vn 0.6825 -0.6927 0.2331
vn 0.0000 -0.3688 0.9295
vn -0.0000 -0.4549 0.8905
vn 0.2126 -0.9685 -0.1298
vn -0.1988 -0.9550 0.2202
vn -0.8567 0.0000 -0.5158
vn -0.9343 0.0000 -0.3566
vn -0.9505 0.0000 -0.3106
vn -0.9880 -0.0000 -0.1548
vn 0.0000 0.9122 -0.4098
vn 0.0825 0.9032 -0.4213
vn 0.0832 0.9614 -0.2622
vn 0.1174 0.9561 -0.2685
vn 0.0396 0.9965 -0.0730
vn 0.0385 0.9965 -0.0745
vn 0.1174 0.9561 -0.2684
vn -0.1414 0.9872 0.0734
vn -0.1208 0.9841 0.1303
vn -0.2335 -0.9591 -0.1601
vn -0.1385 -0.9587 -0.2485
vn -0.0000 -0.7352 0.6779
vn -0.1522 -0.8646 0.4789
vn -0.0000 -0.8688 0.4952
vn -0.0000 -0.8688 -0.4952
vn 0.0000 -0.7073 -0.7069
vn -0.1817 -0.7152 -0.6749
vn -0.3008 -0.8731 0.3837
vn -0.3335 -0.7090 0.6214
vn -0.0000 -0.5666 -0.8240
vn -0.0000 -0.7074 -0.7069
vn -0.2478 -0.5994 -0.7611
vn -0.1816 -0.7152 -0.6749
vn -0.3827 -0.6059 0.6974
vn -0.2488 -0.5804 0.7754
vn -0.1583 -0.6986 0.6977
vn -0.2479 -0.5994 -0.7611
vn -0.2130 -0.3796 -0.9003
vn -0.4549 -0.3392 -0.8234
vn -0.0000 0.0068 -1.0000
vn -0.0012 0.0037 -1.0000
vn -0.0027 0.0000 -1.0000
vn -0.8625 -0.1500 0.4833
vn -0.9504 -0.1851 0.2499
vn -0.8452 -0.2711 0.4606
vn -0.9246 -0.3404 0.1713
vn -0.9261 -0.3345 -0.1743
vn -0.9790 -0.2035 -0.0073
vn -0.9289 -0.3702 0.0027
vn -0.4751 -0.2141 -0.8535
vn -0.2814 -0.1823 -0.9421
vn -0.4549 -0.3393 -0.8234
vn -0.5355 -0.0782 0.8409
vn -0.4573 -0.1823 0.8704
vn -0.2996 -0.0782 0.9509
vn -0.2303 -0.1563 0.9605
vn -0.7349 -0.0782 0.6737
vn -0.6795 -0.1898 0.7087
vn -0.8634 -0.0783 0.4984
vn -0.9517 -0.0894 0.2938
vn -0.9791 -0.2035 -0.0073
vn -0.9955 -0.0781 0.0536
vn -0.2336 -0.9591 0.1600
vn -0.4136 -0.8891 0.1963
vn -0.4205 -0.7538 0.5050
vn -0.3226 -0.9465 0.0000
vn -0.4125 -0.8897 -0.1957
vn -0.9290 -0.3702 0.0027
vn -0.8819 -0.4715 0.0028
vn -0.8752 -0.4728 0.1025
vn -0.9289 -0.3702 0.0028
vn -0.9246 -0.3403 0.1713
vn -0.3226 -0.9465 0.0001
vn -0.2335 -0.9591 0.1600
vn 0.0027 0.0000 -1.0000
vn 0.0004 0.0057 -1.0000
vn -0.0015 0.0103 -0.9999
vn 0.0025 -0.0110 0.9999
vn 0.0011 -0.0076 1.0000
vn -0.0626 0.9980 0.0115
vn -0.0578 0.9983 0.0004
vn -0.0632 0.9979 -0.0109
vn -0.0427 0.9985 -0.0342
vn -0.0625 0.9980 0.0115
vn -0.0409 0.9985 0.0357
vn -0.9998 0.0071 0.0194
vn 0.0116 -0.9999 -0.0052
vn 0.0058 -0.9998 -0.0165
vn -0.8698 -0.2428 -0.4295
vn -0.8368 -0.2116 -0.5049
vn -0.6428 -0.2267 -0.7317
vn -0.7011 -0.2342 -0.6735
vn -0.8368 -0.2116 -0.5050
vn -0.5688 -0.8225 -0.0012
vn -0.4766 -0.8791 -0.0001
vn -0.5247 -0.8441 0.1099
vn -0.4136 -0.8890 0.1963
vn -0.1386 -0.9587 0.2485
vn -0.9999 0.0127 0.0052
vn -1.0000 0.0015 0.0002
vn -0.9999 -0.0087 -0.0084
vn -1.0000 -0.0000 0.0000
vn -0.6267 0.3286 -0.7066
vn -0.6128 0.0824 -0.7860
vn -0.9926 -0.0589 -0.1065
vn -0.9431 -0.0273 0.3315
vn -1.0000 -0.0080 0.0019
vn -1.0000 -0.0068 -0.0002
vn -1.0000 -0.0006 0.0028
vn -0.1995 0.9345 -0.2949
vn -0.2290 0.9701 -0.0809
vn -0.9907 -0.1227 0.0584
vn -0.9790 -0.2023 0.0258
vn -0.9784 -0.1997 0.0536
vn -0.9772 -0.2119 -0.0149
vn -0.9748 -0.1553 0.1602
vn -0.9396 -0.2260 0.2570
vn -0.9434 -0.2189 0.2491
vn -0.9593 -0.1787 0.2186
vn -0.9051 -0.3847 0.1814
vn -0.9502 -0.3048 0.0642
vn -0.9765 -0.2150 0.0148
vn -0.9514 -0.1646 0.2602
vn -0.9730 -0.1227 0.1957
vn -0.8657 -0.4214 0.2702
vn -0.8931 -0.2650 0.3635
vn -0.2024 0.8617 0.4654
vn -0.2111 0.9302 0.3003
vn -0.2023 0.8617 0.4654
vn -0.2069 0.8048 0.5562
vn -0.2930 0.8743 0.3870
vn -0.7048 0.4033 0.5836
vn -0.3283 0.7221 0.6089
vn -0.8717 0.4838 0.0776
vn -0.4750 0.8793 -0.0365
vn -0.2069 0.8049 0.5562
vn -0.1389 0.8039 0.5783
vn -0.0872 -0.4847 0.8703
vn -0.0730 0.1077 0.9915
vn -0.6281 -0.3612 0.6892
vn -0.8350 0.0597 0.5469
vn 0.1796 0.5424 0.8207
vn 0.1544 0.5455 0.8238
vn 0.1038 0.7502 0.6530
vn 0.2554 0.5339 0.8060
vn 0.2222 0.6362 0.7388
vn 0.3962 0.7029 0.5907
vn -0.0582 0.7806 0.6223
vn -0.5413 0.6358 0.5503
vn 0.8061 -0.2351 0.5431
vn 0.5810 -0.2827 0.7632
vn -0.0598 0.8891 0.4538
vn 0.7556 0.1192 0.6441
vn -0.0730 0.1076 0.9915
vn -0.7337 0.5764 0.3599
vn -0.0598 0.8891 0.4537
vn -0.0581 0.7806 0.6223
vn -0.8579 -0.3195 0.4024
vn -0.9261 0.1245 0.3562
vn -0.9514 -0.2937 -0.0926
vn -0.9502 -0.2976 -0.0921
vn 0.2554 0.5340 0.8060
vn -0.2183 0.2254 -0.9495
vn -0.2527 0.0545 -0.9660
vn -0.9893 -0.0207 -0.1446
vn -0.6623 0.6494 -0.3737
vn -0.5495 0.8283 0.1092
vn -0.9175 0.3976 0.0116
vn -0.9893 -0.0208 -0.1447
vn -0.6632 0.1680 0.7293
vn -0.7940 0.0145 0.6078
vn -0.8329 0.0402 0.5520
vn -0.8015 0.0290 0.5973
vn -0.8015 0.0291 0.5973
vn -0.8365 -0.0228 0.5475
vn -0.8444 -0.0251 0.5350
vn -0.1718 0.7851 0.5950
vn -0.5252 0.5660 0.6354
vn -0.4668 0.7806 -0.4157
vn -0.4750 0.8792 -0.0365
vn -0.0741 0.9635 0.2570
vn 0.0114 -0.0129 0.9999
vn 0.0194 -0.0004 0.9998
vn -0.6477 -0.6307 0.4273
vn -0.6825 -0.6927 0.2332
vn -0.7763 -0.5831 0.2394
vn -0.6719 -0.6680 0.3198
vn -0.9946 0.1030 0.0141
vn -0.3269 0.8765 0.3533
vn -0.1353 0.9756 0.1731
vn 0.6940 0.7040 0.1511
vn -0.9998 0.0179 0.0110
vn -0.9998 0.0187 0.0010
vn -1.0000 0.0096 0.0006
vn -0.9998 0.0176 -0.0093
vn 0.3668 0.4117 0.8342
vn 0.4270 0.7285 0.5357
vn -0.3894 0.7519 0.5320
vn -0.9966 -0.0561 0.0597
vn -0.9953 -0.0636 -0.0733
vn -0.3439 0.3725 0.8619
vn -0.3692 0.2089 0.9056
vn -0.3894 0.7519 0.5319
vn -0.9966 -0.0561 0.0598
vn -0.3691 0.2090 0.9056
vn 0.3584 0.0955 0.9287
vn -0.3439 0.3726 0.8619
vn -0.6253 -0.4453 -0.6409
vn -0.7044 -0.6500 -0.2852
vn -0.9946 0.1030 0.0142
vn 0.0009 -0.0250 0.9997
vn -0.7399 0.1006 0.6652
vn -0.4670 -0.1032 0.8782
vn -0.8168 -0.1127 -0.5658
vn -0.3240 0.9449 -0.0472
vn -0.3320 0.9019 -0.2762
vn -0.3394 0.1860 -0.9221
vn -0.3223 0.3984 -0.8587
vn -0.2288 0.4321 -0.8723
vn -0.2527 0.0546 -0.9660
vn -0.3811 -0.0422 -0.9236
vn -0.2538 0.9599 0.1189
vn -0.3224 0.9387 0.1217
vn -0.6477 -0.6307 0.4274
vn -0.8600 -0.4281 0.2778
vn -0.8444 -0.0251 0.5351
vn -0.8365 -0.0228 0.5474
vn -0.9982 -0.0555 -0.0247
vn -1.0000 0.0072 -0.0053
vn -0.9999 0.0131 -0.0016
vn -1.0000 0.0086 0.0036
vn -0.9998 0.0028 0.0181
vn -0.9997 0.0206 -0.0120
vn -0.9999 0.0131 -0.0017
vn -0.9999 0.0109 0.0043
vn -0.9999 0.0086 0.0071
vn -1.0000 0.0095 0.0028
vn -1.0000 0.0050 0.0043
vn -0.5978 -0.5326 -0.5991
vn -0.6111 -0.1874 -0.7691
vn -0.9997 0.0208 -0.0087
vn -0.9998 0.0176 0.0124
vn -0.0000 -0.9839 -0.1788
vn -0.2978 -0.9360 -0.1877
vn 0.1988 -0.9550 0.2202
vn -0.2126 -0.9685 -0.1298
vn -0.2543 -0.9553 -0.1505
vn -0.3070 -0.9347 -0.1790
vn 0.9290 -0.3702 0.0020
vn 0.9790 -0.2036 -0.0074
vn 0.9246 -0.3404 0.1713
vn 0.9504 -0.1851 0.2499
vn 0.2335 -0.9591 -0.1601
vn 0.2336 -0.9591 0.1600
vn 0.2814 -0.1823 -0.9421
vn 0.9289 -0.3702 0.0020
vn 0.8821 -0.4710 0.0020
vn 0.8752 -0.4727 0.1025
vn 0.9517 -0.0894 0.2938
vn 0.6774 -0.2665 0.6857
vn 0.6795 -0.1898 0.7087
vn 0.4598 -0.3779 0.8036
vn 0.4573 -0.1823 0.8704
vn 0.0000 -0.2149 -0.9766
vn 0.2130 -0.3796 -0.9003
vn 0.8625 -0.1500 0.4833
vn 0.6796 -0.1898 0.7086
vn 0.8452 -0.2711 0.4606
vn 0.6773 -0.2665 0.6857
vn 0.2503 -0.3462 0.9041
vn 0.0000 -0.4200 0.9075
vn 0.2488 -0.5804 0.7754
vn -0.0000 -0.6163 0.7875
vn 0.2303 -0.1563 0.9605
vn -0.0000 -0.2055 0.9787
vn 0.8765 -0.4708 -0.1003
vn 0.9261 -0.3346 -0.1743
vn 0.4205 -0.7537 0.5050
vn 0.3335 -0.7090 0.6214
vn 0.2129 -0.3796 -0.9003
vn 0.0000 -0.3927 -0.9197
vn 0.4549 -0.3392 -0.8234
vn 0.2479 -0.5994 -0.7611
vn 0.3296 -0.7090 -0.6235
vn 0.1522 -0.8646 -0.4789
vn 0.1817 -0.7152 -0.6749
vn 0.5252 -0.8438 -0.1101
vn 0.4125 -0.8897 -0.1957
vn 0.1209 0.9841 0.1303
vn 0.1414 0.9872 0.0734
vn 0.4150 0.8975 0.1491
vn 0.6245 0.7792 0.0522
vn 0.1386 -0.9587 -0.2486
vn 0.0000 -0.9574 -0.2888
vn 0.4159 0.8973 0.1480
vn 0.6245 0.7792 0.0523
vn 0.8365 0.5409 0.0881
vn 0.8175 0.5755 -0.0214
vn -0.0832 0.9614 -0.2622
vn -0.0825 0.9032 -0.4213
vn -0.1174 0.9561 -0.2685
vn -0.0396 0.9965 -0.0730
vn -0.0385 0.9965 -0.0745
vn 0.1208 0.9841 0.1303
vn -0.1174 0.9561 -0.2684
vn 0.7414 0.0000 -0.6711
vn 0.8567 0.0000 -0.5158
vn -0.2503 -0.3462 0.9041
vn -0.4597 -0.3779 0.8036
vn -0.2489 -0.5804 0.7754
vn -0.8755 -0.4727 -0.1002
vn -0.8626 0.0000 -0.5059
vn -0.7414 0.0000 -0.6711
vn -0.7095 0.0051 -0.7047
vn -0.6639 0.0090 -0.7478
vn -0.6593 0.0209 -0.7516
vn 0.9880 -0.0000 -0.1548
vn 0.9343 0.0000 -0.3566
vn 0.9505 -0.0000 -0.3106
vn 0.8626 0.0000 -0.5059
vn 0.2985 -0.8742 -0.3830
vn 0.3226 -0.9465 0.0000
vn 0.1523 -0.8646 -0.4789
vn 0.3296 -0.7090 -0.6234
vn 0.1583 -0.6987 0.6977
vn 0.2489 -0.5804 0.7754
vn 0.3827 -0.6059 0.6974
vn 0.4751 -0.2141 -0.8535
vn 0.4549 -0.3393 -0.8234
vn 0.2503 -0.3462 0.9042
vn 0.4597 -0.3779 0.8036
vn 0.8634 -0.0783 0.4984
vn 0.9246 -0.3403 0.1714
vn 0.8697 -0.2427 -0.4297
vn 0.8368 -0.2116 -0.5049
vn -0.0000 -0.0783 0.9969
vn 0.2995 -0.0782 0.9509
vn 0.4573 -0.1822 0.8704
vn 0.5355 -0.0782 0.8409
vn 0.7349 -0.0782 0.6737
vn 0.8634 -0.0782 0.4985
vn 0.4205 -0.7538 0.5050
vn 0.1385 -0.9587 0.2485
vn -0.0058 -0.9998 -0.0165
vn -0.0098 -1.0000 0.0006
vn -0.0116 -0.9999 -0.0052
vn -0.0110 -0.9999 0.0061
vn -0.0043 -0.9998 0.0189
vn 0.6428 -0.2267 -0.7317
vn 0.7012 -0.2342 -0.6734
vn 0.8368 -0.2116 -0.5050
vn 0.8697 -0.2428 -0.4297
vn 0.4751 -0.2140 -0.8535
vn 0.5584 -0.1356 -0.8184
vn 0.4136 -0.8890 0.1963
vn 0.5247 -0.8442 0.1099
vn 0.5688 -0.8225 -0.0012
vn 0.0000 0.4948 -0.8690
vn 0.3219 0.5368 -0.7799
vn 1.0000 -0.0014 0.0003
vn 1.0000 -0.0081 0.0019
vn 0.9907 -0.1228 0.0584
vn 0.9999 0.0101 -0.0133
vn 0.9593 -0.1787 0.2186
vn 0.9396 -0.2260 0.2570
vn 0.9434 -0.2189 0.2491
vn 0.9748 -0.1553 0.1602
vn 0.9729 -0.1227 0.1958
vn 0.9514 -0.1646 0.2602
vn 0.2023 0.8617 0.4654
vn 0.2069 0.8048 0.5562
vn -0.2024 0.8617 0.4653
vn 0.6038 0.5491 0.5778
vn 0.5252 0.5661 0.6354
vn 0.7048 0.4033 0.5836
vn 0.3283 0.7221 0.6089
vn 0.8717 0.4838 0.0776
vn 0.4749 0.8793 -0.0365
vn 0.4668 0.7806 -0.4156
vn 0.7337 0.5764 0.3599
vn 0.0598 0.8891 0.4537
vn 0.0581 0.7806 0.6223
vn -0.2222 0.6362 0.7388
vn -0.1038 0.7502 0.6530
vn 0.1623 0.7686 0.6188
vn 0.3059 0.7556 0.5792
vn -0.5810 -0.2827 0.7632
vn -0.7556 0.1193 0.6441
vn -0.8061 -0.2351 0.5431
vn -0.8335 0.2009 0.5147
vn 0.6623 0.6494 -0.3737
vn 0.9893 -0.0207 -0.1447
vn 0.6377 -0.5324 0.5567
vn 0.9893 -0.0208 -0.1447
vn 0.6166 -0.7852 -0.0570
vn 0.8015 0.0290 0.5973
vn 0.7940 0.0145 0.6078
vn 0.8329 0.0402 0.5520
vn 0.8015 0.0291 0.5973
vn 0.8365 -0.0228 0.5475
vn 0.8444 -0.0251 0.5350
vn 0.5252 0.5660 0.6354
vn 0.1718 0.7851 0.5951
vn 0.0742 0.9636 0.2570
vn 0.4750 0.8792 -0.0365
vn 0.4668 0.7806 -0.4157
vn -0.0194 -0.0004 0.9998
vn -0.0075 -0.0085 0.9999
vn -0.0114 -0.0129 0.9999
vn -0.0029 -0.0117 0.9999
vn 0.9973 0.0711 0.0188
vn 0.9037 0.3161 0.2887
vn 0.3680 -0.4065 -0.8363
vn 0.6253 -0.4453 -0.6409
vn 0.7044 -0.6500 -0.2852
vn -0.0000 -0.5402 0.8416
vn 0.4467 -0.4113 0.7945
vn 0.6438 -0.2254 0.7312
vn 0.9999 0.0131 -0.0017
vn 1.0000 0.0086 0.0036
vn 0.9997 0.0206 -0.0120
vn 0.9997 0.0208 -0.0087
vn 0.6832 -0.0475 -0.7287
vn 0.6111 -0.1874 -0.7691
vn 0.5978 -0.5326 -0.5991
vn -0.0001 1.0000 -0.0003
vn -0.1209 0.9841 0.1303
vn -0.4159 0.8973 0.1480
vn -0.6245 0.7793 0.0522
vn -0.8365 0.5409 0.0881
vn -0.8175 0.5755 -0.0214
vn -0.5252 -0.8438 -0.1101
vn -0.1523 -0.8646 -0.4789
vn -0.3791 -0.6050 -0.7002
vn -0.1584 -0.6987 0.6977
vn -0.2995 -0.0782 0.9509
vn -0.2129 -0.3796 -0.9003
vn 0.0000 -0.2148 -0.9766
vn -0.6774 -0.2665 0.6857
vn -0.6773 -0.2665 0.6857
vn -0.8634 -0.0782 0.4985
vn -0.4097 -0.7579 -0.5077
vn -0.3295 -0.7090 -0.6235
vn 0.0008 -1.0000 -0.0010
vn 0.0012 -1.0000 -0.0016
vn 0.0024 -1.0000 -0.0030
vn -1.0000 0.0030 -0.0043
vn -1.0000 0.0061 -0.0043
vn -1.0000 0.0051 -0.0036
vn -1.0000 0.0078 -0.0015
vn -0.9999 0.0079 -0.0114
vn -0.7012 -0.2342 -0.6734
vn -0.5584 -0.1356 -0.8184
vn -0.9999 0.0051 0.0092
vn -1.0000 0.0028 -0.0058
vn -1.0000 0.0026 0.0089
vn -0.9999 0.0021 -0.0137
vn -0.9998 0.0071 0.0193
vn -0.9999 0.0079 0.0099
vn -0.2179 0.8485 -0.4823
vn -0.2074 0.7517 -0.6261
vn -0.2012 0.5964 -0.7771
vn -0.2288 0.4322 -0.8723
vn -0.9907 -0.1228 0.0584
vn -0.9999 0.0101 -0.0133
vn -0.8600 -0.4280 0.2778
vn -0.2023 0.8617 0.4653
vn -0.3024 0.9149 0.2675
vn -0.0742 0.9636 0.2570
vn -0.8267 0.2273 0.5147
vn -0.7614 -0.0069 0.6482
vn -0.6354 -0.1520 0.7571
vn -0.7284 0.0452 0.6837
vn -0.8006 -0.0187 0.5989
vn -0.6761 -0.1844 0.7134
vn -0.5252 0.5661 0.6354
vn -0.8906 0.0407 0.4529
vn -0.9025 -0.1154 0.4149
vn -0.8660 -0.1938 0.4610
vn -0.4468 -0.4113 0.7945
vn -0.6761 -0.1843 0.7134
vn -0.8350 0.0597 0.5470
vn -0.4644 0.6770 0.5709
vn -0.9973 0.0711 0.0188
vn 0.2562 0.1467 0.9554
vn 0.3096 0.2194 0.9252
vn 0.2398 0.5842 0.7754
vn -0.3841 0.3081 0.8704
vn -0.3281 0.4334 0.8393
vn -0.6633 0.1680 0.7293
vn -0.9037 0.3160 0.2887
vn -0.9986 -0.0209 -0.0493
vn -0.7776 -0.2300 -0.5852
vn -0.3680 -0.4065 -0.8363
vn 0.5715 0.7236 0.3871
vn -0.3269 0.8766 0.3533
vn 0.7061 0.6780 0.2041
vn -0.6166 -0.7852 -0.0570
vn -0.9175 0.3976 0.0115
vn -0.6832 -0.0475 -0.7287
vn -0.6438 -0.2254 0.7312
vn -0.7542 -0.0485 0.6548
vn -0.7614 -0.0068 0.6482
vn -0.3321 0.9019 -0.2763
vn -0.3167 0.8087 -0.4957
vn -0.3053 0.7092 -0.6355
vn -0.3219 0.5368 -0.7799
vn -0.5649 -0.0678 0.8224
vn -0.5989 -0.1866 0.7788
vn -0.6377 -0.5324 0.5567
vn -0.6825 -0.6927 0.2331
vn -0.6278 -0.6386 0.4450
vn -0.4223 -0.4715 0.7742
vn -0.0000 -0.3690 0.9294
vn 0.5721 -0.6713 -0.4712
vn 0.5286 -0.5398 -0.6551
vn 0.5967 -0.5887 -0.5453
vn 0.7103 -0.6753 0.1986
vn 0.7670 -0.5911 0.2495
vn 0.6875 -0.6056 0.4008
vn -0.6486 0.6273 0.4310
vn -0.6771 0.7010 0.2238
vn -0.7289 0.6152 0.3005
vn -0.6456 0.6295 -0.4325
vn -0.6059 0.6733 -0.4237
vn -0.6080 0.5546 -0.5681
vn -0.8394 0.4352 0.3257
vn -0.7262 0.5372 0.4291
vn -0.6490 0.6270 0.4308
vn 0.6900 -0.6038 -0.3991
vn 0.7827 -0.4867 -0.3879
vn 0.7689 -0.5889 -0.2490
vn 0.8393 -0.4494 -0.3059
vn 0.6234 -0.4924 -0.6073
vn 0.7828 -0.4867 -0.3879
vn 0.5299 -0.4564 -0.7148
vn 0.6184 -0.7054 0.3465
vn 0.5264 -0.7934 0.3057
vn 0.5660 -0.6746 0.4738
vn 0.6206 -0.7056 -0.3420
vn 0.5286 -0.7934 -0.3018
vn 0.7105 -0.6751 -0.1985
vn 0.0474 0.9989 0.0036
vn 0.0741 0.9972 -0.0029
vn 0.0739 0.9973 -0.0012
vn 0.0983 0.9952 -0.0011
vn -0.7954 -0.6040 -0.0501
vn -0.8011 -0.5986 -0.0000
vn -0.8001 -0.5980 -0.0474
vn -0.8055 -0.5926 -0.0000
vn 0.0466 0.9989 -0.0064
vn 0.0737 0.9973 0.0004
vn 0.7479 -0.6638 0.0008
vn 0.7463 -0.6656 -0.0012
vn 0.7689 -0.5889 -0.2489
vn 0.0800 0.9918 -0.1000
vn 0.0621 0.9958 -0.0673
vn 0.0273 0.9973 -0.0679
vn 0.0097 0.9999 -0.0130
vn 0.0801 0.9917 0.1002
vn 0.0624 0.9958 0.0676
vn 0.0947 0.9943 0.0487
vn 0.0653 0.9975 0.0268
vn 0.0152 -0.0080 -0.9999
vn 0.0575 0.9983 0.0106
vn 0.0159 0.9999 0.0059
vn 0.0574 0.9983 0.0107
vn -0.9990 -0.0326 0.0296
vn -0.9990 -0.0292 0.0335
vn -0.9991 -0.0227 0.0349
vn -0.9991 -0.0229 0.0358
vn 0.0275 0.9973 0.0681
vn 0.0099 0.9999 0.0134
vn -0.9992 -0.0347 0.0219
vn -0.9987 -0.0461 0.0202
vn -0.9989 -0.0410 0.0242
vn -0.9982 -0.0559 0.0211
vn -0.5178 -0.2633 -0.8139
vn -0.5179 -0.2633 -0.8139
vn -0.5247 -0.2141 -0.8239
vn -0.5101 -0.2543 0.8216
vn -0.9984 -0.0473 -0.0294
vn -0.5101 -0.2543 0.8217
vn -0.9979 -0.0569 -0.0303
vn -0.9989 -0.0385 -0.0250
vn -0.9986 -0.0454 -0.0283
vn -0.9990 -0.0292 0.0334
vn -0.7234 0.6904 0.0012
vn -0.7224 0.6915 -0.0008
vn 0.0145 -0.0192 0.9997
vn 0.0247 -0.0201 0.9995
vn -0.7959 -0.6035 0.0491
vn -0.8003 -0.5977 0.0466
vn -0.7234 0.6904 0.0011
vn -0.6768 0.7013 -0.2237
vn -0.7266 0.6176 -0.3011
vn -0.5504 0.4602 -0.6966
vn -0.6284 0.5303 -0.5691
vn -0.6080 0.5545 -0.5682
vn -0.7236 0.5378 -0.4325
vn -0.8357 0.4388 -0.3303
vn -0.6032 0.7146 -0.3541
vn -0.6491 0.6270 0.4308
vn -0.6073 0.7137 0.3491
vn -0.6189 0.6651 0.4179
vn -0.6116 0.5493 0.5694
vn 0.5939 -0.5939 0.5427
vn 0.6232 -0.4926 0.6075
vn 0.7804 -0.4880 0.3909
vn 0.8362 -0.4526 0.3096
vn 0.5297 -0.4569 0.7146
vn 0.5269 -0.5436 0.6533
vn 0.5939 -0.5939 0.5428
vn 0.5660 -0.6746 0.4739
vn 0.0138 0.9999 -0.0050
vn 0.0638 0.9976 -0.0258
vn 0.0560 0.9984 -0.0099
vn 0.0942 0.9944 -0.0478
vn -0.9990 -0.0251 -0.0360
vn -0.9988 -0.0341 -0.0344
vn -0.9990 -0.0249 -0.0359
vn -0.9988 -0.0386 -0.0295
vn -0.6285 0.5301 0.5692
vn -0.6116 0.5492 0.5694
vn -0.5504 0.4600 0.6967
vn -0.5721 -0.6713 -0.4712
vn -0.5967 -0.5887 -0.5453
vn -0.5286 -0.5398 -0.6551
vn 0.7266 0.6176 -0.3011
vn 0.8357 0.4388 -0.3303
vn 0.7236 0.5378 -0.4325
vn 0.6116 0.5492 0.5694
vn 0.5504 0.4600 0.6967
vn 0.6285 0.5301 0.5692
vn -0.7463 -0.6656 -0.0012
vn -0.7103 -0.6753 0.1986
vn -0.7479 -0.6638 0.0008
vn -0.7670 -0.5912 0.2495
vn -0.7105 -0.6751 -0.1985
vn -0.7686 -0.5893 -0.2490
vn -0.5299 -0.4564 -0.7148
vn -0.6234 -0.4924 -0.6073
vn -0.8361 -0.4528 0.3096
vn -0.7670 -0.5911 0.2495
vn -0.7804 -0.4881 0.3908
vn -0.6874 -0.6057 0.4008
vn 0.6189 0.6651 0.4179
vn 0.6490 0.6270 0.4308
vn 0.6073 0.7137 0.3491
vn 0.6771 0.7010 0.2238
vn -0.5939 -0.5940 0.5427
vn -0.5270 -0.5437 0.6532
vn -0.6231 -0.4927 0.6074
vn -0.5297 -0.4571 0.7145
vn -0.5264 -0.7934 0.3057
vn -0.6184 -0.7054 0.3465
vn -0.5660 -0.6746 0.4738
vn -0.5286 -0.7934 -0.3018
vn -0.6206 -0.7056 -0.3420
vn -0.6900 -0.6038 -0.3991
vn -0.0474 0.9989 0.0036
vn -0.0739 0.9973 -0.0012
vn -0.0741 0.9972 -0.0029
vn -0.0983 0.9952 -0.0011
vn 0.8055 -0.5926 -0.0000
vn 0.8011 -0.5986 -0.0000
vn 0.8001 -0.5980 -0.0474
vn 0.7954 -0.6040 -0.0501
vn 0.7234 0.6904 0.0012
vn 0.7224 0.6915 -0.0008
vn 0.7289 0.6152 0.3005
vn 0.6768 0.7013 -0.2237
vn 0.6456 0.6294 -0.4325
vn 0.6032 0.7146 -0.3541
vn 0.6059 0.6733 -0.4237
vn -0.0296 0.9995 -0.0069
vn -0.0640 0.9979 -0.0109
vn -0.0694 0.9972 -0.0264
vn -0.0942 0.9944 -0.0478
vn -0.0145 -0.0192 0.9997
vn -0.0150 -0.0193 0.9997
vn -0.0621 0.9958 -0.0673
vn -0.0800 0.9918 -0.1000
vn 0.9990 -0.0251 -0.0360
vn 0.9990 -0.0249 -0.0359
vn 0.9988 -0.0340 -0.0344
vn 0.9988 -0.0386 -0.0295
vn -0.0273 0.9973 -0.0679
vn -0.0097 0.9999 -0.0130
vn -0.0159 0.9999 0.0059
vn -0.0575 0.9983 0.0106
vn -0.0254 -0.0088 -0.9996
vn -0.0152 -0.0080 -0.9999
vn -0.0099 0.9999 0.0133
vn -0.0275 0.9973 0.0681
vn -0.0624 0.9958 0.0676
vn -0.0800 0.9917 0.1002
vn 0.9982 -0.0559 0.0211
vn 0.9987 -0.0461 0.0202
vn 0.9989 -0.0410 0.0242
vn 0.9992 -0.0347 0.0219
vn 0.5178 -0.2633 -0.8139
vn 0.5179 -0.2633 -0.8139
vn 0.5247 -0.2141 -0.8239
vn 0.9979 -0.0569 -0.0303
vn 0.9984 -0.0473 -0.0294
vn 0.5158 -0.2126 0.8299
vn 0.5101 -0.2543 0.8216
vn 0.9989 -0.0385 -0.0250
vn 0.9986 -0.0454 -0.0283
vn 0.9988 -0.0341 -0.0344
vn 0.7959 -0.6035 0.0491
vn 0.8003 -0.5977 0.0466
vn -0.0737 0.9973 0.0004
vn -0.0466 0.9989 -0.0064
vn 0.7234 0.6904 0.0011
vn -0.7823 -0.4871 -0.3882
vn -0.8385 -0.4506 -0.3065
vn 0.7262 0.5372 0.4291
vn 0.6116 0.5492 0.5695
vn 0.6284 0.5303 -0.5691
vn 0.7236 0.5379 -0.4325
vn 0.5504 0.4602 -0.6966
vn 0.6080 0.5545 -0.5682
vn 0.8394 0.4352 0.3257
vn 0.6491 0.6270 0.4308
vn -0.5660 -0.6747 0.4738
vn -0.6874 -0.6056 0.4008
vn -0.6232 -0.4927 0.6074
vn -0.0652 0.9975 0.0268
vn -0.0574 0.9983 0.0107
vn -0.0947 0.9943 0.0487
vn -0.0800 0.9917 0.1001
vn 0.9991 -0.0229 0.0362
vn 0.9990 -0.0292 0.0336
vn 0.9991 -0.0228 0.0351
vn 0.9990 -0.0326 0.0296
vn 0.8246 0.0000 0.5658
vn 0.9250 -0.0000 0.3800
vn 0.8246 -0.0000 0.5657
vn -0.9303 -0.0000 -0.3668
vn -0.8956 0.0000 -0.4449
vn -0.9303 0.0000 -0.3667
vn -0.0003 1.0000 0.0008
vn -0.0003 1.0000 0.0006
vn -0.8291 0.0002 -0.5590
vn -0.9593 0.0258 0.2813
vn -0.9599 0.0043 -0.2803
vn -0.9455 0.0109 0.3255
vn 0.6109 -0.0000 0.7917
vn 0.6891 0.0000 0.7247
vn -0.0003 -1.0000 0.0003
vn -0.8955 -0.0000 -0.4450
vn -0.7491 0.0000 -0.6625
vn -0.6338 0.0000 -0.7735
vn -0.4856 -0.0000 -0.8742
vn -0.7490 0.0000 -0.6625
vn 0.4857 0.0000 0.8741
vn -0.9599 0.0043 -0.2804
vn -0.3605 -0.0000 -0.9328
vn -0.8291 0.0000 -0.5590
vn -0.1496 0.0000 -0.9887
vn 0.9827 -0.0000 0.1851
vn 0.9528 0.0336 0.3017
vn 0.9927 0.0258 0.1177
vn 0.8726 0.0781 0.4822
vn -0.0003 -1.0000 0.0005
vn -0.0003 -1.0000 0.0004
vn 0.0000 -1.0000 0.0003
vn 0.0008 -1.0000 0.0002
vn -0.0006 1.0000 0.0014
vn 0.0000 0.0000 -1.0000
vn 0.2663 0.1058 0.9580
vn 0.2816 0.1276 0.9510
vn 0.0304 0.1122 0.9932
vn -0.0005 1.0000 0.0011
vn -0.0004 -1.0000 0.0002
vn 0.7071 0.0000 0.7071
vn 0.8629 0.0001 0.5054
vn 0.9675 -0.0000 0.2527
vn 0.9676 -0.0000 -0.2527
vn 0.8629 0.0000 -0.5054
vn 0.5054 0.0000 -0.8629
vn 0.2527 0.0000 -0.9676
vn -0.2527 0.0000 -0.9675
vn -0.5054 0.0000 -0.8629
vn -0.8629 0.0000 -0.5054
vn -0.9676 -0.0000 -0.2527
vn 0.2664 0.1058 0.9580
vn -0.1884 0.0830 0.9786
vn -0.9455 0.0108 0.3256
vn -0.9161 -0.1926 0.3518
vn -0.8367 -0.3013 0.4572
vn -0.8523 -0.1085 0.5117
vn 0.6155 0.6858 0.3885
vn 0.5431 0.7996 0.2564
vn 0.4905 0.7708 0.4065
vn 0.4324 0.6548 0.6199
vn 0.3028 0.6320 0.7134
vn 0.4858 0.6468 0.5880
vn 0.2103 0.4782 0.8527
vn 0.1135 0.4909 0.8638
vn 0.1743 0.3265 0.9290
vn -0.7613 -0.5508 -0.3421
vn -0.6317 -0.6277 -0.4549
vn -0.7541 -0.6280 -0.1922
vn -0.7317 -0.3100 0.6070
vn -0.7407 -0.1181 0.6614
vn -0.8367 -0.3014 0.4573
vn 0.6048 0.6850 -0.4062
vn 0.5639 0.7861 -0.2531
vn 0.6817 0.6990 -0.2160
vn -0.7713 -0.6282 -0.1022
vn -0.8150 -0.5622 0.1406
vn -0.7616 -0.5515 -0.3404
vn 0.8390 -0.1350 -0.5272
vn 0.8607 0.0286 -0.5084
vn 0.9385 -0.1491 -0.3116
vn 0.9536 0.0750 -0.2918
vn 0.6901 -0.1367 -0.7107
vn 0.6710 0.0373 -0.7405
vn 0.8390 -0.1349 -0.5272
vn 0.8606 0.0286 -0.5084
vn 0.5756 0.0726 -0.8145
vn 0.5980 -0.0521 -0.7998
vn 0.9340 0.2537 -0.2514
vn 0.9947 0.0931 -0.0437
vn 0.9535 0.0749 -0.2918
vn 0.9385 -0.1491 -0.3115
vn 0.5820 0.1609 -0.7971
vn 0.6812 0.2412 -0.6912
vn 0.6154 0.6858 0.3884
vn 0.7513 0.4881 0.4442
vn 0.6691 0.7143 0.2050
vn 0.8406 0.4881 0.2347
vn 0.6942 0.7195 0.0212
vn 0.8727 0.4881 0.0091
vn 0.6942 0.7195 0.0213
vn 0.6817 0.6990 -0.2159
vn 0.8584 0.4686 -0.2086
vn 0.5294 0.7431 -0.4092
vn 0.5468 0.6307 -0.5506
vn 0.5805 0.8115 -0.0677
vn 0.0217 -0.9988 0.0430
vn 0.0431 -0.9932 0.1085
vn 0.0771 -0.9705 0.2285
vn 0.0463 -0.9484 0.3138
vn -0.1386 -0.9830 -0.1202
vn -0.0756 -0.9939 -0.0797
vn 0.0432 -0.9932 0.1085
vn -0.7198 -0.6919 0.0573
vn -0.7267 -0.6555 0.2053
vn -0.7964 -0.3468 -0.4956
vn -0.5900 -0.1935 -0.7839
vn -0.4979 -0.2998 -0.8138
vn -0.4427 -0.1090 -0.8900
vn 0.0006 -1.0000 -0.0001
vn 0.0012 -1.0000 0.0013
vn 0.0322 -0.9598 0.2787
vn -0.0023 -0.9907 0.1362
vn -1.0000 -0.0017 -0.0001
vn -1.0000 -0.0017 0.0000
vn -0.9999 -0.0045 -0.0144
vn -1.0000 -0.0034 -0.0084
vn -0.9988 -0.0474 0.0120
vn -0.9985 -0.0535 0.0135
vn -0.9978 -0.0602 0.0267
vn -0.9966 -0.0770 0.0306
vn -0.9959 -0.0790 0.0432
vn -0.9949 -0.0887 0.0490
vn 0.0024 -1.0000 0.0026
vn 0.0024 -1.0000 0.0061
vn 0.0005 -1.0000 -0.0001
vn 0.0025 -1.0000 0.0025
vn 0.0025 -1.0000 0.0061
vn -0.4184 -0.8529 -0.3122
vn -0.8187 -0.5214 -0.2407
vn -0.4398 -0.8741 -0.2065
vn -0.8171 -0.5761 0.0203
vn -0.8223 -0.0888 -0.5622
vn -0.6066 -0.0801 -0.7909
vn -0.1732 -0.0634 -0.9828
vn -0.1685 -0.0505 -0.9844
vn -0.9710 -0.0920 -0.2207
vn -0.9436 -0.0668 -0.3243
vn -0.8222 -0.0888 -0.5622
vn -0.6066 -0.0802 -0.7909
vn -0.9053 -0.4245 -0.0150
vn -0.7844 -0.5434 0.2990
vn -0.8073 -0.4691 0.3581
vn -0.2185 -0.4198 -0.8810
vn -0.2271 -0.4980 -0.8369
vn -0.4123 -0.5049 -0.7583
vn -0.1942 -0.5720 -0.7969
vn -0.6902 -0.1194 0.7137
vn -0.7386 -0.0297 0.6735
vn -0.8525 -0.1759 -0.4922
vn -0.7963 -0.3468 -0.4956
vn -0.9099 -0.3399 -0.2379
vn -0.6960 -0.1766 -0.6960
vn -0.7964 -0.3467 -0.4956
vn -0.4184 -0.8529 -0.3121
vn -0.4398 -0.8741 -0.2064
vn -0.1385 -0.9830 -0.1202
vn -0.7150 -0.1249 0.6878
vn -0.8381 -0.2991 0.4562
vn 0.4488 0.4868 0.7494
vn 0.6353 0.2624 0.7263
vn 0.6189 0.5141 0.5938
vn 0.8381 0.2450 0.4875
vn 0.9357 0.2450 0.2540
vn 0.9695 0.2449 0.0031
vn 0.8585 0.4686 -0.2086
vn 0.9340 0.2537 -0.2513
vn -0.8367 -0.3014 0.4572
vn -0.7498 -0.3880 0.5359
vn -0.2184 -0.4198 -0.8809
vn -0.4123 -0.5049 -0.7584
vn -0.7616 -0.5515 -0.3403
vn -0.5657 -0.4165 -0.7117
vn -0.4176 -0.5830 -0.6969
vn 0.8606 0.0285 -0.5084
vn 0.8394 0.2535 -0.4808
vn 0.9536 0.0749 -0.2917
vn 0.9341 0.2537 -0.2513
vn 0.7618 0.5035 -0.4075
vn 0.8394 0.2535 -0.4809
vn 0.6361 0.4713 -0.6109
vn 0.7618 0.5036 -0.4075
vn 0.3824 0.1109 0.9173
vn 0.5301 0.1516 0.8343
vn 0.4078 0.2706 0.8720
vn 0.6353 0.2624 0.7264
vn 0.7323 0.1109 0.6719
vn 0.8813 0.1106 0.4594
vn 0.9357 0.2449 0.2540
vn 0.9702 0.1106 0.2156
vn 0.9947 0.0931 -0.0436
vn 0.5640 0.3691 -0.7387
vn 0.5309 0.5009 -0.6835
vn 0.6353 0.2623 0.7263
vn -0.9449 -0.2675 0.1887
vn 0.5469 0.6307 -0.5506
vn 0.1293 0.6225 0.7719
vn 0.3029 0.6320 0.7134
vn 0.5430 0.7996 0.2564
vn 0.5756 0.8119 0.0979
vn -0.9955 -0.0702 0.0640
vn -0.9959 -0.0791 0.0432
vn -0.9961 -0.0576 0.0664
vn -0.9964 -0.0478 0.0699
vn -0.9970 -0.0430 0.0643
vn -0.9972 -0.0427 0.0611
vn -0.9981 -0.0354 0.0510
vn -0.9988 -0.0206 0.0437
vn -0.9995 -0.0052 0.0319
vn -0.9995 0.0002 0.0313
vn -0.9997 0.0023 0.0248
vn -0.2374 0.7532 -0.6135
vn -0.3081 0.7434 -0.5937
vn -0.2379 0.7580 -0.6073
vn -0.4098 0.6996 -0.5854
vn -0.6507 0.5569 -0.5162
vn -0.7328 0.4415 -0.5178
vn -0.9139 0.2379 -0.3288
vn -0.9595 0.1310 -0.2494
vn -0.9915 0.0536 -0.1182
vn -0.9962 0.0074 -0.0872
vn -0.9990 -0.0286 -0.0349
vn -0.9984 -0.0509 -0.0264
vn -0.9985 -0.0535 0.0136
vn -0.9999 -0.0073 -0.0150
vn -0.9999 -0.0045 -0.0143
vn -0.9998 -0.0102 -0.0173
vn -0.9998 -0.0123 -0.0160
vn -0.9998 -0.0122 -0.0158
vn 0.8580 0.1458 -0.4926
vn 0.5825 0.0882 -0.8080
vn 0.7945 0.1556 -0.5870
vn 0.3109 0.0286 -0.9500
vn -0.0304 0.1122 0.9932
vn -0.2664 0.1058 0.9580
vn -0.2816 0.1276 0.9510
vn 0.9593 0.0258 0.2813
vn 0.9455 0.0108 0.3256
vn 0.1884 0.0830 0.9786
vn 0.0003 1.0000 0.0006
vn 0.0004 1.0000 0.0008
vn 0.0006 1.0000 0.0014
vn 0.0005 1.0000 0.0011
vn -0.8246 0.0000 0.5658
vn -0.8246 -0.0000 0.5657
vn -0.9250 -0.0000 0.3800
vn 0.8956 0.0000 -0.4450
vn 0.9303 0.0000 -0.3668
vn 0.0003 1.0000 0.0008
vn -0.6109 -0.0001 0.7917
vn -0.6891 0.0000 0.7247
vn -0.2664 0.1059 0.9580
vn -0.8726 0.0781 0.4822
vn -0.9528 0.0336 0.3017
vn 0.0003 -1.0000 0.0003
vn 0.8955 -0.0000 -0.4450
vn 0.7491 0.0000 -0.6625
vn 0.6338 0.0000 -0.7735
vn 0.4856 -0.0000 -0.8742
vn 0.7490 0.0000 -0.6625
vn -0.4857 0.0000 0.8741
vn -0.6109 -0.0000 0.7917
vn 0.9599 0.0043 -0.2804
vn 0.8291 0.0000 -0.5590
vn 0.3605 -0.0000 -0.9328
vn 0.1496 0.0000 -0.9887
vn -0.9927 0.0258 0.1177
vn -0.9827 -0.0000 0.1851
vn 0.0003 -1.0000 0.0004
vn -0.0002 -1.0000 0.0003
vn 0.9599 0.0043 -0.2803
vn 0.9455 0.0109 0.3255
vn 0.0004 -1.0000 0.0002
vn 0.0003 -1.0000 0.0005
vn -0.0008 -1.0000 0.0002
vn 0.5055 -0.0000 -0.8629
vn 0.2527 0.0000 -0.9675
vn -0.5055 0.0000 -0.8629
vn 0.9675 -0.0000 -0.2527
vn 0.8629 0.0000 -0.5055
vn -0.9675 -0.0000 0.2527
vn -0.8629 0.0000 0.5054
vn -0.7071 -0.0000 0.7071
vn -0.8629 -0.0000 -0.5055
vn -0.9675 0.0000 -0.2527
vn -0.8629 0.0000 0.5055
vn -0.2527 -0.0000 -0.9676
vn 0.0002 -1.0000 0.0002
vn 0.9161 -0.1926 0.3518
vn 0.8523 -0.1085 0.5117
vn 0.8367 -0.3013 0.4572
vn 0.8073 -0.4691 0.3581
vn 0.8150 -0.5622 0.1406
vn 0.8367 -0.3014 0.4572
vn 0.7616 -0.5515 -0.3403
vn 0.7541 -0.6280 -0.1922
vn 0.6317 -0.6277 -0.4549
vn 0.7317 -0.3100 0.6070
vn 0.8367 -0.3014 0.4573
vn 0.7407 -0.1181 0.6614
vn -0.6155 0.6858 0.3885
vn -0.4905 0.7708 0.4065
vn -0.5431 0.7996 0.2564
vn 0.2185 -0.4198 -0.8810
vn 0.4123 -0.5049 -0.7583
vn 0.2271 -0.4980 -0.8369
vn 0.1942 -0.5720 -0.7969
vn 0.7713 -0.6282 -0.1022
vn 0.7198 -0.6919 0.0573
vn 0.7267 -0.6555 0.2053
vn 0.7616 -0.5515 -0.3404
vn 0.4176 -0.5830 -0.6969
vn 0.5657 -0.4165 -0.7117
vn 0.4123 -0.5049 -0.7584
vn 0.4176 -0.5831 -0.6969
vn -0.5756 0.0726 -0.8145
vn -0.5980 -0.0521 -0.7998
vn -0.6710 0.0373 -0.7405
vn -0.6901 -0.1367 -0.7107
vn -0.5820 0.1609 -0.7971
vn -0.6812 0.2412 -0.6912
vn -0.5468 0.6307 -0.5506
vn -0.5309 0.5009 -0.6835
vn -0.6362 0.4713 -0.6109
vn -0.5640 0.3691 -0.7387
vn -0.7513 0.4881 0.4442
vn -0.6353 0.2624 0.7263
vn -0.6189 0.5141 0.5938
vn -0.4488 0.4868 0.7494
vn -0.8584 0.4686 -0.2086
vn -0.6817 0.6990 -0.2159
vn -0.7618 0.5036 -0.4075
vn -0.6048 0.6850 -0.4062
vn -0.5469 0.6307 -0.5506
vn -0.6361 0.4713 -0.6109
vn -0.7618 0.5036 -0.4076
vn -0.6942 0.7195 0.0212
vn -0.5805 0.8115 -0.0677
vn -0.6817 0.6990 -0.2160
vn -0.5639 0.7861 -0.2531
vn -0.5755 0.8119 0.0978
vn -0.6691 0.7144 0.2050
vn -0.5430 0.7996 0.2564
vn -0.5755 0.8119 0.0979
vn -0.6691 0.7143 0.2050
vn -0.4324 0.6548 0.6199
vn -0.4858 0.6468 0.5880
vn -0.6155 0.6858 0.3884
vn 0.9053 -0.4245 -0.0150
vn 0.7964 -0.3467 -0.4956
vn 0.4122 -0.5049 -0.7584
vn 0.7844 -0.5434 0.2990
vn 1.0000 -0.0017 -0.0001
vn 0.9999 -0.0045 -0.0144
vn 1.0000 -0.0017 0.0000
vn 1.0000 -0.0034 -0.0084
vn 0.9955 -0.0702 0.0640
vn 0.9961 -0.0576 0.0664
vn 0.9964 -0.0478 0.0699
vn 0.9970 -0.0430 0.0643
vn 0.2374 0.7532 -0.6135
vn 0.2379 0.7580 -0.6073
vn 0.3081 0.7434 -0.5937
vn 0.4098 0.6996 -0.5854
vn 0.9999 -0.0073 -0.0150
vn 0.9998 -0.0102 -0.0173
vn 0.9998 -0.0123 -0.0160
vn 0.9998 -0.0122 -0.0158
vn 0.9949 -0.0887 0.0490
vn 0.9959 -0.0791 0.0432
vn -0.0024 -1.0000 0.0061
vn -0.0024 -1.0000 0.0026
vn 0.8171 -0.5761 0.0203
vn 0.8187 -0.5214 -0.2407
vn 0.4398 -0.8741 -0.2065
vn 0.4184 -0.8529 -0.3122
vn 0.9972 -0.0427 0.0611
vn 0.9981 -0.0354 0.0510
vn 0.9988 -0.0206 0.0437
vn 0.9995 -0.0052 0.0319
vn 0.6507 0.5569 -0.5162
vn 0.7328 0.4415 -0.5178
vn 0.9139 0.2379 -0.3288
vn 0.9595 0.1310 -0.2494
vn 0.4097 0.6996 -0.5854
vn 0.9990 -0.0286 -0.0349
vn 0.9984 -0.0508 -0.0264
vn 0.9985 -0.0535 0.0136
vn 0.9988 -0.0474 0.0120
vn 0.9915 0.0536 -0.1182
vn 0.9962 0.0074 -0.0872
vn 0.9999 -0.0045 -0.0143
vn 0.1685 -0.0505 -0.9844
vn 0.1732 -0.0634 -0.9828
vn -0.3109 0.0286 -0.9500
vn -0.5825 0.0882 -0.8080
vn -0.3109 0.0287 -0.9500
vn -0.7945 0.1556 -0.5870
vn -0.8580 0.1458 -0.4926
vn 0.6902 -0.1194 0.7137
vn 0.7386 -0.0297 0.6735
vn 0.4979 -0.2998 -0.8138
vn 0.2184 -0.4198 -0.8809
vn 0.7498 -0.3880 0.5359
vn 0.9995 -0.0052 0.0318
vn 0.9995 0.0002 0.0313
vn 0.9997 0.0023 0.0248
vn 0.8367 -0.3013 0.4573
vn 0.7150 -0.1249 0.6878
vn -0.6812 0.2412 -0.6913
vn -0.8394 0.2535 -0.4808
vn -0.7618 0.5035 -0.4075
vn -0.9340 0.2537 -0.2514
vn 0.4427 -0.1090 -0.8900
vn 0.5900 -0.1935 -0.7839
vn 0.7964 -0.3468 -0.4956
vn 0.6960 -0.1766 -0.6960
vn 0.8525 -0.1759 -0.4922
vn 0.9099 -0.3398 -0.2379
vn 0.7963 -0.3468 -0.4956
vn 0.9449 -0.2675 0.1887
vn -0.8390 -0.1350 -0.5272
vn -0.8606 0.0286 -0.5084
vn -0.9385 -0.1491 -0.3115
vn -0.9536 0.0749 -0.2918
vn -0.9947 0.0931 -0.0437
vn -0.8607 0.0285 -0.5084
vn -0.9536 0.0749 -0.2917
vn -0.9340 0.2538 -0.2513
vn -0.5301 0.1516 0.8343
vn -0.6353 0.2624 0.7264
vn -0.7323 0.1106 0.6719
vn -0.8381 0.2450 0.4875
vn -0.8406 0.4881 0.2347
vn -0.8813 0.1106 0.4594
vn -0.9357 0.2449 0.2540
vn -0.8727 0.4881 0.0091
vn -0.9702 0.1106 0.2157
vn -0.9695 0.2449 0.0031
vn -0.9702 0.1106 0.2156
vn -0.9947 0.0931 -0.0436
vn -0.1743 0.3265 0.9290
vn -0.2103 0.4782 0.8527
vn -0.4078 0.2706 0.8720
vn -0.3029 0.6320 0.7133
vn -0.1293 0.6225 0.7719
vn -0.1135 0.4909 0.8638
vn -0.6189 0.5141 0.5939
vn -0.5294 0.7431 -0.4092
vn -0.3824 0.1109 0.9173
vn -0.6353 0.2623 0.7264
vn -0.0025 -1.0000 0.0061
vn -0.0012 -1.0000 0.0013
vn -0.0025 -1.0000 0.0025
vn -0.0005 -1.0000 -0.0001
vn 0.0003 -1.0000 -0.0000
vn 0.0023 -0.9907 0.1362
vn -0.0322 -0.9598 0.2787
vn -0.0463 -0.9484 0.3138
vn -0.0771 -0.9705 0.2285
vn -0.0432 -0.9932 0.1085
vn -0.0217 -0.9988 0.0430
vn 0.0756 -0.9939 -0.0797
vn 0.1386 -0.9830 -0.1202
vn 0.4398 -0.8741 -0.2064
vn 0.4184 -0.8529 -0.3121
vn 0.9966 -0.0770 0.0306
vn 0.9959 -0.0790 0.0432
vn 0.9978 -0.0602 0.0267
vn 0.9985 -0.0535 0.0135
vn 0.9710 -0.0920 -0.2207
vn 0.8222 -0.0888 -0.5622
vn 0.9436 -0.0668 -0.3243
vn 0.6066 -0.0801 -0.7909
usemtl mat0
s 1
f 1/1/1 2/2/2 3/3/3
f 4/4/4 5/5/4 6/6/4
f 7/7/5 8/8/6 9/9/7
f 10/10/8 11/11/9 12/12/10
f 13/13/11 14/14/12 15/15/13
f 16/16/14 17/17/15 18/18/16
f 19/19/10 20/20/17 21/21/18
f 22/22/19 23/23/20 24/24/21
f 25/25/22 26/26/22 27/27/22
f 28/28/23 29/29/24 30/30/25
f 31/31/26 32/32/27 33/33/28
f 34/34/29 35/35/30 36/36/31
f 37/37/32 38/38/33 39/39/34
f 40/40/35 41/41/36 42/42/37
f 43/43/38 44/44/39 45/45/40
f 46/46/41 47/47/42 48/48/43
f 49/49/44 50/50/45 51/51/46
f 52/52/47 53/53/48 54/54/49
f 55/55/50 56/56/50 57/57/50
f 58/58/51 59/59/52 60/60/53
f 61/61/54 62/62/55 63/63/41
f 64/64/56 65/65/57 66/66/58
f 67/67/59 68/68/59 69/69/59
f 70/70/60 71/71/61 72/72/62
f 73/73/63 74/74/64 75/75/65
f 76/76/66 77/77/67 78/78/68
f 79/79/59 80/80/59 81/81/59
f 82/82/69 83/83/70 84/84/71
f 85/85/72 86/86/72 87/87/4
f 88/88/73 89/89/74 90/90/75
f 91/91/4 92/92/4 93/93/4
f 94/94/76 95/95/77 96/96/78
f 96/96/78 95/95/77 97/97/79
f 98/98/78 99/99/80 100/100/81
f 100/100/81 99/99/80 101/101/82
f 102/102/83 103/103/84 104/104/85
f 104/104/85 103/103/84 105/105/86
f 106/106/87 107/107/88 108/108/88
f 108/108/88 107/107/88 109/109/89
f 110/110/66 111/111/68 112/112/90
f 112/112/90 111/111/68 113/113/91
f 114/114/64 115/115/63 116/116/92
f 116/116/92 115/115/63 117/117/93
f 118/118/63 119/119/65 120/120/94
f 120/120/94 119/119/65 121/121/95
f 122/122/84 123/123/47 124/124/93
f 124/124/93 123/123/47 125/125/92
f 126/126/96 127/127/97 128/128/98
f 128/128/98 127/127/97 129/129/99
f 130/130/100 131/131/101 132/132/102
f 132/132/102 131/131/101 133/133/103
f 134/134/104 135/135/98 136/136/105
f 136/136/105 135/135/98 137/137/106
f 138/138/107 139/139/108 140/140/109
f 140/140/109 139/139/108 141/141/110
f 142/142/111 143/143/112 144/144/113
f 144/144/113 143/143/112 145/145/114
f 146/146/115 147/147/116 148/148/117
f 148/148/117 147/147/116 149/149/118
f 150/150/108 151/151/107 152/152/7
f 152/152/7 151/151/107 153/153/5
f 154/154/119 155/155/120 156/156/121
f 156/156/121 155/155/120 157/157/122
f 158/158/119 159/159/123 160/160/120
f 160/160/120 159/159/123 161/161/124
f 162/162/125 163/163/126 164/164/127
f 164/164/127 163/163/126 165/165/128
f 166/166/129 167/167/130 168/168/131
f 168/168/131 167/167/130 169/169/128
f 170/170/132 171/171/133 172/172/131
f 172/172/131 171/171/133 173/173/129
f 174/174/134 175/175/135 176/176/136
f 176/176/136 175/175/135 177/177/137
f 178/178/138 179/179/135 180/180/139
f 180/180/139 179/179/135 181/181/140
f 182/182/141 183/183/142 184/184/143
f 184/184/143 183/183/142 185/185/144
f 186/186/42 187/187/41 188/188/145
f 188/188/145 187/187/41 189/189/146
f 190/190/147 191/191/41 192/192/148
f 192/192/148 191/191/41 193/193/149
f 194/194/150 195/195/151 196/196/60
f 196/196/60 195/195/151 197/197/152
f 198/198/153 199/199/154 200/200/155
f 200/200/155 199/199/154 201/201/156
f 202/202/157 203/203/60 204/204/158
f 204/204/158 203/203/60 205/205/62
f 206/206/158 207/207/159 208/208/157
f 208/208/157 207/207/159 209/209/160
f 210/210/161 211/211/152 212/212/162
f 212/212/162 211/211/152 213/213/151
f 214/214/163 215/215/164 216/216/165
f 216/216/165 215/215/164 217/217/166
f 218/218/167 219/219/168 220/220/169
f 220/220/169 219/219/168 221/221/170
f 222/222/171 223/223/172 224/224/173
f 224/224/173 223/223/172 225/225/174
f 226/226/172 227/227/171 228/228/175
f 228/228/175 227/227/171 229/229/176
f 230/230/177 231/231/178 232/232/179
f 232/232/179 231/231/178 233/233/180
f 234/234/181 235/235/132 236/236/182
f 236/236/182 235/235/132 237/237/183
f 238/238/44 239/239/46 240/240/184
f 240/240/184 239/239/46 241/241/185
f 242/242/186 243/243/187 244/244/188
f 244/244/188 243/243/187 245/245/189
f 246/246/190 247/247/184 248/248/153
f 248/248/153 247/247/184 249/249/154
f 250/250/191 251/251/178 252/252/192
f 252/252/192 251/251/178 253/253/193
f 254/254/179 255/255/194 256/256/195
f 256/256/195 255/255/194 257/257/52
f 258/258/196 259/259/197 260/260/179
f 260/260/179 259/259/197 261/261/198
f 262/262/199 263/263/200 264/264/201
f 264/264/201 263/263/200 265/265/202
f 266/266/203 267/267/204 268/268/205
f 268/268/205 267/267/204 269/269/206
f 270/270/207 271/271/204 272/272/208
f 272/272/208 271/271/204 273/273/203
f 274/274/209 275/275/210 276/276/211
f 276/276/211 275/275/210 277/277/212
f 278/278/206 279/279/213 280/280/214
f 280/280/214 279/279/213 281/281/209
f 282/282/207 283/283/213 284/284/215
f 284/284/215 283/283/213 285/285/216
f 286/286/217 287/287/218 288/288/219
f 288/288/219 287/287/218 289/289/207
f 290/290/220 291/291/221 292/292/210
f 292/292/210 291/291/221 293/293/212
f 294/294/198 295/295/222 296/296/179
f 296/296/179 295/295/222 297/297/223
f 298/298/120 299/299/124 300/300/224
f 300/300/224 299/299/124 301/301/225
f 302/302/226 303/303/122 304/304/227
f 304/304/227 303/303/122 305/305/120
f 306/306/228 307/307/229 308/308/172
f 308/308/172 307/307/229 309/309/230
f 310/310/231 311/311/232 312/312/230
f 312/312/230 311/311/232 313/313/172
f 314/314/233 315/315/234 316/316/134
f 316/316/134 315/315/234 317/317/135
f 318/318/140 319/319/135 320/320/235
f 320/320/235 319/319/135 321/321/234
f 322/322/233 323/323/225 324/324/234
f 324/324/234 323/323/225 325/325/124
f 326/326/234 327/327/124 328/328/235
f 328/328/235 327/327/124 329/329/123
f 330/330/236 331/331/237 332/332/238
f 332/332/238 331/331/237 333/333/239
f 334/334/240 335/335/241 336/336/242
f 336/336/242 335/335/241 337/337/243
f 338/338/244 339/339/127 340/340/130
f 340/340/130 339/339/127 341/341/128
f 342/342/245 343/343/200 344/344/113
f 344/344/113 343/343/200 345/345/111
f 346/346/95 347/347/246 348/348/94
f 348/348/94 347/347/246 349/349/247
f 350/350/248 351/351/118 352/352/249
f 352/352/249 351/351/118 353/353/250
f 354/354/59 355/355/59 356/356/59
f 356/356/59 355/355/59 357/357/59
f 358/358/199 359/359/251 360/360/200
f 360/360/200 359/359/251 361/361/111
f 362/362/252 363/363/253 364/364/254
f 364/364/254 363/363/253 365/365/255
f 366/366/256 367/367/257 368/368/183
f 368/368/183 367/367/257 369/369/258
f 370/370/259 371/371/260 372/372/256
f 372/372/256 371/371/260 373/373/257
f 374/374/254 375/375/261 376/376/252
f 376/376/252 375/375/261 377/377/262
f 378/378/4 379/379/4 380/380/4
f 380/380/4 379/379/4 381/381/4
f 382/382/4 383/383/4 384/384/4
f 384/384/4 383/383/4 385/385/4
f 386/386/263 387/387/264 388/388/265
f 388/388/265 387/387/264 389/389/266
f 390/390/267 391/391/268 392/392/269
f 392/392/269 391/391/268 393/393/270
f 394/394/271 395/395/269 396/396/272
f 396/396/272 395/395/269 397/397/273
f 398/398/271 399/399/272 400/400/274
f 400/400/274 399/399/272 401/401/275
f 402/402/276 403/403/24 404/404/277
f 404/404/277 403/403/24 405/405/23
f 406/406/278 407/407/279 408/408/280
f 408/408/280 407/407/279 409/409/96
f 410/410/281 411/411/23 412/412/282
f 412/412/282 411/411/23 413/413/283
f 414/414/37 415/415/284 416/416/285
f 416/416/285 415/415/284 417/417/279
f 418/418/286 419/419/287 420/420/288
f 420/420/288 419/419/287 421/421/289
f 422/422/290 423/423/285 424/424/291
f 424/424/291 423/423/285 425/425/292
f 426/426/286 427/427/293 428/428/294
f 428/428/294 427/427/293 429/429/295
f 430/430/59 431/431/59 432/432/59
f 432/432/59 431/431/59 433/433/59
f 434/434/296 435/435/297 436/436/297
f 436/436/297 435/435/297 437/437/298
f 438/438/299 439/439/300 440/440/301
f 440/440/301 439/439/300 441/441/302
f 442/442/38 443/443/303 444/444/304
f 444/444/304 443/443/303 445/445/305
f 446/446/306 447/447/307 448/448/308
f 448/448/308 447/447/307 449/449/294
f 450/450/309 451/451/310 452/452/311
f 452/452/311 451/451/310 453/453/312
f 454/454/313 455/455/314 456/456/309
f 456/456/309 455/455/314 457/457/310
f 458/458/315 459/459/316 460/460/299
f 460/460/299 459/459/316 461/461/300
f 462/462/317 463/463/300 464/464/318
f 464/464/318 463/463/300 465/465/316
f 466/466/319 467/467/284 468/468/320
f 468/468/320 467/467/284 469/469/321
f 470/470/322 471/471/323 472/472/276
f 472/472/276 471/471/323 473/473/24
f 474/474/324 475/475/325 476/476/302
f 476/476/302 475/475/325 477/477/326
f 478/478/327 479/479/328 480/480/304
f 480/480/304 479/479/328 481/481/300
f 482/482/276 483/483/59 484/484/329
f 484/484/329 483/483/59 485/485/330
f 486/486/331 487/487/332 488/488/332
f 488/488/332 487/487/332 489/489/333
f 490/490/334 491/491/335 492/492/335
f 492/492/335 491/491/335 493/493/89
f 494/494/336 495/495/337 496/496/338
f 496/496/338 495/495/337 497/497/339
f 498/498/337 499/499/340 500/500/341
f 500/500/341 499/499/340 501/501/342
f 502/502/26 503/503/28 504/504/343
f 504/504/343 503/503/28 505/505/344
f 506/506/318 507/507/39 508/508/317
f 508/508/317 507/507/39 509/509/38
f 510/510/303 511/511/38 512/512/345
f 512/512/345 511/511/38 513/513/346
f 514/514/347 515/515/348 516/516/349
f 516/516/349 515/515/348 517/517/345
f 518/518/350 519/519/351 520/520/352
f 520/520/352 519/519/351 521/521/353
f 522/522/96 523/523/279 524/524/354
f 524/524/354 523/523/279 525/525/284
f 526/526/330 527/527/320 528/528/329
f 528/528/329 527/527/320 529/529/351
f 530/530/104 531/531/292 532/532/279
f 532/532/279 531/531/292 533/533/35
f 534/534/355 535/535/356 536/536/357
f 536/536/357 535/535/356 537/537/358
f 538/538/359 539/539/360 540/540/361
f 540/540/361 539/539/360 541/541/362
f 542/542/363 543/543/1 544/544/364
f 544/544/364 543/543/1 545/545/365
f 546/546/119 547/547/366 548/548/123
f 548/548/123 547/547/366 549/549/367
f 550/550/368 551/551/369 552/552/370
f 552/552/370 551/551/369 553/553/371
f 554/554/372 555/555/373 556/556/374
f 556/556/374 555/555/373 557/557/375
f 558/558/376 559/559/377 560/560/378
f 560/560/378 559/559/377 561/561/371
f 562/562/379 563/563/380 564/564/372
f 564/564/372 563/563/380 565/565/373
f 566/566/381 567/567/382 568/568/379
f 568/568/379 567/567/382 569/569/380
f 570/570/383 571/571/139 572/572/384
f 572/572/384 571/571/139 573/573/140
f 574/574/142 575/575/385 576/576/386
f 576/576/386 575/575/385 577/577/387
f 578/578/388 579/579/389 580/580/390
f 580/580/390 579/579/389 581/581/391
f 582/582/392 583/583/393 584/584/142
f 584/584/142 583/583/393 585/585/144
f 586/586/394 587/587/395 588/588/396
f 588/588/396 587/587/395 589/589/397
f 590/590/153 591/591/398 592/592/190
f 592/592/190 591/591/398 593/593/399
f 594/594/400 595/595/401 596/596/402
f 596/596/402 595/595/401 597/597/184
f 598/598/403 599/599/404 600/600/395
f 600/600/395 599/599/404 601/601/405
f 602/602/16 603/603/15 604/604/406
f 604/604/406 603/603/15 605/605/407
f 606/606/404 607/607/403 608/608/408
f 608/608/408 607/607/403 609/609/14
f 610/610/395 611/611/409 612/612/403
f 612/612/403 611/611/409 613/613/14
f 614/614/394 615/615/407 616/616/410
f 616/616/410 615/615/407 617/617/15
f 618/618/411 619/619/405 620/620/412
f 620/620/412 619/619/405 621/621/413
f 622/622/396 623/623/397 624/624/414
f 624/624/414 623/623/397 625/625/415
f 626/626/382 627/627/381 628/628/416
f 628/628/416 627/627/381 629/629/417
f 630/630/31 631/631/30 632/632/400
f 632/632/400 631/631/30 633/633/418
f 634/634/171 635/635/173 636/636/419
f 636/636/419 635/635/173 637/637/420
f 638/638/361 639/639/421 640/640/359
f 640/640/359 639/639/421 641/641/422
f 642/642/423 643/643/422 644/644/424
f 644/644/424 643/643/422 645/645/425
f 646/646/426 647/647/427 648/648/428
f 648/648/428 647/647/427 649/649/429
f 650/650/430 651/651/427 652/652/431
f 652/652/431 651/651/427 653/653/432
f 654/654/433 655/655/434 656/656/31
f 656/656/31 655/655/434 657/657/29
f 658/658/435 659/659/436 660/660/437
f 660/660/437 659/659/436 661/661/389
f 662/662/11 663/663/13 664/664/438
f 664/664/438 663/663/13 665/665/439
f 666/666/440 667/667/441 668/668/442
f 668/668/442 667/667/441 669/669/443
f 670/670/444 671/671/445 672/672/446
f 672/672/446 671/671/445 673/673/447
f 674/674/448 675/675/449 676/676/450
f 676/676/450 675/675/449 677/677/451
f 678/678/452 679/679/453 680/680/454
f 680/680/454 679/679/453 681/681/423
f 682/682/455 683/683/456 684/684/457
f 684/684/457 683/683/456 685/685/458
f 686/686/452 687/687/459 688/688/457
f 688/688/457 687/687/459 689/689/460
f 690/690/461 691/691/462 692/692/463
f 692/692/463 691/691/462 693/693/452
f 694/694/464 695/695/8 696/696/465
f 696/696/465 695/695/8 697/697/466
f 698/698/467 699/699/468 700/700/469
f 700/700/469 699/699/468 701/701/470
f 702/702/471 703/703/367 704/704/472
f 704/704/472 703/703/367 705/705/366
f 706/706/473 707/707/474 708/708/419
f 708/708/419 707/707/474 709/709/475
f 710/710/419 711/711/476 712/712/473
f 712/712/473 711/711/476 713/713/477
f 714/714/478 715/715/384 716/716/235
f 716/716/235 715/715/384 717/717/140
f 718/718/367 719/719/471 720/720/478
f 720/720/478 719/719/471 721/721/479
f 722/722/478 723/723/235 724/724/367
f 724/724/367 723/723/235 725/725/123
f 726/726/480 727/727/481 728/728/482
f 728/728/482 727/727/481 729/729/483
f 730/730/484 731/731/378 732/732/369
f 732/732/369 731/731/378 733/733/371
f 734/734/485 735/735/486 736/736/487
f 736/736/487 735/735/486 737/737/488
f 738/738/450 739/739/489 740/740/485
f 740/740/485 739/739/489 741/741/490
f 742/742/485 743/743/356 744/744/450
f 744/744/450 743/743/356 745/745/355
f 746/746/491 747/747/492 748/748/493
f 748/748/493 747/747/492 749/749/494
f 750/750/455 751/751/495 752/752/456
f 752/752/456 751/751/495 753/753/496
f 754/754/59 755/755/59 756/756/59
f 756/756/59 755/755/59 757/757/59
f 758/758/451 759/759/497 760/760/450
f 760/760/450 759/759/497 761/761/489
f 762/762/448 763/763/450 764/764/498
f 764/764/498 763/763/450 765/765/355
f 766/766/254 767/767/255 768/768/499
f 768/768/499 767/767/255 769/769/500
f 770/770/501 771/771/502 772/772/503
f 772/772/503 771/771/502 773/773/500
f 774/774/503 775/775/500 776/776/504
f 776/776/504 775/775/500 777/777/255
f 778/778/59 779/779/59 780/780/59
f 780/780/59 779/779/59 781/781/59
f 782/782/505 783/783/506 784/784/507
f 784/784/507 783/783/506 785/785/508
f 786/786/509 787/787/101 788/788/59
f 788/788/59 787/787/101 789/789/100
f 790/790/510 791/791/97 792/792/59
f 792/792/59 791/791/97 793/793/96
f 794/794/231 795/795/511 796/796/232
f 796/796/232 795/795/511 797/797/173
f 798/798/512 799/799/507 800/800/513
f 800/800/513 799/799/507 801/801/514
f 802/802/515 803/803/508 804/804/91
f 804/804/91 803/803/508 805/805/90
f 806/806/516 807/807/517 808/808/518
f 808/808/518 807/807/517 809/809/519
f 810/810/173 811/811/511 812/812/520
f 812/812/520 811/811/511 813/813/521
f 814/814/522 815/815/523 816/816/524
f 816/816/524 815/815/523 817/817/525
f 818/818/526 819/819/527 820/820/528
f 820/820/528 819/819/527 821/821/529
f 822/822/530 823/823/531 824/824/526
f 824/824/526 823/823/531 825/825/527
f 826/826/532 827/827/533 828/828/513
f 828/828/513 827/827/533 829/829/512
f 830/830/534 831/831/535 832/832/99
f 832/832/99 831/831/535 833/833/98
f 834/834/520 835/835/536 836/836/537
f 836/836/537 835/835/536 837/837/286
f 838/838/538 839/839/69 840/840/539
f 840/840/539 839/839/69 841/841/540
f 842/842/278 843/843/280 844/844/98
f 844/844/98 843/843/280 845/845/96
f 846/846/281 847/847/282 848/848/541
f 848/848/541 847/847/282 849/849/542
f 850/850/543 851/851/103 852/852/544
f 852/852/544 851/851/103 853/853/101
f 854/854/545 855/855/546 856/856/547
f 856/856/547 855/855/546 857/857/548
f 858/858/509 859/859/59 860/860/549
f 860/860/549 859/859/59 861/861/550
f 862/862/551 863/863/552 864/864/553
f 864/864/553 863/863/552 865/865/554
f 866/866/267 867/867/555 868/868/556
f 868/868/556 867/867/555 869/869/557
f 870/870/558 871/871/546 872/872/559
f 872/872/559 871/871/546 873/873/560
f 874/874/561 875/875/555 876/876/559
f 876/876/559 875/875/555 877/877/558
f 878/878/4 879/879/4 880/880/4
f 880/880/4 879/879/4 881/881/4
f 882/882/58 883/883/57 884/884/562
f 884/884/562 883/883/57 885/885/563
f 886/886/4 887/887/4 888/888/4
f 888/888/4 887/887/4 889/889/4
f 890/890/564 891/891/565 892/892/566
f 892/892/566 891/891/565 893/893/290
f 894/894/305 895/895/303 896/896/325
f 896/896/325 895/895/303 897/897/567
f 898/898/4 899/899/4 900/900/4
f 900/900/4 899/899/4 901/901/4
f 902/902/264 903/903/263 904/904/568
f 904/904/568 903/903/263 905/905/569
f 903/903/263 906/906/570 905/905/569
f 905/905/569 906/906/570 907/907/571
f 906/906/570 908/908/572 907/907/571
f 909/909/573 910/910/574 911/911/575
f 911/911/575 910/910/574 912/912/563
f 910/910/574 913/913/576 912/912/563
f 912/912/563 913/913/576 914/914/562
f 915/915/281 916/916/541 917/917/550
f 917/917/550 916/916/541 918/918/549
f 916/916/541 919/919/577 918/918/549
f 918/918/549 919/919/577 920/920/509
f 919/919/577 921/921/544 920/920/509
f 920/920/509 921/921/544 922/922/578
f 923/923/579 924/924/542 925/925/580
f 925/925/580 924/924/542 926/926/539
f 924/924/542 927/927/287 926/926/539
f 926/926/539 927/927/287 928/928/286
f 929/929/278 930/930/581 931/931/529
f 931/931/529 930/930/581 932/932/582
f 930/930/581 933/933/106 932/932/582
f 932/932/582 933/933/106 934/934/583
f 933/933/106 935/935/534 934/934/583
f 936/936/584 937/937/585 938/938/511
f 938/938/511 937/937/585 939/939/536
f 937/937/585 940/940/539 939/939/536
f 939/939/536 940/940/539 941/941/286
f 942/942/530 943/943/586 944/944/519
f 944/944/519 943/943/586 945/945/587
f 943/943/586 946/946/582 945/945/587
f 945/945/587 946/946/582 947/947/583
f 948/948/588 949/949/522 950/950/515
f 950/950/515 949/949/522 951/951/508
f 949/949/522 952/952/524 951/951/508
f 951/951/508 952/952/524 953/953/589
f 954/954/512 955/955/533 956/956/506
f 956/956/506 955/955/533 957/957/66
f 955/955/533 958/958/590 957/957/66
f 957/957/66 958/958/590 959/959/591
f 960/960/531 961/961/530 962/962/592
f 962/962/592 961/961/530 963/963/593
f 961/961/530 964/964/594 963/963/593
f 963/963/593 964/964/594 965/965/595
f 964/964/594 966/966/517 965/965/595
f 965/965/595 966/966/517 967/967/596
f 966/966/517 968/968/522 967/967/596
f 967/967/596 968/968/522 969/969/597
f 970/970/598 971/971/99 972/972/102
f 972/972/102 971/971/99 973/973/100
f 971/971/99 974/974/599 973/973/100
f 975/975/544 976/976/577 977/977/70
f 977/977/70 976/976/577 978/978/540
f 976/976/577 979/979/541 978/978/540
f 980/980/600 981/981/601 982/982/602
f 982/982/602 981/981/601 983/983/603
f 981/981/601 984/984/604 983/983/603
f 985/985/584 986/986/605 987/987/585
f 987/987/585 986/986/605 988/988/606
f 986/986/605 989/989/607 988/988/606
f 988/988/606 989/989/607 990/990/608
f 991/991/605 992/992/609 993/993/610
f 993/993/610 992/992/609 994/994/231
f 992/992/609 995/995/511 994/994/231
f 996/996/611 997/997/103 998/998/612
f 998/998/612 997/997/103 999/999/613
f 997/997/103 1000/1000/543 999/999/613
f 1001/1001/241 1002/1002/238 1003/1003/614
f 1003/1003/614 1002/1002/238 1004/1004/175
f 1002/1002/238 1005/1005/615 1004/1004/175
f 1004/1004/175 1005/1005/615 1006/1006/229
f 1007/1007/5 1008/1008/616 1009/1009/617
f 1009/1009/617 1008/1008/616 1010/1010/618
f 1008/1008/616 1011/1011/619 1010/1010/618
f 1010/1010/618 1011/1011/619 1012/1012/126
f 1013/1013/620 1014/1014/621 1015/1015/622
f 1015/1015/622 1014/1014/621 1016/1016/623
f 1014/1014/621 1017/1017/624 1016/1016/623
f 1016/1016/623 1017/1017/624 1018/1018/625
f 1017/1017/624 1019/1019/167 1018/1018/625
f 1018/1018/625 1019/1019/167 1020/1020/169
f 1021/1021/136 1022/1022/626 1023/1023/627
f 1023/1023/627 1022/1022/626 1024/1024/142
f 1022/1022/626 1025/1025/139 1024/1024/142
f 1024/1024/142 1025/1025/139 1026/1026/628
f 1027/1027/164 1028/1028/163 1029/1029/629
f 1029/1029/629 1028/1028/163 1030/1030/630
f 1028/1028/163 1031/1031/631 1030/1030/630
f 1030/1030/630 1031/1031/631 1032/1032/632
f 1031/1031/631 1033/1033/633 1032/1032/632
f 1032/1032/632 1033/1033/633 1034/1034/634
f 1033/1033/633 1035/1035/635 1034/1034/634
f 1036/1036/161 1037/1037/636 1038/1038/61
f 1038/1038/61 1037/1037/636 1039/1039/62
f 1037/1037/636 1040/1040/637 1039/1039/62
f 1039/1039/62 1040/1040/637 1041/1041/638
f 1042/1042/184 1043/1043/185 1044/1044/639
f 1044/1044/639 1043/1043/185 1045/1045/640
f 1043/1043/185 1046/1046/641 1045/1045/640
f 1045/1045/640 1046/1046/641 1047/1047/642
f 1046/1046/641 1048/1048/629 1047/1047/642
f 1049/1049/643 1050/1050/644 1051/1051/645
f 1051/1051/645 1050/1050/644 1052/1052/646
f 1050/1050/644 1053/1053/160 1052/1052/646
f 1054/1054/160 1055/1055/644 1056/1056/157
f 1056/1056/157 1055/1055/644 1057/1057/60
f 1055/1055/644 1058/1058/643 1057/1057/60
f 1057/1057/60 1058/1058/643 1059/1059/150
f 1060/1060/647 1061/1061/648 1062/1062/115
f 1062/1062/115 1061/1061/648 1063/1063/116
f 1061/1061/648 1064/1064/649 1063/1063/116
f 1063/1063/116 1064/1064/649 1065/1065/249
f 1066/1066/203 1067/1067/205 1068/1068/647
f 1068/1068/647 1067/1067/205 1069/1069/650
f 1067/1067/205 1070/1070/651 1069/1069/650
f 1069/1069/650 1070/1070/651 1071/1071/649
f 1072/1072/652 1073/1073/653 1074/1074/654
f 1074/1074/654 1073/1073/653 1075/1075/189
f 1073/1073/653 1076/1076/188 1075/1075/189
f 1077/1077/655 1078/1078/656 1079/1079/653
f 1079/1079/653 1078/1078/656 1080/1080/657
f 1078/1078/656 1081/1081/133 1080/1080/657
f 1080/1080/657 1081/1081/133 1082/1082/181
f 1081/1081/133 1083/1083/132 1082/1082/181
f 1084/1084/629 1085/1085/658 1086/1086/642
f 1086/1086/642 1085/1085/658 1087/1087/659
f 1085/1085/658 1088/1088/632 1087/1087/659
f 1087/1087/659 1088/1088/632 1089/1089/660
f 1088/1088/632 1090/1090/661 1089/1089/660
f 1089/1089/660 1090/1090/661 1091/1091/662
f 1092/1092/663 1093/1093/664 1094/1094/665
f 1094/1094/665 1093/1093/664 1095/1095/666
f 1093/1093/664 1096/1096/12 1095/1095/666
f 1097/1097/52 1098/1098/51 1099/1099/177
f 1099/1099/177 1098/1098/51 1100/1100/667
f 1098/1098/51 1101/1101/668 1100/1100/667
f 1102/1102/669 1103/1103/670 1104/1104/191
f 1104/1104/191 1103/1103/670 1105/1105/178
f 1103/1103/670 1106/1106/671 1105/1105/178
f 1105/1105/178 1106/1106/671 1107/1107/180
f 1108/1108/672 1109/1109/673 1110/1110/147
f 1110/1110/147 1109/1109/673 1111/1111/41
f 1109/1109/673 1112/1112/674 1111/1111/41
f 1111/1111/41 1112/1112/674 1113/1113/54
f 1114/1114/237 1115/1115/242 1116/1116/226
f 1116/1116/226 1115/1115/242 1117/1117/122
f 1115/1115/242 1118/1118/243 1117/1117/122
f 1117/1117/122 1118/1118/243 1119/1119/121
f 1120/1120/110 1121/1121/675 1122/1122/676
f 1122/1122/676 1121/1121/675 1123/1123/245
f 1121/1121/675 1124/1124/677 1123/1123/245
f 1123/1123/245 1124/1124/677 1125/1125/200
f 1124/1124/677 1126/1126/678 1125/1125/200
f 1125/1125/200 1126/1126/678 1127/1127/202
f 1128/1128/679 1129/1129/680 1130/1130/212
f 1130/1130/212 1129/1129/680 1131/1131/214
f 1129/1129/680 1132/1132/681 1131/1131/214
f 1131/1131/214 1132/1132/681 1133/1133/206
f 1132/1132/681 1134/1134/651 1133/1133/206
f 1133/1133/206 1134/1134/651 1135/1135/205
f 1136/1136/4 1137/1137/4 1138/1138/4
f 1138/1138/4 1137/1137/4 1139/1139/4
f 1137/1137/4 1140/1140/4 1139/1139/4
f 1141/1141/4 1142/1142/4 1143/1143/4
f 1143/1143/4 1142/1142/4 1144/1144/4
f 1142/1142/4 1145/1145/682 1144/1144/4
f 1146/1146/4 1147/1147/4 1148/1148/4
f 1148/1148/4 1147/1147/4 1149/1149/4
f 1147/1147/4 1150/1150/4 1149/1149/4
f 1151/1151/683 1152/1152/684 1153/1153/274
f 1153/1153/274 1152/1152/684 1154/1154/685
f 1152/1152/684 1155/1155/686 1154/1154/685
f 1154/1154/685 1155/1155/686 1156/1156/687
f 1157/1157/281 1158/1158/550 1159/1159/23
f 1159/1159/23 1158/1158/550 1160/1160/277
f 1158/1158/550 1161/1161/59 1160/1160/277
f 1160/1160/277 1161/1161/59 1162/1162/276
f 1163/1163/329 1164/1164/351 1165/1165/323
f 1165/1165/323 1164/1164/351 1166/1166/688
f 1164/1164/351 1167/1167/350 1166/1166/688
f 1168/1168/689 1169/1169/25 1170/1170/289
f 1170/1170/289 1169/1169/25 1171/1171/293
f 1169/1169/25 1172/1172/690 1171/1171/293
f 1171/1171/293 1172/1172/690 1173/1173/295
f 1174/1174/278 1175/1175/529 1176/1176/691
f 1176/1176/691 1175/1175/529 1177/1177/291
f 1175/1175/529 1178/1178/527 1177/1177/291
f 1177/1177/291 1178/1178/527 1179/1179/564
f 1178/1178/527 1180/1180/531 1179/1179/564
f 1179/1179/564 1180/1180/531 1181/1181/312
f 1180/1180/531 1182/1182/592 1181/1181/312
f 1181/1181/312 1182/1182/592 1183/1183/692
f 1184/1184/286 1185/1185/693 1186/1186/537
f 1186/1186/537 1185/1185/693 1187/1187/694
f 1185/1185/693 1188/1188/307 1187/1187/694
f 1187/1187/694 1188/1188/307 1189/1189/173
f 1190/1190/695 1191/1191/565 1192/1192/314
f 1192/1192/314 1191/1191/565 1193/1193/310
f 1191/1191/565 1194/1194/564 1193/1193/310
f 1193/1193/310 1194/1194/564 1195/1195/312
f 1196/1196/696 1197/1197/314 1198/1198/301
f 1198/1198/301 1197/1197/314 1199/1199/299
f 1197/1197/314 1200/1200/313 1199/1199/299
f 1199/1199/299 1200/1200/313 1201/1201/697
f 1202/1202/173 1203/1203/307 1204/1204/476
f 1204/1204/476 1203/1203/307 1205/1205/477
f 1203/1203/307 1206/1206/306 1205/1205/477
f 1207/1207/323 1208/1208/698 1209/1209/24
f 1209/1209/24 1208/1208/698 1210/1210/699
f 1208/1208/698 1211/1211/690 1210/1210/699
f 1212/1212/96 1213/1213/354 1214/1214/59
f 1214/1214/59 1213/1213/354 1215/1215/330
f 1213/1213/354 1216/1216/284 1215/1215/330
f 1217/1217/59 1218/1218/700 1219/1219/59
f 1219/1219/59 1218/1218/700 1220/1220/701
f 1218/1218/700 1221/1221/702 1220/1220/701
f 1222/1222/59 1223/1223/59 1224/1224/59
f 1224/1224/59 1223/1223/59 1225/1225/59
f 1223/1223/59 1226/1226/59 1225/1225/59
f 1227/1227/703 1228/1228/704 1229/1229/705
f 1229/1229/705 1228/1228/704 1230/1230/706
f 1228/1228/704 1231/1231/707 1230/1230/706
f 1232/1232/708 1233/1233/347 1234/1234/308
f 1234/1234/308 1233/1233/347 1235/1235/306
f 1233/1233/347 1236/1236/709 1235/1235/306
f 1235/1235/306 1236/1236/709 1237/1237/477
f 1238/1238/710 1239/1239/711 1240/1240/712
f 1240/1240/712 1239/1239/711 1241/1241/713
f 1239/1239/711 1242/1242/707 1241/1241/713
f 1241/1241/713 1242/1242/707 1243/1243/704
f 1244/1244/491 1245/1245/714 1246/1246/492
f 1246/1246/492 1245/1245/714 1247/1247/712
f 1245/1245/714 1248/1248/710 1247/1247/712
f 1249/1249/488 1250/1250/490 1251/1251/715
f 1251/1251/715 1250/1250/490 1252/1252/365
f 1250/1250/490 1253/1253/364 1252/1252/365
f 1254/1254/119 1255/1255/121 1256/1256/366
f 1256/1256/366 1255/1255/121 1257/1257/716
f 1255/1255/121 1258/1258/243 1257/1257/716
f 1257/1257/716 1258/1258/243 1259/1259/717
f 1258/1258/243 1260/1260/241 1259/1259/717
f 1259/1259/717 1260/1260/241 1261/1261/718
f 1260/1260/241 1262/1262/614 1261/1261/718
f 1261/1261/718 1262/1262/614 1263/1263/719
f 1262/1262/614 1264/1264/171 1263/1263/719
f 1263/1263/719 1264/1264/171 1265/1265/419
f 1266/1266/2 1267/1267/720 1268/1268/3
f 1268/1268/3 1267/1267/720 1269/1269/721
f 1267/1267/720 1270/1270/370 1269/1269/721
f 1271/1271/376 1272/1272/722 1273/1273/377
f 1273/1273/377 1272/1272/722 1274/1274/442
f 1272/1272/722 1275/1275/440 1274/1274/442
f 1276/1276/723 1277/1277/384 1278/1278/387
f 1278/1278/387 1277/1277/384 1279/1279/724
f 1277/1277/384 1280/1280/478 1279/1279/724
f 1279/1279/724 1280/1280/478 1281/1281/479
f 1282/1282/725 1283/1283/389 1284/1284/433
f 1284/1284/433 1283/1283/389 1285/1285/434
f 1283/1283/389 1286/1286/388 1285/1285/434
f 1285/1285/434 1286/1286/388 1287/1287/726
f 1288/1288/727 1289/1289/728 1290/1290/729
f 1290/1290/729 1289/1289/728 1291/1291/730
f 1289/1289/728 1292/1292/731 1291/1291/730
f 1293/1293/732 1294/1294/726 1295/1295/29
f 1295/1295/29 1294/1294/726 1296/1296/733
f 1294/1294/726 1297/1297/734 1296/1296/733
f 1296/1296/733 1297/1297/734 1298/1298/735
f 1299/1299/672 1300/1300/147 1301/1301/736
f 1301/1301/736 1300/1300/147 1302/1302/728
f 1300/1300/147 1303/1303/148 1302/1302/728
f 1302/1302/728 1303/1303/148 1304/1304/737
f 1305/1305/415 1306/1306/738 1307/1307/411
f 1307/1307/411 1306/1306/738 1308/1308/405
f 1306/1306/738 1309/1309/395 1308/1308/405
f 1310/1310/18 1311/1311/739 1312/1312/10
f 1312/1312/10 1311/1311/739 1313/1313/740
f 1311/1311/739 1314/1314/445 1313/1313/740
f 1313/1313/740 1314/1314/445 1315/1315/466
f 1316/1316/418 1317/1317/741 1318/1318/184
f 1318/1318/184 1317/1317/741 1319/1319/44
f 1317/1317/741 1320/1320/742 1319/1319/44
f 1321/1321/743 1322/1322/744 1323/1323/745
f 1323/1323/745 1322/1322/744 1324/1324/746
f 1322/1322/744 1325/1325/427 1324/1324/746
f 1326/1326/747 1327/1327/8 1328/1328/748
f 1328/1328/748 1327/1327/8 1329/1329/749
f 1327/1327/8 1330/1330/464 1329/1329/749
f 1329/1329/749 1330/1330/464 1331/1331/750
f 1332/1332/18 1333/1333/751 1334/1334/739
f 1334/1334/739 1333/1333/751 1335/1335/752
f 1333/1333/751 1336/1336/753 1335/1335/752
f 1335/1335/752 1336/1336/753 1337/1337/447
f 1338/1338/495 1339/1339/460 1340/1340/754
f 1340/1340/754 1339/1339/460 1341/1341/755
f 1339/1339/460 1342/1342/454 1341/1341/755
f 1341/1341/755 1342/1342/454 1343/1343/423
f 1344/1344/756 1345/1345/470 1346/1346/496
f 1346/1346/496 1345/1345/470 1347/1347/456
f 1345/1345/470 1348/1348/468 1347/1347/456
f 1347/1347/456 1348/1348/468 1349/1349/458
f 1350/1350/736 1351/1351/728 1352/1352/757
f 1352/1352/757 1351/1351/728 1353/1353/758
f 1351/1351/728 1354/1354/759 1353/1353/758
f 1355/1355/366 1356/1356/716 1357/1357/760
f 1357/1357/760 1356/1356/716 1358/1358/761
f 1356/1356/716 1359/1359/717 1358/1358/761
f 1358/1358/761 1359/1359/717 1360/1360/762
f 1361/1361/474 1362/1362/763 1363/1363/719
f 1363/1363/719 1362/1362/763 1364/1364/718
f 1362/1362/763 1365/1365/762 1364/1364/718
f 1364/1364/718 1365/1365/762 1366/1366/717
f 1367/1367/764 1368/1368/765 1369/1369/362
f 1369/1369/362 1368/1368/765 1370/1370/361
f 1368/1368/765 1371/1371/766 1370/1370/361
f 1370/1370/361 1371/1371/766 1372/1372/425
f 1371/1371/766 1373/1373/754 1372/1372/425
f 1372/1372/425 1373/1373/754 1374/1374/755
f 1375/1375/767 1376/1376/768 1377/1377/443
f 1377/1377/443 1376/1376/768 1378/1378/769
f 1376/1376/768 1379/1379/260 1378/1378/769
f 1378/1378/769 1379/1379/260 1380/1380/770
usemtl mat0.020
f 1381/1381/771 1382/1382/772 1383/1383/773
f 1384/1384/774 1385/1385/775 1386/1386/776
f 1387/1387/777 1388/1388/778 1389/1389/779
f 1390/1390/780 1391/1391/781 1392/1392/782
f 1393/1393/783 1394/1394/784 1395/1395/779
f 1395/1395/779 1394/1394/784 1396/1396/785
f 1397/1397/786 1398/1398/787 1399/1399/788
f 1399/1399/788 1398/1398/787 1400/1400/789
f 1401/1401/773 1402/1402/790 1403/1403/786
f 1403/1403/786 1402/1402/790 1404/1404/791
f 1405/1405/792 1406/1406/790 1407/1407/772
f 1407/1407/772 1406/1406/790 1408/1408/773
f 1409/1409/774 1410/1410/793 1411/1411/794
f 1411/1411/794 1410/1410/793 1412/1412/795
f 1413/1413/771 1414/1414/796 1415/1415/797
f 1415/1415/797 1414/1414/796 1416/1416/798
f 1417/1417/788 1418/1418/798 1419/1419/786
f 1419/1419/786 1418/1418/798 1420/1420/796
f 1421/1421/796 1422/1422/771 1423/1423/786
f 1423/1423/786 1422/1422/771 1424/1424/773
f 1425/1425/799 1426/1426/800 1427/1427/801
f 1427/1427/801 1426/1426/800 1428/1428/802
f 1429/1429/803 1430/1430/804 1431/1431/805
f 1431/1431/805 1430/1430/804 1432/1432/806
f 1433/1433/807 1434/1434/801 1435/1435/808
f 1435/1435/808 1434/1434/801 1436/1436/802
f 1437/1437/775 1438/1438/774 1439/1439/809
f 1439/1439/809 1438/1438/774 1440/1440/810
f 1441/1441/810 1442/1442/798 1443/1443/809
f 1443/1443/809 1442/1442/798 1444/1444/811
f 1445/1445/812 1446/1446/813 1447/1447/814
f 1447/1447/814 1446/1446/813 1448/1448/815
f 1449/1449/816 1450/1450/817 1451/1451/818
f 1451/1451/818 1450/1450/817 1452/1452/819
f 1453/1453/820 1454/1454/821 1455/1455/820
f 1455/1455/820 1454/1454/821 1456/1456/822
f 1457/1457/818 1458/1458/819 1459/1459/823
f 1459/1459/823 1458/1458/819 1460/1460/822
f 1461/1461/824 1462/1462/825 1463/1463/826
f 1463/1463/826 1462/1462/825 1464/1464/827
f 1465/1465/816 1466/1466/828 1467/1467/817
f 1467/1467/817 1466/1466/828 1468/1468/829
f 1469/1469/830 1470/1470/831 1471/1471/832
f 1471/1471/832 1470/1470/831 1472/1472/833
f 1473/1473/834 1474/1474/834 1475/1475/835
f 1475/1475/835 1474/1474/834 1476/1476/836
f 1477/1477/837 1478/1478/838 1479/1479/839
f 1479/1479/839 1478/1478/838 1480/1480/840
f 1481/1481/841 1482/1482/842 1483/1483/838
f 1483/1483/838 1482/1482/842 1484/1484/840
f 1485/1485/830 1486/1486/832 1487/1487/824
f 1487/1487/824 1486/1486/832 1488/1488/843
f 1489/1489/844 1490/1490/845 1491/1491/778
f 1491/1491/778 1490/1490/845 1492/1492/779
f 1493/1493/846 1494/1494/846 1495/1495/846
f 1495/1495/846 1494/1494/846 1496/1496/847
f 1497/1497/848 1498/1498/849 1499/1499/804
f 1499/1499/804 1498/1498/849 1500/1500/806
f 1501/1501/850 1502/1502/851 1503/1503/845
f 1503/1503/845 1502/1502/851 1504/1504/852
f 1505/1505/853 1506/1506/854 1507/1507/855
f 1507/1507/855 1506/1506/854 1508/1508/780
f 1506/1506/854 1509/1509/856 1508/1508/780
f 1508/1508/780 1509/1509/856 1510/1510/852
f 1509/1509/856 1511/1511/857 1510/1510/852
f 1512/1512/781 1513/1513/780 1514/1514/858
f 1514/1514/858 1513/1513/780 1515/1515/851
f 1513/1513/780 1516/1516/852 1515/1515/851
f 1517/1517/778 1518/1518/859 1519/1519/860
f 1519/1519/860 1518/1518/859 1520/1520/861
f 1518/1518/859 1521/1521/862 1520/1520/861
f 1522/1522/863 1523/1523/776 1524/1524/864
f 1524/1524/864 1523/1523/776 1525/1525/865
f 1523/1523/776 1526/1526/775 1525/1525/865
f 1525/1525/865 1526/1526/775 1527/1527/866
f 1528/1528/867 1529/1529/868 1530/1530/864
f 1530/1530/864 1529/1529/868 1531/1531/869
f 1529/1529/868 1532/1532/870 1531/1531/869
f 1531/1531/869 1532/1532/870 1533/1533/776
f 1532/1532/870 1534/1534/793 1533/1533/776
f 1533/1533/776 1534/1534/793 1535/1535/774
f 1536/1536/871 1537/1537/872 1538/1538/873
f 1538/1538/873 1537/1537/872 1539/1539/874
f 1537/1537/872 1540/1540/813 1539/1539/874
f 1539/1539/874 1540/1540/813 1541/1541/812
f 1542/1542/875 1543/1543/876 1544/1544/877
f 1544/1544/877 1543/1543/876 1545/1545/878
f 1543/1543/876 1546/1546/842 1545/1545/878
f 1545/1545/878 1546/1546/842 1547/1547/841
f 1548/1548/784 1549/1549/879 1550/1550/785
f 1550/1550/785 1549/1549/879 1551/1551/880
f 1549/1549/879 1552/1552/881 1551/1551/880
usemtl mat0.021
f 1553/1553/882 1554/1554/883 1555/1555/884
f 1556/1556/885 1557/1557/886 1558/1558/887
f 1559/1559/888 1560/1560/889 1561/1561/890
f 1562/1562/891 1563/1563/892 1564/1564/893
f 1564/1564/893 1563/1563/892 1565/1565/894
f 1566/1566/891 1567/1567/893 1568/1568/895
f 1568/1568/895 1567/1567/893 1569/1569/896
f 1570/1570/897 1571/1571/884 1572/1572/898
f 1572/1572/898 1571/1571/884 1573/1573/883
f 1574/1574/899 1575/1575/900 1576/1576/901
f 1576/1576/901 1575/1575/900 1577/1577/902
f 1578/1578/903 1579/1579/904 1580/1580/905
f 1580/1580/905 1579/1579/904 1581/1581/906
f 1582/1582/907 1583/1583/908 1584/1584/909
f 1584/1584/909 1583/1583/908 1585/1585/910
f 1586/1586/892 1587/1587/911 1588/1588/912
f 1588/1588/912 1587/1587/911 1589/1589/913
f 1590/1590/882 1591/1591/914 1592/1592/915
f 1592/1592/915 1591/1591/914 1593/1593/895
f 1594/1594/915 1595/1595/895 1596/1596/916
f 1596/1596/916 1595/1595/895 1597/1597/896
f 1598/1598/915 1599/1599/916 1600/1600/882
f 1600/1600/882 1599/1599/916 1601/1601/883
f 1602/1602/917 1603/1603/918 1604/1604/919
f 1604/1604/919 1603/1603/918 1605/1605/920
f 1606/1606/921 1607/1607/922 1608/1608/923
f 1608/1608/923 1607/1607/922 1609/1609/924
f 1610/1610/925 1611/1611/906 1612/1612/926
f 1612/1612/926 1611/1611/906 1613/1613/927
f 1614/1614/928 1615/1615/929 1616/1616/930
f 1616/1616/930 1615/1615/929 1617/1617/931
f 1618/1618/932 1619/1619/933 1620/1620/934
f 1620/1620/934 1619/1619/933 1621/1621/935
f 1622/1622/936 1623/1623/936 1624/1624/936
f 1624/1624/936 1623/1623/936 1625/1625/937
f 1626/1626/934 1627/1627/935 1628/1628/938
f 1628/1628/938 1627/1627/935 1629/1629/939
f 1630/1630/940 1631/1631/941 1632/1632/942
f 1632/1632/942 1631/1631/941 1633/1633/943
f 1634/1634/939 1635/1635/944 1636/1636/938
f 1636/1636/938 1635/1635/944 1637/1637/945
f 1638/1638/946 1639/1639/947 1640/1640/948
f 1640/1640/948 1639/1639/947 1641/1641/949
f 1642/1642/950 1643/1643/951 1644/1644/952
f 1644/1644/952 1643/1643/951 1645/1645/953
f 1646/1646/954 1647/1647/955 1648/1648/956
f 1648/1648/956 1647/1647/955 1649/1649/957
f 1650/1650/958 1651/1651/959 1652/1652/958
f 1652/1652/958 1651/1651/959 1653/1653/960
f 1654/1654/961 1655/1655/962 1656/1656/963
f 1656/1656/963 1655/1655/962 1657/1657/964
f 1658/1658/965 1659/1659/962 1660/1660/966
f 1660/1660/966 1659/1659/962 1661/1661/961
f 1662/1662/967 1663/1663/943 1664/1664/966
f 1664/1664/966 1663/1663/943 1665/1665/965
f 1666/1666/968 1667/1667/922 1668/1668/969
f 1668/1668/969 1667/1667/922 1669/1669/921
f 1670/1670/920 1671/1671/918 1672/1672/970
f 1672/1672/970 1671/1671/918 1673/1673/971
f 1674/1674/885 1675/1675/928 1676/1676/926
f 1676/1676/926 1675/1675/928 1677/1677/972
f 1678/1678/883 1679/1679/916 1680/1680/898
f 1680/1680/898 1679/1679/916 1681/1681/973
f 1679/1679/916 1682/1682/896 1681/1681/973
f 1681/1681/973 1682/1682/896 1683/1683/974
f 1684/1684/975 1685/1685/904 1686/1686/890
f 1686/1686/890 1685/1685/904 1687/1687/976
f 1685/1685/904 1688/1688/903 1687/1687/976
f 1689/1689/977 1690/1690/929 1691/1691/978
f 1691/1691/978 1690/1690/929 1692/1692/885
f 1690/1690/929 1693/1693/928 1692/1692/885
f 1694/1694/979 1695/1695/980 1696/1696/977
f 1696/1696/977 1695/1695/980 1697/1697/929
f 1695/1695/980 1698/1698/931 1697/1697/929
f 1699/1699/981 1700/1700/927 1701/1701/975
f 1701/1701/975 1700/1700/927 1702/1702/982
f 1700/1700/927 1703/1703/906 1702/1702/982
f 1704/1704/908 1705/1705/907 1706/1706/983
f 1706/1706/983 1705/1705/907 1707/1707/984
f 1705/1705/907 1708/1708/985 1707/1707/984
f 1707/1707/984 1708/1708/985 1709/1709/901
f 1710/1710/983 1711/1711/984 1712/1712/912
f 1712/1712/912 1711/1711/984 1713/1713/892
f 1711/1711/984 1714/1714/894 1713/1713/892
f 1715/1715/946 1716/1716/986 1717/1717/987
f 1717/1717/987 1716/1716/986 1718/1718/988
f 1716/1716/986 1719/1719/952 1718/1718/988
f 1718/1718/988 1719/1719/952 1720/1720/989
f 1721/1721/990 1722/1722/991 1723/1723/992
f 1723/1723/992 1722/1722/991 1724/1724/993
f 1722/1722/991 1725/1725/956 1724/1724/993
f 1724/1724/993 1725/1725/956 1726/1726/957
usemtl mat0.022
f 1727/1727/4 1728/1728/4 1729/1729/4
f 1730/1730/994 1731/1731/995 1732/1732/996
f 1732/1732/996 1731/1731/995 1733/1733/995
f 1734/1734/568 1735/1735/997 1736/1736/998
f 1736/1736/998 1735/1735/997 1737/1737/999
f 1738/1738/4 1739/1739/4 1740/1740/1000
f 1740/1740/1000 1739/1739/4 1741/1741/1001
f 1742/1742/1002 1743/1743/1003 1744/1744/1004
f 1744/1744/1004 1743/1743/1003 1745/1745/1005
f 1746/1746/1006 1747/1747/1007 1748/1748/996
f 1748/1748/996 1747/1747/1007 1749/1749/994
f 1750/1750/59 1751/1751/1008 1752/1752/59
f 1752/1752/59 1751/1751/1008 1753/1753/1008
f 1754/1754/1009 1755/1755/1010 1756/1756/568
f 1756/1756/568 1755/1755/1010 1757/1757/1011
f 1758/1758/1012 1759/1759/1011 1760/1760/1012
f 1760/1760/1012 1759/1759/1011 1761/1761/1013
f 1762/1762/1007 1763/1763/1006 1764/1764/1014
f 1764/1764/1014 1763/1763/1006 1765/1765/1014
f 1766/1766/1015 1767/1767/1016 1768/1768/1017
f 1768/1768/1017 1767/1767/1016 1769/1769/1018
f 1770/1770/1019 1771/1771/1020 1772/1772/1021
f 1772/1772/1021 1771/1771/1020 1773/1773/1022
f 1774/1774/4 1775/1775/4 1776/1776/4
f 1776/1776/4 1775/1775/4 1777/1777/4
f 1778/1778/4 1779/1779/4 1780/1780/4
f 1780/1780/4 1779/1779/4 1781/1781/4
f 1782/1782/4 1783/1783/4 1784/1784/4
f 1784/1784/4 1783/1783/4 1785/1785/4
f 1786/1786/4 1787/1787/4 1788/1788/4
f 1788/1788/4 1787/1787/4 1789/1789/4
f 1790/1790/1023 1791/1791/1024 1792/1792/1025
f 1792/1792/1025 1791/1791/1024 1793/1793/59
f 1794/1794/59 1795/1795/59 1796/1796/1026
f 1796/1796/1026 1795/1795/59 1797/1797/59
f 1798/1798/59 1799/1799/59 1800/1800/59
f 1800/1800/59 1799/1799/59 1801/1801/59
f 1802/1802/59 1803/1803/59 1804/1804/59
f 1804/1804/59 1803/1803/59 1805/1805/59
f 1806/1806/4 1807/1807/4 1808/1808/4
f 1808/1808/4 1807/1807/4 1809/1809/4
f 1810/1810/4 1811/1811/4 1812/1812/4
f 1812/1812/4 1811/1811/4 1813/1813/1027
f 1814/1814/59 1815/1815/59 1816/1816/59
f 1816/1816/59 1815/1815/59 1817/1817/59
f 1818/1818/1028 1819/1819/1018 1820/1820/1028
f 1820/1820/1028 1819/1819/1018 1821/1821/1016
f 1822/1822/1020 1823/1823/1029 1824/1824/1022
f 1824/1824/1022 1823/1823/1029 1825/1825/1030
f 1823/1823/1029 1826/1826/1031 1825/1825/1030
f 1827/1827/4 1828/1828/1032 1829/1829/4
f 1829/1829/4 1828/1828/1032 1830/1830/1027
f 1828/1828/1032 1831/1831/1000 1830/1830/1027
f 1830/1830/1027 1831/1831/1000 1832/1832/1001
f 1833/1833/1008 1834/1834/59 1835/1835/1008
f 1835/1835/1008 1834/1834/59 1836/1836/1024
f 1834/1834/59 1837/1837/1033 1836/1836/1024
f 1836/1836/1024 1837/1837/1033 1838/1838/1024
f 1839/1839/1034 1840/1840/1035 1841/1841/1034
f 1841/1841/1034 1840/1840/1035 1842/1842/1036
f 1840/1840/1035 1843/1843/1037 1842/1842/1036
f 1842/1842/1036 1843/1843/1037 1844/1844/1038
f 1843/1843/1037 1845/1845/1039 1844/1844/1038
f 1844/1844/1038 1845/1845/1039 1846/1846/1040
f 1845/1845/1039 1847/1847/1041 1846/1846/1040
f 1846/1846/1040 1847/1847/1041 1848/1848/1042
f 1847/1847/1041 1849/1849/1043 1848/1848/1042
f 1848/1848/1042 1849/1849/1043 1850/1850/1044
f 1849/1849/1043 1851/1851/358 1850/1850/1044
f 1850/1850/1044 1851/1851/358 1852/1852/358
f 1853/1853/59 1854/1854/59 1855/1855/59
f 1855/1855/59 1854/1854/59 1856/1856/59
f 1854/1854/59 1857/1857/59 1856/1856/59
f 1858/1858/1045 1859/1859/1046 1860/1860/1031
f 1860/1860/1031 1859/1859/1046 1861/1861/1003
f 1859/1859/1046 1862/1862/1047 1861/1861/1003
usemtl mat0.023
f 1863/1863/4 1864/1864/4 1865/1865/4
f 1866/1866/1048 1867/1867/1049 1868/1868/1050
f 1869/1869/59 1870/1870/59 1871/1871/59
f 1872/1872/1051 1873/1873/1052 1874/1874/1053
f 1875/1875/1054 1876/1876/1055 1877/1877/1056
f 1878/1878/1057 1879/1879/1058 1880/1880/1059
f 1881/1881/1060 1882/1882/1061 1883/1883/1062
f 1884/1884/1063 1885/1885/1064 1886/1886/1065
f 1887/1887/1066 1888/1888/1067 1889/1889/1068
f 1890/1890/1069 1891/1891/1070 1892/1892/1062
f 1892/1892/1062 1891/1891/1070 1893/1893/1071
f 1894/1894/1072 1895/1895/1073 1896/1896/1074
f 1896/1896/1074 1895/1895/1073 1897/1897/1075
f 1898/1898/1076 1899/1899/1077 1900/1900/1078
f 1900/1900/1078 1899/1899/1077 1901/1901/1079
f 1902/1902/1080 1903/1903/1077 1904/1904/1081
f 1904/1904/1081 1903/1903/1077 1905/1905/1076
f 1906/1906/1082 1907/1907/1083 1908/1908/1084
f 1908/1908/1084 1907/1907/1083 1909/1909/1085
f 1910/1910/1080 1911/1911/1086 1912/1912/1077
f 1912/1912/1077 1911/1911/1086 1913/1913/1087
f 1914/1914/1088 1915/1915/1089 1916/1916/1090
f 1916/1916/1090 1915/1915/1089 1917/1917/1091
f 1918/1918/1090 1919/1919/1091 1920/1920/1092
f 1920/1920/1092 1919/1919/1091 1921/1921/1093
f 1922/1922/1094 1923/1923/1093 1924/1924/1095
f 1924/1924/1095 1923/1923/1093 1925/1925/1096
f 1926/1926/1067 1927/1927/1066 1928/1928/1097
f 1928/1928/1097 1927/1927/1066 1929/1929/1098
f 1930/1930/1092 1931/1931/1068 1932/1932/1099
f 1932/1932/1099 1931/1931/1068 1933/1933/1067
f 1934/1934/1100 1935/1935/1101 1936/1936/1102
f 1936/1936/1102 1935/1935/1101 1937/1937/1103
f 1938/1938/1104 1939/1939/1105 1940/1940/1100
f 1940/1940/1100 1939/1939/1105 1941/1941/1106
f 1942/1942/1069 1943/1943/1107 1944/1944/1070
f 1944/1944/1070 1943/1943/1107 1945/1945/1108
f 1946/1946/1109 1947/1947/1110 1948/1948/1111
f 1948/1948/1111 1947/1947/1110 1949/1949/1112
f 1950/1950/59 1951/1951/59 1952/1952/1113
f 1952/1952/1113 1951/1951/59 1953/1953/1114
f 1954/1954/59 1955/1955/59 1956/1956/59
f 1956/1956/59 1955/1955/59 1957/1957/59
f 1958/1958/59 1959/1959/59 1960/1960/59
f 1960/1960/59 1959/1959/59 1961/1961/59
f 1962/1962/1115 1963/1963/1116 1964/1964/59
f 1964/1964/59 1963/1963/1116 1965/1965/59
f 1966/1966/1117 1967/1967/1118 1968/1968/1119
f 1968/1968/1119 1967/1967/1118 1969/1969/1120
f 1970/1970/1121 1971/1971/1122 1972/1972/1123
f 1972/1972/1123 1971/1971/1122 1973/1973/1124
f 1974/1974/1123 1975/1975/1124 1976/1976/1125
f 1976/1976/1125 1975/1975/1124 1977/1977/1126
f 1978/1978/1118 1979/1979/1127 1980/1980/1118
f 1980/1980/1118 1979/1979/1127 1981/1981/1128
f 1982/1982/1129 1983/1983/1114 1984/1984/1130
f 1984/1984/1130 1983/1983/1114 1985/1985/1131
f 1986/1986/1132 1987/1987/1133 1988/1988/1134
f 1988/1988/1134 1987/1987/1133 1989/1989/1135
f 1990/1990/1136 1991/1991/1137 1992/1992/1138
f 1992/1992/1138 1991/1991/1137 1993/1993/1139
f 1994/1994/1140 1995/1995/1141 1996/1996/1142
f 1996/1996/1142 1995/1995/1141 1997/1997/1143
f 1998/1998/59 1999/1999/59 2000/2000/59
f 2000/2000/59 1999/1999/59 2001/2001/59
f 2002/2002/4 2003/2003/4 2004/2004/4
f 2004/2004/4 2003/2003/4 2005/2005/4
f 2006/2006/1071 2007/2007/1070 2008/2008/1144
f 2008/2008/1144 2007/2007/1070 2009/2009/1065
f 2010/2010/1108 2011/2011/1145 2012/2012/1070
f 2012/2012/1070 2011/2011/1145 2013/2013/1146
f 2014/2014/1147 2015/2015/1148 2016/2016/1149
f 2016/2016/1149 2015/2015/1148 2017/2017/1150
f 2018/2018/1151 2019/2019/1049 2020/2020/1152
f 2020/2020/1152 2019/2019/1049 2021/2021/1064
f 2022/2022/1153 2023/2023/1154 2024/2024/1155
f 2024/2024/1155 2023/2023/1154 2025/2025/1144
f 2026/2026/1153 2027/2027/1156 2028/2028/1157
f 2028/2028/1157 2027/2027/1156 2029/2029/1110
f 2030/2030/1158 2031/2031/1159 2032/2032/1160
f 2032/2032/1160 2031/2031/1159 2033/2033/1105
f 2034/2034/1102 2035/2035/1103 2036/2036/1115
f 2036/2036/1115 2035/2035/1103 2037/2037/1116
f 2038/2038/1151 2039/2039/1161 2040/2040/1162
f 2040/2040/1162 2039/2039/1161 2041/2041/1050
f 2042/2042/1163 2043/2043/1164 2044/2044/1165
f 2044/2044/1165 2043/2043/1164 2045/2045/1089
f 2043/2043/1164 2046/2046/1166 2045/2045/1089
f 2045/2045/1089 2046/2046/1166 2047/2047/1091
f 2046/2046/1166 2048/2048/1167 2047/2047/1091
f 2047/2047/1091 2048/2048/1167 2049/2049/1093
f 2048/2048/1167 2050/2050/1168 2049/2049/1093
f 2049/2049/1093 2050/2050/1168 2051/2051/1169
f 2050/2050/1168 2052/2052/1170 2051/2051/1169
f 2053/2053/1063 2054/2054/1171 2055/2055/1172
f 2055/2055/1172 2054/2054/1171 2056/2056/1146
f 2054/2054/1171 2057/2057/1070 2056/2056/1146
f 2058/2058/1173 2059/2059/1174 2060/2060/1111
f 2060/2060/1111 2059/2059/1174 2061/2061/1154
f 2059/2059/1174 2062/2062/1175 2061/2061/1154
f 2061/2061/1154 2062/2062/1175 2063/2063/1144
f 2064/2064/1061 2065/2065/1175 2066/2066/1176
f 2066/2066/1176 2065/2065/1175 2067/2067/1177
f 2065/2065/1175 2068/2068/1174 2067/2067/1177
f 2067/2067/1177 2068/2068/1174 2069/2069/1150
f 2070/2070/1178 2071/2071/1179 2072/2072/1180
f 2072/2072/1180 2071/2071/1179 2073/2073/1181
f 2071/2071/1179 2074/2074/1182 2073/2073/1181
f 2073/2073/1181 2074/2074/1182 2075/2075/1096
f 2076/2076/1077 2077/2077/1087 2078/2078/1079
f 2078/2078/1079 2077/2077/1087 2079/2079/1183
f 2077/2077/1087 2080/2080/1184 2079/2079/1183
f 2079/2079/1183 2080/2080/1184 2081/2081/1185
f 2082/2082/1186 2083/2083/1187 2084/2084/1188
f 2084/2084/1188 2083/2083/1187 2085/2085/1189
f 2083/2083/1187 2086/2086/1190 2085/2085/1189
f 2085/2085/1189 2086/2086/1190 2087/2087/1166
f 2086/2086/1190 2088/2088/1191 2087/2087/1166
f 2087/2087/1166 2088/2088/1191 2089/2089/1192
f 2088/2088/1191 2090/2090/1193 2089/2089/1192
f 2089/2089/1192 2090/2090/1193 2091/2091/1168
f 2090/2090/1193 2092/2092/1194 2091/2091/1168
f 2091/2091/1168 2092/2092/1194 2093/2093/1082
f 2094/2094/1086 2095/2095/1195 2096/2096/1087
f 2096/2096/1087 2095/2095/1195 2097/2097/1184
f 2095/2095/1195 2098/2098/1196 2097/2097/1184
f 2097/2097/1184 2098/2098/1196 2099/2099/1098
f 2100/2100/1059 2101/2101/1188 2102/2102/1057
f 2102/2102/1057 2101/2101/1188 2103/2103/1163
f 2101/2101/1188 2104/2104/1197 2103/2103/1163
f 2105/2105/1048 2106/2106/1198 2107/2107/1065
f 2107/2107/1065 2106/2106/1198 2108/2108/1144
f 2106/2106/1198 2109/2109/1155 2108/2108/1144
f 2110/2110/1096 2111/2111/1185 2112/2112/1095
f 2112/2112/1095 2111/2111/1185 2113/2113/1066
f 2111/2111/1185 2114/2114/1184 2113/2113/1066
f 2113/2113/1066 2114/2114/1184 2115/2115/1199
f 2116/2116/1058 2117/2117/1057 2118/2118/1200
f 2118/2118/1200 2117/2117/1057 2119/2119/1201
f 2117/2117/1057 2120/2120/1163 2119/2119/1201
f 2119/2119/1201 2120/2120/1163 2121/2121/1056
f 2120/2120/1163 2122/2122/1165 2121/2121/1056
f 2123/2123/1089 2124/2124/1088 2125/2125/1165
f 2125/2125/1165 2124/2124/1088 2126/2126/1056
f 2124/2124/1088 2127/2127/1053 2126/2126/1056
f 2126/2126/1056 2127/2127/1053 2128/2128/1054
f 2129/2129/1051 2130/2130/1090 2131/2131/1202
f 2131/2131/1202 2130/2130/1090 2132/2132/1203
f 2130/2130/1090 2133/2133/1092 2132/2132/1203
f 2132/2132/1203 2133/2133/1092 2134/2134/1099
f 2135/2135/1126 2136/2136/1204 2137/2137/1205
f 2137/2137/1205 2136/2136/1204 2138/2138/1206
f 2136/2136/1204 2139/2139/1207 2138/2138/1206
f 2138/2138/1206 2139/2139/1207 2140/2140/1208
f 2139/2139/1207 2141/2141/1209 2140/2140/1208
f 2140/2140/1208 2141/2141/1209 2142/2142/1210
f 2141/2141/1209 2143/2143/1211 2142/2142/1210
f 2142/2142/1210 2143/2143/1211 2144/2144/1212
f 2143/2143/1211 2145/2145/1213 2144/2144/1212
f 2144/2144/1212 2145/2145/1213 2146/2146/1214
f 2147/2147/1215 2148/2148/1216 2149/2149/1217
f 2149/2149/1217 2148/2148/1216 2150/2150/1218
f 2148/2148/1216 2151/2151/1219 2150/2150/1218
f 2150/2150/1218 2151/2151/1219 2152/2152/1220
f 2151/2151/1219 2153/2153/1221 2152/2152/1220
f 2152/2152/1220 2153/2153/1221 2154/2154/1222
f 2153/2153/1221 2155/2155/1223 2154/2154/1222
f 2154/2154/1222 2155/2155/1223 2156/2156/1224
f 2155/2155/1223 2157/2157/1225 2156/2156/1224
f 2156/2156/1224 2157/2157/1225 2158/2158/1226
f 2157/2157/1225 2159/2159/1227 2158/2158/1226
f 2158/2158/1226 2159/2159/1227 2160/2160/1121
f 2161/2161/1120 2162/2162/1228 2163/2163/1229
f 2163/2163/1229 2162/2162/1228 2164/2164/1230
f 2162/2162/1228 2165/2165/1231 2164/2164/1230
f 2164/2164/1230 2165/2165/1231 2166/2166/1232
f 2167/2167/1233 2168/2168/1234 2169/2169/1235
f 2169/2169/1235 2168/2168/1234 2170/2170/1236
f 2168/2168/1234 2171/2171/1138 2170/2170/1236
f 2170/2170/1236 2171/2171/1138 2172/2172/1139
usemtl mat0.024
f 2173/2173/59 2174/2174/59 2175/2175/59
f 2176/2176/1237 2177/2177/1238 2178/2178/1239
f 2179/2179/1240 2180/2180/1241 2181/2181/1242
f 2182/2182/1243 2183/2183/1244 2184/2184/1245
f 2184/2184/1245 2183/2183/1244 2185/2185/1246
f 2186/2186/1247 2187/2187/1248 2188/2188/1249
f 2188/2188/1249 2187/2187/1248 2189/2189/1249
f 2190/2190/576 2191/2191/1250 2192/2192/1251
f 2192/2192/1251 2191/2191/1250 2193/2193/1251
f 2194/2194/4 2195/2195/1252 2196/2196/4
f 2196/2196/4 2195/2195/1252 2197/2197/1243
f 2198/2198/1253 2199/2199/1248 2200/2200/1254
f 2200/2200/1254 2199/2199/1248 2201/2201/1247
f 2202/2202/1239 2203/2203/1255 2204/2204/1256
f 2204/2204/1256 2203/2203/1255 2205/2205/1257
f 2206/2206/59 2207/2207/59 2208/2208/1258
f 2208/2208/1258 2207/2207/59 2209/2209/1258
f 2210/2210/1259 2211/2211/576 2212/2212/1260
f 2212/2212/1260 2211/2211/576 2213/2213/1261
f 2214/2214/1262 2215/2215/1262 2216/2216/1261
f 2216/2216/1261 2215/2215/1262 2217/2217/1263
f 2218/2218/1254 2219/2219/1264 2220/2220/1265
f 2220/2220/1265 2219/2219/1264 2221/2221/1264
f 2222/2222/1266 2223/2223/1267 2224/2224/1268
f 2224/2224/1268 2223/2223/1267 2225/2225/1269
f 2226/2226/1256 2227/2227/1257 2228/2228/1270
f 2228/2228/1270 2227/2227/1257 2229/2229/1271
f 2230/2230/1272 2231/2231/1273 2232/2232/1258
f 2232/2232/1258 2231/2231/1273 2233/2233/1258
f 2234/2234/4 2235/2235/4 2236/2236/4
f 2236/2236/4 2235/2235/4 2237/2237/4
f 2238/2238/1028 2239/2239/1028 2240/2240/1269
f 2240/2240/1269 2239/2239/1028 2241/2241/1268
f 2242/2242/1267 2243/2243/1274 2244/2244/1240
f 2244/2244/1240 2243/2243/1274 2245/2245/1275
f 2246/2246/4 2247/2247/4 2248/2248/4
f 2248/2248/4 2247/2247/4 2249/2249/4
f 2250/2250/1272 2251/2251/1276 2252/2252/1272
f 2252/2252/1272 2251/2251/1276 2253/2253/59
f 2254/2254/1277 2255/2255/1025 2256/2256/1272
f 2256/2256/1272 2255/2255/1025 2257/2257/59
f 2258/2258/59 2259/2259/1278 2260/2260/59
f 2260/2260/59 2259/2259/1278 2261/2261/59
f 2262/2262/1279 2263/2263/1280 2264/2264/1041
f 2264/2264/1041 2263/2263/1280 2265/2265/1281
f 2266/2266/1037 2267/2267/1038 2268/2268/1039
f 2268/2268/1039 2267/2267/1038 2269/2269/1040
f 2270/2270/114 2271/2271/114 2272/2272/1282
f 2272/2272/1282 2271/2271/114 2273/2273/1283
f 2274/2274/1284 2275/2275/1285 2276/2276/1286
f 2276/2276/1286 2275/2275/1285 2277/2277/1286
f 2278/2278/1287 2279/2279/1288 2280/2280/1284
f 2280/2280/1284 2279/2279/1288 2281/2281/1289
f 2282/2282/1290 2283/2283/1042 2284/2284/1043
f 2284/2284/1043 2283/2283/1042 2285/2285/1044
f 2286/2286/59 2287/2287/59 2288/2288/59
f 2288/2288/59 2287/2287/59 2289/2289/59
f 2290/2290/59 2291/2291/59 2292/2292/59
f 2292/2292/59 2291/2291/59 2293/2293/59
f 2294/2294/4 2295/2295/4 2296/2296/4
f 2296/2296/4 2295/2295/4 2297/2297/4
f 2298/2298/1245 2299/2299/1246 2300/2300/4
f 2300/2300/4 2299/2299/1246 2301/2301/4
f 2302/2302/4 2303/2303/4 2304/2304/4
f 2304/2304/4 2303/2303/4 2305/2305/4
f 2306/2306/4 2307/2307/4 2308/2308/4
f 2308/2308/4 2307/2307/4 2309/2309/4
f 2310/2310/1240 2311/2311/1242 2312/2312/1237
f 2312/2312/1237 2311/2311/1242 2313/2313/1238
f 2314/2314/1245 2315/2315/4 2316/2316/4
f 2316/2316/4 2315/2315/4 2317/2317/4
f 2315/2315/4 2318/2318/4 2317/2317/4
f 2319/2319/59 2320/2320/59 2321/2321/59
f 2321/2321/59 2320/2320/59 2322/2322/59
f 2320/2320/59 2323/2323/1291 2322/2322/59
f 2322/2322/59 2323/2323/1291 2324/2324/59
usemtl mat0.025
f 2325/2325/4 2326/2326/4 2327/2327/4
f 2328/2328/1292 2329/2329/1293 2330/2330/1294
f 2331/2331/1295 2332/2332/1296 2333/2333/1297
f 2334/2334/1298 2335/2335/1299 2336/2336/1300
f 2337/2337/1301 2338/2338/1302 2339/2339/1303
f 2340/2340/1304 2341/2341/1305 2342/2342/1306
f 2343/2343/1307 2344/2344/1308 2345/2345/1309
f 2345/2345/1309 2344/2344/1308 2346/2346/1310
f 2347/2347/1311 2348/2348/1296 2349/2349/1312
f 2349/2349/1312 2348/2348/1296 2350/2350/1313
f 2351/2351/1311 2352/2352/1299 2353/2353/1296
f 2353/2353/1296 2352/2352/1299 2354/2354/1314
f 2355/2355/1315 2356/2356/1298 2357/2357/1316
f 2357/2357/1316 2356/2356/1298 2358/2358/1300
f 2359/2359/1310 2360/2360/1317 2361/2361/1318
f 2361/2361/1318 2360/2360/1317 2362/2362/1298
f 2363/2363/1319 2364/2364/1320 2365/2365/1321
f 2365/2365/1321 2364/2364/1320 2366/2366/1322
f 2367/2367/1319 2368/2368/1321 2369/2369/1323
f 2369/2369/1323 2368/2368/1321 2370/2370/1324
f 2371/2371/1325 2372/2372/1326 2373/2373/1327
f 2373/2373/1327 2372/2372/1326 2374/2374/1328
f 2375/2375/1329 2376/2376/1330 2377/2377/1331
f 2377/2377/1331 2376/2376/1330 2378/2378/1332
f 2379/2379/1333 2380/2380/1334 2381/2381/1335
f 2381/2381/1335 2380/2380/1334 2382/2382/1336
f 2383/2383/1337 2384/2384/1338 2385/2385/1336
f 2385/2385/1336 2384/2384/1338 2386/2386/1339
f 2387/2387/1340 2388/2388/1341 2389/2389/1342
f 2389/2389/1342 2388/2388/1341 2390/2390/1343
f 2391/2391/1344 2392/2392/1345 2393/2393/1346
f 2393/2393/1346 2392/2392/1345 2394/2394/1304
f 2395/2395/1341 2396/2396/1340 2397/2397/1347
f 2397/2397/1347 2396/2396/1340 2398/2398/1348
f 2399/2399/1349 2400/2400/1305 2401/2401/1350
f 2401/2401/1350 2400/2400/1305 2402/2402/1351
f 2403/2403/1323 2404/2404/1324 2405/2405/1328
f 2405/2405/1328 2404/2404/1324 2406/2406/1338
f 2407/2407/1352 2408/2408/1298 2409/2409/1353
f 2409/2409/1353 2408/2408/1298 2410/2410/1354
f 2411/2411/1313 2412/2412/1296 2413/2413/1355
f 2413/2413/1355 2412/2412/1296 2414/2414/1295
f 2415/2415/1356 2416/2416/1357 2417/2417/1358
f 2417/2417/1358 2416/2416/1357 2418/2418/1359
f 2419/2419/1360 2420/2420/1361 2421/2421/1362
f 2421/2421/1362 2420/2420/1361 2422/2422/1363
f 2423/2423/1364 2424/2424/1365 2425/2425/1366
f 2425/2425/1366 2424/2424/1365 2426/2426/1367
f 2427/2427/1368 2428/2428/1369 2429/2429/1370
f 2429/2429/1370 2428/2428/1369 2430/2430/1371
f 2431/2431/1372 2432/2432/1373 2433/2433/1360
f 2433/2433/1360 2432/2432/1373 2434/2434/1361
f 2435/2435/1374 2436/2436/1375 2437/2437/1358
f 2437/2437/1358 2436/2436/1375 2438/2438/1358
f 2439/2439/1376 2440/2440/1377 2441/2441/1378
f 2441/2441/1378 2440/2440/1377 2442/2442/1379
f 2443/2443/1380 2444/2444/1381 2445/2445/1382
f 2445/2445/1382 2444/2444/1381 2446/2446/1383
f 2447/2447/1384 2448/2448/1385 2449/2449/1386
f 2449/2449/1386 2448/2448/1385 2450/2450/1387
f 2451/2451/1366 2452/2452/1388 2453/2453/1384
f 2453/2453/1384 2452/2452/1388 2454/2454/1385
f 2455/2455/1389 2456/2456/1390 2457/2457/1391
f 2457/2457/1391 2456/2456/1390 2458/2458/1392
f 2459/2459/1393 2460/2460/1394 2461/2461/1389
f 2461/2461/1389 2460/2460/1394 2462/2462/1390
f 2463/2463/1386 2464/2464/1387 2465/2465/1393
f 2465/2465/1393 2464/2464/1387 2466/2466/1394
f 2467/2467/1359 2468/2468/1395 2469/2469/1368
f 2469/2469/1368 2468/2468/1395 2470/2470/1369
f 2471/2471/1396 2472/2472/1397 2473/2473/1398
f 2473/2473/1398 2472/2472/1397 2474/2474/1399
f 2475/2475/1400 2476/2476/1399 2477/2477/1401
f 2477/2477/1401 2476/2476/1399 2478/2478/1402
f 2479/2479/4 2480/2480/4 2481/2481/4
f 2481/2481/4 2480/2480/4 2482/2482/4
f 2483/2483/1403 2484/2484/1404 2485/2485/1294
f 2485/2485/1294 2484/2484/1404 2486/2486/1303
f 2487/2487/1353 2488/2488/1317 2489/2489/1405
f 2489/2489/1405 2488/2488/1317 2490/2490/1406
f 2491/2491/1295 2492/2492/1302 2493/2493/1407
f 2493/2493/1407 2492/2492/1302 2494/2494/1301
f 2495/2495/1382 2496/2496/1408 2497/2497/1409
f 2497/2497/1409 2496/2496/1408 2498/2498/1410
f 2499/2499/1362 2500/2500/1363 2501/2501/1380
f 2501/2501/1380 2500/2500/1363 2502/2502/1381
f 2503/2503/1403 2504/2504/1411 2505/2505/1412
f 2505/2505/1412 2504/2504/1411 2506/2506/1293
f 2507/2507/1413 2508/2508/1414 2509/2509/1338
f 2509/2509/1338 2508/2508/1414 2510/2510/1415
f 2508/2508/1414 2511/2511/1416 2510/2510/1415
f 2510/2510/1415 2511/2511/1416 2512/2512/1333
f 2513/2513/1417 2514/2514/1418 2515/2515/1405
f 2515/2515/1405 2514/2514/1418 2516/2516/1419
f 2514/2514/1418 2517/2517/1420 2516/2516/1419
f 2516/2516/1419 2517/2517/1420 2518/2518/1421
f 2519/2519/1421 2520/2520/1422 2521/2521/1423
f 2521/2521/1423 2520/2520/1422 2522/2522/1352
f 2520/2520/1422 2523/2523/1424 2522/2522/1352
f 2524/2524/1322 2525/2525/1425 2526/2526/1321
f 2526/2526/1321 2525/2525/1425 2527/2527/1426
f 2525/2525/1425 2528/2528/1427 2527/2527/1426
f 2527/2527/1426 2528/2528/1427 2529/2529/1428
f 2528/2528/1427 2530/2530/1429 2529/2529/1428
f 2529/2529/1428 2530/2530/1429 2531/2531/1416
f 2532/2532/1321 2533/2533/1430 2534/2534/1413
f 2534/2534/1413 2533/2533/1430 2535/2535/1414
f 2533/2533/1430 2536/2536/1431 2535/2535/1414
f 2535/2535/1414 2536/2536/1431 2537/2537/1432
f 2538/2538/1433 2539/2539/1434 2540/2540/1435
f 2540/2540/1435 2539/2539/1434 2541/2541/1436
f 2539/2539/1434 2542/2542/1329 2541/2541/1436
f 2541/2541/1436 2542/2542/1329 2543/2543/1437
f 2544/2544/1435 2545/2545/1436 2546/2546/1438
f 2546/2546/1438 2545/2545/1436 2547/2547/1439
f 2545/2545/1436 2548/2548/1437 2547/2547/1439
f 2547/2547/1439 2548/2548/1437 2549/2549/1440
f 2550/2550/1438 2551/2551/1439 2552/2552/1441
f 2552/2552/1441 2551/2551/1439 2553/2553/1442
f 2551/2551/1439 2554/2554/1440 2553/2553/1442
f 2553/2553/1442 2554/2554/1440 2555/2555/1333
f 2556/2556/1443 2557/2557/1442 2558/2558/1444
f 2558/2558/1444 2557/2557/1442 2559/2559/1416
f 2557/2557/1442 2560/2560/1333 2559/2559/1416
f 2561/2561/1292 2562/2562/1411 2563/2563/1424
f 2563/2563/1424 2562/2562/1411 2564/2564/1352
f 2562/2562/1411 2565/2565/1296 2564/2564/1352
f 2564/2564/1352 2565/2565/1296 2566/2566/1314
f 2567/2567/1445 2568/2568/1446 2569/2569/1447
f 2569/2569/1447 2568/2568/1446 2570/2570/1332
f 2568/2568/1446 2571/2571/1448 2570/2570/1332
f 2570/2570/1332 2571/2571/1448 2572/2572/1350
f 2571/2571/1448 2573/2573/1349 2572/2572/1350
f 2574/2574/1448 2575/2575/1446 2576/2576/1449
f 2576/2576/1449 2575/2575/1446 2577/2577/1450
f 2575/2575/1446 2578/2578/1445 2577/2577/1450
f 2579/2579/1333 2580/2580/1440 2581/2581/1334
f 2581/2581/1334 2580/2580/1440 2582/2582/1340
f 2580/2580/1440 2583/2583/1437 2582/2582/1340
f 2582/2582/1340 2583/2583/1437 2584/2584/1348
f 2583/2583/1437 2585/2585/1329 2584/2584/1348
f 2584/2584/1348 2585/2585/1329 2586/2586/1351
f 2585/2585/1329 2587/2587/1451 2586/2586/1351
f 2586/2586/1351 2587/2587/1451 2588/2588/1350
f 2587/2587/1451 2589/2589/1332 2588/2588/1350
f 2590/2590/1325 2591/2591/1336 2592/2592/1452
f 2592/2592/1452 2591/2591/1336 2593/2593/1343
f 2591/2591/1336 2594/2594/1342 2593/2593/1343
f 2595/2595/1453 2596/2596/1447 2597/2597/1433
f 2597/2597/1433 2596/2596/1447 2598/2598/1454
f 2596/2596/1447 2599/2599/1332 2598/2598/1454
f 2600/2600/1455 2601/2601/1456 2602/2602/1457
f 2602/2602/1457 2601/2601/1456 2603/2603/1458
f 2601/2601/1456 2604/2604/59 2603/2603/1458
f 2603/2603/1458 2604/2604/59 2605/2605/59
f 2604/2604/59 2606/2606/59 2605/2605/59
f 2605/2605/59 2606/2606/59 2607/2607/59
f 2606/2606/59 2608/2608/59 2607/2607/59
f 2607/2607/59 2608/2608/59 2609/2609/1459
f 2608/2608/59 2610/2610/1460 2609/2609/1459
f 2609/2609/1459 2610/2610/1460 2611/2611/1461
f 2610/2610/1460 2612/2612/1462 2611/2611/1461
f 2611/2611/1461 2612/2612/1462 2613/2613/1463
f 2612/2612/1462 2614/2614/1464 2613/2613/1463
f 2613/2613/1463 2614/2614/1464 2615/2615/1465
f 2614/2614/1464 2616/2616/1466 2615/2615/1465
f 2615/2615/1465 2616/2616/1466 2617/2617/1467
f 2616/2616/1466 2618/2618/1468 2617/2617/1467
f 2617/2617/1467 2618/2618/1468 2619/2619/1469
f 2620/2620/1372 2621/2621/1470 2622/2622/1471
f 2622/2622/1471 2621/2621/1470 2623/2623/1472
f 2621/2621/1470 2624/2624/1473 2623/2623/1472
f 2623/2623/1472 2624/2624/1473 2625/2625/1392
f 2626/2626/1474 2627/2627/1475 2628/2628/1476
f 2628/2628/1476 2627/2627/1475 2629/2629/1477
f 2627/2627/1475 2630/2630/1397 2629/2629/1477
f 2629/2629/1477 2630/2630/1397 2631/2631/1396
f 2632/2632/59 2633/2633/59 2634/2634/59
f 2634/2634/59 2633/2633/59 2635/2635/59
f 2633/2633/59 2636/2636/59 2635/2635/59
