# Blender 5.1.0
# www.blender.org
mtllib MAC Spider Hitbox 2.mtl
o MAC_Spider_Revised_v3
v 0.295977 0.348729 0.176910
v 0.314057 0.398719 0.177969
v 0.354379 0.369433 0.269611
v 0.389808 0.350150 0.253082
v 0.210588 0.296612 0.348530
v 0.241890 0.398656 0.325517
v 0.239504 0.360781 0.378037
v 0.160387 0.364606 0.295608
v -0.295978 0.348729 0.176910
v -0.314058 0.398719 0.177969
v -0.354380 0.369434 0.269611
v -0.389809 0.350150 0.253082
v -0.232314 0.320672 0.369159
v -0.267061 0.374168 0.351830
v -0.182420 0.402368 0.318292
v -0.170544 0.350675 0.295002
v -0.219040 0.170827 0.397963
v 0.171193 0.351752 -0.309220
v 0.211954 0.348939 -0.572511
v 0.291378 0.375966 -0.376150
v 0.373912 0.326094 -0.289138
v 0.450544 0.359615 -0.096676
v 0.308044 0.348150 -0.154852
v 0.592893 0.329758 0.048084
v 0.472016 0.375963 -0.059942
v 0.369564 0.325697 0.284790
v 0.280212 0.338121 0.391806
v -0.167770 0.350399 -0.320443
v -0.243076 0.358950 -0.380993
v -0.216283 0.367123 -0.591072
v -0.291379 0.375966 -0.376150
v -0.592397 0.346018 -0.204127
v -0.372925 0.403101 -0.268157
v -0.450588 0.360638 -0.096677
v -0.317059 0.325932 -0.152109
v -0.472017 0.375963 -0.059942
v -0.422078 0.418141 0.070122
v -0.369565 0.325697 0.284790
v -0.280213 0.338121 0.391806
v -0.347485 0.320769 0.095887
v 0.345044 0.321890 0.096122
v 0.344643 0.168933 0.289842
v 0.540007 0.342787 0.294362
v 0.256669 0.344484 0.556831
v 0.219306 0.140767 0.368239
v 0.459924 0.335743 -0.404663
v -0.004302 0.129188 0.406478
v -0.343969 0.167678 0.291610
v -0.337750 0.333253 0.502016
v -0.565431 0.348739 0.233506
v -0.351836 0.170380 -0.298968
v -0.198932 0.722855 -0.680679
v -0.197934 0.953287 -0.622745
v -0.078365 0.959046 -0.626820
v 0.191945 0.956781 -0.618975
v 0.206796 0.697308 -0.676394
v 0.036272 0.856137 -0.683169
v 0.077527 0.973247 -0.633829
v 0.066175 0.006584 0.091378
v -0.067311 0.009787 0.082355
v -0.023268 0.004536 -0.000721
v -0.252145 0.080572 0.210606
v 0.083232 0.010269 -0.039946
v 0.223734 0.066020 0.190497
v -0.481293 0.187364 -0.004821
v -0.292925 0.065880 0.001967
v -0.102634 0.017236 -0.081219
v -0.062856 0.166208 -0.453386
v -0.069016 0.048732 -0.245390
v -0.260115 0.084470 -0.222897
v 0.483131 0.181247 -0.014486
v 0.326409 0.075120 0.003521
v 0.069511 0.042704 -0.236308
v 0.059298 0.159175 -0.458302
v 0.326913 0.136900 -0.273601
v -0.405628 0.293093 -0.082486
v -0.388373 0.410429 -0.059771
v -0.389651 0.421717 -0.096677
v -0.357329 0.400025 0.059473
v -0.346922 0.398320 0.096163
v -0.450967 0.360512 0.096678
v -0.436929 0.322144 0.059934
v -0.336301 0.291293 -0.251534
v -0.258810 0.331236 -0.360341
v -0.197737 0.421243 -0.333598
v -0.204099 0.384104 -0.288499
v -0.304909 0.411373 -0.220822
v -0.314061 0.398720 -0.177969
v -0.387300 0.360117 -0.250577
v -0.228489 0.372965 0.151449
v -0.155391 0.532650 0.109497
v -0.158084 0.682780 0.236061
v 0.259823 0.329421 0.030615
v -0.259817 0.351995 0.002743
v -0.259814 0.533843 0.095769
v -0.227093 0.437960 0.328508
v -0.086970 0.886872 -0.386743
v -0.077348 1.037380 -0.546147
v -0.077348 0.906953 -0.472387
v 0.405627 0.293093 -0.082486
v 0.388372 0.410429 -0.059771
v 0.393319 0.420115 -0.096674
v 0.357328 0.400025 0.059473
v -0.174033 0.931946 -0.593329
v 0.349859 0.402418 0.096037
v 0.436928 0.322144 0.059934
v 0.250906 0.325128 -0.355405
v -0.174033 1.063322 -0.508806
v -0.174033 1.014993 -0.541491
v -0.174225 0.933903 -0.447785
v 0.197456 0.421965 -0.333326
v 0.204098 0.384104 -0.288499
v 0.314060 0.398720 -0.177969
v 0.352572 0.372064 -0.267806
v 0.389711 0.350609 -0.252988
v 0.155399 0.412136 0.180009
v 0.158109 0.668159 0.247922
v 0.155400 0.519508 0.041270
v 0.235724 0.694347 -0.118569
v 0.259817 0.530407 0.120417
v 0.227092 0.437960 0.328508
v 0.141991 0.866435 -0.401082
v 0.067361 0.628519 -0.332795
v -0.068533 0.629259 -0.327822
v -0.202217 0.421831 -0.286709
v -0.220151 0.629084 -0.251583
v -0.287011 0.422335 -0.202441
v -0.304775 0.626703 -0.141647
v -0.343507 0.420113 -0.072504
v -0.333821 0.628214 -0.000504
v -0.301959 0.630310 0.132899
v -0.226232 0.636480 0.235763
v -0.331323 0.436919 0.229560
v 0.077347 1.039781 -0.537279
v 0.077347 0.945575 -0.444441
v 0.077347 0.899595 -0.569238
v 0.174032 1.061075 -0.525028
v 0.174032 1.015802 -0.511374
v 0.174032 0.895267 -0.485478
v -0.251161 0.681040 0.131203
v -0.279447 0.676295 0.002108
v -0.249355 0.687395 -0.121995
v -0.162971 0.676660 -0.226255
v -0.070644 0.684966 -0.269607
v 0.202216 0.421831 -0.286709
v 0.220150 0.629084 -0.251583
v 0.304774 0.626703 -0.141647
v 0.343506 0.420113 -0.072504
v 0.343539 0.613753 0.082537
v 0.346086 0.422333 0.059805
v 0.226232 0.636480 0.235763
v 0.331322 0.436919 0.229560
v 0.271983 0.658766 0.131727
v 0.301393 0.659654 0.000608
v 0.162971 0.676660 -0.226255
v 0.069838 0.682402 -0.270094
v 0.243720 0.358228 -0.383678
v -0.014072 0.437592 -0.659722
v 0.331324 0.436919 -0.229556
v 0.420428 0.429318 0.077035
v 0.450833 0.359544 0.096677
v 0.333868 1.664775 -0.733792
v 0.317108 1.695487 -0.872288
v -0.317127 1.728930 -0.786994
v -0.338519 1.656885 -0.873850
v -0.330709 1.639292 -0.755016
v -0.340315 1.843076 -0.880035
v -0.352348 1.952784 -0.914146
v -0.334293 2.110923 -0.933859
v -0.372088 2.160663 -0.941897
v 0.317127 1.855479 -0.888422
v 0.359920 1.910068 -0.898599
v 0.337125 1.623505 -0.835363
v 0.334293 2.110923 -0.933859
v 0.372088 2.160663 -0.941897
v -0.058335 0.886222 -0.575938
v 0.058044 0.866766 -0.617715
v -0.247203 1.472641 -0.649472
v -0.124046 1.197210 -0.536150
v -0.186309 1.551468 -0.677849
v 0.247220 1.485147 -0.654194
v 0.122577 1.197393 -0.534460
v 0.185146 1.558615 -0.680391
v -0.048789 1.585349 -0.691406
v 0.011884 1.504904 -0.661737
v -0.128661 1.709506 -0.734142
v 0.283964 1.710827 -0.754594
v 0.133852 1.719443 -0.729751
v 0.071016 1.825520 -0.789599
v -0.069624 1.822125 -0.784584
v -0.301698 1.205600 -0.589683
v -0.278773 1.719493 -0.755720
v 0.298923 1.208143 -0.584951
v 0.316998 1.635930 -0.817452
v -0.311410 1.641284 -0.787053
v -0.295455 1.701751 -0.881277
v 0.290591 1.704369 -0.883815
v 0.123250 1.083461 -0.560788
v -0.093525 1.102992 -0.527086
v -0.056612 1.005823 -0.644492
v -0.299835 1.133520 -0.705036
v 0.000000 1.031768 -0.662120
v 0.000000 1.029878 -0.667310
v 0.056896 0.999680 -0.610532
v 0.297782 1.132271 -0.704581
v -0.263522 1.283237 -1.080832
v 0.256562 1.346544 -1.095124
v -0.008271 1.145052 -1.061759
v 0.219275 1.811427 -1.084394
v 0.122472 1.839334 -1.089563
v 0.091562 1.429315 -1.158668
v 0.086891 1.598008 -1.163640
v -0.114022 1.552027 -1.155946
v -0.103415 1.847975 -1.091195
v -0.048899 1.410434 -1.154448
v -0.394595 1.138403 -0.893070
v -0.541900 1.448861 -0.911600
v -0.226392 1.787807 -1.089054
v -0.366459 1.383480 -1.051842
v 0.482564 1.678839 -0.962537
v 0.538493 1.392112 -0.898542
v 0.306605 1.558367 -1.100091
v -0.009434 1.011886 -0.943079
v 0.201593 1.180254 -1.039113
v 0.358772 1.351021 -1.038831
v 0.384782 1.120733 -0.877096
v 0.061027 0.952028 -0.865201
v 0.298236 0.945679 -0.718469
v -0.055119 0.940101 -0.845052
v -0.352170 1.834021 -0.998937
v -0.574209 1.640238 -0.891370
v -0.576814 1.221812 -0.742411
v -0.350942 0.981974 -0.718548
v 0.163287 1.964677 -1.008370
v 0.584117 1.234393 -0.744030
v 0.166302 0.964879 -0.468807
v -0.166307 0.984953 -0.480801
v 0.166321 0.932045 -0.582397
v -0.014360 1.798743 -0.947153
v 0.013974 1.632511 -0.707740
v -0.166323 0.909197 -0.565279
v 0.050272 0.790588 0.769099
v 0.050284 0.714857 0.706029
v 0.050287 0.784344 0.617562
v -0.050272 0.821033 0.713639
v -0.050281 0.737552 0.754966
v -0.050284 0.776778 0.615519
v -0.236123 0.785450 0.692117
v 0.236120 0.785510 0.692228
v -0.000021 1.163554 0.844458
v -0.058011 0.717830 0.677648
v 0.069361 0.661314 0.628100
v -0.101519 0.596476 0.513809
v 0.101519 0.597179 0.513404
v -0.058013 0.773034 0.779385
v -0.058011 0.786265 0.743110
v -0.058009 0.864509 0.706625
v -0.058011 0.832073 0.661602
v -0.076657 0.770911 0.523509
v 0.078411 0.811211 0.592915
v 0.058011 0.732398 0.666604
v -0.108866 0.851988 0.710442
v -0.108869 0.754860 0.761109
v -0.107891 0.795837 0.624941
v 0.058012 0.752138 0.756467
v 0.058008 0.861018 0.733981
v 0.058011 0.835899 0.678989
v -0.102211 0.515374 0.099462
v -0.101237 0.407075 0.163807
v -0.104359 0.667047 0.637095
v 0.108866 0.855471 0.695159
v 0.108867 0.795698 0.745559
v 0.107809 0.720108 0.665368
v 0.101650 0.406230 0.164022
v 0.108873 0.771501 0.778567
v 0.101519 0.758244 0.502627
v -0.101519 0.580723 0.195048
v 0.101519 0.615782 0.256820
v 0.251381 0.346710 0.099784
v 0.251383 0.484549 0.151293
v -0.251381 0.508567 0.033269
v -0.251384 0.331962 0.071754
v -0.251381 0.460368 0.152804
v 0.251384 0.446646 -0.014513
v 0.101519 0.687042 0.379707
v 0.102112 0.522658 0.122778
v -0.101519 0.669543 0.348804
v -0.101519 0.455039 0.267412
v -0.090497 0.526373 0.397036
v 0.090497 0.526202 0.397124
v 0.101519 0.455039 0.267412
v 0.968422 0.560703 0.041663
v 0.942957 0.595180 -0.057362
v 0.886630 0.624333 0.052190
v 0.865210 0.522859 -0.050275
v 0.877033 0.599914 -0.047762
v 0.399738 0.355929 -0.070254
v 0.401084 0.355496 0.069231
v 0.881498 0.518862 0.050286
v 0.901390 0.539394 0.135428
v 0.901950 0.540877 -0.135453
v 1.004665 0.722419 -0.003005
v 0.998960 0.253225 0.038686
v 0.958396 0.233331 0.038674
v 0.988224 0.271400 -0.041805
v 0.987296 0.230991 -0.038676
v 1.064209 0.226784 -0.088977
v 1.036875 0.208145 0.088948
v 0.944183 0.238333 -0.088951
v 0.956527 0.303355 -0.171878
v 1.002425 0.307375 0.077566
v 0.846768 -0.000064 0.000001
v 0.947152 0.283520 0.163111
v 0.671714 0.620363 -0.161073
v 0.880828 0.526593 -0.126001
v 0.933679 0.448668 -0.046757
v 0.671714 0.620363 0.161072
v 0.880828 0.526593 0.126000
v 0.911018 0.458605 0.066314
v 0.969071 0.358176 -0.136186
v 1.035018 0.052510 -0.062031
v 1.022327 0.245126 0.030924
v 1.021198 0.047932 0.121644
v 0.974113 0.426679 0.091152
v 0.916419 0.393348 0.216779
v 1.125908 0.133097 0.096682
v 0.981821 0.489084 0.271633
v 0.920999 0.557224 -0.256949
v 0.975749 0.541438 -0.114399
v 0.992955 0.525030 0.106268
v 0.782458 0.700955 -0.117155
v 0.782458 0.700955 0.117155
v 1.101778 0.342789 0.062800
v 1.065880 0.404763 -0.133549
v 1.143361 0.110333 0.130957
v 1.139486 0.101235 -0.133592
v 1.086274 0.106326 -0.036626
v 1.030934 0.466974 -0.096678
v 0.588869 0.620363 0.361078
v 0.711935 0.526593 0.533743
v 0.693273 0.448668 0.627149
v 0.361078 0.620363 0.588869
v 0.536325 0.522065 0.711853
v 0.597309 0.459697 0.687702
v 0.781535 0.358175 0.588939
v 0.775731 0.052510 0.688006
v 0.701028 0.245126 0.744761
v 0.636081 0.047932 0.808111
v 0.624348 0.426679 0.753256
v 0.494720 0.393348 0.801292
v 0.727773 0.133097 0.864502
v 0.502179 0.489084 0.886326
v 0.832935 0.557224 0.469554
v 0.632753 0.503088 0.800681
v 0.770851 0.541438 0.609067
v 0.599206 0.566000 0.738505
v 0.636123 0.700955 0.470440
v 0.470440 0.700955 0.636122
v 0.734668 0.342789 0.823481
v 0.848124 0.404763 0.659258
v 0.715877 0.110333 0.901079
v 0.900201 0.101234 0.711274
v 0.794010 0.106326 0.742213
v 0.797342 0.466974 0.660619
v 0.679016 0.253225 0.733727
v 0.650342 0.233331 0.705035
v 0.728340 0.271400 0.669219
v 0.725471 0.230991 0.670776
v 0.815425 0.226784 0.689593
v 0.670285 0.208145 0.796077
v 0.730535 0.238333 0.604741
v 0.797902 0.303355 0.554831
v 0.653974 0.307375 0.763669
v 0.598754 -0.000064 0.598756
v 0.554400 0.283520 0.785074
v 0.655317 0.560703 0.714238
v 0.707332 0.595180 0.626210
v 0.590038 0.624333 0.663847
v 0.647345 0.522859 0.576247
v 0.653928 0.599914 0.586383
v 0.332334 0.355929 0.232980
v 0.234656 0.355496 0.332562
v 0.587755 0.518862 0.658871
v 0.541617 0.539394 0.733142
v 0.733555 0.540877 0.541995
v 0.712530 0.722419 0.708280
v 0.361078 0.620363 -0.588870
v 0.533743 0.526593 -0.711935
v 0.627149 0.448668 -0.693273
v 0.588869 0.620363 -0.361079
v 0.711935 0.526593 -0.533744
v 0.691078 0.458605 -0.597296
v 0.588939 0.358175 -0.781535
v 0.688006 0.052510 -0.775731
v 0.744761 0.245126 -0.701028
v 0.808111 0.047932 -0.636081
v 0.753256 0.426679 -0.624348
v 0.801292 0.393348 -0.494720
v 0.864502 0.133097 -0.727773
v 0.886326 0.489084 -0.502179
v 0.469554 0.557224 -0.832935
v 0.609067 0.541438 -0.770851
v 0.777269 0.525030 -0.626983
v 0.470440 0.700955 -0.636123
v 0.636123 0.700955 -0.470440
v 0.823587 0.343044 -0.734839
v 0.657153 0.404836 -0.847910
v 0.901079 0.110333 -0.715878
v 0.711274 0.101234 -0.900202
v 0.742214 0.106326 -0.794010
v 0.660619 0.466974 -0.797343
v 0.733727 0.253225 -0.679016
v 0.705035 0.233331 -0.650342
v 0.669219 0.271400 -0.728340
v 0.670776 0.230991 -0.725472
v 0.689594 0.226784 -0.815426
v 0.796078 0.208145 -0.670285
v 0.604741 0.238333 -0.730536
v 0.554831 0.303355 -0.797903
v 0.763669 0.307375 -0.653974
v 0.598756 -0.000064 -0.598754
v 0.785075 0.283520 -0.554401
v 0.714238 0.560703 -0.655318
v 0.626210 0.595180 -0.707332
v 0.663847 0.624333 -0.590038
v 0.576247 0.522859 -0.647346
v 0.586384 0.599914 -0.653929
v 0.232980 0.355929 -0.332335
v 0.332563 0.355496 -0.234656
v 0.658871 0.518862 -0.587755
v 0.733142 0.539394 -0.541617
v 0.541995 0.540877 -0.733556
v 0.708280 0.722419 -0.712530
v -0.714238 0.560703 0.655317
v -0.626210 0.595180 0.707332
v -0.663847 0.624333 0.590038
v -0.576247 0.522859 0.647345
v -0.586384 0.599914 0.653928
v -0.232980 0.355929 0.332334
v -0.332563 0.355496 0.234655
v -0.658871 0.518862 0.587755
v -0.733142 0.539394 0.541617
v -0.541995 0.540877 0.733555
v -0.708280 0.722419 0.712530
v -0.733727 0.253225 0.679015
v -0.705035 0.233331 0.650341
v -0.669219 0.271400 0.728340
v -0.670776 0.230991 0.725471
v -0.689594 0.226784 0.815425
v -0.796078 0.208145 0.670285
v -0.604741 0.238333 0.730535
v -0.554831 0.303355 0.797902
v -0.763669 0.307375 0.653973
v -0.598756 -0.000064 0.598754
v -0.785074 0.283520 0.554400
v -0.361078 0.620363 0.588869
v -0.533743 0.526593 0.711935
v -0.627149 0.448668 0.693273
v -0.588869 0.620363 0.361078
v -0.711935 0.526593 0.533743
v -0.691078 0.458605 0.597295
v -0.714769 0.052004 0.756068
v -0.588939 0.358175 0.781535
v -0.658731 0.045826 0.806210
v -0.744761 0.245126 0.701028
v -0.808114 0.047902 0.636081
v -0.753256 0.426679 0.624348
v -0.801292 0.393348 0.494719
v -0.864773 0.130975 0.728043
v -0.886326 0.489084 0.502179
v -0.469554 0.557224 0.832935
v -0.609067 0.541438 0.770851
v -0.777269 0.525030 0.626982
v -0.470440 0.700955 0.636122
v -0.636122 0.700955 0.470440
v -0.823587 0.343045 0.734839
v -0.657153 0.404836 0.847910
v -0.901079 0.110333 0.715877
v -0.711274 0.101234 0.900201
v -0.761517 0.080344 0.717758
v -0.660619 0.466974 0.797342
v -0.655317 0.560703 -0.714238
v -0.707332 0.595180 -0.626211
v -0.590038 0.624333 -0.663847
v -0.647345 0.522859 -0.576247
v -0.653928 0.599914 -0.586384
v -0.332335 0.355929 -0.232981
v -0.234656 0.355496 -0.332563
v -0.587755 0.518862 -0.658872
v -0.541617 0.539394 -0.733142
v -0.733555 0.540877 -0.541996
v -0.712530 0.722419 -0.708281
v -0.679016 0.253225 -0.733727
v -0.650342 0.233331 -0.705036
v -0.728340 0.271400 -0.669220
v -0.725471 0.230991 -0.670777
v -0.815425 0.226784 -0.689594
v -0.670285 0.208145 -0.796078
v -0.730535 0.238333 -0.604741
v -0.797902 0.303355 -0.554832
v -0.653974 0.307375 -0.763670
v -0.598754 -0.000064 -0.598757
v -0.554400 0.283520 -0.785075
v -0.588869 0.620363 -0.361079
v -0.711935 0.526593 -0.533744
v -0.693273 0.448668 -0.627150
v -0.361078 0.620363 -0.588870
v -0.533743 0.526593 -0.711936
v -0.597296 0.458605 -0.691078
v -0.781535 0.358175 -0.588939
v -0.775730 0.052510 -0.688007
v -0.701028 0.245126 -0.744762
v -0.636081 0.047932 -0.808112
v -0.624348 0.426679 -0.753257
v -0.494720 0.393348 -0.801293
v -0.727773 0.133097 -0.864503
v -0.502179 0.489084 -0.886327
v -0.832935 0.557224 -0.469555
v -0.770851 0.541438 -0.609067
v -0.626982 0.525030 -0.777269
v -0.636122 0.700955 -0.470440
v -0.470440 0.700955 -0.636123
v -0.734668 0.342789 -0.823482
v -0.848123 0.404763 -0.659258
v -0.715877 0.110333 -0.901080
v -0.900201 0.101234 -0.711275
v -0.794010 0.106326 -0.742214
v -0.797342 0.466974 -0.660620
v -0.672352 0.637580 0.112824
v -0.889493 0.487641 0.127022
v -0.961318 0.420106 0.030609
v -0.671714 0.620363 -0.161073
v -0.880828 0.526593 -0.126001
v -0.911018 0.458605 -0.066314
v -0.969071 0.358175 0.136186
v -1.035018 0.052510 0.062030
v -1.022327 0.245126 -0.030925
v -1.021198 0.047932 -0.121644
v -0.974113 0.426679 -0.091152
v -0.916419 0.393348 -0.216780
v -1.125908 0.133097 -0.096683
v -0.981821 0.489084 -0.271634
v -0.920999 0.557224 0.256949
v -0.974810 0.541146 0.122199
v -0.870529 0.564916 0.124354
v -0.992955 0.525030 -0.106269
v -0.789628 0.704692 0.108899
v -0.782458 0.700955 -0.117156
v -1.101778 0.342789 -0.062801
v -1.065880 0.404763 0.133548
v -1.143361 0.110333 -0.130958
v -1.139486 0.101234 0.133591
v -1.086274 0.106326 0.036625
v -1.030934 0.466974 0.096677
v -0.998960 0.253225 -0.038687
v -0.958396 0.233331 -0.038674
v -0.988224 0.271400 0.041804
v -0.987296 0.230991 0.038675
v -1.064209 0.226784 0.088976
v -1.036875 0.208145 -0.088949
v -0.944183 0.238333 0.088950
v -0.956527 0.303355 0.171877
v -1.002425 0.307375 -0.077567
v -0.846768 -0.000064 -0.000002
v -0.947152 0.283520 -0.163112
v -0.968422 0.560703 -0.041663
v -0.942957 0.595180 0.057361
v -0.886630 0.624333 -0.052191
v -0.865210 0.522859 0.050274
v -0.877033 0.599914 0.047761
v -0.399738 0.355929 0.070254
v -0.401084 0.355496 -0.069231
v -0.881498 0.518862 -0.050287
v -0.901390 0.539394 -0.135429
v -0.901950 0.540877 0.135453
v -1.004665 0.722419 0.003005
v 0.115110 0.640012 0.914377
v 0.114689 0.714964 0.752745
v 0.171269 0.370295 1.078019
v -0.022697 0.710754 1.120254
v 0.116422 0.804920 0.972618
v 0.182518 0.682731 0.798961
v -0.073586 0.594207 0.981959
v -0.114692 0.720519 0.759651
v -0.121971 0.801291 0.970812
v -0.187649 0.650315 0.914094
v 0.114682 0.830044 0.657134
v 0.115225 0.867158 0.628169
v 0.114695 0.724359 0.651384
v 0.227187 0.841725 0.741009
v 0.224229 0.649898 1.128551
v 0.009311 0.462066 1.295427
v -0.114682 0.830044 0.657134
v -0.115225 0.867158 0.628169
v -0.114695 0.724359 0.651384
v -0.227187 0.841725 0.741009
v -0.221342 0.637967 1.141168
v 0.205122 0.764295 0.601864
v -0.205122 0.764295 0.601864
v 0.226413 0.756575 0.737406
v 0.217407 0.773432 0.637291
v -0.226413 0.756575 0.737406
v -0.217407 0.773432 0.637291
v 0.189325 0.225812 1.323818
v 0.216167 0.321630 1.325254
v -0.184656 0.217536 1.327622
v -0.219998 0.349740 1.311899
v 0.000000 0.347527 1.200090
v -0.169821 0.504841 0.983366
v -0.174033 0.297327 1.044169
vn 0.2321 -0.8934 0.3846
vn 0.8512 -0.2987 -0.4315
vn 0.8371 -0.2930 -0.4619
vn 0.8426 -0.2952 -0.4503
vn -0.4978 -0.8654 -0.0575
vn -0.4526 -0.0696 -0.8890
vn -0.4560 -0.0617 -0.8878
vn -0.4536 -0.0675 -0.8887
vn -0.4567 -0.0601 -0.8876
vn -0.9247 0.3274 0.1941
vn 0.4835 -0.7203 -0.4975
vn -0.1794 0.9626 0.2031
vn 0.1680 0.9840 -0.0599
vn 0.2689 0.9609 -0.0663
vn 0.1479 0.9864 -0.0720
vn 0.6146 0.5219 -0.5915
vn 0.6603 0.4624 -0.5918
vn 0.6885 0.4216 -0.5901
vn -0.0303 0.9973 -0.0671
vn -0.0388 0.9966 -0.0732
vn -0.1137 0.8205 0.5602
vn -0.8371 -0.2930 -0.4619
vn 0.4978 -0.8654 -0.0575
vn 0.5308 -0.2939 -0.7949
vn 0.5567 -0.2339 -0.7971
vn 0.6537 0.1072 -0.7491
vn 0.6660 0.1997 -0.7188
vn -0.2091 -0.4216 -0.8823
vn 0.4337 -0.2854 0.8546
vn 0.0152 0.9999 -0.0000
vn -0.0936 0.9803 0.1741
vn -0.0800 0.9959 -0.0412
vn -0.2121 0.9545 0.2095
vn 0.7142 0.1926 0.6729
vn 0.7434 0.1892 0.6415
vn 0.7567 0.1874 0.6263
vn -0.0653 0.9933 -0.0957
vn 0.2620 0.9651 0.0002
vn 0.1257 0.9910 -0.0463
vn 0.4772 0.8781 0.0342
vn -0.0249 0.9996 -0.0133
vn -0.3341 0.9396 -0.0739
vn -0.0878 0.9958 0.0255
vn 0.1640 0.9616 -0.2199
vn 0.3439 -0.8146 0.4670
vn 0.5492 -0.7383 0.3916
vn 0.5237 -0.6224 0.5818
vn 0.0016 0.9911 0.1329
vn -0.0050 0.9959 0.0909
vn 0.0022 0.9906 0.1371
vn 0.3383 0.9377 0.0796
vn -0.1873 0.9694 -0.1590
vn -0.1512 0.9841 -0.0933
vn -0.2557 0.9233 -0.2867
vn -0.3477 0.8131 -0.4669
vn 0.1887 0.3170 0.9295
vn 0.1190 0.9919 0.0456
vn 0.0012 0.9914 -0.1306
vn 0.1010 0.9865 -0.1289
vn 0.2955 0.9480 0.1183
vn 0.3467 0.8491 -0.3985
vn 0.5430 0.7150 -0.4404
vn -0.4171 0.9087 0.0200
vn 0.7676 -0.0926 0.6342
vn 0.1859 0.9825 -0.0076
vn -0.0161 0.9972 0.0724
vn 0.1295 0.9915 0.0150
vn -0.2786 0.6663 0.6917
vn -0.0774 0.7650 0.6394
vn -0.2948 0.6564 0.6944
vn 0.1305 0.9900 -0.0536
vn -0.0004 0.9994 -0.0347
vn 0.0766 0.9960 -0.0459
vn -0.1173 0.9929 -0.0174
vn 0.4388 0.8580 0.2670
vn 0.3569 0.9309 -0.0779
vn -0.1678 0.9599 -0.2246
vn 0.3087 -0.9090 0.2801
vn 0.6980 -0.7158 -0.0186
vn 0.4592 -0.7978 -0.3907
vn 0.5631 -0.6675 -0.4872
vn 0.7983 -0.6016 0.0275
vn 0.0430 0.1666 -0.9851
vn 0.1293 0.5386 -0.8326
vn 0.2085 0.4645 -0.8607
vn -0.5385 -0.7410 0.4011
vn -0.3286 -0.8019 0.4990
vn -0.5586 -0.6437 0.5231
vn -0.3440 -0.8919 0.2935
vn -0.0299 -0.9184 0.3946
vn -0.0009 -0.3451 -0.9385
vn 0.2601 -0.5555 -0.7898
vn 0.1154 -0.7517 -0.6494
vn -0.0884 0.0227 -0.9958
vn -0.1203 0.2787 -0.9528
vn -0.0448 0.2438 -0.9688
vn 0.1014 -0.9793 0.1754
vn 0.4508 -0.8925 0.0116
vn 0.6261 -0.6894 0.3644
vn 0.1560 -0.9820 -0.1065
vn -0.1389 -0.9783 0.1538
vn -0.4221 -0.9065 0.0087
vn -0.0649 -0.9966 -0.0505
vn -0.6854 -0.7280 0.0146
vn -0.7077 -0.6464 0.2851
vn 0.1336 -0.9413 -0.3100
vn -0.1469 -0.9838 -0.1030
vn -0.1636 -0.7467 -0.6447
vn -0.1118 -0.9306 -0.3485
vn -0.3701 -0.8752 -0.3115
vn -0.5232 -0.7106 -0.4704
vn -0.2687 -0.5275 -0.8059
vn -0.7185 -0.6390 -0.2747
vn 0.1277 -0.0369 -0.9911
vn 0.6026 -0.7979 0.0135
vn 0.5561 -0.8280 0.0725
vn 0.6038 -0.7971 0.0120
vn 0.9865 -0.1628 -0.0164
vn 0.9817 -0.1815 -0.0580
vn 0.9594 -0.2284 -0.1653
vn -0.4409 0.1077 -0.8911
vn 0.6805 -0.7260 -0.0993
vn -0.3907 -0.9203 -0.0196
vn 0.5172 0.5459 -0.6592
vn 0.4655 0.5412 -0.7003
vn 0.3984 0.5317 -0.7473
vn -0.8699 -0.4219 -0.2554
vn -0.8717 -0.4260 -0.2422
vn -0.8679 -0.4178 -0.2686
vn -0.4990 -0.5058 0.7037
vn -0.8729 -0.4287 -0.2328
vn -0.5106 -0.8590 0.0360
vn -0.7000 -0.6621 -0.2676
vn 0.7608 -0.2440 -0.6014
vn 0.7860 -0.0238 -0.6177
vn 0.7326 -0.3862 -0.5604
vn -0.2544 0.7242 -0.6409
vn -0.0685 0.9804 -0.1849
vn -0.0675 0.9804 -0.1851
vn -0.0750 0.9802 -0.1835
vn 0.4793 0.8774 0.0211
vn 0.9773 -0.0582 0.2035
vn -0.5141 -0.3488 0.7836
vn 0.5465 0.6977 0.4632
vn 0.5471 0.7511 0.3696
vn 0.5303 0.5861 0.6126
vn 0.4423 0.1073 -0.8904
vn 0.6883 -0.6867 -0.2339
vn -0.7495 -0.6615 0.0265
vn -0.8262 -0.5461 -0.1384
vn -0.7475 -0.6636 0.0299
vn -0.6916 -0.7126 0.1179
vn -0.9936 -0.1074 0.0348
vn -0.9763 -0.1780 -0.1235
vn -0.9916 -0.1285 -0.0116
vn -0.9620 0.0060 0.2731
vn -0.0705 0.9889 -0.1305
vn -0.3650 0.9306 -0.0254
vn -0.2707 0.9607 -0.0608
vn 0.3376 -0.9310 -0.1390
vn 0.4937 -0.5004 0.7112
vn 0.2699 0.7157 -0.6442
vn 0.0876 0.9797 -0.1806
vn 0.8382 -0.5196 -0.1656
vn 0.8363 -0.5410 -0.0889
vn 0.8350 -0.4953 -0.2399
vn 0.8311 -0.4811 -0.2789
vn -0.7869 -0.4173 -0.4546
vn -0.5113 0.2060 -0.8343
vn -0.4876 0.2634 -0.8324
vn -0.5344 0.1056 -0.8386
vn -0.6482 -0.4191 -0.6358
vn -0.9749 -0.0378 -0.2194
vn -0.9706 0.0272 -0.2390
vn -0.9949 0.0052 -0.1007
vn -0.4398 0.8925 -0.1003
vn -0.1936 0.9806 -0.0292
vn -0.2967 0.9532 -0.0587
vn 0.5560 -0.8219 -0.1239
vn -0.2305 -0.1841 0.9555
vn 0.7528 0.5626 -0.3417
vn -0.6127 0.7756 -0.1516
vn -0.6279 0.4406 0.6415
vn -0.6266 0.5097 0.5896
vn -0.7075 0.6105 0.3561
vn -0.6358 0.6656 0.3910
vn -0.9920 0.1112 -0.0603
vn -0.9822 0.1584 -0.1010
vn -0.9996 0.0031 0.0281
vn -0.9460 0.2690 -0.1811
vn 0.7929 -0.4661 -0.3924
vn 0.9733 0.0042 0.2296
vn 0.9981 -0.0278 0.0542
vn 0.9953 -0.0205 0.0950
vn -0.5447 -0.3421 0.7657
vn -0.7561 0.0403 0.6533
vn -0.9886 0.1006 0.1119
vn -0.9646 0.0375 0.2609
vn -1.0000 0.0005 -0.0022
vn -0.3506 0.9364 0.0129
vn 0.9671 0.1877 -0.1719
vn 0.9883 0.1430 -0.0527
vn 0.9824 0.0763 0.1705
vn -0.9470 0.1498 0.2843
vn 0.9766 0.0482 0.2098
vn 0.0420 0.7589 -0.6498
vn 0.9754 0.0636 0.2109
vn 0.9190 0.0868 0.3845
vn 0.9390 0.0965 0.3302
vn -0.0835 -0.4707 0.8783
vn -0.0677 -0.4783 0.8756
vn -0.0895 -0.4679 0.8793
vn -0.0219 0.9091 -0.4160
vn 0.0509 0.9874 -0.1500
vn 0.0318 0.9744 -0.2227
vn 0.1208 -0.3036 -0.9451
vn -0.1213 -0.4521 0.8837
vn -0.9352 -0.0386 0.3519
vn -0.8099 -0.5504 0.2028
vn -0.1315 0.6389 0.7580
vn -0.2378 0.6818 0.6918
vn -0.0004 0.5725 0.8199
vn -0.1088 0.8184 -0.5642
vn 0.7783 0.1843 0.6002
vn 0.0167 -0.7018 -0.7122
vn -0.3220 -0.8516 0.4135
vn 0.9223 0.0812 0.3779
vn -0.7683 0.5802 0.2704
vn -0.5069 0.0025 -0.8620
vn -0.6875 -0.1749 -0.7048
vn -0.6454 -0.1292 -0.7528
vn 0.0845 0.9941 -0.0680
vn 0.9891 0.0725 0.1281
vn 0.7206 0.6538 0.2308
vn 0.7237 0.6494 0.2336
vn 0.7119 0.6658 0.2232
vn 0.7094 0.6692 0.2211
vn 0.9959 0.0390 0.0813
vn -0.3850 0.5945 0.7059
vn -0.0620 0.9805 -0.1864
vn 0.0759 0.1293 0.9887
vn 0.0209 0.3595 0.9329
vn -0.0176 0.4173 0.9086
vn -0.0311 -0.0617 -0.9976
vn -0.1017 -0.1223 -0.9873
vn 0.0841 -0.0713 -0.9939
vn -0.3193 -0.1987 -0.9266
vn 0.4663 0.1085 -0.8780
vn 0.5754 0.0896 -0.8129
vn 0.6280 0.0769 -0.7744
vn -0.9534 0.2807 -0.1107
vn -0.8981 0.0517 0.4368
vn -0.4539 -0.8903 -0.0371
vn 0.6722 0.7403 -0.0091
vn 0.3181 0.9480 -0.0123
vn 0.5892 0.8079 -0.0101
vn 0.8430 0.5312 -0.0846
vn -0.5930 -0.4217 -0.6859
vn 0.9680 -0.0005 0.2508
vn 0.9414 0.0411 0.3349
vn 0.9526 0.0252 0.3031
vn 0.1737 0.9761 0.1304
vn -0.5733 0.0351 0.8186
vn 0.8585 0.0283 0.5120
vn 0.8812 0.4367 0.1808
vn 0.6184 0.6273 0.4735
vn 0.7956 0.1513 0.5867
vn -0.4988 -0.2881 0.8174
vn 0.9148 0.1939 0.3543
vn 0.9279 0.1836 0.3246
vn 0.7970 0.2585 0.5459
vn 0.6820 0.4598 0.5687
vn 0.7284 0.4111 0.5482
vn 0.7163 0.4243 0.5539
vn 0.3379 0.3996 0.8521
vn -0.2057 -0.1181 0.9715
vn -0.5468 0.1259 0.8278
vn -0.6177 0.2236 0.7540
vn -0.6030 0.2022 0.7717
vn 0.8114 0.5197 -0.2676
vn 0.9644 0.0988 -0.2452
vn 0.9081 0.0305 -0.4177
vn -0.5860 0.2607 0.7672
vn 0.3232 0.8880 -0.3272
vn 0.7872 0.1282 -0.6032
vn 0.9851 0.1163 -0.1264
vn 0.8585 -0.3017 -0.4146
vn 0.7348 0.4039 -0.5449
vn 0.7467 0.3902 -0.5388
vn 0.7505 0.3856 -0.5367
vn 0.9956 0.0240 -0.0905
vn 0.9430 0.1701 0.2861
vn -0.3734 0.3961 0.8389
vn 0.4195 0.6473 0.6365
vn -0.0702 0.7249 -0.6853
vn -0.0653 0.7215 -0.6893
vn -0.0639 0.7205 -0.6905
vn -0.0582 0.7166 -0.6951
vn -0.8321 -0.2956 0.4693
vn -0.8349 -0.2915 0.4669
vn -0.8115 -0.3251 0.4856
vn -0.8077 -0.3303 0.4884
vn -1.0000 0.0009 -0.0013
vn 0.2954 -0.6026 0.7414
vn 0.2998 -0.6050 0.7376
vn 0.4080 -0.6576 0.6334
vn -0.1542 0.9359 0.3167
vn 0.2650 0.9642 -0.0126
vn -0.3370 -0.4635 -0.8195
vn 0.1422 -0.7486 -0.6476
vn 0.1613 -0.5226 0.8372
vn -0.4643 -0.1860 -0.8659
vn 0.0056 0.0353 0.9994
vn 0.0362 0.0121 0.9993
vn 0.0214 0.0233 0.9995
vn 0.0618 -0.0074 0.9981
vn -0.9958 0.0264 -0.0879
vn -0.2811 0.8854 0.3703
vn 0.3088 0.8406 -0.4450
vn 0.4363 0.7465 -0.5024
vn 0.1444 0.7420 -0.6547
vn 0.6882 0.6289 0.3617
vn 0.7153 0.4105 0.5655
vn 0.7124 0.5010 0.4913
vn 0.7097 0.3254 0.6249
vn 0.6344 0.6301 -0.4479
vn 0.9538 -0.1736 0.2450
vn 0.0957 0.6479 0.7557
vn -0.3711 0.4265 0.8249
vn 0.3844 0.9044 -0.1850
vn 0.6163 0.7874 -0.0085
vn 0.4770 0.8395 0.2602
vn -0.0123 -0.0221 -0.9997
vn 0.1993 -0.0967 -0.9751
vn -0.8451 0.5274 -0.0873
vn -0.4465 0.1118 -0.8878
vn -0.6252 0.0775 -0.7766
vn -0.4744 0.1059 -0.8739
vn -0.7661 0.3723 0.5239
vn -0.7805 0.1223 -0.6130
vn -0.6957 0.0548 -0.7162
vn -0.7457 0.0932 -0.6597
vn -0.7872 0.1282 -0.6032
vn -0.9775 0.0736 -0.1975
vn -0.9683 0.1057 -0.2265
vn -0.9851 0.1138 -0.1292
vn -0.1737 0.9761 0.1304
vn -0.9783 0.0477 -0.2018
vn -0.1836 -0.0803 -0.9797
vn -0.1758 -0.0503 -0.9831
vn -0.2195 -0.2268 -0.9489
vn -0.2083 0.3892 0.8973
vn -0.1893 0.4374 0.8791
vn -0.1954 0.4220 0.8853
vn -0.9621 0.1505 0.2274
vn -0.8252 0.0541 0.5622
vn -0.6386 0.0019 0.7696
vn -0.8278 0.0550 0.5583
vn -0.8519 0.0631 0.5198
vn -0.4573 -0.1468 -0.8771
vn -0.8000 0.1546 0.5797
vn -0.7348 0.4039 -0.5449
vn -0.7505 0.3856 -0.5367
vn -0.7467 0.3902 -0.5388
vn 0.4988 -0.2881 0.8174
vn -0.6855 0.0173 0.7278
vn -0.7642 -0.2703 -0.5856
vn -0.2805 0.4073 0.8692
vn 0.3864 0.2285 0.8936
vn 0.4091 0.2627 0.8738
vn 0.4237 0.2637 0.8666
vn 0.9196 0.0350 0.3913
vn 0.7525 -0.0850 0.6530
vn 0.8252 0.0144 0.5646
vn 0.6694 -0.1758 0.7219
vn -0.0869 0.5779 -0.8114
vn 0.4244 0.9045 -0.0407
vn 0.9119 0.3585 -0.1998
vn -0.7011 0.2909 -0.6511
vn -0.0268 0.6016 0.7983
vn -0.0464 0.5184 0.8539
vn 0.1070 0.9839 -0.1434
vn 0.2204 0.9599 -0.1730
vn 0.7484 -0.4479 -0.4892
vn 0.9239 0.0626 0.3775
vn -0.9909 0.0864 0.1030
vn 0.2166 0.0644 0.9741
vn 0.5630 0.5486 -0.6181
vn 0.5635 0.5486 -0.6176
vn -0.9991 -0.0008 0.0428
vn -0.0217 0.9997 0.0093
vn -0.0066 0.9998 -0.0167
vn 0.3378 0.9052 0.2579
vn -0.0820 0.1447 -0.9861
vn -0.0071 0.1565 -0.9877
vn 0.0939 0.1623 -0.9823
vn -0.0808 -0.2009 0.9763
vn 0.6384 -0.2055 0.7418
vn 0.7621 0.3716 0.5302
vn 0.2007 0.1482 -0.9684
vn 0.2132 0.1218 -0.9694
vn -0.1931 0.8512 0.4880
vn 0.3058 0.3791 0.8734
vn 0.3705 0.3977 0.8394
vn 0.2099 0.3486 0.9135
vn 0.0767 0.5265 0.8467
vn 0.4795 -0.6940 -0.5371
vn -0.0497 0.8587 -0.5101
vn -0.0066 0.9968 0.0802
vn 0.2253 0.9734 -0.0413
vn 0.2383 0.9704 0.0399
vn 0.1932 0.9584 -0.2101
vn -0.5140 0.7974 -0.3161
vn 0.3207 0.7809 -0.5360
vn 0.4889 0.4326 0.7575
vn -0.9217 -0.0780 -0.3799
vn 0.2392 0.8365 0.4930
vn -0.2097 0.7314 -0.6490
vn -0.1624 0.7157 -0.6792
vn -0.3122 0.8380 -0.4476
vn -0.4325 0.7386 -0.5171
vn -0.6534 0.7045 -0.2769
vn -0.6161 0.7315 -0.2921
vn -0.5103 0.8600 0.0060
vn -0.6681 0.7439 -0.0115
vn -0.6209 0.7238 0.3011
vn -0.6770 0.6868 0.2646
vn -0.5428 0.7182 0.4355
vn -0.5067 0.7429 0.4374
vn -0.2636 0.9644 0.0223
vn 0.5866 0.5549 -0.5899
vn 0.0125 0.9999 0.0097
vn -0.0465 0.9986 0.0247
vn -0.0932 0.9899 -0.1071
vn -0.4090 0.6831 0.6051
vn 0.4397 0.4553 0.7741
vn -0.2735 0.7796 -0.5635
vn -0.8483 0.0241 0.5290
vn -0.3948 -0.8132 -0.4277
vn 0.1303 0.3209 0.9381
vn 0.5396 0.6115 0.5788
vn 0.4827 0.5170 0.7069
vn 0.9422 0.3345 0.0211
vn 0.1033 0.9939 0.0377
vn 0.1300 0.8927 -0.4315
vn 0.0175 0.5420 0.8402
vn 0.9891 0.0426 0.1413
vn -0.0586 0.9399 0.3363
vn -0.1005 0.9674 0.2323
vn -0.0396 0.9235 0.3814
vn -0.6767 0.3175 0.6643
vn 0.2670 0.9233 0.2759
vn 0.2025 0.9793 -0.0083
vn 0.7629 0.3706 -0.5297
vn 0.5805 -0.5187 0.6277
vn 0.5615 0.0904 -0.8226
vn 0.4964 0.3812 -0.7799
vn 0.5650 0.0627 -0.8227
vn 0.4536 0.4983 -0.7389
vn -0.6393 -0.2034 0.7416
vn -0.6664 -0.1731 0.7252
vn -0.7475 -0.0699 0.6605
vn -0.7995 0.0114 0.6005
vn -0.4370 0.8383 0.3259
vn 0.1106 0.5496 -0.8281
vn -0.4158 0.9080 -0.0511
vn -0.7368 0.4521 0.5028
vn -0.1271 0.1241 -0.9841
vn 0.0808 -0.2009 0.9763
vn -0.3207 0.7809 -0.5360
vn -0.5779 0.5766 -0.5776
vn -0.2358 0.8301 0.5052
vn -0.1708 0.4817 0.8595
vn 0.3671 0.6584 -0.6570
vn 0.8483 0.0241 0.5290
vn -0.9422 0.3344 0.0211
vn -0.4827 0.5170 0.7069
vn 0.4676 0.2563 0.8460
vn 0.4833 0.2306 0.8445
vn -0.7629 0.3706 -0.5297
vn 0.4711 -0.1961 0.8600
vn 0.4959 0.7310 0.4687
vn 0.1942 0.6118 0.7668
vn 0.0235 -0.9259 0.3770
vn -0.0407 -0.9888 -0.1437
vn 0.0286 -0.4499 -0.8926
vn -0.0441 0.7742 -0.6314
vn 0.0792 0.9752 0.2067
vn -0.0431 0.3415 0.9389
vn -0.1002 0.3477 0.9322
vn -0.0382 0.3432 0.9385
vn 0.2557 0.3445 0.9033
vn 0.2609 0.3440 0.9020
vn -0.9764 -0.1444 -0.1604
vn -0.9979 -0.0075 0.0645
vn -0.9991 -0.0311 0.0288
vn -0.9923 -0.1034 -0.0688
vn -0.9913 -0.1072 -0.0764
vn 0.0419 -0.1283 -0.9909
vn 0.9348 -0.0900 -0.3434
vn 0.9658 -0.0149 -0.2590
vn 0.9436 -0.0717 -0.3231
vn 0.6307 -0.1665 -0.7579
vn 0.9707 0.0014 -0.2402
vn -0.3260 0.3871 0.8625
vn -0.0251 -0.1628 -0.9863
vn 0.0135 -0.1712 -0.9851
vn 0.0155 -0.1710 -0.9852
vn -0.0896 -0.1142 -0.9894
vn -0.9870 0.0396 0.1557
vn -0.9722 0.0899 0.2161
vn -0.9923 0.0125 0.1229
vn -0.9657 0.1070 0.2365
vn 0.9930 -0.0284 0.1147
vn 0.9959 -0.0615 0.0658
vn 0.9936 -0.0330 0.1080
vn 0.6179 -0.2160 -0.7560
vn -0.1080 -0.0997 -0.9891
vn 0.9961 -0.0662 0.0589
vn 0.1436 0.0789 0.9865
vn 0.2595 0.3382 0.9046
vn 0.0531 0.3632 0.9302
vn -0.1414 0.1856 0.9724
vn -0.0404 0.3694 0.9284
vn -0.2802 0.3311 0.9010
vn -0.0505 0.3535 0.9341
vn 0.0038 0.3440 0.9390
vn -0.0407 0.3914 0.9193
vn -0.1354 0.3897 0.9109
vn -0.0181 0.3520 0.9358
vn 0.1837 0.4032 0.8965
vn 0.0448 0.4287 0.9023
vn -0.2944 0.2154 0.9311
vn -0.9995 -0.0085 0.0303
vn -0.8738 0.1844 0.4500
vn -0.9903 0.0632 0.1234
vn -0.2542 0.9485 -0.1892
vn -0.4199 0.8973 -0.1362
vn -0.4470 0.8921 -0.0667
vn 0.2802 0.1595 0.9466
vn 0.9988 -0.0178 0.0448
vn 0.9501 0.1170 0.2892
vn 0.9350 0.1381 0.3268
vn -0.0007 0.4029 0.9153
vn -0.0641 0.0081 0.9979
vn 0.0092 0.4389 0.8985
vn 0.2407 0.9435 -0.2279
vn 0.4766 0.8789 -0.0195
vn 0.4363 0.8906 -0.1284
vn 0.1928 -0.2198 0.9563
vn -0.0501 -0.9282 0.3688
vn -0.0120 -0.8878 0.4600
vn -0.2165 -0.9174 0.3339
vn -0.5001 -0.7378 0.4533
vn -0.5001 -0.7379 0.4532
vn -0.5002 -0.7378 0.4533
vn -0.5000 -0.7380 0.4531
vn 0.5043 -0.5806 0.6391
vn -0.9781 -0.0547 -0.2007
vn -0.9994 -0.0266 -0.0235
vn -0.0360 0.9635 -0.2652
vn 0.1122 -0.9338 0.3399
vn -0.0050 -0.8883 0.4593
vn -0.6753 0.1011 0.7305
vn 0.5588 -0.7032 0.4396
vn 0.5587 -0.7034 0.4394
vn 0.5590 -0.7027 0.4400
vn 0.5592 -0.7025 0.4402
vn 0.0050 -0.9902 0.1393
vn -0.0125 -0.9980 0.0622
vn 0.0023 -0.9918 0.1275
vn 0.0024 0.4061 -0.9138
vn -0.0291 0.6167 -0.7867
vn -0.0320 0.6342 -0.7725
vn 0.0075 0.3692 -0.9293
vn 0.9993 -0.0353 0.0128
vn 0.8604 -0.1425 -0.4893
vn -0.0155 -0.9987 0.0491
vn -0.0000 0.6961 0.7179
vn 0.0305 0.8275 0.5606
vn 0.0045 0.7176 0.6964
vn 0.0335 0.8386 0.5438
vn -0.0309 -0.5432 -0.8390
vn -0.3582 -0.3575 -0.8625
vn -0.0955 -0.1894 -0.9772
vn -0.3509 0.3148 -0.8819
vn -0.2411 0.0455 -0.9694
vn 0.3687 -0.2600 -0.8924
vn 0.1456 -0.1358 -0.9800
vn 0.3710 0.3613 -0.8555
vn 0.0812 0.3888 -0.9177
vn -0.1520 0.5795 -0.8007
vn -0.0386 0.1333 -0.9903
vn -0.0655 -0.7109 -0.7002
vn -0.1845 -0.8256 -0.5333
vn -0.4482 -0.7103 -0.5427
vn -0.5305 -0.5837 -0.6146
vn 0.3066 -0.5237 -0.7948
vn 0.1577 -0.8059 -0.5707
vn 0.5416 -0.5983 -0.5905
vn 0.4473 -0.7118 -0.5415
vn 0.6426 -0.2669 -0.7182
vn 0.5621 -0.2672 -0.7827
vn 0.5902 0.1272 -0.7972
vn 0.5738 0.0324 -0.8184
vn -0.5434 0.0963 -0.8339
vn -0.5229 -0.1301 -0.8424
vn -0.7668 -0.1286 -0.6288
vn -0.1649 -0.9597 -0.2275
vn -0.2290 -0.9539 -0.1937
vn -0.2243 0.8504 -0.4760
vn -0.2728 0.7315 -0.6249
vn -0.4490 0.0186 -0.8933
vn -0.0013 -0.9503 0.3114
vn -0.7213 -0.4334 -0.5404
vn -0.9283 -0.1195 -0.3520
vn -0.1374 -0.9740 0.1800
vn 0.2609 0.5366 -0.8025
vn 0.9789 0.1637 -0.1219
vn 0.8870 0.0110 -0.4617
vn -0.9999 0.0085 -0.0102
vn 0.0242 0.4505 0.8925
vn -0.1051 0.6064 0.7882
vn -0.0782 0.4577 0.8857
vn -0.1045 0.5352 0.8383
vn -0.1019 0.3922 0.9142
vn -0.1534 0.0801 0.9849
vn -0.1965 -0.0212 0.9803
vn -0.2437 -0.0043 0.9698
vn -0.0545 -0.7719 0.6334
vn -0.0389 -0.8014 0.5968
vn -0.0688 -0.7427 0.6661
vn -0.7511 0.4916 -0.4407
vn 0.0536 0.9854 0.1616
vn 0.0318 0.9816 0.1884
vn -0.0160 0.9472 0.3202
vn 0.6596 -0.5060 -0.5558
vn -0.1455 0.0112 -0.9893
vn -0.0476 0.9429 0.3295
vn -0.1877 -0.4864 -0.8533
vn -0.4732 0.8278 -0.3013
vn -0.0473 0.2599 0.9645
vn 0.9999 0.0078 0.0148
vn 0.2615 0.4833 0.8355
vn 0.3849 0.4977 0.7772
vn 0.1163 0.2603 0.9585
vn 0.1888 0.0363 0.9813
vn 0.3100 -0.0698 0.9482
vn 0.3948 -0.0672 0.9163
vn -0.0248 -0.8264 0.5625
vn 0.4390 -0.8631 0.2496
vn 0.2799 0.0542 -0.9585
vn 0.5538 0.7999 -0.2311
vn 0.2210 0.9607 0.1682
vn -0.1492 0.7574 0.6356
vn 0.6432 0.7195 -0.2619
vn -0.9816 0.1739 -0.0783
vn -0.9907 0.1292 0.0423
vn -0.9907 0.1305 0.0388
vn -0.9830 0.0815 0.1643
vn 0.2582 -0.6182 0.7424
vn 0.2237 -0.6237 0.7490
vn 0.2586 -0.6182 0.7423
vn -0.0311 -0.2020 0.9789
vn -0.1259 0.9043 -0.4079
vn -0.1854 0.4360 0.8806
vn -0.2433 -0.9337 -0.2626
vn -0.1547 -0.9511 -0.2675
vn -0.2251 -0.9379 -0.2638
vn 0.2877 -0.6129 0.7360
vn 0.1825 -0.7732 -0.6073
vn 0.1509 -0.7774 -0.6106
vn 0.2454 -0.7624 -0.5988
vn 0.0103 0.9991 -0.0412
vn -0.0210 0.5113 -0.8592
vn 0.9909 0.1347 -0.0055
vn 0.0715 -0.7844 -0.6161
vn -0.3295 -0.9089 -0.2557
vn 0.9898 0.0169 -0.1412
vn 0.9228 0.2904 -0.2532
vn 0.9919 -0.0177 -0.1261
vn 1.0000 -0.0000 0.0001
vn 1.0000 -0.0000 -0.0000
vn 0.8577 0.4172 -0.3006
vn -0.9887 -0.0792 -0.1272
vn -0.9682 0.0171 -0.2497
vn -0.9850 -0.0725 -0.1565
vn 0.1978 -0.8183 0.5397
vn -0.6303 -0.6768 -0.3804
vn -0.0282 -0.4623 -0.8863
vn -0.5638 0.5709 -0.5968
vn 0.7632 0.6172 0.1912
vn -0.6382 0.1071 0.7624
vn -1.0000 -0.0000 -0.0000
vn -0.2334 0.9058 -0.3536
vn -0.2483 0.9016 -0.3542
vn -0.5464 0.7618 -0.3480
vn -0.0287 -0.2146 0.9763
vn -0.1872 -0.1480 0.9711
vn -0.0796 -0.1940 0.9778
vn -0.2607 -0.1147 0.9586
vn 0.4409 -0.5786 -0.6862
vn 0.4056 -0.6116 -0.6792
vn 0.4214 -0.5971 -0.6825
vn 0.3905 -0.6251 -0.6758
vn -0.9921 0.0374 -0.1201
vn -0.9995 -0.0289 -0.0159
vn -0.9858 -0.0424 -0.1625
vn -0.9910 0.0764 -0.1095
vn -0.9971 0.0721 -0.0226
vn -0.6617 0.7323 -0.1609
vn 0.1602 0.7172 -0.6782
vn 0.9695 0.1844 -0.1614
vn 0.9683 0.2233 -0.1121
vn 0.9492 0.0606 -0.3089
vn 0.8677 -0.4755 -0.1450
vn -0.9997 -0.0104 0.0241
vn -0.9987 -0.0506 0.0103
vn 0.4790 -0.7715 0.4187
vn 0.1870 -0.8160 0.5469
vn 0.3281 -0.8057 0.4932
vn 0.0825 -0.8119 0.5779
vn -0.4356 0.4163 0.7981
vn -0.3474 0.4798 0.8057
vn -0.1902 0.5734 0.7969
vn -0.0941 0.6197 0.7791
vn -0.2465 0.8729 -0.4211
vn -0.7546 0.5445 -0.3662
vn 0.9933 0.0077 0.1150
vn 0.9969 -0.0203 0.0763
vn 0.9990 -0.0441 -0.0001
vn 1.0000 -0.0003 -0.0004
vn 1.0000 -0.0068 -0.0052
vn 1.0000 -0.0031 -0.0025
vn -0.4490 0.1807 0.8751
vn 0.9404 0.3374 0.0427
vn -0.9708 0.0285 -0.2383
vn 0.4587 -0.7296 0.5073
vn 0.1655 -0.8986 0.4064
vn 0.2533 -0.8609 0.4412
vn -0.9832 -0.1782 0.0392
vn 0.0008 -0.8660 0.5001
vn 0.0005 -0.8631 0.5050
vn -0.0011 -0.8669 0.4985
vn -0.1663 0.9220 -0.3496
vn 1.0000 -0.0078 -0.0059
vn 0.5230 -0.6733 0.5226
vn 0.9988 -0.0437 0.0210
vn 0.5260 0.5994 0.6034
vn 0.9990 -0.0213 0.0398
vn 0.9995 0.0012 0.0324
vn 1.0000 -0.0030 0.0027
vn 1.0000 -0.0011 0.0036
vn -0.0943 0.3328 0.9383
vn 0.2798 0.9359 -0.2139
vn 0.1867 0.9313 -0.3126
vn 0.1279 0.9278 -0.3503
vn -0.9992 0.0178 0.0348
vn -0.9996 -0.0055 0.0286
vn -0.0015 -0.8918 0.4524
vn -0.0003 -0.8928 0.4504
vn -0.1363 0.9764 0.1677
vn -0.0711 0.9958 0.0578
vn 0.0138 0.8487 -0.5287
vn 0.0023 0.8653 -0.5012
vn 0.0017 0.8652 -0.5014
vn -1.0000 -0.0018 0.0035
vn -1.0000 -0.0083 0.0011
vn -0.0469 -0.7875 0.6145
vn -0.0101 -0.8172 0.5763
vn 0.0040 -0.8626 0.5058
vn 0.0587 -0.7515 -0.6571
vn 0.0050 -0.8320 0.5548
vn 0.1178 0.5080 0.8533
vn -0.2039 0.9080 0.3661
vn -0.1182 -0.2114 -0.9702
vn -0.0148 -0.7504 0.6608
vn -0.1543 -0.6247 0.7655
vn 0.2541 -0.3386 0.9060
vn 0.0328 0.8222 -0.5683
vn 0.0215 0.8407 -0.5410
vn -0.2438 -0.5176 0.8201
vn 0.0191 -0.6345 0.7727
vn 0.0061 -0.7861 0.6180
vn 0.0021 0.8641 -0.5033
vn 0.0025 0.8642 -0.5031
vn 0.9652 0.0175 0.2609
vn -0.4467 0.2299 0.8646
vn 0.0021 0.8628 -0.5056
vn 0.0350 0.8249 -0.5642
vn 0.4694 0.8508 0.2362
vn 0.6051 -0.7886 -0.1094
vn 0.4052 -0.8872 -0.2206
vn 0.4393 -0.8933 -0.0952
vn 0.5472 -0.8358 -0.0451
vn 0.0330 0.0275 -0.9991
vn 0.0463 -0.0203 0.9987
vn 0.3353 -0.9420 -0.0170
vn -0.4842 0.8749 0.0074
vn -0.3215 0.9308 -0.1739
vn -0.4801 0.8771 -0.0136
vn -0.1729 0.9354 -0.3085
vn 0.0014 0.9006 -0.4346
vn 0.4400 -0.8910 0.1121
vn 0.5584 0.6281 0.5419
vn -0.9751 0.0435 0.2173
vn -0.9188 0.1528 -0.3640
vn 0.6811 -0.7183 0.1418
vn -0.0226 0.8263 -0.5627
vn 0.2752 0.1982 0.9407
vn 0.8965 -0.2928 -0.3325
vn -0.6806 0.5411 -0.4939
vn 0.3378 -0.9412 -0.0062
vn -0.2801 0.5717 -0.7712
vn 0.9850 0.0934 -0.1453
vn 0.9936 -0.0312 -0.1088
vn 0.9813 0.1179 -0.1523
vn -0.4587 -0.8377 0.2964
vn 0.2909 -0.5927 -0.7510
vn 0.8166 -0.5070 -0.2760
vn 0.7647 -0.5575 -0.3233
vn 0.8682 -0.4614 -0.1829
vn 0.5541 0.8249 0.1124
vn 0.9270 -0.3749 0.0105
vn -0.9896 0.0335 0.1396
vn -0.9801 -0.0941 0.1748
vn -0.9033 -0.3564 0.2386
vn 0.9232 0.3409 0.1775
vn 0.8472 0.3409 0.4076
vn 0.8780 0.3431 0.3337
vn -0.7819 0.3958 -0.4816
vn -0.8613 -0.4390 0.2560
vn -0.1347 -0.9831 -0.1237
vn -0.1254 -0.9898 -0.0675
vn -0.1189 -0.9879 -0.0992
vn 0.0751 0.7820 -0.6187
vn -0.9415 0.3370 -0.0064
vn -0.1146 -0.9923 -0.0466
vn -0.9066 -0.4133 0.0848
vn 0.9591 0.2186 -0.1800
vn -0.1417 -0.9896 -0.0230
vn 0.9312 -0.3605 0.0537
vn 0.7499 0.3263 0.5755
vn -0.3345 0.9413 0.0464
vn -0.9561 -0.2380 -0.1707
vn -0.8756 -0.4664 0.1254
vn -0.9967 -0.0291 -0.0757
vn -0.2990 -0.8793 -0.3706
vn -0.9401 -0.3238 -0.1067
vn -0.2932 -0.3165 -0.9021
vn -0.2823 -0.3523 -0.8923
vn -0.3831 -0.5878 -0.7126
vn -0.9488 -0.0954 0.3012
vn -0.5012 -0.3894 0.7727
vn -0.5065 -0.3914 0.7683
vn -0.5217 -0.3972 0.7550
vn 0.9062 0.2523 0.3394
vn 0.9322 0.3519 0.0844
vn 0.8799 0.1944 0.4335
vn 0.9223 0.3178 -0.2197
vn 0.9258 0.3414 -0.1621
vn -0.1544 -0.0983 -0.9831
vn -0.5835 0.0489 0.8106
vn -0.5310 0.0862 0.8430
vn -0.5909 0.0435 0.8056
vn -0.1417 0.6166 -0.7744
vn -0.0664 0.5463 0.8350
vn 0.6339 0.7458 0.2048
vn 0.7542 0.6293 0.1876
vn 0.7932 0.5958 0.1257
vn 0.6299 0.7605 -0.1577
vn 0.7730 0.6175 -0.1456
vn 0.6949 0.6936 -0.1901
vn 0.8914 0.4452 -0.0844
vn 0.9346 0.3556 -0.0082
vn -0.5634 0.8055 -0.1837
vn -0.8753 0.4723 0.1034
vn -0.1038 -0.1087 0.9886
vn -0.2149 -0.1700 0.9617
vn -0.1902 -0.1562 0.9692
vn -0.2427 -0.1851 0.9523
vn -0.1907 0.6333 0.7500
vn -0.1734 -0.1472 -0.9738
vn -0.2288 -0.1776 -0.9571
vn -0.1273 0.6218 -0.7727
vn 0.2443 -0.4592 -0.8541
vn -0.4398 -0.3002 -0.8464
vn 0.0243 0.0060 -0.9997
vn 0.9852 0.1703 -0.0203
vn 0.9784 0.1989 -0.0567
vn -0.4745 -0.8255 0.3057
vn 0.7596 -0.6240 0.1833
vn -0.0453 0.2074 0.9772
vn -0.1967 0.2433 0.9498
vn 0.1958 0.1402 0.9706
vn 0.2851 0.1121 0.9519
vn 0.4533 -0.8910 0.0240
vn 0.4470 -0.8943 0.0204
vn 0.4402 -0.8977 0.0165
vn 0.4281 -0.9037 0.0097
vn -0.4177 -0.5429 -0.7286
vn -0.4105 -0.2257 0.8835
vn -0.5238 -0.3980 0.7532
vn -0.5196 0.0939 0.8493
vn 0.4650 -0.5236 0.7139
vn -0.2426 -0.1847 0.9524
vn 0.3352 0.1218 -0.9342
vn -0.8311 -0.4362 -0.3450
vn -0.5378 -0.2363 -0.8093
vn -0.7078 -0.4664 -0.5305
vn -0.6512 -0.0291 -0.7583
vn 0.0540 -0.8827 -0.4668
vn -0.6077 -0.3113 -0.7306
vn 0.2039 -0.6022 -0.7719
vn -0.8839 -0.0954 -0.4579
vn -0.9038 -0.3900 0.1764
vn -0.9041 -0.3915 0.1712
vn -0.9049 -0.3958 0.1564
vn 0.4007 0.2523 0.8808
vn 0.5995 0.3519 0.7188
vn 0.3156 0.1944 0.9287
vn 0.8076 0.3178 0.4968
vn 0.7693 0.3414 0.5401
vn 0.5860 -0.0983 -0.8043
vn -0.9858 0.0489 0.1606
vn -0.9715 0.0862 0.2207
vn -0.9875 0.0435 0.1518
vn 0.4474 0.6166 -0.6477
vn -0.6374 0.5463 0.5434
vn 0.3099 0.7452 0.5904
vn 0.3765 0.6319 0.6774
vn 0.4715 0.5654 0.6768
vn 0.5569 0.7605 0.3339
vn 0.6542 0.6190 0.4345
vn 0.6257 0.6936 0.3569
vn 0.6972 0.4408 0.5653
vn 0.6712 0.3369 0.6603
vn -0.0999 0.9389 -0.3293
vn -0.7341 0.5315 -0.4227
vn -0.7725 -0.1087 0.6256
vn -0.8320 -0.1700 0.5281
vn -0.8198 -0.1562 0.5509
vn -0.8450 -0.1851 0.5017
vn -0.6652 0.6333 0.3955
vn 0.9255 0.1497 -0.3479
vn 0.4953 -0.1776 -0.8504
vn 0.4885 -0.1814 -0.8535
vn 0.4912 -0.1799 -0.8523
vn 0.4972 -0.1765 -0.8495
vn 0.0820 0.4285 -0.8998
vn 0.7767 -0.4592 -0.4312
vn 0.2875 -0.3002 -0.9095
vn 0.7241 0.0060 -0.6897
vn 0.7110 0.1703 0.6823
vn 0.7319 0.1989 0.6517
vn 0.3186 0.7468 0.5838
vn -0.5517 -0.8255 -0.1194
vn 0.4075 -0.6240 0.6668
vn -0.7230 0.2074 0.6590
vn -0.8107 0.2433 0.5325
vn -0.5479 0.1402 0.8247
vn -0.4716 0.1121 0.8747
vn 0.3036 -0.8910 0.3375
vn 0.3017 -0.8943 0.3305
vn 0.2996 -0.8977 0.3230
vn 0.2959 -0.9037 0.3096
vn 0.2198 -0.5429 -0.8105
vn -0.9150 -0.2257 0.3344
vn -0.9050 -0.3964 0.1543
vn -0.9679 0.0939 0.2331
vn -0.1760 -0.5236 0.8336
vn -0.8450 -0.1847 0.5019
vn 0.8976 0.1218 -0.4236
vn -0.3437 -0.4362 -0.8316
vn 0.3472 0.5717 -0.7434
vn 0.7992 0.0934 0.5937
vn 0.7795 -0.0312 0.6256
vn 0.8015 0.1179 0.5862
vn -0.5340 -0.8377 -0.1148
vn 0.7368 -0.5927 -0.3254
vn 0.7725 -0.5070 0.3823
vn 0.7693 -0.5575 0.3121
vn 0.7432 -0.4614 0.4845
vn 0.3123 0.8249 0.4712
vn 0.6481 -0.3749 0.6629
vn -0.7985 0.0335 -0.6011
vn -0.8166 -0.0941 -0.5694
vn -0.8075 -0.3564 -0.4700
vn 0.5273 0.3409 0.7783
vn 0.3108 0.3409 0.8872
vn 0.3849 0.3431 0.8568
vn -0.2123 0.3958 -0.8934
vn -0.7900 -0.4390 -0.4280
vn -0.0078 -0.9831 -0.1827
vn -0.0409 -0.9898 -0.1364
vn -0.0139 -0.9879 -0.1542
vn 0.4906 0.7820 -0.3844
vn -0.6612 0.3370 -0.6703
vn -0.0481 -0.9923 -0.1140
vn -0.7010 -0.4133 -0.5811
vn 0.8054 0.2186 0.5509
vn -0.0839 -0.9896 -0.1165
vn 0.6205 -0.3605 0.6964
vn 0.1233 0.3263 0.9372
vn -0.2693 0.9413 -0.2037
vn 0.5053 -0.7886 0.3505
vn 0.4425 -0.8872 0.1306
vn 0.3780 -0.8933 0.2433
vn 0.4188 -0.8358 0.3550
vn 0.7298 0.0275 -0.6831
vn -0.6735 -0.0203 0.7389
vn 0.2491 -0.9420 0.2251
vn -0.3476 0.8749 -0.3371
vn -0.1044 0.9308 -0.3503
vn -0.3299 0.8771 -0.3491
vn 0.0959 0.9354 -0.3404
vn 0.3083 0.9006 -0.3063
vn 0.2319 -0.8910 0.3904
vn 0.0116 0.6281 0.7780
vn -0.8432 0.0435 -0.5358
vn -0.3923 0.1528 -0.9070
vn 0.3813 -0.7183 0.5819
vn 0.3819 0.8263 -0.4139
vn -0.4706 0.1982 0.8598
vn 0.8690 -0.2928 0.3988
vn -0.1320 0.5411 -0.8305
vn 0.2432 -0.9412 0.2345
vn -0.7968 -0.2380 0.5554
vn -0.5305 -0.4664 0.7078
vn -0.7583 -0.0291 0.6512
vn -0.4735 -0.8793 -0.0506
vn -0.7402 -0.3238 0.5893
vn -0.8452 -0.3165 -0.4306
vn -0.8306 -0.3523 -0.4313
vn -0.7747 -0.5878 -0.2330
vn -0.4579 -0.0954 0.8839
vn 0.1920 -0.3894 0.9008
vn 0.1851 -0.3914 0.9014
vn 0.1649 -0.3972 0.9028
vn 0.8808 0.2523 -0.4007
vn 0.7188 0.3519 -0.5995
vn 0.9287 0.1944 -0.3156
vn 0.4968 0.3178 -0.8076
vn 0.5401 0.3414 -0.7693
vn -0.8043 -0.0983 -0.5860
vn 0.1606 0.0489 0.9858
vn 0.2207 0.0862 0.9715
vn 0.1518 0.0435 0.9875
vn -0.6477 0.6166 -0.4474
vn 0.5434 0.5463 0.6374
vn 0.5931 0.7458 -0.3034
vn 0.6657 0.6298 -0.4003
vn 0.6490 0.5958 -0.4731
vn 0.3339 0.7605 -0.5569
vn 0.4454 0.6136 -0.6520
vn 0.3575 0.6919 -0.6273
vn 0.6513 0.3577 -0.6693
vn 0.5670 0.4446 -0.6934
vn -0.5283 0.8055 0.2685
vn -0.5459 0.4723 0.6921
vn 0.6256 -0.1087 0.7725
vn 0.5281 -0.1700 0.8320
vn 0.5509 -0.1562 0.8198
vn 0.5017 -0.1851 0.8450
vn 0.3955 0.6333 0.6652
vn -0.8112 -0.1472 -0.5659
vn -0.8386 -0.1776 -0.5150
vn -0.6364 0.6218 -0.4564
vn -0.4363 -0.4612 -0.7726
vn -0.9095 -0.3002 -0.2875
vn -0.6971 -0.0008 -0.7170
vn 0.6824 0.1693 -0.7111
vn 0.6491 0.2003 -0.7338
vn -0.1179 -0.8264 0.5505
vn 0.6668 -0.6240 -0.4075
vn 0.6590 0.2074 0.7230
vn 0.5325 0.2434 0.8107
vn 0.8246 0.1402 0.5481
vn 0.8745 0.1120 0.4719
vn 0.3375 -0.8910 -0.3036
vn 0.3305 -0.8943 -0.3017
vn 0.3230 -0.8977 -0.2996
vn 0.3096 -0.9037 -0.2959
vn -0.8105 -0.5429 -0.2198
vn 0.3344 -0.2257 0.9150
vn 0.1622 -0.3980 0.9029
vn 0.2331 0.0939 0.9679
vn 0.8336 -0.5236 0.1760
vn 0.5019 -0.1847 0.8450
vn -0.4236 0.1218 -0.8976
vn -0.8316 -0.4362 0.3437
vn -0.7434 0.5717 -0.3472
vn 0.5937 0.0934 -0.7992
vn 0.6256 -0.0312 -0.7795
vn 0.5862 0.1179 -0.8015
vn -0.1148 -0.8377 0.5340
vn -0.3254 -0.5927 -0.7368
vn 0.3823 -0.5070 -0.7725
vn 0.3121 -0.5575 -0.7693
vn 0.4845 -0.4614 -0.7432
vn 0.4712 0.8248 -0.3123
vn 0.6629 -0.3749 -0.6481
vn -0.6011 0.0335 0.7985
vn -0.5694 -0.0941 0.8166
vn -0.4700 -0.3564 0.8075
vn 0.7783 0.3409 -0.5273
vn 0.8872 0.3409 -0.3108
vn 0.8568 0.3431 -0.3849
vn -0.8934 0.3958 0.2123
vn -0.4280 -0.4390 0.7900
vn -0.1827 -0.9831 0.0078
vn -0.1364 -0.9898 0.0409
vn -0.1542 -0.9879 0.0139
vn -0.3844 0.7820 -0.4906
vn -0.6703 0.3370 0.6612
vn -0.1140 -0.9923 0.0481
vn -0.5811 -0.4133 0.7010
vn 0.5509 0.2186 -0.8054
vn -0.1165 -0.9896 0.0839
vn 0.6964 -0.3605 -0.6205
vn 0.9372 0.3263 -0.1233
vn -0.2037 0.9413 0.2693
vn 0.3505 -0.7886 -0.5053
vn 0.1306 -0.8872 -0.4425
vn 0.2433 -0.8933 -0.3780
vn 0.3550 -0.8358 -0.4188
vn -0.6831 0.0275 -0.7298
vn 0.7389 -0.0203 0.6735
vn 0.2251 -0.9420 -0.2491
vn -0.3371 0.8749 0.3476
vn -0.3503 0.9308 0.1044
vn -0.3491 0.8771 0.3299
vn -0.3404 0.9354 -0.0959
vn -0.3063 0.9006 -0.3083
vn 0.3904 -0.8910 -0.2319
vn 0.7780 0.6281 -0.0116
vn -0.5358 0.0435 0.8432
vn -0.9070 0.1528 0.3923
vn 0.5819 -0.7183 -0.3813
vn -0.4139 0.8263 -0.3819
vn 0.8598 0.1982 0.4706
vn 0.3988 -0.2928 -0.8690
vn -0.8305 0.5411 0.1320
vn 0.2345 -0.9412 -0.2432
vn -0.3505 -0.7886 0.5053
vn -0.1306 -0.8872 0.4425
vn -0.2433 -0.8933 0.3780
vn -0.3550 -0.8358 0.4188
vn 0.6831 0.0275 0.7298
vn -0.7389 -0.0203 -0.6735
vn -0.2251 -0.9420 0.2491
vn 0.3371 0.8749 -0.3476
vn 0.3503 0.9308 -0.1044
vn 0.3491 0.8771 -0.3299
vn 0.3404 0.9354 0.0959
vn 0.3063 0.9006 0.3083
vn -0.3904 -0.8910 0.2319
vn -0.7780 0.6281 0.0116
vn 0.5358 0.0435 -0.8432
vn 0.9070 0.1528 -0.3923
vn -0.5819 -0.7183 0.3813
vn 0.4139 0.8263 0.3819
vn -0.8598 0.1982 -0.4706
vn -0.3988 -0.2928 0.8690
vn 0.8305 0.5411 -0.1320
vn -0.2345 -0.9412 0.2432
vn 0.7434 0.5717 0.3472
vn -0.5937 0.0934 0.7992
vn -0.6256 -0.0312 0.7795
vn -0.5862 0.1179 0.8015
vn 0.1148 -0.8377 -0.5340
vn 0.3254 -0.5927 0.7368
vn -0.3823 -0.5070 0.7725
vn -0.3121 -0.5575 0.7693
vn -0.4846 -0.4614 0.7432
vn -0.4712 0.8248 0.3123
vn -0.6629 -0.3749 0.6481
vn 0.6011 0.0335 -0.7985
vn 0.5694 -0.0941 -0.8166
vn 0.4700 -0.3564 -0.8075
vn -0.7783 0.3409 0.5273
vn -0.8872 0.3409 0.3108
vn -0.8568 0.3431 0.3849
vn 0.8934 0.3958 -0.2123
vn 0.4280 -0.4390 -0.7900
vn 0.1827 -0.9831 -0.0078
vn 0.1364 -0.9898 -0.0409
vn 0.1542 -0.9879 -0.0139
vn 0.3844 0.7820 0.4906
vn 0.6703 0.3370 -0.6612
vn 0.1140 -0.9923 -0.0481
vn 0.5811 -0.4133 -0.7010
vn -0.5509 0.2186 0.8054
vn 0.1165 -0.9896 -0.0839
vn -0.6964 -0.3605 0.6205
vn -0.9372 0.3263 0.1233
vn 0.2037 0.9413 -0.2693
vn 0.7904 -0.2622 -0.5536
vn 0.5305 -0.4664 -0.7078
vn 0.7891 -0.0519 -0.6121
vn 0.4735 -0.8793 0.0506
vn 0.7402 -0.3238 -0.5893
vn 0.8452 -0.3165 0.4306
vn 0.8306 -0.3523 0.4313
vn 0.7747 -0.5878 0.2330
vn 0.3481 -0.0182 -0.9373
vn -0.1920 -0.3894 -0.9008
vn -0.2372 -0.3757 -0.8959
vn -0.4016 -0.3166 -0.8594
vn -0.8828 0.1354 0.4498
vn -0.4968 0.3178 0.8076
vn -0.2064 0.1561 0.9659
vn -0.4567 0.2853 0.8426
vn 0.8051 -0.0985 0.5850
vn -0.2463 -0.0215 -0.9689
vn 0.6477 0.6166 0.4474
vn -0.5434 0.5463 -0.6374
vn -0.5931 0.7458 0.3034
vn -0.6657 0.6298 0.4003
vn -0.6490 0.5958 0.4731
vn -0.3339 0.7605 0.5569
vn -0.4454 0.6136 0.6520
vn -0.3575 0.6919 0.6273
vn -0.6513 0.3577 0.6693
vn -0.5670 0.4446 0.6934
vn 0.5283 0.8055 -0.2685
vn 0.5459 0.4723 -0.6921
vn -0.6257 -0.1087 -0.7725
vn -0.5281 -0.1700 -0.8320
vn -0.5509 -0.1562 -0.8198
vn -0.5017 -0.1851 -0.8450
vn -0.3955 0.6333 -0.6652
vn 0.8112 -0.1472 0.5659
vn 0.8386 -0.1776 0.5150
vn 0.6364 0.6218 0.4564
vn 0.4363 -0.4612 0.7726
vn 0.7283 -0.0306 0.6845
vn 0.8060 -0.1157 0.5805
vn 0.8262 -0.1415 0.5453
vn 0.6971 -0.0008 0.7170
vn -0.3722 -0.8755 0.3081
vn -0.3562 -0.8826 0.3069
vn -0.3626 -0.8792 0.3091
vn -0.6824 0.1693 0.7111
vn -0.6491 0.2003 0.7338
vn 0.1179 -0.8264 -0.5505
vn -0.6668 -0.6240 0.4075
vn -0.6590 0.2074 -0.7230
vn -0.5324 0.2434 -0.8107
vn -0.8246 0.1402 -0.5481
vn -0.8745 0.1120 -0.4719
vn -0.3376 -0.8909 0.3037
vn -0.3426 -0.8886 0.3050
vn 0.8105 -0.5429 0.2198
vn -0.3344 -0.2257 -0.9150
vn -0.4212 -0.3085 -0.8529
vn -0.8336 -0.5236 -0.1760
vn -0.5019 -0.1847 -0.8450
vn -0.4782 0.2308 0.8474
vn -0.5216 0.2446 0.8174
vn 0.8322 -0.4346 -0.3444
vn -0.5053 -0.7886 -0.3505
vn -0.4425 -0.8872 -0.1306
vn -0.3780 -0.8933 -0.2433
vn -0.4188 -0.8358 -0.3550
vn -0.7298 0.0275 0.6831
vn 0.6735 -0.0203 -0.7389
vn -0.2491 -0.9420 -0.2251
vn 0.3476 0.8749 0.3371
vn 0.1044 0.9308 0.3503
vn 0.3299 0.8771 0.3491
vn -0.0959 0.9354 0.3404
vn -0.3083 0.9006 0.3063
vn -0.2319 -0.8910 -0.3904
vn -0.0116 0.6281 -0.7780
vn 0.8432 0.0435 0.5358
vn 0.3923 0.1528 0.9070
vn -0.3813 -0.7183 -0.5819
vn -0.3819 0.8263 0.4139
vn 0.4706 0.1982 -0.8598
vn -0.8690 -0.2928 -0.3988
vn 0.1320 0.5411 0.8305
vn -0.2432 -0.9412 -0.2345
vn -0.3472 0.5717 0.7434
vn -0.7992 0.0934 -0.5937
vn -0.7795 -0.0312 -0.6256
vn -0.8015 0.1179 -0.5862
vn 0.5340 -0.8377 0.1148
vn -0.7368 -0.5927 0.3254
vn -0.7725 -0.5070 -0.3823
vn -0.7693 -0.5575 -0.3121
vn -0.7432 -0.4614 -0.4846
vn -0.3123 0.8248 -0.4712
vn -0.6481 -0.3749 -0.6629
vn 0.7985 0.0335 0.6011
vn 0.8166 -0.0941 0.5694
vn 0.8075 -0.3564 0.4700
vn -0.5273 0.3409 -0.7783
vn -0.3108 0.3409 -0.8872
vn -0.3849 0.3431 -0.8568
vn 0.2123 0.3958 0.8934
vn 0.7900 -0.4390 0.4280
vn 0.0078 -0.9831 0.1827
vn 0.0409 -0.9898 0.1364
vn 0.0139 -0.9879 0.1542
vn -0.4906 0.7820 0.3844
vn 0.6612 0.3370 0.6703
vn 0.0481 -0.9923 0.1140
vn 0.7010 -0.4133 0.5811
vn -0.8054 0.2186 -0.5509
vn 0.0839 -0.9896 0.1165
vn -0.6205 -0.3605 -0.6964
vn -0.1233 0.3263 -0.9372
vn 0.2693 0.9413 0.2037
vn 0.5554 -0.2380 0.7968
vn 0.7078 -0.4664 0.5305
vn 0.6512 -0.0291 0.7583
vn -0.0506 -0.8793 0.4735
vn 0.5893 -0.3238 0.7402
vn -0.4306 -0.3165 0.8452
vn -0.4313 -0.3523 0.8306
vn -0.2330 -0.5878 0.7747
vn 0.8839 -0.0954 0.4579
vn 0.9008 -0.3894 -0.1920
vn 0.9014 -0.3914 -0.1851
vn 0.9028 -0.3972 -0.1649
vn -0.4007 0.2523 -0.8808
vn -0.5995 0.3519 -0.7188
vn -0.3156 0.1944 -0.9287
vn -0.8076 0.3178 -0.4968
vn -0.7693 0.3414 -0.5401
vn -0.5860 -0.0983 0.8043
vn 0.9858 0.0489 -0.1606
vn 0.9715 0.0862 -0.2207
vn 0.9875 0.0435 -0.1518
vn -0.4474 0.6166 0.6477
vn 0.6374 0.5463 -0.5434
vn -0.3034 0.7458 -0.5931
vn -0.4006 0.6293 -0.6659
vn -0.4720 0.5958 -0.6498
vn -0.5569 0.7605 -0.3339
vn -0.6495 0.6175 -0.4436
vn -0.6257 0.6936 -0.3569
vn -0.6900 0.4452 -0.5707
vn -0.6667 0.3556 -0.6550
vn 0.2685 0.8055 0.5283
vn 0.6921 0.4723 0.5459
vn 0.7725 -0.1087 -0.6257
vn 0.8320 -0.1700 -0.5281
vn 0.8198 -0.1562 -0.5509
vn 0.8450 -0.1851 -0.5017
vn 0.6652 0.6333 -0.3955
vn -0.5659 -0.1472 0.8112
vn -0.5150 -0.1776 0.8386
vn -0.4564 0.6218 0.6364
vn -0.7767 -0.4592 0.4312
vn -0.2875 -0.3002 0.9095
vn -0.7241 0.0060 0.6897
vn -0.7110 0.1703 -0.6823
vn -0.7319 0.1989 -0.6517
vn 0.5517 -0.8255 0.1194
vn -0.4075 -0.6240 -0.6668
vn 0.7230 0.2074 -0.6590
vn 0.8107 0.2433 -0.5325
vn 0.5479 0.1402 -0.8247
vn 0.4716 0.1121 -0.8747
vn -0.3036 -0.8910 -0.3375
vn -0.3017 -0.8943 -0.3305
vn -0.2996 -0.8977 -0.3230
vn -0.2959 -0.9037 -0.3096
vn -0.2198 -0.5429 0.8105
vn 0.9150 -0.2257 -0.3344
vn 0.9029 -0.3980 -0.1622
vn 0.9679 0.0939 -0.2331
vn 0.1760 -0.5236 -0.8336
vn 0.8450 -0.1847 -0.5019
vn -0.8976 0.1218 0.4236
vn 0.3437 -0.4362 0.8316
vn 0.6552 -0.7544 0.0404
vn 0.9006 -0.1456 0.4096
vn -0.0285 -0.0772 -0.9966
vn 0.4475 -0.0378 -0.8935
vn 0.0245 -0.0727 -0.9971
vn 0.9967 -0.0291 0.0757
vn 0.2990 -0.8793 0.3706
vn 0.9401 -0.3238 0.1067
vn 0.2932 -0.3165 0.9021
vn 0.2823 -0.3523 0.8923
vn 0.3831 -0.5878 0.7126
vn 0.9488 -0.0954 -0.3012
vn 0.5012 -0.3894 -0.7727
vn 0.5065 -0.3914 -0.7683
vn 0.5217 -0.3972 -0.7550
vn -0.9000 0.2363 -0.3664
vn -0.9340 0.3184 -0.1620
vn -0.8799 0.1944 -0.4335
vn -0.9499 0.2906 0.1155
vn -0.9491 0.3080 0.0652
vn 0.1544 -0.0983 0.9831
vn 0.5310 0.0862 -0.8430
vn 0.3915 -0.1092 -0.9137
vn 0.2836 0.5418 0.7913
vn 0.0664 0.5463 -0.8350
vn -0.6339 0.7458 -0.2048
vn -0.7542 0.6293 -0.1876
vn -0.7929 0.5964 -0.1254
vn -0.6456 0.7448 0.1690
vn -0.7744 0.6133 0.1556
vn -0.7047 0.6806 0.2002
vn -0.8915 0.4453 0.0837
vn -0.9346 0.3556 0.0082
vn 0.6279 0.7624 -0.1563
vn 0.5738 0.8095 -0.1247
vn 0.6714 0.7183 -0.1826
vn 0.5327 0.8402 -0.1016
vn 0.0049 -0.0774 -0.9970
vn -0.0095 -0.1044 -0.9945
vn 0.0389 -0.0802 -0.9960
vn 0.1734 -0.1472 0.9738
vn 0.2288 -0.1776 0.9571
vn 0.1273 0.6218 0.7727
vn -0.2443 -0.4592 0.8541
vn 0.4398 -0.3002 0.8464
vn -0.0243 0.0060 0.9997
vn -0.9852 0.1703 0.0203
vn -0.9784 0.1989 0.0567
vn 0.4745 -0.8255 -0.3057
vn -0.7596 -0.6240 -0.1833
vn 0.0453 0.2074 -0.9772
vn 0.1967 0.2433 -0.9498
vn -0.1958 0.1402 -0.9706
vn -0.2851 0.1121 -0.9519
vn -0.4533 -0.8910 -0.0240
vn -0.4470 -0.8943 -0.0204
vn -0.4402 -0.8977 -0.0165
vn -0.4281 -0.9037 -0.0097
vn 0.5472 -0.5268 0.6504
vn 0.4105 -0.2257 -0.8835
vn 0.5238 -0.3980 -0.7532
vn 0.5196 0.0939 -0.8493
vn -0.3146 0.1433 0.9383
vn 0.8311 -0.4362 0.3450
vn 0.2801 0.5717 0.7712
vn -0.9850 0.0934 0.1453
vn -0.9936 -0.0312 0.1088
vn -0.9813 0.1179 0.1523
vn 0.4587 -0.8377 -0.2964
vn -0.2909 -0.5927 0.7510
vn -0.8166 -0.5070 0.2760
vn -0.7647 -0.5575 0.3233
vn -0.8682 -0.4614 0.1829
vn -0.5541 0.8248 -0.1124
vn -0.9270 -0.3749 -0.0105
vn 0.9896 0.0335 -0.1396
vn 0.9801 -0.0941 -0.1748
vn 0.9033 -0.3564 -0.2386
vn -0.9232 0.3409 -0.1775
vn -0.8472 0.3409 -0.4076
vn -0.8780 0.3431 -0.3337
vn 0.7819 0.3958 0.4816
vn 0.8613 -0.4389 -0.2560
vn 0.1347 -0.9831 0.1237
vn 0.1254 -0.9898 0.0675
vn 0.1189 -0.9879 0.0992
vn -0.0751 0.7820 0.6187
vn 0.9415 0.3370 0.0064
vn 0.1146 -0.9923 0.0466
vn 0.9066 -0.4133 -0.0848
vn -0.9591 0.2186 0.1800
vn 0.1417 -0.9896 0.0230
vn -0.9312 -0.3605 -0.0537
vn -0.7499 0.3263 -0.5755
vn 0.3345 0.9413 -0.0464
vn -0.6051 -0.7886 0.1094
vn -0.4052 -0.8872 0.2206
vn -0.4393 -0.8933 0.0952
vn -0.5472 -0.8358 0.0451
vn -0.0330 0.0275 0.9991
vn -0.0463 -0.0203 -0.9987
vn -0.3353 -0.9420 0.0170
vn 0.4842 0.8749 -0.0074
vn 0.3215 0.9308 0.1739
vn 0.4801 0.8771 0.0136
vn 0.1729 0.9354 0.3085
vn -0.0014 0.9006 0.4346
vn -0.4400 -0.8910 -0.1121
vn -0.5584 0.6281 -0.5419
vn 0.9751 0.0435 -0.2173
vn 0.9188 0.1528 0.3640
vn -0.6811 -0.7183 -0.1418
vn 0.0226 0.8263 0.5627
vn -0.2752 0.1982 -0.9407
vn -0.8965 -0.2928 0.3325
vn 0.6806 0.5411 0.4939
vn -0.3378 -0.9412 0.0062
vn -0.7756 0.2157 -0.5933
vn -0.3718 0.7727 -0.5144
vn -0.0010 -0.7589 -0.6512
vn -0.0890 -0.8735 -0.4786
vn -0.1622 -0.9051 -0.3931
vn 0.0231 -0.6711 -0.7410
vn -0.2026 -0.7399 -0.6415
vn -0.0832 -0.7120 -0.6972
vn -0.9999 0.0095 -0.0039
vn -1.0000 0.0066 0.0057
vn -0.9999 0.0123 -0.0030
vn 0.5941 -0.6473 -0.4776
vn 0.9677 0.1729 -0.1834
vn 0.8659 0.1771 -0.4679
vn 0.9400 0.2049 -0.2728
vn 0.3627 -0.9279 -0.0860
vn -0.9998 0.0008 -0.0177
vn 0.2096 -0.6555 -0.7255
vn 0.1408 -0.6209 -0.7711
vn 0.6662 0.4833 0.5680
vn 0.1567 -0.9249 -0.3464
vn 0.0676 -0.6566 -0.7512
vn 0.9998 0.0185 0.0068
vn 0.9997 0.0211 0.0083
vn -0.9819 -0.1729 -0.0776
vn -0.9995 -0.0308 -0.0110
vn -0.9536 -0.2742 -0.1247
vn -0.3888 -0.9208 -0.0327
vn 0.2309 0.6621 0.7130
vn 0.5382 0.7537 0.3772
vn 0.4147 0.7724 0.4811
vn 0.9998 0.0008 -0.0177
vn -0.8417 -0.2150 -0.4953
vn -0.0259 0.6770 0.7355
vn -0.3327 0.3719 0.8666
vn -0.7738 0.1925 0.6035
vn -0.2341 0.6471 0.7256
vn 0.0102 0.4217 0.9067
vn -0.4597 0.7596 0.4601
vn -0.5549 0.7380 0.3839
vn 0.0444 0.9831 0.1775
vn 0.6479 0.6173 -0.4463
vn 0.6083 0.6486 -0.4574
vn 0.6260 0.6350 -0.4526
vn 0.1608 -0.0536 0.9855
vn -0.1517 0.0432 -0.9875
vn 0.5389 -0.5383 -0.6479
vn -0.3231 -0.7761 0.5415
vn 0.9962 0.0874 0.0009
vn 0.7769 0.4897 -0.3957
vn -0.4025 0.8961 0.1871
vn -0.3671 0.9208 0.1319
vn -0.3733 0.9169 0.1414
vn -0.0335 0.9816 0.1880
vn -0.6479 0.6173 -0.4463
vn -0.6260 0.6350 -0.4526
vn -0.6083 0.6486 -0.4574
vn -0.1608 -0.0536 0.9855
vn 0.2085 0.0432 -0.9771
vn -0.5240 -0.5820 -0.6218
vn 0.3231 -0.7761 0.5415
vn -0.7769 0.4897 -0.3957
vn 0.8135 -0.5592 -0.1596
vn 0.7892 -0.5935 -0.1578
vn 0.7857 -0.5983 -0.1575
vn 0.8712 -0.3646 -0.3287
vn 0.9444 -0.2485 -0.2152
vn 0.9343 -0.2737 -0.2285
vn 0.1114 0.3503 0.9300
vn 0.4025 0.8961 0.1871
vn 0.3557 0.9275 0.1146
vn 0.3483 0.9317 0.1034
vn -0.8287 -0.5362 -0.1607
vn -0.8120 -0.5615 -0.1595
vn -0.8136 -0.5590 -0.1596
vn -0.9096 -0.2925 -0.2950
vn -0.6532 -0.5776 -0.4896
vn -0.6722 -0.5634 -0.4804
vn 0.8453 -0.5093 -0.1618
vn 0.9996 -0.0284 -0.0064
vn 0.9533 -0.2342 -0.1905
vn -0.3372 0.9374 0.0869
vn -0.0877 0.2839 0.9548
vn -0.4258 -0.1437 -0.8934
vn -0.8453 -0.5093 -0.1618
vn -0.9788 -0.0175 0.2042
vn -0.9998 0.0057 0.0175
vn 0.3009 0.9531 0.0338
vn 0.4258 -0.1437 -0.8934
vn -0.4862 0.1232 0.8651
vn 0.8310 -0.0311 0.5553
vn 0.2099 -0.8202 -0.5322
vn 0.0850 -0.7567 -0.6482
vn 0.0815 -0.7255 -0.6833
vn -0.1522 0.2808 0.9476
vn -0.0232 0.1119 0.9934
vn 0.0623 0.6983 0.7131
vn 0.0729 0.6908 0.7193
vn 0.0560 0.7027 0.7093
vn -0.1327 0.9523 0.2750
vn 0.0383 0.7147 0.6984
vn -0.1140 0.9737 0.1972
vn 0.9690 0.1125 -0.2200
vn 0.7445 -0.5983 0.2963
vn -0.6264 0.7789 0.0298
vn 0.0905 -0.9790 -0.1826
vn -0.4640 0.7789 -0.4219
vn 0.1932 -0.9790 -0.0651
vn 0.3169 -0.5983 0.7359
vn -0.4219 0.7789 0.4640
vn -0.0651 -0.9790 -0.1932
vn 0.7359 -0.5983 -0.3169
vn -0.7359 -0.5983 0.3169
vn 0.4215 0.8518 -0.3110
vn 0.3747 0.8427 -0.3866
vn 0.5714 0.7274 -0.3801
vn 0.0651 -0.9790 0.1932
vn -0.3169 -0.5983 -0.7359
vn 0.4640 0.7789 0.4219
vn -0.1932 -0.9790 0.0651
vn 0.6264 0.7789 -0.0298
vn -0.0040 -0.8176 0.5757
vn -0.5501 -0.8350 0.0127
vn -0.7445 -0.5983 -0.2963
vn 0.0299 -0.5979 -0.8010
vn -0.9169 -0.2791 -0.2854
vn 0.6695 0.1115 -0.7344
vn 0.3380 0.7925 -0.5076
vt 0.892880 0.155200
vt 0.889645 0.153491
vt 0.905358 0.153099
vt 0.651580 0.937634
vt 0.654867 0.930981
vt 0.652613 0.940962
vt 0.651710 0.930125
vt 0.906518 0.145195
vt 0.890141 0.145989
vt 0.903314 0.144539
vt 0.892848 0.144360
vt 0.563892 0.941265
vt 0.564074 0.937248
vt 0.567183 0.932618
vt 0.563909 0.927294
vt 0.019915 0.069877
vt 0.031465 0.061564
vt 0.030646 0.089995
vt 0.021481 0.066073
vt 0.017809 0.084438
vt 0.009947 0.076832
vt 0.035342 0.031793
vt 0.037954 0.028951
vt 0.042103 0.043862
vt 0.676811 0.937634
vt 0.675777 0.940962
vt 0.673524 0.930981
vt 0.676681 0.930125
vt 0.906518 0.125031
vt 0.903314 0.125687
vt 0.890141 0.124237
vt 0.892848 0.125866
vt 0.585887 0.927939
vt 0.589149 0.931450
vt 0.585873 0.936795
vt 0.586423 0.940783
vt 0.905358 0.117127
vt 0.890263 0.116371
vt 0.261873 0.530298
vt 0.258953 0.532777
vt 0.246869 0.525921
vt 0.051859 0.013584
vt 0.064847 0.018970
vt 0.052344 0.010376
vt 0.026760 0.043712
vt 0.021857 0.035084
vt 0.026463 0.029545
vt 0.104772 0.192911
vt 0.115082 0.201574
vt 0.087755 0.214208
vt 0.023769 0.148426
vt 0.026565 0.114682
vt 0.026605 0.156858
vt 0.041490 0.161471
vt 0.024022 0.161241
vt 0.032188 0.197252
vt 0.018348 0.182895
vt 0.017374 0.187421
vt 0.019896 0.201676
vt 0.010092 0.195089
vt 0.021482 0.205485
vt 0.025862 0.223215
vt 0.042104 0.227696
vt 0.026704 0.227944
vt 0.035342 0.239766
vt 0.037954 0.242607
vt 0.061032 0.250103
vt 0.051859 0.257974
vt 0.052337 0.261212
vt 0.021956 0.236348
vt 0.026463 0.242014
vt 0.120666 0.186699
vt 0.143178 0.211349
vt 0.163705 0.195254
vt 0.176033 0.212605
vt 0.147348 0.225378
vt 0.244861 0.171728
vt 0.254106 0.177310
vt 0.252365 0.187035
vt 0.114956 0.135666
vt 0.105763 0.143385
vt 0.095033 0.121624
vt 0.121618 0.151220
vt 0.104168 0.167413
vt 0.208334 0.167907
vt 0.197573 0.188529
vt 0.180689 0.173909
vt 0.234886 0.156065
vt 0.254050 0.159427
vt 0.252657 0.149256
vt 0.129753 0.176898
vt 0.136448 0.193482
vt 0.121086 0.224657
vt 0.142096 0.176438
vt 0.129840 0.159353
vt 0.136792 0.142305
vt 0.138241 0.165521
vt 0.123902 0.143025
vt 0.141380 0.126288
vt 0.121915 0.111010
vt 0.158496 0.173119
vt 0.146442 0.159078
vt 0.141416 0.148221
vt 0.181051 0.163065
vt 0.160225 0.163220
vt 0.161604 0.152373
vt 0.165917 0.138235
vt 0.200289 0.148030
vt 0.159460 0.116007
vt 0.123275 0.190802
vt 0.227071 0.182658
vt 0.162829 0.196129
vt 0.142420 0.198082
vt 0.154468 0.145840
vt 0.755136 0.343154
vt 0.770634 0.347509
vt 0.752345 0.350043
vt 0.735266 0.347082
vt 0.711943 0.353927
vt 0.684500 0.355441
vt 0.692405 0.347751
vt 0.666585 0.351998
vt 0.712604 0.349496
vt 0.903303 0.185368
vt 0.893415 0.185428
vt 0.906512 0.184648
vt 0.889641 0.181600
vt 0.610946 0.937518
vt 0.609514 0.940510
vt 0.607829 0.931770
vt 0.611131 0.926574
vt 0.611069 0.930774
vt 0.892490 0.491633
vt 0.901645 0.494914
vt 0.894318 0.494954
vt 0.893784 0.060597
vt 0.891085 0.049625
vt 0.904281 0.057752
vt 0.902157 0.515874
vt 0.893467 0.513647
vt 0.900851 0.513618
vt 0.901770 0.491680
vt 0.891851 0.516949
vt 0.501092 0.847564
vt 0.497511 0.849219
vt 0.495068 0.844273
vt 0.903324 0.275864
vt 0.890812 0.273761
vt 0.906519 0.274476
vt 0.905921 0.494644
vt 0.892855 0.174707
vt 0.904957 0.176245
vt 0.890009 0.494692
vt 0.892851 0.265222
vt 0.904951 0.266836
vt 0.889639 0.266742
vt 0.808201 0.900541
vt 0.796472 0.903783
vt 0.797414 0.887595
vt 0.629812 0.937231
vt 0.632930 0.931770
vt 0.631246 0.940510
vt 0.629672 0.929934
vt 0.629631 0.926121
vt 0.903303 0.205899
vt 0.906514 0.207306
vt 0.893415 0.205839
vt 0.889641 0.209894
vt 0.903068 0.535682
vt 0.905921 0.538708
vt 0.902091 0.538966
vt 0.904957 0.215021
vt 0.894159 0.538970
vt 0.893787 0.535730
vt 0.889636 0.538694
vt 0.892855 0.216560
vt 0.893526 0.559986
vt 0.894376 0.557676
vt 0.901239 0.557660
vt 0.903706 0.560999
vt 0.905470 0.557915
vt 0.903325 0.236087
vt 0.906519 0.237729
vt 0.893110 0.236027
vt 0.889640 0.240783
vt 0.468355 0.863085
vt 0.463945 0.865350
vt 0.465332 0.861811
vt 0.904888 0.245512
vt 0.467775 0.856865
vt 0.471264 0.853897
vt 0.474271 0.856708
vt 0.474791 0.853168
vt 0.892851 0.246728
vt 0.757051 0.890077
vt 0.767802 0.887595
vt 0.757015 0.900541
vt 0.768744 0.903783
vt 0.220793 0.359297
vt 0.243063 0.361384
vt 0.233914 0.380110
vt 0.232040 0.349475
vt 0.220981 0.292025
vt 0.233535 0.291132
vt 0.239191 0.310249
vt 0.221406 0.319340
vt 0.661625 0.813127
vt 0.652810 0.819323
vt 0.652412 0.807272
vt 0.260563 0.481312
vt 0.257717 0.485145
vt 0.244252 0.487632
vt 0.126205 0.903291
vt 0.121188 0.897504
vt 0.130325 0.894160
vt 0.024021 0.110318
vt 0.041723 0.110285
vt 0.149600 0.717421
vt 0.132193 0.716985
vt 0.147214 0.671565
vt 0.116339 0.906910
vt 0.128331 0.666332
vt 0.758154 0.370443
vt 0.771790 0.372658
vt 0.768863 0.380692
vt 0.856533 0.407895
vt 0.845876 0.407266
vt 0.855160 0.404592
vt 0.712009 0.569680
vt 0.666664 0.571104
vt 0.702888 0.559960
vt 0.702862 0.579534
vt 0.689667 0.801258
vt 0.683584 0.815206
vt 0.680529 0.799909
vt 0.680922 0.789848
vt 0.116267 0.886462
vt 0.125300 0.888464
vt 0.755596 0.378529
vt 0.748010 0.378373
vt 0.254470 0.550328
vt 0.857536 0.462700
vt 0.856496 0.455861
vt 0.863104 0.452685
vt 0.847911 0.453337
vt 0.846874 0.404346
vt 0.860547 0.709444
vt 0.852928 0.710707
vt 0.857110 0.707458
vt 0.846886 0.709465
vt 0.611403 0.798768
vt 0.633361 0.801416
vt 0.613053 0.814660
vt 0.082307 0.896111
vt 0.095393 0.886507
vt 0.091983 0.891179
vt 0.097773 0.907030
vt 0.089519 0.903481
vt 0.124256 0.693972
vt 0.907808 0.047689
vt 0.904281 0.022830
vt 0.893790 0.024114
vt 0.890300 0.012866
vt 0.033133 0.374620
vt 0.009715 0.378064
vt 0.009310 0.349912
vt 0.014255 0.378304
vt 0.033102 0.384658
vt 0.014914 0.382454
vt 0.194195 0.665072
vt 0.193574 0.708961
vt 0.175743 0.668058
vt 0.172603 0.717081
vt 0.188909 0.717421
vt 0.854721 0.111447
vt 0.868145 0.117177
vt 0.856678 0.114157
vt 0.010948 0.382505
vt 0.011939 0.392746
vt 0.015767 0.392689
vt 0.034630 0.399638
vt 0.010543 0.398815
vt 0.015595 0.396025
vt 0.017000 0.417581
vt 0.014095 0.407878
vt 0.017215 0.405808
vt 0.038710 0.413943
vt 0.016015 0.422234
vt 0.021004 0.420669
vt 0.017823 0.428691
vt 0.044917 0.429406
vt 0.022768 0.427267
vt 0.022888 0.432740
vt 0.026152 0.430964
vt 0.028894 0.440566
vt 0.031964 0.439249
vt 0.048493 0.433905
vt 0.020733 0.417135
vt 0.039114 0.445997
vt 0.907808 0.012767
vt 0.852533 0.460547
vt 0.857092 0.466494
vt 0.763394 0.400017
vt 0.768118 0.406939
vt 0.750209 0.400077
vt 0.747173 0.408827
vt 0.735553 0.402339
vt 0.737187 0.410611
vt 0.867982 0.427295
vt 0.866642 0.430156
vt 0.858261 0.429938
vt 0.855753 0.426624
vt 0.846907 0.428926
vt 0.847983 0.503951
vt 0.856426 0.503295
vt 0.859539 0.508624
vt 0.863296 0.494179
vt 0.857311 0.495847
vt 0.852270 0.499305
vt 0.666626 0.599554
vt 0.710521 0.604792
vt 0.666625 0.625971
vt 0.710517 0.625793
vt 0.168279 0.697515
vt 0.504631 0.232354
vt 0.500647 0.229738
vt 0.514031 0.224775
vt 0.890038 0.082611
vt 0.907546 0.082710
vt 0.893565 0.092674
vt 0.904051 0.092654
vt 0.830215 0.904227
vt 0.830314 0.886719
vt 0.840278 0.900701
vt 0.841562 0.890209
vt 0.246234 0.513663
vt 0.966766 0.321050
vt 0.962664 0.324290
vt 0.958690 0.320998
vt 0.497703 0.241832
vt 0.490378 0.250286
vt 0.488480 0.261398
vt 0.033430 0.351894
vt 0.014494 0.349105
vt 0.015590 0.345029
vt 0.033563 0.342598
vt 0.011655 0.345021
vt 0.012405 0.334754
vt 0.016220 0.334769
vt 0.016046 0.331538
vt 0.034984 0.327623
vt 0.010903 0.328493
vt 0.017469 0.321723
vt 0.017071 0.309951
vt 0.014318 0.319700
vt 0.037652 0.316508
vt 0.020812 0.310340
vt 0.021017 0.306803
vt 0.040677 0.308503
vt 0.015988 0.305269
vt 0.017648 0.298814
vt 0.022678 0.300175
vt 0.044924 0.297682
vt 0.025960 0.296645
vt 0.022634 0.294970
vt 0.028419 0.287110
vt 0.031648 0.288352
vt 0.048493 0.293203
vt 0.038656 0.283006
vt 0.038988 0.280903
vt 0.062254 0.904384
vt 0.059701 0.906173
vt 0.058914 0.891669
vt 0.474862 0.941540
vt 0.474769 0.929521
vt 0.477979 0.939680
vt 0.478061 0.927628
vt 0.860547 0.685593
vt 0.852693 0.686712
vt 0.852928 0.684331
vt 0.661591 0.797665
vt 0.652707 0.791664
vt 0.502707 0.792367
vt 0.502345 0.807505
vt 0.476609 0.807372
vt 0.889636 0.513905
vt 0.494858 0.840799
vt 0.254470 0.465211
vt 0.675759 0.559981
vt 0.364710 0.926352
vt 0.367908 0.926425
vt 0.366661 0.935979
vt 0.221166 0.385920
vt 0.548877 0.272981
vt 0.526041 0.229104
vt 0.490666 0.274026
vt 0.035586 0.900274
vt 0.034703 0.902787
vt 0.036340 0.895760
vt 0.484029 0.254746
vt 0.486565 0.271661
vt 0.847423 0.852771
vt 0.854358 0.852649
vt 0.861114 0.853791
vt 0.059709 0.894916
vt 0.496638 0.862420
vt 0.501391 0.852363
vt 0.499014 0.859168
vt 0.035530 0.888349
vt 0.038365 0.889355
vt 0.345499 0.926166
vt 0.344135 0.933978
vt 0.342358 0.927697
vt 0.345545 0.941616
vt 0.342342 0.941601
vt 0.738640 0.376104
vt 0.675814 0.579554
vt 0.023596 0.122645
vt 0.018347 0.088663
vt 0.863705 0.850142
vt 0.808165 0.890077
vt 0.857363 0.806933
vt 0.846449 0.804891
vt 0.853233 0.803783
vt 0.389805 0.936030
vt 0.387443 0.940772
vt 0.386499 0.928346
vt 0.526518 0.225049
vt 0.535618 0.232318
vt 0.539617 0.229717
vt 0.546912 0.239513
vt 0.543191 0.240763
vt 0.548509 0.249977
vt 0.552521 0.250452
vt 0.550249 0.261798
vt 0.554633 0.260395
vt 0.553784 0.271664
vt 0.389602 0.926308
vt 0.861234 0.804851
vt 0.493356 0.239540
vt 0.958782 0.276213
vt 0.966772 0.275952
vt 0.963438 0.279404
vt 0.966766 0.415022
vt 0.958691 0.415067
vt 0.962665 0.411784
vt 0.902725 0.298462
vt 0.898571 0.297686
vt 0.906007 0.295815
vt 0.846450 0.733369
vt 0.857765 0.731323
vt 0.853233 0.734481
vt 0.845557 0.091573
vt 0.859809 0.086272
vt 0.848681 0.090916
vt 0.901574 0.340194
vt 0.890742 0.341295
vt 0.897947 0.339034
vt 0.958693 0.302390
vt 0.962800 0.299123
vt 0.966771 0.302389
vt 0.320648 0.941718
vt 0.322596 0.932047
vt 0.323842 0.941601
vt 0.861518 0.733388
vt 0.513950 0.229029
vt 0.905779 0.384935
vt 0.897723 0.385786
vt 0.903749 0.382691
vt 0.866974 0.405688
vt 0.477398 0.792016
vt 0.502617 0.819202
vt 0.894022 0.384178
vt 0.897723 0.447986
vt 0.904954 0.449884
vt 0.893874 0.449406
vt 0.855599 0.661474
vt 0.863147 0.662391
vt 0.847386 0.661759
vt 0.863768 0.659154
vt 0.858208 0.757165
vt 0.861277 0.757993
vt 0.848740 0.754620
vt 0.846951 0.757173
vt 0.279403 0.941859
vt 0.276260 0.940328
vt 0.277336 0.931068
vt 0.452829 0.926486
vt 0.455946 0.928346
vt 0.452748 0.938802
vt 0.456029 0.940398
vt 0.466901 0.843664
vt 0.469277 0.846916
vt 0.862229 0.779964
vt 0.853028 0.782496
vt 0.847791 0.780791
vt 0.011845 0.905701
vt 0.010825 0.892010
vt 0.011967 0.898766
vt 0.014475 0.889419
vt 0.430811 0.926308
vt 0.433914 0.928346
vt 0.430607 0.936030
vt 0.432969 0.940772
vt 0.901842 0.362638
vt 0.897947 0.363995
vt 0.890981 0.361661
vt 0.905905 0.472943
vt 0.898785 0.470567
vt 0.902725 0.469939
vt 0.846450 0.828766
vt 0.853233 0.827654
vt 0.857765 0.830812
vt 0.861518 0.828747
vt 0.257406 0.941718
vt 0.254211 0.941601
vt 0.255458 0.932047
vt 0.889890 0.406726
vt 0.891592 0.404457
vt 0.901263 0.406156
vt 0.897947 0.407576
vt 0.897947 0.426196
vt 0.901795 0.427616
vt 0.890716 0.428093
vt 0.637455 0.580545
vt 0.582870 0.581161
vt 0.582527 0.575868
vt 0.582485 0.562122
vt 0.637761 0.561220
vt 0.637885 0.566704
vt 0.582379 0.568965
vt 0.637798 0.574562
vt 0.194986 0.526050
vt 0.193323 0.476523
vt 0.198253 0.474711
vt 0.252966 0.698418
vt 0.254880 0.714446
vt 0.245922 0.714726
vt 0.249673 0.669333
vt 0.253766 0.687804
vt 0.254322 0.676451
vt 0.063877 0.668348
vt 0.065395 0.674370
vt 0.067088 0.710158
vt 0.069830 0.688063
vt 0.070308 0.698672
vt 0.070647 0.670841
vt 0.220220 0.493885
vt 0.223464 0.542643
vt 0.218535 0.540831
vt 0.216088 0.691335
vt 0.215266 0.676451
vt 0.219915 0.669333
vt 0.098131 0.710158
vt 0.094911 0.698672
vt 0.095389 0.688063
vt 0.103541 0.670540
vt 0.094800 0.671826
vt 0.223666 0.714726
vt 0.225004 0.466264
vt 0.220877 0.483463
vt 0.218651 0.477228
vt 0.220145 0.465272
vt 0.214708 0.714446
vt 0.450682 0.820595
vt 0.448312 0.792352
vt 0.453715 0.792592
vt 0.420148 0.789880
vt 0.422674 0.818649
vt 0.417343 0.817269
vt 0.743644 0.253527
vt 0.738827 0.249500
vt 0.774484 0.248808
vt 0.788534 0.927572
vt 0.793533 0.935984
vt 0.784272 0.937546
vt 0.774431 0.257284
vt 0.738118 0.256612
vt 0.819424 0.938192
vt 0.815161 0.928217
vt 0.824261 0.929553
vt 0.392333 0.339857
vt 0.377829 0.331943
vt 0.398135 0.334048
vt 0.424375 0.330701
vt 0.381102 0.325734
vt 0.369413 0.348065
vt 0.374105 0.322216
vt 0.390312 0.371855
vt 0.396749 0.377516
vt 0.376523 0.379146
vt 0.422968 0.382707
vt 0.424552 0.367428
vt 0.378170 0.386431
vt 0.425250 0.346017
vt 0.388924 0.349445
vt 0.380489 0.342458
vt 0.382501 0.356997
vt 0.433843 0.348922
vt 0.368266 0.362249
vt 0.379431 0.368308
vt 0.370243 0.387202
vt 0.755756 0.938014
vt 0.755052 0.928045
vt 0.763711 0.933033
vt 0.434249 0.368176
vt 0.447004 0.357507
vt 0.447493 0.357234
vt 0.429168 0.321740
vt 0.446714 0.348616
vt 0.354609 0.352822
vt 0.447511 0.357668
vt 0.446155 0.366196
vt 0.427189 0.391672
vt 0.584171 0.617110
vt 0.633705 0.619346
vt 0.584954 0.625057
vt 0.583172 0.606972
vt 0.634317 0.601629
vt 0.636285 0.609228
vt 0.585076 0.601282
vt 0.635027 0.625958
vt 0.583790 0.365478
vt 0.604175 0.355294
vt 0.599445 0.373614
vt 0.638226 0.366302
vt 0.614026 0.369689
vt 0.624006 0.393179
vt 0.618118 0.409507
vt 0.586102 0.404321
vt 0.645129 0.403552
vt 0.583149 0.411418
vt 0.644654 0.373772
vt 0.770856 0.191235
vt 0.771922 0.203406
vt 0.748031 0.203558
vt 0.743155 0.189371
vt 0.735443 0.196551
vt 0.437259 0.413367
vt 0.445759 0.421162
vt 0.433506 0.440196
vt 0.415779 0.436503
vt 0.009247 0.548802
vt 0.014449 0.521043
vt 0.018523 0.556105
vt 0.033312 0.525717
vt 0.036490 0.544880
vt 0.037743 0.501675
vt 0.018497 0.507818
vt 0.025034 0.481843
vt 0.011037 0.485703
vt 0.009960 0.465772
vt 0.362405 0.425500
vt 0.393300 0.421581
vt 0.384240 0.438119
vt 0.426770 0.413822
vt 0.356483 0.413601
vt 0.092192 0.364636
vt 0.079803 0.385573
vt 0.068909 0.380620
vt 0.190017 0.338248
vt 0.164815 0.314808
vt 0.148121 0.293252
vt 0.105902 0.295823
vt 0.117479 0.284640
vt 0.801130 0.507863
vt 0.826032 0.507800
vt 0.799232 0.518451
vt 0.083053 0.309346
vt 0.797798 0.478738
vt 0.815345 0.481972
vt 0.801130 0.489369
vt 0.179156 0.340768
vt 0.117368 0.329756
vt 0.122570 0.354182
vt 0.108724 0.362190
vt 0.161089 0.399417
vt 0.184420 0.381367
vt 0.146397 0.411834
vt 0.145613 0.346931
vt 0.158444 0.340765
vt 0.147229 0.370757
vt 0.129229 0.371093
vt 0.165580 0.369411
vt 0.150732 0.382079
vt 0.182010 0.354425
vt 0.099927 0.376815
vt 0.089596 0.323571
vt 0.074273 0.336968
vt 0.139598 0.342063
vt 0.148756 0.302973
vt 0.863915 0.171193
vt 0.862068 0.178308
vt 0.845583 0.176506
vt 0.197839 0.015324
vt 0.228603 0.014785
vt 0.211936 0.032350
vt 0.246513 0.029910
vt 0.262501 0.010567
vt 0.304004 0.040805
vt 0.316845 0.027538
vt 0.331745 0.046835
vt 0.709136 0.818983
vt 0.714581 0.789866
vt 0.716296 0.818960
vt 0.704833 0.931269
vt 0.704831 0.940209
vt 0.695352 0.939855
vt 0.720245 0.809470
vt 0.130543 0.397998
vt 0.111641 0.400330
vt 0.720245 0.799366
vt 0.695358 0.931532
vt 0.939542 0.570809
vt 0.933746 0.575883
vt 0.939059 0.570760
vt 0.299296 0.018316
vt 0.113736 0.316527
vt 0.854673 0.137028
vt 0.868085 0.144727
vt 0.851120 0.144792
vt 0.175615 0.030056
vt 0.168649 0.011266
vt 0.126106 0.016629
vt 0.116316 0.040884
vt 0.103758 0.027538
vt 0.088245 0.045809
vt 0.708516 0.799337
vt 0.708548 0.789855
vt 0.732814 0.934386
vt 0.723335 0.939304
vt 0.723340 0.932687
vt 0.720550 0.789924
vt 0.708516 0.809498
vt 0.930295 0.565699
vt 0.939542 0.570711
vt 0.966773 0.038286
vt 0.960864 0.038342
vt 0.964157 0.033662
vt 0.773813 0.071485
vt 0.769131 0.076744
vt 0.748673 0.074211
vt 0.773776 0.079780
vt 0.587128 0.336272
vt 0.591928 0.327535
vt 0.597033 0.336284
vt 0.827003 0.203104
vt 0.800797 0.197821
vt 0.827003 0.194349
vt 0.849637 0.607345
vt 0.860928 0.592736
vt 0.856732 0.607322
vt 0.862638 0.607353
vt 0.866611 0.607345
vt 0.855385 0.640481
vt 0.849478 0.640512
vt 0.855526 0.625893
vt 0.845506 0.640504
vt 0.862480 0.640504
vt 0.607780 0.336283
vt 0.606723 0.327526
vt 0.645962 0.332582
vt 0.740844 0.039199
vt 0.775195 0.049109
vt 0.743537 0.049092
vt 0.749196 0.114229
vt 0.742412 0.110782
vt 0.745517 0.104262
vt 0.737497 0.104412
vt 0.738869 0.106258
vt 0.738269 0.112804
vt 0.768450 0.106223
vt 0.764158 0.114194
vt 0.763928 0.101399
vt 0.849294 0.042254
vt 0.852538 0.037904
vt 0.857776 0.042246
vt 0.860958 0.037681
vt 0.865299 0.042093
vt 0.868209 0.037785
vt 0.870330 0.042357
vt 0.846133 0.037636
vt 0.775656 0.111136
vt 0.771607 0.111140
vt 0.774350 0.103434
vt 0.846102 0.061233
vt 0.852676 0.060926
vt 0.847441 0.065553
vt 0.853731 0.065372
vt 0.860399 0.061157
vt 0.860958 0.065619
vt 0.295589 0.530993
vt 0.292055 0.545034
vt 0.285709 0.538119
vt 0.283108 0.523853
vt 0.296005 0.514939
vt 0.868787 0.065473
vt 0.867783 0.061122
vt 0.326969 0.475712
vt 0.317661 0.479249
vt 0.319131 0.469331
vt 0.330721 0.486980
vt 0.318158 0.491192
vt 0.283535 0.503144
vt 0.296232 0.500024
vt 0.154735 0.084366
vt 0.168504 0.084350
vt 0.151508 0.088218
vt 0.168573 0.088779
vt 0.178839 0.088768
vt 0.178833 0.084341
vt 0.198750 0.086916
vt 0.190310 0.088335
vt 0.330986 0.498766
vt 0.318523 0.506819
vt 0.327189 0.467205
vt 0.324608 0.468761
vt 0.168361 0.069822
vt 0.176803 0.074245
vt 0.166217 0.074254
vt 0.155441 0.070175
vt 0.120525 0.071262
vt 0.135647 0.088036
vt 0.120527 0.087048
vt 0.178861 0.069822
vt 0.190732 0.072519
vt 0.150907 0.072277
vt 0.331285 0.513849
vt 0.318681 0.522426
vt 0.331288 0.530441
vt 0.330698 0.542619
vt 0.318910 0.540139
vt 0.857206 0.528656
vt 0.864314 0.541314
vt 0.848122 0.541318
vt 0.866398 0.528579
vt 0.296269 0.483367
vt 0.283644 0.483456
vt 0.104304 0.070281
vt 0.104261 0.087980
vt 0.697758 0.644816
vt 0.666729 0.648185
vt 0.679352 0.644816
vt 0.233617 0.070566
vt 0.221746 0.088206
vt 0.217940 0.070507
vt 0.846367 0.933504
vt 0.853407 0.927083
vt 0.855607 0.936428
vt 0.284056 0.471176
vt 0.295676 0.471141
vt 0.092008 0.087986
vt 0.092110 0.070277
vt 0.135756 0.070376
vt 0.710410 0.650756
vt 0.710485 0.663177
vt 0.666631 0.660661
vt 0.857380 0.560740
vt 0.864392 0.573397
vt 0.848593 0.573393
vt 0.847586 0.560663
vt 0.697835 0.666149
vt 0.846777 0.528589
vt 0.251414 0.070564
vt 0.241532 0.088264
vt 0.865054 0.560674
vt 0.202260 0.070428
vt 0.679275 0.666149
vt 0.253848 0.088329
vt 0.492694 0.631178
vt 0.500369 0.634276
vt 0.498898 0.638284
vt 0.490192 0.636339
vt 0.284217 0.672628
vt 0.281047 0.715688
vt 0.279622 0.669637
vt 0.454805 0.670175
vt 0.452715 0.715622
vt 0.449539 0.670185
vt 0.702592 0.385696
vt 0.667951 0.387923
vt 0.709709 0.378738
vt 0.497424 0.575998
vt 0.502614 0.626368
vt 0.489323 0.579071
vt 0.495012 0.625206
vt 0.590477 0.990753
vt 0.592211 0.985698
vt 0.593394 0.990753
vt 0.897632 0.579610
vt 0.903431 0.587028
vt 0.898089 0.587023
vt 0.894551 0.587021
vt 0.890214 0.587025
vt 0.893715 0.735140
vt 0.893421 0.742555
vt 0.889637 0.735138
vt 0.903521 0.735141
vt 0.899855 0.742556
vt 0.898655 0.735144
vt 0.807510 0.817948
vt 0.798281 0.810892
vt 0.810857 0.805641
vt 0.812501 0.805656
vt 0.824538 0.811204
vt 0.820315 0.816294
vt 0.666624 0.379336
vt 0.327760 0.892587
vt 0.330754 0.887782
vt 0.332864 0.892421
vt 0.332604 0.902111
vt 0.328366 0.901585
vt 0.845540 0.215155
vt 0.846986 0.210880
vt 0.854038 0.215329
vt 0.852666 0.210927
vt 0.812480 0.221940
vt 0.815897 0.226313
vt 0.811524 0.228879
vt 0.864065 0.203756
vt 0.860490 0.210898
vt 0.856538 0.199736
vt 0.797798 0.245692
vt 0.960185 0.456184
vt 0.964574 0.456156
vt 0.962365 0.462894
vt 0.864368 0.212686
vt 0.850655 0.204173
vt 0.936294 0.687931
vt 0.936307 0.692972
vt 0.927698 0.690341
vt 0.545600 0.736721
vt 0.545491 0.766160
vt 0.519603 0.750810
vt 0.845497 0.199959
vt 0.824572 0.239804
vt 0.824742 0.245193
vt 0.928030 0.716081
vt 0.933491 0.711908
vt 0.936293 0.716523
vt 0.538224 0.767106
vt 0.529188 0.435438
vt 0.529881 0.442502
vt 0.494716 0.442382
vt 0.544755 0.455214
vt 0.519235 0.450472
vt 0.494415 0.425986
vt 0.508133 0.434729
vt 0.531950 0.427740
vt 0.518162 0.427244
vt 0.524692 0.418629
vt 0.544755 0.419212
vt 0.547806 0.407661
vt 0.622875 0.704224
vt 0.639395 0.674339
vt 0.634101 0.708825
vt 0.091148 0.737025
vt 0.092723 0.736647
vt 0.092484 0.754051
vt 0.091156 0.768430
vt 0.092690 0.769765
vt 0.322401 0.768972
vt 0.322389 0.753813
vt 0.327772 0.767514
vt 0.766435 0.435808
vt 0.740866 0.437858
vt 0.735526 0.429348
vt 0.755398 0.602178
vt 0.740050 0.593587
vt 0.769391 0.593461
vt 0.928740 0.193420
vt 0.939966 0.193744
vt 0.931792 0.205525
vt 0.928740 0.236641
vt 0.931792 0.224536
vt 0.939966 0.236316
vt 0.404260 0.465331
vt 0.423158 0.482602
vt 0.413818 0.493072
vt 0.404260 0.546044
vt 0.413444 0.523055
vt 0.419122 0.534579
vt 0.423699 0.518269
vt 0.427895 0.505375
vt 0.162440 0.892454
vt 0.153911 0.905625
vt 0.153454 0.890692
vt 0.162551 0.904590
vt 0.695663 0.859863
vt 0.693580 0.845741
vt 0.700117 0.857429
vt 0.703328 0.840014
vt 0.476252 0.898123
vt 0.478961 0.901420
vt 0.478925 0.904932
vt 0.525503 0.845752
vt 0.529956 0.848186
vt 0.523420 0.859874
vt 0.533168 0.865601
vt 0.497480 0.891054
vt 0.502521 0.886610
vt 0.502557 0.890122
vt 0.430393 0.010093
vt 0.442498 0.025489
vt 0.421500 0.017621
vt 0.203200 0.815261
vt 0.192634 0.793752
vt 0.202650 0.790436
vt 0.194180 0.820602
vt 0.800768 0.541995
vt 0.822495 0.539109
vt 0.805897 0.561225
vt 0.824460 0.564445
vt 0.403548 0.016323
vt 0.382157 0.022610
vt 0.390996 0.009248
vt 0.382030 0.011623
vt 0.010316 0.790412
vt 0.020291 0.797346
vt 0.019267 0.819539
vt 0.009247 0.817875
vt 0.483042 0.426608
vt 0.483044 0.447654
vt 0.463337 0.024656
vt 0.354862 0.024656
vt 0.735525 0.602093
vt 0.769995 0.602163
vt 0.547806 0.466765
vt 0.322401 0.736730
vt 0.327771 0.736692
vt 0.624370 0.671610
vt 0.529188 0.515826
vt 0.529881 0.522891
vt 0.494716 0.522771
vt 0.544755 0.535603
vt 0.519235 0.530860
vt 0.494415 0.506374
vt 0.508133 0.515117
vt 0.533293 0.507958
vt 0.518162 0.507632
vt 0.524692 0.499017
vt 0.544755 0.499600
vt 0.547806 0.488050
vt 0.705776 0.080498
vt 0.675892 0.063978
vt 0.710377 0.069272
vt 0.133191 0.737025
vt 0.134766 0.736647
vt 0.134527 0.754051
vt 0.133200 0.768430
vt 0.134734 0.769765
vt 0.346298 0.768972
vt 0.346285 0.753813
vt 0.351668 0.767514
vt 0.766435 0.463182
vt 0.740866 0.465232
vt 0.735526 0.456722
vt 0.755398 0.629552
vt 0.740050 0.620961
vt 0.769391 0.620836
vt 0.928740 0.255466
vt 0.939966 0.255790
vt 0.931792 0.267571
vt 0.928740 0.298687
vt 0.931792 0.286582
vt 0.939966 0.298362
vt 0.483092 0.033127
vt 0.500362 0.014229
vt 0.510832 0.023568
vt 0.563805 0.033127
vt 0.540815 0.023942
vt 0.552339 0.018264
vt 0.536030 0.013687
vt 0.523135 0.009491
vt 0.191704 0.896056
vt 0.183253 0.905625
vt 0.182575 0.890655
vt 0.191892 0.904590
vt 0.724023 0.859863
vt 0.721940 0.845741
vt 0.728477 0.857429
vt 0.731688 0.840014
vt 0.521076 0.900488
vt 0.526152 0.901420
vt 0.526116 0.904932
vt 0.191891 0.887319
vt 0.551780 0.859874
vt 0.553417 0.843090
vt 0.558889 0.845308
vt 0.561529 0.865602
vt 0.544674 0.900270
vt 0.549719 0.899589
vt 0.549749 0.904706
vt 0.430393 0.049670
vt 0.442498 0.065066
vt 0.421500 0.057198
vt 0.233581 0.815261
vt 0.223015 0.793752
vt 0.233031 0.790436
vt 0.224561 0.820602
vt 0.800768 0.586335
vt 0.822495 0.583449
vt 0.805897 0.605565
vt 0.824460 0.608785
vt 0.606761 0.183679
vt 0.604511 0.187447
vt 0.583099 0.191623
vt 0.403548 0.055900
vt 0.382157 0.062187
vt 0.390996 0.048825
vt 0.382030 0.051200
vt 0.040697 0.790412
vt 0.050672 0.797347
vt 0.049648 0.819539
vt 0.039628 0.817875
vt 0.483042 0.506996
vt 0.483044 0.528042
vt 0.463337 0.064233
vt 0.354862 0.064233
vt 0.735525 0.629467
vt 0.769995 0.629537
vt 0.547806 0.547154
vt 0.346297 0.736730
vt 0.351667 0.736692
vt 0.673162 0.079003
vt 0.352112 0.892587
vt 0.355106 0.887782
vt 0.357217 0.892421
vt 0.356957 0.902111
vt 0.352719 0.901585
vt 0.845540 0.249255
vt 0.846986 0.244980
vt 0.854038 0.249429
vt 0.852666 0.245027
vt 0.812480 0.264527
vt 0.815897 0.268901
vt 0.811524 0.271467
vt 0.864064 0.237856
vt 0.860490 0.244998
vt 0.856538 0.233836
vt 0.797798 0.288280
vt 0.960185 0.481448
vt 0.964574 0.481420
vt 0.962365 0.488158
vt 0.864368 0.246786
vt 0.850655 0.238273
vt 0.936294 0.735017
vt 0.936307 0.740058
vt 0.927698 0.737427
vt 0.590643 0.736721
vt 0.590534 0.766160
vt 0.564646 0.750810
vt 0.845497 0.234059
vt 0.824572 0.282392
vt 0.824742 0.287780
vt 0.928030 0.763167
vt 0.933491 0.758994
vt 0.936294 0.763609
vt 0.583266 0.767106
vt 0.528944 0.631178
vt 0.536619 0.634276
vt 0.535148 0.638284
vt 0.526442 0.636339
vt 0.313026 0.672628
vt 0.309856 0.715687
vt 0.308430 0.669637
vt 0.483656 0.670175
vt 0.481567 0.715622
vt 0.478391 0.670185
vt 0.702592 0.416397
vt 0.667951 0.418624
vt 0.709709 0.409439
vt 0.533674 0.575998
vt 0.538864 0.626368
vt 0.525573 0.579071
vt 0.531262 0.625206
vt 0.611888 0.990753
vt 0.613622 0.985698
vt 0.614805 0.990753
vt 0.897632 0.605532
vt 0.903431 0.612950
vt 0.898089 0.612944
vt 0.894552 0.612943
vt 0.890214 0.612947
vt 0.893715 0.761062
vt 0.893421 0.768477
vt 0.889637 0.761060
vt 0.903521 0.761063
vt 0.899855 0.768478
vt 0.898655 0.761066
vt 0.010672 0.849726
vt 0.017728 0.840497
vt 0.022978 0.853072
vt 0.022963 0.854717
vt 0.017416 0.866754
vt 0.012326 0.862530
vt 0.666624 0.410037
vt 0.041970 0.622154
vt 0.034905 0.622846
vt 0.035025 0.587682
vt 0.022193 0.637720
vt 0.026936 0.612200
vt 0.051422 0.587380
vt 0.042679 0.601098
vt 0.049668 0.624915
vt 0.050164 0.611128
vt 0.058779 0.617657
vt 0.058196 0.637720
vt 0.069746 0.640772
vt 0.705776 0.118419
vt 0.675892 0.101898
vt 0.710377 0.107193
vt 0.175235 0.737025
vt 0.176810 0.736647
vt 0.176571 0.754051
vt 0.175243 0.768430
vt 0.176777 0.769765
vt 0.370194 0.768972
vt 0.370181 0.753813
vt 0.375564 0.767514
vt 0.766434 0.490557
vt 0.740866 0.492607
vt 0.735526 0.484097
vt 0.755398 0.656927
vt 0.740050 0.648336
vt 0.769391 0.648211
vt 0.928740 0.317512
vt 0.939966 0.317836
vt 0.931792 0.329617
vt 0.928740 0.360733
vt 0.931792 0.348628
vt 0.939966 0.360408
vt 0.483092 0.075515
vt 0.500362 0.056617
vt 0.510832 0.065957
vt 0.563804 0.075515
vt 0.540815 0.066331
vt 0.552339 0.060653
vt 0.523042 0.051880
vt 0.536922 0.056385
vt 0.221122 0.892454
vt 0.212594 0.905625
vt 0.212136 0.890692
vt 0.221234 0.904590
vt 0.752383 0.859863
vt 0.750300 0.845741
vt 0.756837 0.857429
vt 0.760048 0.840014
vt 0.568268 0.900488
vt 0.573344 0.901420
vt 0.573308 0.904932
vt 0.582223 0.845752
vt 0.586676 0.848186
vt 0.580140 0.859874
vt 0.589888 0.865601
vt 0.594231 0.893419
vt 0.596904 0.886610
vt 0.596940 0.890122
vt 0.430393 0.089247
vt 0.442498 0.104643
vt 0.422148 0.096850
vt 0.263962 0.815261
vt 0.253396 0.793752
vt 0.263412 0.790436
vt 0.254860 0.820481
vt 0.800768 0.630675
vt 0.822495 0.627789
vt 0.805897 0.649905
vt 0.824460 0.653125
vt 0.403520 0.095495
vt 0.382157 0.101764
vt 0.390996 0.088402
vt 0.382030 0.090777
vt 0.071078 0.790412
vt 0.081053 0.797347
vt 0.080029 0.819539
vt 0.070009 0.817875
vt 0.050800 0.576008
vt 0.029754 0.576010
vt 0.463337 0.103810
vt 0.354862 0.103810
vt 0.735525 0.656842
vt 0.769995 0.656912
vt 0.010642 0.640772
vt 0.370193 0.736730
vt 0.375563 0.736691
vt 0.673162 0.116924
vt 0.376465 0.892587
vt 0.379458 0.887782
vt 0.381569 0.892421
vt 0.381309 0.902111
vt 0.377071 0.901585
vt 0.845540 0.283355
vt 0.846986 0.279080
vt 0.854038 0.283529
vt 0.852666 0.279127
vt 0.812480 0.307115
vt 0.815897 0.311488
vt 0.811524 0.314054
vt 0.864065 0.271956
vt 0.860490 0.279098
vt 0.856538 0.267936
vt 0.797798 0.330868
vt 0.960185 0.506712
vt 0.964574 0.506684
vt 0.962365 0.513422
vt 0.864368 0.280886
vt 0.850655 0.272373
vt 0.936294 0.782102
vt 0.936307 0.787144
vt 0.927698 0.784513
vt 0.635686 0.736721
vt 0.635577 0.766160
vt 0.609689 0.750810
vt 0.845497 0.268159
vt 0.824572 0.324979
vt 0.824742 0.330368
vt 0.928030 0.810253
vt 0.933491 0.806080
vt 0.936294 0.810695
vt 0.628309 0.767106
vt 0.637538 0.023633
vt 0.640636 0.015957
vt 0.644645 0.017429
vt 0.642700 0.026134
vt 0.341834 0.672628
vt 0.338664 0.715687
vt 0.337239 0.669637
vt 0.512508 0.670175
vt 0.510418 0.715622
vt 0.507243 0.670185
vt 0.702592 0.447099
vt 0.667951 0.449325
vt 0.709709 0.440140
vt 0.582358 0.018902
vt 0.632728 0.013713
vt 0.585431 0.027003
vt 0.631566 0.021315
vt 0.633299 0.990753
vt 0.635033 0.985698
vt 0.636216 0.990753
vt 0.897632 0.631454
vt 0.903431 0.638872
vt 0.898089 0.638866
vt 0.894551 0.638865
vt 0.890214 0.638869
vt 0.893715 0.786984
vt 0.893421 0.794399
vt 0.889637 0.786982
vt 0.903521 0.786985
vt 0.899855 0.794400
vt 0.898654 0.786988
vt 0.043896 0.849726
vt 0.050952 0.840497
vt 0.056203 0.853072
vt 0.056188 0.854717
vt 0.050640 0.866754
vt 0.045550 0.862530
vt 0.666624 0.440739
vt 0.637538 0.059883
vt 0.640636 0.052207
vt 0.644645 0.053679
vt 0.642700 0.062385
vt 0.370643 0.672628
vt 0.367473 0.715687
vt 0.366048 0.669637
vt 0.541360 0.670175
vt 0.539270 0.715622
vt 0.536094 0.670185
vt 0.702592 0.477800
vt 0.667951 0.480027
vt 0.709709 0.470841
vt 0.582358 0.055152
vt 0.632728 0.049963
vt 0.585431 0.063253
vt 0.631567 0.057565
vt 0.654710 0.990753
vt 0.656444 0.985698
vt 0.657627 0.990753
vt 0.897632 0.657376
vt 0.903431 0.664794
vt 0.898089 0.664788
vt 0.894551 0.664787
vt 0.890214 0.664791
vt 0.893715 0.812906
vt 0.893421 0.820321
vt 0.889637 0.812904
vt 0.903521 0.812907
vt 0.899855 0.820322
vt 0.898654 0.812910
vt 0.077120 0.849726
vt 0.084176 0.840497
vt 0.089427 0.853072
vt 0.089412 0.854717
vt 0.083864 0.866754
vt 0.078774 0.862530
vt 0.666624 0.471440
vt 0.400817 0.892587
vt 0.403811 0.887782
vt 0.405921 0.892421
vt 0.405661 0.902111
vt 0.401423 0.901585
vt 0.845540 0.317454
vt 0.846986 0.313180
vt 0.854038 0.317629
vt 0.852666 0.313227
vt 0.812480 0.349703
vt 0.815897 0.354076
vt 0.811524 0.356642
vt 0.864064 0.306056
vt 0.860490 0.313197
vt 0.856538 0.302036
vt 0.797798 0.373455
vt 0.960185 0.531976
vt 0.964574 0.531948
vt 0.962365 0.538686
vt 0.864368 0.314986
vt 0.850655 0.306473
vt 0.936294 0.829189
vt 0.936307 0.834230
vt 0.927698 0.831599
vt 0.680729 0.736721
vt 0.680620 0.766160
vt 0.654732 0.750810
vt 0.845497 0.302259
vt 0.824572 0.367567
vt 0.824742 0.372956
vt 0.928030 0.857339
vt 0.933491 0.853166
vt 0.936293 0.857781
vt 0.673352 0.767106
vt 0.122358 0.622154
vt 0.115294 0.622846
vt 0.118635 0.587558
vt 0.102582 0.637720
vt 0.107324 0.612200
vt 0.131811 0.587380
vt 0.123067 0.601098
vt 0.130056 0.624915
vt 0.130552 0.611128
vt 0.139167 0.617657
vt 0.138584 0.637720
vt 0.150135 0.640772
vt 0.705960 0.156336
vt 0.675892 0.139819
vt 0.714837 0.138622
vt 0.217278 0.737025
vt 0.218853 0.736647
vt 0.218614 0.754051
vt 0.217287 0.768424
vt 0.218820 0.769765
vt 0.394090 0.768972
vt 0.394078 0.753813
vt 0.399461 0.767514
vt 0.766434 0.517931
vt 0.740687 0.519980
vt 0.735523 0.511467
vt 0.755398 0.684302
vt 0.736075 0.683185
vt 0.769391 0.675585
vt 0.928740 0.379558
vt 0.939966 0.379882
vt 0.931792 0.391663
vt 0.928740 0.422779
vt 0.931792 0.410674
vt 0.939966 0.422454
vt 0.483092 0.117904
vt 0.500362 0.099006
vt 0.510832 0.108346
vt 0.563805 0.117904
vt 0.540815 0.108719
vt 0.552339 0.103042
vt 0.523041 0.094269
vt 0.536922 0.098773
vt 0.250463 0.892454
vt 0.241935 0.905625
vt 0.241478 0.890692
vt 0.250575 0.904590
vt 0.780743 0.859863
vt 0.778660 0.845741
vt 0.785197 0.857429
vt 0.788409 0.840014
vt 0.617827 0.898123
vt 0.620536 0.901420
vt 0.620500 0.904932
vt 0.610583 0.845752
vt 0.615036 0.848186
vt 0.608500 0.859874
vt 0.618248 0.865602
vt 0.639055 0.891054
vt 0.644095 0.886610
vt 0.644131 0.890122
vt 0.430393 0.128824
vt 0.442498 0.144221
vt 0.422148 0.136427
vt 0.294342 0.815261
vt 0.283777 0.793752
vt 0.293793 0.790436
vt 0.285241 0.820481
vt 0.109920 0.587895
vt 0.110142 0.576010
vt 0.800768 0.675015
vt 0.822495 0.672130
vt 0.805897 0.694245
vt 0.824460 0.697466
vt 0.403520 0.135072
vt 0.382157 0.141342
vt 0.390996 0.127979
vt 0.382030 0.130354
vt 0.101459 0.790412
vt 0.111434 0.797347
vt 0.110410 0.819539
vt 0.100390 0.817875
vt 0.131188 0.576007
vt 0.463337 0.143387
vt 0.354862 0.143387
vt 0.769995 0.684287
vt 0.091031 0.640772
vt 0.394090 0.736737
vt 0.399460 0.736689
vt 0.673162 0.154845
vt 0.637538 0.096133
vt 0.640636 0.088458
vt 0.644645 0.089929
vt 0.642700 0.098635
vt 0.399451 0.672628
vt 0.396282 0.715687
vt 0.394856 0.669637
vt 0.570212 0.670175
vt 0.568122 0.715622
vt 0.564946 0.670185
vt 0.702592 0.508501
vt 0.667951 0.510728
vt 0.709709 0.501542
vt 0.582358 0.091402
vt 0.632728 0.086213
vt 0.585431 0.099503
vt 0.631566 0.093815
vt 0.676121 0.990753
vt 0.677855 0.985698
vt 0.679038 0.990753
vt 0.897632 0.683298
vt 0.903431 0.690716
vt 0.898089 0.690710
vt 0.894551 0.690709
vt 0.890214 0.690713
vt 0.893715 0.838828
vt 0.893421 0.846243
vt 0.889637 0.838826
vt 0.903521 0.838829
vt 0.899855 0.846244
vt 0.898655 0.838832
vt 0.110344 0.849726
vt 0.117400 0.840497
vt 0.122651 0.853072
vt 0.122636 0.854717
vt 0.117088 0.866754
vt 0.111998 0.862530
vt 0.666624 0.502141
vt 0.425170 0.892587
vt 0.428163 0.887782
vt 0.430274 0.892421
vt 0.430014 0.902111
vt 0.425776 0.901585
vt 0.845540 0.351554
vt 0.846986 0.347280
vt 0.854038 0.351729
vt 0.852666 0.347327
vt 0.812480 0.392290
vt 0.815897 0.396663
vt 0.811524 0.399229
vt 0.864064 0.340156
vt 0.860490 0.347297
vt 0.856538 0.336136
vt 0.797798 0.416043
vt 0.960185 0.557240
vt 0.964574 0.557212
vt 0.962365 0.563950
vt 0.864368 0.349085
vt 0.850655 0.340573
vt 0.936294 0.876274
vt 0.936307 0.881316
vt 0.927698 0.878685
vt 0.725772 0.736721
vt 0.725662 0.766160
vt 0.699775 0.750811
vt 0.845497 0.336358
vt 0.824572 0.410155
vt 0.824742 0.415543
vt 0.928030 0.904425
vt 0.933491 0.900252
vt 0.936294 0.904867
vt 0.718395 0.767106
vt 0.202747 0.622153
vt 0.195683 0.622846
vt 0.195802 0.587682
vt 0.182970 0.637720
vt 0.187713 0.612200
vt 0.212199 0.587380
vt 0.203456 0.601098
vt 0.210445 0.624915
vt 0.210941 0.611128
vt 0.219556 0.617657
vt 0.218973 0.637720
vt 0.230523 0.640772
vt 0.705776 0.194260
vt 0.675892 0.177740
vt 0.710377 0.183034
vt 0.259321 0.737025
vt 0.260896 0.736647
vt 0.260657 0.754051
vt 0.259329 0.768430
vt 0.260863 0.769765
vt 0.417986 0.768972
vt 0.417974 0.753813
vt 0.423357 0.767514
vt 0.766434 0.545306
vt 0.740866 0.547356
vt 0.735526 0.538846
vt 0.755398 0.711676
vt 0.740050 0.703085
vt 0.769391 0.702960
vt 0.928740 0.441604
vt 0.939967 0.441928
vt 0.931792 0.453709
vt 0.928740 0.484824
vt 0.931792 0.472720
vt 0.939966 0.484500
vt 0.483092 0.160293
vt 0.500362 0.141395
vt 0.510832 0.150735
vt 0.563805 0.160293
vt 0.540815 0.151108
vt 0.552339 0.145430
vt 0.536030 0.140853
vt 0.523135 0.136657
vt 0.279805 0.892454
vt 0.271276 0.905625
vt 0.270819 0.890692
vt 0.279916 0.904590
vt 0.809103 0.859863
vt 0.807020 0.845741
vt 0.813557 0.857429
vt 0.816769 0.840014
vt 0.662651 0.900488
vt 0.667727 0.901420
vt 0.667691 0.904932
vt 0.638943 0.845752
vt 0.643397 0.848186
vt 0.636860 0.859874
vt 0.646608 0.865602
vt 0.688614 0.893419
vt 0.691287 0.886610
vt 0.691323 0.890122
vt 0.430393 0.168401
vt 0.442498 0.183798
vt 0.421500 0.175929
vt 0.324723 0.815261
vt 0.314158 0.793752
vt 0.324174 0.790436
vt 0.315703 0.820602
vt 0.800768 0.719356
vt 0.822495 0.716470
vt 0.805897 0.738586
vt 0.824460 0.741806
vt 0.403548 0.174632
vt 0.382157 0.180919
vt 0.390996 0.167556
vt 0.382030 0.169932
vt 0.131840 0.790412
vt 0.141815 0.797347
vt 0.140791 0.819539
vt 0.130771 0.817875
vt 0.211577 0.576007
vt 0.190531 0.576010
vt 0.463337 0.182964
vt 0.354862 0.182964
vt 0.735525 0.711591
vt 0.769995 0.711661
vt 0.171419 0.640772
vt 0.417986 0.736730
vt 0.423356 0.736692
vt 0.673162 0.192765
vt 0.278487 0.621646
vt 0.283135 0.622153
vt 0.271929 0.624903
vt 0.276191 0.587682
vt 0.254307 0.642759
vt 0.268101 0.612200
vt 0.292587 0.587380
vt 0.283845 0.601098
vt 0.290834 0.624915
vt 0.291329 0.611128
vt 0.299944 0.617657
vt 0.299361 0.637720
vt 0.310912 0.640772
vt 0.705776 0.232181
vt 0.675892 0.215660
vt 0.710377 0.220955
vt 0.301365 0.737025
vt 0.302940 0.736647
vt 0.302700 0.754051
vt 0.301373 0.768430
vt 0.302907 0.769765
vt 0.441882 0.768972
vt 0.441870 0.753813
vt 0.447253 0.767514
vt 0.766435 0.572681
vt 0.740866 0.574731
vt 0.735525 0.566221
vt 0.009353 0.756564
vt 0.017944 0.741215
vt 0.018069 0.770557
vt 0.928613 0.503639
vt 0.939966 0.503974
vt 0.928656 0.515336
vt 0.928740 0.546870
vt 0.931792 0.534765
vt 0.939966 0.546546
vt 0.483092 0.202681
vt 0.500362 0.183783
vt 0.510832 0.193123
vt 0.563805 0.202681
vt 0.540815 0.193497
vt 0.552339 0.187819
vt 0.536029 0.183242
vt 0.523135 0.179046
vt 0.309146 0.892454
vt 0.300527 0.905608
vt 0.300160 0.890692
vt 0.309257 0.904590
vt 0.865072 0.012554
vt 0.852824 0.019101
vt 0.848216 0.009360
vt 0.867386 0.017261
vt 0.712251 0.896532
vt 0.712722 0.887329
vt 0.714887 0.891456
vt 0.869820 0.011060
vt 0.667303 0.845752
vt 0.671756 0.848186
vt 0.665220 0.859874
vt 0.674968 0.865601
vt 0.733438 0.891054
vt 0.738479 0.886610
vt 0.738515 0.890122
vt 0.430393 0.207979
vt 0.442498 0.223375
vt 0.421500 0.215507
vt 0.355104 0.815261
vt 0.344539 0.793752
vt 0.354555 0.790436
vt 0.346084 0.820602
vt 0.800768 0.763696
vt 0.822495 0.760810
vt 0.805897 0.782926
vt 0.824460 0.786146
vt 0.403548 0.214209
vt 0.382157 0.220496
vt 0.390996 0.207133
vt 0.382030 0.209509
vt 0.162221 0.790412
vt 0.172196 0.797347
vt 0.171172 0.819539
vt 0.161152 0.817875
vt 0.291965 0.576007
vt 0.270920 0.576010
vt 0.463337 0.222541
vt 0.354862 0.222541
vt 0.009438 0.736690
vt 0.009368 0.771161
vt 0.441882 0.736730
vt 0.447252 0.736692
vt 0.673162 0.230686
vt 0.449522 0.892587
vt 0.452516 0.887782
vt 0.454626 0.892421
vt 0.454366 0.902111
vt 0.450128 0.901585
vt 0.845540 0.385654
vt 0.846986 0.381380
vt 0.854038 0.385829
vt 0.852666 0.381427
vt 0.812480 0.434878
vt 0.815897 0.439251
vt 0.811524 0.441817
vt 0.864064 0.374256
vt 0.860490 0.381397
vt 0.856538 0.370236
vt 0.797798 0.458630
vt 0.960185 0.582504
vt 0.964574 0.582476
vt 0.962365 0.589214
vt 0.864368 0.383185
vt 0.850655 0.374673
vt 0.936294 0.923360
vt 0.936307 0.928402
vt 0.927698 0.925771
vt 0.770815 0.736721
vt 0.770705 0.766160
vt 0.744817 0.750810
vt 0.845497 0.370458
vt 0.824572 0.452742
vt 0.824742 0.458131
vt 0.960007 0.013854
vt 0.965469 0.009681
vt 0.968271 0.014296
vt 0.763438 0.767106
vt 0.637538 0.132383
vt 0.640636 0.124708
vt 0.644645 0.126179
vt 0.642700 0.134885
vt 0.428260 0.672628
vt 0.425090 0.715688
vt 0.423665 0.669637
vt 0.599063 0.670175
vt 0.596974 0.715622
vt 0.593798 0.670185
vt 0.702592 0.539202
vt 0.667951 0.541429
vt 0.709709 0.532243
vt 0.582358 0.127653
vt 0.632728 0.122463
vt 0.585431 0.135754
vt 0.631567 0.130065
vt 0.697532 0.990753
vt 0.699266 0.985698
vt 0.700449 0.990753
vt 0.897632 0.709220
vt 0.903431 0.716638
vt 0.898089 0.716632
vt 0.894551 0.716631
vt 0.890214 0.716635
vt 0.893716 0.864750
vt 0.893421 0.872165
vt 0.889637 0.864747
vt 0.903521 0.864751
vt 0.899855 0.872166
vt 0.898655 0.864754
vt 0.143569 0.849726
vt 0.150624 0.840497
vt 0.155875 0.853072
vt 0.155860 0.854717
vt 0.150312 0.866754
vt 0.145222 0.862530
vt 0.666624 0.532842
vt 0.072216 0.496040
vt 0.058777 0.510212
vt 0.057946 0.492185
vt 0.073262 0.517772
vt 0.319005 0.364954
vt 0.325192 0.363413
vt 0.324143 0.384938
vt 0.313014 0.330403
vt 0.315282 0.355277
vt 0.271396 0.352570
vt 0.063136 0.470583
vt 0.059206 0.467596
vt 0.044299 0.737120
vt 0.051631 0.743290
vt 0.037004 0.737092
vt 0.058057 0.526870
vt 0.329454 0.378840
vt 0.069870 0.470147
vt 0.665921 0.008901
vt 0.715581 0.011562
vt 0.708652 0.041783
vt 0.739503 0.133068
vt 0.740499 0.161544
vt 0.735444 0.135884
vt 0.314231 0.314569
vt 0.324144 0.288559
vt 0.325195 0.310084
vt 0.063084 0.551016
vt 0.059142 0.553987
vt 0.044298 0.768757
vt 0.037057 0.768717
vt 0.051631 0.762587
vt 0.329455 0.294657
vt 0.423208 0.265178
vt 0.445563 0.285135
vt 0.425032 0.283895
vt 0.069816 0.551478
vt 0.668282 0.044097
vt 0.667215 0.039458
vt 0.402329 0.272144
vt 0.771310 0.133068
vt 0.775370 0.135884
vt 0.770315 0.146556
vt 0.703868 0.686988
vt 0.685939 0.693607
vt 0.668614 0.687328
vt 0.383838 0.265217
vt 0.403808 0.247144
vt 0.384569 0.284176
vt 0.361542 0.285135
vt 0.068362 0.480804
vt 0.450499 0.297563
vt 0.453412 0.291117
vt 0.406198 0.855090
vt 0.415042 0.850677
vt 0.415304 0.859336
vt 0.406367 0.840657
vt 0.415982 0.842488
vt 0.405696 0.845811
vt 0.068217 0.540983
vt 0.549346 0.300556
vt 0.550409 0.308890
vt 0.548848 0.303282
vt 0.406549 0.865329
vt 0.356607 0.297563
vt 0.353694 0.291117
vt 0.435434 0.851563
vt 0.444539 0.847317
vt 0.444278 0.855977
vt 0.435603 0.865997
vt 0.434931 0.860843
vt 0.445217 0.864165
vt 0.489489 0.344151
vt 0.489988 0.346877
vt 0.488427 0.352485
vt 0.545053 0.308507
vt 0.529452 0.310767
vt 0.518680 0.318371
vt 0.483319 0.302421
vt 0.026984 0.690543
vt 0.020542 0.679317
vt 0.041718 0.665082
vt 0.435784 0.841324
vt 0.509913 0.353747
vt 0.493782 0.352102
vt 0.546577 0.355473
vt 0.520155 0.361966
vt 0.510720 0.322293
vt 0.497920 0.317089
vt 0.416106 0.864397
vt 0.041454 0.717317
vt 0.020176 0.706678
vt 0.333230 0.391522
vt 0.529238 0.365735
vt 0.445341 0.842256
vt 0.333230 0.281974
vt 0.271041 0.332944
vt 0.278573 0.336519
vt 0.271106 0.321407
vt 0.770270 0.167485
vt 0.009247 0.702447
vt 0.317246 0.350231
vt 0.475820 0.819202
vt 0.499209 0.930707
vt 0.509396 0.928853
vt 0.506431 0.938929
vt 0.888776 0.929027
vt 0.886438 0.937599
vt 0.879598 0.930833
vt 0.621992 0.714513
vt 0.636226 0.665378
vt 0.716065 0.081381
vt 0.666930 0.067147
vt 0.716065 0.119302
vt 0.666930 0.105068
vt 0.714789 0.151158
vt 0.666930 0.142988
vt 0.716065 0.195143
vt 0.666930 0.180909
vt 0.716065 0.233064
vt 0.667108 0.220959
vt 0.666624 0.215180
vt 0.667298 0.013910
vt 0.555790 0.345988
vt 0.716614 0.144246
vt 0.716069 0.157224
s 1
usemtl Material.004
f 6/1/1 8/2/1 1/3/1
f 2/4/2 3/5/3 1/6/4
f 2/4/5 4/7/5 3/5/5
f 4/8/6 5/9/7 3/10/8
f 5/9/7 6/11/9 3/10/8
f 5/12/10 7/13/10 6/14/10
f 7/13/11 8/15/11 6/14/11
f 4/8/12 1/3/12 5/9/12
f 22/16/13 24/17/14 46/18/15
f 22/16/16 25/19/17 24/17/18
f 115/20/19 23/21/20 22/16/13
f 4/22/21 26/23/21 43/24/21
f 10/25/22 9/26/22 11/27/22
f 10/25/23 11/27/23 12/28/23
f 12/29/24 11/30/25 13/31/26
f 13/31/26 11/30/25 14/32/27
f 13/33/28 14/34/28 15/35/28
f 15/35/29 14/34/29 16/36/29
f 12/29/30 13/31/31 9/37/32
f 9/37/32 13/31/31 16/38/33
f 16/39/34 13/40/35 17/41/36
f 26/23/37 27/42/38 44/43/39
f 27/42/38 7/44/40 44/43/39
f 161/45/41 41/46/42 4/22/43
f 41/46/44 1/47/44 4/22/44
f 45/48/45 42/49/46 44/50/47
f 28/51/48 157/52/49 29/53/50
f 29/53/51 30/54/51 31/55/51
f 31/55/52 30/54/53 32/56/54
f 31/55/52 32/56/54 33/57/55
f 33/57/56 32/56/56 89/58/56
f 89/58/57 32/56/58 34/59/59
f 89/58/57 34/59/59 35/60/60
f 34/59/59 32/56/58 36/61/61
f 36/61/61 32/56/58 37/62/62
f 37/62/63 32/56/63 50/63/63
f 37/62/64 50/63/64 81/64/64
f 81/64/65 50/63/66 12/65/67
f 12/65/68 50/63/69 38/66/70
f 50/63/71 49/67/72 38/66/73
f 38/66/73 49/67/72 39/68/74
f 39/68/75 49/67/75 13/69/75
f 81/64/65 12/65/67 40/70/76
f 40/70/77 12/65/30 9/71/32
f 45/48/45 64/72/78 42/49/46
f 71/73/79 75/74/80 46/75/81
f 24/76/82 71/73/79 46/75/81
f 57/77/83 58/78/84 55/79/85
f 48/80/86 17/81/87 49/82/88
f 17/81/87 48/80/86 62/83/89
f 17/81/87 62/83/89 47/84/90
f 158/85/91 19/86/92 74/87/93
f 52/88/94 54/89/95 57/77/83
f 52/88/94 53/90/96 54/89/95
f 64/72/78 47/84/90 59/91/97
f 72/92/98 43/93/99 42/49/46
f 72/92/98 59/91/97 63/94/100
f 62/83/89 60/95/101 47/84/90
f 60/95/101 66/96/102 61/97/103
f 62/98/89 48/80/86 65/99/104
f 65/99/104 48/80/86 50/100/105
f 74/87/93 46/75/81 75/74/80
f 63/94/100 61/97/103 73/101/106
f 46/75/81 74/87/93 19/86/92
f 67/102/107 61/97/103 66/103/102
f 68/104/108 69/105/109 70/106/110
f 68/104/108 70/106/110 51/107/111
f 68/104/108 51/107/111 30/108/112
f 73/101/106 75/74/80 63/94/100
f 73/101/106 74/87/93 75/74/80
f 30/108/112 51/107/111 32/109/113
f 67/102/107 69/105/109 61/97/103
f 64/72/78 45/48/45 47/84/90
f 71/73/79 43/93/99 72/92/98
f 72/92/98 42/49/46 64/110/78
f 64/110/78 59/91/97 72/92/98
f 52/88/94 56/111/114 158/85/91
f 158/85/91 56/111/114 19/86/92
f 63/94/100 59/91/97 61/97/103
f 74/87/93 68/104/108 30/108/112
f 158/85/91 74/87/93 30/108/112
f 57/77/83 55/79/85 56/111/114
f 158/85/91 30/108/112 52/88/94
f 56/111/114 52/88/94 57/77/83
f 69/105/109 67/102/107 70/106/110
f 66/96/102 62/98/89 65/99/104
f 65/99/104 50/100/105 32/109/113
f 62/98/89 66/96/102 60/95/101
f 48/80/86 49/82/88 50/100/105
f 32/109/113 51/107/111 65/99/104
f 75/112/80 71/73/79 72/113/98
f 63/94/100 75/112/80 72/113/98
f 43/93/99 44/50/47 42/49/46
f 67/102/107 66/103/102 70/114/110
f 70/114/110 65/99/104 51/107/111
f 70/114/110 66/103/102 65/99/104
f 59/115/97 47/116/90 60/117/101
f 61/118/103 59/115/97 60/117/101
f 74/119/93 73/120/106 69/121/109
f 61/122/103 69/121/109 73/120/106
f 68/123/108 74/119/93 69/121/109
f 101/124/115 103/125/116 23/126/117
f 103/125/118 41/127/119 23/126/120
f 22/128/121 100/129/121 101/130/121
f 101/130/115 23/131/117 102/132/122
f 103/133/123 161/134/123 105/135/123
f 114/136/124 21/137/125 107/138/126
f 107/139/127 111/140/128 157/141/129
f 103/133/130 106/142/130 161/134/130
f 107/139/127 112/143/131 111/140/128
f 114/144/132 115/145/132 113/146/132
f 101/130/133 102/132/133 22/128/133
f 112/147/134 23/148/135 18/149/136
f 106/142/137 41/150/137 161/134/137
f 106/151/138 100/152/139 41/127/140
f 41/127/141 100/152/141 23/126/141
f 103/133/118 105/135/142 41/153/119
f 114/154/143 107/155/143 115/156/143
f 6/157/144 27/158/145 26/159/146
f 34/160/147 77/161/147 76/162/147
f 77/161/148 34/160/148 78/163/148
f 77/161/149 78/163/150 35/164/151
f 77/165/149 35/166/151 79/167/152
f 79/167/153 35/166/154 40/168/155
f 79/169/153 40/170/155 80/171/156
f 40/168/157 35/166/158 76/172/159
f 79/169/160 80/171/160 81/173/160
f 79/169/161 81/173/161 82/174/161
f 82/174/162 81/173/162 40/175/162
f 82/176/163 40/168/157 76/172/159
f 84/177/164 29/178/165 85/179/166
f 84/177/164 85/179/166 86/180/167
f 86/180/168 85/179/168 28/181/168
f 86/182/169 28/183/170 87/184/171
f 87/184/172 28/183/172 35/185/172
f 87/186/173 35/187/174 88/188/175
f 35/185/176 28/183/177 84/189/178
f 87/186/179 88/188/179 89/190/179
f 87/186/180 89/191/180 83/192/180
f 83/192/181 89/191/181 35/193/181
f 83/194/182 35/185/176 84/189/178
f 11/195/183 38/196/184 14/197/185
f 14/197/185 38/196/184 39/198/186
f 117/199/187 118/200/188 116/201/189
f 117/199/187 119/202/190 118/200/188
f 16/203/191 90/204/191 91/205/191
f 16/203/192 91/205/193 92/206/194
f 118/207/195 93/208/195 120/209/195
f 7/210/196 5/211/196 45/212/196
f 58/213/197 136/214/198 134/215/199
f 157/52/200 20/216/200 19/217/200
f 157/218/201 19/219/202 122/220/203
f 136/214/198 58/213/197 57/221/204
f 19/219/202 55/222/205 122/220/203
f 137/223/206 55/224/85 58/225/84
f 137/226/207 122/227/208 138/228/209
f 94/229/210 93/230/211 91/231/212
f 93/230/213 94/229/214 90/232/215
f 91/233/216 90/234/216 95/235/216
f 91/233/212 95/235/217 94/236/210
f 136/214/198 57/221/204 122/237/218
f 135/238/219 136/214/219 122/237/219
f 137/223/220 134/239/221 135/240/222
f 137/223/206 58/225/84 134/239/223
f 13/40/35 49/241/224 17/41/36
f 135/242/225 134/243/225 138/244/225
f 134/243/226 55/245/226 138/244/226
f 122/227/208 139/246/227 138/228/209
f 39/247/186 96/248/228 14/249/185
f 14/249/229 96/248/230 16/250/231
f 122/251/232 57/252/232 97/253/232
f 98/254/233 97/255/233 99/256/233
f 99/256/234 97/255/235 57/257/236
f 99/256/234 57/257/236 54/258/237
f 19/219/202 56/259/238 55/222/205
f 20/260/239 107/138/239 21/137/239
f 100/261/139 106/262/138 24/263/240
f 45/212/241 5/211/242 17/41/243
f 123/264/244 18/265/245 28/266/246
f 123/264/244 111/267/247 18/265/245
f 123/264/248 146/268/249 145/269/250
f 29/270/251 97/271/251 30/272/251
f 30/272/252 97/271/252 53/273/252
f 53/273/253 97/271/253 110/274/253
f 53/275/254 110/276/255 104/277/256
f 146/268/249 112/278/134 145/269/250
f 146/268/249 23/279/135 112/278/134
f 123/264/257 145/269/257 111/267/257
f 23/279/258 146/268/258 159/280/258
f 147/281/259 23/282/260 113/283/261
f 103/284/262 101/285/262 148/286/262
f 149/287/263 41/288/263 105/289/263
f 149/287/264 1/290/264 41/288/264
f 149/287/265 151/291/266 2/292/267
f 151/291/268 1/293/268 152/294/268
f 6/295/269 151/291/270 121/296/271
f 146/268/272 113/283/273 159/280/274
f 151/291/275 117/297/275 121/296/275
f 103/284/276 149/287/276 150/298/276
f 117/297/277 8/299/278 121/296/279
f 147/281/280 148/286/281 23/282/282
f 25/300/283 100/261/283 24/263/283
f 136/301/284 135/242/284 139/302/284
f 146/268/285 147/281/285 113/283/285
f 147/281/280 103/284/286 148/286/281
f 149/287/287 2/292/2 1/290/4
f 151/291/288 152/294/289 2/292/290
f 149/287/291 105/289/291 150/298/291
f 151/291/270 6/295/269 1/293/292
f 110/303/293 97/304/293 108/305/293
f 108/305/294 97/304/294 98/306/294
f 108/305/295 98/306/296 53/307/297
f 53/307/297 98/306/296 54/308/298
f 53/309/299 104/310/300 109/311/301
f 53/309/299 109/311/301 108/312/302
f 108/312/303 109/311/303 110/313/303
f 98/314/304 104/315/305 54/316/306
f 54/316/307 104/315/307 99/317/307
f 99/317/308 104/315/256 110/318/255
f 99/317/309 110/318/309 98/314/309
f 98/314/310 110/318/310 109/319/310
f 98/314/304 109/319/311 104/315/305
f 135/242/312 138/244/312 139/302/312
f 157/320/313 122/321/314 29/322/315
f 29/322/315 122/321/314 97/323/316
f 30/272/317 53/273/317 52/324/317
f 136/301/318 139/302/318 55/245/318
f 155/325/319 146/326/320 123/327/321
f 31/328/322 33/329/323 84/330/324
f 84/330/324 33/329/323 83/331/325
f 36/332/61 37/333/62 76/334/326
f 76/334/327 37/333/327 82/335/327
f 45/212/328 17/41/328 47/336/328
f 23/337/329 100/338/329 22/339/329
f 146/326/320 155/325/319 119/340/330
f 154/341/331 119/340/330 153/342/332
f 123/264/244 28/266/246 124/343/333
f 124/343/333 28/266/246 85/344/334
f 124/343/335 85/344/335 125/345/335
f 124/343/336 125/345/337 126/346/338
f 126/346/338 125/345/337 86/347/169
f 126/346/338 86/347/169 87/348/171
f 87/348/339 127/349/339 126/346/339
f 126/346/340 127/349/341 88/350/342
f 126/346/340 88/350/342 128/351/343
f 128/351/344 88/350/175 35/352/174
f 128/351/344 35/352/174 129/353/345
f 128/351/344 129/353/345 79/354/346
f 79/354/347 129/353/347 77/355/347
f 128/351/344 79/354/346 130/356/348
f 79/354/349 37/357/350 130/356/351
f 130/356/352 37/357/353 80/358/354
f 130/356/355 80/358/355 131/359/355
f 131/359/356 80/358/357 40/360/358
f 131/359/356 40/360/358 9/361/359
f 131/359/360 9/361/360 10/362/360
f 131/359/361 10/362/361 132/363/361
f 132/363/362 10/362/363 133/364/364
f 132/363/365 133/364/365 9/365/365
f 132/363/366 9/365/366 16/366/366
f 16/366/231 96/367/230 132/363/367
f 132/363/368 96/367/368 92/368/368
f 92/368/369 96/367/370 15/369/371
f 92/368/194 15/369/372 16/370/192
f 145/371/373 112/372/374 107/373/375
f 157/374/376 111/375/376 20/376/376
f 111/375/377 145/377/377 20/376/377
f 27/378/378 6/379/378 121/380/378
f 116/381/379 120/209/379 93/382/379
f 5/383/242 8/384/380 16/385/381
f 23/148/20 107/155/382 18/149/383
f 23/148/20 115/156/19 107/155/382
f 112/143/134 18/386/136 111/140/384
f 23/387/260 114/144/385 113/146/261
f 7/210/386 45/212/386 44/388/386
f 93/230/387 118/389/387 91/231/387
f 115/390/388 21/391/125 159/392/389
f 8/393/390 117/199/187 116/201/189
f 92/394/391 119/340/330 144/395/392
f 119/340/330 117/396/393 153/342/332
f 24/397/394 106/398/395 160/399/396
f 154/341/331 153/342/332 149/400/265
f 153/342/332 151/401/266 149/400/265
f 100/402/397 25/403/397 101/404/397
f 117/396/393 151/401/266 153/342/332
f 20/405/398 145/371/373 107/373/375
f 113/406/273 115/407/399 159/408/274
f 103/409/400 150/410/401 160/399/396
f 105/411/402 160/412/402 150/413/402
f 161/414/403 24/415/404 160/412/405
f 122/416/406 137/223/220 135/240/222
f 116/381/407 118/207/407 120/209/407
f 90/232/215 116/417/408 93/230/213
f 28/51/48 18/418/409 157/52/49
f 20/216/410 46/18/411 19/217/412
f 115/20/19 22/16/13 46/18/15
f 21/419/413 115/20/413 46/18/413
f 106/398/395 103/409/400 160/399/396
f 25/403/414 148/420/414 101/404/414
f 3/421/415 6/157/144 26/159/146
f 114/422/416 23/423/416 159/424/416
f 102/425/417 148/426/417 25/427/417
f 144/395/418 123/327/321 124/428/419
f 144/395/418 124/428/419 143/429/420
f 143/429/420 124/428/419 126/430/421
f 126/430/421 128/431/422 142/432/423
f 142/432/423 128/431/422 141/433/424
f 141/433/424 128/431/422 130/434/425
f 141/433/424 130/434/425 140/435/426
f 140/435/426 130/434/425 131/436/427
f 140/435/426 131/436/427 132/437/428
f 92/394/429 140/435/426 132/437/428
f 142/432/430 141/433/424 140/435/426
f 126/430/421 142/432/423 143/429/420
f 143/429/420 142/432/423 144/395/418
f 22/438/16 102/425/431 25/427/17
f 21/439/125 114/422/124 159/424/389
f 144/395/392 142/432/432 92/394/391
f 92/394/391 142/432/432 140/435/433
f 43/24/434 26/23/37 44/43/39
f 119/340/330 154/341/331 147/440/280
f 154/341/331 149/400/265 147/440/280
f 146/326/320 119/340/330 147/440/280
f 28/441/435 29/442/435 84/443/435
f 35/444/436 34/445/436 76/446/436
f 148/447/437 102/448/437 23/449/437
f 1/450/438 3/451/438 152/452/438
f 122/453/439 55/454/439 139/455/439
f 105/456/440 161/457/403 160/458/405
f 18/459/441 107/460/441 157/461/441
f 4/462/442 152/463/442 26/464/442
f 3/451/443 26/465/443 152/452/443
f 161/45/41 4/22/43 43/24/444
f 144/395/392 119/340/330 156/466/445
f 27/467/446 121/468/446 7/469/446
f 137/226/207 138/228/209 55/470/447
f 17/471/243 5/383/242 16/385/381
f 116/472/448 16/385/449 8/384/450
f 155/325/319 156/466/445 119/340/330
f 144/395/418 156/466/445 123/327/321
f 147/281/280 149/287/265 103/284/286
f 121/468/279 8/473/278 7/469/451
f 20/216/410 21/419/452 46/18/411
f 24/17/453 161/45/41 43/24/444
f 156/466/445 155/325/319 123/327/321
f 152/474/289 4/475/454 2/476/290
f 119/202/455 92/206/455 91/205/455
f 33/477/456 87/478/457 83/479/458
f 87/478/457 33/477/456 127/480/459
f 31/481/460 84/482/461 125/483/462
f 125/483/462 84/482/461 86/484/463
f 88/485/464 127/486/464 33/487/464
f 29/488/465 31/489/465 85/490/465
f 85/490/466 31/489/466 125/491/466
f 88/492/467 33/493/467 89/191/467
f 82/494/468 37/495/350 79/496/349
f 76/497/469 77/498/469 36/499/469
f 36/499/470 77/498/470 129/500/470
f 34/501/471 36/502/471 78/503/471
f 78/503/472 36/502/472 129/504/472
f 80/505/354 37/506/353 81/507/473
f 35/508/474 78/509/474 129/510/474
f 9/511/475 133/512/475 11/513/475
f 11/513/476 133/512/476 38/514/476
f 12/515/68 38/516/70 133/517/477
f 39/518/478 13/519/479 15/520/371
f 39/518/478 15/520/371 96/521/370
f 133/522/364 10/523/363 12/524/480
f 134/243/481 136/301/481 55/245/481
f 1/3/482 8/2/482 5/9/482
f 71/73/79 24/76/82 43/93/99
f 118/200/483 119/202/483 91/205/483
f 166/525/484 173/526/484 162/527/484
f 173/528/485 166/529/485 165/530/485
f 173/528/486 165/530/486 163/531/486
f 163/531/487 165/530/487 164/532/487
f 163/531/488 164/532/488 162/527/488
f 162/527/489 164/532/490 166/525/491
f 166/533/491 169/534/492 170/535/493
f 167/536/494 165/537/495 166/538/496
f 170/539/497 168/540/498 166/538/496
f 166/538/496 168/540/498 167/536/494
f 168/540/499 170/539/499 169/541/499
f 166/542/491 164/543/490 169/544/492
f 169/544/500 164/543/501 167/545/502
f 169/544/503 167/545/503 168/546/503
f 164/543/501 165/547/504 167/545/502
f 162/548/505 175/549/505 174/550/505
f 172/551/506 174/552/507 175/553/508
f 174/554/507 172/555/506 171/556/509
f 162/557/510 171/556/511 163/558/512
f 174/554/513 171/556/511 162/557/510
f 175/553/514 162/559/515 172/551/516
f 172/560/517 173/561/517 163/562/517
f 171/563/509 172/560/506 163/562/518
f 172/551/516 162/559/515 173/564/519
f 182/565/520 181/566/521 183/567/522
f 179/568/523 180/569/524 178/570/525
f 185/571/526 184/572/527 179/573/523
f 180/574/524 186/575/528 192/576/529
f 185/571/526 179/573/523 182/577/520
f 185/571/526 182/577/520 240/578/530
f 183/579/522 187/580/531 188/581/532
f 180/582/524 192/583/529 178/584/525
f 192/583/529 191/585/533 178/584/525
f 191/585/534 192/583/535 195/586/536
f 190/587/537 196/588/538 192/583/539
f 183/589/522 181/590/521 187/591/531
f 187/591/531 181/590/521 193/592/540
f 193/592/540 181/590/521 182/593/520
f 193/592/541 194/594/542 187/591/543
f 179/595/523 184/596/527 180/582/524
f 184/596/527 186/597/528 180/582/524
f 240/598/530 190/587/544 186/597/528
f 191/585/533 199/599/545 179/595/523
f 186/597/528 184/596/527 240/598/530
f 189/600/546 188/601/532 187/591/531
f 189/600/547 187/591/548 197/602/549
f 191/585/533 179/595/523 178/584/525
f 182/593/520 183/589/522 240/598/530
f 199/599/545 182/593/520 179/595/523
f 240/598/530 183/589/522 188/601/532
f 240/598/530 188/601/532 189/600/546
f 189/603/546 190/604/544 240/605/530
f 192/583/529 186/597/528 190/587/544
f 193/592/540 182/593/520 198/606/550
f 198/606/550 182/593/520 199/599/545
f 202/607/551 199/599/552 203/608/553
f 199/599/554 201/609/555 200/610/556
f 199/599/554 191/585/557 201/609/555
f 199/599/558 200/610/558 203/608/558
f 195/586/536 196/588/559 201/609/560
f 195/586/536 201/609/560 191/585/534
f 239/611/561 190/587/537 189/600/547
f 239/611/561 196/588/538 190/587/537
f 202/607/551 203/612/562 198/606/563
f 198/606/564 203/612/564 204/613/564
f 198/606/565 204/613/566 205/614/567
f 198/606/565 205/614/567 193/592/568
f 196/615/569 197/616/570 192/617/571
f 195/618/572 187/619/573 194/620/574
f 195/618/572 192/621/575 187/619/573
f 194/594/542 193/592/541 205/614/576
f 194/594/577 205/614/577 197/602/577
f 239/611/561 189/600/547 197/602/549
f 187/622/578 192/617/571 197/616/570
f 197/616/579 196/615/580 194/620/581
f 194/620/581 196/615/580 195/618/582
f 208/623/583 206/624/584 215/625/585
f 206/624/584 218/626/586 213/627/587
f 207/628/588 211/629/589 209/630/590
f 208/631/583 211/629/589 207/628/588
f 209/630/590 211/629/589 210/632/591
f 206/624/584 213/627/587 215/625/585
f 218/626/586 214/633/592 213/627/587
f 214/634/592 210/635/591 212/636/593
f 212/636/593 213/637/587 214/634/592
f 215/638/585 213/637/587 212/636/593
f 223/639/594 229/640/595 233/641/596
f 223/639/594 233/641/596 216/642/597
f 223/643/594 224/644/598 227/645/599
f 227/645/599 226/646/600 228/647/601
f 221/648/602 225/649/603 220/650/604
f 220/650/604 222/651/605 209/652/590
f 225/649/603 222/651/605 220/650/604
f 225/649/603 226/646/600 224/644/598
f 224/644/598 226/646/600 227/645/599
f 226/646/600 225/649/603 221/648/602
f 230/653/606 219/654/607 217/655/608
f 219/654/607 216/642/597 217/655/608
f 206/656/584 223/639/594 216/642/597
f 216/642/597 219/654/607 206/656/584
f 230/653/606 218/657/586 219/654/607
f 229/658/595 177/659/609 176/660/610
f 234/661/611 214/662/592 230/663/612
f 230/663/606 217/664/608 231/665/613
f 200/666/614 233/667/614 229/668/614
f 217/664/608 232/669/615 231/665/616
f 227/670/617 228/671/617 204/672/617
f 214/662/592 234/661/618 210/673/591
f 206/674/584 208/675/583 223/676/594
f 221/677/619 220/678/619 235/679/619
f 210/673/620 211/680/620 212/681/620
f 208/675/583 207/682/588 224/683/598
f 222/684/605 225/685/603 207/682/588
f 209/686/590 210/673/591 234/661/618
f 223/676/594 227/687/599 229/658/595
f 216/688/597 232/669/615 217/664/608
f 232/669/615 216/688/597 233/689/596
f 209/686/590 234/661/618 220/678/604
f 208/675/583 215/690/585 211/680/589
f 218/691/586 230/663/612 214/662/592
f 176/692/621 200/693/621 229/694/621
f 234/695/622 230/696/623 239/697/624
f 230/696/623 196/698/625 239/697/624
f 231/699/626 201/700/627 196/698/625
f 233/701/628 200/702/629 201/700/627
f 241/703/630 236/704/631 237/705/632
f 230/696/623 231/699/626 196/698/625
f 229/658/595 227/687/599 177/659/609
f 241/706/633 237/707/633 200/708/633
f 237/705/634 236/704/635 200/709/636
f 221/677/602 235/679/637 226/710/600
f 235/679/637 228/711/601 226/710/600
f 215/690/585 212/681/593 211/680/589
f 224/683/598 223/676/594 208/675/583
f 224/683/598 207/682/588 225/685/603
f 222/684/638 207/682/638 209/686/638
f 200/709/636 236/704/635 204/712/639
f 241/706/640 200/708/640 176/713/640
f 203/714/641 200/715/641 202/716/641
f 232/717/642 233/701/628 201/700/627
f 219/718/607 218/691/586 206/674/584
f 231/699/626 232/717/642 201/700/627
f 177/719/643 227/720/643 204/721/643
f 234/695/622 239/697/624 197/722/644
f 234/695/622 197/722/644 220/723/645
f 220/723/645 197/722/644 235/724/646
f 235/724/646 197/722/644 205/725/647
f 235/724/646 205/725/647 228/726/648
f 228/726/648 205/725/647 204/727/649
f 236/704/631 241/703/630 177/728/650
f 177/728/651 238/729/651 236/704/651
f 238/730/652 177/731/652 204/732/652
f 238/733/653 204/712/653 236/704/653
f 176/734/654 177/728/654 241/703/654
f 200/715/636 204/735/639 202/716/655
f 199/599/552 202/607/551 198/606/563
f 203/736/656 202/716/656 204/735/656
f 184/737/527 185/738/526 240/739/530
f 247/740/657 245/741/658 250/742/659
f 250/742/659 245/741/658 246/743/660
f 242/744/661 246/745/662 243/746/663
f 242/747/664 250/748/664 246/749/664
f 247/750/665 248/751/665 245/752/665
f 245/752/666 248/751/666 246/753/666
f 246/753/667 248/751/668 247/754/669
f 242/755/661 243/756/663 249/757/670
f 243/756/671 244/758/672 249/757/673
f 244/759/674 242/755/674 249/757/674
f 244/760/675 247/761/675 250/762/675
f 244/763/676 250/764/676 242/765/676
f 247/761/677 244/760/672 243/746/671
f 247/761/669 243/746/678 246/745/667
f 259/766/679 258/767/680 251/768/681
f 255/769/682 251/768/683 256/770/683
f 255/769/682 256/770/683 257/771/683
f 257/771/683 256/770/683 258/767/683
f 257/771/684 258/767/680 259/766/679
f 261/772/685 260/773/686 252/774/687
f 264/775/688 258/776/688 262/777/688
f 262/777/689 258/776/689 256/778/689
f 262/777/690 256/778/690 263/779/690
f 263/779/691 256/778/691 251/780/691
f 263/779/692 251/780/692 264/781/692
f 264/775/693 251/782/693 258/776/693
f 266/783/694 267/784/694 265/785/694
f 266/783/695 260/773/696 267/784/697
f 273/786/698 271/787/699 261/788/700
f 271/787/699 267/789/701 261/788/700
f 271/787/702 272/790/703 267/789/704
f 272/790/703 265/791/705 267/789/704
f 270/792/706 263/793/707 264/794/708
f 264/794/708 259/795/709 270/792/706
f 253/796/710 270/792/706 259/795/709
f 272/790/711 261/797/711 265/791/711
f 272/790/712 273/798/712 261/797/712
f 273/799/713 260/800/714 271/801/715
f 273/799/716 252/802/716 276/803/716
f 259/795/709 287/804/717 253/796/710
f 289/805/718 253/796/710 287/804/717
f 251/806/719 255/807/720 270/808/721
f 270/808/721 255/807/720 263/809/722
f 263/809/723 255/807/724 262/810/725
f 262/810/725 255/807/724 257/811/726
f 257/811/727 259/812/727 262/810/727
f 262/810/728 259/812/728 264/813/728
f 276/803/729 254/814/730 285/815/731
f 271/801/732 275/816/733 272/817/734
f 275/818/735 266/819/735 265/820/735
f 260/800/714 273/799/713 276/803/736
f 260/773/686 261/772/685 267/784/737
f 273/821/738 275/818/739 265/820/740
f 252/774/687 265/785/741 261/772/685
f 290/822/742 253/823/743 289/824/744
f 266/819/695 271/825/745 260/826/696
f 275/816/733 273/799/746 272/817/734
f 252/827/747 273/821/738 265/820/740
f 290/828/748 285/815/731 254/814/730
f 275/818/749 271/825/749 266/819/749
f 285/815/731 290/828/748 278/829/750
f 291/830/751 274/831/752 286/832/753
f 280/833/754 286/834/754 274/835/754
f 280/833/755 284/836/756 286/834/757
f 288/837/758 289/805/718 277/838/759
f 277/838/759 289/805/718 287/804/717
f 291/839/760 290/822/742 288/840/761
f 286/841/757 281/842/762 268/843/763
f 278/844/764 287/845/765 285/846/766
f 280/847/683 279/848/683 284/849/683
f 277/838/759 268/850/767 288/837/758
f 288/837/758 268/850/767 269/851/768
f 291/839/760 269/852/769 274/853/770
f 254/854/771 253/823/743 290/822/742
f 284/855/772 279/856/772 282/857/772
f 291/830/751 278/829/750 290/828/748
f 252/827/773 253/823/743 254/854/771
f 283/858/774 269/859/774 268/860/774
f 283/858/775 268/860/763 281/861/762
f 281/842/776 284/855/776 282/857/776
f 279/856/777 274/862/770 282/857/778
f 279/863/779 280/833/779 274/835/779
f 286/864/780 277/865/781 278/844/764
f 282/866/778 269/859/769 283/858/782
f 284/855/756 281/842/762 286/841/757
f 286/832/753 278/829/750 291/830/751
f 251/806/783 270/808/784 252/827/773
f 290/822/742 289/824/744 288/840/761
f 276/867/785 287/845/765 259/812/786
f 254/814/730 276/803/729 252/802/787
f 269/868/769 282/857/778 274/862/770
f 260/773/788 259/766/788 252/774/788
f 285/846/766 287/845/765 276/867/785
f 288/840/761 269/852/769 291/839/760
f 253/823/743 252/827/773 270/808/784
f 259/812/786 260/826/789 276/867/785
f 277/865/781 286/864/780 268/869/790
f 259/766/791 251/768/791 252/774/791
f 277/865/781 287/845/765 278/844/764
f 293/870/792 292/871/793 299/872/794
f 293/870/792 299/872/794 295/873/795
f 295/874/796 297/875/796 296/876/796
f 294/877/797 298/878/797 299/879/797
f 299/880/794 298/881/798 295/882/795
f 298/883/799 294/884/800 297/885/801
f 297/885/801 294/884/800 296/886/802
f 296/887/802 294/888/800 293/889/803
f 300/890/804 299/891/794 292/892/793
f 300/890/805 292/892/805 294/893/805
f 300/890/806 294/893/806 299/894/806
f 296/895/807 301/896/807 295/897/807
f 295/898/795 301/899/808 293/900/792
f 293/900/803 301/899/809 296/895/802
f 294/901/810 292/902/810 302/903/810
f 302/904/811 292/905/811 293/906/811
f 302/903/812 293/906/812 294/901/812
f 297/907/813 295/882/795 298/881/798
f 311/908/814 303/909/814 304/910/814
f 311/908/815 306/911/816 305/912/817
f 313/913/818 304/914/818 308/915/818
f 308/915/819 304/914/819 303/916/819
f 310/917/820 305/918/821 309/919/822
f 305/920/823 303/921/823 307/922/823
f 312/923/824 310/917/820 309/919/822
f 305/924/825 306/925/826 303/926/827
f 307/922/828 311/927/829 308/915/830
f 311/927/831 307/922/831 303/921/831
f 303/916/827 306/928/826 308/915/832
f 308/915/833 306/928/834 307/922/835
f 309/929/836 305/930/836 307/931/836
f 312/932/837 313/933/837 310/934/837
f 309/935/838 307/922/835 306/928/834
f 313/913/839 309/935/839 304/914/839
f 305/918/817 310/917/840 311/936/815
f 306/928/834 304/914/841 309/935/838
f 309/919/822 313/937/842 312/923/824
f 308/938/830 311/939/829 313/940/843
f 310/934/844 313/933/844 311/941/844
f 319/942/845 316/943/845 321/944/845
f 315/945/846 320/946/846 316/943/846
f 323/947/847 322/948/847 321/944/847
f 319/949/848 324/950/848 325/951/848
f 318/952/849 319/949/849 325/951/849
f 317/953/850 318/952/851 325/951/852
f 326/954/853 338/955/853 337/956/853
f 324/957/854 319/958/855 322/959/856
f 337/960/857 322/959/858 323/961/859
f 324/962/860 322/963/858 316/964/861
f 324/965/862 326/966/862 323/967/862
f 320/968/863 337/969/864 338/970/865
f 331/971/866 328/972/866 314/973/866
f 332/974/867 317/975/867 327/976/867
f 332/977/868 327/978/869 330/979/870
f 331/980/871 329/981/872 328/982/873
f 334/983/874 330/979/870 333/984/875
f 330/979/870 327/978/869 333/984/875
f 330/979/870 334/983/874 329/981/872
f 330/985/876 316/986/876 319/987/876
f 330/985/877 329/988/877 316/986/877
f 329/989/878 331/990/879 315/991/880
f 315/991/880 331/990/879 314/992/881
f 315/993/882 316/994/882 329/995/882
f 330/996/883 318/997/851 332/998/884
f 318/997/851 317/999/850 332/998/884
f 318/1000/885 330/1001/885 319/1002/885
f 320/1003/886 328/1004/886 334/1005/886
f 320/1006/887 336/1007/887 321/1008/887
f 320/1006/888 334/1009/888 336/1007/888
f 335/1010/889 336/1011/890 333/1012/875
f 334/1013/874 333/1012/875 336/1011/890
f 333/1014/891 327/1015/891 324/1016/891
f 324/1016/892 327/1015/892 325/1017/892
f 323/1018/893 335/1019/894 333/1020/895
f 323/1018/893 333/1020/895 324/1021/896
f 335/1022/897 323/947/898 336/1023/899
f 336/1023/899 323/947/898 321/944/900
f 328/1004/901 320/1003/901 314/1024/901
f 327/1015/902 317/1025/902 325/1017/902
f 329/981/872 334/983/874 328/982/873
f 321/944/903 322/948/856 319/942/855
f 320/968/863 321/1026/904 337/969/864
f 316/1027/905 320/968/905 338/970/905
f 314/1028/881 320/946/906 315/945/880
f 316/964/907 337/1029/907 321/1030/907
f 338/955/908 326/954/908 324/1031/908
f 316/964/861 322/963/858 337/1029/857
f 344/1032/909 341/1033/909 346/1034/909
f 340/1035/910 345/1036/910 341/1033/910
f 348/1037/911 347/1038/911 346/1034/911
f 344/1039/912 349/1040/912 350/1041/912
f 343/1042/913 344/1039/913 350/1041/913
f 342/1043/914 343/1042/914 350/1041/914
f 351/1044/915 364/1045/915 363/1046/915
f 349/1047/916 344/1048/917 347/1049/918
f 363/1050/919 347/1049/920 348/1051/921
f 349/1052/922 347/1053/920 341/1054/923
f 349/1055/924 351/1056/924 348/1057/924
f 345/1058/925 363/1059/926 364/1060/927
f 357/1061/928 353/1062/928 339/1063/928
f 358/1064/929 342/1065/929 352/1066/929
f 358/1067/930 352/1068/931 354/1069/932
f 357/1070/933 355/1071/934 353/1072/935
f 360/1073/936 354/1069/932 359/1074/937
f 354/1069/932 352/1068/931 359/1074/937
f 354/1069/932 360/1073/936 355/1071/934
f 354/1075/938 341/1076/938 344/1077/938
f 354/1075/939 355/1078/939 341/1076/939
f 355/1079/940 357/1080/941 340/1081/942
f 340/1081/942 357/1080/941 339/1082/943
f 340/1083/944 341/1084/944 355/1085/944
f 354/1075/945 344/1077/945 356/1086/945
f 358/1087/946 356/1088/947 343/1089/948
f 343/1089/948 342/1090/949 358/1087/946
f 343/1091/950 356/1092/950 344/1093/950
f 345/1094/951 353/1095/951 360/1096/951
f 345/1097/952 362/1098/952 346/1099/952
f 345/1097/953 360/1100/953 362/1098/953
f 361/1101/954 362/1102/955 359/1103/937
f 360/1104/936 359/1103/937 362/1102/955
f 354/1105/932 356/1106/956 358/1107/930
f 359/1108/957 352/1109/957 349/1110/957
f 349/1110/958 352/1109/958 350/1111/958
f 348/1112/959 361/1113/960 359/1114/961
f 348/1112/959 359/1114/961 349/1115/962
f 361/1116/963 348/1037/964 362/1117/965
f 362/1117/965 348/1037/964 346/1034/966
f 353/1095/967 345/1094/967 339/1118/967
f 352/1109/968 342/1119/968 350/1111/968
f 355/1071/934 360/1073/936 353/1072/935
f 346/1034/969 347/1038/918 344/1032/917
f 345/1058/925 346/1120/970 363/1059/926
f 341/1121/971 345/1058/971 364/1060/971
f 339/1122/943 345/1036/972 340/1035/942
f 341/1054/973 363/1123/973 346/1124/973
f 364/1045/974 351/1044/974 349/1125/974
f 341/1054/923 347/1053/920 363/1123/919
f 373/1126/975 365/1127/975 366/1128/975
f 373/1126/976 368/1129/977 367/1130/978
f 375/1131/979 366/1132/979 370/1133/979
f 370/1133/980 366/1132/980 365/1134/980
f 372/1135/981 367/1136/982 371/1137/983
f 367/1138/984 365/1139/984 369/1140/984
f 374/1141/985 372/1135/981 371/1137/983
f 367/1142/986 368/1143/987 365/1144/988
f 369/1140/989 373/1145/990 370/1133/991
f 373/1145/992 369/1140/992 365/1139/992
f 365/1134/988 368/1146/987 370/1133/993
f 370/1133/994 368/1146/995 369/1140/996
f 371/1147/997 367/1148/997 369/1149/997
f 374/1150/998 375/1151/998 372/1152/998
f 371/1153/999 369/1140/996 368/1146/995
f 375/1131/1000 371/1153/1000 366/1132/1000
f 367/1136/978 372/1135/1001 373/1154/976
f 368/1146/995 366/1132/1002 371/1153/999
f 371/1137/983 375/1155/1003 374/1141/985
f 370/1156/991 373/1157/990 375/1158/1004
f 372/1152/1005 375/1151/1005 373/1159/1005
f 377/1160/1006 376/1161/1007 383/1162/1008
f 377/1160/1006 383/1162/1008 379/1163/1009
f 379/1164/1010 381/1165/1010 380/1166/1010
f 378/1167/1011 382/1168/1011 383/1169/1011
f 383/1170/1008 382/1171/1012 379/1172/1009
f 382/1173/1013 378/1174/1014 381/1175/1015
f 381/1175/1015 378/1174/1014 380/1176/1016
f 380/1177/1016 378/1178/1014 377/1179/1017
f 384/1180/1018 383/1181/1008 376/1182/1007
f 384/1180/1019 376/1182/1019 378/1183/1019
f 384/1180/1020 378/1183/1020 383/1184/1020
f 380/1185/1021 385/1186/1021 379/1187/1021
f 379/1188/1009 385/1189/1022 377/1190/1006
f 377/1190/1017 385/1189/1023 380/1185/1016
f 378/1191/1024 376/1192/1024 386/1193/1024
f 386/1194/1025 376/1195/1025 377/1196/1025
f 386/1193/1026 377/1196/1026 378/1191/1026
f 381/1197/1027 379/1172/1009 382/1171/1012
f 392/1198/1028 389/1199/1028 394/1200/1028
f 388/1201/1029 393/1202/1029 389/1199/1029
f 396/1203/1030 395/1204/1030 394/1200/1030
f 392/1205/1031 397/1206/1031 398/1207/1031
f 391/1208/1032 392/1205/1032 398/1207/1032
f 390/1209/1033 391/1208/1034 398/1207/1035
f 399/1210/1036 411/1211/1036 410/1212/1036
f 397/1213/1037 392/1214/1038 395/1215/1039
f 410/1216/1040 395/1215/1041 396/1217/1042
f 397/1218/1043 395/1219/1041 389/1220/1044
f 397/1221/1045 399/1222/1045 396/1223/1045
f 393/1224/1046 410/1225/1047 411/1226/1048
f 404/1227/1049 401/1228/1049 387/1229/1049
f 405/1230/1050 390/1231/1050 400/1232/1050
f 405/1233/1051 400/1234/1052 403/1235/1053
f 404/1236/1054 402/1237/1055 401/1238/1056
f 406/1239/1057 407/1240/1058 403/1235/1053
f 403/1235/1053 400/1234/1052 406/1239/1057
f 403/1235/1053 407/1240/1058 402/1237/1055
f 403/1241/1059 389/1242/1059 392/1243/1059
f 403/1241/1060 402/1244/1060 389/1242/1060
f 402/1245/1061 404/1246/1062 388/1247/1063
f 388/1247/1063 404/1246/1062 387/1248/1064
f 388/1249/1065 389/1250/1065 402/1251/1065
f 403/1252/1066 391/1253/1034 405/1254/1067
f 391/1253/1034 390/1255/1033 405/1254/1067
f 391/1256/1068 403/1257/1068 392/1258/1068
f 393/1259/1069 401/1260/1069 407/1261/1069
f 393/1262/1070 409/1263/1070 394/1264/1070
f 393/1262/1071 407/1265/1071 409/1263/1071
f 408/1266/1072 409/1267/1073 406/1268/1057
f 407/1269/1058 406/1268/1057 409/1267/1073
f 406/1270/1074 400/1271/1074 397/1272/1074
f 397/1272/1075 400/1271/1075 398/1273/1075
f 396/1274/1076 408/1275/1077 406/1276/1078
f 396/1274/1076 406/1276/1078 397/1277/1079
f 408/1278/1080 396/1203/1081 409/1279/1082
f 409/1279/1082 396/1203/1081 394/1200/1083
f 401/1260/1084 393/1259/1084 387/1280/1084
f 400/1271/1085 390/1281/1085 398/1273/1085
f 402/1237/1055 407/1240/1058 401/1238/1056
f 394/1200/1086 395/1204/1039 392/1198/1038
f 393/1224/1046 394/1282/1087 410/1225/1047
f 389/1283/1088 393/1224/1088 411/1226/1088
f 387/1284/1064 393/1202/1089 388/1201/1063
f 389/1220/1090 410/1285/1090 394/1286/1090
f 411/1211/1091 399/1210/1091 397/1287/1091
f 389/1220/1044 395/1219/1041 410/1285/1040
f 420/1288/1092 412/1289/1092 413/1290/1092
f 420/1288/1093 415/1291/1094 414/1292/1095
f 422/1293/1096 413/1294/1096 417/1295/1096
f 417/1295/1097 413/1294/1097 412/1296/1097
f 419/1297/1098 414/1298/1099 418/1299/1100
f 414/1300/1101 412/1301/1101 416/1302/1101
f 421/1303/1102 419/1297/1098 418/1299/1100
f 414/1304/1103 415/1305/1104 412/1306/1105
f 416/1302/1106 420/1307/1107 417/1295/1108
f 420/1307/1109 416/1302/1109 412/1301/1109
f 412/1296/1105 415/1308/1104 417/1295/1110
f 417/1295/1111 415/1308/1112 416/1302/1113
f 418/1309/1114 414/1310/1114 416/1311/1114
f 421/1312/1115 422/1313/1115 419/1314/1115
f 418/1315/1116 416/1302/1113 415/1308/1112
f 422/1293/1117 418/1315/1117 413/1294/1117
f 414/1298/1095 419/1297/1118 420/1316/1093
f 415/1308/1112 413/1294/1119 418/1315/1116
f 418/1299/1100 422/1317/1120 421/1303/1102
f 417/1318/1108 420/1319/1107 422/1320/1121
f 419/1314/1122 422/1313/1122 420/1321/1122
f 424/1322/1123 423/1323/1124 430/1324/1125
f 424/1322/1123 430/1324/1125 426/1325/1126
f 426/1326/1127 428/1327/1127 427/1328/1127
f 425/1329/1128 429/1330/1128 430/1331/1128
f 430/1332/1125 429/1333/1129 426/1334/1126
f 429/1335/1130 425/1336/1131 428/1337/1132
f 428/1337/1132 425/1336/1131 427/1338/1133
f 427/1339/1133 425/1340/1131 424/1341/1134
f 431/1342/1135 430/1343/1125 423/1344/1124
f 431/1342/1136 423/1344/1136 425/1345/1136
f 431/1342/1137 425/1345/1137 430/1346/1137
f 427/1347/1138 432/1348/1138 426/1349/1138
f 426/1350/1126 432/1351/1139 424/1352/1123
f 424/1352/1134 432/1351/1140 427/1347/1133
f 425/1353/1141 423/1354/1141 433/1355/1141
f 433/1356/1142 423/1357/1142 424/1358/1142
f 433/1355/1143 424/1358/1143 425/1353/1143
f 428/1359/1144 426/1334/1126 429/1333/1129
f 435/1360/1145 434/1361/1146 441/1362/1147
f 435/1360/1145 441/1362/1147 437/1363/1148
f 437/1364/1149 439/1365/1149 438/1366/1149
f 436/1367/1150 440/1368/1150 441/1369/1150
f 441/1370/1147 440/1371/1151 437/1372/1148
f 440/1373/1152 436/1374/1153 439/1375/1154
f 439/1375/1154 436/1374/1153 438/1376/1155
f 438/1377/1155 436/1378/1153 435/1379/1156
f 442/1380/1157 441/1381/1147 434/1382/1146
f 442/1380/1158 434/1382/1158 436/1383/1158
f 442/1380/1159 436/1383/1159 441/1384/1159
f 438/1385/1160 443/1386/1160 437/1387/1160
f 437/1388/1148 443/1389/1161 435/1390/1145
f 435/1390/1156 443/1389/1162 438/1385/1155
f 436/1391/1163 434/1392/1163 444/1393/1163
f 444/1394/1164 434/1395/1164 435/1396/1164
f 444/1393/1165 435/1396/1165 436/1391/1165
f 439/1397/1166 437/1372/1148 440/1371/1151
f 453/1398/1167 445/1399/1167 446/1400/1167
f 453/1398/1168 448/1401/1169 447/1402/1170
f 455/1403/1171 446/1404/1171 450/1405/1171
f 450/1405/1172 446/1404/1172 445/1406/1172
f 452/1407/1173 447/1408/1174 451/1409/1175
f 447/1410/1176 445/1411/1176 449/1412/1176
f 454/1413/1177 452/1407/1173 451/1409/1175
f 447/1414/1178 448/1415/1179 445/1416/1180
f 449/1412/1181 453/1417/1182 450/1405/1183
f 453/1417/1184 449/1412/1184 445/1411/1184
f 445/1406/1180 448/1418/1179 450/1405/1185
f 450/1405/1186 448/1418/1187 449/1412/1188
f 451/1419/1189 447/1420/1189 449/1421/1189
f 454/1422/1190 455/1423/1190 452/1424/1190
f 451/1425/1191 449/1412/1188 448/1418/1187
f 455/1403/1192 451/1425/1192 446/1404/1192
f 447/1408/1170 452/1407/1193 453/1426/1168
f 448/1418/1187 446/1404/1194 451/1425/1191
f 451/1409/1175 455/1427/1195 454/1413/1177
f 450/1428/1183 453/1429/1182 455/1430/1196
f 452/1424/1197 455/1423/1197 453/1431/1197
f 461/1432/1198 458/1433/1198 462/1434/1198
f 457/1435/1199 463/1436/1199 458/1433/1199
f 466/1437/1200 465/1438/1200 462/1434/1200
f 461/1439/1201 467/1440/1201 468/1441/1201
f 460/1442/1202 461/1439/1202 468/1441/1202
f 459/1443/1203 460/1442/1204 468/1441/1205
f 469/1444/1206 481/1445/1206 464/1446/1206
f 467/1447/1207 461/1448/1208 465/1449/1209
f 480/1450/1210 465/1449/1210 466/1451/1210
f 467/1452/1211 465/1453/1212 458/1454/1213
f 467/1455/1214 469/1456/1214 466/1457/1214
f 463/1458/1215 464/1459/1215 481/1460/1215
f 474/1461/1216 471/1462/1216 456/1463/1216
f 475/1464/1217 459/1465/1217 470/1466/1217
f 475/1467/1218 470/1468/1219 473/1469/1220
f 474/1470/1221 472/1471/1222 471/1472/1223
f 476/1473/1224 477/1474/1225 473/1469/1220
f 473/1469/1220 470/1468/1219 476/1473/1224
f 473/1469/1220 477/1474/1225 472/1471/1222
f 473/1475/1226 458/1476/1226 461/1477/1226
f 473/1475/1227 472/1478/1227 458/1476/1227
f 472/1479/1228 474/1480/1229 457/1481/1230
f 457/1481/1230 474/1480/1229 456/1482/1231
f 457/1483/1232 458/1484/1232 472/1485/1232
f 473/1486/1233 460/1487/1204 475/1488/1234
f 460/1487/1204 459/1489/1203 475/1488/1234
f 460/1490/1235 473/1491/1235 461/1492/1235
f 463/1493/1236 471/1494/1236 477/1495/1236
f 463/1496/1237 479/1497/1238 464/1498/1239
f 463/1496/1237 477/1499/1240 479/1497/1238
f 464/1500/1241 479/1501/1242 462/1434/1243
f 478/1502/1244 479/1503/1245 476/1504/1224
f 477/1505/1225 476/1504/1224 479/1503/1245
f 476/1506/1246 470/1507/1246 467/1508/1246
f 467/1508/1247 470/1507/1247 468/1509/1247
f 466/1510/1248 478/1511/1249 476/1512/1250
f 466/1510/1248 476/1512/1250 467/1513/1251
f 478/1514/1252 466/1437/1253 479/1501/1242
f 479/1501/1242 466/1437/1253 462/1434/1243
f 471/1494/1254 463/1493/1254 456/1515/1254
f 470/1507/1255 459/1516/1255 468/1509/1255
f 472/1471/1222 477/1474/1225 471/1472/1223
f 462/1434/1256 465/1438/1209 461/1432/1208
f 458/1517/1257 463/1458/1257 481/1460/1257
f 456/1518/1231 463/1436/1258 457/1435/1230
f 458/1454/1213 480/1519/1259 462/1520/1260
f 481/1445/1261 469/1444/1261 467/1521/1261
f 458/1454/1213 465/1453/1212 480/1519/1259
f 483/1522/1262 482/1523/1263 489/1524/1264
f 483/1522/1262 489/1524/1264 485/1525/1265
f 485/1526/1266 487/1527/1266 486/1528/1266
f 484/1529/1267 488/1530/1267 489/1531/1267
f 489/1532/1264 488/1533/1268 485/1534/1265
f 488/1535/1269 484/1536/1270 487/1537/1271
f 487/1537/1271 484/1536/1270 486/1538/1272
f 486/1539/1272 484/1540/1270 483/1541/1273
f 490/1542/1274 489/1543/1264 482/1544/1263
f 490/1542/1275 482/1544/1275 484/1545/1275
f 490/1542/1276 484/1545/1276 489/1546/1276
f 486/1547/1277 491/1548/1277 485/1549/1277
f 485/1550/1265 491/1551/1278 483/1552/1262
f 483/1552/1273 491/1551/1279 486/1547/1272
f 484/1553/1280 482/1554/1280 492/1555/1280
f 492/1556/1281 482/1557/1281 483/1558/1281
f 492/1555/1282 483/1558/1282 484/1553/1282
f 487/1559/1283 485/1534/1265 488/1533/1268
f 501/1560/1284 493/1561/1284 494/1562/1284
f 501/1560/1285 496/1563/1286 495/1564/1287
f 503/1565/1288 494/1566/1288 498/1567/1288
f 498/1567/1289 494/1566/1289 493/1568/1289
f 500/1569/1290 495/1570/1291 499/1571/1292
f 495/1572/1293 493/1573/1293 497/1574/1293
f 502/1575/1294 500/1569/1290 499/1571/1292
f 495/1576/1295 496/1577/1296 493/1578/1297
f 497/1574/1298 501/1579/1299 498/1567/1300
f 501/1579/1301 497/1574/1301 493/1573/1301
f 493/1568/1297 496/1580/1296 498/1567/1302
f 498/1567/1303 496/1580/1304 497/1574/1305
f 499/1581/1306 495/1582/1306 497/1583/1306
f 502/1584/1307 503/1585/1307 500/1586/1307
f 499/1587/1308 497/1574/1305 496/1580/1304
f 503/1565/1309 499/1587/1309 494/1566/1309
f 495/1570/1287 500/1569/1310 501/1588/1285
f 496/1580/1304 494/1566/1311 499/1587/1308
f 499/1571/1292 503/1589/1312 502/1575/1294
f 498/1590/1300 501/1591/1299 503/1592/1313
f 500/1586/1314 503/1585/1314 501/1593/1314
f 509/1594/1315 506/1595/1315 511/1596/1315
f 505/1597/1316 510/1598/1316 506/1595/1316
f 513/1599/1317 512/1600/1317 511/1596/1317
f 509/1601/1318 514/1602/1318 515/1603/1318
f 508/1604/1319 509/1601/1319 515/1603/1319
f 507/1605/1320 508/1604/1321 515/1603/1322
f 516/1606/1323 528/1607/1323 527/1608/1323
f 514/1609/1324 509/1610/1325 512/1611/1326
f 527/1612/1327 512/1611/1328 513/1613/1329
f 514/1614/1330 512/1615/1328 506/1616/1331
f 514/1617/1332 516/1618/1332 513/1619/1332
f 510/1620/1333 527/1621/1334 528/1622/1335
f 521/1623/1336 518/1624/1336 504/1625/1336
f 522/1626/1337 507/1627/1337 517/1628/1337
f 522/1629/1338 517/1630/1339 520/1631/1340
f 521/1632/1341 519/1633/1342 518/1634/1343
f 524/1635/1344 520/1631/1340 523/1636/1345
f 520/1631/1340 517/1630/1339 523/1636/1345
f 520/1631/1340 524/1635/1344 519/1633/1342
f 520/1637/1346 506/1638/1346 509/1639/1346
f 520/1637/1347 519/1640/1347 506/1638/1347
f 519/1641/1348 521/1642/1349 505/1643/1350
f 505/1643/1350 521/1642/1349 504/1644/1351
f 505/1645/1352 506/1646/1352 519/1647/1352
f 520/1648/1353 508/1649/1321 522/1650/1354
f 508/1649/1321 507/1651/1320 522/1650/1354
f 508/1652/1355 520/1653/1355 509/1654/1355
f 510/1655/1356 518/1656/1356 524/1657/1356
f 510/1658/1357 526/1659/1357 511/1660/1357
f 510/1658/1358 524/1661/1358 526/1659/1358
f 525/1662/1359 526/1663/1360 523/1664/1345
f 524/1665/1344 523/1664/1345 526/1663/1360
f 523/1666/1361 517/1667/1361 514/1668/1361
f 514/1668/1362 517/1667/1362 515/1669/1362
f 513/1670/1363 525/1671/1364 523/1672/1365
f 513/1670/1363 523/1672/1365 514/1673/1366
f 525/1674/1367 513/1599/1368 526/1675/1369
f 526/1675/1369 513/1599/1368 511/1596/1370
f 518/1656/1371 510/1655/1371 504/1676/1371
f 517/1667/1372 507/1677/1372 515/1669/1372
f 519/1633/1342 524/1635/1344 518/1634/1343
f 511/1596/1373 512/1600/1326 509/1594/1325
f 510/1620/1333 511/1678/1374 527/1621/1334
f 506/1679/1375 510/1620/1375 528/1622/1375
f 504/1680/1351 510/1598/1376 505/1597/1350
f 506/1616/1377 527/1681/1377 511/1682/1377
f 528/1607/1378 516/1606/1378 514/1683/1378
f 506/1616/1331 512/1615/1328 527/1681/1327
f 531/1684/1379 534/1685/1379 530/1686/1379
f 534/1685/1380 531/1684/1380 536/1687/1380
f 529/1688/1381 535/1689/1382 530/1686/1383
f 538/1690/1384 537/1691/1384 536/1687/1384
f 534/1692/1385 539/1693/1385 540/1694/1385
f 533/1695/1386 534/1692/1386 540/1694/1386
f 532/1696/1387 533/1695/1388 540/1694/1389
f 541/1697/1390 554/1698/1390 553/1699/1390
f 539/1700/1391 534/1701/1392 537/1702/1393
f 553/1703/1394 537/1702/1395 538/1704/1396
f 539/1705/1397 537/1706/1395 531/1707/1398
f 539/1708/1399 541/1709/1399 538/1710/1399
f 535/1711/1382 553/1712/1400 554/1713/1401
f 547/1714/1402 543/1715/1402 529/1716/1402
f 548/1717/1403 532/1718/1403 542/1719/1403
f 548/1720/1404 542/1721/1405 546/1722/1406
f 547/1723/1407 544/1724/1408 543/1725/1409
f 550/1726/1410 546/1722/1406 549/1727/1411
f 546/1722/1406 542/1721/1405 549/1727/1411
f 546/1722/1406 550/1726/1410 544/1724/1408
f 546/1728/1412 530/1729/1413 534/1730/1414
f 546/1728/1412 544/1731/1415 530/1729/1413
f 545/1732/1416 547/1733/1417 529/1734/1381
f 547/1733/1417 545/1732/1416 544/1735/1418
f 545/1736/1416 530/1737/1383 544/1738/1418
f 545/1732/1416 529/1734/1381 530/1739/1383
f 546/1740/1419 533/1741/1388 548/1742/1420
f 533/1741/1388 532/1743/1387 548/1742/1420
f 533/1744/1421 546/1745/1421 534/1746/1421
f 535/1747/1422 543/1748/1422 550/1749/1422
f 535/1750/1423 552/1751/1423 536/1752/1423
f 535/1750/1424 550/1753/1424 552/1751/1424
f 551/1754/1425 552/1755/1426 549/1756/1411
f 550/1757/1410 549/1756/1411 552/1755/1426
f 549/1758/1427 542/1759/1427 539/1760/1427
f 539/1760/1428 542/1759/1428 540/1761/1428
f 538/1762/1429 551/1763/1430 549/1764/1431
f 538/1762/1429 549/1764/1431 539/1765/1432
f 551/1766/1433 538/1690/1434 552/1767/1435
f 552/1767/1435 538/1690/1434 536/1687/1436
f 543/1748/1437 535/1747/1437 529/1768/1437
f 542/1759/1438 532/1769/1438 540/1761/1438
f 544/1724/1408 550/1726/1410 543/1725/1409
f 536/1687/1439 537/1691/1393 534/1685/1392
f 535/1711/1382 536/1770/1440 553/1712/1400
f 530/1771/1383 535/1711/1382 554/1713/1401
f 531/1707/1441 553/1772/1441 536/1773/1441
f 554/1698/1442 541/1697/1442 539/1774/1442
f 531/1707/1398 537/1706/1395 553/1772/1394
f 563/1775/1443 555/1776/1443 556/1777/1443
f 563/1775/1444 558/1778/1445 557/1779/1446
f 565/1780/1447 556/1781/1447 560/1782/1447
f 560/1782/1448 556/1781/1448 555/1783/1448
f 562/1784/1449 557/1785/1450 561/1786/1451
f 557/1787/1452 555/1788/1452 559/1789/1452
f 564/1790/1453 562/1784/1449 561/1786/1451
f 557/1791/1454 558/1792/1455 555/1793/1456
f 559/1789/1457 563/1794/1458 560/1782/1459
f 563/1794/1460 559/1789/1460 555/1788/1460
f 555/1783/1456 558/1795/1455 560/1782/1461
f 560/1782/1462 558/1795/1463 559/1789/1464
f 561/1796/1465 557/1797/1465 559/1798/1465
f 564/1799/1466 565/1800/1466 562/1801/1466
f 561/1802/1467 559/1789/1464 558/1795/1463
f 565/1780/1468 561/1802/1468 556/1781/1468
f 557/1785/1446 562/1784/1469 563/1803/1444
f 558/1795/1463 556/1781/1470 561/1802/1467
f 561/1786/1451 565/1804/1471 564/1790/1453
f 560/1805/1459 563/1806/1458 565/1807/1472
f 562/1801/1473 565/1800/1473 563/1808/1473
f 567/1809/1474 566/1810/1475 573/1811/1476
f 567/1809/1474 573/1811/1476 569/1812/1477
f 569/1813/1478 571/1814/1478 570/1815/1478
f 568/1816/1479 572/1817/1479 573/1818/1479
f 573/1819/1476 572/1820/1480 569/1821/1477
f 572/1822/1481 568/1823/1482 571/1824/1483
f 571/1824/1483 568/1823/1482 570/1825/1484
f 570/1826/1484 568/1827/1482 567/1828/1485
f 574/1829/1486 573/1830/1476 566/1831/1475
f 574/1829/1487 566/1831/1487 568/1832/1487
f 574/1829/1488 568/1832/1488 573/1833/1488
f 570/1834/1489 575/1835/1489 569/1836/1489
f 569/1837/1477 575/1838/1490 567/1839/1474
f 567/1839/1485 575/1838/1491 570/1834/1484
f 568/1840/1492 566/1841/1492 576/1842/1492
f 576/1843/1493 566/1844/1493 567/1845/1493
f 576/1842/1494 567/1845/1494 568/1840/1494
f 571/1846/1495 569/1821/1477 572/1820/1480
f 577/1847/1496 580/1848/1496 581/1849/1496
f 580/1848/1497 577/1847/1497 583/1850/1497
f 582/1851/1498 578/1852/1499 598/1853/1500
f 583/1854/1501 582/1855/1502 604/1856/1503
f 587/1857/1504 581/1849/1505 588/1858/1506
f 583/1859/1507 609/1860/1507 584/1861/1507
f 585/1862/1508 580/1848/1509 583/1850/1510
f 598/1853/1511 578/1852/1511 589/1863/1511
f 587/1857/1504 588/1858/1506 589/1864/1512
f 582/1865/1498 579/1866/1513 610/1867/1514
f 577/1868/1515 579/1869/1515 582/1870/1515
f 586/1871/1516 599/1872/1516 584/1873/1516
f 583/1854/1501 604/1856/1503 586/1871/1517
f 593/1874/1518 594/1875/1519 585/1862/1508
f 577/1876/1520 578/1877/1521 579/1878/1522
f 599/1872/1523 595/1879/1523 584/1873/1523
f 591/1880/1524 590/1881/1525 581/1882/1526
f 593/1874/1518 595/1883/1527 594/1875/1519
f 610/1867/1528 586/1884/1528 584/1885/1528
f 591/1880/1524 581/1882/1526 580/1886/1529
f 583/1887/1530 586/1888/1530 609/1889/1530
f 610/1890/1531 609/1891/1531 586/1892/1531
f 597/1893/1532 592/1894/1533 580/1886/1529
f 597/1893/1532 585/1895/1534 596/1896/1535
f 578/1897/1521 577/1847/1520 581/1849/1505
f 590/1881/1536 588/1898/1536 581/1882/1536
f 598/1899/1537 588/1898/1538 590/1881/1539
f 601/1900/1540 587/1901/1540 589/1902/1540
f 600/1903/1541 578/1904/1541 590/1905/1541
f 590/1905/1542 578/1904/1542 587/1901/1542
f 590/1905/1543 587/1901/1543 601/1900/1543
f 584/1906/1544 585/1862/1508 583/1850/1510
f 598/1907/1537 590/1908/1539 601/1909/1545
f 601/1900/1546 589/1902/1547 600/1910/1548
f 596/1896/1549 585/1895/1549 594/1911/1549
f 599/1912/1550 596/1896/1551 594/1911/1552
f 603/1913/1553 595/1914/1553 593/1915/1553
f 602/1916/1554 596/1917/1554 584/1918/1554
f 596/1917/1555 593/1915/1555 584/1918/1555
f 596/1917/1556 603/1913/1556 593/1915/1556
f 599/1919/1550 603/1920/1557 596/1921/1551
f 598/1907/1558 600/1922/1559 582/1923/1560
f 582/1923/1561 590/1924/1562 604/1925/1563
f 592/1926/1533 605/1927/1564 591/1928/1524
f 603/1913/1565 602/1929/1566 595/1914/1567
f 599/1919/1568 586/1930/1569 602/1931/1570
f 607/1932/1571 596/1933/1572 586/1930/1573
f 598/1907/1558 601/1909/1574 600/1922/1559
f 590/1924/1562 591/1934/1575 605/1935/1576
f 590/1924/1562 605/1935/1576 604/1925/1563
f 600/1910/1548 589/1902/1547 578/1936/1577
f 592/1926/1533 597/1937/1532 607/1938/1578
f 605/1927/1564 592/1926/1533 607/1938/1578
f 588/1939/1579 598/1853/1579 589/1863/1579
f 599/1919/1568 602/1931/1570 603/1920/1580
f 586/1930/1581 596/1933/1581 602/1931/1581
f 596/1933/1582 607/1932/1582 597/1940/1582
f 597/1893/1532 580/1886/1529 585/1895/1534
f 602/1929/1566 584/1941/1583 595/1914/1567
f 594/1942/1584 595/1879/1584 599/1872/1584
f 605/1943/1585 608/1944/1585 604/1856/1585
f 582/1923/1586 600/1922/1586 590/1924/1586
f 605/1943/1587 606/1945/1588 608/1944/1589
f 606/1945/1588 586/1871/1517 608/1944/1589
f 610/1946/1590 579/1869/1590 609/1889/1590
f 586/1871/1517 604/1856/1503 608/1944/1589
f 605/1927/1564 607/1938/1578 606/1947/1591
f 609/1860/1592 579/1878/1593 578/1877/1594
f 578/1897/1521 581/1849/1505 587/1857/1504
f 592/1894/1533 591/1880/1524 580/1886/1529
f 577/1948/1595 582/1855/1595 583/1854/1595
f 584/1906/1544 593/1874/1518 585/1862/1508
f 584/1861/1596 609/1860/1592 578/1877/1594
f 16/385/449 116/472/448 90/1949/1597
f 95/1950/1598 90/1951/1598 94/1952/1598
f 283/1953/694 281/1954/694 282/1955/694
f 306/911/1599 311/908/1599 304/910/1599
f 323/1956/1600 326/954/1600 337/956/1600
f 338/955/1601 324/1031/1601 316/1957/1601
f 348/1958/1602 351/1044/1602 363/1046/1602
f 364/1045/1603 349/1125/1603 341/1959/1603
f 368/1129/1604 373/1126/1604 366/1128/1604
f 396/1960/1605 399/1210/1605 410/1212/1605
f 411/1211/1606 397/1287/1606 389/1961/1606
f 415/1291/1607 420/1288/1607 413/1290/1607
f 448/1401/1608 453/1398/1608 446/1400/1608
f 480/1962/1609 469/1444/1610 464/1446/1611
f 481/1445/1612 467/1521/1612 458/1963/1612
f 496/1563/1613 501/1560/1613 494/1562/1613
f 513/1964/1614 516/1606/1614 527/1608/1614
f 528/1607/1615 514/1683/1615 506/1965/1615
f 538/1966/1616 541/1697/1616 553/1699/1616
f 531/1967/1617 530/1968/1617 554/1698/1617
f 554/1698/1618 539/1774/1618 531/1967/1618
f 558/1778/1619 563/1775/1619 556/1777/1619
f 584/1885/1620 578/1969/1499 582/1865/1498
f 584/1885/1620 582/1865/1498 610/1867/1514
f 607/1932/1571 586/1930/1573 606/1970/1621
f 464/1446/1611 462/1971/1622 480/1962/1609
f 480/1962/1609 466/1972/1623 469/1444/1610
o Cube_Cube.065
v -0.446867 0.002092 0.343542
v -0.016079 0.002092 -0.550999
v -0.016079 0.002092 0.550999
v 0.446867 0.004792 0.343542
v 0.016079 0.004792 -0.550999
v 0.016079 0.004792 0.550999
v 0.016079 0.002092 -0.550999
v -0.016079 0.004792 -0.550999
v -0.138687 0.002092 -0.537184
v -0.138687 0.004792 -0.537184
v -0.255148 0.002092 -0.496433
v -0.255148 0.004792 -0.496433
v -0.359621 0.002092 -0.430788
v -0.359621 0.004792 -0.430788
v -0.446867 0.002092 -0.343542
v -0.446867 0.004792 -0.343542
v -0.512511 0.004792 -0.239069
v -0.553263 0.002092 -0.122609
v -0.553263 0.004792 -0.122609
v -0.567077 0.002092 -0.000000
v -0.567077 0.004792 -0.000000
v -0.138687 0.004792 0.537184
v -0.138687 0.002092 0.537184
v -0.255148 0.004792 0.496433
v -0.255148 0.002092 0.496433
v -0.359621 0.004792 0.430788
v -0.359621 0.002092 0.430788
v -0.446867 0.004792 0.343542
v -0.512511 0.002092 0.239069
v -0.553263 0.004792 0.122609
v -0.553263 0.002092 0.122609
v 0.138687 0.002092 0.537184
v 0.138687 0.004792 0.537184
v 0.255148 0.002092 0.496433
v 0.255148 0.004792 0.496433
v 0.359621 0.002092 0.430788
v 0.359621 0.004792 0.430788
v 0.446867 0.002092 0.343542
v 0.512511 0.004792 0.239069
v 0.553263 0.002092 0.122609
v 0.553263 0.004792 0.122609
v 0.567077 0.002092 -0.000000
v 0.567077 0.004792 -0.000000
v 0.553263 0.002092 -0.122609
v 0.553263 0.004792 -0.122609
v 0.512511 0.002092 -0.239069
v 0.512511 0.004792 -0.239069
v 0.446867 0.004792 -0.343542
v 0.359621 0.002092 -0.430788
v 0.359621 0.004792 -0.430788
v 0.255148 0.002092 -0.496433
v 0.255148 0.004792 -0.496433
v 0.138687 0.002092 -0.537184
v 0.138687 0.004792 -0.537184
v 0.016079 0.002092 0.550999
v -0.016079 0.004792 0.550999
v -0.512511 0.002092 -0.239069
v 0.446867 0.002092 -0.343542
v 0.512511 0.002092 0.239069
v -0.512511 0.004792 0.239069
vn -0.0000 -1.0000 -0.0000
vn -0.0000 1.0000 -0.0000
vn -0.0000 -0.0000 -1.0000
vn -0.1120 -0.0000 -0.9937
vn -0.3303 -0.0000 -0.9439
vn -0.5320 -0.0000 -0.8467
vn -0.7071 -0.0000 -0.7071
vn -0.8467 -0.0000 -0.5320
vn -0.9439 -0.0000 -0.3303
vn -0.9937 -0.0000 -0.1120
vn -0.1120 -0.0000 0.9937
vn -0.3303 -0.0000 0.9439
vn -0.5320 -0.0000 0.8467
vn -0.7071 -0.0000 0.7071
vn -0.8467 -0.0000 0.5320
vn -0.9439 -0.0000 0.3303
vn -0.9937 -0.0000 0.1120
vn 0.1120 -0.0000 0.9937
vn 0.3303 -0.0000 0.9439
vn 0.5320 -0.0000 0.8467
vn 0.7071 -0.0000 0.7071
vn 0.8467 -0.0000 0.5320
vn 0.9439 -0.0000 0.3303
vn 0.9937 -0.0000 0.1120
vn 0.9937 -0.0000 -0.1120
vn 0.9439 -0.0000 -0.3303
vn 0.8467 -0.0000 -0.5320
vn 0.7071 -0.0000 -0.7071
vn 0.5320 -0.0000 -0.8467
vn 0.3303 -0.0000 -0.9439
vn 0.1120 -0.0000 -0.9937
vn -0.0000 -0.0000 1.0000
vt 0.151498 0.702936
vt 0.246456 0.500000
vt 0.246456 0.750000
vt 0.651498 0.702936
vt 0.746456 0.500000
vt 0.746456 0.750000
vt 0.375000 0.371456
vt 0.625000 0.378544
vt 0.375000 0.378544
vt 0.625000 0.371456
vt 0.375000 0.344429
vt 0.625000 0.344429
vt 0.375000 0.318758
vt 0.625000 0.318758
vt 0.375000 0.295729
vt 0.625000 0.295729
vt 0.375000 0.202936
vt 0.625000 0.202936
vt 0.625000 0.179235
vt 0.375000 0.152815
vt 0.625000 0.152815
vt 0.375000 0.125000
vt 0.625000 0.125000
vt 0.375000 0.878544
vt 0.625000 0.905571
vt 0.375000 0.905571
vt 0.625000 0.931242
vt 0.375000 0.931242
vt 0.625000 1.000000
vt 0.375000 1.000000
vt 0.375000 0.000000
vt 0.625000 0.047064
vt 0.375000 0.047064
vt 0.375000 0.070765
vt 0.625000 0.097185
vt 0.375000 0.097185
vt 0.625000 0.871456
vt 0.375000 0.844429
vt 0.625000 0.844429
vt 0.375000 0.818758
vt 0.625000 0.818758
vt 0.375000 0.795729
vt 0.625000 0.795729
vt 0.375000 0.702936
vt 0.625000 0.702936
vt 0.625000 0.679235
vt 0.375000 0.652815
vt 0.625000 0.652815
vt 0.375000 0.625000
vt 0.625000 0.625000
vt 0.375000 0.597185
vt 0.625000 0.597185
vt 0.375000 0.570765
vt 0.625000 0.570765
vt 0.625000 0.547064
vt 0.375000 0.454271
vt 0.625000 0.454271
vt 0.375000 0.431242
vt 0.625000 0.431242
vt 0.375000 0.405571
vt 0.625000 0.405571
vt 0.375000 0.871456
vt 0.625000 0.878544
vt 0.128045 0.652815
vt 0.125000 0.625000
vt 0.128045 0.597185
vt 0.137028 0.570765
vt 0.151498 0.547064
vt 0.170729 0.527271
vt 0.193758 0.512379
vt 0.219429 0.503134
vt 0.253544 0.500000
vt 0.280571 0.503134
vt 0.329271 0.527271
vt 0.306242 0.512379
vt 0.348502 0.547064
vt 0.362972 0.570765
vt 0.371955 0.597185
vt 0.371955 0.652815
vt 0.362972 0.679235
vt 0.348502 0.702936
vt 0.329271 0.722729
vt 0.306242 0.737621
vt 0.280571 0.746866
vt 0.253544 0.750000
vt 0.219429 0.746866
vt 0.193758 0.737621
vt 0.170729 0.722729
vt 0.137028 0.679235
vt 0.628045 0.652815
vt 0.628045 0.597185
vt 0.637028 0.570765
vt 0.651498 0.547064
vt 0.670729 0.527271
vt 0.693758 0.512379
vt 0.719429 0.503134
vt 0.753544 0.500000
vt 0.780571 0.503134
vt 0.829271 0.527271
vt 0.806242 0.512379
vt 0.848502 0.547064
vt 0.862972 0.570765
vt 0.871955 0.597185
vt 0.875000 0.625000
vt 0.871955 0.652815
vt 0.862972 0.679235
vt 0.848502 0.702936
vt 0.829271 0.722729
vt 0.806242 0.737621
vt 0.780571 0.746866
vt 0.753544 0.750000
vt 0.719429 0.746866
vt 0.693758 0.737621
vt 0.670729 0.722729
vt 0.637028 0.679235
vt 0.375000 0.179235
vt 0.625000 0.000000
vt 0.625000 0.070765
vt 0.375000 0.679235
vt 0.375000 0.547064
s 1
usemtl None
f 611/1973/1624 612/1974/1624 613/1975/1624
f 614/1976/1625 615/1977/1625 616/1978/1625
f 612/1979/1626 615/1980/1626 617/1981/1626
f 618/1982/1627 619/1983/1627 620/1984/1627
f 620/1984/1628 621/1985/1628 622/1986/1628
f 622/1986/1629 623/1987/1629 624/1988/1629
f 624/1988/1630 625/1989/1630 626/1990/1630
f 625/1989/1631 627/1991/1631 626/1990/1631
f 627/1991/1632 628/1992/1632 629/1993/1632
f 629/1993/1633 630/1994/1633 631/1995/1633
f 613/1996/1634 632/1997/1634 633/1998/1634
f 633/1998/1635 634/1999/1635 635/2000/1635
f 635/2000/1636 636/2001/1636 637/2002/1636
f 637/2003/1637 638/2004/1637 611/2005/1637
f 638/2004/1638 639/2006/1638 611/2005/1638
f 639/2006/1639 640/2007/1639 641/2008/1639
f 641/2008/1640 631/1995/1640 630/1994/1640
f 616/2009/1641 642/2010/1641 643/2011/1641
f 643/2011/1642 644/2012/1642 645/2013/1642
f 645/2013/1643 646/2014/1643 647/2015/1643
f 647/2015/1644 648/2016/1644 614/2017/1644
f 648/2016/1645 649/2018/1645 614/2017/1645
f 649/2018/1646 650/2019/1646 651/2020/1646
f 651/2020/1647 652/2021/1647 653/2022/1647
f 653/2022/1648 654/2023/1648 655/2024/1648
f 655/2024/1649 656/2025/1649 657/2026/1649
f 656/2025/1650 658/2027/1650 657/2026/1650
f 658/2027/1651 659/2028/1651 660/2029/1651
f 660/2029/1652 661/2030/1652 662/2031/1652
f 662/2031/1653 663/2032/1653 664/2033/1653
f 664/2033/1654 617/1981/1654 615/1980/1654
f 665/2034/1655 666/2035/1655 613/1996/1655
f 641/2036/1624 630/2037/1624 628/2038/1624
f 628/2038/1624 667/2039/1624 641/2036/1624
f 667/2039/1624 625/2040/1624 641/2036/1624
f 625/2040/1624 623/2041/1624 621/2042/1624
f 621/2042/1624 619/2043/1624 612/1974/1624
f 612/1974/1624 617/2044/1624 613/1975/1624
f 617/2044/1624 663/2045/1624 659/2046/1624
f 663/2045/1624 661/2047/1624 659/2046/1624
f 659/2046/1624 668/2048/1624 656/2049/1624
f 656/2049/1624 654/2050/1624 652/2021/1624
f 652/2021/1624 650/2051/1624 669/2052/1624
f 669/2052/1624 648/2053/1624 646/2054/1624
f 646/2054/1624 644/2055/1624 642/2056/1624
f 642/2056/1624 665/2057/1624 646/2054/1624
f 665/2057/1624 613/1975/1624 617/2044/1624
f 646/2054/1624 665/2057/1624 659/2046/1624
f 613/1975/1624 633/2058/1624 635/2059/1624
f 635/2059/1624 637/2060/1624 611/1973/1624
f 611/1973/1624 639/2061/1624 625/2040/1624
f 639/2061/1624 641/2036/1624 625/2040/1624
f 625/2040/1624 621/2042/1624 612/1974/1624
f 617/2044/1624 659/2046/1624 665/2057/1624
f 659/2046/1624 656/2049/1624 652/2021/1624
f 652/2021/1624 669/2052/1624 659/2046/1624
f 669/2052/1624 646/2054/1624 659/2046/1624
f 613/1975/1624 635/2059/1624 611/1973/1624
f 625/2040/1624 612/1974/1624 611/1973/1624
f 651/2062/1625 653/2022/1625 655/2063/1625
f 655/2063/1625 657/2064/1625 651/2062/1625
f 657/2064/1625 658/2065/1625 651/2062/1625
f 658/2065/1625 660/2066/1625 662/2067/1625
f 662/2067/1625 664/2068/1625 615/1977/1625
f 615/1977/1625 618/2069/1625 616/1978/1625
f 618/2069/1625 620/2070/1625 624/2071/1625
f 620/2070/1625 622/2072/1625 624/2071/1625
f 624/2071/1625 626/2073/1625 627/2074/1625
f 627/2074/1625 629/2075/1625 631/2076/1625
f 631/2076/1625 640/2077/1625 670/2078/1625
f 670/2078/1625 638/2079/1625 636/2080/1625
f 636/2080/1625 634/2081/1625 632/2082/1625
f 632/2082/1625 666/2083/1625 636/2080/1625
f 666/2083/1625 616/1978/1625 618/2069/1625
f 636/2080/1625 666/2083/1625 624/2071/1625
f 616/1978/1625 643/2084/1625 645/2085/1625
f 645/2085/1625 647/2086/1625 614/1976/1625
f 614/1976/1625 649/2087/1625 658/2065/1625
f 649/2087/1625 651/2062/1625 658/2065/1625
f 658/2065/1625 662/2067/1625 615/1977/1625
f 618/2069/1625 624/2071/1625 666/2083/1625
f 624/2071/1625 627/2074/1625 631/2076/1625
f 631/2076/1625 670/2078/1625 624/2071/1625
f 670/2078/1625 636/2080/1625 624/2071/1625
f 616/1978/1625 645/2085/1625 614/1976/1625
f 658/2065/1625 615/1977/1625 614/1976/1625
f 612/1979/1626 618/1982/1626 615/1980/1626
f 618/1982/1627 612/1979/1627 619/1983/1627
f 620/1984/1628 619/1983/1628 621/1985/1628
f 622/1986/1629 621/1985/1629 623/1987/1629
f 624/1988/1630 623/1987/1630 625/1989/1630
f 625/1989/1631 667/2088/1631 627/1991/1631
f 627/1991/1632 667/2088/1632 628/1992/1632
f 629/1993/1633 628/1992/1633 630/1994/1633
f 613/1996/1634 666/2035/1634 632/1997/1634
f 633/1998/1635 632/1997/1635 634/1999/1635
f 635/2000/1636 634/1999/1636 636/2001/1636
f 637/2003/1637 636/2089/1637 638/2004/1637
f 638/2004/1638 670/2090/1638 639/2006/1638
f 639/2006/1639 670/2090/1639 640/2007/1639
f 641/2008/1640 640/2007/1640 631/1995/1640
f 616/2009/1641 665/2034/1641 642/2010/1641
f 643/2011/1642 642/2010/1642 644/2012/1642
f 645/2013/1643 644/2012/1643 646/2014/1643
f 647/2015/1644 646/2014/1644 648/2016/1644
f 648/2016/1645 669/2091/1645 649/2018/1645
f 649/2018/1646 669/2091/1646 650/2019/1646
f 651/2020/1647 650/2019/1647 652/2021/1647
f 653/2022/1648 652/2021/1648 654/2023/1648
f 655/2024/1649 654/2023/1649 656/2025/1649
f 656/2025/1650 668/2092/1650 658/2027/1650
f 658/2027/1651 668/2092/1651 659/2028/1651
f 660/2029/1652 659/2028/1652 661/2030/1652
f 662/2031/1653 661/2030/1653 663/2032/1653
f 664/2033/1654 663/2032/1654 617/1981/1654
f 665/2034/1655 616/2009/1655 666/2035/1655
